# METADATA
key	value
export_created_at	2026-06-10T15:36:34
record_start_app_timestamp	1781094946.3788598
record_end_app_timestamp	1781094967.5933902
record_samples	1500
record_duration_s	21.21453046798706
stim_sequence_file	C:/Users/laba/Desktop/прога_gсвет/Частоты.txt
record_sequence_steps_json	"[{""step_index"": 1, ""dac0_f1_hz"": 10.0, ""dac0_f2_hz"": 10.0, ""dac1_f1_hz"": 8.0, ""dac1_f2_hz"": 8.0, ""duration_s"": 3.0}, {""step_index"": 2, ""dac0_f1_hz"": 8.0, ""dac0_f2_hz"": 8.0, ""dac1_f1_hz"": 7.0, ""dac1_f2_hz"": 7.0, ""duration_s"": 3.0}, {""step_index"": 3, ""dac0_f1_hz"": 12.0, ""dac0_f2_hz"": 14.0, ""dac1_f1_hz"": 6.0, ""dac1_f2_hz"": 8.0, ""duration_s"": 3.0}, {""step_index"": 4, ""dac0_f1_hz"": 2.0, ""dac0_f2_hz"": 3.0, ""dac1_f1_hz"": 3.0, ""dac1_f2_hz"": 2.0, ""duration_s"": 3.0}, {""step_index"": 5, ""dac0_f1_hz"": 25.0, ""dac0_f2_hz"": 29.0, ""dac1_f1_hz"": 12.0, ""dac1_f2_hz"": 8.0, ""duration_s"": 3.0}, {""step_index"": 6, ""dac0_f1_hz"": 12.0, ""dac0_f2_hz"": 14.0, ""dac1_f1_hz"": 32.0, ""dac1_f2_hz"": 34.0, ""duration_s"": 3.0}, {""step_index"": 7, ""dac0_f1_hz"": 55.0, ""dac0_f2_hz"": 22.0, ""dac1_f1_hz"": 10.0, ""dac1_f2_hz"": 4.0, ""duration_s"": 3.0}]"
stim_events_json	"[{""step_index"": 1, ""dac0_f1_hz"": 10.0, ""dac0_f2_hz"": 10.0, ""dac1_f1_hz"": 8.0, ""dac1_f2_hz"": 8.0, ""app_timestamp"": 1781094946.3788655, ""lsl_timestamp"": 11014.2336615}, {""step_index"": 2, ""dac0_f1_hz"": 8.0, ""dac0_f2_hz"": 8.0, ""dac1_f1_hz"": 7.0, ""dac1_f2_hz"": 7.0, ""app_timestamp"": 1781094949.3995361, ""lsl_timestamp"": 11017.2543315}, {""step_index"": 3, ""dac0_f1_hz"": 12.0, ""dac0_f2_hz"": 14.0, ""dac1_f1_hz"": 6.0, ""dac1_f2_hz"": 8.0, ""app_timestamp"": 1781094952.4307606, ""lsl_timestamp"": 11020.2855577}, {""step_index"": 4, ""dac0_f1_hz"": 2.0, ""dac0_f2_hz"": 3.0, ""dac1_f1_hz"": 3.0, ""dac1_f2_hz"": 2.0, ""app_timestamp"": 1781094955.4657202, ""lsl_timestamp"": 11023.3205178}, {""step_index"": 5, ""dac0_f1_hz"": 25.0, ""dac0_f2_hz"": 29.0, ""dac1_f1_hz"": 12.0, ""dac1_f2_hz"": 8.0, ""app_timestamp"": 1781094958.500834, ""lsl_timestamp"": 11026.35563}, {""step_index"": 6, ""dac0_f1_hz"": 12.0, ""dac0_f2_hz"": 14.0, ""dac1_f1_hz"": 32.0, ""dac1_f2_hz"": 34.0, ""app_timestamp"": 1781094961.536185, ""lsl_timestamp"": 11029.3909826}, {""step_index"": 7, ""dac0_f1_hz"": 55.0, ""dac0_f2_hz"": 22.0, ""dac1_f1_hz"": 10.0, ""dac1_f2_hz"": 4.0, ""app_timestamp"": 1781094964.5503678, ""lsl_timestamp"": 11032.4051628}]"
lsl_stream_meta_json	"{""name"": ""NeuronSpectrum 10.06.2026 14:49:30"", ""type"": ""EEG"", ""source_id"": ""checkup_149_10.06.2026 14:49:30"", ""uid"": ""b76393ad-4dec-4189-8f95-9556d535c39f"", ""channel_count"": 10, ""nominal_srate_hz"": 500.0, ""channel_format"": 1, ""lsl_protocol_version"": 110, ""lsl_library_version"": 117}"
lsl_channel_names_json	"[""ch_1"", ""ch_2"", ""ch_3"", ""ch_4"", ""ch_5"", ""ch_6"", ""ch_7"", ""ch_8"", ""ch_9"", ""ch_10""]"
filter_config_json	"{""bandpass_enabled"": true, ""bandpass_low_hz"": 0.5, ""bandpass_high_hz"": 40.0, ""bandpass_order"": 4, ""notch_enabled"": true, ""notch_hz"": 50.0, ""notch_q"": 30.0}"
filter_notes_json	"[""bandpass applied with sosfiltfilt"", ""notch applied with filtfilt""]"
arduino_params_json	"{""a1"": 0.5, ""p1"": 0.0, ""a2"": 0.5, ""p2"": 0.0, ""dac0_f1"": 100.0, ""dac0_f2"": 200.0, ""dac1_f1"": 100.0, ""dac1_f2"": 200.0, ""dc"": 2.0, ""sr"": 1000, ""gain_max"": 4.0}"
serial_port	COM12
serial_baud	115200
export_split_by_step	True
export_step_index	1
export_step_total	7
export_step_dac0_f1_hz	10.0
export_step_dac0_f2_hz	10.0
export_step_dac1_f1_hz	8.0
export_step_dac1_f2_hz	8.0
export_step_duration_s	3.0
export_step_records	1500

# DATA
record_elapsed_s	lsl_timestamp	app_timestamp	stim_step_index	stim_dac0_f1_hz	stim_dac0_f2_hz	stim_dac1_f1_hz	stim_dac1_f2_hz	lsl_stream_name	lsl_stream_type	lsl_source_id	lsl_nominal_srate_hz	lsl_effective_srate_hz	bandpass_enabled	bandpass_low_hz	bandpass_high_hz	bandpass_order	notch_enabled	notch_hz	notch_q	raw_ch_1	filtered_ch_1	raw_ch_2	filtered_ch_2	raw_ch_3	filtered_ch_3	raw_ch_4	filtered_ch_4	raw_ch_5	filtered_ch_5	raw_ch_6	filtered_ch_6	raw_ch_7	filtered_ch_7	raw_ch_8	filtered_ch_8	raw_ch_9	filtered_ch_9	raw_ch_10	filtered_ch_10
0.053694725036621094	1781094946.0	1781094946.4325545	1	10.0	10.0	8.0	8.0	NeuronSpectrum 10.06.2026 14:49:30	EEG	checkup_149_10.06.2026 14:49:30	500.0	499.6666666666667	True	0.5	40.0	4	True	50.0	30.0	416.4855651855469	25.866782898582866	-631.7041015625	-39.34749046610523	-425.3618469238281	-22.743863505857448	-511.7703552246094	-27.328135301955726	-594.93603515625	-33.81145721129411	-78.65132904052734	-4.296659871137678	-322.0310363769531	-19.988898858296942	-64.70748901367188	-8.921934924741187	0.0	0.0	0.0	0.0
0.05370163917541504	1781094946.0	1781094946.4325614	1	10.0	10.0	8.0	8.0	NeuronSpectrum 10.06.2026 14:49:30	EEG	checkup_149_10.06.2026 14:49:30	500.0	499.6666666666667	True	0.5	40.0	4	True	50.0	30.0	416.3013916015625	27.624620605962612	-630.621826171875	-40.16861644134735	-424.43939208984375	-22.661150368183705	-511.00628662109375	-27.74169467719548	-594.4802856445312	-35.36093648831494	-78.12079620361328	-3.2051163297255583	-320.6550598144531	-18.825384245927474	-64.43212127685547	-8.710958571246428	0.0	0.0	0.0	0.0
0.05370473861694336	1781094946.0	1781094946.4325645	1	10.0	10.0	8.0	8.0	NeuronSpectrum 10.06.2026 14:49:30	EEG	checkup_149_10.06.2026 14:49:30	500.0	499.6666666666667	True	0.5	40.0	4	True	50.0	30.0	419.3717956542969	29.598682867660894	-633.6873779296875	-41.267303192953136	-425.99285888671875	-22.74883530146361	-513.4380493164062	-28.37421679409923	-598.06298828125	-37.16003843971226	-77.52491760253906	-2.096453684253555	-320.9366149902344	-17.844725896786287	-64.57066345214844	-8.577688085394168	0.0	0.0	0.0	0.0
0.053707122802734375	1781094946.0	1781094946.432567	1	10.0	10.0	8.0	8.0	NeuronSpectrum 10.06.2026 14:49:30	EEG	checkup_149_10.06.2026 14:49:30	500.0	499.6666666666667	True	0.5	40.0	4	True	50.0	30.0	424.9877624511719	31.704644380915056	-639.9271240234375	-42.50551573411044	-429.4575500488281	-22.911692615906617	-518.3325805664062	-29.12230440008424	-604.763427734375	-39.05424612916796	-76.80026245117188	-0.9302654859727539	-322.54742431640625	-17.039130395783435	-65.1076431274414	-8.564356762459132	0.0	0.0	0.0	0.0
0.05370974540710449	1781094946.0	1781094946.4325695	1	10.0	10.0	8.0	8.0	NeuronSpectrum 10.06.2026 14:49:30	EEG	checkup_149_10.06.2026 14:49:30	500.0	499.6666666666667	True	0.5	40.0	4	True	50.0	30.0	428.8939208984375	33.71615079739681	-643.2571411132812	-43.56898328377767	-430.855712890625	-22.95214846303581	-520.7686767578125	-29.75512103077588	-608.7476196289062	-40.720135760796055	-75.4220199584961	0.3226411752956334	-322.6199035644531	-16.322388506463483	-65.4549331665039	-8.687862761341211	0.0	0.0	0.0	0.0
0.05371260643005371	1781094946.0	1781094946.4325724	1	10.0	10.0	8.0	8.0	NeuronSpectrum 10.06.2026 14:49:30	EEG	checkup_149_10.06.2026 14:49:30	500.0	499.6666666666667	True	0.5	40.0	4	True	50.0	30.0	425.5502624511719	35.256299127663155	-635.793212890625	-43.95602774673658	-424.9989013671875	-22.563562959514577	-514.3514404296875	-29.904390137510983	-602.4262084960938	-41.658156672107935	-72.7412109375	1.679165082730639	-317.3931579589844	-15.51701893007023	-64.79899597167969	-8.931577010026428	0.0	0.0	0.0	0.0
0.05371499061584473	1781094946.0	1781094946.4325747	1	10.0	10.0	8.0	8.0	NeuronSpectrum 10.06.2026 14:49:30	EEG	checkup_149_10.06.2026 14:49:30	500.0	499.6666666666667	True	0.5	40.0	4	True	50.0	30.0	413.54058837890625	35.8154077301743	-615.7398071289062	-42.993954611510595	-410.7779846191406	-21.336745536750733	-497.68988037109375	-29.07059322024433	-583.9992065429688	-41.21277431366161	-68.77661895751953	3.1501420231266763	-306.1648254394531	-14.348365487986124	-62.96575927734375	-9.240371828031712	0.0	0.0	0.0	0.0
0.05371737480163574	1781094946.0	1781094946.4325771	1	10.0	10.0	8.0	8.0	NeuronSpectrum 10.06.2026 14:49:30	EEG	checkup_149_10.06.2026 14:49:30	500.0	499.6666666666667	True	0.5	40.0	4	True	50.0	30.0	399.9226989746094	34.80937623614193	-593.70068359375	-39.906949240677356	-395.3988342285156	-18.797023395370573	-479.5733337402344	-26.666607924325323	-563.5067749023438	-38.64132943935248	-64.82535552978516	4.749041283587906	-294.4375305175781	-12.461509055383768	-61.12220001220703	-9.523206642873031	0.0	0.0	0.0	0.0
0.053719282150268555	1781094946.0	1781094946.432579	1	10.0	10.0	8.0	8.0	NeuronSpectrum 10.06.2026 14:49:30	EEG	checkup_149_10.06.2026 14:49:30	500.0	499.6666666666667	True	0.5	40.0	4	True	50.0	30.0	398.0482482910156	31.699726815913976	-589.41015625	-33.97160891288994	-392.1797790527344	-14.498314372691327	-476.2723083496094	-22.13133376897987	-559.741943359375	-33.26443473274444	-63.07301330566406	6.494764529832773	-292.22540283203125	-9.484500034737687	-61.4245719909668	-9.668762646237584	0.0	0.0	0.0	0.0
0.05372166633605957	1781094946.0	1781094946.4325814	1	10.0	10.0	8.0	8.0	NeuronSpectrum 10.06.2026 14:49:30	EEG	checkup_149_10.06.2026 14:49:30	500.0	499.6666666666667	True	0.5	40.0	4	True	50.0	30.0	417.4056701660156	26.182987013758094	-616.7991333007812	-24.77712254652117	-410.5014953613281	-8.188094403925165	-499.2540283203125	-15.130713075237233	-586.017822265625	-24.712948924827458	-65.0051498413086	8.401307118065123	-306.4849853515625	-5.1515724565619125	-65.37450408935547	-9.576847231848932	0.0	0.0	0.0	0.0
0.053723812103271484	1781094946.0	1781094946.4325836	1	10.0	10.0	8.0	8.0	NeuronSpectrum 10.06.2026 14:49:30	EEG	checkup_149_10.06.2026 14:49:30	500.0	499.6666666666667	True	0.5	40.0	4	True	50.0	30.0	451.36102294921875	18.414584969790226	-666.0328979492188	-12.543785483972664	-443.7222900390625	-0.014310819904265415	-540.4172973632812	-5.811337930200248	-633.021484375	-13.227093716804621	-69.53559112548828	10.454243725265208	-332.0568542480469	0.5336377939153578	-71.83361053466797	-9.20038457167768	0.0	0.0	0.0	0.0
0.0537259578704834	1781094946.0	1781094946.4325857	1	10.0	10.0	8.0	8.0	NeuronSpectrum 10.06.2026 14:49:30	EEG	checkup_149_10.06.2026 14:49:30	500.0	499.6666666666667	True	0.5	40.0	4	True	50.0	30.0	473.1251525878906	9.175726747932782	-697.6607666015625	1.6317586923870298	-465.24835205078125	9.312678507073883	-567.2907104492188	4.999083563950111	-663.2009887695312	0.11698344226775848	-72.4317626953125	12.58469353463197	-348.77496337890625	7.160450275960065	-76.37348937988281	-8.582486628465004	0.0	0.0	0.0	0.0
0.05372786521911621	1781094946.0	1781094946.4325876	1	10.0	10.0	8.0	8.0	NeuronSpectrum 10.06.2026 14:49:30	EEG	checkup_149_10.06.2026 14:49:30	500.0	499.6666666666667	True	0.5	40.0	4	True	50.0	30.0	446.578369140625	-0.13765294261725247	-658.5692749023438	15.78186763057806	-439.2815246582031	18.521574092486834	-536.1561889648438	15.788991582386094	-625.9506225585938	13.420582967200753	-68.03311920166016	14.65869223020605	-329.6181335449219	13.890401699780275	-73.04036712646484	-7.867375538529127	0.0	0.0	0.0	0.0
0.053730010986328125	1781094946.0	1781094946.4325898	1	10.0	10.0	8.0	8.0	NeuronSpectrum 10.06.2026 14:49:30	EEG	checkup_149_10.06.2026 14:49:30	500.0	499.6666666666667	True	0.5	40.0	4	True	50.0	30.0	347.8729248046875	-7.780775129271679	-513.7136840820312	27.439121395413768	-342.1863098144531	26.022535011086436	-418.13690185546875	24.65315485250075	-487.8623962402344	24.323515514179196	-52.609317779541016	16.496072524636727	-256.81451416015625	19.615609727066385	-57.87499237060547	-7.27046000555603	0.0	0.0	0.0	0.0
0.05373215675354004	1781094946.0	1781094946.432592	1	10.0	10.0	8.0	8.0	NeuronSpectrum 10.06.2026 14:49:30	EEG	checkup_149_10.06.2026 14:49:30	500.0	499.6666666666667	True	0.5	40.0	4	True	50.0	30.0	183.96910095214844	-12.1334319516223	-273.3021240234375	34.30840267028153	-180.7904510498047	30.347595375216578	-221.54156494140625	29.82441908196194	-258.6620788574219	30.648776243802565	-27.216646194458008	17.916408334952976	-135.5834503173828	23.26878961577808	-31.939128875732422	-7.012843381468058	0.0	0.0	0.0	0.0
0.10466194152832031	1781094946.0	1781094946.4835217	1	10.0	10.0	8.0	8.0	NeuronSpectrum 10.06.2026 14:49:30	EEG	checkup_149_10.06.2026 14:49:30	500.0	499.6666666666667	True	0.5	40.0	4	True	50.0	30.0	413.945556640625	-12.196417895004316	-609.5369873046875	34.97449220208356	-407.71429443359375	30.612293603849405	-497.9264831542969	30.23244470387156	-580.0045166015625	31.07640306505365	-61.6081657409668	18.790111862243165	-305.4221496582031	24.156829805958886	-69.48340606689453	-7.248055369685156	0.0	0.0	0.0	0.0
0.10466790199279785	1781094946.0	1781094946.4835277	1	10.0	10.0	8.0	8.0	NeuronSpectrum 10.06.2026 14:49:30	EEG	checkup_149_10.06.2026 14:49:30	500.0	499.6666666666667	True	0.5	40.0	4	True	50.0	30.0	413.59222412109375	-7.887816534658832	-608.0558471679688	29.322843266032347	-406.9111328125	26.78422052275177	-496.80010986328125	25.828868643075683	-579.0484619140625	25.538916500533436	-60.58103942871094	19.06708118471419	-303.89056396484375	22.160676795314664	-69.48697662353516	-8.015702720235193	0.0	0.0	0.0	0.0
0.10467028617858887	1781094946.0	1781094946.48353	1	10.0	10.0	8.0	8.0	NeuronSpectrum 10.06.2026 14:49:30	EEG	checkup_149_10.06.2026 14:49:30	500.0	499.6666666666667	True	0.5	40.0	4	True	50.0	30.0	416.5469970703125	-0.02489057178055487	-611.2987060546875	18.509385226910887	-409.02001953125	19.65119367364032	-499.0986633300781	17.5483829119065	-582.4442138671875	15.182974075243385	-59.92203140258789	18.77067438237056	-304.3197937011719	17.72277643607392	-69.8050537109375	-9.239982074236579	0.0	0.0	0.0	0.0
0.10467243194580078	1781094946.0	1781094946.4835322	1	10.0	10.0	8.0	8.0	NeuronSpectrum 10.06.2026 14:49:30	EEG	checkup_149_10.06.2026 14:49:30	500.0	499.6666666666667	True	0.5	40.0	4	True	50.0	30.0	422.1721496582031	9.950068738190925	-618.5128784179688	4.565973005863151	-413.5354919433594	10.5504035286104	-504.184326171875	6.980520025319406	-589.3640747070312	1.9821477669228105	-59.69669723510742	17.968513427898664	-306.5321350097656	11.66743260991845	-70.43770599365234	-10.764048549908745	0.0	0.0	0.0	0.0
0.1046743392944336	1781094946.0	1781094946.483534	1	10.0	10.0	8.0	8.0	NeuronSpectrum 10.06.2026 14:49:30	EEG	checkup_149_10.06.2026 14:49:30	500.0	499.6666666666667	True	0.5	40.0	4	True	50.0	30.0	426.2513427734375	20.339392092469698	-623.6823120117188	-10.124599337640579	-416.466064453125	1.0179972051007424	-507.2012939453125	-4.053567916237419	-594.04833984375	-11.773343952522662	-59.43377685546875	16.743646290471077	-307.76068115234375	4.97034703255199	-70.82794952392578	-12.395681072412613	0.0	0.0	0.0	0.0
0.10467648506164551	1781094946.0	1781094946.4835362	1	10.0	10.0	8.0	8.0	NeuronSpectrum 10.06.2026 14:49:30	EEG	checkup_149_10.06.2026 14:49:30	500.0	499.6666666666667	True	0.5	40.0	4	True	50.0	30.0	423.25994873046875	29.510163726592904	-618.8277587890625	-23.274985464047727	-412.55706787109375	-7.499967989996662	-501.79376220703125	-13.8477155664831	-588.947998046875	-23.908223116550914	-58.47852325439453	15.18342459332594	-304.2924499511719	-1.4227501648690146	-70.206787109375	-13.943050451035397	0.0	0.0	0.0	0.0
0.10467839241027832	1781094946.0	1781094946.4835382	1	10.0	10.0	8.0	8.0	NeuronSpectrum 10.06.2026 14:49:30	EEG	checkup_149_10.06.2026 14:49:30	500.0	499.6666666666667	True	0.5	40.0	4	True	50.0	30.0	411.7928771972656	36.10076314644217	-601.9722290039062	-32.97202542738532	-400.65130615234375	-13.817146132767846	-486.62347412109375	-21.010355114934832	-572.2679443359375	-32.628749153650034	-56.86307144165039	13.387953200807548	-295.47418212890625	-6.69216475935428	-68.45541381835938	-15.23305813891478	0.0	0.0	0.0	0.0
0.10468006134033203	1781094946.0	1781094946.4835398	1	10.0	10.0	8.0	8.0	NeuronSpectrum 10.06.2026 14:49:30	EEG	checkup_149_10.06.2026 14:49:30	500.0	499.6666666666667	True	0.5	40.0	4	True	50.0	30.0	398.92218017578125	39.12945242135767	-583.5479125976562	-37.81589268822183	-387.98223876953125	-17.07972813857051	-470.5762023925781	-24.545516936062075	-554.0131225585938	-36.65093001242334	-55.97235870361328	11.486211341095393	-286.8988342285156	-10.179333447200012	-66.79149627685547	-16.117714397410207	0.0	0.0	0.0	0.0
0.10468173027038574	1781094946.0	1781094946.4835415	1	10.0	10.0	8.0	8.0	NeuronSpectrum 10.06.2026 14:49:30	EEG	checkup_149_10.06.2026 14:49:30	500.0	499.6666666666667	True	0.5	40.0	4	True	50.0	30.0	397.9945068359375	38.06414443078582	-583.1513671875	-37.010596174099526	-387.9361572265625	-16.80846197224896	-470.020263671875	-23.89697384494754	-552.8816528320312	-35.278086797797656	-58.08491134643555	9.641996366430925	-288.6507568359375	-11.416037111657015	-67.38101959228516	-16.4805769528247	0.0	0.0	0.0	0.0
0.10468363761901855	1781094946.0	1781094946.4835434	1	10.0	10.0	8.0	8.0	NeuronSpectrum 10.06.2026 14:49:30	EEG	checkup_149_10.06.2026 14:49:30	500.0	499.6666666666667	True	0.5	40.0	4	True	50.0	30.0	418.4302062988281	32.9071238384503	-614.5231323242188	-30.487038349852522	-409.85504150390625	-12.969091175546177	-496.390869140625	-19.029425144237827	-581.9995727539062	-28.507119969852866	-64.57919311523438	8.035914281284969	-307.5563659667969	-10.194271260778105	-71.64974212646484	-16.253308704614543	0.0	0.0	0.0	0.0
0.10468530654907227	1781094946.0	1781094946.483545	1	10.0	10.0	8.0	8.0	NeuronSpectrum 10.06.2026 14:49:30	EEG	checkup_149_10.06.2026 14:49:30	500.0	499.6666666666667	True	0.5	40.0	4	True	50.0	30.0	453.4372863769531	24.297151154590654	-667.4638671875	-19.062073557356914	-446.7818603515625	-6.076578325513248	-541.2759399414062	-10.554986802995378	-631.7626953125	-17.16923469310933	-73.85640716552734	6.822805569694118	-337.938720703125	-6.678368177430771	-78.28158569335938	-15.44256331855054	0.0	0.0	0.0	0.0
0.10468721389770508	1781094946.0	1781094946.483547	1	10.0	10.0	8.0	8.0	NeuronSpectrum 10.06.2026 14:49:30	EEG	checkup_149_10.06.2026 14:49:30	500.0	499.6666666666667	True	0.5	40.0	4	True	50.0	30.0	476.0068054199219	13.56040170482651	-701.96630859375	-4.530515672439513	-471.4927673339844	2.735658252476463	-571.5784301757812	0.17768464414736185	-664.2650756835938	-3.0094451476482185	-80.76734161376953	6.0808030040121945	-358.7178649902344	-1.5008735689460209	-82.6164779663086	-14.154291931113228	0.0	0.0	0.0	0.0
0.10468888282775879	1781094946.0	1781094946.4835486	1	10.0	10.0	8.0	8.0	NeuronSpectrum 10.06.2026 14:49:30	EEG	checkup_149_10.06.2026 14:49:30	500.0	499.6666666666667	True	0.5	40.0	4	True	50.0	30.0	449.827392578125	2.600684341102049	-664.3416748046875	10.4746719302178	-447.4391784667969	11.794428343730768	-542.806396484375	11.169379765661738	-628.586181640625	11.450173604782622	-78.64661407470703	5.779007886109448	-341.84283447265625	4.252451175108628	-78.5252685546875	-12.594685990935924	0.0	0.0	0.0	0.0
0.1046907901763916	1781094946.0	1781094946.4835505	1	10.0	10.0	8.0	8.0	NeuronSpectrum 10.06.2026 14:49:30	EEG	checkup_149_10.06.2026 14:49:30	500.0	499.6666666666667	True	0.5	40.0	4	True	50.0	30.0	350.9937744140625	-6.442357555773261	-519.2542724609375	22.96283089452973	-350.4803771972656	19.190536569347096	-425.4921875	20.127331425945513	-491.1643981933594	23.366419759061984	-63.17609786987305	5.786109971155531	-268.87530517578125	9.236659605193998	-62.047752380371094	-11.03270802708328	0.0	0.0	0.0	0.0
0.10469222068786621	1781094946.0	1781094946.483552	1	10.0	10.0	8.0	8.0	NeuronSpectrum 10.06.2026 14:49:30	EEG	checkup_149_10.06.2026 14:49:30	500.0	499.6666666666667	True	0.5	40.0	4	True	50.0	30.0	186.5924835205078	-11.715125410781186	-277.1385192871094	30.33354989328476	-187.50613403320312	23.262840453087858	-227.85487365722656	25.042207351461236	-261.8046875	30.2812839951197	-35.622581481933594	5.920736047690347	-145.1383514404297	12.19477383346772	-34.466156005859375	-9.729535155879583	0.0	0.0	0.0	0.0
0.10469412803649902	1781094946.0	1781094946.483554	1	10.0	10.0	8.0	8.0	NeuronSpectrum 10.06.2026 14:49:30	EEG	checkup_149_10.06.2026 14:49:30	500.0	499.6666666666667	True	0.5	40.0	4	True	50.0	30.0	416.79107666015625	-12.162659661779934	-616.4747314453125	31.11551481026262	-417.7706298828125	23.080153747611856	-507.2646789550781	24.76719057223791	-583.6644897460938	30.81750424066502	-74.76731872558594	6.018247694169176	-319.004150390625	12.32426639759758	-71.8485336303711	-8.863481946436309	0.0	0.0	0.0	0.0
0.10469579696655273	1781094946.0	1781094946.4835556	1	10.0	10.0	8.0	8.0	NeuronSpectrum 10.06.2026 14:49:30	EEG	checkup_149_10.06.2026 14:49:30	500.0	499.6666666666667	True	0.5	40.0	4	True	50.0	30.0	415.6968688964844	-7.806033605298951	-614.2490234375	25.364819594744603	-416.64007568359375	18.700301543660043	-505.74920654296875	19.33384562346899	-581.8939819335938	25.05037583296162	-73.51746368408203	5.978590670905535	-316.9710998535156	9.495471525619969	-70.48200988769531	-8.485941608414945	0.0	0.0	0.0	0.0
0.10469794273376465	1781094946.0	1781094946.4835577	1	10.0	10.0	8.0	8.0	NeuronSpectrum 10.06.2026 14:49:30	EEG	checkup_149_10.06.2026 14:49:30	500.0	499.6666666666667	True	0.5	40.0	4	True	50.0	30.0	417.77044677734375	0.326701922416342	-616.2401733398438	14.55946562398352	-418.16900634765625	11.097600748726162	-507.41986083984375	9.873425933824791	-584.1969604492188	14.402225623102256	-72.35954284667969	5.775218426665538	-316.9896240234375	4.234777772307822	-69.38367462158203	-8.526181329228656	0.0	0.0	0.0	0.0
0.10469985008239746	1781094946.0	1781094946.4835596	1	10.0	10.0	8.0	8.0	NeuronSpectrum 10.06.2026 14:49:30	EEG	checkup_149_10.06.2026 14:49:30	500.0	499.6666666666667	True	0.5	40.0	4	True	50.0	30.0	422.52349853515625	10.546742188539053	-621.7578735351562	1.0922721579739085	-421.982421875	1.82767650889792	-512.0108642578125	-1.7745021157811691	-589.9187622070312	1.1574923711893974	-71.5354232788086	5.432343550835212	-319.16180419921875	-2.483500581362075	-68.63125610351562	-8.834461230406948	0.0	0.0	0.0	0.0
0.10470151901245117	1781094946.0	1781094946.4835613	1	10.0	10.0	8.0	8.0	NeuronSpectrum 10.06.2026 14:49:30	EEG	checkup_149_10.06.2026 14:49:30	500.0	499.6666666666667	True	0.5	40.0	4	True	50.0	30.0	425.8808288574219	20.949703087766984	-624.871826171875	-12.375451412018002	-424.13531494140625	-7.394866968837552	-514.9039306640625	-13.556968393757382	-593.403564453125	-12.1520720894574	-70.627685546875	4.993925586617122	-320.7444152832031	-9.513632507958425	-67.74568939208984	-9.236405971778623	0.0	0.0	0.0	0.0
0.10470318794250488	1781094946.0	1781094946.483563	1	10.0	10.0	8.0	8.0	NeuronSpectrum 10.06.2026 14:49:30	EEG	checkup_149_10.06.2026 14:49:30	500.0	499.6666666666667	True	0.5	40.0	4	True	50.0	30.0	422.4028625488281	29.794742927107666	-617.6993408203125	-23.457002946526632	-419.341796875	-15.045054611910597	-509.7744140625	-23.615851843319643	-587.1297607421875	-23.261774324664646	-68.91593170166016	4.504557445354302	-317.79156494140625	-15.770987917011249	-66.01912689208984	-9.574816219654167	0.0	0.0	0.0	0.0
0.1047050952911377	1781094946.0	1781094946.4835649	1	10.0	10.0	8.0	8.0	NeuronSpectrum 10.06.2026 14:49:30	EEG	checkup_149_10.06.2026 14:49:30	500.0	499.6666666666667	True	0.5	40.0	4	True	50.0	30.0	410.670654296875	35.73738348208943	-598.331298828125	-30.36309001223749	-406.3736267089844	-19.98695832444117	-495.1235656738281	-30.522715686940877	-569.2832641601562	-30.47705112471182	-66.31130981445312	4.008416801283963	-309.267333984375	-20.370147466401967	-63.346073150634766	-9.72943064942988	0.0	0.0	0.0	0.0
0.1047067642211914	1781094946.0	1781094946.4835665	1	10.0	10.0	8.0	8.0	NeuronSpectrum 10.06.2026 14:49:30	EEG	checkup_149_10.06.2026 14:49:30	500.0	499.6666666666667	True	0.5	40.0	4	True	50.0	30.0	397.63702392578125	37.924801176123715	-577.2198486328125	-32.01910127711465	-392.4089660644531	-21.537542927800814	-479.56585693359375	-33.35988372312426	-549.8635864257812	-32.78002712884896	-64.1192855834961	3.5589188144363844	-300.3993225097656	-22.681345519358267	-60.89462661743164	-9.619276874019663	0.0	0.0	0.0	0.0
0.10470867156982422	1781094946.0	1781094946.4835684	1	10.0	10.0	8.0	8.0	NeuronSpectrum 10.06.2026 14:49:30	EEG	checkup_149_10.06.2026 14:49:30	500.0	499.6666666666667	True	0.5	40.0	4	True	50.0	30.0	396.48150634765625	36.017929567471455	-573.9931030273438	-28.074255535699283	-390.8484802246094	-19.463758577508518	-479.1889953613281	-31.73156259063497	-547.6376342773438	-29.833277716176774	-64.65809631347656	3.2246547025829977	-301.0724792480469	-22.354924734313922	-60.75343704223633	-9.200127164156822	0.0	0.0	0.0	0.0
0.10471034049987793	1781094946.0	1781094946.48357	1	10.0	10.0	8.0	8.0	NeuronSpectrum 10.06.2026 14:49:30	EEG	checkup_149_10.06.2026 14:49:30	500.0	499.6666666666667	True	0.5	40.0	4	True	50.0	30.0	416.51788330078125	30.210195385995	-602.565185546875	-18.908801160922458	-411.1519775390625	-13.986372774162273	-505.2166442871094	-25.79122716158659	-575.8992919921875	-21.98299044065493	-69.47537994384766	3.079037331350307	-318.14617919921875	-19.362768958228397	-64.32793426513672	-8.468883610072345	0.0	0.0	0.0	0.0
0.10471224784851074	1781094946.0	1781094946.483572	1	10.0	10.0	8.0	8.0	NeuronSpectrum 10.06.2026 14:49:30	EEG	checkup_149_10.06.2026 14:49:30	500.0	499.6666666666667	True	0.5	40.0	4	True	50.0	30.0	451.0049743652344	21.267187355297192	-653.1565551757812	-5.678664090718828	-446.57757568359375	-5.817212866354121	-549.1402587890625	-16.31194613798413	-625.2689208984375	-10.299947900226424	-77.20191955566406	3.1715754485933427	-346.1778259277344	-14.067599157168745	-70.41848754882812	-7.477807005853896	0.0	0.0	0.0	0.0
0.10471415519714355	1781094946.0	1781094946.483574	1	10.0	10.0	8.0	8.0	NeuronSpectrum 10.06.2026 14:49:30	EEG	checkup_149_10.06.2026 14:49:30	500.0	499.6666666666667	True	0.5	40.0	4	True	50.0	30.0	473.1522216796875	10.539165398895435	-686.3711547851562	9.67015796867353	-470.1605224609375	3.817691601708136	-577.9094848632812	-4.7350734056107	-658.0234985351562	3.4057483948707006	-82.8687973022461	3.4933698199405745	-364.4336853027344	-7.27450419985786	-74.61550903320312	-6.348705506566755	0.0	0.0	0.0	0.0
0.10471606254577637	1781094946.0	1781094946.4835758	1	10.0	10.0	8.0	8.0	NeuronSpectrum 10.06.2026 14:49:30	EEG	checkup_149_10.06.2026 14:49:30	500.0	499.6666666666667	True	0.5	40.0	4	True	50.0	30.0	446.92510986328125	-0.15107884282393624	-649.0674438476562	24.55934070124374	-445.56549072265625	13.268084347632813	-547.2398071289062	6.928879511834233	-623.2750854492188	16.731560768753994	-79.8585205078125	3.9593586872196442	-345.22601318359375	-0.1821892035877939	-71.05474853515625	-5.268788442240277	0.0	0.0	0.0	0.0
0.10471773147583008	1781094946.0	1781094946.4835775	1	10.0	10.0	8.0	8.0	NeuronSpectrum 10.06.2026 14:49:30	EEG	checkup_149_10.06.2026 14:49:30	500.0	499.6666666666667	True	0.5	40.0	4	True	50.0	30.0	348.57928466796875	-8.816869902864354	-506.0511169433594	36.214528555535374	-348.727294921875	20.738036152060854	-428.0177307128906	16.441766766804598	-487.2928161621094	27.092958287828935	-63.765560150146484	4.425817134957404	-270.4271240234375	5.826610983697154	-55.87370300292969	-4.454235303112743	0.0	0.0	0.0	0.0
0.10471963882446289	1781094946.0	1781094946.4835794	1	10.0	10.0	8.0	8.0	NeuronSpectrum 10.06.2026 14:49:30	EEG	checkup_149_10.06.2026 14:49:30	500.0	499.6666666666667	True	0.5	40.0	4	True	50.0	30.0	185.12147521972656	-13.773894876032227	-267.29498291015625	42.32604252468909	-186.42385864257812	24.719353441110012	-228.88235473632812	21.87952361906634	-259.5596923828125	32.34645158583085	-35.711917877197266	4.7418371249828875	-145.5672149658203	9.52838989073258	-30.162494659423828	-4.086052388113424	0.0	0.0	0.0	0.0
0.155625581741333	1781094946.0	1781094946.5344853	1	10.0	10.0	8.0	8.0	NeuronSpectrum 10.06.2026 14:49:30	EEG	checkup_149_10.06.2026 14:49:30	500.0	499.6666666666667	True	0.5	40.0	4	True	50.0	30.0	414.08477783203125	-14.095395206071073	-604.6782836914062	41.690823108475044	-416.4603271484375	24.41709086120639	-509.2185974121094	22.17139312779987	-582.8385620117188	31.39400988711058	-75.80548858642578	4.8096451603070705	-319.88250732421875	10.206589537189513	-66.70341491699219	-4.244571934745683	0.0	0.0	0.0	0.0
0.15563011169433594	1781094946.0	1781094946.5344899	1	10.0	10.0	8.0	8.0	NeuronSpectrum 10.06.2026 14:49:30	EEG	checkup_149_10.06.2026 14:49:30	500.0	499.6666666666667	True	0.5	40.0	4	True	50.0	30.0	413.1905822753906	-9.850946297960434	-604.1875610351562	34.53901160439785	-415.5169982910156	19.967338296227375	-507.4505310058594	17.387209420782305	-582.4822387695312	24.4868862616178	-74.89814758300781	4.620433531569429	-318.155029296875	7.844391602933493	-66.5245590209961	-4.875724516646693	0.0	0.0	0.0	0.0
0.15563273429870605	1781094946.0	1781094946.5344925	1	10.0	10.0	8.0	8.0	NeuronSpectrum 10.06.2026 14:49:30	EEG	checkup_149_10.06.2026 14:49:30	500.0	499.6666666666667	True	0.5	40.0	4	True	50.0	30.0	415.4084777832031	-2.0301703843597254	-607.864501953125	22.404664295670017	-417.0422668457031	12.35263182096651	-508.9483947753906	8.651930449492163	-585.7822875976562	13.096129704966955	-73.9290771484375	4.248918564707706	-318.53125	3.083575178117686	-66.62379455566406	-5.8056469516509255	0.0	0.0	0.0	0.0
0.15563464164733887	1781094946.0	1781094946.5344944	1	10.0	10.0	8.0	8.0	NeuronSpectrum 10.06.2026 14:49:30	EEG	checkup_149_10.06.2026 14:49:30	500.0	499.6666666666667	True	0.5	40.0	4	True	50.0	30.0	420.176513671875	7.779138435430269	-614.9248657226562	7.645491565142123	-420.6951904296875	3.0859320141920223	-513.2607421875	-2.229598059538538	-592.0305786132812	-0.5486931332648595	-73.04145812988281	3.8169824479010988	-320.7018127441406	-3.001333762794447	-66.91510772705078	-6.793239003221564	0.0	0.0	0.0	0.0
0.15563678741455078	1781094946.0	1781094946.5344965	1	10.0	10.0	8.0	8.0	NeuronSpectrum 10.06.2026 14:49:30	EEG	checkup_149_10.06.2026 14:49:30	500.0	499.6666666666667	True	0.5	40.0	4	True	50.0	30.0	423.40167236328125	17.791787523132598	-619.4367065429688	-7.142812469937989	-422.6801452636719	-6.171768911376555	-515.6783447265625	-13.237462512163074	-595.6575927734375	-14.01728841391508	-71.84101104736328	3.4516569390980805	-321.702880859375	-9.189668675331832	-66.77515411376953	-7.594193896912506	0.0	0.0	0.0	0.0
0.1556384563446045	1781094946.0	1781094946.5344982	1	10.0	10.0	8.0	8.0	NeuronSpectrum 10.06.2026 14:49:30	EEG	checkup_149_10.06.2026 14:49:30	500.0	499.6666666666667	True	0.5	40.0	4	True	50.0	30.0	419.6820983886719	26.358047162051555	-613.5623168945312	-19.603505618849614	-417.8811340332031	-13.917866746378028	-509.8747863769531	-22.516352333492126	-589.295166015625	-25.128565101299184	-69.70223999023438	3.257724368565651	-317.578369140625	-14.352330291745906	-65.38892364501953	-8.012493275868529	0.0	0.0	0.0	0.0
0.1556403636932373	1781094946.0	1781094946.5345001	1	10.0	10.0	8.0	8.0	NeuronSpectrum 10.06.2026 14:49:30	EEG	checkup_149_10.06.2026 14:49:30	500.0	499.6666666666667	True	0.5	40.0	4	True	50.0	30.0	407.6552429199219	32.16606253991096	-595.4232177734375	-27.898508403472814	-405.1326599121094	-18.982243895255518	-494.34893798828125	-28.598603496021283	-571.2308959960938	-32.209130181936985	-66.60763549804688	3.3100122379634525	-307.3892517089844	-17.594257136018456	-62.582096099853516	-7.928355734081964	0.0	0.0	0.0	0.0
0.15564179420471191	1781094946.0	1781094946.5345016	1	10.0	10.0	8.0	8.0	NeuronSpectrum 10.06.2026 14:49:30	EEG	checkup_149_10.06.2026 14:49:30	500.0	499.6666666666667	True	0.5	40.0	4	True	50.0	30.0	394.306640625	34.33323965597645	-575.4454956054688	-30.823873138852395	-391.4896240234375	-20.594757890843695	-477.63055419921875	-30.498487187181535	-551.425537109375	-34.193200942853416	-63.835845947265625	3.656952816692785	-296.4454345703125	-18.316928310619375	-59.49854278564453	-7.304801001535372	0.0	0.0	0.0	0.0
0.15564370155334473	1781094946.0	1781094946.5345035	1	10.0	10.0	8.0	8.0	NeuronSpectrum 10.06.2026 14:49:30	EEG	checkup_149_10.06.2026 14:49:30	500.0	499.6666666666667	True	0.5	40.0	4	True	50.0	30.0	392.81463623046875	32.45082406103	-573.1705322265625	-27.859768088465643	-390.086181640625	-18.41512073877097	-475.6762390136719	-27.758685965301247	-548.4905395507812	-30.659669013180935	-63.59343338012695	4.321128893013351	-294.69024658203125	-16.24964781630199	-58.280460357666016	-6.182868275527949	0.0	0.0	0.0	0.0
0.15564537048339844	1781094946.0	1781094946.5345051	1	10.0	10.0	8.0	8.0	NeuronSpectrum 10.06.2026 14:49:30	EEG	checkup_149_10.06.2026 14:49:30	500.0	499.6666666666667	True	0.5	40.0	4	True	50.0	30.0	412.4985046386719	26.641044124055018	-602.4051513671875	-19.245377178744093	-410.1364440917969	-12.586706897962912	-499.7078857421875	-20.521940990269915	-575.5988159179688	-21.89401938922913	-67.34507751464844	5.286001981680617	-309.1545104980469	-11.494315761797814	-60.51531219482422	-4.675980700054396	0.0	0.0	0.0	0.0
0.15564703941345215	1781094946.0	1781094946.5345068	1	10.0	10.0	8.0	8.0	NeuronSpectrum 10.06.2026 14:49:30	EEG	checkup_149_10.06.2026 14:49:30	500.0	499.6666666666667	True	0.5	40.0	4	True	50.0	30.0	446.69012451171875	17.634728906688842	-653.2991943359375	-6.091308435376849	-444.86505126953125	-3.8214007662720304	-541.5365600585938	-9.636111353344685	-623.4721069335938	-8.988526111752373	-73.81097412109375	6.469582267691713	-334.84161376953125	-4.589122735326276	-65.33370208740234	-2.967098874743502	0.0	0.0	0.0	0.0
0.15564846992492676	1781094946.0	1781094946.5345082	1	10.0	10.0	8.0	8.0	NeuronSpectrum 10.06.2026 14:49:30	EEG	checkup_149_10.06.2026 14:49:30	500.0	499.6666666666667	True	0.5	40.0	4	True	50.0	30.0	468.7619323730469	6.805549821799796	-686.4668579101562	9.565873318650581	-467.5653076171875	6.551693695443311	-568.762451171875	3.288135323641833	-654.784912109375	6.108916264927093	-78.34085083007812	7.700214164080532	-351.7226867675781	3.4580428711134763	-68.73822784423828	-1.3018184473373862	0.0	0.0	0.0	0.0
0.15565037727355957	1781094946.0	1781094946.5345101	1	10.0	10.0	8.0	8.0	NeuronSpectrum 10.06.2026 14:49:30	EEG	checkup_149_10.06.2026 14:49:30	500.0	499.6666666666667	True	0.5	40.0	4	True	50.0	30.0	442.8752136230469	-3.945604230700842	-648.8602294921875	24.92699344300772	-442.3388366699219	16.68498187312054	-537.8115234375	16.00065030861926	-619.2022705078125	20.74891638175006	-74.75880432128906	8.71793173888496	-332.78314208984375	11.248400876205825	-65.20075225830078	0.03621898468978962	0.0	0.0	0.0	0.0
0.15565180778503418	1781094946.0	1781094946.5345116	1	10.0	10.0	8.0	8.0	NeuronSpectrum 10.06.2026 14:49:30	EEG	checkup_149_10.06.2026 14:49:30	500.0	499.6666666666667	True	0.5	40.0	4	True	50.0	30.0	345.3959045410156	-12.526931608767143	-505.423828125	36.919581914268	-345.4842224121094	24.534304185846132	-419.9071350097656	26.00653200129441	-483.4017639160156	32.04059461748854	-58.98988342285156	9.218363519441388	-260.1025695800781	17.23876873456233	-50.941410064697266	0.77675536736957	0.0	0.0	0.0	0.0
0.155653715133667	1781094946.0	1781094946.5345135	1	10.0	10.0	8.0	8.0	NeuronSpectrum 10.06.2026 14:49:30	EEG	checkup_149_10.06.2026 14:49:30	500.0	499.6666666666667	True	0.5	40.0	4	True	50.0	30.0	183.2525634765625	-17.16339341980949	-266.2572326660156	42.943421689709226	-183.84400939941406	28.35849589962341	-223.35064697265625	31.175724038377137	-256.8554382324219	37.55219755595138	-32.15533447265625	8.93400526258013	-138.68017578125	20.12065845791989	-26.79756736755371	0.733382822458587	0.0	0.0	0.0	0.0
0.1556553840637207	1781094946.0	1781094946.5345151	1	10.0	10.0	8.0	8.0	NeuronSpectrum 10.06.2026 14:49:30	EEG	checkup_149_10.06.2026 14:49:30	500.0	499.6666666666667	True	0.5	40.0	4	True	50.0	30.0	411.46221923828125	-16.89149006108948	-604.1244506835938	41.601744524597564	-412.2460632324219	27.213840490349256	-499.73016357421875	30.345031906862463	-577.7322998046875	35.99683615473299	-71.37268829345703	7.722102488762701	-310.2138671875	19.19438427144295	-62.967891693115234	-0.13392554957164704	0.0	0.0	0.0	0.0
0.15565729141235352	1781094946.0	1781094946.534517	1	10.0	10.0	8.0	8.0	NeuronSpectrum 10.06.2026 14:49:30	EEG	checkup_149_10.06.2026 14:49:30	500.0	499.6666666666667	True	0.5	40.0	4	True	50.0	30.0	411.2892761230469	-11.820719213700652	-604.5291748046875	33.09196590693857	-412.6665954589844	21.221879125844964	-499.7872314453125	23.64359250812232	-578.498779296875	27.59535727197901	-72.18804168701172	5.619403256262864	-310.44354248046875	14.571630231159702	-63.90391540527344	-1.6955117500827113	0.0	0.0	0.0	0.0
0.15565896034240723	1781094946.0	1781094946.5345187	1	10.0	10.0	8.0	8.0	NeuronSpectrum 10.06.2026 14:49:30	EEG	checkup_149_10.06.2026 14:49:30	500.0	499.6666666666667	True	0.5	40.0	4	True	50.0	30.0	414.2843933105469	-3.0539221427999297	-609.748291015625	19.09422734032812	-416.5299072265625	11.499397173806905	-504.0444030761719	12.407220608131418	-583.8158569335938	13.964277573396016	-73.83995819091797	2.8409956249880994	-313.2767333984375	7.122679735062399	-65.0821762084961	-3.6812971081684895	0.0	0.0	0.0	0.0
0.15566086769104004	1781094946.0	1781094946.5345206	1	10.0	10.0	8.0	8.0	NeuronSpectrum 10.06.2026 14:49:30	EEG	checkup_149_10.06.2026 14:49:30	500.0	499.6666666666667	True	0.5	40.0	4	True	50.0	30.0	419.8084716796875	7.663847714016896	-618.8560180664062	2.256960739268856	-423.2215881347656	-0.18424110227677826	-511.7388916015625	-1.238583014932711	-592.8085327148438	-2.375934748386408	-76.2377700805664	-0.2701612915146678	-318.3149719238281	-1.78325895107512	-66.31423950195312	-5.748768050044484	0.0	0.0	0.0	0.0
0.15566253662109375	1781094946.0	1781094946.5345223	1	10.0	10.0	8.0	8.0	NeuronSpectrum 10.06.2026 14:49:30	EEG	checkup_149_10.06.2026 14:49:30	500.0	499.6666666666667	True	0.5	40.0	4	True	50.0	30.0	423.6989440917969	18.39155546944376	-625.634765625	-14.463500794499105	-428.45556640625	-11.849939210727909	-517.6640625	-14.916746931638222	-599.5719604492188	-18.62761226413824	-78.540771484375	-3.3172358601682235	-322.369873046875	-10.615597598565781	-66.95452117919922	-7.560217175225071	0.0	0.0	0.0	0.0
0.15566420555114746	1781094946.0	1781094946.534524	1	10.0	10.0	8.0	8.0	NeuronSpectrum 10.06.2026 14:49:30	EEG	checkup_149_10.06.2026 14:49:30	500.0	499.6666666666667	True	0.5	40.0	4	True	50.0	30.0	420.4989318847656	27.37078992283717	-621.8644409179688	-28.370966594551902	-426.535400390625	-21.69109802246894	-514.921875	-26.461846761157602	-596.3004760742188	-32.251395908736015	-79.56132507324219	-5.921086573930005	-321.12762451171875	-17.97705736340999	-66.23042297363281	-8.843158962732314	0.0	0.0	0.0	0.0
0.15566587448120117	1781094946.0	1781094946.5345256	1	10.0	10.0	8.0	8.0	NeuronSpectrum 10.06.2026 14:49:30	EEG	checkup_149_10.06.2026 14:49:30	500.0	499.6666666666667	True	0.5	40.0	4	True	50.0	30.0	408.7937927246094	33.25794690412931	-605.2489624023438	-37.3883693344448	-415.8123474121094	-28.315720422205217	-501.54754638671875	-34.21142999387569	-580.849609375	-41.30031706443671	-78.77887725830078	-7.774568226337306	-313.24530029296875	-22.794933862538077	-64.02096557617188	-9.422151090042185	0.0	0.0	0.0	0.0
0.15566778182983398	1781094946.0	1781094946.5345275	1	10.0	10.0	8.0	8.0	NeuronSpectrum 10.06.2026 14:49:30	EEG	checkup_149_10.06.2026 14:49:30	500.0	499.6666666666667	True	0.5	40.0	4	True	50.0	30.0	395.5071105957031	35.21895959335628	-585.8339233398438	-40.217976416892704	-403.12200927734375	-30.85431974094436	-485.88726806640625	-37.132797932004465	-562.8617553710938	-44.56357648540348	-77.20626068115234	-8.677017406231093	-303.720458984375	-24.411481765019758	-61.469139099121094	-9.224873788987232	0.0	0.0	0.0	0.0
0.1556694507598877	1781094946.0	1781094946.5345292	1	10.0	10.0	8.0	8.0	NeuronSpectrum 10.06.2026 14:49:30	EEG	checkup_149_10.06.2026 14:49:30	500.0	499.6666666666667	True	0.5	40.0	4	True	50.0	30.0	393.7613525390625	32.95007330705336	-582.9112548828125	-36.391662834010894	-401.6954040527344	-28.992828820532107	-484.05035400390625	-34.85796388162437	-560.80126953125	-41.60625946271008	-77.09903717041016	-8.554270803219397	-302.3860778808594	-22.6152168739437	-60.63007736206055	-8.274292727285939	0.0	0.0	0.0	0.0
0.1556711196899414	1781094946.0	1781094946.5345309	1	10.0	10.0	8.0	8.0	NeuronSpectrum 10.06.2026 14:49:30	EEG	checkup_149_10.06.2026 14:49:30	500.0	499.6666666666667	True	0.5	40.0	4	True	50.0	30.0	412.87841796875	26.69327908441868	-610.2717895507812	-26.30695612981094	-421.0566101074219	-22.994928414327227	-507.6324462890625	-27.706352456977246	-587.849365234375	-32.79784817186148	-80.20293426513672	-7.470751124383909	-316.3833923339844	-17.65885222863943	-62.95180892944336	-6.679542474506896	0.0	0.0	0.0	0.0
0.15567278861999512	1781094946.0	1781094946.5345325	1	10.0	10.0	8.0	8.0	NeuronSpectrum 10.06.2026 14:49:30	EEG	checkup_149_10.06.2026 14:49:30	500.0	499.6666666666667	True	0.5	40.0	4	True	50.0	30.0	446.3089599609375	17.270048628367217	-658.35302734375	-11.279094138685	-454.7530822753906	-13.73454368698827	-548.808837890625	-16.721892015592474	-634.8280639648438	-19.35967574353426	-85.55157470703125	-5.634287544444519	-340.9677734375	-10.277752563540641	-67.4637222290039	-4.630883784312651	0.0	0.0	0.0	0.0
0.15567469596862793	1781094946.0	1781094946.5345345	1	10.0	10.0	8.0	8.0	NeuronSpectrum 10.06.2026 14:49:30	EEG	checkup_149_10.06.2026 14:49:30	500.0	499.6666666666667	True	0.5	40.0	4	True	50.0	30.0	467.6640930175781	6.085884474372535	-688.335693359375	6.463313188875697	-476.2481994628906	-2.6902119616392106	-575.3401489257812	-3.6669571522074866	-664.549560546875	-3.3629236764501895	-88.6572265625	-3.384926971349178	-356.39105224609375	-1.6727283001376083	-70.19752502441406	-2.392625363129837	0.0	0.0	0.0	0.0
0.15567636489868164	1781094946.0	1781094946.5345361	1	10.0	10.0	8.0	8.0	NeuronSpectrum 10.06.2026 14:49:30	EEG	checkup_149_10.06.2026 14:49:30	500.0	499.6666666666667	True	0.5	40.0	4	True	50.0	30.0	441.380126953125	-4.989921566751877	-647.86572265625	23.979228707863626	-449.6414794921875	8.192634255846226	-543.5849609375	9.140576083323694	-626.8534545898438	12.456741513446307	-83.3206558227539	-1.1537537613444866	-335.88177490234375	6.611171412455016	-65.81090545654297	-0.2799834350505293	0.0	0.0	0.0	0.0
0.15567827224731445	1781094946.0	1781094946.534538	1	10.0	10.0	8.0	8.0	NeuronSpectrum 10.06.2026 14:49:30	EEG	checkup_149_10.06.2026 14:49:30	500.0	499.6666666666667	True	0.5	40.0	4	True	50.0	30.0	343.9945983886719	-13.938888885978239	-502.4715881347656	38.11119113126432	-351.1868591308594	16.83689096687671	-424.633544921875	19.227196627853946	-488.668212890625	25.162709318709908	-65.3962173461914	0.6152051576759222	-261.7332458496094	12.954989866396923	-50.796504974365234	1.3906168933043954	0.0	0.0	0.0	0.0
0.15567970275878906	1781094946.0	1781094946.5345395	1	10.0	10.0	8.0	8.0	NeuronSpectrum 10.06.2026 14:49:30	EEG	checkup_149_10.06.2026 14:49:30	500.0	499.6666666666667	True	0.5	40.0	4	True	50.0	30.0	182.39617919921875	-19.061988837697974	-262.5127868652344	46.210112500718274	-187.80386352539062	21.52008983254606	-226.80006408691406	24.545628503289436	-259.8154296875	32.29727575427647	-36.08800506591797	1.566514691839598	-139.16590881347656	16.04564251617696	-26.219820022583008	2.3718413783026775	0.0	0.0	0.0	0.0
0.20607495307922363	1781094946.0	1781094946.5849347	1	10.0	10.0	8.0	8.0	NeuronSpectrum 10.06.2026 14:49:30	EEG	checkup_149_10.06.2026 14:49:30	500.0	499.6666666666667	True	0.5	40.0	4	True	50.0	30.0	408.5416564941406	-19.43388314558454	-597.6190795898438	46.83265017123939	-418.5350341796875	21.336904349369156	-507.15472412109375	24.02829264196899	-580.5511474609375	32.53488639123995	-77.80573272705078	1.523081460906147	-313.8771667480469	15.22958755516073	-60.08784103393555	2.5510385308236914	0.0	0.0	0.0	0.0
0.20607995986938477	1781094946.0	1781094946.5849397	1	10.0	10.0	8.0	8.0	NeuronSpectrum 10.06.2026 14:49:30	EEG	checkup_149_10.06.2026 14:49:30	500.0	499.6666666666667	True	0.5	40.0	4	True	50.0	30.0	407.7327880859375	-15.13869019860247	-596.9378051757812	40.103720237571125	-418.8379821777344	16.42978224391223	-507.74652099609375	17.861600392141018	-580.171630859375	26.017126691721355	-78.45874786376953	0.525371997657274	-315.34710693359375	10.681905759422396	-59.94293975830078	1.980451135928924	0.0	0.0	0.0	0.0
0.20608234405517578	1781094946.0	1781094946.584942	1	10.0	10.0	8.0	8.0	NeuronSpectrum 10.06.2026 14:49:30	EEG	checkup_149_10.06.2026 14:49:30	500.0	499.6666666666667	True	0.5	40.0	4	True	50.0	30.0	410.0755615234375	-7.189712246632053	-601.3297119140625	27.59720570818836	-422.0962829589844	7.891121575569511	-511.8357238769531	7.365128653123814	-584.4344482421875	14.231162644412256	-79.60303497314453	-1.1958871961596498	-319.16314697265625	3.318934188494116	-60.33638000488281	0.8576420874247185	0.0	0.0	0.0	0.0
0.2060847282409668	1781094946.0	1781094946.5849445	1	10.0	10.0	8.0	8.0	NeuronSpectrum 10.06.2026 14:49:30	EEG	checkup_149_10.06.2026 14:49:30	500.0	499.6666666666667	True	0.5	40.0	4	True	50.0	30.0	414.9988708496094	2.7971016672493434	-609.7508544921875	11.838843416944574	-427.5416259765625	-2.587103623254822	-518.5016479492188	-5.431697714525058	-592.3265991210938	-0.4671415019055811	-80.93140411376953	-3.2963549882786145	-324.5081787109375	-5.485036992557333	-61.11690902709961	-0.5325793022025942	0.0	0.0	0.0	0.0
0.2060866355895996	1781094946.0	1781094946.5849464	1	10.0	10.0	8.0	8.0	NeuronSpectrum 10.06.2026 14:49:30	EEG	checkup_149_10.06.2026 14:49:30	500.0	499.6666666666667	True	0.5	40.0	4	True	50.0	30.0	418.4359130859375	13.0091532646033	-615.9716796875	-4.318425700333409	-430.9854431152344	-13.14096473468324	-522.6776123046875	-18.302988288903272	-597.8883056640625	-15.445034141379452	-81.60824584960938	-5.4080972421495686	-328.0091857910156	-14.240103946302876	-61.60343933105469	-1.8882162081169893	0.0	0.0	0.0	0.0
0.20608878135681152	1781094946.0	1781094946.5849485	1	10.0	10.0	8.0	8.0	NeuronSpectrum 10.06.2026 14:49:30	EEG	checkup_149_10.06.2026 14:49:30	500.0	499.6666666666667	True	0.5	40.0	4	True	50.0	30.0	415.02142333984375	21.775099805128445	-611.8643798828125	-18.22330184203416	-427.0657043457031	-22.084851936201428	-517.8884887695312	-29.243278725389626	-593.3863525390625	-28.286062268906036	-80.6995849609375	-7.211321031391491	-325.4990234375	-21.62067714031885	-60.93412780761719	-2.948041156547325	0.0	0.0	0.0	0.0
0.20609045028686523	1781094946.0	1781094946.5849502	1	10.0	10.0	8.0	8.0	NeuronSpectrum 10.06.2026 14:49:30	EEG	checkup_149_10.06.2026 14:49:30	500.0	499.6666666666667	True	0.5	40.0	4	True	50.0	30.0	403.38665771484375	27.770751735069535	-595.2630004882812	-27.75932098713895	-414.6056823730469	-28.117528212563688	-502.7689514160156	-36.708383186006785	-576.8739013671875	-37.090554072042686	-78.13775634765625	-8.473790243271347	-316.1195983886719	-26.628919333240262	-58.87724685668945	-3.5259165226872304	0.0	0.0	0.0	0.0
0.20609259605407715	1781094946.0	1781094946.5849524	1	10.0	10.0	8.0	8.0	NeuronSpectrum 10.06.2026 14:49:30	EEG	checkup_149_10.06.2026 14:49:30	500.0	499.6666666666667	True	0.5	40.0	4	True	50.0	30.0	390.42547607421875	30.111065196036716	-576.2903442382812	-31.50468421728424	-400.8948974609375	-30.403796770123723	-486.25762939453125	-39.70614759107223	-558.2607421875	-40.60756208303405	-75.45635223388672	-9.061897942366755	-305.5682067871094	-28.655257271667466	-56.48262023925781	-3.522848882221377	0.0	0.0	0.0	0.0
0.20609426498413086	1781094946.0	1781094946.584954	1	10.0	10.0	8.0	8.0	NeuronSpectrum 10.06.2026 14:49:30	EEG	checkup_149_10.06.2026 14:49:30	500.0	499.6666666666667	True	0.5	40.0	4	True	50.0	30.0	389.1620788574219	28.39192355003521	-574.2036743164062	-28.809881710624236	-399.43524169921875	-28.600719910689413	-484.8276672363281	-37.82253827915007	-556.2486572265625	-38.28938676362442	-75.3033676147461	-8.93822541493741	-304.3309020996094	-27.4891175006254	-55.7667236328125	-2.926126990495585	0.0	0.0	0.0	0.0
0.20609617233276367	1781094946.0	1781094946.584956	1	10.0	10.0	8.0	8.0	NeuronSpectrum 10.06.2026 14:49:30	EEG	checkup_149_10.06.2026 14:49:30	500.0	499.6666666666667	True	0.5	40.0	4	True	50.0	30.0	408.8011779785156	22.741756910632226	-602.6590576171875	-19.880487759120573	-419.7223205566406	-22.894805151620094	-510.0225830078125	-31.264924234418267	-584.1138916015625	-30.356436561665866	-79.490478515625	-8.160809957816904	-319.8256530761719	-23.333099938008644	-58.214454650878906	-1.8057692624123876	0.0	0.0	0.0	0.0
0.20609784126281738	1781094946.0	1781094946.5849576	1	10.0	10.0	8.0	8.0	NeuronSpectrum 10.06.2026 14:49:30	EEG	checkup_149_10.06.2026 14:49:30	500.0	499.6666666666667	True	0.5	40.0	4	True	50.0	30.0	442.7250671386719	13.892752606233312	-651.9310302734375	-5.8795226589411325	-454.9613952636719	-14.064650428601656	-553.494873046875	-20.94051509707112	-632.5556030273438	-17.889508531823836	-86.69413757324219	-6.889389692466843	-346.9738464355469	-16.83536373451544	-62.956443786621094	-0.3122621727155082	0.0	0.0	0.0	0.0
0.2060997486114502	1781094946.0	1781094946.5849595	1	10.0	10.0	8.0	8.0	NeuronSpectrum 10.06.2026 14:49:30	EEG	checkup_149_10.06.2026 14:49:30	500.0	499.6666666666667	True	0.5	40.0	4	True	50.0	30.0	464.5670166015625	3.210311822663259	-683.087646484375	11.040337770438558	-478.0687561035156	-3.508869685764414	-582.1591186523438	-8.496264591164042	-664.0534057617188	-2.8650971195591213	-91.73954772949219	-5.38876297190445	-365.1138916015625	-9.098057805529555	-66.14063262939453	1.330353204628652	0.0	0.0	0.0	0.0
0.2061011791229248	1781094946.0	1781094946.584961	1	10.0	10.0	8.0	8.0	NeuronSpectrum 10.06.2026 14:49:30	EEG	checkup_149_10.06.2026 14:49:30	500.0	499.6666666666667	True	0.5	40.0	4	True	50.0	30.0	438.8576965332031	-7.4234922885402215	-643.7394409179688	27.927157721736492	-452.59393310546875	6.867451291467013	-551.5293579101562	3.8107990053930667	-628.0108642578125	12.013017596472269	-87.68977355957031	-4.0091419067604965	-346.33392333984375	-1.5830664190585768	-62.48448944091797	2.8485610728929385	0.0	0.0	0.0	0.0
0.20610308647155762	1781094946.0	1781094946.5849628	1	10.0	10.0	8.0	8.0	NeuronSpectrum 10.06.2026 14:49:30	EEG	checkup_149_10.06.2026 14:49:30	500.0	499.6666666666667	True	0.5	40.0	4	True	50.0	30.0	342.22760009765625	-15.94239315802745	-499.4158630371094	41.54389759609709	-354.4488220214844	14.981911405592415	-432.21771240234375	13.50456272563194	-490.9764404296875	23.785569218868684	-69.94857788085938	-3.128191291356827	-272.0890197753906	4.140421596270746	-48.428714752197266	3.9690631940272616	0.0	0.0	0.0	0.0
0.20610475540161133	1781094946.0	1781094946.5849645	1	10.0	10.0	8.0	8.0	NeuronSpectrum 10.06.2026 14:49:30	EEG	checkup_149_10.06.2026 14:49:30	500.0	499.6666666666667	True	0.5	40.0	4	True	50.0	30.0	181.57373046875	-20.59629496678573	-260.4429931640625	49.13247956709691	-190.53948974609375	19.074470892313037	-232.63966369628906	18.488819470977887	-262.58203125	29.94623946250212	-39.76061248779297	-3.0611949918047894	-147.48214721679688	6.772687561092417	-24.874631881713867	4.486592539910856	0.0	0.0	0.0	0.0
0.25705599784851074	1781094946.0	1781094946.6359158	1	10.0	10.0	8.0	8.0	NeuronSpectrum 10.06.2026 14:49:30	EEG	checkup_149_10.06.2026 14:49:30	500.0	499.6666666666667	True	0.5	40.0	4	True	50.0	30.0	407.4327392578125	-20.43836100213347	-594.943115234375	49.15672334819967	-422.1808776855469	18.196429134477597	-514.4872436523438	17.63503284229383	-585.320068359375	29.131325553729035	-83.69116973876953	-3.9715620562777594	-324.6465759277344	5.648069100434438	-58.818416595458984	4.324310881431987	0.0	0.0	0.0	0.0
0.2570621967315674	1781094946.0	1781094946.635922	1	10.0	10.0	8.0	8.0	NeuronSpectrum 10.06.2026 14:49:30	EEG	checkup_149_10.06.2026 14:49:30	500.0	499.6666666666667	True	0.5	40.0	4	True	50.0	30.0	407.0168151855469	-15.581777655226423	-594.6644287109375	41.70021120593866	-422.4957580566406	12.469547763478538	-514.4352416992188	11.093113436365103	-585.5750122070312	21.48416102395148	-84.47522735595703	-5.821898310806367	-325.3553466796875	0.9223573635811388	-59.03939437866211	3.5573462038939536	0.0	0.0	0.0	0.0
0.2570645809173584	1781094946.0	1781094946.6359243	1	10.0	10.0	8.0	8.0	NeuronSpectrum 10.06.2026 14:49:30	EEG	checkup_149_10.06.2026 14:49:30	500.0	499.6666666666667	True	0.5	40.0	4	True	50.0	30.0	409.7341613769531	-7.120016118222202	-599.6634521484375	28.3599414734195	-426.0667724609375	3.007666400964102	-518.1355590820312	0.1947648440054781	-590.2606811523438	8.544939668179584	-85.9096450805664	-8.386078809737056	-328.2884826660156	-6.4970207920464516	-59.49671173095703	2.3872712539788905	0.0	0.0	0.0	0.0
0.2570664882659912	1781094946.0	1781094946.6359262	1	10.0	10.0	8.0	8.0	NeuronSpectrum 10.06.2026 14:49:30	EEG	checkup_149_10.06.2026 14:49:30	500.0	499.6666666666667	True	0.5	40.0	4	True	50.0	30.0	414.9794616699219	3.2207992804312107	-608.8856201171875	11.736321023372525	-432.2286071777344	-8.429991097154401	-524.833251953125	-12.966206351602779	-598.4928588867188	-7.2358803032619905	-87.81947326660156	-11.310484090547009	-332.8812561035156	-15.223580963941258	-60.041324615478516	1.0812069912633668	0.0	0.0	0.0	0.0
0.257068395614624	1781094946.0	1781094946.6359282	1	10.0	10.0	8.0	8.0	NeuronSpectrum 10.06.2026 14:49:30	EEG	checkup_149_10.06.2026 14:49:30	500.0	499.6666666666667	True	0.5	40.0	4	True	50.0	30.0	418.63775634765625	13.523793658880841	-615.9884643554688	-5.223631603218697	-436.7103271484375	-19.878752959981362	-529.4158935546875	-26.063829622001006	-604.426025390625	-23.11467864515949	-89.34375	-14.19313125553599	-335.9105224609375	-23.73252973643319	-60.08403015136719	-0.09614372921020116	0.0	0.0	0.0	0.0
0.25707030296325684	1781094946.0	1781094946.63593	1	10.0	10.0	8.0	8.0	NeuronSpectrum 10.06.2026 14:49:30	EEG	checkup_149_10.06.2026 14:49:30	500.0	499.6666666666667	True	0.5	40.0	4	True	50.0	30.0	415.283203125	22.057470347232154	-612.6965942382812	-19.792565968639526	-433.9327697753906	-29.541475042638837	-525.1928100585938	-36.985939603135314	-600.4006958007812	-36.57756761393641	-89.3919677734375	-16.652174596082926	-333.2253112792969	-30.647158226420302	-58.920650482177734	-0.9329343089063282	0.0	0.0	0.0	0.0
0.25707197189331055	1781094946.0	1781094946.6359317	1	10.0	10.0	8.0	8.0	NeuronSpectrum 10.06.2026 14:49:30	EEG	checkup_149_10.06.2026 14:49:30	500.0	499.6666666666667	True	0.5	40.0	4	True	50.0	30.0	403.4698486328125	27.508436921757607	-596.7453002929688	-29.823051651616613	-422.4572448730469	-36.018952931731796	-510.4959716796875	-44.10530715354751	-584.470703125	-45.663052295334275	-87.67526245117188	-18.370730727545133	-323.8197326660156	-34.913566849433145	-56.4774284362793	-1.2927215051887653	0.0	0.0	0.0	0.0
0.25707387924194336	1781094946.0	1781094946.6359336	1	10.0	10.0	8.0	8.0	NeuronSpectrum 10.06.2026 14:49:30	EEG	checkup_149_10.06.2026 14:49:30	500.0	499.6666666666667	True	0.5	40.0	4	True	50.0	30.0	390.0115966796875	29.078833020751063	-578.2552490234375	-33.91309987298531	-409.34521484375	-38.409362565049115	-493.96063232421875	-46.391374608799	-566.4395751953125	-49.10067801115043	-85.50920104980469	-19.120716581413554	-313.06988525390625	-35.87336482357325	-53.885108947753906	-1.1132548436388072	0.0	0.0	0.0	0.0
0.25707578659057617	1781094946.0	1781094946.6359355	1	10.0	10.0	8.0	8.0	NeuronSpectrum 10.06.2026 14:49:30	EEG	checkup_149_10.06.2026 14:49:30	500.0	499.6666666666667	True	0.5	40.0	4	True	50.0	30.0	387.9013671875	26.50945689563213	-576.5554809570312	-31.46618528369779	-407.9435729980469	-36.341025029424785	-491.8326110839844	-43.442142866279724	-564.7872924804688	-46.35580684785702	-85.37120819091797	-18.777488778262907	-311.0381164550781	-33.28432998768531	-53.126129150390625	-0.3945470680558693	0.0	0.0	0.0	0.0
0.2570774555206299	1781094946.0	1781094946.6359372	1	10.0	10.0	8.0	8.0	NeuronSpectrum 10.06.2026 14:49:30	EEG	checkup_149_10.06.2026 14:49:30	500.0	499.6666666666667	True	0.5	40.0	4	True	50.0	30.0	406.4363708496094	20.09420659104813	-605.3638916015625	-22.74088413453086	-427.673828125	-30.005285314425702	-515.5763549804688	-35.518574137210884	-592.5057373046875	-37.674336200864026	-88.97086334228516	-17.3366745207045	-324.80059814453125	-27.34086366403241	-55.57390213012695	0.8099881281806394	0.0	0.0	0.0	0.0
0.2570796012878418	1781094946.0	1781094946.6359394	1	10.0	10.0	8.0	8.0	NeuronSpectrum 10.06.2026 14:49:30	EEG	checkup_149_10.06.2026 14:49:30	500.0	499.6666666666667	True	0.5	40.0	4	True	50.0	30.0	439.25732421875	10.707477557471044	-654.9225463867188	-8.91861792440222	-461.7520446777344	-20.208635466852407	-556.9708862304688	-23.605542434541324	-640.0654296875	-24.154772207840587	-94.96408081054688	-14.934843750139308	-349.2567443847656	-18.70966148771694	-60.26762390136719	2.3930121807342664	0.0	0.0	0.0	0.0
0.2570812702178955	1781094946.0	1781094946.635941	1	10.0	10.0	8.0	8.0	NeuronSpectrum 10.06.2026 14:49:30	EEG	checkup_149_10.06.2026 14:49:30	500.0	499.6666666666667	True	0.5	40.0	4	True	50.0	30.0	460.36956787109375	-0.2027635023356752	-686.1568603515625	7.885565445615087	-483.2073974609375	-8.390323593535648	-583.2719116210938	-9.434254599718066	-669.9119262695312	-7.7734241693732535	-98.25227355957031	-11.861471602760433	-364.185546875	-8.540392551683468	-63.37425231933594	4.188995401346175	0.0	0.0	0.0	0.0
0.2570831775665283	1781094946.0	1781094946.635943	1	10.0	10.0	8.0	8.0	NeuronSpectrum 10.06.2026 14:49:30	EEG	checkup_149_10.06.2026 14:49:30	500.0	499.6666666666667	True	0.5	40.0	4	True	50.0	30.0	434.63232421875	-10.749147082638284	-646.5054931640625	24.812282491813125	-455.8197937011719	3.4961842457912686	-550.4763793945312	4.657694542862739	-631.6840209960938	8.778401726173554	-92.08094787597656	-8.540610305837697	-342.48468017578125	1.625581983997134	-59.750728607177734	5.980819789409263	0.0	0.0	0.0	0.0
0.25708460807800293	1781094946.0	1781094946.6359444	1	10.0	10.0	8.0	8.0	NeuronSpectrum 10.06.2026 14:49:30	EEG	checkup_149_10.06.2026 14:49:30	500.0	499.6666666666667	True	0.5	40.0	4	True	50.0	30.0	338.7760009765625	-18.93161449347747	-501.42926025390625	38.747893337721294	-355.8273010253906	13.310585564280151	-429.6649475097656	16.117862584952036	-492.3882141113281	22.54637465696482	-72.12651062011719	-5.466666728956988	-266.4513854980469	10.104155378522785	-46.00745391845703	7.530018669223896	0.0	0.0	0.0	0.0
0.25708675384521484	1781094946.0	1781094946.6359465	1	10.0	10.0	8.0	8.0	NeuronSpectrum 10.06.2026 14:49:30	EEG	checkup_149_10.06.2026 14:49:30	500.0	499.6666666666667	True	0.5	40.0	4	True	50.0	30.0	179.4777374267578	-23.11218345872865	-261.3825988769531	47.050002704857704	-190.47801208496094	19.219757965074503	-229.53125	22.772107169085608	-262.17266845703125	30.99591982827432	-39.94403076171875	-3.1013671235206357	-141.6539764404297	15.444483306776817	-23.113094329833984	8.628927291575419	0.0	0.0	0.0	0.0
0.25708818435668945	1781094946.0	1781094946.635948	1	10.0	10.0	8.0	8.0	NeuronSpectrum 10.06.2026 14:49:30	EEG	checkup_149_10.06.2026 14:49:30	500.0	499.6666666666667	True	0.5	40.0	4	True	50.0	30.0	404.5090637207031	-22.46670299365381	-595.4182739257812	48.251382997363265	-419.781982421875	20.18301995315024	-508.1441345214844	23.407603657273516	-580.677734375	32.68251775574147	-81.15925598144531	-1.7655523308202294	-312.3843078613281	16.800865445987387	-54.5072021484375	9.15488733627446	0.0	0.0	0.0	0.0
0.25709009170532227	1781094946.0	1781094946.6359499	1	10.0	10.0	8.0	8.0	NeuronSpectrum 10.06.2026 14:49:30	EEG	checkup_149_10.06.2026 14:49:30	500.0	499.6666666666667	True	0.5	40.0	4	True	50.0	30.0	404.9993896484375	-17.208951950383586	-593.4252319335938	42.43263687482291	-418.0898742675781	16.21528715892865	-506.5774841308594	18.087508111194516	-578.0415649414062	27.613713490405136	-79.4079360961914	-1.5683664427245758	-310.4378967285156	14.139712767865097	-53.53811264038086	9.100504201000291	0.0	0.0	0.0	0.0
0.257091760635376	1781094946.0	1781094946.6359515	1	10.0	10.0	8.0	8.0	NeuronSpectrum 10.06.2026 14:49:30	EEG	checkup_149_10.06.2026 14:49:30	500.0	499.6666666666667	True	0.5	40.0	4	True	50.0	30.0	408.53497314453125	-8.49070704299753	-596.2257080078125	31.113579206226294	-419.9218444824219	8.322969745713607	-509.25830078125	8.069809637188921	-580.2900390625	17.157672235177152	-78.69149017333984	-2.397746008152582	-311.6056213378906	8.2007228731263	-52.84465408325195	8.56704494962705	0.0	0.0	0.0	0.0
0.2570939064025879	1781094946.0	1781094946.6359537	1	10.0	10.0	8.0	8.0	NeuronSpectrum 10.06.2026 14:49:30	EEG	checkup_149_10.06.2026 14:49:30	500.0	499.6666666666667	True	0.5	40.0	4	True	50.0	30.0	414.3215026855469	1.9496522310127171	-602.9821166992188	16.764357283873373	-424.80755615234375	-1.8209479223532683	-515.5969848632812	-4.589229627995922	-586.7274780273438	3.5917406131812077	-79.08674621582031	-3.9648316328955393	-315.59759521484375	0.2592822904324805	-52.540924072265625	7.729411947102425	0.0	0.0	0.0	0.0
0.2570958137512207	1781094946.0	1781094946.6359556	1	10.0	10.0	8.0	8.0	NeuronSpectrum 10.06.2026 14:49:30	EEG	checkup_149_10.06.2026 14:49:30	500.0	499.6666666666667	True	0.5	40.0	4	True	50.0	30.0	418.1361083984375	12.218673109842669	-607.716064453125	2.184732118291975	-428.6373291015625	-12.295015505361135	-520.5703735351562	-17.543933014885308	-591.6048583984375	-10.475113331893091	-79.90064239501953	-5.87552891604194	-319.27020263671875	-8.186840584205857	-52.26722717285156	6.792908921847901	0.0	0.0	0.0	0.0
0.2570977210998535	1781094946.0	1781094946.6359575	1	10.0	10.0	8.0	8.0	NeuronSpectrum 10.06.2026 14:49:30	EEG	checkup_149_10.06.2026 14:49:30	500.0	499.6666666666667	True	0.5	40.0	4	True	50.0	30.0	414.5491943359375	20.626054098432302	-602.4954223632812	-10.025145851958811	-425.8548278808594	-21.289511269673056	-517.3919677734375	-28.597129502092013	-587.2077026367188	-22.595751802474716	-80.03334045410156	-7.703601002469058	-318.27923583984375	-15.694605007929075	-51.42365646362305	5.958397590424195	0.0	0.0	0.0	0.0
0.25709962844848633	1781094946.0	1781094946.6359594	1	10.0	10.0	8.0	8.0	NeuronSpectrum 10.06.2026 14:49:30	EEG	checkup_149_10.06.2026 14:49:30	500.0	499.6666666666667	True	0.5	40.0	4	True	50.0	30.0	402.2009582519531	25.899820764636512	-585.1046142578125	-17.80057164728371	-414.7948303222656	-27.339753465077834	-504.0191955566406	-35.98331035490032	-571.3139038085938	-30.79913732999769	-78.93183898925781	-9.051971105496714	-311.1459045410156	-21.064345900451166	-49.83626937866211	5.401088637722142	0.0	0.0	0.0	0.0
0.25710129737854004	1781094946.0	1781094946.635961	1	10.0	10.0	8.0	8.0	NeuronSpectrum 10.06.2026 14:49:30	EEG	checkup_149_10.06.2026 14:49:30	500.0	499.6666666666667	True	0.5	40.0	4	True	50.0	30.0	388.0421447753906	27.27274323194085	-565.2415771484375	-19.77346830888991	-402.0299072265625	-29.444919158764375	-488.4595947265625	-38.511780806401624	-553.2416381835938	-33.74446393338362	-77.40796661376953	-9.600770490183528	-302.6043701171875	-23.44670787187388	-48.322540283203125	5.258300682986094	0.0	0.0	0.0	0.0
0.25710296630859375	1781094946.0	1781094946.6359627	1	10.0	10.0	8.0	8.0	NeuronSpectrum 10.06.2026 14:49:30	EEG	checkup_149_10.06.2026 14:49:30	500.0	499.6666666666667	True	0.5	40.0	4	True	50.0	30.0	385.2152099609375	24.503468334899498	-561.5035400390625	-15.34641711613984	-400.3339538574219	-27.130668399353667	-486.30340576171875	-35.64032181128741	-550.964111328125	-30.79866336924117	-77.3692626953125	-9.146703531393609	-302.1339111328125	-22.40763575830214	-48.4453239440918	5.6173777625836365	0.0	0.0	0.0	0.0
0.25710487365722656	1781094946.0	1781094946.6359646	1	10.0	10.0	8.0	8.0	NeuronSpectrum 10.06.2026 14:49:30	EEG	checkup_149_10.06.2026 14:49:30	500.0	499.6666666666667	True	0.5	40.0	4	True	50.0	30.0	403.16070556640625	17.89634171721727	-587.1103515625	-4.765132445665813	-418.81396484375	-20.511680612146133	-508.7072448730469	-27.547423582976958	-577.2808227539062	-22.117689654591523	-80.19149780273438	-7.637161394530272	-316.5516662597656	-17.98916746873955	-51.25399398803711	6.49755805419648	0.0	0.0	0.0	0.0
0.2571067810058594	1781094946.0	1781094946.6359665	1	10.0	10.0	8.0	8.0	NeuronSpectrum 10.06.2026 14:49:30	EEG	checkup_149_10.06.2026 14:49:30	500.0	499.6666666666667	True	0.5	40.0	4	True	50.0	30.0	435.65399169921875	8.337063729167904	-632.6573486328125	10.794266165179659	-450.9446716308594	-10.362314883155673	-547.80615234375	-15.213279405671328	-623.0737915039062	-8.744482419401105	-84.70760345458984	-5.195121831452482	-340.9774475097656	-10.768604608085385	-55.7536506652832	7.82783799333068	0.0	0.0	0.0	0.0
0.257108211517334	1781094946.0	1781094946.635968	1	10.0	10.0	8.0	8.0	NeuronSpectrum 10.06.2026 14:49:30	EEG	checkup_149_10.06.2026 14:49:30	500.0	499.6666666666667	True	0.5	40.0	4	True	50.0	30.0	456.8168029785156	-2.7081589487369775	-660.4649658203125	29.206709455012618	-470.6180725097656	1.8647186907529105	-571.8698120117188	-0.43700915749876934	-651.782470703125	7.360016453574293	-86.54500579833984	-2.1215401300726087	-355.8077087402344	-1.8691029150275793	-58.42087173461914	9.432832916701972	0.0	0.0	0.0	0.0
0.2571101188659668	1781094946.0	1781094946.6359699	1	10.0	10.0	8.0	8.0	NeuronSpectrum 10.06.2026 14:49:30	EEG	checkup_149_10.06.2026 14:49:30	500.0	499.6666666666667	True	0.5	40.0	4	True	50.0	30.0	431.5743408203125	-13.326220930084569	-619.8612060546875	47.592327001095754	-442.70703125	14.172312062032073	-538.13427734375	14.331451440967399	-614.1798706054688	23.494328023118836	-79.92182159423828	1.141619583527097	-334.6316223144531	7.153345595934112	-54.61356735229492	11.043663042658919	0.0	0.0	0.0	0.0
0.2571117877960205	1781094946.0	1781094946.6359715	1	10.0	10.0	8.0	8.0	NeuronSpectrum 10.06.2026 14:49:30	EEG	checkup_149_10.06.2026 14:49:30	500.0	499.6666666666667	True	0.5	40.0	4	True	50.0	30.0	336.62554931640625	-21.489127486207714	-477.60955810546875	62.817997744623085	-344.1554870605469	24.370580279723622	-418.47247314453125	26.422990866932988	-477.8712463378906	36.69533778069617	-61.20917510986328	4.095001045619053	-260.11004638671875	14.592389769416597	-41.345909118652344	12.344739006719752	0.0	0.0	0.0	0.0
0.2571136951446533	1781094946.0	1781094946.6359735	1	10.0	10.0	8.0	8.0	NeuronSpectrum 10.06.2026 14:49:30	EEG	checkup_149_10.06.2026 14:49:30	500.0	499.6666666666667	True	0.5	40.0	4	True	50.0	30.0	178.49334716796875	-25.537438318613187	-243.9456024169922	72.23271605024959	-182.04983520507812	30.59338263539266	-221.42153930664062	33.579474336063726	-252.58367919921875	44.44760844450049	-31.937135696411133	6.296744361524711	-137.61021423339844	18.99869370871384	-19.64600944519043	13.049634946913454	0.0	0.0	0.0	0.0
0.30797553062438965	1781094946.0	1781094946.6868353	1	10.0	10.0	8.0	8.0	NeuronSpectrum 10.06.2026 14:49:30	EEG	checkup_149_10.06.2026 14:49:30	500.0	499.6666666666667	True	0.5	40.0	4	True	50.0	30.0	403.0451354980469	-24.640149606782796	-566.8637084960938	74.37414565768898	-406.91461181640625	31.795409694298492	-495.8526611328125	34.55761752203831	-567.0303955078125	45.36809086675517	-70.24369812011719	7.470094357618937	-308.1814880371094	19.568126255752397	-49.49845886230469	12.97969954744197	0.0	0.0	0.0	0.0
0.3079812526702881	1781094946.0	1781094946.686841	1	10.0	10.0	8.0	8.0	NeuronSpectrum 10.06.2026 14:49:30	EEG	checkup_149_10.06.2026 14:49:30	500.0	499.6666666666667	True	0.5	40.0	4	True	50.0	30.0	403.779052734375	-19.022732501959105	-564.8630981445312	69.33493657637527	-406.0472412109375	28.011992892022953	-495.4163513183594	29.441502876288382	-566.1141357421875	39.563413788596726	-69.66781616210938	7.5609569260509435	-308.3099060058594	16.342637428663735	-49.48405075073242	12.113054661790102	0.0	0.0	0.0	0.0
0.3079838752746582	1781094946.0	1781094946.6868436	1	10.0	10.0	8.0	8.0	NeuronSpectrum 10.06.2026 14:49:30	EEG	checkup_149_10.06.2026 14:49:30	500.0	499.6666666666667	True	0.5	40.0	4	True	50.0	30.0	407.33636474609375	-9.865073268615621	-567.9409790039062	58.639319362196424	-408.7311096191406	20.277100031906265	-499.25543212890625	19.537137800206374	-569.7994995117188	28.51374845950469	-70.126953125	6.725236558545282	-311.1599426269531	10.143680411381965	-50.2374153137207	10.586012518228962	0.0	0.0	0.0	0.0
0.3079862594604492	1781094946.0	1781094946.686846	1	10.0	10.0	8.0	8.0	NeuronSpectrum 10.06.2026 14:49:30	EEG	checkup_149_10.06.2026 14:49:30	500.0	499.6666666666667	True	0.5	40.0	4	True	50.0	30.0	413.0211181640625	1.0574538650421137	-575.0328979492188	44.73332799937804	-414.1549377441406	10.271492139019125	-506.3173522949219	6.937767093598948	-577.0631103515625	14.582471519900814	-71.31072998046875	5.259732496106934	-315.9115295410156	2.294187302754484	-51.670982360839844	8.652758133812785	0.0	0.0	0.0	0.0
0.30798792839050293	1781094946.0	1781094946.6868477	1	10.0	10.0	8.0	8.0	NeuronSpectrum 10.06.2026 14:49:30	EEG	checkup_149_10.06.2026 14:49:30	500.0	499.6666666666667	True	0.5	40.0	4	True	50.0	30.0	416.7852478027344	11.81537601279324	-579.9694213867188	30.343039751837093	-417.9620666503906	-0.12151978590453805	-511.25518798828125	-6.022810902675999	-581.9783325195312	0.3975164927171835	-72.22225952148438	3.51136176387577	-319.1002502441406	-5.732941845756897	-53.13287353515625	6.6245063889147	0.0	0.0	0.0	0.0
0.30799007415771484	1781094946.0	1781094946.6868498	1	10.0	10.0	8.0	8.0	NeuronSpectrum 10.06.2026 14:49:30	EEG	checkup_149_10.06.2026 14:49:30	500.0	499.6666666666667	True	0.5	40.0	4	True	50.0	30.0	413.3848571777344	20.69124114627518	-574.765380859375	17.934198906308353	-414.5763854980469	-9.189914846196588	-507.26580810546875	-17.229701580636753	-576.8847045898438	-11.669847366361555	-71.68286895751953	1.7982464451130769	-316.4349670410156	-12.611946310165045	-53.72085189819336	4.809468061877694	0.0	0.0	0.0	0.0
0.30799174308776855	1781094946.0	1781094946.6868515	1	10.0	10.0	8.0	8.0	NeuronSpectrum 10.06.2026 14:49:30	EEG	checkup_149_10.06.2026 14:49:30	500.0	499.6666666666667	True	0.5	40.0	4	True	50.0	30.0	401.5679626464844	26.397127636552185	-557.4063110351562	9.385398061662166	-402.6600036621094	-15.618359135752382	-492.7264404296875	-25.063594589262507	-559.9116821289062	-19.820371006566294	-69.41690826416016	0.3610505008755771	-306.9534912109375	-17.343636989476366	-53.048240661621094	3.466003871970587	0.0	0.0	0.0	0.0
0.30799365043640137	1781094946.0	1781094946.6868534	1	10.0	10.0	8.0	8.0	NeuronSpectrum 10.06.2026 14:49:30	EEG	checkup_149_10.06.2026 14:49:30	500.0	499.6666666666667	True	0.5	40.0	4	True	50.0	30.0	388.2417297363281	28.156671325460756	-538.0996704101562	5.860577525531704	-389.46636962890625	-18.575742947168	-476.4756164550781	-28.50758091948073	-541.0150756835938	-22.95021379453138	-66.8958969116211	-0.6544703212305509	-296.2972106933594	-19.322722249755444	-51.888729095458984	2.771503559166517	0.0	0.0	0.0	0.0
0.3079955577850342	1781094946.0	1781094946.6868553	1	10.0	10.0	8.0	8.0	NeuronSpectrum 10.06.2026 14:49:30	EEG	checkup_149_10.06.2026 14:49:30	500.0	499.6666666666667	True	0.5	40.0	4	True	50.0	30.0	386.3443298339844	25.71705017246855	-536.1424560546875	7.78804275775758	-388.59332275390625	-17.730581503149875	-475.0666198730469	-27.164630532102432	-538.925537109375	-20.672126904782477	-66.88719177246094	-1.1952114225937833	-294.9521179199219	-18.342767352301724	-51.94168472290039	2.8031909643681505	0.0	0.0	0.0	0.0
0.3079977035522461	1781094946.0	1781094946.6868575	1	10.0	10.0	8.0	8.0	NeuronSpectrum 10.06.2026 14:49:30	EEG	checkup_149_10.06.2026 14:49:30	500.0	499.6666666666667	True	0.5	40.0	4	True	50.0	30.0	405.0289001464844	19.359331556058926	-565.327392578125	14.845829345533962	-409.699462890625	-13.264999228984182	-500.2589416503906	-21.272612838259743	-566.9949951171875	-13.3309822125229	-71.43273162841797	-1.2937408709084888	-310.3926696777344	-14.594600965884709	-54.4959831237793	3.5261017637239673	0.0	0.0	0.0	0.0
0.3079996109008789	1781094946.0	1781094946.6868594	1	10.0	10.0	8.0	8.0	NeuronSpectrum 10.06.2026 14:49:30	EEG	checkup_149_10.06.2026 14:49:30	500.0	499.6666666666667	True	0.5	40.0	4	True	50.0	30.0	437.8359375	9.929478004690747	-616.3002319335938	25.918176329381087	-446.11566162109375	-5.911943431074804	-543.9654541015625	-11.747675947283991	-616.1033325195312	-2.0469298689235735	-79.40152740478516	-1.0648491432674165	-337.6496276855469	-8.68053856683458	-58.766937255859375	4.788042456073919	0.0	0.0	0.0	0.0
0.3080012798309326	1781094946.0	1781094946.686861	1	10.0	10.0	8.0	8.0	NeuronSpectrum 10.06.2026 14:49:30	EEG	checkup_149_10.06.2026 14:49:30	500.0	499.6666666666667	True	0.5	40.0	4	True	50.0	30.0	458.8259582519531	-1.1585810576348832	-650.6824340820312	39.09066776212653	-470.7599182128906	3.032618310721901	-573.3035278320312	-0.19784738672517777	-648.9855346679688	11.280312271131054	-85.62999725341797	-0.7007283796904739	-356.20458984375	-1.6118142395310158	-61.303123474121094	6.328555282553709	0.0	0.0	0.0	0.0
0.30800318717956543	1781094946.0	1781094946.686863	1	10.0	10.0	8.0	8.0	NeuronSpectrum 10.06.2026 14:49:30	EEG	checkup_149_10.06.2026 14:49:30	500.0	499.6666666666667	True	0.5	40.0	4	True	50.0	30.0	433.0667419433594	-12.043454880640867	-616.5050048828125	51.8212690133786	-447.03948974609375	11.820374578390437	-543.8583374023438	11.21209851222273	-615.22998046875	24.139843642029874	-82.9652099609375	-0.4495666593742876	-338.27325439453125	5.2819159116459025	-57.382450103759766	7.8127317942092995	0.0	0.0	0.0	0.0
0.30800509452819824	1781094946.0	1781094946.6868649	1	10.0	10.0	8.0	8.0	NeuronSpectrum 10.06.2026 14:49:30	EEG	checkup_149_10.06.2026 14:49:30	500.0	499.6666666666667	True	0.5	40.0	4	True	50.0	30.0	337.521240234375	-20.729226594913786	-479.1613464355469	61.3870264270986	-350.6383361816406	18.556179027212924	-426.1582336425781	20.132497210266656	-481.318115234375	33.84750000738711	-66.45964813232422	-0.5651334516476114	-265.3529968261719	10.584238618685024	-43.878334045410156	8.894891587292012	0.0	0.0	0.0	0.0
0.30800700187683105	1781094946.0	1781094946.6868668	1	10.0	10.0	8.0	8.0	NeuronSpectrum 10.06.2026 14:49:30	EEG	checkup_149_10.06.2026 14:49:30	500.0	499.6666666666667	True	0.5	40.0	4	True	50.0	30.0	178.9538116455078	-25.550181362226812	-248.0736846923828	65.54760379436854	-188.24964904785156	21.658929274974437	-228.41506958007812	24.590284016030047	-256.484375	38.1955071978075	-37.05488586425781	-1.233548849202574	-142.45098876953125	13.1355278878561	-21.746809005737305	9.300993917994163	0.0	0.0	0.0	0.0
0.35893893241882324	1781094946.0	1781094946.7377987	1	10.0	10.0	8.0	8.0	NeuronSpectrum 10.06.2026 14:49:30	EEG	checkup_149_10.06.2026 14:49:30	500.0	499.6666666666667	True	0.5	40.0	4	True	50.0	30.0	401.0366516113281	-25.619712081450825	-579.6168823242188	63.1821877709899	-420.6108703613281	20.308172493432547	-509.88531494140625	23.53480621659444	-577.8300170898438	36.07621903994268	-82.21392822265625	-2.5061144953105283	-317.6793518066406	12.361863981793844	-53.94407653808594	8.90156448294839	0.0	0.0	0.0	0.0
0.3589448928833008	1781094946.0	1781094946.7378047	1	10.0	10.0	8.0	8.0	NeuronSpectrum 10.06.2026 14:49:30	EEG	checkup_149_10.06.2026 14:49:30	500.0	499.6666666666667	True	0.5	40.0	4	True	50.0	30.0	400.5204162597656	-21.06064902850551	-580.6557006835938	54.60609971722929	-420.8428649902344	14.67067455260262	-509.5532531738281	17.118287552349447	-578.8606567382812	27.79326526984075	-82.96188354492188	-4.273046526069168	-317.38006591796875	8.435968487847296	-54.89902114868164	7.744094713724441	0.0	0.0	0.0	0.0
0.3589472770690918	1781094946.0	1781094946.737807	1	10.0	10.0	8.0	8.0	NeuronSpectrum 10.06.2026 14:49:30	EEG	checkup_149_10.06.2026 14:49:30	500.0	499.6666666666667	True	0.5	40.0	4	True	50.0	30.0	403.2210693359375	-12.919885615180515	-585.281494140625	41.429412488843106	-423.5685729980469	5.809682029751404	-512.4807739257812	6.592284423374112	-583.6712646484375	14.92502843765756	-83.64659881591797	-6.292727284174766	-318.88067626953125	2.198611207548493	-56.34633255004883	6.031613585464992	0.0	0.0	0.0	0.0
0.3589494228363037	1781094946.0	1781094946.7378092	1	10.0	10.0	8.0	8.0	NeuronSpectrum 10.06.2026 14:49:30	EEG	checkup_149_10.06.2026 14:49:30	500.0	499.6666666666667	True	0.5	40.0	4	True	50.0	30.0	408.501220703125	-2.8364406024837834	-592.7586059570312	26.063535367496947	-428.3909912109375	-4.650234994679182	-518.2577514648438	-6.092618480846035	-591.453369140625	-0.15735981015842992	-84.2646713256836	-8.260147170456705	-321.90765380859375	-5.102963028445606	-57.97307205200195	4.060291604954203	0.0	0.0	0.0	0.0
0.3589513301849365	1781094946.0	1781094946.737811	1	10.0	10.0	8.0	8.0	NeuronSpectrum 10.06.2026 14:49:30	EEG	checkup_149_10.06.2026 14:49:30	500.0	499.6666666666667	True	0.5	40.0	4	True	50.0	30.0	412.2452087402344	7.370500533841374	-597.4073486328125	11.122280823871701	-431.4090881347656	-14.931819090685392	-522.1536254882812	-18.77794264846909	-596.52880859375	-14.877781578975755	-84.23285675048828	-9.881454264227488	-323.5402526855469	-12.12945086333554	-59.023197174072266	2.144384202544175	0.0	0.0	0.0	0.0
0.35895347595214844	1781094946.0	1781094946.7378132	1	10.0	10.0	8.0	8.0	NeuronSpectrum 10.06.2026 14:49:30	EEG	checkup_149_10.06.2026 14:49:30	500.0	499.6666666666667	True	0.5	40.0	4	True	50.0	30.0	409.06329345703125	16.04453840752922	-591.704345703125	-1.0655215547326247	-427.37786865234375	-23.437171212714798	-517.744140625	-29.498535148315135	-591.4169921875	-26.93647245965763	-82.74259948730469	-10.927333161796273	-319.8268127441406	-17.7027242938529	-58.66939926147461	0.5545088944978764	0.0	0.0	0.0	0.0
0.35895538330078125	1781094946.0	1781094946.7378151	1	10.0	10.0	8.0	8.0	NeuronSpectrum 10.06.2026 14:49:30	EEG	checkup_149_10.06.2026 14:49:30	500.0	499.6666666666667	True	0.5	40.0	4	True	50.0	30.0	397.5505065917969	21.899180993511912	-573.86083984375	-8.738660371028104	-415.0370788574219	-28.939812095737597	-503.4099426269531	-36.71770896526967	-574.2748413085938	-34.59242062579028	-79.69656372070312	-11.255737087667946	-309.78863525390625	-20.949527819269413	-56.7955207824707	-0.517761452056015	0.0	0.0	0.0	0.0
0.35895729064941406	1781094946.0	1781094946.737817	1	10.0	10.0	8.0	8.0	NeuronSpectrum 10.06.2026 14:49:30	EEG	checkup_149_10.06.2026 14:49:30	500.0	499.6666666666667	True	0.5	40.0	4	True	50.0	30.0	384.5176696777344	24.10453971722954	-553.9474487304688	-10.810102108092812	-401.43206787109375	-30.658215390445502	-487.6183776855469	-39.42223304392608	-554.9087524414062	-36.77274032502566	-76.47354125976562	-10.811145929451241	-298.68438720703125	-21.351574097087546	-54.58336639404297	-0.9700854532619724	0.0	0.0	0.0	0.0
0.3589591979980469	1781094946.0	1781094946.737819	1	10.0	10.0	8.0	8.0	NeuronSpectrum 10.06.2026 14:49:30	EEG	checkup_149_10.06.2026 14:49:30	500.0	499.6666666666667	True	0.5	40.0	4	True	50.0	30.0	382.89215087890625	22.316583351427106	-550.8292846679688	-6.894856378802034	-399.7738952636719	-28.279484536232722	-486.33990478515625	-37.15953205367588	-551.7930297851562	-33.10234109570818	-75.52986907958984	-9.616190803426898	-296.4451599121094	-18.754050419970753	-54.133827209472656	-0.7847907396356804	0.0	0.0	0.0	0.0
0.3589608669281006	1781094946.0	1781094946.7378206	1	10.0	10.0	8.0	8.0	NeuronSpectrum 10.06.2026 14:49:30	EEG	checkup_149_10.06.2026 14:49:30	500.0	499.6666666666667	True	0.5	40.0	4	True	50.0	30.0	401.88616943359375	16.711258340113947	-577.8516235351562	2.647133871781372	-419.37725830078125	-21.998137172025697	-510.8175048828125	-30.09433585050427	-578.0767822265625	-23.94460397829492	-78.5706558227539	-7.769916517362649	-310.1661376953125	-13.382520115014866	-56.94169616699219	-0.021843884611911335	0.0	0.0	0.0	0.0
0.3589627742767334	1781094946.0	1781094946.7378225	1	10.0	10.0	8.0	8.0	NeuronSpectrum 10.06.2026 14:49:30	EEG	checkup_149_10.06.2026 14:49:30	500.0	499.6666666666667	True	0.5	40.0	4	True	50.0	30.0	435.1214599609375	8.038282849752274	-625.5626220703125	16.632070346376818	-453.50616455078125	-12.58288008798977	-552.7840576171875	-19.098575784469794	-624.6705322265625	-10.473957167135778	-84.3506851196289	-5.45603450563111	-334.9936828613281	-5.879907636144683	-62.094512939453125	1.1845593700883725	0.0	0.0	0.0	0.0
0.3589646816253662	1781094946.0	1781094946.7378244	1	10.0	10.0	8.0	8.0	NeuronSpectrum 10.06.2026 14:49:30	EEG	checkup_149_10.06.2026 14:49:30	500.0	499.6666666666667	True	0.5	40.0	4	True	50.0	30.0	456.70806884765625	-2.360283402032869	-656.052978515625	33.02083775599349	-475.3930358886719	-1.4102138013667105	-579.6270141601562	-5.798651313723295	-654.6612548828125	5.299834735935574	-87.96988677978516	-2.9495661989377617	-351.0814208984375	2.679758994842207	-65.69218444824219	2.6304788827606878	0.0	0.0	0.0	0.0
0.3589663505554199	1781094946.0	1781094946.737826	1	10.0	10.0	8.0	8.0	NeuronSpectrum 10.06.2026 14:49:30	EEG	checkup_149_10.06.2026 14:49:30	500.0	499.6666666666667	True	0.5	40.0	4	True	50.0	30.0	431.69952392578125	-12.66546717558815	-618.2727661132812	49.08368166124259	-449.0295104980469	9.642145753027018	-547.5291748046875	7.55086301616754	-618.219482421875	20.69906656240911	-82.85638427734375	-0.6008605928598086	-331.57421875	10.87862426168692	-62.43500518798828	4.060511443602875	0.0	0.0	0.0	0.0
0.35896801948547363	1781094946.0	1781094946.7378278	1	10.0	10.0	8.0	8.0	NeuronSpectrum 10.06.2026 14:49:30	EEG	checkup_149_10.06.2026 14:49:30	500.0	499.6666666666667	True	0.5	40.0	4	True	50.0	30.0	336.9834899902344	-20.898875469995613	-478.55450439453125	61.86407185220392	-350.6699523925781	18.51635448125895	-427.64007568359375	18.457423647939784	-482.3867492675781	32.83616306404406	-64.68806457519531	1.2184896000259204	-258.6304016113281	17.197391526108614	-48.775550842285156	5.210064993893431	0.0	0.0	0.0	0.0
0.35896992683410645	1781094946.0	1781094946.7378297	1	10.0	10.0	8.0	8.0	NeuronSpectrum 10.06.2026 14:49:30	EEG	checkup_149_10.06.2026 14:49:30	500.0	499.6666666666667	True	0.5	40.0	4	True	50.0	30.0	179.21726989746094	-25.397629044158222	-246.7803955078125	68.87794212987656	-187.2724151611328	23.465929369495402	-228.5059051513672	24.7902627617798	-256.6564636230469	39.29905803955226	-34.740089416503906	2.201478030741018	-137.22462463378906	20.379531450188214	-25.623743057250977	5.866956467837694	0.0	0.0	0.0	0.0
0.35897159576416016	1781094946.0	1781094946.7378314	1	10.0	10.0	8.0	8.0	NeuronSpectrum 10.06.2026 14:49:30	EEG	checkup_149_10.06.2026 14:49:30	500.0	499.6666666666667	True	0.5	40.0	4	True	50.0	30.0	401.8263854980469	-25.273744862542966	-572.056884765625	68.7942676870367	-416.2037353515625	23.53847776013027	-506.77667236328125	25.370699592244577	-574.6143188476562	38.81545991818506	-76.36112213134766	2.1915558141447096	-308.8676452636719	19.78424554575404	-58.40927505493164	5.929703594147016	0.0	0.0	0.0	0.0
0.35897350311279297	1781094946.0	1781094946.7378333	1	10.0	10.0	8.0	8.0	NeuronSpectrum 10.06.2026 14:49:30	EEG	checkup_149_10.06.2026 14:49:30	500.0	499.6666666666667	True	0.5	40.0	4	True	50.0	30.0	401.4090881347656	-20.65063310399464	-571.5296630859375	61.79071562040968	-415.59857177734375	18.832754559594882	-505.35040283203125	20.288224005540552	-574.6058349609375	31.597149236006647	-76.17633056640625	1.229016421506902	-309.20623779296875	15.567720527724163	-57.924312591552734	5.4347811727103785	0.0	0.0	0.0	0.0
0.3589751720428467	1781094946.0	1781094946.737835	1	10.0	10.0	8.0	8.0	NeuronSpectrum 10.06.2026 14:49:30	EEG	checkup_149_10.06.2026 14:49:30	500.0	499.6666666666667	True	0.5	40.0	4	True	50.0	30.0	403.7640075683594	-12.577482753326185	-575.57470703125	49.435398233265985	-418.1623840332031	10.423302536166943	-507.70050048828125	10.811947440961028	-578.9521484375	19.21940647214243	-76.65791320800781	-0.4623968868934266	-311.8351135253906	8.61486236739008	-57.667579650878906	4.540123570156609	0.0	0.0	0.0	0.0
0.3589770793914795	1781094946.0	1781094946.7378368	1	10.0	10.0	8.0	8.0	NeuronSpectrum 10.06.2026 14:49:30	EEG	checkup_149_10.06.2026 14:49:30	500.0	499.6666666666667	True	0.5	40.0	4	True	50.0	30.0	408.3581237792969	-2.6916430976247385	-583.3140258789062	34.193959846020746	-423.2939758300781	0.02060255477216466	-513.1346435546875	-1.0201010432802042	-586.7412109375	4.133279175126558	-77.71004486083984	-2.537600806948343	-316.22021484375	0.27415285765002007	-57.69932174682617	3.4756707029264953	0.0	0.0	0.0	0.0
0.3589787483215332	1781094946.0	1781094946.7378385	1	10.0	10.0	8.0	8.0	NeuronSpectrum 10.06.2026 14:49:30	EEG	checkup_149_10.06.2026 14:49:30	500.0	499.6666666666667	True	0.5	40.0	4	True	50.0	30.0	411.2917785644531	7.201079199769799	-588.8392333984375	18.808817324578833	-426.8633728027344	-10.461072245205418	-516.6810302734375	-12.92426870645031	-592.1859130859375	-10.94726070599754	-78.56473541259766	-4.610895872203546	-319.2205505371094	-7.974130712116898	-57.58212661743164	2.485027008543979	0.0	0.0	0.0	0.0
0.358980655670166	1781094946.0	1781094946.7378404	1	10.0	10.0	8.0	8.0	NeuronSpectrum 10.06.2026 14:49:30	EEG	checkup_149_10.06.2026 14:49:30	500.0	499.6666666666667	True	0.5	40.0	4	True	50.0	30.0	407.4237976074219	15.474930441004854	-584.3733520507812	5.775139760977668	-423.42938232421875	-19.270907333273858	-511.7777099609375	-22.81574696024653	-587.7084350585938	-23.562775633850258	-78.17694854736328	-6.327355935785631	-316.75482177734375	-14.797782947236408	-56.63882064819336	1.7789441189163546	0.0	0.0	0.0	0.0
0.3589823246002197	1781094946.0	1781094946.737842	1	10.0	10.0	8.0	8.0	NeuronSpectrum 10.06.2026 14:49:30	EEG	checkup_149_10.06.2026 14:49:30	500.0	499.6666666666667	True	0.5	40.0	4	True	50.0	30.0	395.5219421386719	20.8913434050721	-567.9052734375	-2.9813919749899913	-411.5864562988281	-25.050066385835155	-496.7415466308594	-29.084155181388248	-571.3687133789062	-31.826715307433393	-76.21437072753906	-7.411164622657168	-307.811279296875	-19.184972052666787	-54.668190002441406	1.50903838975733	0.0	0.0	0.0	0.0
0.35898423194885254	1781094946.0	1781094946.737844	1	10.0	10.0	8.0	8.0	NeuronSpectrum 10.06.2026 14:49:30	EEG	checkup_149_10.06.2026 14:49:30	500.0	499.6666666666667	True	0.5	40.0	4	True	50.0	30.0	382.41387939453125	22.678955888819097	-549.3535766601562	-6.242157470249613	-398.2779541015625	-26.93282239489701	-479.98468017578125	-30.713801916425577	-552.8551635742188	-34.560528480004336	-73.87886810302734	-7.691663308608737	-297.67657470703125	-20.517630912319362	-52.556819915771484	1.7584534303710444	0.0	0.0	0.0	0.0
0.35898613929748535	1781094946.0	1781094946.737846	1	10.0	10.0	8.0	8.0	NeuronSpectrum 10.06.2026 14:49:30	EEG	checkup_149_10.06.2026 14:49:30	500.0	499.6666666666667	True	0.5	40.0	4	True	50.0	30.0	380.8913879394531	20.5510037307366	-547.5130615234375	-3.5386056529557814	-396.65142822265625	-24.582383747715195	-477.4225769042969	-27.32402753803592	-550.4979858398438	-31.33323590625285	-73.54813385009766	-7.116350707022038	-296.3068542480469	-18.59305645262319	-52.03435516357422	2.539903299816177	0.0	0.0	0.0	0.0
0.35898780822753906	1781094946.0	1781094946.7378476	1	10.0	10.0	8.0	8.0	NeuronSpectrum 10.06.2026 14:49:30	EEG	checkup_149_10.06.2026 14:49:30	500.0	499.6666666666667	True	0.5	40.0	4	True	50.0	30.0	399.9765319824219	14.72601843851463	-575.7167358398438	4.806699035737761	-416.0157165527344	-18.224967675687317	-500.3356018066406	-19.207142172445934	-577.302490234375	-22.496328686305556	-76.94859313964844	-5.760112063235759	-310.7597961425781	-13.642208641312493	-54.34902572631836	3.7922588756204467	0.0	0.0	0.0	0.0
0.358989953994751	1781094946.0	1781094946.7378497	1	10.0	10.0	8.0	8.0	NeuronSpectrum 10.06.2026 14:49:30	EEG	checkup_149_10.06.2026 14:49:30	500.0	499.6666666666667	True	0.5	40.0	4	True	50.0	30.0	433.1828918457031	5.971103141760762	-624.510498046875	17.615594224308992	-449.717529296875	-8.698549732482995	-540.7152099609375	-7.384659885592008	-624.083984375	-9.239972583338952	-82.9136734008789	-3.8317982540478224	-336.06488037109375	-6.3579225267186406	-58.630367279052734	5.374026463161262	0.0	0.0	0.0	0.0
0.3589916229248047	1781094946.0	1781094946.7378514	1	10.0	10.0	8.0	8.0	NeuronSpectrum 10.06.2026 14:49:30	EEG	checkup_149_10.06.2026 14:49:30	500.0	499.6666666666667	True	0.5	40.0	4	True	50.0	30.0	454.67633056640625	-4.383373813204599	-655.94970703125	32.84250926582996	-471.16943359375	2.538132674046545	-566.458251953125	6.383168389270386	-653.9268188476562	6.40209217652359	-86.61591339111328	-1.6674053495273116	-352.2315368652344	2.1069887632758295	-61.32517623901367	7.062059449532638	0.0	0.0	0.0	0.0
0.3589935302734375	1781094946.0	1781094946.7378533	1	10.0	10.0	8.0	8.0	NeuronSpectrum 10.06.2026 14:49:30	EEG	checkup_149_10.06.2026 14:49:30	500.0	499.6666666666667	True	0.5	40.0	4	True	50.0	30.0	429.6923828125	-14.55483099994668	-618.9102783203125	47.756756106820525	-444.5967712402344	13.535945956821893	-534.3446044921875	19.754427768733755	-617.10205078125	21.735288736099463	-81.5073471069336	0.3076535777810473	-332.3374328613281	10.245775784015356	-57.61670684814453	8.569878334818325	0.0	0.0	0.0	0.0
0.3589951992034912	1781094946.0	1781094946.737855	1	10.0	10.0	8.0	8.0	NeuronSpectrum 10.06.2026 14:49:30	EEG	checkup_149_10.06.2026 14:49:30	500.0	499.6666666666667	True	0.5	40.0	4	True	50.0	30.0	335.28900146484375	-22.614632125422624	-479.654541015625	59.417264255713306	-346.45074462890625	22.193781245123816	-415.9020690917969	30.212172613652168	-480.8248291015625	33.86942518558255	-63.25006866455078	1.6574095143918604	-258.64788818359375	16.458734835570375	-44.30434036254883	9.595315296768648	0.0	0.0	0.0	0.0
0.3589968681335449	1781094946.0	1781094946.7378566	1	10.0	10.0	8.0	8.0	NeuronSpectrum 10.06.2026 14:49:30	EEG	checkup_149_10.06.2026 14:49:30	500.0	499.6666666666667	True	0.5	40.0	4	True	50.0	30.0	178.14300537109375	-26.948705186926585	-248.0631561279297	65.37469274612928	-183.75599670410156	26.758479360086085	-219.57400512695312	35.66479165958704	-254.77865600585938	40.40283005564464	-33.11717224121094	2.043132924952665	-136.43072509765625	19.433276558004415	-22.29659080505371	9.89095564269039	0.0	0.0	0.0	0.0
0.40987086296081543	1781094946.0	1781094946.7887306	1	10.0	10.0	8.0	8.0	NeuronSpectrum 10.06.2026 14:49:30	EEG	checkup_149_10.06.2026 14:49:30	500.0	499.6666666666667	True	0.5	40.0	4	True	50.0	30.0	399.10772705078125	-26.704917406406302	-574.8612060546875	64.34847619797173	-412.5754699707031	26.307880208554238	-495.8022766113281	35.02531986458752	-572.187255859375	40.080098256414736	-76.41716003417969	1.3231834684037724	-309.2483215332031	18.50816688496213	-54.260986328125	9.33246504783684	0.0	0.0	0.0	0.0
0.40987586975097656	1781094946.0	1781094946.7887356	1	10.0	10.0	8.0	8.0	NeuronSpectrum 10.06.2026 14:49:30	EEG	checkup_149_10.06.2026 14:49:30	500.0	499.6666666666667	True	0.5	40.0	4	True	50.0	30.0	398.6939697265625	-22.02422041636111	-575.4645385742188	56.57558269184483	-412.6739807128906	21.002806797878428	-496.16302490234375	28.511726425869984	-572.124755859375	33.12917260200606	-77.39759063720703	-0.39784252254631114	-310.09149169921875	13.860390354513736	-55.006744384765625	7.95487129902504	0.0	0.0	0.0	0.0
0.4098780155181885	1781094946.0	1781094946.7887378	1	10.0	10.0	8.0	8.0	NeuronSpectrum 10.06.2026 14:49:30	EEG	checkup_149_10.06.2026 14:49:30	500.0	499.6666666666667	True	0.5	40.0	4	True	50.0	30.0	401.25201416015625	-13.957693299217198	-580.5880737304688	43.68503116322975	-416.0923767089844	12.00405149700538	-500.528564453125	17.543291819016865	-576.5392456054688	21.136671896836184	-79.00946044921875	-2.7912968612514057	-313.4211730957031	6.436586151999311	-56.32414627075195	5.942058005347655	0.0	0.0	0.0	0.0
0.4098799228668213	1781094946.0	1781094946.7887397	1	10.0	10.0	8.0	8.0	NeuronSpectrum 10.06.2026 14:49:30	EEG	checkup_149_10.06.2026 14:49:30	500.0	499.6666666666667	True	0.5	40.0	4	True	50.0	30.0	406.1827087402344	-4.1373426218442	-589.1065673828125	28.19929653388311	-422.0529479980469	1.123846733400517	-507.9013671875	4.317523752913146	-584.3575439453125	6.560620233701465	-80.87864685058594	-5.384312064312159	-318.52789306640625	-2.3178553117473326	-58.04253005981445	3.5786862029285524	0.0	0.0	0.0	0.0
0.409881591796875	1781094946.0	1781094946.7887414	1	10.0	10.0	8.0	8.0	NeuronSpectrum 10.06.2026 14:49:30	EEG	checkup_149_10.06.2026 14:49:30	500.0	499.6666666666667	True	0.5	40.0	4	True	50.0	30.0	409.4811096191406	5.634043589145682	-594.9349365234375	12.909717338973547	-426.28662109375	-9.615873888099124	-513.0906372070312	-8.723834591762277	-589.67041015625	-7.878626263633796	-82.07766723632812	-7.662551660237376	-322.1322937011719	-10.801058261772873	-59.50797653198242	1.1880546334252775	0.0	0.0	0.0	0.0
0.4098834991455078	1781094946.0	1781094946.7887433	1	10.0	10.0	8.0	8.0	NeuronSpectrum 10.06.2026 14:49:30	EEG	checkup_149_10.06.2026 14:49:30	500.0	499.6666666666667	True	0.5	40.0	4	True	50.0	30.0	405.8847961425781	13.725490069703671	-590.2289428710938	0.3495062198922152	-423.2528991699219	-18.361730335292165	-509.4070129394531	-19.350164255845304	-584.8389282226562	-19.71176457032706	-81.54310607910156	-9.16277837514494	-320.054443359375	-17.548868027408407	-59.90581130981445	-0.922591135859488	0.0	0.0	0.0	0.0
0.4098854064941406	1781094946.0	1781094946.7887452	1	10.0	10.0	8.0	8.0	NeuronSpectrum 10.06.2026 14:49:30	EEG	checkup_149_10.06.2026 14:49:30	500.0	499.6666666666667	True	0.5	40.0	4	True	50.0	30.0	394.0290832519531	18.885598284024308	-572.9443969726562	-7.531831664712253	-411.38482666015625	-23.669734107874287	-494.9998779296875	-25.829468313583465	-567.8372192382812	-27.037549351627437	-78.9473648071289	-9.537140711322612	-311.10003662109375	-21.423993709141907	-59.00735855102539	-2.499063911970599	0.0	0.0	0.0	0.0
0.40988707542419434	1781094946.0	1781094946.7887468	1	10.0	10.0	8.0	8.0	NeuronSpectrum 10.06.2026 14:49:30	EEG	checkup_149_10.06.2026 14:49:30	500.0	499.6666666666667	True	0.5	40.0	4	True	50.0	30.0	380.60601806640625	20.329656227363085	-552.8936767578125	-9.510118728213175	-397.3047180175781	-24.61851635272562	-477.9359130859375	-27.060446001292696	-548.144775390625	-28.660674987797936	-75.36451721191406	-8.587137429766859	-300.1637878417969	-21.706450389625505	-57.758792877197266	-3.360731105394366	0.0	0.0	0.0	0.0
0.40988874435424805	1781094946.0	1781094946.7887485	1	10.0	10.0	8.0	8.0	NeuronSpectrum 10.06.2026 14:49:30	EEG	checkup_149_10.06.2026 14:49:30	500.0	499.6666666666667	True	0.5	40.0	4	True	50.0	30.0	378.31494140625	17.767579518068555	-548.7013549804688	-5.133204599977819	-393.75811767578125	-20.854150716591636	-473.6785583496094	-22.621764281779246	-543.8082275390625	-24.13725423280477	-72.90363311767578	-6.27569441649031	-296.68096923828125	-18.129305189431587	-57.962181091308594	-3.4122900114761445	0.0	0.0	0.0	0.0
0.40989065170288086	1781094946.0	1781094946.7887504	1	10.0	10.0	8.0	8.0	NeuronSpectrum 10.06.2026 14:49:30	EEG	checkup_149_10.06.2026 14:49:30	500.0	499.6666666666667	True	0.5	40.0	4	True	50.0	30.0	396.22003173828125	11.433931949549123	-573.6700439453125	5.236513454579358	-409.88787841796875	-12.62715095063709	-493.3102722167969	-12.813082594996438	-567.7368774414062	-13.816083738181948	-73.12198638916016	-2.72806210583852	-307.4295959472656	-10.905348741455535	-60.86281967163086	-2.6544736099729187	0.0	0.0	0.0	0.0
0.40989232063293457	1781094946.0	1781094946.788752	1	10.0	10.0	8.0	8.0	NeuronSpectrum 10.06.2026 14:49:30	EEG	checkup_149_10.06.2026 14:49:30	500.0	499.6666666666667	True	0.5	40.0	4	True	50.0	30.0	428.0917053222656	2.1349194427372	-618.7388916015625	20.35955530064926	-439.49053955078125	-0.8369276463879713	-529.3272094726562	1.29246731519107	-611.165771484375	1.1008638872401755	-75.14737701416016	1.7736652031523263	-327.8645324707031	-0.7569308869940334	-65.46929168701172	-1.1946966856726104	0.0	0.0	0.0	0.0
0.4098942279815674	1781094946.0	1781094946.788754	1	10.0	10.0	8.0	8.0	NeuronSpectrum 10.06.2026 14:49:30	EEG	checkup_149_10.06.2026 14:49:30	500.0	499.6666666666667	True	0.5	40.0	4	True	50.0	30.0	448.5491943359375	-8.740979882007895	-646.8809204101562	38.112134433938834	-457.1510009765625	12.968631883021764	-550.9684448242188	17.84690138474481	-638.2073974609375	18.551908079140787	-75.08927154541016	6.807825197950285	-339.2865295410156	11.089028327824796	-68.0356216430664	0.7509091984441502	0.0	0.0	0.0	0.0
0.409895658493042	1781094946.0	1781094946.7887554	1	10.0	10.0	8.0	8.0	NeuronSpectrum 10.06.2026 14:49:30	EEG	checkup_149_10.06.2026 14:49:30	500.0	499.6666666666667	True	0.5	40.0	4	True	50.0	30.0	423.3181457519531	-19.344957016542033	-608.1331176757812	55.67288372156931	-428.592041015625	26.73320743698614	-516.7374267578125	34.391751798516054	-600.4163818359375	35.797619403629895	-67.71566009521484	11.854498007829832	-316.503662109375	23.01056369801647	-63.603614807128906	2.878216571075703	0.0	0.0	0.0	0.0
0.4098975658416748	1781094946.0	1781094946.7887573	1	10.0	10.0	8.0	8.0	NeuronSpectrum 10.06.2026 14:49:30	EEG	checkup_149_10.06.2026 14:49:30	500.0	499.6666666666667	True	0.5	40.0	4	True	50.0	30.0	329.7383117675781	-27.688183832849937	-469.5675048828125	69.99888309731993	-331.31048583984375	38.235434366815845	-399.36309814453125	48.26623726064031	-465.85400390625	49.88362681422024	-49.72496032714844	16.368641449282336	-243.0604705810547	33.2518186848019	-49.009334564208984	4.8474835991252005	0.0	0.0	0.0	0.0
0.4098992347717285	1781094946.0	1781094946.788759	1	10.0	10.0	8.0	8.0	NeuronSpectrum 10.06.2026 14:49:30	EEG	checkup_149_10.06.2026 14:49:30	500.0	499.6666666666667	True	0.5	40.0	4	True	50.0	30.0	174.374755859375	-32.11536683261631	-240.97706604003906	78.52541847454425	-172.24212646484375	45.587620749321175	-207.17356872558594	57.20292250342468	-244.00393676757812	58.32033303947727	-22.48271942138672	19.875764965565153	-124.23941802978516	40.30045076087843	-25.416227340698242	6.3594276152916205	0.0	0.0	0.0	0.0
0.4608750343322754	1781094946.0	1781094946.8397348	1	10.0	10.0	8.0	8.0	NeuronSpectrum 10.06.2026 14:49:30	EEG	checkup_149_10.06.2026 14:49:30	500.0	499.6666666666667	True	0.5	40.0	4	True	50.0	30.0	393.5176086425781	-31.76024091372519	-558.8680419921875	79.84023986049284	-390.44586181640625	47.715016927229925	-470.5736999511719	59.90156181833922	-552.4695434570312	59.73736758780108	-55.002933502197266	22.061397797688052	-283.5856628417969	43.25203233547273	-56.6159553527832	7.228330685158747	0.0	0.0	0.0	0.0
0.46088194847106934	1781094946.0	1781094946.8397417	1	10.0	10.0	8.0	8.0	NeuronSpectrum 10.06.2026 14:49:30	EEG	checkup_149_10.06.2026 14:49:30	500.0	499.6666666666667	True	0.5	40.0	4	True	50.0	30.0	393.6790771484375	-26.778218655146393	-557.2959594726562	74.03402703144654	-388.54791259765625	44.60761580521788	-468.03192138671875	56.33127248022248	-551.0202026367188	54.22316550279731	-53.33624267578125	22.82081676446279	-280.9419250488281	42.0070610889535	-55.77589416503906	7.420919063390709	0.0	0.0	0.0	0.0
0.46088504791259766	1781094946.0	1781094946.8397448	1	10.0	10.0	8.0	8.0	NeuronSpectrum 10.06.2026 14:49:30	EEG	checkup_149_10.06.2026 14:49:30	500.0	499.6666666666667	True	0.5	40.0	4	True	50.0	30.0	396.811279296875	-18.25828139470888	-560.5872192382812	62.58391120075961	-390.4274597167969	37.24453208767024	-469.97625732421875	47.640945801670405	-554.22998046875	43.210909121181196	-52.99085998535156	22.252875329106743	-281.50604248046875	37.2252656024862	-55.49655532836914	7.0461130947636486	0.0	0.0	0.0	0.0
0.4608879089355469	1781094946.0	1781094946.8397477	1	10.0	10.0	8.0	8.0	NeuronSpectrum 10.06.2026 14:49:30	EEG	checkup_149_10.06.2026 14:49:30	500.0	499.6666666666667	True	0.5	40.0	4	True	50.0	30.0	402.2318420410156	-7.883480272598845	-567.9376220703125	47.86989341427825	-395.51544189453125	27.25982417703245	-475.82098388671875	35.760778556640155	-561.2957763671875	29.008194067943204	-53.92009735107422	20.60864328117211	-284.9662780761719	30.086030264394378	-55.676055908203125	6.3060731097985	0.0	0.0	0.0	0.0
0.4608898162841797	1781094946.0	1781094946.8397496	1	10.0	10.0	8.0	8.0	NeuronSpectrum 10.06.2026 14:49:30	EEG	checkup_149_10.06.2026 14:49:30	500.0	499.6666666666667	True	0.5	40.0	4	True	50.0	30.0	405.92706298828125	2.491658489197631	-573.5028076171875	32.56745446378389	-399.6759033203125	16.518630617947064	-480.6545104980469	22.89774566774921	-566.5595092773438	14.207176089997597	-55.34103775024414	18.22158945273985	-288.2634582519531	21.977694115853886	-55.7044563293457	5.4341261754581165	0.0	0.0	0.0	0.0
0.4608919620513916	1781094946.0	1781094946.8397517	1	10.0	10.0	8.0	8.0	NeuronSpectrum 10.06.2026 14:49:30	EEG	checkup_149_10.06.2026 14:49:30	500.0	499.6666666666667	True	0.5	40.0	4	True	50.0	30.0	402.6931457519531	11.19436624586022	-569.5396728515625	19.136315492595994	-397.418701171875	6.757080684980446	-477.8911437988281	11.108640455568391	-562.5554809570312	1.1892256880323853	-56.13969802856445	15.443907627545116	-287.2276916503906	14.227912723952347	-54.8007926940918	4.643136380530908	0.0	0.0	0.0	0.0
0.4608941078186035	1781094946.0	1781094946.8397539	1	10.0	10.0	8.0	8.0	NeuronSpectrum 10.06.2026 14:49:30	EEG	checkup_149_10.06.2026 14:49:30	500.0	499.6666666666667	True	0.5	40.0	4	True	50.0	30.0	391.2491760253906	16.946660850010385	-554.0138549804688	9.506820037931188	-387.25885009765625	-0.6421273958131521	-465.76104736328125	2.035641190489608	-547.3826904296875	-8.177242131294994	-55.900634765625	12.600980126099557	-280.620849609375	7.928360664671036	-52.778709411621094	4.095739677193925	0.0	0.0	0.0	0.0
0.46089601516723633	1781094946.0	1781094946.8397558	1	10.0	10.0	8.0	8.0	NeuronSpectrum 10.06.2026 14:49:30	EEG	checkup_149_10.06.2026 14:49:30	500.0	499.6666666666667	True	0.5	40.0	4	True	50.0	30.0	378.3401184082031	18.95074998793675	-536.7536010742188	4.944956225308154	-376.058349609375	-4.750035190944736	-452.5868835449219	-3.2110836646032364	-530.655029296875	-12.664525629212948	-55.772823333740234	9.962939978487006	-273.4515075683594	3.8468360584213728	-50.65171813964844	3.8949988375917766	0.0	0.0	0.0	0.0
0.46089816093444824	1781094946.0	1781094946.839758	1	10.0	10.0	8.0	8.0	NeuronSpectrum 10.06.2026 14:49:30	EEG	checkup_149_10.06.2026 14:49:30	500.0	499.6666666666667	True	0.5	40.0	4	True	50.0	30.0	376.6520080566406	16.90949301764595	-536.4243774414062	6.005584369163888	-376.91064453125	-5.1291332172201916	-454.2299499511719	-4.0987715744884285	-530.5304565429688	-11.727564805149637	-58.11783981323242	7.724524329967579	-275.4400329589844	2.384055594086882	-50.320343017578125	4.08577441203772	0.0	0.0	0.0	0.0
0.46090006828308105	1781094946.0	1781094946.8397598	1	10.0	10.0	8.0	8.0	NeuronSpectrum 10.06.2026 14:49:30	EEG	checkup_149_10.06.2026 14:49:30	500.0	499.6666666666667	True	0.5	40.0	4	True	50.0	30.0	395.177490234375	11.04680891066449	-566.2564697265625	12.482033053771406	-399.1023254394531	-1.8715269355890842	-481.91143798828125	-0.721297333857436	-559.8219604492188	-5.5501896364483345	-64.62769317626953	5.98459396304238	-293.49578857421875	3.531918320745241	-53.14570236206055	4.6559014199811415	0.0	0.0	0.0	0.0
0.46090197563171387	1781094946.0	1781094946.8397617	1	10.0	10.0	8.0	8.0	NeuronSpectrum 10.06.2026 14:49:30	EEG	checkup_149_10.06.2026 14:49:30	500.0	499.6666666666667	True	0.5	40.0	4	True	50.0	30.0	427.60382080078125	2.1476238398855596	-616.7808837890625	23.328005777136156	-435.953857421875	4.345995010129737	-527.4476318359375	6.12929831811553	-609.225341796875	4.880105291820573	-73.99210357666016	4.725000797215386	-322.5547180175781	6.824494534223482	-58.22980499267578	5.532389372904031	0.0	0.0	0.0	0.0
0.4609034061431885	1781094946.0	1781094946.8397632	1	10.0	10.0	8.0	8.0	NeuronSpectrum 10.06.2026 14:49:30	EEG	checkup_149_10.06.2026 14:49:30	500.0	499.6666666666667	True	0.5	40.0	4	True	50.0	30.0	448.505615234375	-8.432079415780853	-650.127197265625	36.629451459325466	-460.7843322753906	12.243932328444133	-558.3488159179688	14.936233158720674	-641.8131103515625	17.743820113579197	-81.07360076904297	3.800686414660884	-342.501953125	11.324340277089702	-61.83995056152344	6.578096335986059	0.0	0.0	0.0	0.0
0.4609053134918213	1781094946.0	1781094946.839765	1	10.0	10.0	8.0	8.0	NeuronSpectrum 10.06.2026 14:49:30	EEG	checkup_149_10.06.2026 14:49:30	500.0	499.6666666666667	True	0.5	40.0	4	True	50.0	30.0	423.61798095703125	-18.87987226098476	-615.2528686523438	49.76952822706067	-437.6083984375	20.058208413998273	-530.8236694335938	23.598089710202704	-607.8876342773438	30.546578716550947	-78.89199829101562	2.9601178214127772	-326.1929931640625	15.71853151267309	-58.902400970458984	7.601783733274153	0.0	0.0	0.0	0.0
0.4609067440032959	1781094946.0	1781094946.8397665	1	10.0	10.0	8.0	8.0	NeuronSpectrum 10.06.2026 14:49:30	EEG	checkup_149_10.06.2026 14:49:30	500.0	499.6666666666667	True	0.5	40.0	4	True	50.0	30.0	330.31561279296875	-27.23379265899992	-478.3883972167969	59.88711015949568	-342.5612487792969	25.86322514330639	-415.8268127441406	29.819535174680112	-474.6156005859375	40.55970604379069	-62.70488739013672	1.9081798457203747	-255.58641052246094	18.573714094773493	-46.00557327270508	8.391835590273876	0.0	0.0	0.0	0.0
0.4609088897705078	1781094946.0	1781094946.8397686	1	10.0	10.0	8.0	8.0	NeuronSpectrum 10.06.2026 14:49:30	EEG	checkup_149_10.06.2026 14:49:30	500.0	499.6666666666667	True	0.5	40.0	4	True	50.0	30.0	175.17796325683594	-31.84119307750577	-249.1990203857422	64.56650238727735	-182.3350830078125	28.054354594741095	-221.4805908203125	31.696730980943904	-251.4661102294922	45.48434146179512	-33.58921432495117	0.40106938675345166	-135.66273498535156	18.71178624736528	-23.99537467956543	8.769612607260632	0.0	0.0	0.0	0.0
0.4609103202819824	1781094946.0	1781094946.83977	1	10.0	10.0	8.0	8.0	NeuronSpectrum 10.06.2026 14:49:30	EEG	checkup_149_10.06.2026 14:49:30	500.0	499.6666666666667	True	0.5	40.0	4	True	50.0	30.0	392.8837585449219	-31.804297435906896	-575.3704833984375	62.50895873607117	-413.11639404296875	25.813627816266283	-503.1047058105469	28.281896125854622	-567.9481811523438	44.097562913424206	-79.40835571289062	-1.6624624195132378	-311.4476013183594	15.568823181888103	-55.88978958129883	8.641289363269774	0.0	0.0	0.0	0.0
0.46091246604919434	1781094946.0	1781094946.8397722	1	10.0	10.0	8.0	8.0	NeuronSpectrum 10.06.2026 14:49:30	EEG	checkup_149_10.06.2026 14:49:30	500.0	499.6666666666667	True	0.5	40.0	4	True	50.0	30.0	392.3570556640625	-27.212666561622648	-576.6317749023438	53.885050868688104	-414.5898132324219	19.347348604832426	-505.66485595703125	19.868944096293653	-568.3123168945312	36.58899298911432	-81.29588317871094	-4.195480698619473	-314.1838684082031	9.374429799752475	-55.88853073120117	8.022333885958496	0.0	0.0	0.0	0.0
0.46091413497924805	1781094946.0	1781094946.839774	1	10.0	10.0	8.0	8.0	NeuronSpectrum 10.06.2026 14:49:30	EEG	checkup_149_10.06.2026 14:49:30	500.0	499.6666666666667	True	0.5	40.0	4	True	50.0	30.0	394.9102478027344	-19.06633158256155	-582.3177490234375	40.222193441546736	-418.6100158691406	9.794854451095075	-511.1878967285156	7.877254781270906	-572.6902465820312	24.447205205713086	-83.29403686523438	-6.942711395896301	-318.7983703613281	1.0743118342091993	-56.068016052246094	7.023349329802598	0.0	0.0	0.0	0.0
0.46091604232788086	1781094946.0	1781094946.8397758	1	10.0	10.0	8.0	8.0	NeuronSpectrum 10.06.2026 14:49:30	EEG	checkup_149_10.06.2026 14:49:30	500.0	499.6666666666667	True	0.5	40.0	4	True	50.0	30.0	400.015625	-8.9564140568068	-591.4773559570312	23.926271516602142	-424.47161865234375	-1.1193884310261282	-518.716552734375	-5.577853034515095	-580.181396484375	9.992777917620769	-85.12061309814453	-9.551346266531583	-324.5081787109375	-7.94778911994271	-56.40483474731445	5.808457021658884	0.0	0.0	0.0	0.0
0.46091794967651367	1781094946.0	1781094946.8397777	1	10.0	10.0	8.0	8.0	NeuronSpectrum 10.06.2026 14:49:30	EEG	checkup_149_10.06.2026 14:49:30	500.0	499.6666666666667	True	0.5	40.0	4	True	50.0	30.0	403.7464599609375	1.334375696704217	-598.1351928710938	7.680592756908911	-428.08807373046875	-11.516554092937978	-523.2069702148438	-18.214807160757772	-585.1068115234375	-4.205336885548479	-85.96732330322266	-11.657752170476911	-328.006103515625	-16.213473233262	-56.431427001953125	4.549553815928028	0.0	0.0	0.0	0.0
0.4609200954437256	1781094946.0	1781094946.8397799	1	10.0	10.0	8.0	8.0	NeuronSpectrum 10.06.2026 14:49:30	EEG	checkup_149_10.06.2026 14:49:30	500.0	499.6666666666667	True	0.5	40.0	4	True	50.0	30.0	400.8960876464844	10.166012103684453	-594.4872436523438	-6.058644384674395	-424.1771545410156	-19.720783167418894	-518.216064453125	-28.023393248820998	-580.060791015625	-15.817215152658246	-84.92060852050781	-12.95796318302981	-325.1784362792969	-22.434982782829366	-55.534969329833984	3.395432621981296	0.0	0.0	0.0	0.0
0.4609217643737793	1781094946.0	1781094946.8397815	1	10.0	10.0	8.0	8.0	NeuronSpectrum 10.06.2026 14:49:30	EEG	checkup_149_10.06.2026 14:49:30	500.0	499.6666666666667	True	0.5	40.0	4	True	50.0	30.0	390.0906982421875	16.245211556145318	-578.5193481445312	-15.37059376391733	-411.4533386230469	-24.471728528552838	-502.24322509765625	-33.52184450328026	-563.1613159179688	-23.04645957149089	-81.85688018798828	-13.246547384186137	-315.0516662597656	-25.683582776678307	-53.688995361328125	2.4615161030306196	0.0	0.0	0.0	0.0
0.4609239101409912	1781094946.0	1781094946.8397837	1	10.0	10.0	8.0	8.0	NeuronSpectrum 10.06.2026 14:49:30	EEG	checkup_149_10.06.2026 14:49:30	500.0	499.6666666666667	True	0.5	40.0	4	True	50.0	30.0	377.9145202636719	18.714527784345307	-560.1193237304688	-19.002315927287945	-396.78216552734375	-25.006684828766524	-483.78875732421875	-33.850332060280806	-543.8590087890625	-24.752028618239557	-78.10790252685547	-12.425966726014003	-302.9153137207031	-25.448884030310296	-52.02427673339844	1.8334879245251587	0.0	0.0	0.0	0.0
0.4609260559082031	1781094946.0	1781094946.8397858	1	10.0	10.0	8.0	8.0	NeuronSpectrum 10.06.2026 14:49:30	EEG	checkup_149_10.06.2026 14:49:30	500.0	499.6666666666667	True	0.5	40.0	4	True	50.0	30.0	376.86859130859375	17.187848350273875	-557.9961547851562	-16.41655215673751	-393.0556945800781	-21.077192974438347	-478.73785400390625	-28.780684970194333	-539.9986572265625	-20.485875808292192	-76.01922607421875	-10.499658999684362	-298.6866455078125	-21.638147486257516	-52.47320556640625	1.5717005803511557	0.0	0.0	0.0	0.0
0.46092772483825684	1781094946.0	1781094946.8397875	1	10.0	10.0	8.0	8.0	NeuronSpectrum 10.06.2026 14:49:30	EEG	checkup_149_10.06.2026 14:49:30	500.0	499.6666666666667	True	0.5	40.0	4	True	50.0	30.0	395.7931823730469	11.792390626744579	-585.3960571289062	-7.84557037285651	-409.427490234375	-12.966293970358024	-498.4116516113281	-18.724996437266988	-564.2315673828125	-10.535198013935728	-77.21592712402344	-7.563762455384263	-309.51129150390625	-14.568750219244428	-56.301082611083984	1.704914946888682	0.0	0.0	0.0	0.0
0.46092987060546875	1781094946.0	1781094946.8397896	1	10.0	10.0	8.0	8.0	NeuronSpectrum 10.06.2026 14:49:30	EEG	checkup_149_10.06.2026 14:49:30	500.0	499.6666666666667	True	0.5	40.0	4	True	50.0	30.0	428.3098449707031	3.2302297696086812	-632.8988037109375	5.626742373058003	-439.5677795410156	-1.525949703252973	-535.1954345703125	-4.76964645477334	-607.6624145507812	4.007558380891527	-80.59178161621094	-3.80466137855953	-330.8724670410156	-4.974137865721636	-62.37697982788086	2.211193148663225	0.0	0.0	0.0	0.0
0.46093153953552246	1781094946.0	1781094946.8397913	1	10.0	10.0	8.0	8.0	NeuronSpectrum 10.06.2026 14:49:30	EEG	checkup_149_10.06.2026 14:49:30	500.0	499.6666666666667	True	0.5	40.0	4	True	50.0	30.0	449.0426940917969	-7.196156871419062	-662.8114624023438	22.033900652517538	-457.8453063964844	11.815800373976419	-557.8412475585938	11.324046174044009	-634.5264892578125	21.221049351598147	-81.72618865966797	0.5033158825207216	-343.6687316894531	6.008412543826851	-66.65596771240234	2.996449354321561	0.0	0.0	0.0	0.0
0.4609334468841553	1781094946.0	1781094946.8397932	1	10.0	10.0	8.0	8.0	NeuronSpectrum 10.06.2026 14:49:30	EEG	checkup_149_10.06.2026 14:49:30	500.0	499.6666666666667	True	0.5	40.0	4	True	50.0	30.0	423.8748474121094	-17.692698796563008	-624.4459838867188	38.690668170926656	-429.7615051269531	25.173542483055943	-524.179443359375	27.26722494402945	-596.7146606445312	38.513848918655725	-74.76626586914062	5.015069973981308	-322.0234680175781	16.935109604953958	-63.797271728515625	3.8895346672833	0.0	0.0	0.0	0.0
0.460935115814209	1781094946.0	1781094946.8397949	1	10.0	10.0	8.0	8.0	NeuronSpectrum 10.06.2026 14:49:30	EEG	checkup_149_10.06.2026 14:49:30	500.0	499.6666666666667	True	0.5	40.0	4	True	50.0	30.0	330.36651611328125	-26.284679640421047	-484.4935302734375	52.651453020909955	-332.67510986328125	36.516211344516286	-406.4220886230469	40.62030030336381	-462.6324768066406	53.06070053408567	-56.02217102050781	9.358861880713665	-248.856201171875	26.28633448825489	-50.30398178100586	4.669065168840267	0.0	0.0	0.0	0.0
0.4609372615814209	1781094946.0	1781094946.839797	1	10.0	10.0	8.0	8.0	NeuronSpectrum 10.06.2026 14:49:30	EEG	checkup_149_10.06.2026 14:49:30	500.0	499.6666666666667	True	0.5	40.0	4	True	50.0	30.0	175.2392578125	-31.286446022087897	-253.01063537597656	61.3996297437151	-173.51602172851562	44.12922676992651	-212.83258056640625	49.3480730757449	-241.8734893798828	62.45636977304686	-26.950674057006836	13.202549666936337	-129.2249298095703	32.79996343834983	-27.183670043945312	5.120148275138078	0.0	0.0	0.0	0.0
0.4609389305114746	1781094946.0	1781094946.8397987	1	10.0	10.0	8.0	8.0	NeuronSpectrum 10.06.2026 14:49:30	EEG	checkup_149_10.06.2026 14:49:30	500.0	499.6666666666667	True	0.5	40.0	4	True	50.0	30.0	392.10333251953125	-31.7598623149063	-574.17578125	63.51773094475877	-391.46722412109375	47.05878687234283	-479.1947021484375	52.34993588088523	-545.9763793945312	65.35024968950977	-61.646575927734375	16.316980874954986	-292.1019287109375	35.78526929579042	-59.67790603637695	5.098596727715669	0.0	0.0	0.0	0.0
0.4609408378601074	1781094946.0	1781094946.8398006	1	10.0	10.0	8.0	8.0	NeuronSpectrum 10.06.2026 14:49:30	EEG	checkup_149_10.06.2026 14:49:30	500.0	499.6666666666667	True	0.5	40.0	4	True	50.0	30.0	391.13427734375	-27.7569442914973	-571.420654296875	59.03826783468391	-388.35809326171875	45.33694907758977	-476.0414733886719	49.72204569932044	-542.80712890625	61.77711413897362	-58.57828903198242	18.606501300633578	-289.24395751953125	35.27223679404403	-59.0936279296875	4.572717902077079	0.0	0.0	0.0	0.0
0.46094226837158203	1781094946.0	1781094946.839802	1	10.0	10.0	8.0	8.0	NeuronSpectrum 10.06.2026 14:49:30	EEG	checkup_149_10.06.2026 14:49:30	500.0	499.6666666666667	True	0.5	40.0	4	True	50.0	30.0	393.19696044921875	-20.24726242094339	-573.0040893554688	49.33135767680954	-388.2854309082031	39.893238279676474	-476.47808837890625	42.63896227787019	-543.9295654296875	53.04787057652189	-56.03902053833008	20.094285454249476	-288.45648193359375	31.9315671357746	-58.82023239135742	3.6260685651382207	0.0	0.0	0.0	0.0
0.46094441413879395	1781094946.0	1781094946.8398042	1	10.0	10.0	8.0	8.0	NeuronSpectrum 10.06.2026 14:49:30	EEG	checkup_149_10.06.2026 14:49:30	500.0	499.6666666666667	True	0.5	40.0	4	True	50.0	30.0	397.7369079589844	-10.796314286922705	-578.1926879882812	36.63038844718683	-390.75811767578125	32.225181042922834	-479.87445068359375	32.94507558418024	-548.5927734375	41.296884557552175	-54.11317443847656	20.876959484581278	-289.41845703125	26.824176746825213	-58.964393615722656	2.4273646049229716	0.0	0.0	0.0	0.0
0.46094584465026855	1781094946.0	1781094946.8398056	1	10.0	10.0	8.0	8.0	NeuronSpectrum 10.06.2026 14:49:30	EEG	checkup_149_10.06.2026 14:49:30	500.0	499.6666666666667	True	0.5	40.0	4	True	50.0	30.0	400.8346862792969	-1.1593025786771052	-581.330322265625	23.440866354917066	-391.95782470703125	23.996988104595346	-481.5502624511719	22.663496009824815	-551.3880004882812	28.91917677364606	-52.35983657836914	21.077051048600644	-289.39349365234375	21.10897607967721	-59.115440368652344	1.187344555467723	0.0	0.0	0.0	0.0
0.46094775199890137	1781094946.0	1781094946.8398075	1	10.0	10.0	8.0	8.0	NeuronSpectrum 10.06.2026 14:49:30	EEG	checkup_149_10.06.2026 14:49:30	500.0	499.6666666666667	True	0.5	40.0	4	True	50.0	30.0	397.3305969238281	7.060432405575048	-574.9569091796875	12.052471386211081	-386.873779296875	16.716592083880354	-475.3905944824219	13.605890702280782	-545.2269287109375	18.106900882068665	-50.143463134765625	20.815931898038976	-284.8145751953125	15.820255240907766	-58.60416030883789	0.12023151842050775	0.0	0.0	0.0	0.0
0.460949182510376	1781094946.0	1781094946.839809	1	10.0	10.0	8.0	8.0	NeuronSpectrum 10.06.2026 14:49:30	EEG	checkup_149_10.06.2026 14:49:30	500.0	499.6666666666667	True	0.5	40.0	4	True	50.0	30.0	385.9213562011719	12.619113746521124	-557.302001953125	4.253096830151911	-374.4053955078125	11.556551699325862	-460.10589599609375	7.1622951181485	-528.4571533203125	10.579092284194287	-47.44493865966797	20.21330937999621	-275.0902099609375	11.759449342733202	-57.206886291503906	-0.5831306955780277	0.0	0.0	0.0	0.0
0.4609513282775879	1781094946.0	1781094946.839811	1	10.0	10.0	8.0	8.0	NeuronSpectrum 10.06.2026 14:49:30	EEG	checkup_149_10.06.2026 14:49:30	500.0	499.6666666666667	True	0.5	40.0	4	True	50.0	30.0	373.2635803222656	14.718750342492006	-538.2968139648438	1.2209767565762508	-361.4295349121094	9.298982676905077	-444.218505859375	4.2447539163659584	-510.5505676269531	7.481671859362814	-45.48804473876953	19.40356248155414	-265.6087646484375	9.479940287388015	-55.73868942260742	-0.7732097862499296	0.0	0.0	0.0	0.0
0.4609534740447998	1781094946.0	1781094946.8398132	1	10.0	10.0	8.0	8.0	NeuronSpectrum 10.06.2026 14:49:30	EEG	checkup_149_10.06.2026 14:49:30	500.0	499.6666666666667	True	0.5	40.0	4	True	50.0	30.0	371.9239501953125	13.032910714903773	-536.4966430664062	3.4985948147832056	-360.6498107910156	10.334297025952507	-443.40631103515625	5.29653269796305	-509.14508056640625	9.36534739406913	-46.33429718017578	18.550672008632596	-266.03472900390625	9.30523130600656	-55.80257034301758	-0.35811776218567615	0.0	0.0	0.0	0.0
0.4609551429748535	1781094946.0	1781094946.839815	1	10.0	10.0	8.0	8.0	NeuronSpectrum 10.06.2026 14:49:30	EEG	checkup_149_10.06.2026 14:49:30	500.0	499.6666666666667	True	0.5	40.0	4	True	50.0	30.0	390.8099060058594	7.734580702707558	-564.92431640625	10.951007089292855	-380.8945617675781	14.642783777832106	-468.5638122558594	10.277763619463176	-536.5693359375	16.14766388687989	-51.2504997253418	17.844699678057143	-282.9176940917969	11.321588368376624	-58.49063491821289	0.6762223258925872	0.0	0.0	0.0	0.0
0.46095705032348633	1781094946.0	1781094946.8398168	1	10.0	10.0	8.0	8.0	NeuronSpectrum 10.06.2026 14:49:30	EEG	checkup_149_10.06.2026 14:49:30	500.0	499.6666666666667	True	0.5	40.0	4	True	50.0	30.0	423.6163024902344	-0.45644704812244646	-614.03515625	22.680391460076788	-415.48907470703125	21.73627849192487	-511.4969787597656	18.59802516354902	-583.6588745117188	27.031172633978738	-58.807228088378906	17.473412103786547	-310.9046325683594	15.325346084274756	-62.80470657348633	2.2442388118913508	0.0	0.0	0.0	0.0
0.46095871925354004	1781094946.0	1781094946.8398185	1	10.0	10.0	8.0	8.0	NeuronSpectrum 10.06.2026 14:49:30	EEG	checkup_149_10.06.2026 14:49:30	500.0	499.6666666666667	True	0.5	40.0	4	True	50.0	30.0	445.02362060546875	-10.257308092391224	-646.1837158203125	36.97263070990189	-438.5276184082031	30.61003070160709	-540.3338012695312	29.05661184301551	-614.5316162109375	40.44894103802839	-64.34246826171875	17.5782199961046	-330.0062255859375	20.763506598005538	-65.15617370605469	4.148893478254532	0.0	0.0	0.0	0.0
0.46096062660217285	1781094946.0	1781094946.8398204	1	10.0	10.0	8.0	8.0	NeuronSpectrum 10.06.2026 14:49:30	EEG	checkup_149_10.06.2026 14:49:30	500.0	499.6666666666667	True	0.5	40.0	4	True	50.0	30.0	420.90179443359375	-19.931756610115183	-610.7982788085938	51.420437159708015	-415.3085021972656	39.8041944078064	-512.3557739257812	39.91277385512024	-581.0530395507812	54.17471305197851	-61.803009033203125	18.215479236071218	-313.6324157714844	26.746738815715467	-60.81557083129883	6.096367900109491	0.0	0.0	0.0	0.0
0.46096205711364746	1781094946.0	1781094946.8398218	1	10.0	10.0	8.0	8.0	NeuronSpectrum 10.06.2026 14:49:30	EEG	checkup_149_10.06.2026 14:49:30	500.0	499.6666666666667	True	0.5	40.0	4	True	50.0	30.0	328.6790466308594	-27.59273544455197	-474.5374755859375	63.329091112918185	-322.9823913574219	47.65063883395452	-399.3965759277344	49.17998027954887	-451.5255432128906	65.69947945631814	-47.26073455810547	19.34349233498722	-244.34629821777344	32.19822942795338	-46.76406478881836	7.747382902539514	0.0	0.0	0.0	0.0
0.4609639644622803	1781094946.0	1781094946.8398237	1	10.0	10.0	8.0	8.0	NeuronSpectrum 10.06.2026 14:49:30	EEG	checkup_149_10.06.2026 14:49:30	500.0	499.6666666666667	True	0.5	40.0	4	True	50.0	30.0	174.83004760742188	-31.65666951391763	-247.1156463623047	70.35277989908364	-168.1946563720703	52.67496421321169	-209.55532836914062	55.1089730043345	-235.2325897216797	72.82685826354934	-21.867935180664062	20.840126624956326	-127.26434326171875	36.1227886896526	-24.110050201416016	8.797324394065015	0.0	0.0	0.0	0.0
0.5118293762207031	1781094946.0	1781094946.8906891	1	10.0	10.0	8.0	8.0	NeuronSpectrum 10.06.2026 14:49:30	EEG	checkup_149_10.06.2026 14:49:30	500.0	499.6666666666667	True	0.5	40.0	4	True	50.0	30.0	391.8092346191406	-31.283967311144476	-565.9996337890625	71.12575287507974	-384.8157653808594	53.999348217554676	-476.2060241699219	56.67208089359782	-537.281005859375	74.26551214389539	-56.05525588989258	22.535805828397237	-290.7776794433594	37.886269283439745	-54.37855911254883	9.057620244965578	0.0	0.0	0.0	0.0
0.5118401050567627	1781094946.0	1781094946.8906999	1	10.0	10.0	8.0	8.0	NeuronSpectrum 10.06.2026 14:49:30	EEG	checkup_149_10.06.2026 14:49:30	500.0	499.6666666666667	True	0.5	40.0	4	True	50.0	30.0	391.49560546875	-26.606198965137114	-563.8414916992188	65.60026339588072	-382.0681457519531	51.55601310915231	-472.50018310546875	53.81718584371032	-534.227783203125	69.94699149112301	-53.161739349365234	24.238977202723014	-287.0212707519531	37.36672721627631	-54.23820877075195	8.505033917546339	0.0	0.0	0.0	0.0
0.5118446350097656	1781094946.0	1781094946.8907044	1	10.0	10.0	8.0	8.0	NeuronSpectrum 10.06.2026 14:49:30	EEG	checkup_149_10.06.2026 14:49:30	500.0	499.6666666666667	True	0.5	40.0	4	True	50.0	30.0	393.9760437011719	-18.64421479096081	-565.9402465820312	54.95271966427148	-381.6401062011719	46.0214057348563	-471.35260009765625	47.382453299795166	-534.97412109375	60.93851118577728	-50.08045959472656	25.74380817288837	-284.4431457519531	34.91210610035803	-54.92084503173828	7.280709208711962	0.0	0.0	0.0	0.0
0.5118474960327148	1781094946.0	1781094946.8907073	1	10.0	10.0	8.0	8.0	NeuronSpectrum 10.06.2026 14:49:30	EEG	checkup_149_10.06.2026 14:49:30	500.0	499.6666666666667	True	0.5	40.0	4	True	50.0	30.0	398.69873046875	-8.984576393386181	-571.9391479492188	41.1553031214528	-383.50390625	38.53920186115441	-472.8179626464844	38.75613894095977	-539.316162109375	49.042918766307125	-47.34964370727539	26.830431074386883	-283.3870544433594	31.155454485241943	-56.240455627441406	5.645645074753038	0.0	0.0	0.0	0.0
0.5118503570556641	1781094946.0	1781094946.89071	1	10.0	10.0	8.0	8.0	NeuronSpectrum 10.06.2026 14:49:30	EEG	checkup_149_10.06.2026 14:49:30	500.0	499.6666666666667	True	0.5	40.0	4	True	50.0	30.0	401.78851318359375	0.6225655808021935	-576.3980712890625	26.446583122277097	-384.27606201171875	30.38974534473269	-472.878173828125	29.47459836083898	-542.2799682617188	36.30626426011977	-44.955223083496094	27.27689882493388	-281.7081604003906	26.802817785675483	-57.45547103881836	3.9153397070825435	0.0	0.0	0.0	0.0
0.5118527412414551	1781094946.0	1781094946.8907125	1	10.0	10.0	8.0	8.0	NeuronSpectrum 10.06.2026 14:49:30	EEG	checkup_149_10.06.2026 14:49:30	500.0	499.6666666666667	True	0.5	40.0	4	True	50.0	30.0	398.1408386230469	8.597753910920357	-571.9107666015625	12.905816728209004	-379.2796325683594	22.74056669951998	-465.93145751953125	20.922508809951548	-537.0145874023438	24.625133225076798	-42.59219741821289	26.893333650133286	-276.24395751953125	22.488627151203072	-57.622833251953125	2.3965046421348615	0.0	0.0	0.0	0.0
0.5118553638458252	1781094946.0	1781094946.8907151	1	10.0	10.0	8.0	8.0	NeuronSpectrum 10.06.2026 14:49:30	EEG	checkup_149_10.06.2026 14:49:30	500.0	499.6666666666667	True	0.5	40.0	4	True	50.0	30.0	386.4717712402344	13.732579446925394	-556.7835083007812	2.214814343795351	-367.677978515625	16.52781188896022	-451.016357421875	14.19483216394756	-521.9719848632812	15.531045964597979	-40.50462341308594	25.572105803295866	-266.60186767578125	18.72781742079918	-56.38964080810547	1.3392405892522157	0.0	0.0	0.0	0.0
0.5118582248687744	1781094946.0	1781094946.890718	1	10.0	10.0	8.0	8.0	NeuronSpectrum 10.06.2026 14:49:30	EEG	checkup_149_10.06.2026 14:49:30	500.0	499.6666666666667	True	0.5	40.0	4	True	50.0	30.0	373.39227294921875	15.270703158945938	-541.2359619140625	-4.427567898637802	-356.60650634765625	12.436401430999636	-436.81964111328125	10.07967181831357	-506.7200927734375	10.11702484289311	-40.16884231567383	23.334655654085815	-258.2185974121094	15.932387045932728	-54.635093688964844	0.9073513223970782	0.0	0.0	0.0	0.0
0.5118613243103027	1781094946.0	1781094946.890721	1	10.0	10.0	8.0	8.0	NeuronSpectrum 10.06.2026 14:49:30	EEG	checkup_149_10.06.2026 14:49:30	500.0	499.6666666666667	True	0.5	40.0	4	True	50.0	30.0	371.3857727050781	12.931168428915656	-544.2485961914062	-6.3392809792066185	-358.98541259765625	10.902440999171965	-439.01666259765625	9.067446546758736	-509.00225830078125	9.009790033099636	-43.847129821777344	20.351689447074047	-260.7098083496094	14.428882897531643	-54.201168060302734	1.1622530597459202	0.0	0.0	0.0	0.0
0.511864185333252	1781094946.0	1781094946.890724	1	10.0	10.0	8.0	8.0	NeuronSpectrum 10.06.2026 14:49:30	EEG	checkup_149_10.06.2026 14:49:30	500.0	499.6666666666667	True	0.5	40.0	4	True	50.0	30.0	389.3269348144531	6.935569415933374	-578.9694213867188	-3.431470244329394	-383.6173095703125	12.068330943434752	-468.2550354003906	11.300808418512588	-541.0801391601562	12.2983796952353	-52.763427734375	16.920701451927755	-280.4657287597656	14.421889277234074	-56.50148391723633	2.0543931105222324	0.0	0.0	0.0	0.0
0.5118677616119385	1781094946.0	1781094946.8907275	1	10.0	10.0	8.0	8.0	NeuronSpectrum 10.06.2026 14:49:30	EEG	checkup_149_10.06.2026 14:49:30	500.0	499.6666666666667	True	0.5	40.0	4	True	50.0	30.0	421.0267333984375	-1.9452322225637124	-635.1384887695312	3.655337548586221	-423.30584716796875	15.67684537002163	-515.7529296875	16.448245060440833	-593.2840576171875	19.403249273993865	-64.97386169433594	13.401544502372785	-311.7928771972656	15.894362567855849	-60.806148529052734	3.4205870197002506	0.0	0.0	0.0	0.0
0.5118706226348877	1781094946.0	1781094946.8907304	1	10.0	10.0	8.0	8.0	NeuronSpectrum 10.06.2026 14:49:30	EEG	checkup_149_10.06.2026 14:49:30	500.0	499.6666666666667	True	0.5	40.0	4	True	50.0	30.0	441.456298828125	-12.37696279864913	-673.404296875	13.44735254259824	-451.0639953613281	20.968798830283454	-548.7301025390625	23.580005728896786	-628.7027587890625	28.973278012631752	-74.7964859008789	10.130877323601219	-334.1439514160156	18.49784187576528	-63.62375259399414	4.993410837523491	0.0	0.0	0.0	0.0
0.5118734836578369	1781094946.0	1781094946.8907332	1	10.0	10.0	8.0	8.0	NeuronSpectrum 10.06.2026 14:49:30	EEG	checkup_149_10.06.2026 14:49:30	500.0	499.6666666666667	True	0.5	40.0	4	True	50.0	30.0	416.85467529296875	-22.575573726338426	-641.0667114257812	23.72711540628453	-430.8548889160156	26.699553628028806	-523.4752197265625	31.186743745168492	-597.9476928710938	38.96315624465167	-74.96762084960938	7.349288664101973	-320.2486877441406	21.52574540459227	-60.11254119873047	6.433517948702888	0.0	0.0	0.0	0.0
0.511876106262207	1781094946.0	1781094946.8907359	1	10.0	10.0	8.0	8.0	NeuronSpectrum 10.06.2026 14:49:30	EEG	checkup_149_10.06.2026 14:49:30	500.0	499.6666666666667	True	0.5	40.0	4	True	50.0	30.0	324.91326904296875	-30.61480565979326	-503.3348083496094	31.93290215687907	-338.8401794433594	31.361851115478288	-411.1423645019531	37.447563447291714	-468.4457092285156	47.00140311111791	-60.72474670410156	5.170680897095599	-252.10328674316406	24.04273846161516	-46.99473190307617	7.390878196151984	0.0	0.0	0.0	0.0
0.5118789672851562	1781094946.0	1781094946.8907387	1	10.0	10.0	8.0	8.0	NeuronSpectrum 10.06.2026 14:49:30	EEG	checkup_149_10.06.2026 14:49:30	500.0	499.6666666666667	True	0.5	40.0	4	True	50.0	30.0	172.1016082763672	-34.88519396394585	-270.1095886230469	35.814179799566645	-181.57846069335938	33.588030483121685	-219.80674743652344	40.71512812592912	-249.5243682861328	50.99939768647089	-33.24321746826172	3.600608420547429	-134.63096618652344	25.156419613398647	-25.101757049560547	7.585361937906496	0.0	0.0	0.0	0.0
0.5627148151397705	1781094946.0	1781094946.9415746	1	10.0	10.0	8.0	8.0	NeuronSpectrum 10.06.2026 14:49:30	EEG	checkup_149_10.06.2026 14:49:30	500.0	499.6666666666667	True	0.5	40.0	4	True	50.0	30.0	387.5281982421875	-34.537848579636254	-602.9134521484375	34.09332150738067	-406.5385437011719	32.570738521936036	-491.7344665527344	40.022736791978794	-562.0493774414062	49.76775654151835	-75.94845581054688	2.5818548125813936	-303.1602478027344	24.315083362625305	-57.314552307128906	6.8799009706582845	0.0	0.0	0.0	0.0
0.5627214908599854	1781094946.0	1781094946.9415812	1	10.0	10.0	8.0	8.0	NeuronSpectrum 10.06.2026 14:49:30	EEG	checkup_149_10.06.2026 14:49:30	500.0	499.6666666666667	True	0.5	40.0	4	True	50.0	30.0	387.4991455078125	-29.712762660928583	-602.3344116210938	26.82651074662764	-405.2227783203125	28.299503278790286	-489.80938720703125	35.36757532245075	-561.0914306640625	43.35271197678276	-75.27801513671875	2.0333501642792053	-301.91064453125	21.48151642124999	-58.31645584106445	5.315825448220618	0.0	0.0	0.0	0.0
0.5627243518829346	1781094946.0	1781094946.941584	1	10.0	10.0	8.0	8.0	NeuronSpectrum 10.06.2026 14:49:30	EEG	checkup_149_10.06.2026 14:49:30	500.0	499.6666666666667	True	0.5	40.0	4	True	50.0	30.0	390.3770751953125	-21.455482564080636	-605.27001953125	15.311913170675732	-405.7403869628906	21.51154440806805	-490.25506591796875	27.647067598622797	-563.257568359375	32.9507129043208	-74.01593017578125	1.862837535363148	-301.6464538574219	17.106122296229998	-59.910423278808594	3.096505658432555	0.0	0.0	0.0	0.0
0.5627267360687256	1781094946.0	1781094946.9415865	1	10.0	10.0	8.0	8.0	NeuronSpectrum 10.06.2026 14:49:30	EEG	checkup_149_10.06.2026 14:49:30	500.0	499.6666666666667	True	0.5	40.0	4	True	50.0	30.0	395.5350646972656	-11.389395313519437	-611.1796264648438	1.640982282263181	-408.04852294921875	13.418680225540653	-492.8766784667969	18.324055589898656	-568.157958984375	20.491558080207152	-72.49368286132812	1.9601268996662207	-302.4019470214844	11.943341805374658	-61.90386199951172	0.5304763003552044	0.0	0.0	0.0	0.0
0.5627286434173584	1781094946.0	1781094946.9415884	1	10.0	10.0	8.0	8.0	NeuronSpectrum 10.06.2026 14:49:30	EEG	checkup_149_10.06.2026 14:49:30	500.0	499.6666666666667	True	0.5	40.0	4	True	50.0	30.0	399.0565490722656	-1.307370116989928	-614.4388427734375	-11.864950182208508	-408.7126770019531	5.367646498293783	-493.392333984375	9.012877273748352	-570.666748046875	8.116774911280565	-70.47474670410156	2.1923796278784953	-301.7472839355469	6.8255601792056435	-63.587379455566406	-2.039858163602358	0.0	0.0	0.0	0.0
0.5627310276031494	1781094946.0	1781094946.9415908	1	10.0	10.0	8.0	8.0	NeuronSpectrum 10.06.2026 14:49:30	EEG	checkup_149_10.06.2026 14:49:30	500.0	499.6666666666667	True	0.5	40.0	4	True	50.0	30.0	395.83544921875	7.169335723669054	-607.5465698242188	-23.115659242199932	-402.99530029296875	-1.427921579500419	-486.0230407714844	1.155473110208182	-563.8797607421875	-2.2444544769260943	-67.4996566772461	2.417293021118357	-296.3503112792969	2.4935196416936227	-64.0790786743164	-4.299857335263014	0.0	0.0	0.0	0.0
0.5627331733703613	1781094946.0	1781094946.941593	1	10.0	10.0	8.0	8.0	NeuronSpectrum 10.06.2026 14:49:30	EEG	checkup_149_10.06.2026 14:49:30	500.0	499.6666666666667	True	0.5	40.0	4	True	50.0	30.0	384.6036376953125	12.796861638937502	-588.8759155273438	-30.51550540481163	-390.0223388671875	-6.028454440809571	-469.77008056640625	-4.144392869320601	-546.3405151367188	-9.114595919189233	-63.80734634399414	2.514040103288305	-285.8074645996094	-0.4803152661819176	-63.12868881225586	-6.002526737619401	0.0	0.0	0.0	0.0
0.5627350807189941	1781094946.0	1781094946.9415948	1	10.0	10.0	8.0	8.0	NeuronSpectrum 10.06.2026 14:49:30	EEG	checkup_149_10.06.2026 14:49:30	500.0	499.6666666666667	True	0.5	40.0	4	True	50.0	30.0	371.9714050292969	14.792295923498113	-568.900634765625	-33.05695973290313	-376.9382629394531	-7.808271295629288	-453.42047119140625	-6.160559690287459	-527.8569946289062	-11.5500392602655	-61.057762145996094	2.417738017997562	-275.686767578125	-1.6998191904016322	-61.76004409790039	-6.987233464274193	0.0	0.0	0.0	0.0
0.562736988067627	1781094946.0	1781094946.9415967	1	10.0	10.0	8.0	8.0	NeuronSpectrum 10.06.2026 14:49:30	EEG	checkup_149_10.06.2026 14:49:30	500.0	499.6666666666667	True	0.5	40.0	4	True	50.0	30.0	370.3868408203125	12.856233758740165	-567.00439453125	-30.342568136534133	-376.7269287109375	-6.464857382467795	-452.8509216308594	-4.5450076257576555	-526.5143432617188	-9.159889382413729	-61.84944534301758	2.1376053375085866	-275.8206481933594	-0.9416513027132765	-61.94488525390625	-7.185897734818309	0.0	0.0	0.0	0.0
0.5627388954162598	1781094946.0	1781094946.9415987	1	10.0	10.0	8.0	8.0	NeuronSpectrum 10.06.2026 14:49:30	EEG	checkup_149_10.06.2026 14:49:30	500.0	499.6666666666667	True	0.5	40.0	4	True	50.0	30.0	388.6717224121094	7.196827421101252	-596.7928466796875	-22.631710550967416	-398.3069763183594	-2.0627776122054593	-478.9740905761719	0.6284425102401942	-554.9329223632812	-2.151955544178575	-67.78271484375	1.744056521502267	-292.84112548828125	1.8088404438822996	-65.09720611572266	-6.626290039912768	0.0	0.0	0.0	0.0
0.5627410411834717	1781094946.0	1781094946.9416008	1	10.0	10.0	8.0	8.0	NeuronSpectrum 10.06.2026 14:49:30	EEG	checkup_149_10.06.2026 14:49:30	500.0	499.6666666666667	True	0.5	40.0	4	True	50.0	30.0	420.6096496582031	-1.4271321095978193	-648.40576171875	-10.935252175602571	-434.6502990722656	4.875986833157687	-523.312255859375	8.759707363746955	-603.7289428710938	8.572985638668872	-77.18965911865234	1.3247329094667448	-321.2889404296875	6.273763331509681	-70.25885009765625	-5.435785408576189	0.0	0.0	0.0	0.0
0.5627429485321045	1781094946.0	1781094946.9416027	1	10.0	10.0	8.0	8.0	NeuronSpectrum 10.06.2026 14:49:30	EEG	checkup_149_10.06.2026 14:49:30	500.0	499.6666666666667	True	0.5	40.0	4	True	50.0	30.0	441.2032165527344	-11.69420379451386	-682.749267578125	2.9263379083206678	-458.99664306640625	13.298930229225688	-553.4046630859375	18.632070465701858	-636.1541748046875	21.359007627200533	-84.4748764038086	0.9280467553531694	-340.8424377441406	11.801743562561933	-73.50231170654297	-3.838839381022158	0.0	0.0	0.0	0.0
0.5627450942993164	1781094946.0	1781094946.9416049	1	10.0	10.0	8.0	8.0	NeuronSpectrum 10.06.2026 14:49:30	EEG	checkup_149_10.06.2026 14:49:30	500.0	499.6666666666667	True	0.5	40.0	4	True	50.0	30.0	416.7709655761719	-21.833235161710338	-647.2213134765625	16.454996613321924	-435.5974426269531	21.678550423203834	-525.8322143554688	28.470377399746365	-602.8727416992188	33.910347193907505	-82.29532623291016	0.5247676794171765	-324.45703125	17.378987814279856	-69.52840423583984	-2.1347606629585085	0.0	0.0	0.0	0.0
0.562746524810791	1781094946.0	1781094946.9416063	1	10.0	10.0	8.0	8.0	NeuronSpectrum 10.06.2026 14:49:30	EEG	checkup_149_10.06.2026 14:49:30	500.0	499.6666666666667	True	0.5	40.0	4	True	50.0	30.0	325.0765075683594	-29.927416602972446	-507.0173645019531	26.90753955470954	-340.9409484863281	28.27780450471114	-411.9490051269531	36.24809358616604	-471.3177185058594	43.68894648887309	-65.77222442626953	0.013181506608540325	-254.34326171875	21.800179661631446	-54.85348892211914	-0.6465604054544354	0.0	0.0	0.0	0.0
0.5627484321594238	1781094946.0	1781094946.9416082	1	10.0	10.0	8.0	8.0	NeuronSpectrum 10.06.2026 14:49:30	EEG	checkup_149_10.06.2026 14:49:30	500.0	499.6666666666667	True	0.5	40.0	4	True	50.0	30.0	172.59280395507812	-34.36849645322184	-271.9889831542969	31.971042663900025	-181.88433837890625	31.590992091291316	-219.87840270996094	40.2051432537204	-250.84521484375	48.5413067318783	-36.08029556274414	-0.730316002701352	-135.58384704589844	23.980036762125064	-30.541006088256836	0.3519164932719804	0.0	0.0	0.0	0.0
0.6137170791625977	1781094946.0	1781094946.9925768	1	10.0	10.0	8.0	8.0	NeuronSpectrum 10.06.2026 14:49:30	EEG	checkup_149_10.06.2026 14:49:30	500.0	499.6666666666667	True	0.5	40.0	4	True	50.0	30.0	386.6719970703125	-34.29697739377855	-604.9773559570312	30.429670728064732	-406.8288879394531	30.791569641711185	-491.4508972167969	39.376909149913814	-563.3256225585938	47.31977008140898	-79.8709716796875	-1.7823096538369299	-303.48968505859375	23.283988146221418	-64.11856079101562	0.7045835514950357	0.0	0.0	0.0	0.0
0.6137218475341797	1781094946.0	1781094946.9925816	1	10.0	10.0	8.0	8.0	NeuronSpectrum 10.06.2026 14:49:30	EEG	checkup_149_10.06.2026 14:49:30	500.0	499.6666666666667	True	0.5	40.0	4	True	50.0	30.0	386.1333312988281	-29.830305372993216	-604.9334106445312	22.51594551411448	-405.9106140136719	25.978140004264993	-489.9731140136719	33.885264519654456	-562.8490600585938	40.211212817761975	-79.60079956054688	-3.1241360777272087	-301.9297180175781	19.722857652192776	-63.68911361694336	0.40677285003783153	0.0	0.0	0.0	0.0
0.6137244701385498	1781094946.0	1781094946.9925842	1	10.0	10.0	8.0	8.0	NeuronSpectrum 10.06.2026 14:49:30	EEG	checkup_149_10.06.2026 14:49:30	500.0	499.6666666666667	True	0.5	40.0	4	True	50.0	30.0	388.4994812011719	-21.983660178639347	-609.0454711914062	9.795974456618845	-407.6932067871094	18.113674976023724	-491.3726501464844	24.866211479820286	-566.2130737304688	28.63272187958857	-79.47169494628906	-4.637337856736953	-302.3367614746094	13.930115424745953	-63.727943420410156	-0.4099797258176577	0.0	0.0	0.0	0.0
0.6137263774871826	1781094946.0	1781094946.9925861	1	10.0	10.0	8.0	8.0	NeuronSpectrum 10.06.2026 14:49:30	EEG	checkup_149_10.06.2026 14:49:30	500.0	499.6666666666667	True	0.5	40.0	4	True	50.0	30.0	393.2135009765625	-12.349387438266417	-616.5210571289062	-5.312932504640118	-411.8440246582031	8.720156691575212	-495.395751953125	14.108605391933342	-572.8048706054688	14.786620669276315	-79.66349792480469	-6.136557654168966	-304.8218688964844	6.961835269268235	-64.16090393066406	-1.5302701042185543	0.0	0.0	0.0	0.0
0.6137282848358154	1781094946.0	1781094946.992588	1	10.0	10.0	8.0	8.0	NeuronSpectrum 10.06.2026 14:49:30	EEG	checkup_149_10.06.2026 14:49:30	500.0	499.6666666666667	True	0.5	40.0	4	True	50.0	30.0	396.4229431152344	-2.6961525232044057	-621.4784545898438	-20.14659406158499	-414.5365295410156	-0.5098776865193352	-497.6553649902344	3.596650168096729	-577.2020263671875	1.104255406480025	-79.67484283447266	-7.415823353650857	-306.79095458984375	0.0319586071350606	-64.37505340576172	-2.7176806574587276	0.0	0.0	0.0	0.0
0.6137304306030273	1781094946.0	1781094946.9925902	1	10.0	10.0	8.0	8.0	NeuronSpectrum 10.06.2026 14:49:30	EEG	checkup_149_10.06.2026 14:49:30	500.0	499.6666666666667	True	0.5	40.0	4	True	50.0	30.0	393.04864501953125	5.367162422010928	-616.130126953125	-32.29862898109434	-410.566162109375	-8.038952224224733	-492.0987548828125	-4.871005169005583	-572.1443481445312	-10.215638674331744	-78.66124725341797	-8.286701315621169	-304.4240417480469	-5.715607017985077	-63.56486129760742	-3.7645836990355566	0.0	0.0	0.0	0.0
0.613732099533081	1781094946.0	1781094946.9925919	1	10.0	10.0	8.0	8.0	NeuronSpectrum 10.06.2026 14:49:30	EEG	checkup_149_10.06.2026 14:49:30	500.0	499.6666666666667	True	0.5	40.0	4	True	50.0	30.0	381.7657775878906	10.59669476653205	-598.4601440429688	-39.9248621426412	-398.526611328125	-12.681718488219182	-477.1595764160156	-9.909709203847658	-555.751953125	-17.482182257612582	-76.35731506347656	-8.600218950658494	-296.4892272949219	-9.353568016712956	-61.55417251586914	-4.518519678708155	0.0	0.0	0.0	0.0
0.6137337684631348	1781094946.0	1781094946.9925935	1	10.0	10.0	8.0	8.0	NeuronSpectrum 10.06.2026 14:49:30	EEG	checkup_149_10.06.2026 14:49:30	500.0	499.6666666666667	True	0.5	40.0	4	True	50.0	30.0	369.0245361328125	12.20124633426933	-578.4201049804688	-41.86864370923712	-385.02191162109375	-13.688050517430762	-460.7854919433594	-10.64486172374263	-537.3661499023438	-19.623384990565285	-73.85480499267578	-8.256948113545185	-287.522216796875	-10.247509297078366	-59.454498291015625	-4.888144173912647	0.0	0.0	0.0	0.0
0.6137351989746094	1781094946.0	1781094946.992595	1	10.0	10.0	8.0	8.0	NeuronSpectrum 10.06.2026 14:49:30	EEG	checkup_149_10.06.2026 14:49:30	500.0	499.6666666666667	True	0.5	40.0	4	True	50.0	30.0	367.0671691894531	9.871970344568641	-574.873046875	-37.69923714683038	-382.66558837890625	-10.77285753728296	-458.0441589355469	-6.749456078329501	-534.6904296875	-16.22078206339925	-73.2825927734375	-7.215516287335648	-286.4670715332031	-8.10263607398046	-59.32942581176758	-4.839768987730722	0.0	0.0	0.0	0.0
0.6137368679046631	1781094946.0	1781094946.9925966	1	10.0	10.0	8.0	8.0	NeuronSpectrum 10.06.2026 14:49:30	EEG	checkup_149_10.06.2026 14:49:30	500.0	499.6666666666667	True	0.5	40.0	4	True	50.0	30.0	384.6007385253906	3.813834022679834	-601.22802734375	-27.75538150849211	-400.4537353515625	-4.15216665135886	-479.5957946777344	1.5064602135636624	-560.2852783203125	-7.554094102958922	-76.12435913085938	-5.507529058124528	-299.6885070800781	-3.017698124647609	-62.64601135253906	-4.395881540579007	0.0	0.0	0.0	0.0
0.6137387752532959	1781094946.0	1781094946.9925985	1	10.0	10.0	8.0	8.0	NeuronSpectrum 10.06.2026 14:49:30	EEG	checkup_149_10.06.2026 14:49:30	500.0	499.6666666666667	True	0.5	40.0	4	True	50.0	30.0	415.5263671875	-5.206328293141087	-648.0911254882812	-13.21698722089382	-432.09271240234375	5.401742294200867	-517.7186889648438	13.181943840568637	-605.244384765625	5.3238971060788245	-81.16874694824219	-3.257412997260837	-322.4346923828125	4.452805554352304	-68.40463256835938	-3.6397295232736315	0.0	0.0	0.0	0.0
0.6137402057647705	1781094946.0	1781094946.9926	1	10.0	10.0	8.0	8.0	NeuronSpectrum 10.06.2026 14:49:30	EEG	checkup_149_10.06.2026 14:49:30	500.0	499.6666666666667	True	0.5	40.0	4	True	50.0	30.0	435.2264099121094	-15.84681007797716	-677.5657958984375	3.8742537147546736	-452.127685546875	16.54151559755465	-541.7025756835938	26.63709169879859	-633.830810546875	20.558868794532636	-83.8509521484375	-0.6936896374346829	-336.0007629394531	13.27582667275306	-72.51539611816406	-2.7188331863295936	0.0	0.0	0.0	0.0
0.6137418746948242	1781094946.0	1781094946.9926016	1	10.0	10.0	8.0	8.0	NeuronSpectrum 10.06.2026 14:49:30	EEG	checkup_149_10.06.2026 14:49:30	500.0	499.6666666666667	True	0.5	40.0	4	True	50.0	30.0	410.5145568847656	-26.306785119560676	-638.5916137695312	20.789243594611218	-426.2136535644531	27.45993971991104	-510.2259521484375	39.67113435927465	-597.9152221679688	35.650339531180634	-78.10993194580078	1.8680037768618767	-315.27691650390625	22.031609149909272	-69.43172454833984	-1.8326569086815323	0.0	0.0	0.0	0.0
0.6137435436248779	1781094946.0	1781094946.9926033	1	10.0	10.0	8.0	8.0	NeuronSpectrum 10.06.2026 14:49:30	EEG	checkup_149_10.06.2026 14:49:30	500.0	499.6666666666667	True	0.5	40.0	4	True	50.0	30.0	319.49755859375	-34.63554232693227	-497.527587890625	34.58024505393394	-331.6656188964844	36.20566706063362	-396.0709533691406	49.90758214991997	-465.7712097167969	47.88588459014351	-60.05332565307617	4.0821911225534	-243.84487915039062	29.167571475317867	-55.42983627319336	-1.1934097423362013	0.0	0.0	0.0	0.0
0.6137452125549316	1781094946.0	1781094946.992605	1	10.0	10.0	8.0	8.0	NeuronSpectrum 10.06.2026 14:49:30	EEG	checkup_149_10.06.2026 14:49:30	500.0	499.6666666666667	True	0.5	40.0	4	True	50.0	30.0	168.6149139404297	-39.19261059375218	-264.3663330078125	42.778679904068476	-175.11050415039062	41.15404465693198	-207.33370971679688	55.37035612783333	-246.7628173828125	54.99314192379154	-31.0632266998291	5.66122423376258	-126.91508483886719	33.37471935053341	-31.439666748046875	-0.9654695989392289	0.0	0.0	0.0	0.0
0.6137468814849854	1781094946.0	1781094946.9926066	1	10.0	10.0	8.0	8.0	NeuronSpectrum 10.06.2026 14:49:30	EEG	checkup_149_10.06.2026 14:49:30	500.0	499.6666666666667	True	0.5	40.0	4	True	50.0	30.0	380.3075256347656	-39.093588955359095	-588.9096069335938	44.06862210842786	-394.41876220703125	41.460738249985795	-473.061767578125	55.0403330570028	-553.0914306640625	55.770775639968235	-70.3388442993164	6.459692240143558	-289.76141357421875	33.950987710309775	-66.50729370117188	-1.2081682657711799	0.0	0.0	0.0	0.0
0.6137487888336182	1781094946.0	1781094946.9926085	1	10.0	10.0	8.0	8.0	NeuronSpectrum 10.06.2026 14:49:30	EEG	checkup_149_10.06.2026 14:49:30	500.0	499.6666666666667	True	0.5	40.0	4	True	50.0	30.0	380.1457824707031	-34.44318906786354	-587.0577392578125	38.6321936353675	-394.034423828125	37.29227210464994	-473.3624572753906	49.14086730460547	-551.7349853515625	50.41167556516766	-69.62726593017578	6.5162160382158705	-289.364013671875	30.9914544474808	-66.38975524902344	-1.851732087367391	0.0	0.0	0.0	0.0
0.613750696182251	1781094946.0	1781094946.9926105	1	10.0	10.0	8.0	8.0	NeuronSpectrum 10.06.2026 14:49:30	EEG	checkup_149_10.06.2026 14:49:30	500.0	499.6666666666667	True	0.5	40.0	4	True	50.0	30.0	383.0315246582031	-26.25937652560949	-589.6361694335938	28.021261942598382	-396.50103759765625	29.7351274041392	-477.2945556640625	39.0312174316687	-554.3179931640625	40.38076179953351	-69.37625885009766	6.033935115842407	-291.540283203125	25.32756280324548	-66.30302429199219	-2.719575620754308	0.0	0.0	0.0	0.0
0.6137526035308838	1781094946.0	1781094946.9926124	1	10.0	10.0	8.0	8.0	NeuronSpectrum 10.06.2026 14:49:30	EEG	checkup_149_10.06.2026 14:49:30	500.0	499.6666666666667	True	0.5	40.0	4	True	50.0	30.0	388.3327941894531	-16.15355132220904	-595.7003173828125	14.657874812563518	-401.048828125	20.453300488525294	-483.9080810546875	26.790996517748773	-559.9447021484375	27.943811513258233	-69.40103912353516	5.312894466894974	-295.55517578125	18.26576530608979	-66.22616577148438	-3.5844948712089826	0.0	0.0	0.0	0.0
0.6137540340423584	1781094946.0	1781094946.9926138	1	10.0	10.0	8.0	8.0	NeuronSpectrum 10.06.2026 14:49:30	EEG	checkup_149_10.06.2026 14:49:30	500.0	499.6666666666667	True	0.5	40.0	4	True	50.0	30.0	392.1549377441406	-5.927144438857654	-599.34912109375	1.2123728041665625	-403.6405029296875	11.263820554224766	-488.23016357421875	14.700182482528149	-563.0866088867188	15.582200417704357	-68.96273803710938	4.666720624163654	-298.1568603515625	11.253397192425403	-65.67566680908203	-4.231784851005244	0.0	0.0	0.0	0.0
0.6137559413909912	1781094946.0	1781094946.9926157	1	10.0	10.0	8.0	8.0	NeuronSpectrum 10.06.2026 14:49:30	EEG	checkup_149_10.06.2026 14:49:30	500.0	499.6666666666667	True	0.5	40.0	4	True	50.0	30.0	389.410888671875	2.7698763805393565	-592.891845703125	-9.915629615466289	-399.1239929199219	3.7839480267196994	-483.87982177734375	4.8012845795107735	-556.5631713867188	5.506357988490736	-67.15554809570312	4.353702134100623	-295.250732421875	5.590736984535942	-63.99789047241211	-4.505940519895231	0.0	0.0	0.0	0.0
0.6137576103210449	1781094946.0	1781094946.9926174	1	10.0	10.0	8.0	8.0	NeuronSpectrum 10.06.2026 14:49:30	EEG	checkup_149_10.06.2026 14:49:30	500.0	499.6666666666667	True	0.5	40.0	4	True	50.0	30.0	378.77801513671875	8.650900180618876	-574.4304809570312	-16.90911375262226	-386.32208251953125	-0.7782788332555394	-469.2688903808594	-1.3678358632254382	-538.672607421875	-0.633236119746229	-63.806053161621094	4.537474402975743	-285.7640380859375	2.2490136705389547	-61.1290168762207	-4.3313266736461165	0.0	0.0	0.0	0.0
0.6137595176696777	1781094946.0	1781094946.9926193	1	10.0	10.0	8.0	8.0	NeuronSpectrum 10.06.2026 14:49:30	EEG	checkup_149_10.06.2026 14:49:30	500.0	499.6666666666667	True	0.5	40.0	4	True	50.0	30.0	366.6876220703125	10.886341383937413	-553.9635620117188	-18.657157220796133	-372.0970764160156	-1.7025791670701202	-452.5763854980469	-2.882844534044024	-518.925537109375	-1.855059892644853	-60.19342041015625	5.2765972794889855	-274.7325134277344	1.791812218126473	-58.22047424316406	-3.710739083644791	0.0	0.0	0.0	0.0
0.6137611865997314	1781094946.0	1781094946.992621	1	10.0	10.0	8.0	8.0	NeuronSpectrum 10.06.2026 14:49:30	EEG	checkup_149_10.06.2026 14:49:30	500.0	499.6666666666667	True	0.5	40.0	4	True	50.0	30.0	365.330810546875	9.137283337958323	-550.3369750976562	-14.782353297821691	-369.2424621582031	1.2326738696051358	-449.2391052246094	0.5429443809942694	-515.154296875	2.1369360831530395	-58.6839485168457	6.531885501084323	-271.7622985839844	4.357981084164754	-57.325225830078125	-2.7136242363535588	0.0	0.0	0.0	0.0
0.6137628555297852	1781094946.0	1781094946.9926226	1	10.0	10.0	8.0	8.0	NeuronSpectrum 10.06.2026 14:49:30	EEG	checkup_149_10.06.2026 14:49:30	500.0	499.6666666666667	True	0.5	40.0	4	True	50.0	30.0	383.3560791015625	3.588306693404186	-576.99609375	-5.667305658651011	-386.8537902832031	7.740999619624399	-470.30645751953125	8.541756599534192	-540.0775146484375	10.938341541868605	-61.03068161010742	8.178276208791846	-283.85137939453125	9.659032539456732	-59.914283752441406	-1.465772418625677	0.0	0.0	0.0	0.0
0.6137645244598389	1781094946.0	1781094946.9926243	1	10.0	10.0	8.0	8.0	NeuronSpectrum 10.06.2026 14:49:30	EEG	checkup_149_10.06.2026 14:49:30	500.0	499.6666666666667	True	0.5	40.0	4	True	50.0	30.0	414.64337158203125	-5.005270511479964	-624.76318359375	7.491487946441141	-418.7339782714844	16.998314102834435	-508.38348388671875	20.057456906565307	-585.0665893554688	23.402278776215436	-66.30024719238281	10.014607144352805	-306.6991271972656	16.973750896686298	-65.06574249267578	-0.1448245007789613	0.0	0.0	0.0	0.0
0.6137664318084717	1781094946.0	1781094946.9926262	1	10.0	10.0	8.0	8.0	NeuronSpectrum 10.06.2026 14:49:30	EEG	checkup_149_10.06.2026 14:49:30	500.0	499.6666666666667	True	0.5	40.0	4	True	50.0	30.0	434.6194763183594	-15.306342981183933	-656.1220703125	22.67545572825171	-439.5810241699219	27.640639699565853	-532.9790649414062	33.35182752272402	-614.7589111328125	37.637227752994164	-70.14176177978516	11.77616098694379	-321.7703857421875	25.170777358163118	-68.83992004394531	1.0252089380457128	0.0	0.0	0.0	0.0
0.6137681007385254	1781094946.0	1781094946.9926279	1	10.0	10.0	8.0	8.0	NeuronSpectrum 10.06.2026 14:49:30	EEG	checkup_149_10.06.2026 14:49:30	500.0	499.6666666666667	True	0.5	40.0	4	True	50.0	30.0	410.1888427734375	-25.513718051753656	-620.3386840820312	37.22063931581605	-415.21429443359375	37.88179364015191	-502.85296630859375	46.16176744688078	-581.3078002929688	51.174184753680066	-66.52398681640625	13.163147682128264	-303.79962158203125	32.82209659853453	-65.8368148803711	1.7945781065575659	0.0	0.0	0.0	0.0
0.6137697696685791	1781094946.0	1781094946.9926295	1	10.0	10.0	8.0	8.0	NeuronSpectrum 10.06.2026 14:49:30	EEG	checkup_149_10.06.2026 14:49:30	500.0	499.6666666666667	True	0.5	40.0	4	True	50.0	30.0	319.5338439941406	-33.67255630791453	-483.73828125	48.2774524003296	-322.9847717285156	45.81756843679241	-390.703857421875	56.08501581475571	-452.92022705078125	61.394959235823094	-51.304656982421875	13.894886207508868	-235.91136169433594	38.45090543938051	-52.36990737915039	1.933737388296473	0.0	0.0	0.0	0.0
0.6137714385986328	1781094946.0	1781094946.9926312	1	10.0	10.0	8.0	8.0	NeuronSpectrum 10.06.2026 14:49:30	EEG	checkup_149_10.06.2026 14:49:30	500.0	499.6666666666667	True	0.5	40.0	4	True	50.0	30.0	169.0919952392578	-38.13496716790058	-255.7515411376953	53.4915690752525	-169.30123901367188	49.87634208776076	-204.37216186523438	61.14225615415701	-238.41744995117188	66.16372671144761	-25.360393524169922	13.782470628711664	-122.66545867919922	40.87973757573956	-29.240211486816406	1.298143441806706	0.0	0.0	0.0	0.0
0.6137733459472656	1781094946.0	1781094946.992633	1	10.0	10.0	8.0	8.0	NeuronSpectrum 10.06.2026 14:49:30	EEG	checkup_149_10.06.2026 14:49:30	500.0	499.6666666666667	True	0.5	40.0	4	True	50.0	30.0	379.997802734375	-38.006225610279294	-579.6212768554688	51.65957343416753	-386.7308349609375	49.25272403799448	-467.9968566894531	60.31426451316589	-543.579833984375	64.43138095388501	-64.35173797607422	12.792772774474855	-284.6559753417969	39.55545996341902	-64.6839828491211	-0.1137261641688704	0.0	0.0	0.0	0.0
0.6137750148773193	1781094946.0	1781094946.9926348	1	10.0	10.0	8.0	8.0	NeuronSpectrum 10.06.2026 14:49:30	EEG	checkup_149_10.06.2026 14:49:30	500.0	499.6666666666667	True	0.5	40.0	4	True	50.0	30.0	379.7122497558594	-33.3788687265231	-580.7339477539062	43.06281712364684	-386.74212646484375	44.1271870316332	-468.4699401855469	53.81301730268726	-544.5235595703125	56.53578381200405	-65.25406646728516	11.071903244632427	-285.852294921875	34.70508729182446	-66.05809783935547	-2.1396703881644594	0.0	0.0	0.0	0.0
0.6137769222259521	1781094946.0	1781094946.9926367	1	10.0	10.0	8.0	8.0	NeuronSpectrum 10.06.2026 14:49:30	EEG	checkup_149_10.06.2026 14:49:30	500.0	499.6666666666667	True	0.5	40.0	4	True	50.0	30.0	382.53070068359375	-25.258757576169323	-586.242431640625	29.337645454992938	-389.50140380859375	35.578070125408516	-472.5934143066406	42.97258287354885	-549.2772216796875	44.067017379599825	-66.32640838623047	8.914766071255832	-289.1562194824219	27.254978629206196	-67.75028991699219	-4.484005437507618	0.0	0.0	0.0	0.0
0.6137785911560059	1781094946.0	1781094946.9926383	1	10.0	10.0	8.0	8.0	NeuronSpectrum 10.06.2026 14:49:30	EEG	checkup_149_10.06.2026 14:49:30	500.0	499.6666666666667	True	0.5	40.0	4	True	50.0	30.0	387.8408508300781	-15.247453757907104	-595.1726684570312	12.983090102828143	-394.502197265625	25.25444726520605	-479.5869445800781	29.84381056029299	-556.927001953125	29.395212463738837	-67.42086791992188	6.695363230467125	-294.0048828125	18.56753991217817	-69.50132751464844	-6.7860371457414175	0.0	0.0	0.0	0.0
0.6137804985046387	1781094946.0	1781094946.9926403	1	10.0	10.0	8.0	8.0	NeuronSpectrum 10.06.2026 14:49:30	EEG	checkup_149_10.06.2026 14:49:30	500.0	499.6666666666667	True	0.5	40.0	4	True	50.0	30.0	391.73577880859375	-5.140279658338996	-601.5914306640625	-3.2501322993339947	-397.9578552246094	14.972753302028877	-484.65191650390625	16.692739388146066	-561.98291015625	15.092083546718612	-67.93071746826172	4.788084370259051	-297.4452209472656	10.120250295281927	-70.5572738647461	-8.698436064608627	0.0	0.0	0.0	0.0
0.6137824058532715	1781094946.0	1781094946.9926422	1	10.0	10.0	8.0	8.0	NeuronSpectrum 10.06.2026 14:49:30	EEG	checkup_149_10.06.2026 14:49:30	500.0	499.6666666666667	True	0.5	40.0	4	True	50.0	30.0	389.0861511230469	3.415218204882576	-597.7595825195312	-16.870253296628157	-394.83935546875	6.382062137975497	-481.5166931152344	5.581700869035529	-557.3007202148438	3.4528149727969133	-67.09971618652344	3.505844116070362	-295.6617126464844	3.2384372589134207	-70.03395080566406	-9.949725217111157	0.0	0.0	0.0	0.0
0.6137838363647461	1781094946.0	1781094946.9926436	1	10.0	10.0	8.0	8.0	NeuronSpectrum 10.06.2026 14:49:30	EEG	checkup_149_10.06.2026 14:49:30	500.0	499.6666666666667	True	0.5	40.0	4	True	50.0	30.0	378.4977111816406	9.13277635645531	-581.6896362304688	-25.955282838699215	-383.85198974609375	0.761981376984906	-468.55279541015625	-1.8860999235591431	-541.0910034179688	-3.788777239833417	-64.78067016601562	3.0656608340734066	-287.6449890136719	-1.0675915892285859	-67.73120880126953	-10.378319687673303	0.0	0.0	0.0	0.0
0.6137855052947998	1781094946.0	1781094946.9926453	1	10.0	10.0	8.0	8.0	NeuronSpectrum 10.06.2026 14:49:30	EEG	checkup_149_10.06.2026 14:49:30	500.0	499.6666666666667	True	0.5	40.0	4	True	50.0	30.0	366.3097229003906	11.183536941534216	-563.2244262695312	-29.285020163217485	-371.46337890625	-1.063231789873552	-453.69940185546875	-4.6762477365370225	-522.5595703125	-5.57299233455077	-62.04062271118164	3.577564748567398	-278.1473388671875	-2.1714389491671766	-64.77471160888672	-9.939528017283006	0.0	0.0	0.0	0.0
0.6137874126434326	1781094946.0	1781094946.9926472	1	10.0	10.0	8.0	8.0	NeuronSpectrum 10.06.2026 14:49:30	EEG	checkup_149_10.06.2026 14:49:30	500.0	499.6666666666667	True	0.5	40.0	4	True	50.0	30.0	364.6344299316406	9.231750953136856	-560.9898681640625	-26.385526166750015	-369.9092712402344	1.2434490791037154	-452.002197265625	-2.362029719781142	-519.0770263671875	-1.5426422207440154	-60.82899856567383	5.04461515607773	-276.2082214355469	0.1484327195076502	-63.2841911315918	-8.696021954914668	0.0	0.0	0.0	0.0
0.6137888431549072	1781094946.0	1781094946.9926486	1	10.0	10.0	8.0	8.0	NeuronSpectrum 10.06.2026 14:49:30	EEG	checkup_149_10.06.2026 14:49:30	500.0	499.6666666666667	True	0.5	40.0	4	True	50.0	30.0	382.11004638671875	3.468097181288882	-588.205322265625	-17.577208278742567	-387.8277587890625	7.493423001244121	-474.12567138671875	4.832761046580615	-543.0048828125	7.925035059369383	-62.509761810302734	7.362346379649065	-288.26702880859375	5.689303795906124	-64.85903930664062	-6.8039575124940805	0.0	0.0	0.0	0.0
0.61379075050354	1781094946.0	1781094946.9926505	1	10.0	10.0	8.0	8.0	NeuronSpectrum 10.06.2026 14:49:30	EEG	checkup_149_10.06.2026 14:49:30	500.0	499.6666666666667	True	0.5	40.0	4	True	50.0	30.0	412.72344970703125	-5.344646767158161	-635.5670166015625	-4.048877230524077	-418.9521789550781	16.91434385035899	-512.4931030273438	15.968877466582509	-585.8009033203125	21.659517785579816	-66.1124038696289	10.314474431431385	-309.85162353515625	13.79383097117055	-68.74430084228516	-4.500906057581053	0.0	0.0	0.0	0.0
0.6137924194335938	1781094946.0	1781094946.9926522	1	10.0	10.0	8.0	8.0	NeuronSpectrum 10.06.2026 14:49:30	EEG	checkup_149_10.06.2026 14:49:30	500.0	499.6666666666667	True	0.5	40.0	4	True	50.0	30.0	432.1222229003906	-15.863604410069184	-665.6364135742188	12.121524630124288	-438.4197692871094	28.127608103518227	-536.74169921875	29.369426128170165	-612.7965698242188	37.68321776025784	-67.787841796875	13.573780491449801	-322.8514404296875	23.346477743850677	-71.1930160522461	-2.0913988012076197	0.0	0.0	0.0	0.0
0.6137943267822266	1781094946.0	1781094946.992654	1	10.0	10.0	8.0	8.0	NeuronSpectrum 10.06.2026 14:49:30	EEG	checkup_149_10.06.2026 14:49:30	500.0	499.6666666666667	True	0.5	40.0	4	True	50.0	30.0	407.4673767089844	-26.28650231702495	-627.9885864257812	28.14329814544227	-412.824462890625	39.25967693402202	-505.99493408203125	42.75822535215532	-577.23876953125	53.37589155870886	-62.404300689697266	16.72481977916629	-302.869873046875	32.866716479307655	-67.0056381225586	0.08162390349920012	0.0	0.0	0.0	0.0
0.6137959957122803	1781094946.0	1781094946.9926558	1	10.0	10.0	8.0	8.0	NeuronSpectrum 10.06.2026 14:49:30	EEG	checkup_149_10.06.2026 14:49:30	500.0	499.6666666666667	True	0.5	40.0	4	True	50.0	30.0	317.10888671875	-34.66326447654413	-489.39984130859375	40.98629083351336	-320.22174072265625	48.255483397838496	-393.3217468261719	53.64120142274816	-448.2916564941406	65.91071678717168	-46.66627883911133	19.32067896091633	-233.8772735595703	40.748113038851045	-52.6655158996582	1.6882334034706399	0.0	0.0	0.0	0.0
0.6137979030609131	1781094946.0	1781094946.9926577	1	10.0	10.0	8.0	8.0	NeuronSpectrum 10.06.2026 14:49:30	EEG	checkup_149_10.06.2026 14:49:30	500.0	499.6666666666667	True	0.5	40.0	4	True	50.0	30.0	167.4641571044922	-39.354789440292194	-259.71868896484375	48.08733381468872	-167.2554931640625	53.3521986970188	-206.70594787597656	59.88055562634435	-235.0421600341797	72.90445294197436	-21.74490737915039	20.968196186709015	-120.76466369628906	45.61280997963217	-29.06016731262207	2.4795705171667706	0.0	0.0	0.0	0.0
0.6646556854248047	1781094946.0	1781094947.0435154	1	10.0	10.0	8.0	8.0	NeuronSpectrum 10.06.2026 14:49:30	EEG	checkup_149_10.06.2026 14:49:30	500.0	499.6666666666667	True	0.5	40.0	4	True	50.0	30.0	377.2127685546875	-39.47458661266678	-581.0247192382812	48.03858568861548	-380.5477600097656	53.54577824403139	-466.5295104980469	60.258894865333	-533.0160522460938	73.05047627481031	-54.49818420410156	21.415096015068297	-275.96307373046875	46.65921561660503	-62.63462448120117	2.3486089458115242	0.0	0.0	0.0	0.0
0.6646609306335449	1781094946.0	1781094947.0435207	1	10.0	10.0	8.0	8.0	NeuronSpectrum 10.06.2026 14:49:30	EEG	checkup_149_10.06.2026 14:49:30	500.0	499.6666666666667	True	0.5	40.0	4	True	50.0	30.0	376.933349609375	-35.11698696807632	-580.5243530273438	40.95449899290861	-380.12158203125	48.84706648636496	-465.7928771972656	54.787314684680254	-532.5565185546875	66.4549535501461	-54.261436462402344	20.605396731826925	-274.94940185546875	43.854469255987944	-62.954036712646484	1.355356419568011	0.0	0.0	0.0	0.0
0.6646633148193359	1781094946.0	1781094947.043523	1	10.0	10.0	8.0	8.0	NeuronSpectrum 10.06.2026 14:49:30	EEG	checkup_149_10.06.2026 14:49:30	500.0	499.6666666666667	True	0.5	40.0	4	True	50.0	30.0	379.6608581542969	-27.278014849790075	-584.8856811523438	28.368431864790704	-383.24395751953125	40.22612789217244	-469.2317199707031	44.635342452763844	-536.8287353515625	54.538982603241394	-55.17327117919922	18.684134988293177	-276.77447509765625	37.89730702042821	-63.75575256347656	-0.2955983542279962	0.0	0.0	0.0	0.0
0.6646652221679688	1781094946.0	1781094947.043525	1	10.0	10.0	8.0	8.0	NeuronSpectrum 10.06.2026 14:49:30	EEG	checkup_149_10.06.2026 14:49:30	500.0	499.6666666666667	True	0.5	40.0	4	True	50.0	30.0	384.73162841796875	-17.53511180325316	-593.1780395507812	12.754078766653636	-389.3211975097656	29.30550515871239	-476.1384582519531	31.757575123591106	-544.980224609375	39.59528879846704	-57.12717819213867	15.957277997056234	-281.0209045410156	29.994980064944087	-64.90570068359375	-2.3126227078876935	0.0	0.0	0.0	0.0
0.6646668910980225	1781094946.0	1781094947.0435266	1	10.0	10.0	8.0	8.0	NeuronSpectrum 10.06.2026 14:49:30	EEG	checkup_149_10.06.2026 14:49:30	500.0	499.6666666666667	True	0.5	40.0	4	True	50.0	30.0	388.259033203125	-7.646405274004153	-599.4550170898438	-3.0876248159329664	-394.33929443359375	17.960023254018363	-481.685302734375	18.40924738861078	-551.4237670898438	24.22234357305603	-59.36164093017578	12.828338912265721	-284.748046875	21.568515124945442	-65.7728500366211	-4.383255729225933	0.0	0.0	0.0	0.0
0.6646687984466553	1781094946.0	1781094947.0435286	1	10.0	10.0	8.0	8.0	NeuronSpectrum 10.06.2026 14:49:30	EEG	checkup_149_10.06.2026 14:49:30	500.0	499.6666666666667	True	0.5	40.0	4	True	50.0	30.0	385.2099304199219	0.7851837620759055	-595.8926391601562	-16.556531801816554	-392.98590087890625	7.967411456137702	-479.4881896972656	6.7259253203827285	-548.7928466796875	10.838690459045402	-60.823204040527344	9.732600779157899	-284.0326232910156	13.991026467446568	-65.56165313720703	-6.226414713283641	0.0	0.0	0.0	0.0
0.664670467376709	1781094946.0	1781094947.0435302	1	10.0	10.0	8.0	8.0	NeuronSpectrum 10.06.2026 14:49:30	EEG	checkup_149_10.06.2026 14:49:30	500.0	499.6666666666667	True	0.5	40.0	4	True	50.0	30.0	374.3295593261719	6.515865987839691	-580.3058471679688	-25.592539646441697	-383.72796630859375	0.7779343089168955	-467.7429504394531	-1.5508592247300115	-535.0435791015625	1.3723404794436607	-61.04326248168945	7.080100172755317	-277.6789245605469	8.408824122436108	-64.1079330444336	-7.6213895267119485	0.0	0.0	0.0	0.0
0.6646721363067627	1781094946.0	1781094947.043532	1	10.0	10.0	8.0	8.0	NeuronSpectrum 10.06.2026 14:49:30	EEG	checkup_149_10.06.2026 14:49:30	500.0	499.6666666666667	True	0.5	40.0	4	True	50.0	30.0	362.0838623046875	8.745376077280083	-562.2133178710938	-28.84002326205354	-372.9061279296875	-2.605924909251326	-454.1643371582031	-5.214571466275106	-519.1906127929688	-2.8893381192390537	-60.86214065551758	5.2087482212030505	-270.2201232910156	5.639702095194704	-62.5078239440918	-8.417664256873362	0.0	0.0	0.0	0.0
0.6646738052368164	1781094946.0	1781094947.0435336	1	10.0	10.0	8.0	8.0	NeuronSpectrum 10.06.2026 14:49:30	EEG	checkup_149_10.06.2026 14:49:30	500.0	499.6666666666667	True	0.5	40.0	4	True	50.0	30.0	360.6472473144531	7.14167806005805	-559.8683471679688	-25.720716509155444	-372.7300720214844	-1.6936922324851045	-453.5418701171875	-3.668522700181322	-518.4985961914062	-1.3680755858675346	-62.13111114501953	4.343838593478017	-270.47015380859375	6.111011502970792	-62.76491928100586	-8.537086908517386	0.0	0.0	0.0	0.0
0.6646759510040283	1781094946.0	1781094947.0435357	1	10.0	10.0	8.0	8.0	NeuronSpectrum 10.06.2026 14:49:30	EEG	checkup_149_10.06.2026 14:49:30	500.0	499.6666666666667	True	0.5	40.0	4	True	50.0	30.0	378.6392517089844	1.8673109106897692	-586.2482299804688	-16.49940674852583	-391.8285827636719	3.4313318464466143	-476.2914733886719	2.998984926054322	-545.2211303710938	5.739371381410242	-66.15638732910156	4.561378955560129	-284.63775634765625	9.801188850387362	-66.25064086914062	-7.979389494026809	0.0	0.0	0.0	0.0
0.664677619934082	1781094946.0	1781094947.0435374	1	10.0	10.0	8.0	8.0	NeuronSpectrum 10.06.2026 14:49:30	EEG	checkup_149_10.06.2026 14:49:30	500.0	499.6666666666667	True	0.5	40.0	4	True	50.0	30.0	409.970703125	-6.375146647362581	-632.1304321289062	-2.3612633190468313	-423.84954833984375	12.04368989734455	-514.6668701171875	13.927747104671166	-590.5731201171875	17.381078987182825	-71.80335998535156	5.759752848957321	-308.0172119140625	16.181140353164658	-71.87185668945312	-6.83380111524228	0.0	0.0	0.0	0.0
0.664679765701294	1781094946.0	1781094947.0435395	1	10.0	10.0	8.0	8.0	NeuronSpectrum 10.06.2026 14:49:30	EEG	checkup_149_10.06.2026 14:49:30	500.0	499.6666666666667	True	0.5	40.0	4	True	50.0	30.0	430.19769287109375	-16.327259360724316	-660.5421142578125	14.57766369790931	-443.7510070800781	22.756915178518692	-538.3018798828125	27.455688723002545	-619.4608764648438	31.63111744800767	-74.88206481933594	7.653303945639638	-322.3005065917969	24.198909368165875	-75.49857330322266	-5.287549514288985	0.0	0.0	0.0	0.0
0.6646814346313477	1781094946.0	1781094947.0435412	1	10.0	10.0	8.0	8.0	NeuronSpectrum 10.06.2026 14:49:30	EEG	checkup_149_10.06.2026 14:49:30	500.0	499.6666666666667	True	0.5	40.0	4	True	50.0	30.0	406.40234375	-26.28045254156999	-621.7442016601562	31.465706927982833	-417.9518127441406	33.65011683102212	-506.5361022949219	41.263719925676284	-584.6585693359375	45.86489692838175	-69.85234832763672	9.805175141936118	-303.010986328125	32.37871396309755	-71.63442993164062	-3.614225477710198	0.0	0.0	0.0	0.0
0.6646831035614014	1781094946.0	1781094947.0435429	1	10.0	10.0	8.0	8.0	NeuronSpectrum 10.06.2026 14:49:30	EEG	checkup_149_10.06.2026 14:49:30	500.0	499.6666666666667	True	0.5	40.0	4	True	50.0	30.0	316.86663818359375	-34.368516293299976	-483.08685302734375	45.20952063174489	-324.49444580078125	42.60340051047702	-392.8429870605469	52.77450810121463	-455.086669921875	57.218099285938955	-53.200748443603516	11.707905979941353	-234.23353576660156	39.07984735580052	-56.69430923461914	-2.129215272107214	0.0	0.0	0.0	0.0
0.6646850109100342	1781094946.0	1781094947.0435448	1	10.0	10.0	8.0	8.0	NeuronSpectrum 10.06.2026 14:49:30	EEG	checkup_149_10.06.2026 14:49:30	500.0	499.6666666666667	True	0.5	40.0	4	True	50.0	30.0	167.9326171875	-39.007902386225986	-254.5734405517578	53.196651388185614	-170.27059936523438	47.79400251746309	-205.66612243652344	59.74919872462173	-240.0584259033203	63.264233434378056	-26.307294845581055	12.898540377863162	-121.16695404052734	42.87765692866725	-31.791162490844727	-1.1170687932140864	0.0	0.0	0.0	0.0
0.664686918258667	1781094946.0	1781094947.0435467	1	10.0	10.0	8.0	8.0	NeuronSpectrum 10.06.2026 14:49:30	EEG	checkup_149_10.06.2026 14:49:30	500.0	499.6666666666667	True	0.5	40.0	4	True	50.0	30.0	376.462646484375	-39.326623405864666	-572.257568359375	53.99201724529837	-384.6187438964844	48.17909929371035	-464.3141174316406	60.873018122175615	-541.6167602539062	62.67060676867167	-62.40388107299805	13.071964882112033	-278.40283203125	42.93561832884807	-65.62031555175781	-0.7564941286325857	0.0	0.0	0.0	0.0
0.6646885871887207	1781094947.0	1781094947.0435483	1	10.0	10.0	8.0	8.0	NeuronSpectrum 10.06.2026 14:49:30	EEG	checkup_149_10.06.2026 14:49:30	500.0	499.6666666666667	True	0.5	40.0	4	True	50.0	30.0	375.343017578125	-35.38932057067377	-571.1648559570312	47.70455038772893	-384.1360168457031	43.75746407102854	-462.9028625488281	56.078616523667804	-541.869140625	55.545405337080055	-62.426509857177734	12.150369771727604	-278.25634765625	39.21262055630609	-64.81684875488281	-1.0754285684723155	0.0	0.0	0.0	0.0
0.6646904945373535	1781094947.0	1781094947.0435503	1	10.0	10.0	8.0	8.0	NeuronSpectrum 10.06.2026 14:49:30	EEG	checkup_149_10.06.2026 14:49:30	500.0	499.6666666666667	True	0.5	40.0	4	True	50.0	30.0	377.0045166015625	-28.125618958839706	-575.1626586914062	35.87643243414457	-387.2972717285156	35.50757250477301	-466.1174621582031	46.482202129207906	-546.9331665039062	43.33573715485496	-63.64537811279297	10.286131079414883	-281.20526123046875	32.427399128542135	-64.52407836914062	-1.953425259395628	0.0	0.0	0.0	0.0
0.6646921634674072	1781094947.0	1781094947.043552	1	10.0	10.0	8.0	8.0	NeuronSpectrum 10.06.2026 14:49:30	EEG	checkup_149_10.06.2026 14:49:30	500.0	499.6666666666667	True	0.5	40.0	4	True	50.0	30.0	381.044677734375	-19.025630559918135	-583.2437744140625	20.99233909727409	-393.3997802734375	25.065805627934104	-473.21728515625	34.00720979431261	-555.7857055664062	28.36807456404237	-65.84891510009766	7.8063617853784955	-286.7308654785156	23.824809811247345	-64.7884750366211	-3.163509609143644	0.0	0.0	0.0	0.0
0.6646938323974609	1781094947.0	1781094947.0435536	1	10.0	10.0	8.0	8.0	NeuronSpectrum 10.06.2026 14:49:30	EEG	checkup_149_10.06.2026 14:49:30	500.0	499.6666666666667	True	0.5	40.0	4	True	50.0	30.0	383.823486328125	-9.758422275370016	-589.3726196289062	5.852400723952495	-398.28228759765625	14.308218080511669	-479.2010498046875	20.890345764469664	-562.59423828125	13.261069240158722	-68.09392547607422	5.127687936347289	-291.65765380859375	14.863216183259418	-65.0867919921875	-4.430503605752733	0.0	0.0	0.0	0.0
0.6646955013275146	1781094947.0	1781094947.0435553	1	10.0	10.0	8.0	8.0	NeuronSpectrum 10.06.2026 14:49:30	EEG	checkup_149_10.06.2026 14:49:30	500.0	499.6666666666667	True	0.5	40.0	4	True	50.0	30.0	380.454833984375	-1.8530804763885107	-585.6339111328125	-6.9674836724501485	-396.49395751953125	4.986845996948085	-477.43585205078125	9.24984588026051	-559.7610473632812	0.4218429161607795	-69.14229583740234	2.6708220024027667	-291.7726745605469	6.934726432343613	-64.61467742919922	-5.484606125722871	0.0	0.0	0.0	0.0
0.6646974086761475	1781094947.0	1781094947.0435572	1	10.0	10.0	8.0	8.0	NeuronSpectrum 10.06.2026 14:49:30	EEG	checkup_149_10.06.2026 14:49:30	500.0	499.6666666666667	True	0.5	40.0	4	True	50.0	30.0	369.67144775390625	3.4950358694016352	-569.7395629882812	-15.459860966323973	-386.4316101074219	-1.5057694869791731	-465.9104919433594	0.8031297155220054	-545.1241455078125	-8.27264913251945	-68.43851470947266	0.7934865152004703	-285.65948486328125	1.1748690936812345	-63.05439376831055	-6.100101604116668	0.0	0.0	0.0	0.0
0.6646988391876221	1781094947.0	1781094947.0435586	1	10.0	10.0	8.0	8.0	NeuronSpectrum 10.06.2026 14:49:30	EEG	checkup_149_10.06.2026 14:49:30	500.0	499.6666666666667	True	0.5	40.0	4	True	50.0	30.0	357.7693786621094	5.507282552517994	-551.1008911132812	-18.34505706720173	-374.4885559082031	-4.250097814652407	-452.2969970703125	-3.274350287769477	-527.7625122070312	-11.620416302606682	-66.91159057617188	-0.25283023042461417	-277.8169250488281	-1.6393032039023174	-61.230587005615234	-6.119858308560333	0.0	0.0	0.0	0.0
0.6647005081176758	1781094947.0	1781094947.0435603	1	10.0	10.0	8.0	8.0	NeuronSpectrum 10.06.2026 14:49:30	EEG	checkup_149_10.06.2026 14:49:30	500.0	499.6666666666667	True	0.5	40.0	4	True	50.0	30.0	356.678466796875	3.852751736048554	-547.9302978515625	-15.128102602372888	-373.0730895996094	-2.8460487020135585	-451.5614318847656	-2.4147024386292637	-525.1923217773438	-9.145083050757641	-66.67864227294922	-0.34628958092570616	-277.2548828125	-1.1391933590627346	-60.8675651550293	-5.472042212461292	0.0	0.0	0.0	0.0
0.6647021770477295	1781094947.0	1781094947.043562	1	10.0	10.0	8.0	8.0	NeuronSpectrum 10.06.2026 14:49:30	EEG	checkup_149_10.06.2026 14:49:30	500.0	499.6666666666667	True	0.5	40.0	4	True	50.0	30.0	374.832763671875	-1.314882529091531	-573.3540649414062	-6.1403663136000555	-391.1220397949219	2.5496225964552375	-474.45086669921875	3.2840174293680513	-550.0369262695312	-1.1363205205756053	-69.39458465576172	0.4946043439388207	-290.5367431640625	2.5976640962656212	-63.21809768676758	-4.184757010650829	0.0	0.0	0.0	0.0
0.6647040843963623	1781094947.0	1781094947.0435638	1	10.0	10.0	8.0	8.0	NeuronSpectrum 10.06.2026 14:49:30	EEG	checkup_149_10.06.2026 14:49:30	500.0	499.6666666666667	True	0.5	40.0	4	True	50.0	30.0	406.1312561035156	-9.301814912453759	-618.5704345703125	7.408978875905297	-422.5976257324219	11.178964189788806	-513.5271606445312	12.989920349932964	-593.8780517578125	11.295712100600666	-74.20589447021484	2.109967555163686	-313.30242919921875	9.01203916939164	-67.36647033691406	-2.397705606846433	0.0	0.0	0.0	0.0
0.6647055149078369	1781094947.0	1781094947.0435653	1	10.0	10.0	8.0	8.0	NeuronSpectrum 10.06.2026 14:49:30	EEG	checkup_149_10.06.2026 14:49:30	500.0	499.6666666666667	True	0.5	40.0	4	True	50.0	30.0	426.3105163574219	-18.852554837121758	-647.2190551757812	23.441564138907406	-442.63995361328125	21.68019614256715	-538.5047607421875	25.121595194353198	-621.862060546875	26.219299536970784	-77.01099395751953	4.212306930314495	-327.3983154296875	17.065061090081915	-69.64907836914062	-0.36109259811700334	0.0	0.0	0.0	0.0
0.6647074222564697	1781094947.0	1781094947.0435672	1	10.0	10.0	8.0	8.0	NeuronSpectrum 10.06.2026 14:49:30	EEG	checkup_149_10.06.2026 14:49:30	500.0	499.6666666666667	True	0.5	40.0	4	True	50.0	30.0	402.7225341796875	-28.256174815271784	-610.0892333984375	39.20922767698255	-417.6083679199219	32.216812698747646	-508.466796875	37.49594700926927	-586.7994995117188	41.0599063615575	-72.13824462890625	6.425557752684252	-308.21990966796875	25.342199471131156	-65.13372802734375	1.5924397012726206	0.0	0.0	0.0	0.0
0.6647088527679443	1781094947.0	1781094947.0435686	1	10.0	10.0	8.0	8.0	NeuronSpectrum 10.06.2026 14:49:30	EEG	checkup_149_10.06.2026 14:49:30	500.0	499.6666666666667	True	0.5	40.0	4	True	50.0	30.0	313.84014892578125	-35.64505685731076	-474.6247253417969	51.77252442904204	-325.2333984375	40.799362523935315	-396.3601989746094	47.714729028797336	-457.44305419921875	53.04533446942309	-55.805545806884766	8.354558685552968	-239.5039520263672	32.30115463158329	-50.60428237915039	3.1104574985402587	0.0	0.0	0.0	0.0
0.664710521697998	1781094947.0	1781094947.0435703	1	10.0	10.0	8.0	8.0	NeuronSpectrum 10.06.2026 14:49:30	EEG	checkup_149_10.06.2026 14:49:30	500.0	499.6666666666667	True	0.5	40.0	4	True	50.0	30.0	165.98831176757812	-39.44456584707864	-250.2932891845703	58.68991627052162	-171.9569091796875	45.75369232636482	-210.05987548828125	53.73387047117817	-242.8056640625	59.854330156918806	-29.12296485900879	9.67291619009003	-126.07029724121094	36.62676368288226	-27.124740600585938	3.9075032014946274	0.0	0.0	0.0	0.0
0.7162463665008545	1781094947.0	1781094947.0951061	1	10.0	10.0	8.0	8.0	NeuronSpectrum 10.06.2026 14:49:30	EEG	checkup_149_10.06.2026 14:49:30	500.0	499.6666666666667	True	0.5	40.0	4	True	50.0	30.0	374.474609375	-38.810868087785934	-566.2025756835938	58.67109723658921	-387.02410888671875	46.16756131169286	-471.2232666015625	54.41088959901818	-544.791748046875	60.235073160855904	-66.55706787109375	10.198589326604663	-284.2706604003906	37.56718648567146	-59.839019775390625	3.846145717341563	0.0	0.0	0.0	0.0
0.7162520885467529	1781094947.0	1781094947.0951118	1	10.0	10.0	8.0	8.0	NeuronSpectrum 10.06.2026 14:49:30	EEG	checkup_149_10.06.2026 14:49:30	500.0	499.6666666666667	True	0.5	40.0	4	True	50.0	30.0	374.6764221191406	-33.86092432737216	-566.2857666015625	51.90279204849525	-386.5924377441406	42.116324969823864	-470.2758483886719	49.787223127136066	-544.4325561523438	54.316110321594145	-66.52483367919922	9.924015578910089	-283.70233154296875	35.1040783713694	-60.181396484375	2.978054534023181	0.0	0.0	0.0	0.0
0.716254472732544	1781094947.0	1781094947.0951142	1	10.0	10.0	8.0	8.0	NeuronSpectrum 10.06.2026 14:49:30	EEG	checkup_149_10.06.2026 14:49:30	500.0	499.6666666666667	True	0.5	40.0	4	True	50.0	30.0	377.8256530761719	-25.599237842320917	-570.7764282226562	39.911063983564	-389.08392333984375	34.574254958858084	-472.7807922363281	40.990546367223885	-548.0225830078125	43.48019711195494	-66.97942352294922	8.988396287651717	-285.41497802734375	29.888831369999593	-61.1251106262207	1.5283398515530455	0.0	0.0	0.0	0.0
0.7162566184997559	1781094947.0	1781094947.0951164	1	10.0	10.0	8.0	8.0	NeuronSpectrum 10.06.2026 14:49:30	EEG	checkup_149_10.06.2026 14:49:30	500.0	499.6666666666667	True	0.5	40.0	4	True	50.0	30.0	383.2564392089844	-15.604522861026295	-578.6411743164062	25.065108680708157	-393.8797607421875	25.08229303851109	-478.0779724121094	29.84140441394871	-554.7029418945312	29.900819297620483	-67.73966979980469	7.609501150924953	-288.9326477050781	22.998777877755526	-62.39522933959961	-0.166492642988683	0.0	0.0	0.0	0.0
0.7162582874298096	1781094947.0	1781094947.095118	1	10.0	10.0	8.0	8.0	NeuronSpectrum 10.06.2026 14:49:30	EEG	checkup_149_10.06.2026 14:49:30	500.0	499.6666666666667	True	0.5	40.0	4	True	50.0	30.0	387.0857238769531	-5.63377729353107	-583.9967041015625	9.968354907178954	-397.0226135253906	15.339207196956202	-481.4681091308594	18.365146168547202	-559.0230102539062	15.974759418495779	-68.04704284667969	6.008718598905721	-291.2984313964844	15.638080546450642	-63.237342834472656	-1.7396501319707314	0.0	0.0	0.0	0.0
0.7162606716156006	1781094947.0	1781094947.0951204	1	10.0	10.0	8.0	8.0	NeuronSpectrum 10.06.2026 14:49:30	EEG	checkup_149_10.06.2026 14:49:30	500.0	499.6666666666667	True	0.5	40.0	4	True	50.0	30.0	384.2733459472656	2.7128580635194615	-579.2732543945312	-3.042740984527103	-393.3764343261719	6.865972543803803	-476.8006286621094	8.389420944057129	-553.9232788085938	3.858827135008834	-67.00965118408203	4.35824964025808	-288.7123107910156	8.894569384073245	-62.7642936706543	-2.867521444439703	0.0	0.0	0.0	0.0
0.7162623405456543	1781094947.0	1781094947.095122	1	10.0	10.0	8.0	8.0	NeuronSpectrum 10.06.2026 14:49:30	EEG	checkup_149_10.06.2026 14:49:30	500.0	499.6666666666667	True	0.5	40.0	4	True	50.0	30.0	373.5070495605469	8.199224194379159	-562.7410278320312	-12.192090538066298	-381.8104553222656	0.811335340524026	-462.71844482421875	1.3085850954529639	-537.8978881835938	-4.796639561750245	-64.6317367553711	2.7621905731559906	-280.4421691894531	3.602144136065648	-60.717777252197266	-3.3201289690333273	0.0	0.0	0.0	0.0
0.7162642478942871	1781094947.0	1781094947.095124	1	10.0	10.0	8.0	8.0	NeuronSpectrum 10.06.2026 14:49:30	EEG	checkup_149_10.06.2026 14:49:30	500.0	499.6666666666667	True	0.5	40.0	4	True	50.0	30.0	361.1229248046875	10.042780514109882	-544.5279541015625	-16.371589658960232	-369.3581237792969	-2.1167262583260564	-447.6752624511719	-2.0037406973742358	-520.7194213867188	-8.941546453087023	-62.60858917236328	1.2655920354260353	-271.93896484375	0.2957155534634892	-58.07339859008789	-2.98589177555034	0.0	0.0	0.0	0.0
0.7162659168243408	1781094947.0	1781094947.0951257	1	10.0	10.0	8.0	8.0	NeuronSpectrum 10.06.2026 14:49:30	EEG	checkup_149_10.06.2026 14:49:30	500.0	499.6666666666667	True	0.5	40.0	4	True	50.0	30.0	359.1446228027344	7.943736525188297	-543.4955444335938	-15.157804159004097	-369.07098388671875	-1.65858458878355	-447.3516845703125	-1.2117522465668331	-520.4197998046875	-8.139871080410337	-63.81680679321289	-0.1254035759985021	-273.15704345703125	-0.7915985851031564	-56.74638366699219	-1.876860349056083	0.0	0.0	0.0	0.0
0.7162678241729736	1781094947.0	1781094947.0951276	1	10.0	10.0	8.0	8.0	NeuronSpectrum 10.06.2026 14:49:30	EEG	checkup_149_10.06.2026 14:49:30	500.0	499.6666666666667	True	0.5	40.0	4	True	50.0	30.0	376.1479187011719	2.1123574378997274	-572.9691162109375	-8.834687984060398	-390.1680908203125	1.9841211114282409	-472.77960205078125	3.457522585704436	-549.6149291992188	-2.596850265062819	-70.22539520263672	-1.429935141664445	-291.035888671875	0.2601814741279859	-58.197227478027344	-0.12311975921354412	0.0	0.0	0.0	0.0
0.7162692546844482	1781094947.0	1781094947.095129	1	10.0	10.0	8.0	8.0	NeuronSpectrum 10.06.2026 14:49:30	EEG	checkup_149_10.06.2026 14:49:30	500.0	499.6666666666667	True	0.5	40.0	4	True	50.0	30.0	406.2369384765625	-6.689378820962509	-623.5567626953125	1.5485227269134076	-426.1584777832031	8.110474646471559	-516.0274658203125	11.160015438697698	-599.0720825195312	6.7737859673147875	-80.40776062011719	-2.692901382612128	-320.47320556640625	3.023214235871824	-61.73006057739258	2.0391112203729937	0.0	0.0	0.0	0.0
0.7162714004516602	1781094947.0	1781094947.0951312	1	10.0	10.0	8.0	8.0	NeuronSpectrum 10.06.2026 14:49:30	EEG	checkup_149_10.06.2026 14:49:30	500.0	499.6666666666667	True	0.5	40.0	4	True	50.0	30.0	425.4129943847656	-17.13986642499006	-657.5146484375	14.157596956365609	-450.92535400390625	15.507683748685807	-545.5054931640625	20.414944282965077	-632.3755493164062	18.315388423401345	-88.72560119628906	-3.9913326470198047	-341.3890686035156	6.703066392930675	-63.888954162597656	4.289138877504746	0.0	0.0	0.0	0.0
0.7162730693817139	1781094947.0	1781094947.0951328	1	10.0	10.0	8.0	8.0	NeuronSpectrum 10.06.2026 14:49:30	EEG	checkup_149_10.06.2026 14:49:30	500.0	499.6666666666667	True	0.5	40.0	4	True	50.0	30.0	401.2898864746094	-27.473199584506375	-623.9384765625	26.532199323434735	-429.2035827636719	22.56020101026037	-518.6454467773438	29.237906689240454	-600.5691528320312	29.76453176921536	-87.52452850341797	-5.42702988596795	-326.7560119628906	10.210365411094083	-59.86943435668945	6.262077605718957	0.0	0.0	0.0	0.0
0.7162749767303467	1781094947.0	1781094947.0951347	1	10.0	10.0	8.0	8.0	NeuronSpectrum 10.06.2026 14:49:30	EEG	checkup_149_10.06.2026 14:49:30	500.0	499.6666666666667	True	0.5	40.0	4	True	50.0	30.0	312.48626708984375	-35.78007108364191	-489.0694274902344	36.0235842963426	-337.523193359375	27.548791490210924	-407.1995849609375	35.50940188242788	-471.2671203613281	38.656741971313664	-71.53860473632812	-7.089548452947884	-258.58428955078125	12.376123115321866	-46.41789245605469	7.612688443878417	0.0	0.0	0.0	0.0
0.7162766456604004	1781094947.0	1781094947.0951364	1	10.0	10.0	8.0	8.0	NeuronSpectrum 10.06.2026 14:49:30	EEG	checkup_149_10.06.2026 14:49:30	500.0	499.6666666666667	True	0.5	40.0	4	True	50.0	30.0	165.26113891601562	-40.45326546801891	-262.32830810546875	40.45159851884638	-182.22958374023438	29.097509466617193	-218.98020935058594	37.52625829632262	-253.6180877685547	42.94687107542214	-41.72739028930664	-8.994719691681729	-141.65402221679688	12.27988910753385	-24.359731674194336	8.093152934477343	0.0	0.0	0.0	0.0
0.7162785530090332	1781094947.0	1781094947.0951383	1	10.0	10.0	8.0	8.0	NeuronSpectrum 10.06.2026 14:49:30	EEG	checkup_149_10.06.2026 14:49:30	500.0	499.6666666666667	True	0.5	40.0	4	True	50.0	30.0	371.38104248046875	-40.61830257673654	-585.2230224609375	38.73722936221824	-407.0052490234375	26.599706590752334	-490.6355285644531	34.52860969486512	-562.8781127929688	41.61135098053913	-89.11648559570312	-11.029300672562822	-313.3057861328125	9.563037515070615	-56.132972717285156	7.618899521714797	0.0	0.0	0.0	0.0
0.7162799835205078	1781094947.0	1781094947.0951397	1	10.0	10.0	8.0	8.0	NeuronSpectrum 10.06.2026 14:49:30	EEG	checkup_149_10.06.2026 14:49:30	500.0	499.6666666666667	True	0.5	40.0	4	True	50.0	30.0	370.7633056640625	-36.357701887151315	-585.2453002929688	31.21659759649225	-407.935302734375	20.42023179363864	-492.1747131347656	26.953499997275408	-562.17578125	34.95018732309045	-89.91981506347656	-12.939486055174518	-314.3049621582031	4.5733477524728645	-56.9063835144043	6.293619030106068	0.0	0.0	0.0	0.0
0.7162818908691406	1781094947.0	1781094947.0951416	1	10.0	10.0	8.0	8.0	NeuronSpectrum 10.06.2026 14:49:30	EEG	checkup_149_10.06.2026 14:49:30	500.0	499.6666666666667	True	0.5	40.0	4	True	50.0	30.0	373.0980224609375	-28.63673908708574	-588.7218627929688	19.496605408193012	-410.9461364746094	11.77859833547411	-496.3838195800781	16.29705300075478	-564.7392578125	24.453700888084686	-90.22135162353516	-14.37952082869418	-316.32183837890625	-1.7311863861462016	-58.20674133300781	4.381411269547026	0.0	0.0	0.0	0.0
0.7162833213806152	1781094947.0	1781094947.095143	1	10.0	10.0	8.0	8.0	NeuronSpectrum 10.06.2026 14:49:30	EEG	checkup_149_10.06.2026 14:49:30	500.0	499.6666666666667	True	0.5	40.0	4	True	50.0	30.0	377.8722839355469	-18.994546637353572	-594.865234375	5.955024840449448	-415.4388427734375	2.3864034426249434	-502.386474609375	4.672655579046252	-569.897216796875	12.331157246614804	-89.92269134521484	-15.002668786952777	-318.9158020019531	-8.063053482953414	-59.78864288330078	2.2389946820290207	0.0	0.0	0.0	0.0
0.7162854671478271	1781094947.0	1781094947.0951452	1	10.0	10.0	8.0	8.0	NeuronSpectrum 10.06.2026 14:49:30	EEG	checkup_149_10.06.2026 14:49:30	500.0	499.6666666666667	True	0.5	40.0	4	True	50.0	30.0	381.365234375	-9.15622581629897	-598.0509033203125	-6.8695132032535815	-417.4680480957031	-5.988543226344229	-505.2745056152344	-5.725343111581987	-572.297119140625	0.9351201832164922	-88.36550903320312	-14.556901326387452	-319.2071228027344	-13.138469624293212	-60.93267059326172	0.23556764945488773	0.0	0.0	0.0	0.0
0.7162868976593018	1781094947.0	1781094947.0951467	1	10.0	10.0	8.0	8.0	NeuronSpectrum 10.06.2026 14:49:30	EEG	checkup_149_10.06.2026 14:49:30	500.0	499.6666666666667	True	0.5	40.0	4	True	50.0	30.0	378.64447021484375	-0.706204190307433	-590.8788452148438	-16.776825843034818	-411.86993408203125	-11.87579883800015	-498.7197570800781	-13.061584854076067	-564.8445434570312	-7.708070591499818	-84.72032165527344	-12.951606175308193	-313.45196533203125	-15.943880380037728	-60.7818717956543	-1.3144699109349012	0.0	0.0	0.0	0.0
0.7162888050079346	1781094947.0	1781094947.0951486	1	10.0	10.0	8.0	8.0	NeuronSpectrum 10.06.2026 14:49:30	EEG	checkup_149_10.06.2026 14:49:30	500.0	499.6666666666667	True	0.5	40.0	4	True	50.0	30.0	368.4028625488281	5.1130602002098735	-571.5836181640625	-22.19276173535623	-397.4046936035156	-14.301099482190416	-481.2073974609375	-16.112219315935732	-545.8246459960938	-12.165724947915846	-78.93305969238281	-10.279419840468892	-300.8359069824219	-15.879715168247657	-59.10600662231445	-2.193117810305933	0.0	0.0	0.0	0.0
0.7162902355194092	1781094947.0	1781094947.09515	1	10.0	10.0	8.0	8.0	NeuronSpectrum 10.06.2026 14:49:30	EEG	checkup_149_10.06.2026 14:49:30	500.0	499.6666666666667	True	0.5	40.0	4	True	50.0	30.0	356.8696594238281	7.489606905223974	-550.0294799804688	-22.265416855217662	-380.9371032714844	-12.842772637552066	-461.0791931152344	-14.341858486139783	-524.6773681640625	-11.684075285057583	-72.50534057617188	-6.795959642165023	-286.5564880371094	-12.79032955663912	-56.9094352722168	-2.2949824600117807	0.0	0.0	0.0	0.0
0.716292142868042	1781094947.0	1781094947.095152	1	10.0	10.0	8.0	8.0	NeuronSpectrum 10.06.2026 14:49:30	EEG	checkup_149_10.06.2026 14:49:30	500.0	499.6666666666667	True	0.5	40.0	4	True	50.0	30.0	355.8868408203125	6.075089321955376	-544.7677612304688	-16.862760134705546	-375.4501953125	-7.60983809391168	-454.1070556640625	-7.880620399356859	-519.2066040039062	-6.18048337965407	-68.1480941772461	-2.8727653005400224	-280.35833740234375	-6.929244315223739	-56.12483215332031	-1.6268880309693634	0.0	0.0	0.0	0.0
0.7162938117980957	1781094947.0	1781094947.0951536	1	10.0	10.0	8.0	8.0	NeuronSpectrum 10.06.2026 14:49:30	EEG	checkup_149_10.06.2026 14:49:30	500.0	499.6666666666667	True	0.5	40.0	4	True	50.0	30.0	373.8426513671875	1.0198319752541194	-569.129638671875	-6.567636767981753	-390.46148681640625	0.789706417915716	-471.8809814453125	2.516140543462003	-542.265869140625	3.7653031107162342	-68.01972961425781	1.0578014441271977	-289.4598083496094	1.0865351983702376	-58.19174575805664	-0.30122875663553045	0.0	0.0	0.0	0.0
0.7162957191467285	1781094947.0	1781094947.0951555	1	10.0	10.0	8.0	8.0	NeuronSpectrum 10.06.2026 14:49:30	EEG	checkup_149_10.06.2026 14:49:30	500.0	499.6666666666667	True	0.5	40.0	4	True	50.0	30.0	404.7153625488281	-6.976451321294944	-614.3695678710938	7.298774482866384	-420.33538818359375	11.264531096279727	-507.662353515625	15.492887029651042	-585.5867309570312	16.89076230835779	-71.52200317382812	4.552996560202371	-309.9093933105469	10.31009980232982	-62.33304977416992	1.472230375157803	0.0	0.0	0.0	0.0
0.7162973880767822	1781094947.0	1781094947.0951571	1	10.0	10.0	8.0	8.0	NeuronSpectrum 10.06.2026 14:49:30	EEG	checkup_149_10.06.2026 14:49:30	500.0	499.6666666666667	True	0.5	40.0	4	True	50.0	30.0	424.47442626953125	-16.649015374086012	-644.0133056640625	22.69261579640941	-440.2548522949219	22.280301032600374	-531.5029296875	29.15089490270177	-614.3132934570312	31.265368097513434	-74.43444061279297	7.2045812539263	-323.56256103515625	19.512415016232982	-64.96186828613281	3.4008961605251082	0.0	0.0	0.0	0.0
0.7162990570068359	1781094947.0	1781094947.0951588	1	10.0	10.0	8.0	8.0	NeuronSpectrum 10.06.2026 14:49:30	EEG	checkup_149_10.06.2026 14:49:30	500.0	499.6666666666667	True	0.5	40.0	4	True	50.0	30.0	400.77960205078125	-26.278892726098157	-608.5576171875	37.03402731301432	-416.2082214355469	32.00974231496545	-502.3083190917969	41.237812725166044	-581.0275268554688	44.466513469551366	-70.5954818725586	8.686677107920719	-305.38177490234375	27.30421571476702	-61.14627456665039	5.141524325251285	0.0	0.0	0.0	0.0
0.7163007259368896	1781094947.0	1781094947.0951605	1	10.0	10.0	8.0	8.0	NeuronSpectrum 10.06.2026 14:49:30	EEG	checkup_149_10.06.2026 14:49:30	500.0	499.6666666666667	True	0.5	40.0	4	True	50.0	30.0	312.3233947753906	-33.99297922766277	-475.0169677734375	47.657108302538724	-325.2788391113281	38.65161679636719	-392.35784912109375	49.53967735900982	-454.0223388671875	54.00493873189296	-55.53508377075195	8.813266464184554	-238.35948181152344	32.3742913303584	-47.58067321777344	6.357649466812355	0.0	0.0	0.0	0.0
0.7163026332855225	1781094947.0	1781094947.0951624	1	10.0	10.0	8.0	8.0	NeuronSpectrum 10.06.2026 14:49:30	EEG	checkup_149_10.06.2026 14:49:30	500.0	499.6666666666667	True	0.5	40.0	4	True	50.0	30.0	165.41734313964844	-38.2114859323597	-252.40220642089844	52.46021054143443	-173.2600555419922	40.87335428754871	-208.602783203125	52.419952833878945	-241.7295684814453	57.93986053703699	-29.755578994750977	7.596786633348469	-126.53266906738281	33.81094514508311	-25.157930374145508	6.794665923421917	0.0	0.0	0.0	0.0
0.7671713829040527	1781094947.0	1781094947.1460311	1	10.0	10.0	8.0	8.0	NeuronSpectrum 10.06.2026 14:49:30	EEG	checkup_149_10.06.2026 14:49:30	500.0	499.6666666666667	True	0.5	40.0	4	True	50.0	30.0	371.6116027832031	-38.081412619130504	-569.8348388671875	50.515696360260996	-393.52008056640625	38.21238464212148	-473.8752136230469	49.30624485423749	-546.3156127929688	55.454072217456044	-71.71038818359375	5.281256488012155	-288.6584777832031	31.38624999678271	-57.3873291015625	6.347385113691784	0.0	0.0	0.0	0.0
0.7671775817871094	1781094947.0	1781094947.1460373	1	10.0	10.0	8.0	8.0	NeuronSpectrum 10.06.2026 14:49:30	EEG	checkup_149_10.06.2026 14:49:30	500.0	499.6666666666667	True	0.5	40.0	4	True	50.0	30.0	371.27783203125	-33.70242705462749	-571.4577026367188	42.35242001000017	-396.25958251953125	31.24207791884916	-477.22552490234375	40.89046861695774	-548.654296875	47.115615275910464	-74.4366455078125	2.3210362519751655	-291.5030212402344	25.661722548335128	-57.92716598510742	5.09052083247547	0.0	0.0	0.0	0.0
0.7671799659729004	1781094947.0	1781094947.1460397	1	10.0	10.0	8.0	8.0	NeuronSpectrum 10.06.2026 14:49:30	EEG	checkup_149_10.06.2026 14:49:30	500.0	499.6666666666667	True	0.5	40.0	4	True	50.0	30.0	373.8343505859375	-26.05157607174185	-576.6383056640625	29.77882558571595	-401.2279968261719	21.416342519110806	-483.4299621582031	28.9389091453275	-554.179931640625	34.70074477467911	-77.02030944824219	-0.7022541580198649	-296.0424499511719	17.8538509245334	-58.985958099365234	3.2583617591800254	0.0	0.0	0.0	0.0
0.7671823501586914	1781094947.0	1781094947.146042	1	10.0	10.0	8.0	8.0	NeuronSpectrum 10.06.2026 14:49:30	EEG	checkup_149_10.06.2026 14:49:30	500.0	499.6666666666667	True	0.5	40.0	4	True	50.0	30.0	378.65362548828125	-16.670493312762495	-584.1348266601562	15.354682335637019	-407.35345458984375	10.672984532603035	-491.1605529785156	15.809264346895075	-561.624755859375	20.68276235431562	-78.93758392333984	-3.2014313574856157	-301.2913818359375	9.520504801131828	-60.40005874633789	1.1844307033888322	0.0	0.0	0.0	0.0
0.7671842575073242	1781094947.0	1781094947.146044	1	10.0	10.0	8.0	8.0	NeuronSpectrum 10.06.2026 14:49:30	EEG	checkup_149_10.06.2026 14:49:30	500.0	499.6666666666667	True	0.5	40.0	4	True	50.0	30.0	381.9259338378906	-7.272023172066459	-588.0967407226562	1.7598868097967029	-410.4537658691406	0.9723526458893272	-495.2916564941406	3.888540155702348	-565.364501953125	7.625530161150605	-79.26541137695312	-4.7040244130938245	-303.9895935058594	2.2008369892312656	-61.49884033203125	-0.7733608925770081	0.0	0.0	0.0	0.0
0.767186164855957	1781094947.0	1781094947.146046	1	10.0	10.0	8.0	8.0	NeuronSpectrum 10.06.2026 14:49:30	EEG	checkup_149_10.06.2026 14:49:30	500.0	499.6666666666667	True	0.5	40.0	4	True	50.0	30.0	378.6930236816406	0.5911919041109946	-581.150390625	-8.716968537818108	-405.3907775878906	-6.071076780127253	-489.5246276855469	-4.85673165467689	-558.384521484375	-2.3045883872425845	-77.0885009765625	-4.9364930019316855	-300.2232360839844	-2.872102198950742	-61.420074462890625	-2.2983869535138055	0.0	0.0	0.0	0.0
0.7671880722045898	1781094947.0	1781094947.1460478	1	10.0	10.0	8.0	8.0	NeuronSpectrum 10.06.2026 14:49:30	EEG	checkup_149_10.06.2026 14:49:30	500.0	499.6666666666667	True	0.5	40.0	4	True	50.0	30.0	367.6872253417969	5.729518193809788	-561.7054443359375	-14.468286335343429	-391.1242370605469	-9.391520716331662	-472.5425109863281	-9.129007165538436	-539.2833251953125	-7.610927513243158	-72.40335083007812	-3.8562795745789096	-289.19696044921875	-4.929462033634894	-59.875179290771484	-3.1595006512351507	0.0	0.0	0.0	0.0
0.7671897411346436	1781094947.0	1781094947.1460495	1	10.0	10.0	8.0	8.0	NeuronSpectrum 10.06.2026 14:49:30	EEG	checkup_149_10.06.2026 14:49:30	500.0	499.6666666666667	True	0.5	40.0	4	True	50.0	30.0	355.22088623046875	7.401316259814264	-539.7955932617188	-14.656457791238754	-374.7387390136719	-8.523470314078072	-452.9210510253906	-8.363394363804026	-517.8547973632812	-7.544081514196477	-66.82353210449219	-1.6351495673134555	-276.2423095703125	-3.703764731847583	-57.78339385986328	-3.2332714242852583	0.0	0.0	0.0	0.0
0.7671916484832764	1781094947.0	1781094947.1460514	1	10.0	10.0	8.0	8.0	NeuronSpectrum 10.06.2026 14:49:30	EEG	checkup_149_10.06.2026 14:49:30	500.0	499.6666666666667	True	0.5	40.0	4	True	50.0	30.0	353.2456970214844	5.337172244603268	-534.0542602539062	-9.197614947927894	-369.3324279785156	-3.5699493523440298	-446.5771179199219	-2.6881727632772443	-512.1414184570312	-2.078003372043889	-63.16444396972656	1.3892580897281546	-271.2581787109375	0.605456077613578	-57.00685501098633	-2.5112257055871714	0.0	0.0	0.0	0.0
0.7671933174133301	1781094947.0	1781094947.146053	1	10.0	10.0	8.0	8.0	NeuronSpectrum 10.06.2026 14:49:30	EEG	checkup_149_10.06.2026 14:49:30	500.0	499.6666666666667	True	0.5	40.0	4	True	50.0	30.0	370.29083251953125	-0.23777029806738903	-557.8658447265625	1.2596730072363784	-384.41619873046875	4.839498467221134	-465.1034851074219	7.129276384215698	-535.0868530273438	8.117488559362029	-63.64751052856445	4.772844641607995	-281.5617980957031	7.382475490938071	-58.96464538574219	-1.10010855235569	0.0	0.0	0.0	0.0
0.7671952247619629	1781094947.0	1781094947.146055	1	10.0	10.0	8.0	8.0	NeuronSpectrum 10.06.2026 14:49:30	EEG	checkup_149_10.06.2026 14:49:30	500.0	499.6666666666667	True	0.5	40.0	4	True	50.0	30.0	400.5165100097656	-8.566657422964667	-602.6529541015625	15.324961918314711	-414.32000732421875	15.571373961647977	-501.6657409667969	19.71444759678208	-578.4449462890625	21.672120194045444	-67.70063781738281	8.020919945899221	-303.21978759765625	15.63775307272554	-62.91819763183594	0.7821555358566733	0.0	0.0	0.0	0.0
0.7671968936920166	1781094947.0	1781094947.1460567	1	10.0	10.0	8.0	8.0	NeuronSpectrum 10.06.2026 14:49:30	EEG	checkup_149_10.06.2026 14:49:30	500.0	499.6666666666667	True	0.5	40.0	4	True	50.0	30.0	420.0937805175781	-18.35601694737352	-632.3037719726562	30.889410418070824	-434.2852478027344	27.03020096390938	-526.227783203125	33.14155831546433	-607.4202880859375	36.53916172500842	-71.1164779663086	10.638735267242707	-318.0564270019531	24.06632052278864	-65.3541259765625	2.8206905432776286	0.0	0.0	0.0	0.0
0.7671988010406494	1781094947.0	1781094947.1460586	1	10.0	10.0	8.0	8.0	NeuronSpectrum 10.06.2026 14:49:30	EEG	checkup_149_10.06.2026 14:49:30	500.0	499.6666666666667	True	0.5	40.0	4	True	50.0	30.0	396.82928466796875	-27.89130693517921	-597.7625122070312	45.31236252580067	-410.49029541015625	37.305718134625614	-497.7104797363281	45.11588011448444	-574.7172241210938	50.17360717819338	-67.75182342529297	12.185498226230001	-301.0146179199219	31.180828924973355	-61.4051513671875	4.639265472133697	0.0	0.0	0.0	0.0
0.7672007083892822	1781094947.0	1781094947.1460605	1	10.0	10.0	8.0	8.0	NeuronSpectrum 10.06.2026 14:49:30	EEG	checkup_149_10.06.2026 14:49:30	500.0	499.6666666666667	True	0.5	40.0	4	True	50.0	30.0	309.41033935546875	-35.33426608031665	-466.30609130859375	55.864878218236356	-320.24871826171875	44.48781337346883	-388.52630615234375	53.356967439220504	-448.7326965332031	59.95598035922537	-53.160919189453125	12.339878144774598	-235.12196350097656	35.56108096790409	-47.7844352722168	5.863719529875544	0.0	0.0	0.0	0.0
0.767202615737915	1781094947.0	1781094947.1460624	1	10.0	10.0	8.0	8.0	NeuronSpectrum 10.06.2026 14:49:30	EEG	checkup_149_10.06.2026 14:49:30	500.0	499.6666666666667	True	0.5	40.0	4	True	50.0	30.0	163.9375457763672	-39.16105763852402	-246.77513122558594	60.372352287952864	-169.45999145507812	47.10910155958695	-205.7939910888672	56.13307348027189	-237.867431640625	63.80766113457762	-27.865314483642578	10.970207548891114	-124.49173736572266	36.187135354544665	-25.350709915161133	6.2038976558598256	0.0	0.0	0.0	0.0
0.8181376457214355	1781094947.0	1781094947.1969974	1	10.0	10.0	8.0	8.0	NeuronSpectrum 10.06.2026 14:49:30	EEG	checkup_149_10.06.2026 14:49:30	500.0	499.6666666666667	True	0.5	40.0	4	True	50.0	30.0	369.3606262207031	-38.58289758919464	-560.515869140625	57.82239912413816	-386.3873291015625	44.55530853703679	-470.579833984375	52.75257877768872	-539.8448486328125	60.77408415283011	-69.5590591430664	8.184048289937481	-287.7240295410156	32.73628224665257	-57.863067626953125	5.5272521659779	0.0	0.0	0.0	0.0
0.8181436061859131	1781094947.0	1781094947.1970034	1	10.0	10.0	8.0	8.0	NeuronSpectrum 10.06.2026 14:49:30	EEG	checkup_149_10.06.2026 14:49:30	500.0	499.6666666666667	True	0.5	40.0	4	True	50.0	30.0	369.4705505371094	-33.75944930056982	-562.3568115234375	48.656806160206884	-388.5821228027344	37.25183281810005	-473.4990539550781	43.780892876307945	-542.0520629882812	51.30573408231637	-72.3369369506836	4.327848722210565	-291.0372619628906	25.70288762915044	-58.870357513427734	3.8934529887733493	0.0	0.0	0.0	0.0
0.8181459903717041	1781094947.0	1781094947.1970057	1	10.0	10.0	8.0	8.0	NeuronSpectrum 10.06.2026 14:49:30	EEG	checkup_149_10.06.2026 14:49:30	500.0	499.6666666666667	True	0.5	40.0	4	True	50.0	30.0	372.32000732421875	-25.7145237729999	-568.1588134765625	34.61584583529602	-393.5971374511719	26.538121013378856	-479.4107971191406	30.877828542200547	-548.2332763671875	37.109594826699706	-75.44269561767578	-0.0735178986705965	-296.11895751953125	16.27877016787406	-60.547027587890625	1.5359879257126712	0.0	0.0	0.0	0.0
0.8181483745574951	1781094947.0	1781094947.1970081	1	10.0	10.0	8.0	8.0	NeuronSpectrum 10.06.2026 14:49:30	EEG	checkup_149_10.06.2026 14:49:30	500.0	499.6666666666667	True	0.5	40.0	4	True	50.0	30.0	377.302978515625	-16.01907434773582	-577.0072021484375	18.237103659609048	-400.70941162109375	14.302569973313048	-487.45892333984375	16.346494628789923	-557.5274047851562	20.667907106784227	-78.63882446289062	-4.41909342145921	-302.337890625	6.052589876544732	-62.66454315185547	-1.1979574937755597	0.0	0.0	0.0	0.0
0.818150520324707	1781094947.0	1781094947.1970103	1	10.0	10.0	8.0	8.0	NeuronSpectrum 10.06.2026 14:49:30	EEG	checkup_149_10.06.2026 14:49:30	500.0	499.6666666666667	True	0.5	40.0	4	True	50.0	30.0	380.6733093261719	-6.398025400728392	-583.236328125	2.247536012796935	-405.8939514160156	2.544606220458472	-492.8953857421875	2.598226445236534	-564.4172973632812	4.652329910364269	-81.10845184326172	-8.142037628718978	-306.7093505859375	-3.343316976792377	-64.48461151123047	-3.9229624658884164	0.0	0.0	0.0	0.0
0.8181524276733398	1781094947.0	1781094947.1970122	1	10.0	10.0	8.0	8.0	NeuronSpectrum 10.06.2026 14:49:30	EEG	checkup_149_10.06.2026 14:49:30	500.0	499.6666666666667	True	0.5	40.0	4	True	50.0	30.0	377.5423889160156	1.5978806656348237	-579.4227294921875	-10.937973799532644	-403.8958435058594	-6.98708486790795	-489.5386962890625	-8.284765667493279	-561.6200561523438	-8.56230195305793	-81.80013275146484	-10.798126971210705	-305.37225341796875	-10.523986998161813	-65.10147857666016	-6.281807776346257	0.0	0.0	0.0	0.0
0.8181543350219727	1781094947.0	1781094947.197014	1	10.0	10.0	8.0	8.0	NeuronSpectrum 10.06.2026 14:49:30	EEG	checkup_149_10.06.2026 14:49:30	500.0	499.6666666666667	True	0.5	40.0	4	True	50.0	30.0	366.67242431640625	6.790194036011112	-563.678955078125	-19.51524674242247	-393.30133056640625	-13.011972246291315	-475.8303527832031	-14.80688070507519	-547.1575317382812	-17.1919167801515	-80.3582992553711	-12.118568381242564	-297.2771301269531	-14.527112767758807	-64.2319564819336	-7.990523430912193	0.0	0.0	0.0	0.0
0.8181560039520264	1781094947.0	1781094947.1970158	1	10.0	10.0	8.0	8.0	NeuronSpectrum 10.06.2026 14:49:30	EEG	checkup_149_10.06.2026 14:49:30	500.0	499.6666666666667	True	0.5	40.0	4	True	50.0	30.0	354.3375244140625	8.452983008525145	-545.5633544921875	-22.40774670364314	-380.6712646484375	-14.803765080086178	-459.7692565917969	-16.154217628165867	-530.1083374023438	-20.16401615913151	-77.92301177978516	-12.028499407638297	-287.2226257324219	-14.88033848040911	-62.844818115234375	-8.862258772066765	0.0	0.0	0.0	0.0
0.8181579113006592	1781094947.0	1781094947.1970177	1	10.0	10.0	8.0	8.0	NeuronSpectrum 10.06.2026 14:49:30	EEG	checkup_149_10.06.2026 14:49:30	500.0	499.6666666666667	True	0.5	40.0	4	True	50.0	30.0	352.3999938964844	6.333096570050127	-543.1705322265625	-19.291666032312243	-378.5689697265625	-12.206100968862305	-456.5209655761719	-12.203240676645304	-527.8491821289062	-17.149850202507338	-76.8253173828125	-10.641728582515535	-284.4494934082031	-11.605012181145774	-62.84177780151367	-8.818017105622507	0.0	0.0	0.0	0.0
0.8181595802307129	1781094947.0	1781094947.1970193	1	10.0	10.0	8.0	8.0	NeuronSpectrum 10.06.2026 14:49:30	EEG	checkup_149_10.06.2026 14:49:30	500.0	499.6666666666667	True	0.5	40.0	4	True	50.0	30.0	369.3130187988281	0.6696380425728841	-569.402099609375	-10.61945350520348	-396.0672912597656	-5.639850838164482	-476.9990539550781	-3.520185490165982	-552.8372192382812	-8.592644131636163	-78.87589263916016	-8.243110265034321	-295.7205810546875	-5.202896813143457	-65.58644104003906	-7.893057372011157	0.0	0.0	0.0	0.0
0.8181617259979248	1781094947.0	1781094947.1970215	1	10.0	10.0	8.0	8.0	NeuronSpectrum 10.06.2026 14:49:30	EEG	checkup_149_10.06.2026 14:49:30	500.0	499.6666666666667	True	0.5	40.0	4	True	50.0	30.0	399.2507019042969	-7.770633013336946	-615.3507690429688	2.3339492843244924	-427.2041320800781	3.880550706019704	-513.9940185546875	8.626062432004666	-596.575927734375	4.246593061848568	-83.22127532958984	-5.262842571641979	-316.8588562011719	3.3592257021508654	-70.13653564453125	-6.241434144520687	0.0	0.0	0.0	0.0
0.8181631565093994	1781094947.0	1781094947.197023	1	10.0	10.0	8.0	8.0	NeuronSpectrum 10.06.2026 14:49:30	EEG	checkup_149_10.06.2026 14:49:30	500.0	499.6666666666667	True	0.5	40.0	4	True	50.0	30.0	418.5177001953125	-17.689075639991067	-644.7940673828125	17.47577682839573	-447.0882263183594	14.770889003755379	-537.5116577148438	22.295980220272114	-624.2720336914062	19.29741737159599	-85.55403137207031	-2.2362603061453186	-329.840576171875	12.699808042414055	-72.67219543457031	-4.131302310084331	0.0	0.0	0.0	0.0
0.8181650638580322	1781094947.0	1781094947.1970248	1	10.0	10.0	8.0	8.0	NeuronSpectrum 10.06.2026 14:49:30	EEG	checkup_149_10.06.2026 14:49:30	500.0	499.6666666666667	True	0.5	40.0	4	True	50.0	30.0	395.1217346191406	-27.37027024045418	-608.8179931640625	32.0866187429794	-421.9396057128906	25.03206894844526	-506.8740539550781	35.065969258651364	-588.8968505859375	33.87260103959644	-79.86955261230469	0.26331584327987834	-310.07635498046875	21.17005334956078	-68.07014465332031	-1.9174410316021469	0.0	0.0	0.0	0.0
0.8181667327880859	1781094947.0	1781094947.1970265	1	10.0	10.0	8.0	8.0	NeuronSpectrum 10.06.2026 14:49:30	EEG	checkup_149_10.06.2026 14:49:30	500.0	499.6666666666667	True	0.5	40.0	4	True	50.0	30.0	307.90533447265625	-34.97778340380889	-475.0767822265625	43.2909658428664	-329.3129577636719	32.59685213951733	-395.06396484375	44.44329347236165	-459.36944580078125	45.132793633124315	-62.126346588134766	1.7240966080624331	-241.17733764648438	27.138105015955215	-53.01979064941406	0.01771533946959636	0.0	0.0	0.0	0.0
0.8181686401367188	1781094947.0	1781094947.1970284	1	10.0	10.0	8.0	8.0	NeuronSpectrum 10.06.2026 14:49:30	EEG	checkup_149_10.06.2026 14:49:30	500.0	499.6666666666667	True	0.5	40.0	4	True	50.0	30.0	162.97784423828125	-38.989930556193684	-252.94154357910156	48.741802669353724	-175.5478057861328	35.81945844731749	-209.72198486328125	48.45145694678412	-244.78756713867188	50.75768701021349	-33.4535026550293	1.812232672223693	-127.74781799316406	29.36864383818179	-28.671855926513672	1.3462974757264983	0.0	0.0	0.0	0.0
0.8181700706481934	1781094947.0	1781094947.1970298	1	10.0	10.0	8.0	8.0	NeuronSpectrum 10.06.2026 14:49:30	EEG	checkup_149_10.06.2026 14:49:30	500.0	499.6666666666667	True	0.5	40.0	4	True	50.0	30.0	367.08740234375	-38.61803831463652	-566.5043334960938	47.27350080287718	-394.24798583984375	33.934588846396515	-472.5391540527344	46.17824835377085	-548.0001831054688	49.58428536193539	-75.77740478515625	0.4672612507472541	-289.1700439453125	27.366045447476402	-61.65925979614258	1.8731156920186884	0.0	0.0	0.0	0.0
0.8181719779968262	1781094947.0	1781094947.1970317	1	10.0	10.0	8.0	8.0	NeuronSpectrum 10.06.2026 14:49:30	EEG	checkup_149_10.06.2026 14:49:30	500.0	499.6666666666667	True	0.5	40.0	4	True	50.0	30.0	366.9788513183594	-34.018411591382765	-567.7947387695312	39.229136525346355	-396.4332580566406	27.280322320881446	-475.50897216796875	38.03987908390084	-549.1250610351562	41.927313976943914	-77.91268157958984	-2.065027034098039	-292.52008056640625	21.527703386663745	-61.23378372192383	1.5774823356095922	0.0	0.0	0.0	0.0
0.8181741237640381	1781094947.0	1781094947.197034	1	10.0	10.0	8.0	8.0	NeuronSpectrum 10.06.2026 14:49:30	EEG	checkup_149_10.06.2026 14:49:30	500.0	499.6666666666667	True	0.5	40.0	4	True	50.0	30.0	369.6092529296875	-26.2079774350002	-573.42919921875	26.321202148020294	-401.7860412597656	17.187124010454887	-482.44305419921875	25.64425416085489	-554.5076293945312	29.44540251871448	-80.79258728027344	-5.2804663937711505	-298.4136657714844	13.036472285063532	-61.41114044189453	0.6032094163096698	0.0	0.0	0.0	0.0
0.8181757926940918	1781094947.0	1781094947.1970356	1	10.0	10.0	8.0	8.0	NeuronSpectrum 10.06.2026 14:49:30	EEG	checkup_149_10.06.2026 14:49:30	500.0	499.6666666666667	True	0.5	40.0	4	True	50.0	30.0	374.37835693359375	-16.748278811708474	-582.0966186523438	11.124711424447947	-409.1709289550781	5.603668566182724	-491.8752746582031	11.339185998533308	-562.91552734375	14.649123594768822	-83.77285766601562	-8.5281253870516	-305.5013427734375	3.548629780787004	-62.07307052612305	-0.7928911514505795	0.0	0.0	0.0	0.0
0.8181774616241455	1781094947.0	1781094947.1970372	1	10.0	10.0	8.0	8.0	NeuronSpectrum 10.06.2026 14:49:30	EEG	checkup_149_10.06.2026 14:49:30	500.0	499.6666666666667	True	0.5	40.0	4	True	50.0	30.0	377.566162109375	-7.353623933154249	-587.7749633789062	-3.5551197778701664	-414.1730041503906	-5.368755296868125	-498.39495849609375	-2.347036698909598	-568.5440673828125	0.2854412528159591	-85.679931640625	-11.146582009355322	-310.1326904296875	-5.188974949214749	-62.578853607177734	-2.3082742065080186	0.0	0.0	0.0	0.0
0.8181793689727783	1781094947.0	1781094947.1970391	1	10.0	10.0	8.0	8.0	NeuronSpectrum 10.06.2026 14:49:30	EEG	checkup_149_10.06.2026 14:49:30	500.0	499.6666666666667	True	0.5	40.0	4	True	50.0	30.0	374.315673828125	0.4360380334366834	-582.8343505859375	-15.218896998961256	-411.3048095703125	-13.874600750523788	-495.3445739746094	-13.181481113709943	-564.002685546875	-11.186614666603594	-85.27337646484375	-12.586385490578405	-308.0821228027344	-11.66737245658816	-62.100677490234375	-3.6540476917332754	0.0	0.0	0.0	0.0
0.8181812763214111	1781094947.0	1781094947.197041	1	10.0	10.0	8.0	8.0	NeuronSpectrum 10.06.2026 14:49:30	EEG	checkup_149_10.06.2026 14:49:30	500.0	499.6666666666667	True	0.5	40.0	4	True	50.0	30.0	363.3914489746094	5.452688984929042	-565.3045654296875	-22.00581189230725	-399.09869384765625	-18.555992069318833	-481.00341796875	-19.52409865919606	-547.3391723632812	-17.924934793119338	-82.1626205444336	-12.494909288727975	-298.31121826171875	-14.823901395320771	-60.407859802246094	-4.594895071103713	0.0	0.0	0.0	0.0
0.8181829452514648	1781094947.0	1781094947.1970427	1	10.0	10.0	8.0	8.0	NeuronSpectrum 10.06.2026 14:49:30	EEG	checkup_149_10.06.2026 14:49:30	500.0	499.6666666666667	True	0.5	40.0	4	True	50.0	30.0	351.01580810546875	6.980221705705677	-544.6936645507812	-22.83446784568324	-384.17169189453125	-18.66200282501426	-463.5007019042969	-20.45320333795895	-527.6781616210938	-18.84783742725662	-77.5134048461914	-10.756874271794722	-285.9002990722656	-14.129144121481895	-58.49440383911133	-4.970288062730196	0.0	0.0	0.0	0.0
0.8181846141815186	1781094947.0	1781094947.1970444	1	10.0	10.0	8.0	8.0	NeuronSpectrum 10.06.2026 14:49:30	EEG	checkup_149_10.06.2026 14:49:30	500.0	499.6666666666667	True	0.5	40.0	4	True	50.0	30.0	348.9646911621094	4.774356187392939	-539.0695190429688	-17.435308069857	-379.1941223144531	-14.070973801255864	-458.29974365234375	-15.788362251998846	-522.4205322265625	-13.671501663387902	-73.69453430175781	-7.496637596312545	-280.4645080566406	-9.593183330716538	-58.26505661010742	-4.705124868567966	0.0	0.0	0.0	0.0
0.8181865215301514	1781094947.0	1781094947.1970463	1	10.0	10.0	8.0	8.0	NeuronSpectrum 10.06.2026 14:49:30	EEG	checkup_149_10.06.2026 14:49:30	500.0	499.6666666666667	True	0.5	40.0	4	True	50.0	30.0	365.6409606933594	-0.9186422328105556	-561.4822998046875	-6.36389063393839	-393.4273681640625	-5.287853916408682	-476.6488037109375	-6.087500607154442	-544.136474609375	-2.9263013986740667	-72.64498138427734	-3.053762437080444	-289.1206970214844	-1.740446313911935	-61.074256896972656	-3.8182578420129056	0.0	0.0	0.0	0.0
0.8181886672973633	1781094947.0	1781094947.1970484	1	10.0	10.0	8.0	8.0	NeuronSpectrum 10.06.2026 14:49:30	EEG	checkup_149_10.06.2026 14:49:30	500.0	499.6666666666667	True	0.5	40.0	4	True	50.0	30.0	395.2846984863281	-9.32767775297408	-603.5564575195312	8.976147121602704	-421.2802734375	6.561033925880755	-511.64666748046875	7.353985952849551	-584.7169799804688	12.020895109378982	-73.87915802001953	2.059359465626045	-308.03125	8.424183425453815	-65.96366882324219	-2.4307815468238125	0.0	0.0	0.0	0.0
0.8181900978088379	1781094947.0	1781094947.1970499	1	10.0	10.0	8.0	8.0	NeuronSpectrum 10.06.2026 14:49:30	EEG	checkup_149_10.06.2026 14:49:30	500.0	499.6666666666667	True	0.5	40.0	4	True	50.0	30.0	414.40216064453125	-19.153564594775	-630.0194091796875	26.365180510049385	-438.46014404296875	19.776555678128627	-533.5840454101562	22.552389388078556	-610.0883178710938	29.00105560344815	-73.74642181396484	7.216890812866248	-319.55126953125	19.48107821064931	-69.082275390625	-0.7660299613283513	0.0	0.0	0.0	0.0
0.8181920051574707	1781094947.0	1781094947.1970518	1	10.0	10.0	8.0	8.0	NeuronSpectrum 10.06.2026 14:49:30	EEG	checkup_149_10.06.2026 14:49:30	500.0	499.6666666666667	True	0.5	40.0	4	True	50.0	30.0	391.2563781738281	-28.684177993933655	-593.0201416015625	42.98028385102496	-411.88128662109375	32.260743466822206	-502.05352783203125	37.03489058564813	-574.0498046875	45.25441127996263	-66.99961853027344	11.760740936394356	-299.4859313964844	29.74804835432685	-65.24105072021484	0.8729152506283813	0.0	0.0	0.0	0.0
0.8181934356689453	1781094947.0	1781094947.1970532	1	10.0	10.0	8.0	8.0	NeuronSpectrum 10.06.2026 14:49:30	EEG	checkup_149_10.06.2026 14:49:30	500.0	499.6666666666667	True	0.5	40.0	4	True	50.0	30.0	304.84564208984375	-36.08885363724918	-460.83966064453125	55.87426420270607	-319.585693359375	41.870882435744385	-390.24560546875	48.25798723510367	-446.0154113769531	57.900314960162106	-50.075042724609375	15.104265276642478	-231.6992950439453	37.55597660451053	-51.015987396240234	2.157529433850494	0.0	0.0	0.0	0.0
0.818195104598999	1781094947.0	1781094947.1970549	1	10.0	10.0	8.0	8.0	NeuronSpectrum 10.06.2026 14:49:30	EEG	checkup_149_10.06.2026 14:49:30	500.0	499.6666666666667	True	0.5	40.0	4	True	50.0	30.0	161.20794677734375	-39.85169076826796	-242.58302307128906	62.65506905808067	-167.88861083984375	46.904281973180254	-205.84432983398438	54.18763861381845	-234.86138916015625	64.59999308896757	-23.96462059020996	16.843602313663318	-120.7001953125	41.61122506487406	-27.411008834838867	2.812274171660907	0.0	0.0	0.0	0.0
0.8690657615661621	1781094947.0	1781094947.2479255	1	10.0	10.0	8.0	8.0	NeuronSpectrum 10.06.2026 14:49:30	EEG	checkup_149_10.06.2026 14:49:30	500.0	499.6666666666667	True	0.5	40.0	4	True	50.0	30.0	364.05450439453125	-39.187462934031856	-549.0083618164062	62.126056222143184	-381.10882568359375	46.545692747134346	-465.1508483886719	53.83856327455838	-531.3585205078125	64.17927325598554	-59.72727584838867	16.844644578792405	-276.3199768066406	41.323174621300744	-60.38133239746094	2.6901662867611584	0.0	0.0	0.0	0.0
0.8690710067749023	1781094947.0	1781094947.2479308	1	10.0	10.0	8.0	8.0	NeuronSpectrum 10.06.2026 14:49:30	EEG	checkup_149_10.06.2026 14:49:30	500.0	499.6666666666667	True	0.5	40.0	4	True	50.0	30.0	364.36358642578125	-34.252743708939484	-549.619384765625	54.60259131032294	-381.75445556640625	41.080122990609496	-465.6321716308594	47.533410608316686	-531.8934936523438	56.935673991701826	-60.5979118347168	15.271753523963659	-276.8016662597656	36.95454895196607	-60.3455810546875	1.8132707163357358	0.0	0.0	0.0	0.0
0.8690733909606934	1781094947.0	1781094947.2479331	1	10.0	10.0	8.0	8.0	NeuronSpectrum 10.06.2026 14:49:30	EEG	checkup_149_10.06.2026 14:49:30	500.0	499.6666666666667	True	0.5	40.0	4	True	50.0	30.0	367.4648132324219	-26.062843432963724	-554.7659301757812	41.77059958001155	-385.6537170410156	31.779789446621685	-469.7177734375	36.77025305994636	-536.9192504882812	44.500342262854716	-62.50283432006836	12.544883696934278	-279.8547668457031	29.529312214939324	-60.882057189941406	0.36203553375869646	0.0	0.0	0.0	0.0
0.8690755367279053	1781094947.0	1781094947.2479353	1	10.0	10.0	8.0	8.0	NeuronSpectrum 10.06.2026 14:49:30	EEG	checkup_149_10.06.2026 14:49:30	500.0	499.6666666666667	True	0.5	40.0	4	True	50.0	30.0	372.724853515625	-16.178692864420874	-563.3524169921875	26.18666044976903	-392.0072326660156	20.537401488052318	-476.5454406738281	23.784783173143158	-545.3792114257812	29.35213374837886	-65.09268951416016	9.241467389738391	-284.97491455078125	20.551672021663155	-61.9050178527832	-1.3770679452516832	0.0	0.0	0.0	0.0
0.869077205657959	1781094947.0	1781094947.247937	1	10.0	10.0	8.0	8.0	NeuronSpectrum 10.06.2026 14:49:30	EEG	checkup_149_10.06.2026 14:49:30	500.0	499.6666666666667	True	0.5	40.0	4	True	50.0	30.0	376.40301513671875	-6.318287089981576	-569.5928344726562	10.65743783837508	-396.74578857421875	9.414188798447366	-481.3468322753906	11.01014776068815	-551.6435546875	14.214850362603482	-67.43533325195312	5.977155021013674	-289.2004089355469	11.659587518148733	-62.77965545654297	-3.080560490012932	0.0	0.0	0.0	0.0
0.8690791130065918	1781094947.0	1781094947.2479389	1	10.0	10.0	8.0	8.0	NeuronSpectrum 10.06.2026 14:49:30	EEG	checkup_149_10.06.2026 14:49:30	500.0	499.6666666666667	True	0.5	40.0	4	True	50.0	30.0	373.6370849609375	1.9678159979536385	-566.0025024414062	-2.285772947371668	-394.5921630859375	0.2555408478074437	-477.89630126953125	0.6184141303246993	-548.4158935546875	1.5470451622282502	-68.38634490966797	3.2977228521065993	-288.5735168457031	4.325103624236256	-62.63723373413086	-4.450033947124764	0.0	0.0	0.0	0.0
0.8690807819366455	1781094947.0	1781094947.2479405	1	10.0	10.0	8.0	8.0	NeuronSpectrum 10.06.2026 14:49:30	EEG	checkup_149_10.06.2026 14:49:30	500.0	499.6666666666667	True	0.5	40.0	4	True	50.0	30.0	363.19219970703125	7.492702075013447	-550.5687866210938	-10.715130959393525	-384.0477294921875	-5.5521437254987	-464.4983215332031	-5.768325897425957	-533.7023315429688	-6.776460559961708	-67.48101043701172	1.6011033484889847	-281.793212890625	-0.3430840756715	-61.15305709838867	-5.254972596450794	0.0	0.0	0.0	0.0
0.8690826892852783	1781094947.0	1781094947.2479424	1	10.0	10.0	8.0	8.0	NeuronSpectrum 10.06.2026 14:49:30	EEG	checkup_149_10.06.2026 14:49:30	500.0	499.6666666666667	True	0.5	40.0	4	True	50.0	30.0	351.2801513671875	9.513119623570057	-532.5393676757812	-13.450480329087565	-371.4498291015625	-7.190658078819493	-448.8682861328125	-7.206728158739203	-516.4429931640625	-9.604587431199443	-65.68270874023438	1.0939688269767975	-273.2480163574219	-1.6971943539201062	-59.196205139160156	-5.355746903783107	0.0	0.0	0.0	0.0
0.869084358215332	1781094947.0	1781094947.247944	1	10.0	10.0	8.0	8.0	NeuronSpectrum 10.06.2026 14:49:30	EEG	checkup_149_10.06.2026 14:49:30	500.0	499.6666666666667	True	0.5	40.0	4	True	50.0	30.0	349.6444396972656	7.750748594727613	-529.5770874023438	-10.102675991760837	-369.0472717285156	-4.441293758965038	-445.8038635253906	-3.4687096803848503	-513.76513671875	-6.552181828360329	-65.09707641601562	1.777363960921437	-271.7079162597656	0.41488990155210825	-58.572200775146484	-4.713491896729478	0.0	0.0	0.0	0.0
0.8690862655639648	1781094947.0	1781094947.247946	1	10.0	10.0	8.0	8.0	NeuronSpectrum 10.06.2026 14:49:30	EEG	checkup_149_10.06.2026 14:49:30	500.0	499.6666666666667	True	0.5	40.0	4	True	50.0	30.0	366.6399230957031	2.413416290065809	-554.3412475585938	-1.1023473890202142	-385.71258544921875	2.302513541439269	-465.9716796875	4.943355476755302	-537.9666748046875	1.9717068383350627	-67.38362121582031	3.453058957980841	-283.6156311035156	5.638274099064874	-60.635433197021484	-3.3944386795842476	0.0	0.0	0.0	0.0
0.8690879344940186	1781094947.0	1781094947.2479477	1	10.0	10.0	8.0	8.0	NeuronSpectrum 10.06.2026 14:49:30	EEG	checkup_149_10.06.2026 14:49:30	500.0	499.6666666666667	True	0.5	40.0	4	True	50.0	30.0	396.4659118652344	-5.767126028271336	-598.2496337890625	12.261175963051198	-415.6456604003906	12.023622173603163	-502.27215576171875	16.78270979760753	-580.7500610351562	14.725403986834776	-71.76861572265625	5.746777672754154	-304.8463439941406	13.112773426209115	-64.57506561279297	-1.5707545437253023	0.0	0.0	0.0	0.0
0.8690896034240723	1781094947.0	1781094947.2479494	1	10.0	10.0	8.0	8.0	NeuronSpectrum 10.06.2026 14:49:30	EEG	checkup_149_10.06.2026 14:49:30	500.0	499.6666666666667	True	0.5	40.0	4	True	50.0	30.0	415.6202697753906	-15.527586976180844	-626.0823974609375	27.85948095983269	-434.5567321777344	23.116648102875764	-525.2456665039062	30.102305335314508	-607.9666137695312	29.652766870176904	-74.30410766601562	8.152687703820458	-317.8609619140625	21.52124228923618	-66.81414794921875	0.48867659061246943	0.0	0.0	0.0	0.0
0.869091272354126	1781094947.0	1781094947.247951	1	10.0	10.0	8.0	8.0	NeuronSpectrum 10.06.2026 14:49:30	EEG	checkup_149_10.06.2026 14:49:30	500.0	499.6666666666667	True	0.5	40.0	4	True	50.0	30.0	392.3988342285156	-25.18325547927057	-590.22705078125	42.93140851200498	-409.47528076171875	33.5563258383066	-494.9510803222656	42.461314696685264	-573.4190673828125	44.08247630071727	-69.47003936767578	10.108080873568804	-298.77734375	29.244079509411	-62.46321487426758	2.4492608815705235	0.0	0.0	0.0	0.0
0.8690931797027588	1781094947.0	1781094947.247953	1	10.0	10.0	8.0	8.0	NeuronSpectrum 10.06.2026 14:49:30	EEG	checkup_149_10.06.2026 14:49:30	500.0	499.6666666666667	True	0.5	40.0	4	True	50.0	30.0	305.8590393066406	-32.917110263619016	-459.2029113769531	54.56264810113933	-318.5118408203125	41.254619954327275	-384.8782958984375	51.36103925264131	-446.53204345703125	55.192679725276044	-53.53063201904297	11.100346099853628	-231.7303924560547	34.65461681766647	-48.28435516357422	3.970181173901419	0.0	0.0	0.0	0.0
0.8690946102142334	1781094947.0	1781094947.2479544	1	10.0	10.0	8.0	8.0	NeuronSpectrum 10.06.2026 14:49:30	EEG	checkup_149_10.06.2026 14:49:30	500.0	499.6666666666667	True	0.5	40.0	4	True	50.0	30.0	162.09596252441406	-37.20836202365932	-242.17715454101562	60.3716533541424	-167.90525817871094	44.555330091201995	-202.57676696777344	54.84645006864048	-236.1508026123047	60.67625720717475	-27.484275817871094	10.789171276678848	-121.30440521240234	36.51000276509059	-25.25538444519043	4.782923248184146	0.0	0.0	0.0	0.0
0.9200491905212402	1781094947.0	1781094947.298909	1	10.0	10.0	8.0	8.0	NeuronSpectrum 10.06.2026 14:49:30	EEG	checkup_149_10.06.2026 14:49:30	500.0	499.6666666666667	True	0.5	40.0	4	True	50.0	30.0	363.8357238769531	-37.24527769998525	-547.7469482421875	59.16009366228726	-381.97296142578125	42.69385791346907	-462.0886535644531	52.0624132116108	-532.965087890625	59.372197882591855	-66.4224624633789	9.106593007835002	-279.4300842285156	34.30374057828196	-57.74629211425781	4.761731383978351	0.0	0.0	0.0	0.0
0.9200544357299805	1781094947.0	1781094947.2989142	1	10.0	10.0	8.0	8.0	NeuronSpectrum 10.06.2026 14:49:30	EEG	checkup_149_10.06.2026 14:49:30	500.0	499.6666666666667	True	0.5	40.0	4	True	50.0	30.0	363.25787353515625	-33.136090413917906	-548.7776489257812	51.240140427473584	-384.1908874511719	36.01941274418999	-465.339111328125	43.51710571748837	-534.2434692382812	51.583858355602665	-68.81729125976562	6.294414940196803	-282.61358642578125	28.42611216785874	-58.15876388549805	3.9553325468059226	0.0	0.0	0.0	0.0
0.9200568199157715	1781094947.0	1781094947.2989166	1	10.0	10.0	8.0	8.0	NeuronSpectrum 10.06.2026 14:49:30	EEG	checkup_149_10.06.2026 14:49:30	500.0	499.6666666666667	True	0.5	40.0	4	True	50.0	30.0	365.3675231933594	-25.829337387518738	-554.4183959960938	38.30065389175898	-389.6219787597656	25.883514848197077	-472.59259033203125	30.93541033295815	-539.8801879882812	38.95007346947699	-72.0079345703125	2.8606452244566647	-288.33673095703125	20.060883607117134	-59.045318603515625	2.5664962948413557	0.0	0.0	0.0	0.0
0.9200589656829834	1781094947.0	1781094947.2989187	1	10.0	10.0	8.0	8.0	NeuronSpectrum 10.06.2026 14:49:30	EEG	checkup_149_10.06.2026 14:49:30	500.0	499.6666666666667	True	0.5	40.0	4	True	50.0	30.0	369.6357421875	-16.807669266700753	-563.4254760742188	22.908860481682087	-397.15240478515625	14.264554577044805	-482.32562255859375	16.787924454219763	-548.6542358398438	23.962598088057604	-75.36078643798828	-0.5300732452716405	-295.3161315917969	10.873044686986706	-60.14146041870117	0.8918269553778084	0.0	0.0	0.0	0.0
0.9200606346130371	1781094947.0	1781094947.2989204	1	10.0	10.0	8.0	8.0	NeuronSpectrum 10.06.2026 14:49:30	EEG	checkup_149_10.06.2026 14:49:30	500.0	499.6666666666667	True	0.5	40.0	4	True	50.0	30.0	372.446533203125	-7.708764111729369	-569.8389892578125	7.8841799336763305	-402.42205810546875	3.2979977054616487	-489.0372619628906	3.7041991289414637	-554.8075561523438	9.359250463657366	-77.70223236083984	-3.1953379895827396	-299.9370422363281	2.6196339677523626	-60.751670837402344	-0.7506899569620391	0.0	0.0	0.0	0.0
0.9200625419616699	1781094947.0	1781094947.2989223	1	10.0	10.0	8.0	8.0	NeuronSpectrum 10.06.2026 14:49:30	EEG	checkup_149_10.06.2026 14:49:30	500.0	499.6666666666667	True	0.5	40.0	4	True	50.0	30.0	369.05474853515625	-0.011222527587313125	-566.0257568359375	-4.238415789840042	-399.9678649902344	-5.130160902039556	-485.91748046875	-6.034260581196561	-550.9877319335938	-2.3965952359051905	-77.74968719482422	-4.565335758890259	-297.934326171875	-3.1908163909789558	-60.09625244140625	-2.0814384951261764	0.0	0.0	0.0	0.0
0.9200642108917236	1781094947.0	1781094947.298924	1	10.0	10.0	8.0	8.0	NeuronSpectrum 10.06.2026 14:49:30	EEG	checkup_149_10.06.2026 14:49:30	500.0	499.6666666666667	True	0.5	40.0	4	True	50.0	30.0	358.2986755371094	5.1521831658418416	-549.8388671875	-11.549156996715958	-388.2177429199219	-9.646181453489566	-470.9747619628906	-10.818945625949048	-535.1752319335938	-9.447242163309923	-74.98287963867188	-4.278947827109547	-288.0973815917969	-5.521428586131617	-58.05461502075195	-2.8942352775458837	0.0	0.0	0.0	0.0
0.9200661182403564	1781094947.0	1781094947.2989259	1	10.0	10.0	8.0	8.0	NeuronSpectrum 10.06.2026 14:49:30	EEG	checkup_149_10.06.2026 14:49:30	500.0	499.6666666666667	True	0.5	40.0	4	True	50.0	30.0	346.392822265625	7.067708005429636	-530.383544921875	-12.91657334870994	-373.5152282714844	-9.507952229474364	-451.9689636230469	-9.85435633175852	-516.2547607421875	-10.690784653100367	-70.34857177734375	-2.235005012370667	-275.2108154296875	-3.9059055340831463	-55.72569274902344	-3.068329502545374	0.0	0.0	0.0	0.0
0.9200677871704102	1781094947.0	1781094947.2989275	1	10.0	10.0	8.0	8.0	NeuronSpectrum 10.06.2026 14:49:30	EEG	checkup_149_10.06.2026 14:49:30	500.0	499.6666666666667	True	0.5	40.0	4	True	50.0	30.0	345.01739501953125	5.458856596053134	-525.2269287109375	-8.031356317591223	-368.1995544433594	-4.632415531874417	-444.0954895019531	-3.174868485808095	-511.28863525390625	-5.826125374842818	-66.00626373291016	1.399588848259167	-268.6208801269531	1.541650426241719	-55.06977844238281	-2.567616676009758	0.0	0.0	0.0	0.0
0.9200694561004639	1781094947.0	1781094947.2989292	1	10.0	10.0	8.0	8.0	NeuronSpectrum 10.06.2026 14:49:30	EEG	checkup_149_10.06.2026 14:49:30	500.0	499.6666666666667	True	0.5	40.0	4	True	50.0	30.0	362.4373474121094	0.5086707732894737	-547.1408081054688	2.574504777463442	-381.3997802734375	4.410214539212959	-458.7803649902344	8.387634211658282	-532.6449584960938	4.625534316900328	-63.87837600708008	6.2164691219880925	-275.4652404785156	10.160494408074175	-57.460697174072266	-1.4384993103987225	0.0	0.0	0.0	0.0
0.9200711250305176	1781094947.0	1781094947.298931	1	10.0	10.0	8.0	8.0	NeuronSpectrum 10.06.2026 14:49:30	EEG	checkup_149_10.06.2026 14:49:30	500.0	499.6666666666667	True	0.5	40.0	4	True	50.0	30.0	392.78857421875	-7.097769196075759	-588.0289916992188	17.50648238921797	-407.8374328613281	16.413593440556298	-490.00274658203125	23.253301325329783	-572.4092407226562	19.297494779150764	-63.80753707885742	11.618794844478819	-292.4223327636719	20.79768070345681	-61.98114013671875	0.1886752420496923	0.0	0.0	0.0	0.0
0.9200727939605713	1781094947.0	1781094947.2989326	1	10.0	10.0	8.0	8.0	NeuronSpectrum 10.06.2026 14:49:30	EEG	checkup_149_10.06.2026 14:49:30	500.0	499.6666666666667	True	0.5	40.0	4	True	50.0	30.0	412.5625	-16.158437624774006	-613.5216674804688	34.54696355920865	-423.99267578125	29.601522196256184	-509.5154724121094	39.1998003497194	-597.1632080078125	36.014602774063405	-62.78645706176758	16.89684420988074	-302.79425048828125	31.901460414292497	-64.88849639892578	2.100344852993139	0.0	0.0	0.0	0.0
0.920074462890625	1781094947.0	1781094947.2989342	1	10.0	10.0	8.0	8.0	NeuronSpectrum 10.06.2026 14:49:30	EEG	checkup_149_10.06.2026 14:49:30	500.0	499.6666666666667	True	0.5	40.0	4	True	50.0	30.0	390.0877685546875	-25.056044850211318	-576.9313354492188	50.87580533301645	-397.6925964355469	41.81967574879595	-478.3586730957031	53.609779371270314	-561.5576782226562	52.00831726095543	-56.258079528808594	21.32584934998581	-283.3585510253906	41.70018214848475	-61.147884368896484	4.016063054906343	0.0	0.0	0.0	0.0
0.9200761318206787	1781094947.0	1781094947.298936	1	10.0	10.0	8.0	8.0	NeuronSpectrum 10.06.2026 14:49:30	EEG	checkup_149_10.06.2026 14:49:30	500.0	499.6666666666667	True	0.5	40.0	4	True	50.0	30.0	304.43780517578125	-32.0390347659459	-447.30938720703125	63.55225966645454	-307.5148620605469	50.90127535971406	-370.3498229980469	63.91508203732226	-435.5624694824219	64.38816579185448	-41.00737762451172	24.281358181721142	-218.41488647460938	48.49540644834988	-47.443382263183594	5.631087352337584	0.0	0.0	0.0	0.0
0.9200778007507324	1781094947.0	1781094947.2989376	1	10.0	10.0	8.0	8.0	NeuronSpectrum 10.06.2026 14:49:30	EEG	checkup_149_10.06.2026 14:49:30	500.0	499.6666666666667	True	0.5	40.0	4	True	50.0	30.0	161.65240478515625	-35.643653101997934	-233.59742736816406	70.1899190149025	-159.54510498046875	55.1535573744865	-192.47093200683594	68.17296503181595	-227.90872192382812	70.8029834289489	-17.77010154724121	25.35402134177776	-112.00960540771484	51.027596067253704	-24.740924835205078	6.681022802059637	0.0	0.0	0.0	0.0
0.9200794696807861	1781094947.0	1781094947.2989392	1	10.0	10.0	8.0	8.0	NeuronSpectrum 10.06.2026 14:49:30	EEG	checkup_149_10.06.2026 14:49:30	500.0	499.6666666666667	True	0.5	40.0	4	True	50.0	30.0	363.3169250488281	-35.10285341643764	-534.1688842773438	69.58755904591176	-369.6468505859375	53.7974035516698	-448.68017578125	65.5745661822699	-519.719482421875	70.06068994833599	-51.426673889160156	24.4320032368034	-264.6507568359375	48.79289164237476	-55.72146987915039	7.006372616630375	0.0	0.0	0.0	0.0
0.9200809001922607	1781094947.0	1781094947.2989407	1	10.0	10.0	8.0	8.0	NeuronSpectrum 10.06.2026 14:49:30	EEG	checkup_149_10.06.2026 14:49:30	500.0	499.6666666666667	True	0.5	40.0	4	True	50.0	30.0	363.1981506347656	-30.55609510627425	-535.3463745117188	62.03671966597193	-372.2259826660156	47.16658096508586	-453.0436706542969	56.65721796460142	-520.9208984375	62.43391746607098	-53.98667907714844	21.72000662043168	-268.6229553222656	42.17284688604833	-55.0124626159668	6.589246199603592	0.0	0.0	0.0	0.0
0.9200828075408936	1781094947.0	1781094947.2989426	1	10.0	10.0	8.0	8.0	NeuronSpectrum 10.06.2026 14:49:30	EEG	checkup_149_10.06.2026 14:49:30	500.0	499.6666666666667	True	0.5	40.0	4	True	50.0	30.0	365.6278381347656	-22.970798994944655	-541.1341552734375	49.17625025193119	-378.2690124511719	36.579930407805506	-461.04290771484375	43.12278152033403	-526.9263916015625	49.52357206718267	-57.840293884277344	17.685183913960337	-275.4957275390625	32.31763638229682	-54.835567474365234	5.548292993931129	0.0	0.0	0.0	0.0
0.9200847148895264	1781094947.0	1781094947.2989445	1	10.0	10.0	8.0	8.0	NeuronSpectrum 10.06.2026 14:49:30	EEG	checkup_149_10.06.2026 14:49:30	500.0	499.6666666666667	True	0.5	40.0	4	True	50.0	30.0	370.0428466796875	-13.838300213605521	-550.2994995117188	33.495015919426834	-386.6767272949219	23.962609444104448	-471.31121826171875	27.360533947998803	-536.5469360351562	33.776918802002314	-62.39483642578125	12.949319491569957	-284.1904296875	20.841939698173743	-55.25360870361328	4.100171827524136	0.0	0.0	0.0	0.0
0.9200866222381592	1781094947.0	1781094947.2989464	1	10.0	10.0	8.0	8.0	NeuronSpectrum 10.06.2026 14:49:30	EEG	checkup_149_10.06.2026 14:49:30	500.0	499.6666666666667	True	0.5	40.0	4	True	50.0	30.0	372.82977294921875	-4.796653652360545	-556.9983520507812	17.719985759642064	-393.117431640625	11.388023919935335	-478.7296447753906	11.88636465134041	-543.9888305664062	17.889652456850957	-66.47978973388672	8.163833694268108	-291.25469970703125	9.46253777269331	-55.7901725769043	2.5086757838884264	0.0	0.0	0.0	0.0
0.9200882911682129	1781094947.0	1781094947.298948	1	10.0	10.0	8.0	8.0	NeuronSpectrum 10.06.2026 14:49:30	EEG	checkup_149_10.06.2026 14:49:30	500.0	499.6666666666667	True	0.5	40.0	4	True	50.0	30.0	369.2769775390625	2.6826181322550124	-553.796875	4.304475321530083	-392.1876525878906	0.6960091382918558	-476.99151611328125	-1.1128954283255499	-541.826416015625	4.300822758935885	-68.79975128173828	3.9019572242576532	-292.4906005859375	-0.3048329183168325	-55.70078659057617	1.0399283270320976	0.0	0.0	0.0	0.0
0.9200901985168457	1781094947.0	1781094947.29895	1	10.0	10.0	8.0	8.0	NeuronSpectrum 10.06.2026 14:49:30	EEG	checkup_149_10.06.2026 14:49:30	500.0	499.6666666666667	True	0.5	40.0	4	True	50.0	30.0	358.246337890625	7.4814906363304905	-538.79931640625	-4.882261868681634	-382.4735107421875	-6.7379638896029155	-464.6615905761719	-10.042444802881196	-528.0169677734375	-5.11954233786586	-68.90453338623047	0.5879562223660563	-286.73272705078125	-7.331185394208439	-54.68928909301758	-0.06885945456347761	0.0	0.0	0.0	0.0
0.9200916290283203	1781094947.0	1781094947.2989514	1	10.0	10.0	8.0	8.0	NeuronSpectrum 10.06.2026 14:49:30	EEG	checkup_149_10.06.2026 14:49:30	500.0	499.6666666666667	True	0.5	40.0	4	True	50.0	30.0	345.9252624511719	8.909273152680726	-521.3526611328125	-8.679555005078523	-370.59942626953125	-10.091651625181898	-450.0054016113281	-13.986138188091626	-511.5382995605469	-9.202664093606273	-67.95101928710938	-1.533460488497801	-278.86712646484375	-10.947020996429949	-53.51053237915039	-0.6297492060538408	0.0	0.0	0.0	0.0
0.9200935363769531	1781094947.0	1781094947.2989533	1	10.0	10.0	8.0	8.0	NeuronSpectrum 10.06.2026 14:49:30	EEG	checkup_149_10.06.2026 14:49:30	500.0	499.6666666666667	True	0.5	40.0	4	True	50.0	30.0	343.9262390136719	6.720907484614187	-519.1424560546875	-6.660495499153649	-369.1747741699219	-9.104461612941332	-448.4324951171875	-12.69720988835243	-509.60870361328125	-7.514460691856048	-68.31909942626953	-2.3970408823413876	-278.3049011230469	-10.946944430517997	-53.7294807434082	-0.5212034606786801	0.0	0.0	0.0	0.0
0.9200949668884277	1781094947.0	1781094947.2989547	1	10.0	10.0	8.0	8.0	NeuronSpectrum 10.06.2026 14:49:30	EEG	checkup_149_10.06.2026 14:49:30	500.0	499.6666666666667	True	0.5	40.0	4	True	50.0	30.0	360.4852600097656	1.1379411622189544	-544.7935791015625	0.8507408171399556	-387.29541015625	-4.0726765438458115	-470.93609619140625	-6.5793139256916895	-534.6199951171875	-0.37687498794437424	-71.8367919921875	-2.100431124400643	-291.9068908691406	-7.577202466157526	-56.43608856201172	0.2919270423367448	0.0	0.0	0.0	0.0
0.9200968742370605	1781094947.0	1781094947.2989566	1	10.0	10.0	8.0	8.0	NeuronSpectrum 10.06.2026 14:49:30	EEG	checkup_149_10.06.2026 14:49:30	500.0	499.6666666666667	True	0.5	40.0	4	True	50.0	30.0	389.8489990234375	-7.111882195099662	-589.7116088867188	12.7390422231153	-419.06744384765625	4.142768302764704	-510.1772766113281	3.308654681579774	-578.3303833007812	11.094613099637668	-77.62554931640625	-0.8810130884655283	-315.42144775390625	-1.528067848249374	-60.678565979003906	1.736868706211342	0.0	0.0	0.0	0.0
0.9200985431671143	1781094947.0	1781094947.2989583	1	10.0	10.0	8.0	8.0	NeuronSpectrum 10.06.2026 14:49:30	EEG	checkup_149_10.06.2026 14:49:30	500.0	499.6666666666667	True	0.5	40.0	4	True	50.0	30.0	408.790771484375	-16.78358881521156	-618.750732421875	27.100214058002248	-439.7724304199219	14.136433827356942	-535.8920288085938	15.273629408960378	-606.5921020507812	24.999710776434252	-81.34256744384766	0.9143305510278289	-330.5939636230469	6.095338523113579	-62.960941314697266	3.620743009610726	0.0	0.0	0.0	0.0
0.9201004505157471	1781094947.0	1781094947.2989602	1	10.0	10.0	8.0	8.0	NeuronSpectrum 10.06.2026 14:49:30	EEG	checkup_149_10.06.2026 14:49:30	500.0	499.6666666666667	True	0.5	40.0	4	True	50.0	30.0	385.99267578125	-26.220285089837176	-584.4271850585938	41.411469203971635	-415.8666687011719	24.091836301160605	-507.12725830078125	27.141670063689286	-573.1585083007812	38.83042645644841	-76.96900939941406	2.8753095295723736	-312.56524658203125	13.883770145819652	-58.664058685302734	5.643823787338087	0.0	0.0	0.0	0.0
0.9201018810272217	1781094947.0	1781094947.2989616	1	10.0	10.0	8.0	8.0	NeuronSpectrum 10.06.2026 14:49:30	EEG	checkup_149_10.06.2026 14:49:30	500.0	499.6666666666667	True	0.5	40.0	4	True	50.0	30.0	300.7595520019531	-33.63649947275591	-455.319091796875	52.960849605215095	-325.0525817871094	32.08935463612971	-396.7033996582031	36.62130974187108	-447.3686828613281	49.90204550076009	-60.464359283447266	4.5964527063715686	-244.77784729003906	20.359298450178994	-44.846702575683594	7.448676135321836	0.0	0.0	0.0	0.0
0.9201035499572754	1781094947.0	1781094947.2989633	1	10.0	10.0	8.0	8.0	NeuronSpectrum 10.06.2026 14:49:30	EEG	checkup_149_10.06.2026 14:49:30	500.0	499.6666666666667	True	0.5	40.0	4	True	50.0	30.0	159.07620239257812	-37.54122723647668	-240.45619201660156	59.478092166347636	-173.5663299560547	36.547523780255666	-212.2537841796875	41.83025724357339	-237.96226501464844	55.97898156170465	-32.93516159057617	5.758206808087051	-131.841552734375	24.30449475824543	-22.61540985107422	8.698507161518798	0.0	0.0	0.0	0.0
0.9201052188873291	1781094947.0	1781094947.298965	1	10.0	10.0	8.0	8.0	NeuronSpectrum 10.06.2026 14:49:30	EEG	checkup_149_10.06.2026 14:49:30	500.0	499.6666666666667	True	0.5	40.0	4	True	50.0	30.0	358.2140808105469	-37.147458044251195	-542.3535766601562	59.738936690378345	-387.6426086425781	36.6384013753478	-472.9892578125	41.79385648540016	-533.11083984375	55.8705241273276	-72.03237915039062	6.193481632834037	-290.35552978515625	25.06823831794849	-52.152015686035156	9.158908437993196	0.0	0.0	0.0	0.0
0.9201071262359619	1781094947.0	1781094947.298967	1	10.0	10.0	8.0	8.0	NeuronSpectrum 10.06.2026 14:49:30	EEG	checkup_149_10.06.2026 14:49:30	500.0	499.6666666666667	True	0.5	40.0	4	True	50.0	30.0	357.9900817871094	-32.5834582391848	-541.3209838867188	53.869549921560434	-387.20123291015625	32.48741740019786	-472.0447082519531	36.68547049909244	-532.8297729492188	49.72821430263189	-71.79532623291016	5.909463529538436	-289.1475524902344	22.70964731260607	-51.76288604736328	8.751236396872788	0.0	0.0	0.0	0.0
0.9201087951660156	1781094947.0	1781094947.2989686	1	10.0	10.0	8.0	8.0	NeuronSpectrum 10.06.2026 14:49:30	EEG	checkup_149_10.06.2026 14:49:30	500.0	499.6666666666667	True	0.5	40.0	4	True	50.0	30.0	360.58294677734375	-24.816724757179465	-544.1378173828125	43.223201011900564	-389.1866149902344	25.071778742881353	-474.07354736328125	27.703755163580052	-536.3549194335938	38.919853488297676	-71.84490203857422	5.054834546785154	-289.7766418457031	17.918803054324503	-52.16239547729492	7.559979327679711	0.0	0.0	0.0	0.0
0.9201107025146484	1781094947.0	1781094947.2989705	1	10.0	10.0	8.0	8.0	NeuronSpectrum 10.06.2026 14:49:30	EEG	checkup_149_10.06.2026 14:49:30	500.0	499.6666666666667	True	0.5	40.0	4	True	50.0	30.0	365.446044921875	-15.352165036720997	-550.1131591796875	29.927870725161057	-393.0911865234375	15.891335224136178	-478.5827331542969	16.675258521296033	-542.847412109375	25.57769608297683	-72.07980346679688	3.8513999072871377	-291.94317626953125	11.770964784760034	-53.27248001098633	5.799698463426259	0.0	0.0	0.0	0.0
0.920112133026123	1781094947.0	1781094947.298972	1	10.0	10.0	8.0	8.0	NeuronSpectrum 10.06.2026 14:49:30	EEG	checkup_149_10.06.2026 14:49:30	500.0	499.6666666666667	True	0.5	40.0	4	True	50.0	30.0	368.92559814453125	-5.855078010634235	-553.9515380859375	16.33468291581484	-395.239990234375	6.577137380982332	-481.1424865722656	5.581422204956169	-546.9973754882812	12.047668782800429	-71.87049865722656	2.5239286124161344	-292.9626159667969	5.437644774151047	-54.48844528198242	3.761759217297835	0.0	0.0	0.0	0.0
0.9201140403747559	1781094947.0	1781094947.2989738	1	10.0	10.0	8.0	8.0	NeuronSpectrum 10.06.2026 14:49:30	EEG	checkup_149_10.06.2026 14:49:30	500.0	499.6666666666667	True	0.5	40.0	4	True	50.0	30.0	366.2113952636719	2.1649515034115927	-548.6781005859375	4.5704781007002495	-390.8471984863281	-1.4180486962777503	-475.8711242675781	-3.816197243259567	-541.9229736328125	0.4411675119578189	-70.44953155517578	1.2552901129615053	-289.29205322265625	-0.03875971423638863	-54.983699798583984	1.7605531205213845	0.0	0.0	0.0	0.0
0.9201157093048096	1781094947.0	1781094947.2989755	1	10.0	10.0	8.0	8.0	NeuronSpectrum 10.06.2026 14:49:30	EEG	checkup_149_10.06.2026 14:49:30	500.0	499.6666666666667	True	0.5	40.0	4	True	50.0	30.0	356.0270690917969	7.546486036118305	-532.7054443359375	-3.7174753255794064	-378.9698181152344	-6.9868601608133725	-461.47125244140625	-10.179722641447475	-526.0967407226562	-7.621796040507983	-67.82266235351562	0.17549576550034296	-280.2123107910156	-3.863054081807194	-54.437538146972656	0.08970158969800635	0.0	0.0	0.0	0.0
0.9201176166534424	1781094947.0	1781094947.2989774	1	10.0	10.0	8.0	8.0	NeuronSpectrum 10.06.2026 14:49:30	EEG	checkup_149_10.06.2026 14:49:30	500.0	499.6666666666667	True	0.5	40.0	4	True	50.0	30.0	344.4185791015625	9.556615030019104	-515.5009765625	-7.451674959612867	-366.4522705078125	-9.414832361010735	-446.0716552734375	-12.654846908675156	-508.87408447265625	-11.102670317596079	-65.46170043945312	-0.6245443397062557	-270.76239013671875	-5.516320856919214	-53.628082275390625	-1.0107810193095106	0.0	0.0	0.0	0.0
0.920119047164917	1781094947.0	1781094947.2989788	1	10.0	10.0	8.0	8.0	NeuronSpectrum 10.06.2026 14:49:30	EEG	checkup_149_10.06.2026 14:49:30	500.0	499.6666666666667	True	0.5	40.0	4	True	50.0	30.0	342.8988037109375	7.91493158029486	-514.6522216796875	-6.142911761978395	-365.79345703125	-8.378781095329014	-444.71588134765625	-10.870979363737137	-507.58953857421875	-9.558608649573603	-65.83377075195312	-1.0738025417922807	-270.1680603027344	-4.7496719625203525	-54.165897369384766	-1.3808183337721571	0.0	0.0	0.0	0.0
0.9201209545135498	1781094947.0	1781094947.2989807	1	10.0	10.0	8.0	8.0	NeuronSpectrum 10.06.2026 14:49:30	EEG	checkup_149_10.06.2026 14:49:30	500.0	499.6666666666667	True	0.5	40.0	4	True	50.0	30.0	359.685302734375	2.8177533494908222	-542.4485473632812	0.07100201785221372	-385.63592529296875	-3.9651320686864278	-467.8953857421875	-4.96384239021673	-534.3903198242188	-3.1718811914834157	-70.54751586914062	-1.1150563806742877	-284.80438232421875	-1.5951619858637587	-57.17691421508789	-0.9642474154877118	0.0	0.0	0.0	0.0
0.9201223850250244	1781094947.0	1781094947.2989821	1	10.0	10.0	8.0	8.0	NeuronSpectrum 10.06.2026 14:49:30	EEG	checkup_149_10.06.2026 14:49:30	500.0	499.6666666666667	True	0.5	40.0	4	True	50.0	30.0	389.0999755859375	-5.022073072708522	-589.753662109375	10.342051430403126	-419.3908386230469	3.2719421578136525	-507.7837829589844	4.3563331246324815	-580.42724609375	7.179479542030359	-78.18928527832031	-0.7194624800268373	-309.7812194824219	3.590297806692384	-61.70977020263672	0.17121263415430185	0.0	0.0	0.0	0.0
0.9201245307922363	1781094947.0	1781094947.2989843	1	10.0	10.0	8.0	8.0	NeuronSpectrum 10.06.2026 14:49:30	EEG	checkup_149_10.06.2026 14:49:30	500.0	499.6666666666667	True	0.5	40.0	4	True	50.0	30.0	408.0583801269531	-14.366406125008515	-620.7974853515625	23.05949146533509	-441.6231384277344	12.265013159745466	-533.816650390625	15.7543604646055	-610.739501953125	19.88045864327647	-83.68516540527344	0.08720652164656792	-326.2779541015625	10.086032324623197	-64.22655487060547	1.8277246087307601	0.0	0.0	0.0	0.0
0.9201259613037109	1781094947.0	1781094947.2989857	1	10.0	10.0	8.0	8.0	NeuronSpectrum 10.06.2026 14:49:30	EEG	checkup_149_10.06.2026 14:49:30	500.0	499.6666666666667	True	0.5	40.0	4	True	50.0	30.0	385.39154052734375	-23.560435895429084	-587.5977172851562	35.967430937928	-418.3206787109375	21.500627425751443	-505.0440673828125	27.357413515133697	-578.3598022460938	32.70124790617953	-80.33489227294922	1.2078735832888174	-309.152099609375	16.847554226809063	-60.04207229614258	3.6986401407203195	0.0	0.0	0.0	0.0
0.9201278686523438	1781094947.0	1781094947.2989876	1	10.0	10.0	8.0	8.0	NeuronSpectrum 10.06.2026 14:49:30	EEG	checkup_149_10.06.2026 14:49:30	500.0	499.6666666666667	True	0.5	40.0	4	True	50.0	30.0	300.4893798828125	-30.818719874590382	-458.56732177734375	46.55351969076797	-327.1563720703125	29.27402783800075	-394.5745849609375	37.068876017409174	-452.31268310546875	43.18024427593122	-63.742496490478516	2.4862890495703747	-241.92787170410156	22.681348993906617	-46.16160202026367	5.425012505851168	0.0	0.0	0.0	0.0
0.9201295375823975	1781094947.0	1781094947.2989893	1	10.0	10.0	8.0	8.0	NeuronSpectrum 10.06.2026 14:49:30	EEG	checkup_149_10.06.2026 14:49:30	500.0	499.6666666666667	True	0.5	40.0	4	True	50.0	30.0	159.3150177001953	-34.64914239581153	-242.9858856201172	52.65743341164349	-174.7700653076172	34.09957011731353	-210.43991088867188	43.068758054757154	-241.581787109375	49.217585119309	-35.143333435058594	3.748987730767414	-129.55548095703125	26.532834127404982	-23.686786651611328	6.678039577703785	0.0	0.0	0.0	0.0
0.9710252285003662	1781094947.0	1781094947.349885	1	10.0	10.0	8.0	8.0	NeuronSpectrum 10.06.2026 14:49:30	EEG	checkup_149_10.06.2026 14:49:30	500.0	499.6666666666667	True	0.5	40.0	4	True	50.0	30.0	358.4635925292969	-34.26144186194797	-545.8907470703125	53.07190448329579	-387.5052185058594	35.12081584537061	-468.3641357421875	44.31125402945875	-537.2606201171875	49.65792575287693	-74.31756591796875	4.855083673511922	-286.7682800292969	27.77518768973223	-53.46806335449219	7.239871426229007	0.0	0.0	0.0	0.0
0.9710354804992676	1781094947.0	1781094947.3498952	1	10.0	10.0	8.0	8.0	NeuronSpectrum 10.06.2026 14:49:30	EEG	checkup_149_10.06.2026 14:49:30	500.0	499.6666666666667	True	0.5	40.0	4	True	50.0	30.0	358.41241455078125	-29.77646938408759	-543.7847900390625	47.85939312691284	-385.0686340332031	32.32826080339808	-465.49578857421875	40.78749314891295	-535.279541015625	44.59313013190097	-72.42404174804688	5.7240495882145055	-284.46551513671875	26.360913538198012	-53.006004333496094	7.050751979557716	0.0	0.0	0.0	0.0
0.9710400104522705	1781094947.0	1781094947.3498998	1	10.0	10.0	8.0	8.0	NeuronSpectrum 10.06.2026 14:49:30	EEG	checkup_149_10.06.2026 14:49:30	500.0	499.6666666666667	True	0.5	40.0	4	True	50.0	30.0	360.951171875	-22.148539639185785	-545.215087890625	38.25086665429417	-385.0735778808594	26.492163084821346	-465.6178894042969	33.4426246181774	-536.7659912109375	35.25578783292584	-70.47904968261719	6.327964123279406	-283.6089172363281	22.771441552007776	-53.26034927368164	6.206359188403864	0.0	0.0	0.0	0.0
0.9710445404052734	1781094947.0	1781094947.3499043	1	10.0	10.0	8.0	8.0	NeuronSpectrum 10.06.2026 14:49:30	EEG	checkup_149_10.06.2026 14:49:30	500.0	499.6666666666667	True	0.5	40.0	4	True	50.0	30.0	365.5063171386719	-12.86374695287877	-549.71533203125	26.21962202612989	-387.3182067871094	18.875775235711927	-468.5144958496094	23.82731497243184	-541.2127685546875	23.595756912727488	-68.72962188720703	6.66111295810929	-284.1947326660156	17.81534314175188	-54.10658264160156	4.914020735571106	0.0	0.0	0.0	0.0
0.9710478782653809	1781094947.0	1781094947.3499076	1	10.0	10.0	8.0	8.0	NeuronSpectrum 10.06.2026 14:49:30	EEG	checkup_149_10.06.2026 14:49:30	500.0	499.6666666666667	True	0.5	40.0	4	True	50.0	30.0	368.5050354003906	-3.5654489917946526	-552.2056884765625	13.955290511022735	-388.3378601074219	10.885718053601812	-470.0271301269531	13.673700849183632	-543.6117553710938	11.761031867129986	-66.88793182373047	6.713408598534122	-283.90618896484375	12.390807772417581	-54.892215728759766	3.4318540384725633	0.0	0.0	0.0	0.0
0.9710516929626465	1781094947.0	1781094947.3499115	1	10.0	10.0	8.0	8.0	NeuronSpectrum 10.06.2026 14:49:30	EEG	checkup_149_10.06.2026 14:49:30	500.0	499.6666666666667	True	0.5	40.0	4	True	50.0	30.0	365.29730224609375	4.257311815592699	-545.8746948242188	3.438025871442269	-383.43634033203125	3.797042639856347	-464.4899597167969	4.561832280863892	-537.2843627929688	1.679411065621872	-64.4533920288086	6.46720816031144	-279.5578918457031	7.310839260516872	-54.77518844604492	2.013913513123849	0.0	0.0	0.0	0.0
0.9710550308227539	1781094947.0	1781094947.3499148	1	10.0	10.0	8.0	8.0	NeuronSpectrum 10.06.2026 14:49:30	EEG	checkup_149_10.06.2026 14:49:30	500.0	499.6666666666667	True	0.5	40.0	4	True	50.0	30.0	354.7613830566406	9.456923473731768	-529.1868286132812	-3.800819723613216	-371.6304626464844	-1.3905979408233657	-450.7010803222656	-2.2559421487760347	-520.7426147460938	-5.174209018599643	-61.55741882324219	5.919578665089696	-270.6806640625	3.227097002849619	-53.486778259277344	0.8736201815207046	0.0	0.0	0.0	0.0
0.9710583686828613	1781094947.0	1781094947.3499181	1	10.0	10.0	8.0	8.0	NeuronSpectrum 10.06.2026 14:49:30	EEG	checkup_149_10.06.2026 14:49:30	500.0	499.6666666666667	True	0.5	40.0	4	True	50.0	30.0	342.9978942871094	11.30317647041561	-511.5179748535156	-6.758732591520432	-359.6117248535156	-3.989564465485178	-436.71917724609375	-5.902259933033148	-503.20220947265625	-7.851767637039201	-59.61476135253906	5.116209599990003	-262.3783874511719	0.6276554234958662	-51.93763732910156	0.16589357416260217	0.0	0.0	0.0	0.0
0.9710612297058105	1781094947.0	1781094947.349921	1	10.0	10.0	8.0	8.0	NeuronSpectrum 10.06.2026 14:49:30	EEG	checkup_149_10.06.2026 14:49:30	500.0	499.6666666666667	True	0.5	40.0	4	True	50.0	30.0	341.439208984375	9.505299857743694	-510.2691955566406	-4.9753887565283765	-359.6733093261719	-3.6231250854522346	-437.361083984375	-5.877933690950449	-501.7518310546875	-5.938728000890252	-60.868228912353516	4.175633673999783	-263.7331848144531	-0.14922610877561263	-51.92253112792969	-0.01946242420248731	0.0	0.0	0.0	0.0
0.9710638523101807	1781094947.0	1781094947.3499236	1	10.0	10.0	8.0	8.0	NeuronSpectrum 10.06.2026 14:49:30	EEG	checkup_149_10.06.2026 14:49:30	500.0	499.6666666666667	True	0.5	40.0	4	True	50.0	30.0	358.1487121582031	4.237587916220929	-537.5823974609375	1.42974395090251	-380.2920837402344	-0.25356585329104486	-462.8069152832031	-2.1014981799271557	-528.3430786132812	0.4160910077486431	-66.62150573730469	3.285589293311386	-280.8082275390625	1.0609909521481455	-54.73378372192383	0.3379351835243773	0.0	0.0	0.0	0.0
0.9710662364959717	1781094947.0	1781094947.349926	1	10.0	10.0	8.0	8.0	NeuronSpectrum 10.06.2026 14:49:30	EEG	checkup_149_10.06.2026 14:49:30	500.0	499.6666666666667	True	0.5	40.0	4	True	50.0	30.0	387.347900390625	-3.8160666773026017	-584.3611450195312	11.671521049764756	-414.8331298828125	5.742817833903825	-504.93243408203125	4.994609256722417	-574.1362915039062	10.422490538046825	-75.2044906616211	2.6664773477120347	-308.31561279296875	4.173897908326574	-59.48887252807617	1.1833527208739183	0.0	0.0	0.0	0.0
0.9710688591003418	1781094947.0	1781094947.3499286	1	10.0	10.0	8.0	8.0	NeuronSpectrum 10.06.2026 14:49:30	EEG	checkup_149_10.06.2026 14:49:30	500.0	499.6666666666667	True	0.5	40.0	4	True	50.0	30.0	406.0073547363281	-13.446183612929806	-615.1036987304688	24.239306518533503	-437.9384765625	13.508013547870412	-532.9535522460938	14.378066513870069	-604.4205932617188	22.59418430666029	-81.43902587890625	2.5146466009438067	-327.03717041015625	8.772982135066542	-62.57753372192383	2.385169212254803	0.0	0.0	0.0	0.0
0.971071720123291	1781094947.0	1781094947.3499315	1	10.0	10.0	8.0	8.0	NeuronSpectrum 10.06.2026 14:49:30	EEG	checkup_149_10.06.2026 14:49:30	500.0	499.6666666666667	True	0.5	40.0	4	True	50.0	30.0	383.159423828125	-23.018001303161633	-582.1910400390625	37.00154402294372	-415.7011413574219	21.743396210211852	-505.7746887207031	24.46476076532715	-572.5764770507812	34.85211587488684	-78.6851806640625	2.9510834899707596	-311.49688720703125	14.100103510444072	-59.1257209777832	3.7486592205363145	0.0	0.0	0.0	0.0
0.971074104309082	1781094947.0	1781094947.3499339	1	10.0	10.0	8.0	8.0	NeuronSpectrum 10.06.2026 14:49:30	EEG	checkup_149_10.06.2026 14:49:30	500.0	499.6666666666667	True	0.5	40.0	4	True	50.0	30.0	298.4145202636719	-30.749890332001527	-454.2422180175781	47.575489853421	-325.78680419921875	28.936207643620047	-396.3826599121094	33.39397149777268	-447.81890869140625	44.88450100014441	-62.680824279785156	3.9993822844790414	-244.99240112304688	19.184228407703248	-45.9189338684082	5.053716066095089	0.0	0.0	0.0	0.0
0.9710760116577148	1781094947.0	1781094947.3499358	1	10.0	10.0	8.0	8.0	NeuronSpectrum 10.06.2026 14:49:30	EEG	checkup_149_10.06.2026 14:49:30	500.0	499.6666666666667	True	0.5	40.0	4	True	50.0	30.0	157.8159942626953	-35.13245058582305	-240.3852081298828	53.912801837126544	-174.63563537597656	33.742549582640194	-212.68441772460938	39.49529324997	-238.96847534179688	50.71604287598758	-34.73447799682617	5.5986826623112345	-132.39682006835938	23.09468183549091	-23.906869888305664	6.110769559088172	0.0	0.0	0.0	0.0
1.02193021774292	1781094947.0	1781094947.40079	1	10.0	10.0	8.0	8.0	NeuronSpectrum 10.06.2026 14:49:30	EEG	checkup_149_10.06.2026 14:49:30	500.0	499.6666666666667	True	0.5	40.0	4	True	50.0	30.0	354.1195068359375	-35.336852029754155	-539.6439819335938	54.87811530581803	-385.2475891113281	35.37494730918599	-468.1031188964844	41.762485703383625	-532.2534790039062	51.2692434348961	-71.64130401611328	7.634014741181209	-287.83563232421875	25.212189943365747	-54.37145233154297	6.812889130698311	0.0	0.0	0.0	0.0
1.0219357013702393	1781094947.0	1781094947.4007955	1	10.0	10.0	8.0	8.0	NeuronSpectrum 10.06.2026 14:49:30	EEG	checkup_149_10.06.2026 14:49:30	500.0	499.6666666666667	True	0.5	40.0	4	True	50.0	30.0	353.220703125	-31.429446197524705	-536.84619140625	50.548930017740645	-381.6634826660156	33.8066121670601	-463.5337829589844	40.10604092660139	-530.0676879882812	46.65296546383842	-68.19622802734375	9.957528981942025	-283.51171875	25.38163890274024	-53.519744873046875	7.158410212428056	0.0	0.0	0.0	0.0
1.0219378471374512	1781094947.0	1781094947.4007976	1	10.0	10.0	8.0	8.0	NeuronSpectrum 10.06.2026 14:49:30	EEG	checkup_149_10.06.2026 14:49:30	500.0	499.6666666666667	True	0.5	40.0	4	True	50.0	30.0	355.1489562988281	-24.303931117685874	-537.4536743164062	42.107036589032454	-380.06341552734375	29.702571675548423	-461.4384460449219	35.275512594828115	-531.1138305664062	38.05204367860648	-64.43680572509766	12.38823769318933	-280.42828369140625	23.88005178504262	-52.67634201049805	7.233692112844882	0.0	0.0	0.0	0.0
1.021939992904663	1781094947.0	1781094947.4007998	1	10.0	10.0	8.0	8.0	NeuronSpectrum 10.06.2026 14:49:30	EEG	checkup_149_10.06.2026 14:49:30	500.0	499.6666666666667	True	0.5	40.0	4	True	50.0	30.0	359.4259033203125	-15.391026656860449	-540.9915161132812	31.415452728183695	-380.3870544433594	24.143277772571476	-461.76336669921875	28.531339462067727	-534.8927001953125	27.310410958807044	-60.81803512573242	14.701585518066405	-278.8804626464844	21.245438696333032	-51.834835052490234	7.1683508591345	0.0	0.0	0.0	0.0
1.021942138671875	1781094947.0	1781094947.400802	1	10.0	10.0	8.0	8.0	NeuronSpectrum 10.06.2026 14:49:30	EEG	checkup_149_10.06.2026 14:49:30	500.0	499.6666666666667	True	0.5	40.0	4	True	50.0	30.0	362.4939270019531	-6.293423484695421	-542.3667602539062	20.504811698854855	-379.3016662597656	18.29555475803729	-460.48553466796875	21.253846315901846	-536.4130859375	16.427131941754343	-57.18849182128906	16.631517423868548	-276.6704406738281	18.07566702552979	-50.62812805175781	7.087510196302915	0.0	0.0	0.0	0.0
1.0219438076019287	1781094947.0	1781094947.4008036	1	10.0	10.0	8.0	8.0	NeuronSpectrum 10.06.2026 14:49:30	EEG	checkup_149_10.06.2026 14:49:30	500.0	499.6666666666667	True	0.5	40.0	4	True	50.0	30.0	359.63922119140625	1.520620829155634	-534.7918701171875	11.16689605962846	-372.24591064453125	13.165172806259903	-452.1070861816406	14.651425042475783	-529.050537109375	7.1587951103852685	-53.129791259765625	17.899655725671366	-270.60546875	14.889443135137594	-48.58689880371094	7.081214336334956	0.0	0.0	0.0	0.0
1.0219457149505615	1781094947.0	1781094947.4008055	1	10.0	10.0	8.0	8.0	NeuronSpectrum 10.06.2026 14:49:30	EEG	checkup_149_10.06.2026 14:49:30	500.0	499.6666666666667	True	0.5	40.0	4	True	50.0	30.0	349.6195373535156	6.904080401865956	-516.8779296875	4.738740250519671	-358.46356201171875	9.483461529158195	-435.76690673828125	9.629769409723167	-511.4880676269531	0.8096312220258612	-48.926612854003906	18.268451886942845	-260.2779846191406	12.080291131961244	-45.77426528930664	7.197682871776495	0.0	0.0	0.0	0.0
1.0219476222991943	1781094947.0	1781094947.4008074	1	10.0	10.0	8.0	8.0	NeuronSpectrum 10.06.2026 14:49:30	EEG	checkup_149_10.06.2026 14:49:30	500.0	499.6666666666667	True	0.5	40.0	4	True	50.0	30.0	338.3985595703125	9.110585340577712	-498.3398132324219	2.0466590151090567	-345.0594177246094	7.699704355963722	-420.1363830566406	6.785697809225452	-493.29595947265625	-1.8211262173605292	-46.35466003417969	17.599796270857496	-251.11647033691406	9.935572196425294	-43.27690887451172	7.454130188620134	0.0	0.0	0.0	0.0
1.0219495296478271	1781094947.0	1781094947.4008093	1	10.0	10.0	8.0	8.0	NeuronSpectrum 10.06.2026 14:49:30	EEG	checkup_149_10.06.2026 14:49:30	500.0	499.6666666666667	True	0.5	40.0	4	True	50.0	30.0	337.30615234375	7.8216787507004435	-497.0708923339844	3.413778453023641	-344.89483642578125	8.00560130531165	-420.8102722167969	6.434187481171955	-492.0510559082031	-0.4296110100077507	-48.20588684082031	15.894156054278247	-252.77796936035156	8.661254730604563	-42.878684997558594	7.85165694502743	0.0	0.0	0.0	0.0
1.0219511985778809	1781094947.0	1781094947.400811	1	10.0	10.0	8.0	8.0	NeuronSpectrum 10.06.2026 14:49:30	EEG	checkup_149_10.06.2026 14:49:30	500.0	499.6666666666667	True	0.5	40.0	4	True	50.0	30.0	354.3821716308594	3.1774264884829866	-525.661865234375	8.63667509410407	-366.94000244140625	10.321626277998044	-448.5429992675781	8.582607793085007	-520.1106567382812	4.771648914278593	-56.25231170654297	13.290448453030457	-271.8398132324219	8.359231544981732	-45.75112533569336	8.381270237766211	0.0	0.0	0.0	0.0
1.0219531059265137	1781094947.0	1781094947.4008129	1	10.0	10.0	8.0	8.0	NeuronSpectrum 10.06.2026 14:49:30	EEG	checkup_149_10.06.2026 14:49:30	500.0	499.6666666666667	True	0.5	40.0	4	True	50.0	30.0	383.9179992675781	-4.175575457881546	-575.1365356445312	16.905137192519714	-404.6368713378906	14.22643865423184	-495.1202392578125	12.83012048186326	-568.6624755859375	12.97631138286706	-68.80335235595703	10.022804076354518	-303.01312255859375	8.946023969849048	-50.91361999511719	9.016067443625303	0.0	0.0	0.0	0.0
1.0219547748565674	1781094947.0	1781094947.4008145	1	10.0	10.0	8.0	8.0	NeuronSpectrum 10.06.2026 14:49:30	EEG	checkup_149_10.06.2026 14:49:30	500.0	499.6666666666667	True	0.5	40.0	4	True	50.0	30.0	403.0146789550781	-13.066442989560676	-609.5906372070312	26.73990397816764	-432.06671142578125	18.885141752731563	-528.7860717773438	18.26254349456708	-602.4738159179688	22.72369995145746	-79.91645812988281	6.351277570295977	-326.30865478515625	10.060624064720328	-54.76581954956055	9.696335342754374	0.0	0.0	0.0	0.0
1.0219566822052002	1781094947.0	1781094947.4008164	1	10.0	10.0	8.0	8.0	NeuronSpectrum 10.06.2026 14:49:30	EEG	checkup_149_10.06.2026 14:49:30	500.0	499.6666666666667	True	0.5	40.0	4	True	50.0	30.0	380.8217468261719	-21.89952937960896	-580.5490112304688	36.08968692914686	-414.2405090332031	23.08202624244757	-506.8740539550781	23.47461069703634	-573.9803466796875	31.993791165547226	-81.61019897460938	2.498472284820462	-314.928955078125	11.048192685793023	-52.51547622680664	10.322823222316678	0.0	0.0	0.0	0.0
1.0219581127166748	1781094947.0	1781094947.4008179	1	10.0	10.0	8.0	8.0	NeuronSpectrum 10.06.2026 14:49:30	EEG	checkup_149_10.06.2026 14:49:30	500.0	499.6666666666667	True	0.5	40.0	4	True	50.0	30.0	296.97528076171875	-28.931967762501014	-455.6719055175781	42.69242002356408	-327.6825866699219	25.439184819375253	-400.9180603027344	26.822155231340357	-451.450439453125	38.56080288432126	-68.29753875732422	-1.378246835260726	-250.94725036621094	11.087882072308211	-40.9650993347168	10.77168360926401	0.0	0.0	0.0	0.0
1.0219600200653076	1781094947.0	1781094947.4008198	1	10.0	10.0	8.0	8.0	NeuronSpectrum 10.06.2026 14:49:30	EEG	checkup_149_10.06.2026 14:49:30	500.0	499.6666666666667	True	0.5	40.0	4	True	50.0	30.0	157.41604614257812	-32.691025296701476	-243.47618103027344	44.65461471717663	-178.18646240234375	24.79509397280301	-218.2310791015625	26.87542421097935	-243.23854064941406	40.56044785121932	-40.673255920410156	-5.171321165076089	-138.78549194335938	9.450620059672572	-20.890138626098633	10.931022407685706	0.0	0.0	0.0	0.0
1.0219614505767822	1781094947.0	1781094947.4008212	1	10.0	10.0	8.0	8.0	NeuronSpectrum 10.06.2026 14:49:30	EEG	checkup_149_10.06.2026 14:49:30	500.0	499.6666666666667	True	0.5	40.0	4	True	50.0	30.0	353.94921875	-32.37974540270915	-550.80078125	41.02648652021405	-399.30859375	20.590649702473836	-486.193115234375	22.889348191090924	-544.9766235351562	37.05321725255616	-89.40660858154297	-8.785392356672352	-307.4200134277344	5.7749974483814235	-49.76338577270508	10.742035557103927	0.0	0.0	0.0	0.0
1.021963119506836	1781094947.0	1781094947.4008229	1	10.0	10.0	8.0	8.0	NeuronSpectrum 10.06.2026 14:49:30	EEG	checkup_149_10.06.2026 14:49:30	500.0	499.6666666666667	True	0.5	40.0	4	True	50.0	30.0	353.6457824707031	-28.08846469931793	-552.1818237304688	32.099247904477	-401.1405029296875	13.071461091662389	-487.02410888671875	15.058042299536794	-546.1612548828125	28.315841301556283	-91.10777282714844	-12.11102685199355	-308.4410705566406	0.2181255053617962	-49.34514617919922	10.22168610729914	0.0	0.0	0.0	0.0
1.0219647884368896	1781094947.0	1781094947.4008245	1	10.0	10.0	8.0	8.0	NeuronSpectrum 10.06.2026 14:49:30	EEG	checkup_149_10.06.2026 14:49:30	500.0	499.6666666666667	True	0.5	40.0	4	True	50.0	30.0	355.948486328125	-20.724304574838495	-556.437744140625	19.29210230326145	-404.5107421875	3.213027480250004	-489.6185607910156	4.4385047257389445	-550.17138671875	15.731410679631441	-92.0641098022461	-15.028375890535635	-309.9657287597656	-6.589542379214822	-49.017276763916016	9.455481525416294	0.0	0.0	0.0	0.0
1.0219669342041016	1781094947.0	1781094947.4008267	1	10.0	10.0	8.0	8.0	NeuronSpectrum 10.06.2026 14:49:30	EEG	checkup_149_10.06.2026 14:49:30	500.0	499.6666666666667	True	0.5	40.0	4	True	50.0	30.0	360.33056640625	-11.71929536137973	-563.0625	4.72083989509868	-409.24395751953125	-7.567616962811382	-493.9285583496094	-7.381589634337332	-556.6090087890625	1.3683337737539407	-92.56649780273438	-17.432054605848332	-312.10809326171875	-13.739551687129826	-48.869598388671875	8.568176218784771	0.0	0.0	0.0	0.0
1.0219683647155762	1781094947.0	1781094947.4008281	1	10.0	10.0	8.0	8.0	NeuronSpectrum 10.06.2026 14:49:30	EEG	checkup_149_10.06.2026 14:49:30	500.0	499.6666666666667	True	0.5	40.0	4	True	50.0	30.0	363.2567443847656	-2.6653178833855025	-567.0088500976562	-9.329394687175556	-411.9557189941406	-17.75975928624569	-496.0142517089844	-18.6876861852858	-560.5851440429688	-12.534114686485792	-92.32498931884766	-19.253904407116767	-312.6290283203125	-20.27850924007101	-48.57647705078125	7.690799184549805	0.0	0.0	0.0	0.0
1.021970272064209	1781094947.0	1781094947.40083	1	10.0	10.0	8.0	8.0	NeuronSpectrum 10.06.2026 14:49:30	EEG	checkup_149_10.06.2026 14:49:30	500.0	499.6666666666667	True	0.5	40.0	4	True	50.0	30.0	360.0945129394531	4.99064842697271	-561.5272827148438	-20.83039854420624	-408.02606201171875	-26.03255156140927	-490.40582275390625	-27.954111442272232	-555.4796142578125	-23.981706850135133	-90.78707122802734	-20.466783826993815	-308.35260009765625	-25.383121601123804	-47.63111877441406	6.938746964515151	0.0	0.0	0.0	0.0
1.0219719409942627	1781094947.0	1781094947.4008317	1	10.0	10.0	8.0	8.0	NeuronSpectrum 10.06.2026 14:49:30	EEG	checkup_149_10.06.2026 14:49:30	500.0	499.6666666666667	True	0.5	40.0	4	True	50.0	30.0	349.6977844238281	10.130207468937412	-545.149658203125	-28.252728188207076	-396.53564453125	-31.381522827402456	-476.0525817871094	-34.01030928034823	-539.80224609375	-31.461825368421323	-88.0644760131836	-21.069290535961066	-298.7945251464844	-28.443114231901635	-45.97140121459961	6.40463691516789	0.0	0.0	0.0	0.0
1.0219738483428955	1781094947.0	1781094947.4008336	1	10.0	10.0	8.0	8.0	NeuronSpectrum 10.06.2026 14:49:30	EEG	checkup_149_10.06.2026 14:49:30	500.0	499.6666666666667	True	0.5	40.0	4	True	50.0	30.0	338.09246826171875	12.038871352804959	-527.3209228515625	-30.65132799647341	-384.2514343261719	-33.17378707166129	-461.13299560546875	-36.090478141012476	-522.7515258789062	-34.029113748855444	-85.68116760253906	-21.0651604607544	-289.09698486328125	-29.076211243295045	-44.48897933959961	6.159708013114212	0.0	0.0	0.0	0.0
1.0219755172729492	1781094947.0	1781094947.4008353	1	10.0	10.0	8.0	8.0	NeuronSpectrum 10.06.2026 14:49:30	EEG	checkup_149_10.06.2026 14:49:30	500.0	499.6666666666667	True	0.5	40.0	4	True	50.0	30.0	336.6191101074219	10.428923434344515	-525.5115966796875	-27.686156817268717	-383.5562744140625	-31.159863334266493	-460.5555419921875	-33.84961868011462	-521.4104614257812	-31.329533368355197	-86.11528778076172	-20.45562126473578	-288.47296142578125	-27.129126841905954	-44.75632095336914	6.253144797611697	0.0	0.0	0.0	0.0
1.021977186203003	1781094947.0	1781094947.400837	1	10.0	10.0	8.0	8.0	NeuronSpectrum 10.06.2026 14:49:30	EEG	checkup_149_10.06.2026 14:49:30	500.0	499.6666666666667	True	0.5	40.0	4	True	50.0	30.0	353.3077392578125	5.466128838723291	-551.9208984375	-19.664754045780434	-402.9798278808594	-25.513652058407033	-484.5296936035156	-27.42015566361203	-547.699951171875	-23.647110597747407	-90.88003540039062	-19.25670273687927	-303.1635437011719	-22.711178115725364	-47.79758834838867	6.701126702535017	0.0	0.0	0.0	0.0
1.0219788551330566	1781094947.0	1781094947.4008386	1	10.0	10.0	8.0	8.0	NeuronSpectrum 10.06.2026 14:49:30	EEG	checkup_149_10.06.2026 14:49:30	500.0	499.6666666666667	True	0.5	40.0	4	True	50.0	30.0	382.47674560546875	-2.184868484028794	-597.4764404296875	-7.625070497632473	-435.8350830078125	-16.910049658010056	-524.8536987304688	-17.519278397881116	-592.6602172851562	-11.989749613036208	-98.27919006347656	-17.538292810760893	-328.0064392089844	-16.26559810597399	-52.623291015625	7.4658821334299885	0.0	0.0	0.0	0.0
1.0219810009002686	1781094947.0	1781094947.4008408	1	10.0	10.0	8.0	8.0	NeuronSpectrum 10.06.2026 14:49:30	EEG	checkup_149_10.06.2026 14:49:30	500.0	499.6666666666667	True	0.5	40.0	4	True	50.0	30.0	401.3231201171875	-11.343430458996519	-626.6685180664062	6.621438083170066	-456.6072998046875	-6.577507580661221	-550.5731811523438	-5.529069890715085	-621.3719482421875	1.866034131792645	-102.79423522949219	-15.464011293085079	-343.79632568359375	-8.627727908235475	-55.78768539428711	8.43575627207277	0.0	0.0	0.0	0.0
1.0219826698303223	1781094947.0	1781094947.4008424	1	10.0	10.0	8.0	8.0	NeuronSpectrum 10.06.2026 14:49:30	EEG	checkup_149_10.06.2026 14:49:30	500.0	499.6666666666667	True	0.5	40.0	4	True	50.0	30.0	379.12957763671875	-20.410777128909245	-591.8814697265625	20.628031833760414	-431.2518005371094	3.7814749605380267	-520.4444580078125	6.582553755855731	-587.0453491210938	15.511413724015208	-97.31398010253906	-13.301349301061835	-325.0101318359375	-0.9852956787997391	-52.76667404174805	9.423640531530896	0.0	0.0	0.0	0.0
1.021984338760376	1781094947.0	1781094947.400844	1	10.0	10.0	8.0	8.0	NeuronSpectrum 10.06.2026 14:49:30	EEG	checkup_149_10.06.2026 14:49:30	500.0	499.6666666666667	True	0.5	40.0	4	True	50.0	30.0	295.6174011230469	-27.643830585602643	-461.8178405761719	31.73161789779996	-337.51031494140625	12.27752900867954	-407.4992980957031	16.59423374239168	-458.9659118652344	26.319994294273368	-77.35010528564453	-11.379874467707715	-254.98458862304688	5.320173724941622	-40.6360969543457	10.196631754571984	0.0	0.0	0.0	0.0
1.0219860076904297	1781094947.0	1781094947.4008458	1	10.0	10.0	8.0	8.0	NeuronSpectrum 10.06.2026 14:49:30	EEG	checkup_149_10.06.2026 14:49:30	500.0	499.6666666666667	True	0.5	40.0	4	True	50.0	30.0	156.68663024902344	-31.56799572910099	-245.80972290039062	37.69580662007668	-182.23538208007812	17.291054697966942	-219.98880004882812	22.573252803007446	-246.39083862304688	32.084043932965194	-44.54073715209961	-10.002329716708582	-138.84176635742188	9.125328195534465	-20.338062286376953	10.533721599057127	0.0	0.0	0.0	0.0
1.0728552341461182	1781094947.0	1781094947.451715	1	10.0	10.0	8.0	8.0	NeuronSpectrum 10.06.2026 14:49:30	EEG	checkup_149_10.06.2026 14:49:30	500.0	499.6666666666667	True	0.5	40.0	4	True	50.0	30.0	351.78094482421875	-31.379172284252288	-547.503173828125	37.34273637901429	-396.7831726074219	17.929698221098374	-479.6000061035156	23.42551347559911	-544.0772094726562	31.639014476020183	-87.3834457397461	-9.344462637382458	-298.1109619140625	9.785337054614054	-48.676116943359375	10.28963748626468	0.0	0.0	0.0	0.0
1.0728609561920166	1781094947.0	1781094947.4517207	1	10.0	10.0	8.0	8.0	NeuronSpectrum 10.06.2026 14:49:30	EEG	checkup_149_10.06.2026 14:49:30	500.0	499.6666666666667	True	0.5	40.0	4	True	50.0	30.0	351.2531433105469	-27.15430641073479	-546.4548950195312	30.887329659385607	-394.9368591308594	14.27939796787904	-476.72259521484375	19.20397606921568	-543.2496337890625	25.193397508436583	-85.9220199584961	-9.390867681819307	-296.02496337890625	7.366491384601293	-48.719486236572266	9.436355304373304	0.0	0.0	0.0	0.0
1.0728638172149658	1781094947.0	1781094947.4517236	1	10.0	10.0	8.0	8.0	NeuronSpectrum 10.06.2026 14:49:30	EEG	checkup_149_10.06.2026 14:49:30	500.0	499.6666666666667	True	0.5	40.0	4	True	50.0	30.0	353.414794921875	-19.78326207236844	-549.7783813476562	19.83184583601831	-396.3211975097656	7.343521783128941	-477.5527038574219	11.047743461505279	-546.75	14.223817103953717	-85.3440933227539	-9.934991409852696	-296.4776306152344	2.609137233837211	-49.349666595458984	8.066102907219319	0.0	0.0	0.0	0.0
1.0728657245635986	1781094947.0	1781094947.4517255	1	10.0	10.0	8.0	8.0	NeuronSpectrum 10.06.2026 14:49:30	EEG	checkup_149_10.06.2026 14:49:30	500.0	499.6666666666667	True	0.5	40.0	4	True	50.0	30.0	357.80340576171875	-10.681919202111544	-556.540771484375	6.508625390016766	-400.3456726074219	-1.2711140747002094	-481.6711730957031	0.8206827144409601	-553.6328125	1.0226176809950078	-85.51932525634766	-10.63725834119994	-299.0909118652344	-3.2990375125413003	-50.512577056884766	6.360887422734739	0.0	0.0	0.0	0.0
1.0728678703308105	1781094947.0	1781094947.4517276	1	10.0	10.0	8.0	8.0	NeuronSpectrum 10.06.2026 14:49:30	EEG	checkup_149_10.06.2026 14:49:30	500.0	499.6666666666667	True	0.5	40.0	4	True	50.0	30.0	360.9288330078125	-1.432949228213626	-561.0794677734375	-6.502757693828536	-402.99822998046875	-9.762764780669361	-484.5006103515625	-9.362735950265478	-558.2720947265625	-11.878107369695437	-85.53181457519531	-11.112243225153714	-300.8481140136719	-9.024136557689594	-51.63314437866211	4.547035425148059	0.0	0.0	0.0	0.0
1.0728695392608643	1781094947.0	1781094947.4517293	1	10.0	10.0	8.0	8.0	NeuronSpectrum 10.06.2026 14:49:30	EEG	checkup_149_10.06.2026 14:49:30	500.0	499.6666666666667	True	0.5	40.0	4	True	50.0	30.0	358.1668395996094	6.514138777930545	-555.9732055664062	-16.875599645832466	-398.96453857421875	-16.4903285103079	-479.7701110839844	-17.551101963736013	-553.317626953125	-22.19970150391038	-84.12953186035156	-11.01425626372871	-297.6829833984375	-13.352770198419435	-51.92013931274414	2.8526183522513167	0.0	0.0	0.0	0.0
1.0728716850280762	1781094947.0	1781094947.4517314	1	10.0	10.0	8.0	8.0	NeuronSpectrum 10.06.2026 14:49:30	EEG	checkup_149_10.06.2026 14:49:30	500.0	499.6666666666667	True	0.5	40.0	4	True	50.0	30.0	348.32952880859375	12.02434444413028	-539.1021118164062	-22.85260645483306	-386.6700744628906	-20.203369295189574	-465.5459899902344	-22.225944202030657	-536.6917724609375	-28.227274871470183	-80.75432586669922	-10.10218176458819	-288.2612609863281	-15.369059406385524	-51.0980224609375	1.4768037925650233	0.0	0.0	0.0	0.0
1.072873830795288	1781094947.0	1781094947.4517336	1	10.0	10.0	8.0	8.0	NeuronSpectrum 10.06.2026 14:49:30	EEG	checkup_149_10.06.2026 14:49:30	500.0	499.6666666666667	True	0.5	40.0	4	True	50.0	30.0	337.34991455078125	14.353285198761146	-519.3636474609375	-23.388505813588292	-372.3757019042969	-20.151279229350262	-449.17926025390625	-22.435867491638188	-517.2476806640625	-28.946567579641247	-76.41224670410156	-8.277647282748779	-277.0766906738281	-14.542424613028341	-50.00582504272461	0.5709027280064307	0.0	0.0	0.0	0.0
1.072875738143921	1781094947.0	1781094947.4517355	1	10.0	10.0	8.0	8.0	NeuronSpectrum 10.06.2026 14:49:30	EEG	checkup_149_10.06.2026 14:49:30	500.0	499.6666666666667	True	0.5	40.0	4	True	50.0	30.0	336.4454345703125	13.173786866228296	-513.97900390625	-18.195113662268476	-368.288818359375	-16.123105583363873	-445.093994140625	-17.856576835590406	-512.0888061523438	-24.083258200973848	-73.41411590576172	-5.59990027483249	-273.11932373046875	-10.760918565784355	-50.33513259887695	0.22535765393385201	0.0	0.0	0.0	0.0
1.0728778839111328	1781094947.0	1781094947.4517376	1	10.0	10.0	8.0	8.0	NeuronSpectrum 10.06.2026 14:49:30	EEG	checkup_149_10.06.2026 14:49:30	500.0	499.6666666666667	True	0.5	40.0	4	True	50.0	30.0	353.53570556640625	8.608373432126006	-535.482177734375	-7.76946258434314	-383.32501220703125	-8.472771638611697	-463.74664306640625	-8.839412658202674	-533.6682739257812	-14.125421920170963	-73.68943786621094	-2.283812129421902	-283.0830078125	-4.348096716153542	-53.30953598022461	0.4569114208656411	0.0	0.0	0.0	0.0
1.0728795528411865	1781094947.0	1781094947.4517393	1	10.0	10.0	8.0	8.0	NeuronSpectrum 10.06.2026 14:49:30	EEG	checkup_149_10.06.2026 14:49:30	500.0	499.6666666666667	True	0.5	40.0	4	True	50.0	30.0	382.8897705078125	1.2811724240792763	-575.9052734375	6.572030109168552	-411.8560485839844	1.8556101751843241	-498.1602478027344	3.5390617020482487	-574.1124877929688	-0.3532959173448733	-76.63232421875	1.316254425027141	-303.0373840332031	3.9263234432954772	-58.073238372802734	1.1957581595166829	0.0	0.0	0.0	0.0
1.0728816986083984	1781094947.0	1781094947.4517415	1	10.0	10.0	8.0	8.0	NeuronSpectrum 10.06.2026 14:49:30	EEG	checkup_149_10.06.2026 14:49:30	500.0	499.6666666666667	True	0.5	40.0	4	True	50.0	30.0	401.7437744140625	-7.659109432985912	-601.428466796875	22.718556081310837	-429.8841247558594	13.348948563444297	-519.3828735351562	17.48791998217994	-599.9137573242188	15.186641709873022	-78.23936462402344	4.741407187587872	-315.5345153808594	12.874914236875561	-61.146636962890625	2.2806914450412052	0.0	0.0	0.0	0.0
1.072883129119873	1781094947.0	1781094947.451743	1	10.0	10.0	8.0	8.0	NeuronSpectrum 10.06.2026 14:49:30	EEG	checkup_149_10.06.2026 14:49:30	500.0	499.6666666666667	True	0.5	40.0	4	True	50.0	30.0	379.49249267578125	-16.632917622884435	-566.0723266601562	37.970282742871134	-404.75360107421875	24.077949534380203	-488.2105712890625	30.679405881526172	-565.4871215820312	29.88208894576602	-72.73340606689453	7.490906880912146	-296.6824035644531	21.019725369393328	-57.826881408691406	3.475082056520606	0.0	0.0	0.0	0.0
1.0728850364685059	1781094947.0	1781094947.4517448	1	10.0	10.0	8.0	8.0	NeuronSpectrum 10.06.2026 14:49:30	EEG	checkup_149_10.06.2026 14:49:30	500.0	499.6666666666667	True	0.5	40.0	4	True	50.0	30.0	295.98553466796875	-23.901932040896423	-439.28778076171875	49.504760661449644	-314.7543029785156	32.03665479651377	-378.76788330078125	40.66068116120712	-440.5003662109375	41.0093675893552	-56.08556365966797	9.114885295064774	-230.53062438964844	26.855209133112258	-45.007503509521484	4.5116837987074385	0.0	0.0	0.0	0.0
1.0728864669799805	1781094947.0	1781094947.4517462	1	10.0	10.0	8.0	8.0	NeuronSpectrum 10.06.2026 14:49:30	EEG	checkup_149_10.06.2026 14:49:30	500.0	499.6666666666667	True	0.5	40.0	4	True	50.0	30.0	157.19921875	-27.982581768037253	-229.74217224121094	55.03765927018114	-166.03390502929688	35.61876197977807	-198.7882843017578	45.43775965202971	-233.44752502441406	46.37669774079805	-29.166898727416992	9.320967282035319	-121.51724243164062	29.206845489533528	-23.60730743408203	5.158922168393912	0.0	0.0	0.0	0.0
1.123833179473877	1781094947.0	1781094947.502693	1	10.0	10.0	8.0	8.0	NeuronSpectrum 10.06.2026 14:49:30	EEG	checkup_149_10.06.2026 14:49:30	500.0	499.6666666666667	True	0.5	40.0	4	True	50.0	30.0	351.58941650390625	-28.051002010851064	-526.6253662109375	53.44399887727121	-377.69854736328125	34.062237976108335	-454.1036376953125	44.02490104713027	-527.443359375	44.92678436088677	-69.6926498413086	8.059397914070894	-277.5453186035156	27.559376542430208	-53.67653274536133	5.284369392947922	0.0	0.0	0.0	0.0
1.1238391399383545	1781094947.0	1781094947.502699	1	10.0	10.0	8.0	8.0	NeuronSpectrum 10.06.2026 14:49:30	EEG	checkup_149_10.06.2026 14:49:30	500.0	499.6666666666667	True	0.5	40.0	4	True	50.0	30.0	350.7882995605469	-24.15804817497714	-528.641845703125	45.06387766875458	-379.73309326171875	27.664676242175045	-456.191650390625	36.71737704116796	-529.0642700195312	37.028175605353994	-72.10662078857422	5.549435417010175	-280.1135559082031	22.208744728436972	-53.45064163208008	4.887156496646055	0.0	0.0	0.0	0.0
1.1238417625427246	1781094947.0	1781094947.5027015	1	10.0	10.0	8.0	8.0	NeuronSpectrum 10.06.2026 14:49:30	EEG	checkup_149_10.06.2026 14:49:30	500.0	499.6666666666667	True	0.5	40.0	4	True	50.0	30.0	352.6444396972656	-17.166053939366037	-534.9993286132812	31.56319640232384	-384.86590576171875	17.677303516667244	-462.2430725097656	24.97365426942607	-534.5527954101562	24.329887457601377	-75.08256530761719	2.2328649866965122	-285.0616149902344	14.171088687247666	-53.498268127441406	4.086359712936785	0.0	0.0	0.0	0.0
1.1238443851470947	1781094947.0	1781094947.5027041	1	10.0	10.0	8.0	8.0	NeuronSpectrum 10.06.2026 14:49:30	EEG	checkup_149_10.06.2026 14:49:30	500.0	499.6666666666667	True	0.5	40.0	4	True	50.0	30.0	356.6904296875	-8.465941186120453	-544.4594116210938	15.44698266982395	-392.1072692871094	5.948325310679848	-471.0060729980469	10.99088997014476	-542.787353515625	9.277800415324435	-78.07246398925781	-1.326540703320192	-291.3812255859375	4.903453220835003	-53.76005554199219	3.0756588698303533	0.0	0.0	0.0	0.0
1.1238465309143066	1781094947.0	1781094947.5027063	1	10.0	10.0	8.0	8.0	NeuronSpectrum 10.06.2026 14:49:30	EEG	checkup_149_10.06.2026 14:49:30	500.0	499.6666666666667	True	0.5	40.0	4	True	50.0	30.0	359.4547424316406	0.379943922151571	-551.3067626953125	-0.543106901738989	-397.2937927246094	-5.517451175039271	-477.3702697753906	-2.8248560211062097	-548.308349609375	-5.477431903784287	-80.07950592041016	-4.559541002467517	-295.79705810546875	-4.03723752631132	-53.74979782104492	2.067979611713383	0.0	0.0	0.0	0.0
1.1238486766815186	1781094947.0	1781094947.5027084	1	10.0	10.0	8.0	8.0	NeuronSpectrum 10.06.2026 14:49:30	EEG	checkup_149_10.06.2026 14:49:30	500.0	499.6666666666667	True	0.5	40.0	4	True	50.0	30.0	356.34783935546875	7.938087638177912	-548.2821044921875	-13.937107014097416	-395.1913146972656	-14.930697398228942	-474.94854736328125	-14.30931032281535	-544.1502075195312	-17.57409035397145	-80.07333374023438	-6.98897795891267	-294.37164306640625	-11.281178550678943	-52.83013153076172	1.2511197283381745	0.0	0.0	0.0	0.0
1.1238508224487305	1781094947.0	1781094947.5027106	1	10.0	10.0	8.0	8.0	NeuronSpectrum 10.06.2026 14:49:30	EEG	checkup_149_10.06.2026 14:49:30	500.0	499.6666666666667	True	0.5	40.0	4	True	50.0	30.0	346.20428466796875	13.087373521761767	-533.5283203125	-22.85164620806781	-384.43853759765625	-20.948306722554147	-462.07574462890625	-21.82202113476611	-528.60693359375	-25.238571988222866	-77.8761978149414	-8.29004083540845	-286.15972900390625	-15.821952413996584	-50.887718200683594	0.7635130606389238	0.0	0.0	0.0	0.0
1.1238527297973633	1781094947.0	1781094947.5027125	1	10.0	10.0	8.0	8.0	NeuronSpectrum 10.06.2026 14:49:30	EEG	checkup_149_10.06.2026 14:49:30	500.0	499.6666666666667	True	0.5	40.0	4	True	50.0	30.0	334.9429626464844	15.098144518224856	-516.1585083007812	-26.125534723262078	-371.5082702636719	-22.7711687234559	-446.5950012207031	-24.368474939652703	-510.6636657714844	-27.406450256839687	-74.83412170410156	-8.312970428356726	-276.0948486328125	-17.08717183976941	-48.875614166259766	0.6873716114304566	0.0	0.0	0.0	0.0
1.1238551139831543	1781094947.0	1781094947.5027149	1	10.0	10.0	8.0	8.0	NeuronSpectrum 10.06.2026 14:49:30	EEG	checkup_149_10.06.2026 14:49:30	500.0	499.6666666666667	True	0.5	40.0	4	True	50.0	30.0	333.7412109375	13.660956618134712	-513.429443359375	-23.35852303615995	-368.711669921875	-20.167204766888393	-443.4261474609375	-21.631682622275655	-507.2268981933594	-23.749168724533003	-73.38739013671875	-7.080155280496999	-273.4592590332031	-14.947518849200817	-48.5261116027832	1.0494624961136	0.0	0.0	0.0	0.0
1.1238574981689453	1781094947.0	1781094947.5027173	1	10.0	10.0	8.0	8.0	NeuronSpectrum 10.06.2026 14:49:30	EEG	checkup_149_10.06.2026 14:49:30	500.0	499.6666666666667	True	0.5	40.0	4	True	50.0	30.0	350.50311279296875	8.919123881959276	-537.6719970703125	-14.939429341516473	-384.9316711425781	-13.48193884856337	-463.33929443359375	-13.988160175609677	-530.3428344726562	-14.693152353156139	-75.32405853271484	-4.772519378343958	-284.9866943359375	-9.712943426836317	-51.04916000366211	1.8197354561159926	0.0	0.0	0.0	0.0
1.1238594055175781	1781094947.0	1781094947.5027192	1	10.0	10.0	8.0	8.0	NeuronSpectrum 10.06.2026 14:49:30	EEG	checkup_149_10.06.2026 14:49:30	500.0	499.6666666666667	True	0.5	40.0	4	True	50.0	30.0	379.5633850097656	1.5180024562860286	-580.5247192382812	-2.0895143059512393	-414.42572021484375	-3.657225226657417	-499.4004211425781	-2.533480573232567	-571.7830200195312	-1.4579015535998208	-79.7074966430664	-1.71334205549009	-306.5527038574219	-2.134825186404389	-55.56719970703125	2.9047423288520045	0.0	0.0	0.0	0.0
1.12386155128479	1781094947.0	1781094947.5027213	1	10.0	10.0	8.0	8.0	NeuronSpectrum 10.06.2026 14:49:30	EEG	checkup_149_10.06.2026 14:49:30	500.0	499.6666666666667	True	0.5	40.0	4	True	50.0	30.0	398.3123474121094	-7.376843335324518	-607.7326049804688	13.145151270907176	-433.09051513671875	7.786047989024693	-522.4479370117188	10.935482985934295	-597.9725341796875	13.951779199624488	-82.19522857666016	1.6546561570797809	-320.3889465332031	6.6153651563683065	-58.60687255859375	4.142847584441189	0.0	0.0	0.0	0.0
1.1238632202148438	1781094947.0	1781094947.502723	1	10.0	10.0	8.0	8.0	NeuronSpectrum 10.06.2026 14:49:30	EEG	checkup_149_10.06.2026 14:49:30	500.0	499.6666666666667	True	0.5	40.0	4	True	50.0	30.0	376.31756591796875	-16.17894607137255	-573.0233764648438	28.078351756404146	-408.23382568359375	18.888087344699372	-492.9054260253906	24.08620037507192	-563.5908813476562	28.923647656484892	-76.84136962890625	4.812254749769254	-302.2854309082031	15.053296003299979	-55.494903564453125	5.3149630730219375	0.0	0.0	0.0	0.0
1.1238653659820557	1781094947.0	1781094947.5027251	1	10.0	10.0	8.0	8.0	NeuronSpectrum 10.06.2026 14:49:30	EEG	checkup_149_10.06.2026 14:49:30	500.0	499.6666666666667	True	0.5	40.0	4	True	50.0	30.0	293.50494384765625	-23.15756204338918	-445.82647705078125	39.83308348256157	-318.16986083984375	27.573735605499483	-384.4793701171875	34.43742385177397	-438.71563720703125	40.672990985643025	-59.69337844848633	7.236763318976018	-236.07278442382812	21.619862397570856	-43.13401412963867	6.1811794342819475	0.0	0.0	0.0	0.0
1.1238670349121094	1781094947.0	1781094947.5027268	1	10.0	10.0	8.0	8.0	NeuronSpectrum 10.06.2026 14:49:30	EEG	checkup_149_10.06.2026 14:49:30	500.0	499.6666666666667	True	0.5	40.0	4	True	50.0	30.0	155.74935913085938	-26.85328765622101	-235.0659637451172	45.99568720507277	-169.080322265625	32.11676683245597	-204.55853271484375	39.916661940145595	-232.11219787597656	46.8771123769476	-31.87861442565918	8.497525797695314	-126.12134552001953	25.020552772404816	-22.383647918701172	6.538999217858534	0.0	0.0	0.0	0.0
1.1238689422607422	1781094947.0	1781094947.5027287	1	10.0	10.0	8.0	8.0	NeuronSpectrum 10.06.2026 14:49:30	EEG	checkup_149_10.06.2026 14:49:30	500.0	499.6666666666667	True	0.5	40.0	4	True	50.0	30.0	349.3951110839844	-26.482111486964445	-530.4906616210938	45.24524689514171	-378.2561340332031	31.58331254927235	-456.5760192871094	39.39396723596277	-521.7176513671875	46.285418279534696	-70.22488403320312	8.345032900539344	-279.9266662597656	24.549449031605473	-52.09819793701172	6.281611106148942	0.0	0.0	0.0	0.0
1.1238703727722168	1781094947.0	1781094947.5027301	1	10.0	10.0	8.0	8.0	NeuronSpectrum 10.06.2026 14:49:30	EEG	checkup_149_10.06.2026 14:49:30	500.0	499.6666666666667	True	0.5	40.0	4	True	50.0	30.0	349.0314636230469	-22.146697627448543	-530.991455078125	37.68268531226248	-378.78021240234375	26.060791942372635	-456.91522216796875	32.958907384701156	-521.9644775390625	39.03586103811665	-70.6533432006836	6.758739423950945	-280.5080871582031	20.257159906464473	-52.1467170715332	5.429404563292177	0.0	0.0	0.0	0.0
1.1238725185394287	1781094947.0	1781094947.5027323	1	10.0	10.0	8.0	8.0	NeuronSpectrum 10.06.2026 14:49:30	EEG	checkup_149_10.06.2026 14:49:30	500.0	499.6666666666667	True	0.5	40.0	4	True	50.0	30.0	351.32171630859375	-14.767066060143634	-536.4063110351562	24.726422611663498	-382.89208984375	16.579547368213788	-461.48052978515625	21.828730089717173	-527.009521484375	26.547852822249702	-72.33526611328125	3.9365315737389843	-283.7981262207031	12.895115446673259	-52.55950164794922	4.121341589726508	0.0	0.0	0.0	0.0
1.1238744258880615	1781094947.0	1781094947.5027342	1	10.0	10.0	8.0	8.0	NeuronSpectrum 10.06.2026 14:49:30	EEG	checkup_149_10.06.2026 14:49:30	500.0	499.6666666666667	True	0.5	40.0	4	True	50.0	30.0	355.75103759765625	-5.789848403239209	-545.8155517578125	8.665479638067016	-389.9384460449219	4.792527453490448	-469.5297546386719	7.966047014016519	-535.9713745117188	11.081022423555542	-75.18911743164062	0.23708864206627012	-289.357421875	3.6838974580681647	-53.286746978759766	2.574384740748293	0.0	0.0	0.0	0.0
1.1238760948181152	1781094947.0	1781094947.5027359	1	10.0	10.0	8.0	8.0	NeuronSpectrum 10.06.2026 14:49:30	EEG	checkup_149_10.06.2026 14:49:30	500.0	499.6666666666667	True	0.5	40.0	4	True	50.0	30.0	358.8116149902344	3.177618600926175	-553.5133666992188	-7.9064600053037255	-395.8394775390625	-7.428328959014104	-476.2085876464844	-6.4033609464962264	-543.2606811523438	-4.821094470378037	-78.30104064941406	-3.896888667512198	-294.2000427246094	-5.978934488555036	-53.82360076904297	1.031867570419308	0.0	0.0	0.0	0.0
1.123878002166748	1781094947.0	1781094947.5027378	1	10.0	10.0	8.0	8.0	NeuronSpectrum 10.06.2026 14:49:30	EEG	checkup_149_10.06.2026 14:49:30	500.0	499.6666666666667	True	0.5	40.0	4	True	50.0	30.0	355.8797302246094	10.675730620605718	-552.00390625	-22.57350505653784	-395.22613525390625	-18.33570568535303	-475.10894775390625	-19.200629129483268	-541.5173950195312	-18.80401856236042	-80.37194061279297	-8.009307303297598	-294.3605651855469	-14.767912418743174	-53.48805236816406	-0.2805416590031605	0.0	0.0	0.0	0.0
1.1238796710968018	1781094947.0	1781094947.5027394	1	10.0	10.0	8.0	8.0	NeuronSpectrum 10.06.2026 14:49:30	EEG	checkup_149_10.06.2026 14:49:30	500.0	499.6666666666667	True	0.5	40.0	4	True	50.0	30.0	345.7316589355469	15.581935055770604	-539.1829223632812	-33.40258870727659	-386.5751953125	-26.52441004702082	-464.43011474609375	-28.7528413280168	-528.6549072265625	-28.999859136009494	-80.8543930053711	-11.683483728014377	-288.7013854980469	-21.58899575722261	-52.105201721191406	-1.1831167557292401	0.0	0.0	0.0	0.0
1.1238813400268555	1781094947.0	1781094947.502741	1	10.0	10.0	8.0	8.0	NeuronSpectrum 10.06.2026 14:49:30	EEG	checkup_149_10.06.2026 14:49:30	500.0	499.6666666666667	True	0.5	40.0	4	True	50.0	30.0	334.1914367675781	17.191351907175985	-524.1369018554688	-39.087370464892615	-376.35791015625	-31.03485025284027	-451.95806884765625	-33.916149910722595	-513.5570068359375	-34.16522691728384	-80.9088363647461	-14.578947231946046	-281.9916687011719	-25.65976236452377	-50.56248474121094	-1.556666826396584	0.0	0.0	0.0	0.0
1.1238834857940674	1781094947.0	1781094947.5027432	1	10.0	10.0	8.0	8.0	NeuronSpectrum 10.06.2026 14:49:30	EEG	checkup_149_10.06.2026 14:49:30	500.0	499.6666666666667	True	0.5	40.0	4	True	50.0	30.0	332.3440856933594	15.24184002107432	-524.3134155273438	-39.012240821583354	-377.0166320800781	-31.400526042761957	-452.6323547363281	-34.13316411801318	-513.3261108398438	-33.739027763996866	-83.03046417236328	-16.461512308037776	-283.3952941894531	-26.553913259926123	-50.53541564941406	-1.3510838515675139	0.0	0.0	0.0	0.0
1.1238856315612793	1781094947.0	1781094947.5027454	1	10.0	10.0	8.0	8.0	NeuronSpectrum 10.06.2026 14:49:30	EEG	checkup_149_10.06.2026 14:49:30	500.0	499.6666666666667	True	0.5	40.0	4	True	50.0	30.0	348.0983581542969	9.937811235756929	-552.1320190429688	-33.31798390930887	-397.3914489746094	-27.697518455656752	-477.0439758300781	-29.494288773487987	-540.1846923828125	-27.90031545412789	-89.01860046386719	-17.23467902366617	-299.34539794921875	-24.251986424441593	-53.19660186767578	-0.5947610012023602	0.0	0.0	0.0	0.0
1.123887538909912	1781094947.0	1781094947.5027473	1	10.0	10.0	8.0	8.0	NeuronSpectrum 10.06.2026 14:49:30	EEG	checkup_149_10.06.2026 14:49:30	500.0	499.6666666666667	True	0.5	40.0	4	True	50.0	30.0	375.9812927246094	1.9874637925297054	-598.7896118164062	-22.98735591370383	-431.1455078125	-20.608601100043156	-517.5346069335938	-20.817627514322794	-585.6123657226562	-17.644964406318564	-97.47489166259766	-16.97071793304762	-324.9522705078125	-19.204984460052188	-57.65744400024414	0.5948284384452087	0.0	0.0	0.0	0.0
1.123889684677124	1781094947.0	1781094947.5027494	1	10.0	10.0	8.0	8.0	NeuronSpectrum 10.06.2026 14:49:30	EEG	checkup_149_10.06.2026 14:49:30	500.0	499.6666666666667	True	0.5	40.0	4	True	50.0	30.0	393.7637023925781	-7.391385172031072	-628.9131469726562	-9.874887403965227	-452.9557189941406	-11.447423760809597	-543.6323852539062	-9.680880782958889	-615.0802612304688	-4.808453312682549	-102.952880859375	-15.926411097061203	-341.2235412597656	-12.366699092060276	-60.46247482299805	2.008233529419619	0.0	0.0	0.0	0.0
1.1238911151885986	1781094947.0	1781094947.5027509	1	10.0	10.0	8.0	8.0	NeuronSpectrum 10.06.2026 14:49:30	EEG	checkup_149_10.06.2026 14:49:30	500.0	499.6666666666667	True	0.5	40.0	4	True	50.0	30.0	371.4447937011719	-16.579692856788867	-594.8382568359375	3.453989189047109	-428.74005126953125	-2.045922402087166	-514.3582763671875	1.712321178164908	-581.9845581054688	8.095740676134895	-98.14144134521484	-14.520994087403107	-322.75238037109375	-5.118974382975931	-56.98345184326172	3.362877966277869	0.0	0.0	0.0	0.0
1.1238930225372314	1781094947.0	1781094947.5027528	1	10.0	10.0	8.0	8.0	NeuronSpectrum 10.06.2026 14:49:30	EEG	checkup_149_10.06.2026 14:49:30	500.0	499.6666666666667	True	0.5	40.0	4	True	50.0	30.0	289.2111511230469	-23.836943320498232	-465.13507080078125	14.167065771621182	-336.0650939941406	5.561616177127541	-402.7627868652344	10.912559020367313	-455.5365295410156	18.311562272336335	-78.267333984375	-13.26218810281062	-252.96156311035156	0.9623574297058275	-44.18830108642578	4.352665344754082	0.0	0.0	0.0	0.0
1.123894453048706	1781094947.0	1781094947.5027542	1	10.0	10.0	8.0	8.0	NeuronSpectrum 10.06.2026 14:49:30	EEG	checkup_149_10.06.2026 14:49:30	500.0	499.6666666666667	True	0.5	40.0	4	True	50.0	30.0	152.85443115234375	-27.71326679533752	-249.09246826171875	19.8309893028039	-181.6432647705078	9.614085199065638	-216.95187377929688	15.79888976012478	-244.72279357910156	23.488799686998036	-44.88350296020508	-12.631502547304025	-137.1132354736328	4.46923765548008	-23.009807586669922	4.721211612367011	0.0	0.0	0.0	0.0
1.174752950668335	1781094947.0	1781094947.5536127	1	10.0	10.0	8.0	8.0	NeuronSpectrum 10.06.2026 14:49:30	EEG	checkup_149_10.06.2026 14:49:30	500.0	499.6666666666667	True	0.5	40.0	4	True	50.0	30.0	344.57037353515625	-27.445149009956033	-553.8531494140625	19.06067435817536	-399.63409423828125	9.08914464818555	-478.7605895996094	15.142821681495464	-543.3046264648438	22.312465177526743	-93.0579605102539	-12.967941907545184	-299.2743225097656	4.523505255277836	-52.80350875854492	4.333508924745177	0.0	0.0	0.0	0.0
1.1747586727142334	1781094947.0	1781094947.5536184	1	10.0	10.0	8.0	8.0	NeuronSpectrum 10.06.2026 14:49:30	EEG	checkup_149_10.06.2026 14:49:30	500.0	499.6666666666667	True	0.5	40.0	4	True	50.0	30.0	344.4853820800781	-23.156805360078586	-554.02392578125	11.867077615406743	-399.76605224609375	3.9551776514101427	-478.9514465332031	8.915745333403166	-543.9694213867188	14.835229143488318	-93.54717254638672	-14.39658817022634	-298.85833740234375	0.9848942065618831	-53.1516227722168	3.2157329832096155	0.0	0.0	0.0	0.0
1.1747610569000244	1781094947.0	1781094947.5536208	1	10.0	10.0	8.0	8.0	NeuronSpectrum 10.06.2026 14:49:30	EEG	checkup_149_10.06.2026 14:49:30	500.0	499.6666666666667	True	0.5	40.0	4	True	50.0	30.0	347.04620361328125	-15.782510006619436	-558.5575561523438	-0.43509109067737817	-403.04205322265625	-4.889199162460762	-483.0068359375	-1.780780393412511	-548.9041748046875	2.379241203764757	-94.87616729736328	-16.82522949123542	-301.1361389160156	-5.5725169799340835	-54.11190414428711	1.5474715217245798	0.0	0.0	0.0	0.0
1.1747632026672363	1781094947.0	1781094947.553623	1	10.0	10.0	8.0	8.0	NeuronSpectrum 10.06.2026 14:49:30	EEG	checkup_149_10.06.2026 14:49:30	500.0	499.6666666666667	True	0.5	40.0	4	True	50.0	30.0	351.64178466796875	-6.770926835532817	-566.6502075195312	-15.667235712476526	-408.9338684082031	-15.922273825135239	-490.2376708984375	-15.084414956594	-557.2845458984375	-12.900433312521518	-96.95539855957031	-19.99594619440226	-305.800537109375	-14.070496405396597	-55.51616287231445	-0.3859081717526341	0.0	0.0	0.0	0.0
1.1747653484344482	1781094947.0	1781094947.553625	1	10.0	10.0	8.0	8.0	NeuronSpectrum 10.06.2026 14:49:30	EEG	checkup_149_10.06.2026 14:49:30	500.0	499.6666666666667	True	0.5	40.0	4	True	50.0	30.0	354.7311096191406	2.2816696319380654	-572.75830078125	-31.345540215478508	-413.5167541503906	-27.39045895003951	-495.8723449707031	-28.846487065184807	-563.6334838867188	-28.565585738849784	-98.9101791381836	-23.557425178808845	-309.9090270996094	-23.206075072576468	-56.698768615722656	-2.2583361625890475	0.0	0.0	0.0	0.0
1.1747674942016602	1781094947.0	1781094947.5536273	1	10.0	10.0	8.0	8.0	NeuronSpectrum 10.06.2026 14:49:30	EEG	checkup_149_10.06.2026 14:49:30	500.0	499.6666666666667	True	0.5	40.0	4	True	50.0	30.0	351.7345275878906	9.93679587226867	-569.5997924804688	-45.1520006127534	-411.60699462890625	-37.637653981478486	-493.62786865234375	-41.03568925948511	-560.7794799804688	-42.35520981070128	-99.58014678955078	-27.12766722890239	-309.4888000488281	-31.694044545056638	-56.81201934814453	-3.7638054451297083	0.0	0.0	0.0	0.0
1.1747691631317139	1781094947.0	1781094947.553629	1	10.0	10.0	8.0	8.0	NeuronSpectrum 10.06.2026 14:49:30	EEG	checkup_149_10.06.2026 14:49:30	500.0	499.6666666666667	True	0.5	40.0	4	True	50.0	30.0	341.53668212890625	15.096852920385672	-555.3355712890625	-55.22394687503953	-401.8916931152344	-45.30761822791963	-481.8583984375	-49.991118442575605	-546.929931640625	-52.46477014474734	-98.69095611572266	-30.33469282986827	-303.4056396484375	-38.42488898797853	-55.54428482055664	-4.660831908304248	0.0	0.0	0.0	0.0
1.1747710704803467	1781094947.0	1781094947.5536308	1	10.0	10.0	8.0	8.0	NeuronSpectrum 10.06.2026 14:49:30	EEG	checkup_149_10.06.2026 14:49:30	500.0	499.6666666666667	True	0.5	40.0	4	True	50.0	30.0	330.0966491699219	17.07767830760851	-539.3224487304688	-60.28200303190819	-391.0360412597656	-49.4353909227028	-468.4827575683594	-54.54148685166789	-531.336669921875	-57.66499570689323	-97.76436614990234	-32.84056846587428	-296.4780578613281	-42.54899875947551	-53.70240020751953	-4.799134168357168	0.0	0.0	0.0	0.0
1.1747729778289795	1781094947.0	1781094947.5536327	1	10.0	10.0	8.0	8.0	NeuronSpectrum 10.06.2026 14:49:30	EEG	checkup_149_10.06.2026 14:49:30	500.0	499.6666666666667	True	0.5	40.0	4	True	50.0	30.0	328.6112365722656	15.625589493664666	-539.1646118164062	-59.68304160873267	-391.5662536621094	-49.490600004472896	-468.4740295410156	-54.06341320404458	-531.3870239257812	-57.3466372865625	-99.58120727539062	-34.3636525028383	-297.9250183105469	-43.5310859216081	-52.961158752441406	-4.13378392688354	0.0	0.0	0.0	0.0
1.1747751235961914	1781094947.0	1781094947.553635	1	10.0	10.0	8.0	8.0	NeuronSpectrum 10.06.2026 14:49:30	EEG	checkup_149_10.06.2026 14:49:30	500.0	499.6666666666667	True	0.5	40.0	4	True	50.0	30.0	345.0317687988281	10.935274613457187	-567.17724609375	-53.48440358971957	-412.1846923828125	-45.43402487825915	-492.2986145019531	-48.55056563118291	-559.2618408203125	-51.577516622551286	-105.92526245117188	-34.712171942252496	-314.13446044921875	-41.216401217527945	-54.590782165527344	-2.7330696146916478	0.0	0.0	0.0	0.0
1.174776554107666	1781094947.0	1781094947.5536363	1	10.0	10.0	8.0	8.0	NeuronSpectrum 10.06.2026 14:49:30	EEG	checkup_149_10.06.2026 14:49:30	500.0	499.6666666666667	True	0.5	40.0	4	True	50.0	30.0	373.8355407714844	3.684864350500864	-614.1251220703125	-42.53984248105582	-446.1531677246094	-37.80032668777205	-532.0292358398438	-38.708530744665	-605.9017333984375	-41.19331376887622	-114.94559478759766	-33.829531990984556	-339.97528076171875	-35.91384645509524	-57.897666931152344	-0.7814771120167986	0.0	0.0	0.0	0.0
1.1747784614562988	1781094947.0	1781094947.5536382	1	10.0	10.0	8.0	8.0	NeuronSpectrum 10.06.2026 14:49:30	EEG	checkup_149_10.06.2026 14:49:30	500.0	499.6666666666667	True	0.5	40.0	4	True	50.0	30.0	392.6605224609375	-4.955876320709691	-643.9918212890625	-28.55025148896025	-467.58782958984375	-27.749124322829893	-556.8865966796875	-26.00689150006717	-635.834716796875	-27.84722793120305	-120.41093444824219	-31.834146623166173	-356.03155517578125	-28.44885387295921	-59.68024444580078	1.42858580792567	0.0	0.0	0.0	0.0
1.1747801303863525	1781094947.0	1781094947.55364	1	10.0	10.0	8.0	8.0	NeuronSpectrum 10.06.2026 14:49:30	EEG	checkup_149_10.06.2026 14:49:30	500.0	499.6666666666667	True	0.5	40.0	4	True	50.0	30.0	371.3307189941406	-13.4274720338113	-608.5504150390625	-13.92997827189015	-441.930419921875	-16.9816660229338	-525.7000732421875	-12.56727809873103	-601.5136108398438	-13.881655243440935	-114.25193786621094	-29.025515856247612	-336.451171875	-20.10673289098159	-55.54479217529297	3.5274019088496775	0.0	0.0	0.0	0.0
1.1747820377349854	1781094947.0	1781094947.5536418	1	10.0	10.0	8.0	8.0	NeuronSpectrum 10.06.2026 14:49:30	EEG	checkup_149_10.06.2026 14:49:30	500.0	499.6666666666667	True	0.5	40.0	4	True	50.0	30.0	289.87188720703125	-20.051396930975546	-476.2097473144531	-1.390369834561529	-346.6191101074219	-7.4499843183474495	-411.5578918457031	-0.8021432430836202	-471.73492431640625	-1.9244199028751834	-91.39622497558594	-25.835231567060767	-264.4237365722656	-12.41119184881613	-42.583683013916016	5.127379917300556	0.0	0.0	0.0	0.0
1.174783706665039	1781094947.0	1781094947.5536435	1	10.0	10.0	8.0	8.0	NeuronSpectrum 10.06.2026 14:49:30	EEG	checkup_149_10.06.2026 14:49:30	500.0	499.6666666666667	True	0.5	40.0	4	True	50.0	30.0	153.98118591308594	-23.43260930612252	-256.63934326171875	6.703016025267012	-188.70245361328125	-0.8972675879441145	-222.8341522216797	7.147224714568001	-255.92098999023438	5.736207355578635	-53.78520965576172	-22.728311040484108	-145.35296630859375	-6.768226679111243	-21.689390182495117	5.9029216334533405	0.0	0.0	0.0	0.0
1.2257256507873535	1781094947.0	1781094947.6045854	1	10.0	10.0	8.0	8.0	NeuronSpectrum 10.06.2026 14:49:30	EEG	checkup_149_10.06.2026 14:49:30	500.0	499.6666666666667	True	0.5	40.0	4	True	50.0	30.0	345.81256103515625	-22.84733668098797	-560.2594604492188	8.965361729552818	-405.4995422363281	1.6032443273663146	-481.4838562011719	9.971518145894914	-555.3306274414062	7.7688866684829385	-101.52179718017578	-20.091453264230847	-307.04046630859375	-4.103143252526498	-50.86416244506836	5.66571851736684	0.0	0.0	0.0	0.0
1.225731372833252	1781094947.0	1781094947.6045911	1	10.0	10.0	8.0	8.0	NeuronSpectrum 10.06.2026 14:49:30	EEG	checkup_149_10.06.2026 14:49:30	500.0	499.6666666666667	True	0.5	40.0	4	True	50.0	30.0	345.59716796875	-18.439757350593954	-556.3456420898438	5.335947501951977	-401.67333984375	-0.09326401399383435	-477.2972412109375	7.50752484535338	-551.6004028320312	4.131363193472554	-98.01912689208984	-18.15528724564571	-303.3177490234375	-4.646706602120003	-51.476295471191406	4.406351234135437	0.0	0.0	0.0	0.0
1.225733757019043	1781094947.0	1781094947.6045935	1	10.0	10.0	8.0	8.0	NeuronSpectrum 10.06.2026 14:49:30	EEG	checkup_149_10.06.2026 14:49:30	500.0	499.6666666666667	True	0.5	40.0	4	True	50.0	30.0	347.817138671875	-11.143472316212012	-556.296142578125	-3.0082487386035384	-400.6016845703125	-5.248281634936191	-476.76416015625	0.6837756459195021	-551.42529296875	-4.01725600681187	-94.96459197998047	-16.976169886405465	-301.78228759765625	-7.949243211585658	-52.942264556884766	2.2877321708469545	0.0	0.0	0.0	0.0
1.2257356643676758	1781094947.0	1781094947.6045954	1	10.0	10.0	8.0	8.0	NeuronSpectrum 10.06.2026 14:49:30	EEG	checkup_149_10.06.2026 14:49:30	500.0	499.6666666666667	True	0.5	40.0	4	True	50.0	30.0	351.97412109375	-2.388389431058487	-559.677978515625	-14.077264362095358	-402.1187438964844	-12.526003001074141	-479.59161376953125	-8.827783208444155	-554.4117431640625	-14.73342014853053	-92.67227935791016	-16.467619173564536	-302.4205627441406	-13.07870295988095	-55.080528259277344	-0.4011843377275921	0.0	0.0	0.0	0.0
1.2257378101348877	1781094947.0	1781094947.6045976	1	10.0	10.0	8.0	8.0	NeuronSpectrum 10.06.2026 14:49:30	EEG	checkup_149_10.06.2026 14:49:30	500.0	499.6666666666667	True	0.5	40.0	4	True	50.0	30.0	354.63824462890625	6.261291116103015	-561.3912353515625	-25.60509394401948	-402.7336730957031	-20.361706460062898	-481.4391784667969	-19.063800384054225	-555.6430053710938	-25.81295571807966	-90.72417449951172	-16.450993828287903	-302.7146301269531	-18.886279181978644	-57.17763900756836	-3.308998400195341	0.0	0.0	0.0	0.0
1.2257394790649414	1781094947.0	1781094947.6045992	1	10.0	10.0	8.0	8.0	NeuronSpectrum 10.06.2026 14:49:30	EEG	checkup_149_10.06.2026 14:49:30	500.0	499.6666666666667	True	0.5	40.0	4	True	50.0	30.0	351.2986145019531	13.407007534208844	-554.5375366210938	-35.496634836386626	-397.6435852050781	-27.27086536445232	-476.3665771484375	-28.153943284048786	-548.468505859375	-35.22390757145279	-88.32450103759766	-16.699355232159803	-299.12091064453125	-24.235121665504966	-58.324668884277344	-6.081521217863199	0.0	0.0	0.0	0.0
1.2257411479949951	1781094947.0	1781094947.604601	1	10.0	10.0	8.0	8.0	NeuronSpectrum 10.06.2026 14:49:30	EEG	checkup_149_10.06.2026 14:49:30	500.0	499.6666666666667	True	0.5	40.0	4	True	50.0	30.0	340.8266296386719	17.994045069960038	-537.4248046875	-42.09529770107403	-385.67742919921875	-32.03735460587586	-462.813720703125	-34.5611535127968	-531.326416015625	-41.362233902114205	-85.28544616699219	-16.965691057588945	-290.73291015625	-28.146519847101814	-58.19057083129883	-8.406323628514077	0.0	0.0	0.0	0.0
1.2257428169250488	1781094947.0	1781094947.6046026	1	10.0	10.0	8.0	8.0	NeuronSpectrum 10.06.2026 14:49:30	EEG	checkup_149_10.06.2026 14:49:30	500.0	499.6666666666667	True	0.5	40.0	4	True	50.0	30.0	329.078857421875	19.38048301848731	-519.2322998046875	-44.29448777586782	-373.2852783203125	-33.79816104550304	-448.433837890625	-37.1954843201815	-513.2462158203125	-43.15501273919769	-82.84292602539062	-17.00224247150352	-282.2396545410156	-29.87581992321226	-57.63973617553711	-10.041664240807528	0.0	0.0	0.0	0.0
1.2257447242736816	1781094947.0	1781094947.6046045	1	10.0	10.0	8.0	8.0	NeuronSpectrum 10.06.2026 14:49:30	EEG	checkup_149_10.06.2026 14:49:30	500.0	499.6666666666667	True	0.5	40.0	4	True	50.0	30.0	327.1131591796875	17.351913856268137	-517.1915893554688	-41.5805302387162	-372.5199890136719	-32.08622949685407	-447.6921691894531	-35.47279856129879	-511.0609436035156	-40.09868283027638	-83.25265502929688	-16.584456471647567	-282.4233093261719	-28.962072871211078	-58.4325065612793	-10.835867483082296	0.0	0.0	0.0	0.0
1.2257463932037354	1781094947.0	1781094947.6046062	1	10.0	10.0	8.0	8.0	NeuronSpectrum 10.06.2026 14:49:30	EEG	checkup_149_10.06.2026 14:49:30	500.0	499.6666666666667	True	0.5	40.0	4	True	50.0	30.0	342.81231689453125	12.137841517725022	-543.3871459960938	-34.09236414754	-391.6881408691406	-26.889837586159494	-470.6316833496094	-29.386960697131833	-536.4920654296875	-32.3168610226086	-87.89370727539062	-15.549265885468326	-297.225830078125	-25.29186370225838	-61.81552505493164	-10.743649934192021	0.0	0.0	0.0	0.0
1.2257485389709473	1781094947.0	1781094947.6046083	1	10.0	10.0	8.0	8.0	NeuronSpectrum 10.06.2026 14:49:30	EEG	checkup_149_10.06.2026 14:49:30	500.0	499.6666666666667	True	0.5	40.0	4	True	50.0	30.0	370.7554016113281	4.445648751994381	-588.82958984375	-22.71683455715562	-424.1205139160156	-18.738443031298686	-509.3529968261719	-19.607604972872906	-580.6103515625	-20.656142260111544	-95.01400756835938	-13.8445257060484	-321.4500732421875	-19.181016179583047	-66.82808685302734	-9.840072994034964	0.0	0.0	0.0	0.0
1.22575044631958	1781094947.0	1781094947.6046102	1	10.0	10.0	8.0	8.0	NeuronSpectrum 10.06.2026 14:49:30	EEG	checkup_149_10.06.2026 14:49:30	500.0	499.6666666666667	True	0.5	40.0	4	True	50.0	30.0	388.8647766113281	-4.531986903488296	-618.2675170898438	-9.141707673730583	-444.6029052734375	-8.755926074155862	-533.6849975585938	-7.53418725879833	-608.8313598632812	-6.742723380273358	-99.09268951416016	-11.570581461768533	-336.1898193359375	-11.426610651074185	-69.76025390625	-8.32393639578425	0.0	0.0	0.0	0.0
1.225752353668213	1781094947.0	1781094947.604612	1	10.0	10.0	8.0	8.0	NeuronSpectrum 10.06.2026 14:49:30	EEG	checkup_149_10.06.2026 14:49:30	500.0	499.6666666666667	True	0.5	40.0	4	True	50.0	30.0	367.3157043457031	-13.219126673579279	-584.3778076171875	4.2726133569707	-419.5502014160156	1.420554005549191	-503.37042236328125	4.813281680474872	-574.8634033203125	7.137638994126919	-93.05384826660156	-8.986398228675666	-316.48162841796875	-3.251066266173377	-65.67185974121094	-6.497125845148953	0.0	0.0	0.0	0.0
1.2257537841796875	1781094947.0	1781094947.6046135	1	10.0	10.0	8.0	8.0	NeuronSpectrum 10.06.2026 14:49:30	EEG	checkup_149_10.06.2026 14:49:30	500.0	499.6666666666667	True	0.5	40.0	4	True	50.0	30.0	286.3585205078125	-19.92637387391341	-455.99163818359375	14.900717014600529	-327.0686950683594	9.927203316822544	-392.1488952636719	15.149378883413016	-448.3401184082031	18.433707756968897	-72.48526763916016	-6.4611478166591505	-246.25950622558594	3.9152271901630047	-51.387332916259766	-4.7114832969394245	0.0	0.0	0.0	0.0
1.2257556915283203	1781094947.0	1781094947.6046154	1	10.0	10.0	8.0	8.0	NeuronSpectrum 10.06.2026 14:49:30	EEG	checkup_149_10.06.2026 14:49:30	500.0	499.6666666666667	True	0.5	40.0	4	True	50.0	30.0	151.63461303710938	-23.25190413534899	-242.27638244628906	20.483798554564924	-174.0402069091797	15.126069753398083	-208.28271484375	21.4743275690568	-238.42935180664062	24.943749670770483	-39.15061569213867	-4.378350289365001	-131.00523376464844	8.781604875930611	-28.034814834594727	-3.291156169204997	0.0	0.0	0.0	0.0
1.225757360458374	1781094947.0	1781094947.604617	1	10.0	10.0	8.0	8.0	NeuronSpectrum 10.06.2026 14:49:30	EEG	checkup_149_10.06.2026 14:49:30	500.0	499.6666666666667	True	0.5	40.0	4	True	50.0	30.0	342.1239013671875	-22.468185407307427	-542.77392578125	19.75391088987704	-385.9994201660156	16.05722900685393	-463.2610778808594	22.620226468417265	-531.0377197265625	25.42552439804204	-82.29867553710938	-3.0291194843766602	-287.6346740722656	10.54819891820539	-58.96480178833008	-2.456639394766421	0.0	0.0	0.0	0.0
1.2257590293884277	1781094947.0	1781094947.6046188	1	10.0	10.0	8.0	8.0	NeuronSpectrum 10.06.2026 14:49:30	EEG	checkup_149_10.06.2026 14:49:30	500.0	499.6666666666667	True	0.5	40.0	4	True	50.0	30.0	342.4158630371094	-17.71925339901425	-542.53857421875	12.769844477780515	-384.1590270996094	12.688590739379823	-461.2896728515625	18.54983940293404	-529.2894897460938	19.92619171184336	-80.66706848144531	-2.5406810683722307	-285.4962463378906	9.106064268824628	-57.964725494384766	-2.281294215983806	0.0	0.0	0.0	0.0
1.2257609367370605	1781094947.0	1781094947.6046207	1	10.0	10.0	8.0	8.0	NeuronSpectrum 10.06.2026 14:49:30	EEG	checkup_149_10.06.2026 14:49:30	500.0	499.6666666666667	True	0.5	40.0	4	True	50.0	30.0	345.2447509765625	-9.944794502916201	-546.8377075195312	0.826728748967974	-385.5566101074219	5.8628973069979695	-463.1100769042969	10.288622667337703	-531.8578491210938	9.696467849086542	-80.0457763671875	-2.865817386841482	-286.02606201171875	5.008421965169285	-57.528099060058594	-2.695274820333018	0.0	0.0	0.0	0.0
1.2257628440856934	1781094947.0	1781094947.6046226	1	10.0	10.0	8.0	8.0	NeuronSpectrum 10.06.2026 14:49:30	EEG	checkup_149_10.06.2026 14:49:30	500.0	499.6666666666667	True	0.5	40.0	4	True	50.0	30.0	350.0447082519531	-0.5907416279050315	-554.8945922851562	-13.971572428698472	-389.72772216796875	-2.996812875880194	-468.1241149902344	-0.43447122214317224	-538.06591796875	-3.225037594203493	-80.37442779541016	-3.824559428906807	-288.75335693359375	-0.7428542346154899	-57.63274383544922	-3.527279702929077	0.0	0.0	0.0	0.0
1.225764513015747	1781094947.0	1781094947.6046243	1	10.0	10.0	8.0	8.0	NeuronSpectrum 10.06.2026 14:49:30	EEG	checkup_149_10.06.2026 14:49:30	500.0	499.6666666666667	True	0.5	40.0	4	True	50.0	30.0	353.3582763671875	8.74959219286602	-561.0933837890625	-29.25359456444227	-392.78619384765625	-12.265659705432956	-471.6856994628906	-11.64626863930451	-542.5712890625	-16.53979245428677	-80.77464294433594	-5.167950458453355	-290.6530456542969	-6.9776996275670475	-57.724609375	-4.5600911591640125	0.0	0.0	0.0	0.0
1.2257664203643799	1781094947.0	1781094947.6046262	1	10.0	10.0	8.0	8.0	NeuronSpectrum 10.06.2026 14:49:30	EEG	checkup_149_10.06.2026 14:49:30	500.0	499.6666666666667	True	0.5	40.0	4	True	50.0	30.0	350.6835632324219	16.634398662194656	-558.0321044921875	-42.832672427679896	-389.5509338378906	-20.435953810608517	-467.63934326171875	-21.515498473702333	-538.2802734375	-28.132577908282425	-80.05537414550781	-6.635075218999185	-287.79425048828125	-12.596644991364801	-57.036441802978516	-5.578126893793944	0.0	0.0	0.0	0.0
1.2257683277130127	1781094947.0	1781094947.604628	1	10.0	10.0	8.0	8.0	NeuronSpectrum 10.06.2026 14:49:30	EEG	checkup_149_10.06.2026 14:49:30	500.0	499.6666666666667	True	0.5	40.0	4	True	50.0	30.0	340.9050598144531	21.95349906163513	-543.8255004882812	-52.97887147409235	-378.6370849609375	-26.310932086848336	-454.391845703125	-28.586599727455273	-523.3328247070312	-36.34001070082118	-77.86181640625	-7.989399941139017	-279.15997314453125	-16.716569905195872	-55.348304748535156	-6.397002327542779	0.0	0.0	0.0	0.0
1.2257699966430664	1781094947.0	1781094947.6046298	1	10.0	10.0	8.0	8.0	NeuronSpectrum 10.06.2026 14:49:30	EEG	checkup_149_10.06.2026 14:49:30	500.0	499.6666666666667	True	0.5	40.0	4	True	50.0	30.0	329.8529052734375	24.002198952063694	-527.9774780273438	-58.531038520083236	-366.56414794921875	-29.086206434102834	-439.800537109375	-31.87762211676252	-506.7322082519531	-40.06296324209681	-75.59082794189453	-9.036254872173902	-269.6929016113281	-18.73150267930023	-53.60132598876953	-6.8770765095477975	0.0	0.0	0.0	0.0
1.225771427154541	1781094947.0	1781094947.6046312	1	10.0	10.0	8.0	8.0	NeuronSpectrum 10.06.2026 14:49:30	EEG	checkup_149_10.06.2026 14:49:30	500.0	499.6666666666667	True	0.5	40.0	4	True	50.0	30.0	328.498046875	22.50316099624976	-528.440185546875	-58.93578135145599	-365.7534484863281	-28.37865200091304	-438.7495422363281	-30.915066755265755	-505.57196044921875	-38.805443465177085	-75.95159149169922	-9.633037613228122	-268.76422119140625	-18.332771411540623	-53.603919982910156	-6.930046291610127	0.0	0.0	0.0	0.0
1.2257733345031738	1781094947.0	1781094947.604633	1	10.0	10.0	8.0	8.0	NeuronSpectrum 10.06.2026 14:49:30	EEG	checkup_149_10.06.2026 14:49:30	500.0	499.6666666666667	True	0.5	40.0	4	True	50.0	30.0	344.6007995605469	17.63087373060767	-557.9126586914062	-54.30029550103278	-385.05010986328125	-24.26319791320965	-461.7922668457031	-25.779182563129282	-531.9913330078125	-32.72297534383139	-80.88259887695312	-9.704235974382327	-283.0726013183594	-15.534887536540309	-56.63081741333008	-6.527760112193967	0.0	0.0	0.0	0.0
1.2257750034332275	1781094947.0	1781094947.6046348	1	10.0	10.0	8.0	8.0	NeuronSpectrum 10.06.2026 14:49:30	EEG	checkup_149_10.06.2026 14:49:30	500.0	499.6666666666667	True	0.5	40.0	4	True	50.0	30.0	372.6479187011719	10.053032109585278	-607.3051147460938	-45.48059081837216	-418.2528381347656	-17.333223149770284	-501.4324035644531	-17.178887633653797	-577.4098510742188	-22.701446773123703	-89.03166198730469	-9.264303085834605	-308.0699768066406	-10.721153750392284	-61.72999572753906	-5.715606691622461	0.0	0.0	0.0	0.0
1.2257769107818604	1781094947.0	1781094947.6046367	1	10.0	10.0	8.0	8.0	NeuronSpectrum 10.06.2026 14:49:30	EEG	checkup_149_10.06.2026 14:49:30	500.0	499.6666666666667	True	0.5	40.0	4	True	50.0	30.0	390.5647888183594	0.9433145534608867	-640.300537109375	-34.12920908685672	-440.3056640625	-8.73304873547658	-527.5992431640625	-6.494074579069889	-607.3226318359375	-10.394745935840534	-94.91065216064453	-8.437255829759746	-325.10296630859375	-4.672826503570852	-65.16703796386719	-4.622552103598102	0.0	0.0	0.0	0.0
1.225778341293335	1781094947.0	1781094947.604638	1	10.0	10.0	8.0	8.0	NeuronSpectrum 10.06.2026 14:49:30	EEG	checkup_149_10.06.2026 14:49:30	500.0	499.6666666666667	True	0.5	40.0	4	True	50.0	30.0	368.64227294921875	-8.118207302238575	-607.9612426757812	-22.563703768500126	-417.3678894042969	-0.06745619304782047	-499.7442626953125	4.329818453027471	-575.1897583007812	1.9100765764147165	-91.08171081542969	-7.452261943015415	-308.89581298828125	1.4880333608603387	-61.92302703857422	-3.453069166123179	0.0	0.0	0.0	0.0
1.2257804870605469	1781094947.0	1781094947.6046402	1	10.0	10.0	8.0	8.0	NeuronSpectrum 10.06.2026 14:49:30	EEG	checkup_149_10.06.2026 14:49:30	500.0	499.6666666666667	True	0.5	40.0	4	True	50.0	30.0	287.30780029296875	-15.41556880907757	-477.88427734375	-13.357464249401255	-326.9797668457031	6.879379608147941	-391.0104064941406	13.117428956484238	-450.1957702636719	11.692692352420734	-72.55067443847656	-6.599647551386539	-242.56488037109375	6.493500918257302	-48.68016052246094	-2.4499605685332724	0.0	0.0	0.0	0.0
1.2257819175720215	1781094947.0	1781094947.6046417	1	10.0	10.0	8.0	8.0	NeuronSpectrum 10.06.2026 14:49:30	EEG	checkup_149_10.06.2026 14:49:30	500.0	499.6666666666667	True	0.5	40.0	4	True	50.0	30.0	152.35072326660156	-19.50149792096045	-259.2388916015625	-8.709256140332286	-175.4116973876953	10.576747552999977	-208.9982147216797	17.983968530372493	-241.09478759765625	16.809311003542078	-40.55720520019531	-6.153670541877331	-130.5665283203125	9.236883706471545	-26.38150978088379	-1.8327278399892843	0.0	0.0	0.0	0.0
1.2760169506072998	1781094947.0	1781094947.6548767	1	10.0	10.0	8.0	8.0	NeuronSpectrum 10.06.2026 14:49:30	EEG	checkup_149_10.06.2026 14:49:30	500.0	499.6666666666667	True	0.5	40.0	4	True	50.0	30.0	340.9914855957031	-19.58996076859467	-570.0969848632812	-9.825743524461219	-390.7385559082031	10.170950032047722	-466.3056945800781	17.848033000085877	-536.9860229492188	16.087784529453558	-87.4688720703125	-6.293879049448434	-289.6760559082031	9.07650527947945	-57.82976531982422	-1.734474530249304	0.0	0.0	0.0	0.0
1.276021957397461	1781094947.0	1781094947.6548817	1	10.0	10.0	8.0	8.0	NeuronSpectrum 10.06.2026 14:49:30	EEG	checkup_149_10.06.2026 14:49:30	500.0	499.6666666666667	True	0.5	40.0	4	True	50.0	30.0	340.2088623046875	-15.760660868823154	-569.524658203125	-16.600021523123985	-390.32244873046875	5.705361363662411	-465.3802490234375	12.703556487162746	-536.5037231445312	9.637131310071721	-87.24934387207031	-7.063661603896444	-288.8619384765625	5.995664940711821	-57.38291549682617	-2.165867169184806	0.0	0.0	0.0	0.0
1.2760241031646729	1781094947.0	1781094947.6548839	1	10.0	10.0	8.0	8.0	NeuronSpectrum 10.06.2026 14:49:30	EEG	checkup_149_10.06.2026 14:49:30	500.0	499.6666666666667	True	0.5	40.0	4	True	50.0	30.0	342.06414794921875	-8.890500970428025	-572.3738403320312	-27.721292672461498	-392.26116943359375	-1.954616497358722	-467.58404541015625	3.5397055401667545	-539.6644287109375	-1.2579356162069506	-87.24191284179688	-8.382995126111163	-289.76226806640625	0.5525860889115628	-57.17329406738281	-3.020446629277167	0.0	0.0	0.0	0.0
1.2760257720947266	1781094947.0	1781094947.6548855	1	10.0	10.0	8.0	8.0	NeuronSpectrum 10.06.2026 14:49:30	EEG	checkup_149_10.06.2026 14:49:30	500.0	499.6666666666667	True	0.5	40.0	4	True	50.0	30.0	346.0720520019531	-0.37024843960102016	-578.0911865234375	-41.11879059847683	-396.2140197753906	-11.42321011582157	-472.5418395996094	-8.011256554381387	-545.8377075195312	-14.565033473559174	-87.56040954589844	-10.099356813662647	-292.3157653808594	-6.329421857440214	-57.24319076538086	-4.112825884925717	0.0	0.0	0.0	0.0
1.2760276794433594	1781094947.0	1781094947.6548874	1	10.0	10.0	8.0	8.0	NeuronSpectrum 10.06.2026 14:49:30	EEG	checkup_149_10.06.2026 14:49:30	500.0	499.6666666666667	True	0.5	40.0	4	True	50.0	30.0	348.82147216796875	8.25074424993061	-581.4037475585938	-54.50801556746643	-398.5942687988281	-21.16183684178742	-475.8965759277344	-20.107639218776058	-549.8404541015625	-28.032748755424354	-87.59864044189453	-12.043122659682435	-293.9768371582031	-13.615053736061753	-57.182411193847656	-5.228146646863385	0.0	0.0	0.0	0.0
1.276029348373413	1781094947.0	1781094947.654889	1	10.0	10.0	8.0	8.0	NeuronSpectrum 10.06.2026 14:49:30	EEG	checkup_149_10.06.2026 14:49:30	500.0	499.6666666666667	True	0.5	40.0	4	True	50.0	30.0	345.8136901855469	15.562670898834783	-575.2847900390625	-65.8335716652453	-394.6231689453125	-29.771760379634703	-471.8092956542969	-31.04632842355931	-544.8098754882812	-39.62231492098737	-86.4643783569336	-14.060564533893722	-291.23724365234375	-20.352879290806953	-56.375999450683594	-6.163822341412032	0.0	0.0	0.0	0.0
1.276031494140625	1781094947.0	1781094947.6548913	1	10.0	10.0	8.0	8.0	NeuronSpectrum 10.06.2026 14:49:30	EEG	checkup_149_10.06.2026 14:49:30	500.0	499.6666666666667	True	0.5	40.0	4	True	50.0	30.0	335.88433837890625	20.476853514103077	-558.1796264648438	-73.51986187286293	-383.362548828125	-36.15367826241507	-459.0561828613281	-39.45610634234161	-529.167236328125	-47.75600734197748	-84.1280288696289	-16.017496070436565	-283.4299621582031	-25.775231101869597	-54.67616653442383	-6.755743267268023	0.0	0.0	0.0	0.0
1.2760334014892578	1781094947.0	1781094947.6548932	1	10.0	10.0	8.0	8.0	NeuronSpectrum 10.06.2026 14:49:30	EEG	checkup_149_10.06.2026 14:49:30	500.0	499.6666666666667	True	0.5	40.0	4	True	50.0	30.0	324.77130126953125	22.301955815252136	-539.8206176757812	-76.55757458445122	-371.74359130859375	-39.55784337669668	-445.9068908691406	-44.36437696923764	-512.2185668945312	-51.40741281373496	-82.34452056884766	-17.785354081693185	-275.7891540527344	-29.323567049067456	-52.963653564453125	-6.8916502538203135	0.0	0.0	0.0	0.0
1.2760348320007324	1781094947.0	1781094947.6548946	1	10.0	10.0	8.0	8.0	NeuronSpectrum 10.06.2026 14:49:30	EEG	checkup_149_10.06.2026 14:49:30	500.0	499.6666666666667	True	0.5	40.0	4	True	50.0	30.0	323.3522644042969	20.76766449964822	-538.2509765625	-74.5209551115885	-372.4132080078125	-39.594497531152236	-447.5357971191406	-45.22001436037412	-511.293701171875	-50.12327392275871	-84.11534118652344	-19.2310351882147	-277.82464599609375	-30.653823718832125	-52.885704040527344	-6.519732950495822	0.0	0.0	0.0	0.0
1.2760369777679443	1781094947.0	1781094947.6548967	1	10.0	10.0	8.0	8.0	NeuronSpectrum 10.06.2026 14:49:30	EEG	checkup_149_10.06.2026 14:49:30	500.0	499.6666666666667	True	0.5	40.0	4	True	50.0	30.0	339.3598327636719	16.049407512418664	-566.1093139648438	-67.60868909146626	-394.0555114746094	-36.271141410562805	-474.3529968261719	-41.95059692748848	-538.5542602539062	-44.06519162431413	-91.37197875976562	-20.228871969450022	-295.98614501953125	-29.671960487998472	-55.5703125	-5.659288244705397	0.0	0.0	0.0	0.0
1.276038408279419	1781094947.0	1781094947.6548982	1	10.0	10.0	8.0	8.0	NeuronSpectrum 10.06.2026 14:49:30	EEG	checkup_149_10.06.2026 14:49:30	500.0	499.6666666666667	True	0.5	40.0	4	True	50.0	30.0	367.3680114746094	8.808290373576828	-614.1177978515625	-56.73178777571798	-429.805908203125	-30.072096465289544	-518.03759765625	-35.0706146467015	-585.1073608398438	-34.09363548546451	-102.22698974609375	-20.69829281766648	-324.88470458984375	-26.609608461576066	-60.06547927856445	-4.413165600340608	0.0	0.0	0.0	0.0
1.2760405540466309	1781094947.0	1781094947.6549003	1	10.0	10.0	8.0	8.0	NeuronSpectrum 10.06.2026 14:49:30	EEG	checkup_149_10.06.2026 14:49:30	500.0	499.6666666666667	True	0.5	40.0	4	True	50.0	30.0	385.4877624511719	0.20156107260662082	-645.7173461914062	-43.57018854384233	-453.5790100097656	-22.02210645002403	-547.1181640625	-25.7685323531425	-615.8362426757812	-21.819783932655856	-110.1431884765625	-20.650347877374124	-344.5347595214844	-22.092726109884488	-62.83617401123047	-2.972387687900583	0.0	0.0	0.0	0.0
1.2760422229766846	1781094947.0	1781094947.654902	1	10.0	10.0	8.0	8.0	NeuronSpectrum 10.06.2026 14:49:30	EEG	checkup_149_10.06.2026 14:49:30	500.0	499.6666666666667	True	0.5	40.0	4	True	50.0	30.0	364.1969909667969	-8.218727199991186	-611.7908935546875	-30.45409727106002	-430.56707763671875	-13.62801293674084	-519.6387939453125	-15.843360991464534	-583.5432739257812	-9.48802159331036	-106.5134506225586	-20.212495997811512	-328.3677978515625	-17.11941824351419	-59.17881774902344	-1.5983125923222505	0.0	0.0	0.0	0.0
1.2760441303253174	1781094947.0	1781094947.654904	1	10.0	10.0	8.0	8.0	NeuronSpectrum 10.06.2026 14:49:30	EEG	checkup_149_10.06.2026 14:49:30	500.0	499.6666666666667	True	0.5	40.0	4	True	50.0	30.0	283.9820861816406	-14.776051596539006	-479.9281311035156	-19.965772159496947	-337.9410095214844	-6.620086284990803	-408.11395263671875	-7.394975132302136	-457.0787658691406	0.4099664685192294	-85.68638610839844	-19.60607359069406	-258.9886169433594	-12.884001257190441	-46.02532196044922	-0.573345203785601	0.0	0.0	0.0	0.0
1.276045799255371	1781094947.0	1781094947.6549056	1	10.0	10.0	8.0	8.0	NeuronSpectrum 10.06.2026 14:49:30	EEG	checkup_149_10.06.2026 14:49:30	500.0	499.6666666666667	True	0.5	40.0	4	True	50.0	30.0	150.4860076904297	-18.07136843021812	-259.501220703125	-14.313812517190556	-182.50680541992188	-2.5254475075765423	-220.79815673828125	-2.3065751382385296	-245.44729614257812	5.7386851771643705	-49.24394607543945	-19.076973125372213	-141.5936737060547	-10.469020462389258	-24.340328216552734	-0.12804627071990238	0.0	0.0	0.0	0.0
1.276047706604004	1781094947.0	1781094947.6549075	1	10.0	10.0	8.0	8.0	NeuronSpectrum 10.06.2026 14:49:30	EEG	checkup_149_10.06.2026 14:49:30	500.0	499.6666666666667	True	0.5	40.0	4	True	50.0	30.0	338.9825439453125	-17.37103658910389	-570.1812744140625	-14.712815930136204	-400.6997985839844	-2.2349341874031783	-482.95697021484375	-1.7139056770701067	-544.1104125976562	5.315919676231368	-101.1660385131836	-18.811810442979674	-307.91241455078125	-10.525558888100647	-54.463165283203125	-0.3710093253076384	0.0	0.0	0.0	0.0
1.2760491371154785	1781094947.0	1781094947.654909	1	10.0	10.0	8.0	8.0	NeuronSpectrum 10.06.2026 14:49:30	EEG	checkup_149_10.06.2026 14:49:30	500.0	499.6666666666667	True	0.5	40.0	4	True	50.0	30.0	339.1561279296875	-12.805856046379123	-568.9031372070312	-21.05296340491508	-398.5449523925781	-5.763191283834575	-479.6203918457031	-5.703331984915368	-542.9673461914062	-0.7696777863797595	-99.64679718017578	-18.88326204992401	-306.1552734375	-13.092266873358035	-54.67509841918945	-1.2527730785931674	0.0	0.0	0.0	0.0
1.2760512828826904	1781094947.0	1781094947.654911	1	10.0	10.0	8.0	8.0	NeuronSpectrum 10.06.2026 14:49:30	EEG	checkup_149_10.06.2026 14:49:30	500.0	499.6666666666667	True	0.5	40.0	4	True	50.0	30.0	341.8707580566406	-5.297336392037342	-571.2490844726562	-31.998162462971234	-398.7318420410156	-12.301075575455386	-479.34368896484375	-13.360833668850228	-545.23828125	-11.253010561446038	-98.06693267822266	-19.247405226036474	-305.73443603515625	-17.628146296264237	-55.455997467041016	-2.5795491185312245	0.0	0.0	0.0	0.0
1.2760529518127441	1781094947.0	1781094947.6549127	1	10.0	10.0	8.0	8.0	NeuronSpectrum 10.06.2026 14:49:30	EEG	checkup_149_10.06.2026 14:49:30	500.0	499.6666666666667	True	0.5	40.0	4	True	50.0	30.0	346.5372009277344	3.7298873164106086	-576.6652221679688	-45.42009531097445	-401.10162353515625	-20.498417511715143	-482.0652770996094	-23.100788867937645	-550.392578125	-24.109162336237286	-96.69365692138672	-19.781067402565817	-306.66510009765625	-23.213103701742664	-56.58763122558594	-4.06784020941968	0.0	0.0	0.0	0.0
1.2760546207427979	1781094947.0	1781094947.6549144	1	10.0	10.0	8.0	8.0	NeuronSpectrum 10.06.2026 14:49:30	EEG	checkup_149_10.06.2026 14:49:30	500.0	499.6666666666667	True	0.5	40.0	4	True	50.0	30.0	349.685302734375	12.706262077838065	-579.9550170898438	-58.940220338037584	-402.2160339355469	-28.82115275669637	-483.6435852050781	-33.08995850874031	-553.4569091796875	-37.072663839950415	-95.11774444580078	-20.3280173471317	-306.54998779296875	-28.800261090733883	-57.365169525146484	-5.415339133473369	0.0	0.0	0.0	0.0
1.2760562896728516	1781094947.0	1781094947.654916	1	10.0	10.0	8.0	8.0	NeuronSpectrum 10.06.2026 14:49:30	EEG	checkup_149_10.06.2026 14:49:30	500.0	499.6666666666667	True	0.5	40.0	4	True	50.0	30.0	346.81561279296875	20.216716186376203	-574.1751098632812	-70.37685351355819	-397.34381103515625	-35.844791859773295	-478.2522888183594	-41.60230265838388	-547.7980346679688	-48.06445270374953	-92.61590576171875	-20.729167729111957	-302.0262145996094	-33.418755838725986	-56.93388366699219	-6.363894907771837	0.0	0.0	0.0	0.0
1.2760584354400635	1781094947.0	1781094947.6549182	1	10.0	10.0	8.0	8.0	NeuronSpectrum 10.06.2026 14:49:30	EEG	checkup_149_10.06.2026 14:49:30	500.0	499.6666666666667	True	0.5	40.0	4	True	50.0	30.0	336.8078308105469	25.181541408606282	-557.682373046875	-78.00937535946888	-385.3511047363281	-40.426262992400616	-464.328125	-47.23445068341676	-531.8902587890625	-55.44259965663221	-89.13797760009766	-20.83121964873942	-292.3872375488281	-36.28691145317598	-55.028587341308594	-6.740659702639694	0.0	0.0	0.0	0.0
1.327608346939087	1781094947.0	1781094947.706468	1	10.0	10.0	8.0	8.0	NeuronSpectrum 10.06.2026 14:49:30	EEG	checkup_149_10.06.2026 14:49:30	500.0	499.6666666666667	True	0.5	40.0	4	True	50.0	30.0	325.45941162109375	26.929866346365134	-539.7980346679688	-80.68560239040406	-372.6514587402344	-41.77459515318181	-449.4175720214844	-49.00381590816374	-514.7455444335938	-58.10285740180305	-86.10127258300781	-20.484993620207927	-282.5097351074219	-36.85455122897932	-52.56544876098633	-6.475297119270952	0.0	0.0	0.0	0.0
1.3276143074035645	1781094947.0	1781094947.706474	1	10.0	10.0	8.0	8.0	NeuronSpectrum 10.06.2026 14:49:30	EEG	checkup_149_10.06.2026 14:49:30	500.0	499.6666666666667	True	0.5	40.0	4	True	50.0	30.0	323.6999816894531	25.218908708193382	-537.9000854492188	-77.86288829342283	-371.2161865234375	-39.48408905293169	-447.85650634765625	-46.401847581230385	-513.0983276367188	-55.51718100941478	-85.93549346923828	-19.551579123984993	-281.3479919433594	-34.82448744839227	-51.372833251953125	-5.599474780032566	0.0	0.0	0.0	0.0
1.3276164531707764	1781094947.0	1781094947.7064762	1	10.0	10.0	8.0	8.0	NeuronSpectrum 10.06.2026 14:49:30	EEG	checkup_149_10.06.2026 14:49:30	500.0	499.6666666666667	True	0.5	40.0	4	True	50.0	30.0	339.3093566894531	20.253403871672973	-564.0699462890625	-69.67006151482849	-389.3358154296875	-33.5892563790904	-469.6650695800781	-39.46948344281705	-538.5513916015625	-47.794677971202745	-90.12244415283203	-17.929578104802925	-295.0172424316406	-30.19804136715303	-52.86581039428711	-4.237409785230464	0.0	0.0	0.0	0.0
1.3276183605194092	1781094947.0	1781094947.706478	1	10.0	10.0	8.0	8.0	NeuronSpectrum 10.06.2026 14:49:30	EEG	checkup_149_10.06.2026 14:49:30	500.0	499.6666666666667	True	0.5	40.0	4	True	50.0	30.0	366.9259033203125	12.720588193368876	-609.0606689453125	-57.00862638931666	-420.51446533203125	-24.651434584468515	-507.1291809082031	-28.903615598942842	-582.1563110351562	-35.78270016658009	-96.90264892578125	-15.601939636477168	-318.4998779296875	-23.350406194460604	-56.417240142822266	-2.5924386251584313	0.0	0.0	0.0	0.0
1.3276209831237793	1781094947.0	1781094947.7064807	1	10.0	10.0	8.0	8.0	NeuronSpectrum 10.06.2026 14:49:30	EEG	checkup_149_10.06.2026 14:49:30	500.0	499.6666666666667	True	0.5	40.0	4	True	50.0	30.0	384.7557678222656	3.7973471285990126	-637.1740112304688	-41.61264151485054	-439.9236755371094	-13.81729040406682	-530.45361328125	-16.121633564743817	-609.5020141601562	-21.129757435689225	-100.65567016601562	-12.682765184971412	-333.0341796875	-15.08793771022149	-58.765541076660156	-0.9270293825087407	0.0	0.0	0.0	0.0
1.327622890472412	1781094947.0	1781094947.7064826	1	10.0	10.0	8.0	8.0	NeuronSpectrum 10.06.2026 14:49:30	EEG	checkup_149_10.06.2026 14:49:30	500.0	499.6666666666667	True	0.5	40.0	4	True	50.0	30.0	363.3822021484375	-4.951809801738674	-600.706298828125	-25.92421649488129	-414.4284362792969	-2.7460568851829525	-499.7778015136719	-3.161362047211786	-574.634765625	-6.17122144442623	-94.1851577758789	-9.433913169857036	-313.6795349121094	-6.606473596504738	-55.339725494384766	0.47170079662695624	0.0	0.0	0.0	0.0
1.327625036239624	1781094947.0	1781094947.7064848	1	10.0	10.0	8.0	8.0	NeuronSpectrum 10.06.2026 14:49:30	EEG	checkup_149_10.06.2026 14:49:30	500.0	499.6666666666667	True	0.5	40.0	4	True	50.0	30.0	283.3533935546875	-11.842920440443963	-468.4859924316406	-12.68305828591625	-322.3882751464844	6.667933877226142	-389.0142822265625	7.668423537193833	-447.5304260253906	6.46150128521667	-73.0176010131836	-6.2285055333646255	-244.19515991210938	0.7073109768934767	-43.00969696044922	1.3456247504187449	0.0	0.0	0.0	0.0
1.3276269435882568	1781094947.0	1781094947.7064867	1	10.0	10.0	8.0	8.0	NeuronSpectrum 10.06.2026 14:49:30	EEG	checkup_149_10.06.2026 14:49:30	500.0	499.6666666666667	True	0.5	40.0	4	True	50.0	30.0	150.27963256835938	-15.470358321056091	-250.1991424560547	-4.284230046376836	-170.53709411621094	12.741183133372221	-206.2145233154297	14.338540729964059	-237.50633239746094	14.45751996301633	-38.94741439819336	-3.464527161104126	-129.69996643066406	5.60586401934934	-22.499006271362305	1.5298582813684718	0.0	0.0	0.0	0.0
1.3276288509368896	1781094947.0	1781094947.7064886	1	10.0	10.0	8.0	8.0	NeuronSpectrum 10.06.2026 14:49:30	EEG	checkup_149_10.06.2026 14:49:30	500.0	499.6666666666667	True	0.5	40.0	4	True	50.0	30.0	337.5466003417969	-15.090396327494737	-550.5070190429688	-2.13725194049987	-378.6004333496094	14.453118768512372	-458.676025390625	15.65109807759053	-526.3406372070312	16.44500437295179	-81.97268676757812	-1.462048461202143	-285.5218811035156	7.320265270724791	-52.72175216674805	1.004243204389826	0.0	0.0	0.0	0.0
1.3276305198669434	1781094947.0	1781094947.7064903	1	10.0	10.0	8.0	8.0	NeuronSpectrum 10.06.2026 14:49:30	EEG	checkup_149_10.06.2026 14:49:30	500.0	499.6666666666667	True	0.5	40.0	4	True	50.0	30.0	337.2982177734375	-10.817711027785743	-546.9534301757812	-6.311271963864298	-375.9061584472656	11.704578899070416	-456.6212463378906	11.54908802679183	-523.0040283203125	12.337403438259713	-79.42718505859375	-0.38876332120799567	-282.9808654785156	5.758233745942771	-53.464691162109375	-0.09373348592736555	0.0	0.0	0.0	0.0
1.3276324272155762	1781094947.0	1781094947.7064922	1	10.0	10.0	8.0	8.0	NeuronSpectrum 10.06.2026 14:49:30	EEG	checkup_149_10.06.2026 14:49:30	500.0	499.6666666666667	True	0.5	40.0	4	True	50.0	30.0	339.57293701171875	-3.552230307669748	-547.9900512695312	-15.60809066192691	-376.58721923828125	5.281079235366915	-458.4942626953125	3.0616587716413934	-524.09033203125	3.2696975732483233	-77.77045440673828	-0.2398818034483902	-282.87261962890625	1.4827155208356444	-54.4262809753418	-1.5042752051275485	0.0	0.0	0.0	0.0
1.3276338577270508	1781094947.0	1781094947.7064936	1	10.0	10.0	8.0	8.0	NeuronSpectrum 10.06.2026 14:49:30	EEG	checkup_149_10.06.2026 14:49:30	500.0	499.6666666666667	True	0.5	40.0	4	True	50.0	30.0	343.87530517578125	5.304781685267962	-553.0496215820312	-27.977032815216145	-380.2667541503906	-3.42283690532895	-463.6585388183594	-8.04415910930016	-529.0764770507812	-8.794280267808844	-77.11699676513672	-0.8660248023862955	-284.9541931152344	-4.488350286308128	-55.351776123046875	-2.9149475261054762	0.0	0.0	0.0	0.0
1.3276357650756836	1781094947.0	1781094947.7064955	1	10.0	10.0	8.0	8.0	NeuronSpectrum 10.06.2026 14:49:30	EEG	checkup_149_10.06.2026 14:49:30	500.0	499.6666666666667	True	0.5	40.0	4	True	50.0	30.0	346.83465576171875	14.203363107829084	-556.77783203125	-41.05044274487628	-383.19744873046875	-12.767365060393043	-467.5011901855469	-19.719028924311292	-532.8366088867188	-21.572344970376275	-76.8205795288086	-2.0229553430668092	-286.4995422363281	-10.949265369759274	-55.59738540649414	-4.03718750144079	0.0	0.0	0.0	0.0
1.3276376724243164	1781094947.0	1781094947.7064974	1	10.0	10.0	8.0	8.0	NeuronSpectrum 10.06.2026 14:49:30	EEG	checkup_149_10.06.2026 14:49:30	500.0	499.6666666666667	True	0.5	40.0	4	True	50.0	30.0	344.01910400390625	21.73854933759366	-551.9769287109375	-52.599537175647	-380.3225402832031	-21.1818244363869	-463.935791015625	-30.02401360307755	-528.4595336914062	-32.90093784524086	-75.88936614990234	-3.419180234200161	-283.8179931640625	-16.73857912775495	-54.445220947265625	-4.664960425957235	0.0	0.0	0.0	0.0
1.3276393413543701	1781094947.0	1781094947.706499	1	10.0	10.0	8.0	8.0	NeuronSpectrum 10.06.2026 14:49:30	EEG	checkup_149_10.06.2026 14:49:30	500.0	499.6666666666667	True	0.5	40.0	4	True	50.0	30.0	334.30609130859375	26.82713774531924	-536.6994018554688	-60.81962226450469	-370.2352600097656	-27.36657784314815	-451.36358642578125	-37.38132049322542	-514.0573120117188	-41.0116823097755	-74.01220703125	-4.751690531469212	-275.9100036621094	-20.889060482809594	-51.810672760009766	-4.703417644875288	0.0	0.0	0.0	0.0
1.327641248703003	1781094947.0	1781094947.706501	1	10.0	10.0	8.0	8.0	NeuronSpectrum 10.06.2026 14:49:30	EEG	checkup_149_10.06.2026 14:49:30	500.0	499.6666666666667	True	0.5	40.0	4	True	50.0	30.0	323.40350341796875	28.779848286980215	-519.9739379882812	-64.46354414515424	-359.1802978515625	-30.39442378472933	-437.4537048339844	-40.69648566672147	-498.26409912109375	-44.665464085438316	-72.38973236083984	-5.733698401043677	-267.4088134765625	-22.704637228514528	-48.79833984375	-4.168817376522479	0.0	0.0	0.0	0.0
1.3276429176330566	1781094947.0	1781094947.7065027	1	10.0	10.0	8.0	8.0	NeuronSpectrum 10.06.2026 14:49:30	EEG	checkup_149_10.06.2026 14:49:30	500.0	499.6666666666667	True	0.5	40.0	4	True	50.0	30.0	322.0897216796875	27.322503742559874	-518.9923095703125	-62.90561078221847	-359.0910949707031	-29.76656497924825	-436.7236633300781	-39.41942598274267	-497.5370178222656	-43.22209477028269	-73.32931518554688	-6.124729398847909	-267.1128234863281	-21.805188890854367	-47.395164489746094	-3.1700892431191297	0.0	0.0	0.0	0.0
1.3276450634002686	1781094947.0	1781094947.7065048	1	10.0	10.0	8.0	8.0	NeuronSpectrum 10.06.2026 14:49:30	EEG	checkup_149_10.06.2026 14:49:30	500.0	499.6666666666667	True	0.5	40.0	4	True	50.0	30.0	338.0004577636719	22.620236232246015	-545.8646240234375	-56.21658497678594	-378.3456726074219	-25.476756915844	-459.3547668457031	-33.61132141894491	-523.4388427734375	-36.72137651254963	-78.33728790283203	-5.7707003941541855	-281.146728515625	-18.17856210407845	-49.10710906982422	-1.8847652138388375	0.0	0.0	0.0	0.0
1.3276464939117432	1781094947.0	1781094947.7065063	1	10.0	10.0	8.0	8.0	NeuronSpectrum 10.06.2026 14:49:30	EEG	checkup_149_10.06.2026 14:49:30	500.0	499.6666666666667	True	0.5	40.0	4	True	50.0	30.0	365.7175598144531	15.319078743186079	-591.6321411132812	-45.26554413326286	-410.6186218261719	-18.09227547346567	-497.73907470703125	-24.030508530084884	-567.2959594726562	-25.98875504341631	-85.8377685546875	-4.650444860452453	-304.7376403808594	-12.245328922151796	-53.29945373535156	-0.5371189503270708	0.0	0.0	0.0	0.0
1.3276481628417969	1781094947.0	1781094947.706508	1	10.0	10.0	8.0	8.0	NeuronSpectrum 10.06.2026 14:49:30	EEG	checkup_149_10.06.2026 14:49:30	500.0	499.6666666666667	True	0.5	40.0	4	True	50.0	30.0	383.5190124511719	6.5602422433538	-621.0503540039062	-31.769803570027722	-431.26287841796875	-8.79502159669943	-522.134521484375	-12.171407575283041	-595.2097778320312	-12.687948032230821	-90.48275756835938	-2.910797632536391	-319.582275390625	-4.892999137065509	-56.594627380371094	0.6228712393455671	0.0	0.0	0.0	0.0
1.3276500701904297	1781094947.0	1781094947.7065098	1	10.0	10.0	8.0	8.0	NeuronSpectrum 10.06.2026 14:49:30	EEG	checkup_149_10.06.2026 14:49:30	500.0	499.6666666666667	True	0.5	40.0	4	True	50.0	30.0	362.1529541015625	-2.1155555754617548	-586.8004760742188	-18.15492663869759	-407.25811767578125	0.7143007162843316	-492.6942138671875	-0.14093227121107255	-561.736328125	0.8133196791252671	-85.29396057128906	-0.8645088130940213	-301.24993896484375	2.593583624122402	-54.221187591552734	1.3483140985104871	0.0	0.0	0.0	0.0
1.3276515007019043	1781094947.0	1781094947.7065113	1	10.0	10.0	8.0	8.0	NeuronSpectrum 10.06.2026 14:49:30	EEG	checkup_149_10.06.2026 14:49:30	500.0	499.6666666666667	True	0.5	40.0	4	True	50.0	30.0	282.3278503417969	-9.03182703255588	-457.7665100097656	-7.1293465024150455	-316.96063232421875	8.515420031300149	-383.3117980957031	9.707232815888513	-437.06463623046875	11.856502343095354	-65.82141876220703	1.0665292582881882	-233.8102264404297	8.755881163146453	-42.82248306274414	1.4387911621250378	0.0	0.0	0.0	0.0
1.327653169631958	1781094947.0	1781094947.706513	1	10.0	10.0	8.0	8.0	NeuronSpectrum 10.06.2026 14:49:30	EEG	checkup_149_10.06.2026 14:49:30	500.0	499.6666666666667	True	0.5	40.0	4	True	50.0	30.0	149.70822143554688	-12.772559358085855	-243.24630737304688	-1.0324685793868222	-166.98313903808594	12.929188539239892	-201.98910522460938	15.329991162808316	-230.26283264160156	18.126929012577172	-33.6508903503418	2.4549241475981702	-122.2930908203125	12.308410864558873	-22.94382667541504	0.7928186381749371	0.0	0.0	0.0	0.0
1.3778977394104004	1781094947.0	1781094947.7567575	1	10.0	10.0	8.0	8.0	NeuronSpectrum 10.06.2026 14:49:30	EEG	checkup_149_10.06.2026 14:49:30	500.0	499.6666666666667	True	0.5	40.0	4	True	50.0	30.0	335.7835998535156	-12.567803781363281	-543.6787719726562	-1.1914144379259466	-376.61712646484375	12.974322573346926	-454.33551025390625	15.54474825787392	-518.90869140625	18.282293578395965	-76.57009887695312	2.9817818784403753	-277.0774841308594	12.485221210383738	-53.95383071899414	-0.5509875050113497	0.0	0.0	0.0	0.0
1.377903699874878	1781094947.0	1781094947.7567635	1	10.0	10.0	8.0	8.0	NeuronSpectrum 10.06.2026 14:49:30	EEG	checkup_149_10.06.2026 14:49:30	500.0	499.6666666666667	True	0.5	40.0	4	True	50.0	30.0	335.32855224609375	-8.495775672601397	-542.6443481445312	-7.57087285451343	-375.6925048828125	8.62030299916848	-453.3746643066406	10.331248948307278	-517.7377319335938	12.299473889241169	-75.69349670410156	2.514919643020769	-276.3121032714844	9.236229276494804	-55.17259979248047	-2.4075953808111046	0.0	0.0	0.0	0.0
1.377906084060669	1781094947.0	1781094947.7567658	1	10.0	10.0	8.0	8.0	NeuronSpectrum 10.06.2026 14:49:30	EEG	checkup_149_10.06.2026 14:49:30	500.0	499.6666666666667	True	0.5	40.0	4	True	50.0	30.0	337.46685791015625	-1.4177936426897695	-546.01123046875	-18.856570331428713	-378.0378723144531	0.7371763279447598	-456.4430236816406	0.7661079442635654	-521.0300903320312	1.4027686591558117	-75.93445587158203	1.1248169222179425	-278.3130187988281	3.19755449140408	-56.43284225463867	-4.48276847200507	0.0	0.0	0.0	0.0
1.3779082298278809	1781094947.0	1781094947.756768	1	10.0	10.0	8.0	8.0	NeuronSpectrum 10.06.2026 14:49:30	EEG	checkup_149_10.06.2026 14:49:30	500.0	499.6666666666667	True	0.5	40.0	4	True	50.0	30.0	341.7103576660156	7.297111847052008	-553.033447265625	-32.88482318715596	-383.1763916015625	-9.197605425244884	-462.88720703125	-11.336736735106909	-528.0992431640625	-12.343604288780865	-77.2669906616211	-0.9548438105447867	-282.7071228027344	-4.521839881496174	-57.57345199584961	-6.440239999586145	0.0	0.0	0.0	0.0
1.3779106140136719	1781094947.0	1781094947.7567704	1	10.0	10.0	8.0	8.0	NeuronSpectrum 10.06.2026 14:49:30	EEG	checkup_149_10.06.2026 14:49:30	500.0	499.6666666666667	True	0.5	40.0	4	True	50.0	30.0	344.69329833984375	16.118212636258367	-558.2352905273438	-47.194894257394516	-387.2496032714844	-19.480214992853846	-467.9950866699219	-23.891570881918113	-533.6405029296875	-26.564767228928847	-78.80660247802734	-3.393992481911934	-286.5143737792969	-12.623714596946622	-58.07172775268555	-7.972918089575544	0.0	0.0	0.0	0.0
1.3779125213623047	1781094947.0	1781094947.7567723	1	10.0	10.0	8.0	8.0	NeuronSpectrum 10.06.2026 14:49:30	EEG	checkup_149_10.06.2026 14:49:30	500.0	499.6666666666667	True	0.5	40.0	4	True	50.0	30.0	341.9845886230469	23.64375067507276	-554.361083984375	-59.5009109763555	-385.1000061035156	-28.50801939610978	-465.51666259765625	-34.94081055370775	-530.5853881835938	-39.030863666192275	-79.29183197021484	-5.832857222624681	-285.7282409667969	-19.86967854693616	-57.297706604003906	-8.855753960909901	0.0	0.0	0.0	0.0
1.3779146671295166	1781094947.0	1781094947.7567744	1	10.0	10.0	8.0	8.0	NeuronSpectrum 10.06.2026 14:49:30	EEG	checkup_149_10.06.2026 14:49:30	500.0	499.6666666666667	True	0.5	40.0	4	True	50.0	30.0	332.4383850097656	28.77878199749644	-539.4424438476562	-67.98876749485007	-375.26800537109375	-34.987922798595875	-453.6958923339844	-42.90898365237647	-516.9614868164062	-47.947778730596895	-78.22842407226562	-7.9342201669407295	-279.10369873046875	-25.245742247070382	-55.14057922363281	-8.970479084576732	0.0	0.0	0.0	0.0
1.3779160976409912	1781094947.0	1781094947.7567759	1	10.0	10.0	8.0	8.0	NeuronSpectrum 10.06.2026 14:49:30	EEG	checkup_149_10.06.2026 14:49:30	500.0	499.6666666666667	True	0.5	40.0	4	True	50.0	30.0	321.6981506347656	30.811786498318664	-522.4955444335938	-71.45363140933615	-364.0312805175781	-38.036292780084715	-440.14013671875	-46.72342754060652	-501.4351806640625	-52.097065569026505	-76.82721710205078	-9.420717705023375	-271.2380676269531	-28.047844228257407	-52.51431655883789	-8.30506104764157	0.0	0.0	0.0	0.0
1.377918004989624	1781094947.0	1781094947.7567778	1	10.0	10.0	8.0	8.0	NeuronSpectrum 10.06.2026 14:49:30	EEG	checkup_149_10.06.2026 14:49:30	500.0	499.6666666666667	True	0.5	40.0	4	True	50.0	30.0	320.4504699707031	29.442030329846315	-520.7228393554688	-69.35840780996364	-363.45355224609375	-37.22607896858615	-439.45343017578125	-45.869063784685636	-500.6156311035156	-50.90118502034496	-77.6147689819336	-10.104641164675359	-271.150390625	-27.926724288455564	-51.09406280517578	-6.9385532106798395	0.0	0.0	0.0	0.0
1.377920389175415	1781094947.0	1781094947.7567801	1	10.0	10.0	8.0	8.0	NeuronSpectrum 10.06.2026 14:49:30	EEG	checkup_149_10.06.2026 14:49:30	500.0	499.6666666666667	True	0.5	40.0	4	True	50.0	30.0	336.2662658691406	24.809757240670567	-546.3356323242188	-61.89398326979668	-382.10784912109375	-32.63662607610924	-462.0205383300781	-40.445032890743	-526.2850341796875	-44.49035988647867	-82.41546630859375	-9.917280931392805	-285.3343505859375	-24.930805102515336	-52.10789489746094	-5.0230762364991195	0.0	0.0	0.0	0.0
1.3779220581054688	1781094947.0	1781094947.7567818	1	10.0	10.0	8.0	8.0	NeuronSpectrum 10.06.2026 14:49:30	EEG	checkup_149_10.06.2026 14:49:30	500.0	499.6666666666667	True	0.5	40.0	4	True	50.0	30.0	363.7560729980469	17.54203199118397	-590.639892578125	-50.059631865241414	-413.8561096191406	-24.917635862192572	-500.4445495605469	-31.23809102315874	-569.9638671875	-33.78707201688975	-89.88711547851562	-8.93613532117952	-309.310546875	-19.55399604958958	-54.876102447509766	-2.769087165670242	0.0	0.0	0.0	0.0
1.3779242038726807	1781094947.0	1781094947.756784	1	10.0	10.0	8.0	8.0	NeuronSpectrum 10.06.2026 14:49:30	EEG	checkup_149_10.06.2026 14:49:30	500.0	499.6666666666667	True	0.5	40.0	4	True	50.0	30.0	381.3437194824219	8.768906005609757	-618.810546875	-35.68932789307229	-434.15179443359375	-15.31373648504665	-525.0726928710938	-19.749193003996186	-597.8402709960938	-20.535100878195905	-94.69322204589844	-7.395895496757144	-324.7866516113281	-12.748321814228536	-56.32133102416992	-0.4309842151201536	0.0	0.0	0.0	0.0
1.3779258728027344	1781094947.0	1781094947.7567856	1	10.0	10.0	8.0	8.0	NeuronSpectrum 10.06.2026 14:49:30	EEG	checkup_149_10.06.2026 14:49:30	500.0	499.6666666666667	True	0.5	40.0	4	True	50.0	30.0	359.9848327636719	0.027631146514177085	-583.9660034179688	-21.291368881824663	-409.9442443847656	-5.555505883485698	-495.9579162597656	-8.060395112737451	-564.4231567382812	-7.144375720270973	-89.6513442993164	-5.662383086523792	-307.0196228027344	-5.832440649881486	-52.238529205322266	1.716438049977108	0.0	0.0	0.0	0.0
1.3779280185699463	1781094947.0	1781094947.7567878	1	10.0	10.0	8.0	8.0	NeuronSpectrum 10.06.2026 14:49:30	EEG	checkup_149_10.06.2026 14:49:30	500.0	499.6666666666667	True	0.5	40.0	4	True	50.0	30.0	280.53924560546875	-7.002259780492495	-455.2275085449219	-9.610405069541756	-319.4500732421875	2.447248748659389	-386.7476806640625	1.5350233381499678	-439.76690673828125	3.7356984484671174	-70.04246520996094	-4.157114390324937	-239.6156768798828	-0.2506345766816376	-39.845489501953125	3.417894098884076	0.0	0.0	0.0	0.0
1.377929449081421	1781094947.0	1781094947.7567892	1	10.0	10.0	8.0	8.0	NeuronSpectrum 10.06.2026 14:49:30	EEG	checkup_149_10.06.2026 14:49:30	500.0	499.6666666666667	True	0.5	40.0	4	True	50.0	30.0	148.66033935546875	-10.896617186670591	-241.7667694091797	-2.9729713051833113	-169.11209106445312	7.0665346525364106	-205.1862030029297	7.086827218463093	-232.80409240722656	9.85369333325406	-37.3056640625	-3.2450274716140375	-127.27911376953125	2.782168914780301	-19.976102828979492	4.4888468980245255	0.0	0.0	0.0	0.0
1.3779313564300537	1781094947.0	1781094947.756791	1	10.0	10.0	8.0	8.0	NeuronSpectrum 10.06.2026 14:49:30	EEG	checkup_149_10.06.2026 14:49:30	500.0	499.6666666666667	True	0.5	40.0	4	True	50.0	30.0	333.30133056640625	-10.873646292200496	-539.8397216796875	-2.6509993640483587	-379.3395690917969	7.405627893941412	-459.3990173339844	7.526629578557219	-522.750732421875	9.975371916188715	-83.41946411132812	-3.125181949672564	-285.6772766113281	2.6224080646701613	-47.151615142822266	4.858783994960599	0.0	0.0	0.0	0.0
1.3779327869415283	1781094947.0	1781094947.7567925	1	10.0	10.0	8.0	8.0	NeuronSpectrum 10.06.2026 14:49:30	EEG	checkup_149_10.06.2026 14:49:30	500.0	499.6666666666667	True	0.5	40.0	4	True	50.0	30.0	332.64141845703125	-6.997489675866227	-538.3999633789062	-8.525060961703902	-378.1141662597656	3.5376706453533657	-457.8828430175781	2.9515165214870662	-521.58935546875	4.210390099623894	-83.00973510742188	-3.7711790799106537	-285.1351013183594	-0.6239757623943509	-47.23823165893555	4.584214928847668	0.0	0.0	0.0	0.0
1.3779346942901611	1781094947.0	1781094947.7567945	1	10.0	10.0	8.0	8.0	NeuronSpectrum 10.06.2026 14:49:30	EEG	checkup_149_10.06.2026 14:49:30	500.0	499.6666666666667	True	0.5	40.0	4	True	50.0	30.0	334.5692443847656	-0.11476040718001868	-541.11328125	-19.184798201585938	-379.6229248046875	-3.5639764538563385	-459.4722900390625	-5.463917234563869	-524.3245849609375	-6.086734654651472	-82.98419952392578	-4.9447630357997765	-286.4295654296875	-6.160474089405083	-47.642887115478516	3.8230685717456905	0.0	0.0	0.0	0.0
1.3779363632202148	1781094947.0	1781094947.7567961	1	10.0	10.0	8.0	8.0	NeuronSpectrum 10.06.2026 14:49:30	EEG	checkup_149_10.06.2026 14:49:30	500.0	499.6666666666667	True	0.5	40.0	4	True	50.0	30.0	338.6285400390625	8.419518719889489	-547.2058715820312	-32.3767428808159	-383.36578369140625	-12.340557584676429	-463.6168212890625	-15.84980187971425	-530.1835327148438	-18.75310555751125	-83.2293472290039	-6.26960653946264	-289.162353515625	-12.747659012907123	-48.13003921508789	2.782970495967968	0.0	0.0	0.0	0.0
1.3779382705688477	1781094947.0	1781094947.756798	1	10.0	10.0	8.0	8.0	NeuronSpectrum 10.06.2026 14:49:30	EEG	checkup_149_10.06.2026 14:49:30	500.0	499.6666666666667	True	0.5	40.0	4	True	50.0	30.0	341.498046875	17.087324158964677	-551.3115234375	-45.57467229544393	-385.62652587890625	-21.049385588838113	-465.916015625	-26.125348747565994	-533.9503173828125	-31.37160523685185	-82.99333953857422	-7.3299323581944344	-290.57647705078125	-19.018683749297512	-48.13855743408203	1.6672160814196513	0.0	0.0	0.0	0.0
1.3779397010803223	1781094947.0	1781094947.7567995	1	10.0	10.0	8.0	8.0	NeuronSpectrum 10.06.2026 14:49:30	EEG	checkup_149_10.06.2026 14:49:30	500.0	499.6666666666667	True	0.5	40.0	4	True	50.0	30.0	338.7824401855469	24.498517348753545	-546.3290405273438	-56.46760702140137	-381.47161865234375	-28.1072518632503	-460.5032043457031	-34.41065461845196	-528.757568359375	-41.74261468159795	-81.27288055419922	-7.760229204466585	-287.0171203613281	-23.751638302823995	-47.09111022949219	0.6383296144687747	0.0	0.0	0.0	0.0
1.377941608428955	1781094947.0	1781094947.7568014	1	10.0	10.0	8.0	8.0	NeuronSpectrum 10.06.2026 14:49:30	EEG	checkup_149_10.06.2026 14:49:30	500.0	499.6666666666667	True	0.5	40.0	4	True	50.0	30.0	329.33441162109375	29.56933061523975	-530.3145751953125	-63.26861441959631	-369.59808349609375	-32.307082883991896	-445.88201904296875	-39.28379640103234	-512.7990112304688	-48.17890858502511	-77.7771224975586	-7.307717271358308	-277.509033203125	-26.04454916062257	-45.03913879394531	-0.1936140333959382	0.0	0.0	0.0	0.0
1.3779432773590088	1781094947.0	1781094947.756803	1	10.0	10.0	8.0	8.0	NeuronSpectrum 10.06.2026 14:49:30	EEG	checkup_149_10.06.2026 14:49:30	500.0	499.6666666666667	True	0.5	40.0	4	True	50.0	30.0	318.7455749511719	31.599350897975256	-512.0655517578125	-64.85720943320794	-356.2677001953125	-32.91633450205851	-429.6726379394531	-39.89470287062758	-494.7545166015625	-49.63684343110035	-73.73148345947266	-5.865321178337238	-266.6779479980469	-25.39677308734376	-43.12409591674805	-0.7635323578024009	0.0	0.0	0.0	0.0
1.3779451847076416	1781094947.0	1781094947.756805	1	10.0	10.0	8.0	8.0	NeuronSpectrum 10.06.2026 14:49:30	EEG	checkup_149_10.06.2026 14:49:30	500.0	499.6666666666667	True	0.5	40.0	4	True	50.0	30.0	317.623046875	30.29832625526821	-508.4256896972656	-60.8329475558353	-353.4095764160156	-29.711353081582242	-426.31732177734375	-36.00248939766789	-491.1390686035156	-45.76079665222504	-71.53777313232422	-3.4829563819318015	-263.3755798339844	-21.73527753199243	-43.20209503173828	-1.038030880766694	0.0	0.0	0.0	0.0
1.3779466152191162	1781094947.0	1781094947.7568064	1	10.0	10.0	8.0	8.0	NeuronSpectrum 10.06.2026 14:49:30	EEG	checkup_149_10.06.2026 14:49:30	500.0	499.6666666666667	True	0.5	40.0	4	True	50.0	30.0	333.4859619140625	25.814540374259384	-531.445068359375	-51.559559149260025	-369.5651550292969	-23.003400594047292	-446.1311950683594	-28.004256100953008	-513.759033203125	-36.91993549832867	-73.00285339355469	-0.3664859874976504	-274.00946044921875	-15.42635933391905	-46.4951057434082	-1.009583960408907	0.0	0.0	0.0	0.0
1.3779487609863281	1781094947.0	1781094947.7568085	1	10.0	10.0	8.0	8.0	NeuronSpectrum 10.06.2026 14:49:30	EEG	checkup_149_10.06.2026 14:49:30	500.0	499.6666666666667	True	0.5	40.0	4	True	50.0	30.0	360.97515869140625	18.77778522943952	-572.8272705078125	-38.21923172901673	-398.91058349609375	-13.670307245926466	-482.0245666503906	-16.972260387137933	-554.5316162109375	-24.258085156905558	-77.1489486694336	3.132971110400212	-294.4258728027344	-7.283556535321641	-52.03881072998047	-0.7038743106541708	0.0	0.0	0.0	0.0
1.3779504299163818	1781094947.0	1781094947.7568102	1	10.0	10.0	8.0	8.0	NeuronSpectrum 10.06.2026 14:49:30	EEG	checkup_149_10.06.2026 14:49:30	500.0	499.6666666666667	True	0.5	40.0	4	True	50.0	30.0	378.6347351074219	10.312379563760732	-598.7721557617188	-22.807460352639872	-417.60260009765625	-3.1453020560596476	-505.08544921875	-4.640366767247076	-580.4500122070312	-9.689922476140312	-79.43472290039062	6.547242553331861	-307.1745300292969	1.4625198519608982	-56.22707748413086	-0.19410844934313323	0.0	0.0	0.0	0.0
1.3779525756835938	1781094947.0	1781094947.7568123	1	10.0	10.0	8.0	8.0	NeuronSpectrum 10.06.2026 14:49:30	EEG	checkup_149_10.06.2026 14:49:30	500.0	499.6666666666667	True	0.5	40.0	4	True	50.0	30.0	357.5703125	1.9390945298918267	-563.6488647460938	-7.943160926607961	-393.4093933105469	6.724264554260018	-476.2431640625	6.766504728134216	-546.9237670898438	4.27859266556437	-73.59467315673828	9.350554387940706	-288.5734558105469	9.29434175365097	-54.25897979736328	0.39290447228613234	0.0	0.0	0.0	0.0
1.3779540061950684	1781094947.0	1781094947.7568138	1	10.0	10.0	8.0	8.0	NeuronSpectrum 10.06.2026 14:49:30	EEG	checkup_149_10.06.2026 14:49:30	500.0	499.6666666666667	True	0.5	40.0	4	True	50.0	30.0	278.7236633300781	-4.690132747166988	-437.35125732421875	3.589557265998083	-305.0076599121094	14.005835343693194	-369.6387634277344	14.930014478503752	-424.4758605957031	14.988076690302897	-55.42085266113281	11.056563121843464	-222.9254150390625	14.67661055632376	-42.9358024597168	0.8929968309058262	0.0	0.0	0.0	0.0
1.3779559135437012	1781094947.0	1781094947.7568157	1	10.0	10.0	8.0	8.0	NeuronSpectrum 10.06.2026 14:49:30	EEG	checkup_149_10.06.2026 14:49:30	500.0	499.6666666666667	True	0.5	40.0	4	True	50.0	30.0	147.69061279296875	-8.187785518374579	-228.78466796875	9.502729800957702	-158.57215881347656	17.150611271393206	-192.72067260742188	18.00553699463482	-221.67884826660156	20.260168562345193	-26.061668395996094	11.337574809889817	-114.76065826416016	16.425103909669073	-23.037511825561523	1.144153226730895	0.0	0.0	0.0	0.0
1.429506778717041	1781094947.0	1781094947.8083665	1	10.0	10.0	8.0	8.0	NeuronSpectrum 10.06.2026 14:49:30	EEG	checkup_149_10.06.2026 14:49:30	500.0	499.6666666666667	True	0.5	40.0	4	True	50.0	30.0	331.9176330566406	-7.813442168286972	-521.625244140625	8.635006363354695	-366.3238830566406	15.436108009667539	-445.3165283203125	15.15687732188988	-507.45806884765625	19.002715142040984	-68.34964752197266	10.127052821339337	-269.4515380859375	14.047977041948204	-51.23600387573242	1.0331323495894553	0.0	0.0	0.0	0.0
1.4295117855072021	1781094947.0	1781094947.8083715	1	10.0	10.0	8.0	8.0	NeuronSpectrum 10.06.2026 14:49:30	EEG	checkup_149_10.06.2026 14:49:30	500.0	499.6666666666667	True	0.5	40.0	4	True	50.0	30.0	331.7330017089844	-3.6716163447734207	-522.1187133789062	1.2729432920908237	-367.8060302734375	9.185122084846675	-447.89990234375	6.819320063372601	-508.3104553222656	11.516413997064406	-70.12352752685547	7.661730939959229	-272.15960693359375	7.910210633087473	-50.41603469848633	0.5262028315417261	0.0	0.0	0.0	0.0
1.429513692855835	1781094947.0	1781094947.8083735	1	10.0	10.0	8.0	8.0	NeuronSpectrum 10.06.2026 14:49:30	EEG	checkup_149_10.06.2026 14:49:30	500.0	499.6666666666667	True	0.5	40.0	4	True	50.0	30.0	334.08831787109375	3.3579776612375354	-527.0629272460938	-10.971229078598851	-372.3038024902344	-0.3335817754594429	-454.13836669921875	-5.42389190909877	-513.3038330078125	-0.6267229056348316	-72.73332214355469	4.442589054310977	-277.48529052734375	-0.8508101923535394	-49.82305145263672	-0.32869143887407676	0.0	0.0	0.0	0.0
1.4295156002044678	1781094947.0	1781094947.8083754	1	10.0	10.0	8.0	8.0	NeuronSpectrum 10.06.2026 14:49:30	EEG	checkup_149_10.06.2026 14:49:30	500.0	499.6666666666667	True	0.5	40.0	4	True	50.0	30.0	338.41571044921875	11.900399990966097	-535.3319091796875	-25.63417019726933	-378.8930969238281	-11.257278095252664	-462.82427978515625	-19.27200854105345	-521.372802734375	-15.043802298699351	-75.64579010009766	1.12924885994213	-284.40936279296875	-10.60983783533849	-49.70649337768555	-1.4229245804346848	0.0	0.0	0.0	0.0
1.4295175075531006	1781094947.0	1781094947.8083773	1	10.0	10.0	8.0	8.0	NeuronSpectrum 10.06.2026 14:49:30	EEG	checkup_149_10.06.2026 14:49:30	500.0	499.6666666666667	True	0.5	40.0	4	True	50.0	30.0	341.3095703125	20.435503250204746	-541.2847900390625	-40.00209571950853	-383.4976806640625	-21.572060064533247	-468.9357604980469	-32.24743862466845	-527.0822143554688	-29.12046794768844	-77.74809265136719	-1.5949575418306459	-289.5888977050781	-19.615852458941767	-49.80805587768555	-2.6157089632227937	0.0	0.0	0.0	0.0
1.4295194149017334	1781094947.0	1781094947.8083792	1	10.0	10.0	8.0	8.0	NeuronSpectrum 10.06.2026 14:49:30	EEG	checkup_149_10.06.2026 14:49:30	500.0	499.6666666666667	True	0.5	40.0	4	True	50.0	30.0	338.3477478027344	27.591022633270423	-537.6387939453125	-51.62904779962444	-380.910888671875	-29.49626694310771	-466.1118469238281	-42.16403755126066	-523.4107666015625	-40.50758501355388	-77.76701354980469	-3.149535383706544	-288.8997802734375	-26.315509682212205	-49.56401062011719	-3.7573852292258803	0.0	0.0	0.0	0.0
1.429521083831787	1781094947.0	1781094947.8083808	1	10.0	10.0	8.0	8.0	NeuronSpectrum 10.06.2026 14:49:30	EEG	checkup_149_10.06.2026 14:49:30	500.0	499.6666666666667	True	0.5	40.0	4	True	50.0	30.0	328.41937255859375	32.31985979113654	-522.2938842773438	-58.66990911605916	-369.59051513671875	-33.728765493665826	-452.4721984863281	-47.43054348451524	-508.3948974609375	-47.43708379704709	-75.18219757080078	-3.150617002868164	-280.9721984863281	-29.575173483921684	-48.74466323852539	-4.704068767966258	0.0	0.0	0.0	0.0
1.42952299118042	1781094947.0	1781094947.8083827	1	10.0	10.0	8.0	8.0	NeuronSpectrum 10.06.2026 14:49:30	EEG	checkup_149_10.06.2026 14:49:30	500.0	499.6666666666667	True	0.5	40.0	4	True	50.0	30.0	317.2003173828125	33.97201240946206	-503.86041259765625	-60.03437539039268	-355.5588073730469	-33.5636049578782	-435.33599853515625	-47.190620087942726	-490.5082702636719	-48.86533312476456	-70.98168182373047	-1.4632670819003584	-270.0567626953125	-28.79559858343508	-48.019508361816406	-5.328152290792347	0.0	0.0	0.0	0.0
1.4295246601104736	1781094947.0	1781094947.8083844	1	10.0	10.0	8.0	8.0	NeuronSpectrum 10.06.2026 14:49:30	EEG	checkup_149_10.06.2026 14:49:30	500.0	499.6666666666667	True	0.5	40.0	4	True	50.0	30.0	315.4093322753906	32.31296853719527	-499.0396423339844	-55.4348933807438	-350.60693359375	-28.92062355282484	-429.0314636230469	-41.359545398728066	-486.08685302734375	-44.51703983489863	-67.39289093017578	1.7847245646834498	-264.7447204589844	-23.949972880813096	-48.762786865234375	-5.532027285074486	0.0	0.0	0.0	0.0
1.4295265674591064	1781094947.0	1781094947.8083863	1	10.0	10.0	8.0	8.0	NeuronSpectrum 10.06.2026 14:49:30	EEG	checkup_149_10.06.2026 14:49:30	500.0	499.6666666666667	True	0.5	40.0	4	True	50.0	30.0	330.6934814453125	27.541850564943825	-520.0059814453125	-45.40745985901152	-363.4796142578125	-20.347218842947882	-444.20416259765625	-30.62473359205086	-506.990234375	-34.9073213683364	-66.32501983642578	6.219567150246584	-271.5820007324219	-15.582731158068242	-51.89537048339844	-5.26944867283077	0.0	0.0	0.0	0.0
1.4295282363891602	1781094947.0	1781094947.808388	1	10.0	10.0	8.0	8.0	NeuronSpectrum 10.06.2026 14:49:30	EEG	checkup_149_10.06.2026 14:49:30	500.0	499.6666666666667	True	0.5	40.0	4	True	50.0	30.0	357.8311767578125	20.324675765040755	-559.0667724609375	-31.329627099583877	-389.1036682128906	-9.009854506111232	-474.7639465332031	-16.433059589897336	-545.614501953125	-21.364981208634344	-67.39346313476562	11.262889066309645	-287.236572265625	-4.783035494342333	-56.454288482666016	-4.5712404510149955	0.0	0.0	0.0	0.0
1.429530143737793	1781094947.0	1781094947.80839	1	10.0	10.0	8.0	8.0	NeuronSpectrum 10.06.2026 14:49:30	EEG	checkup_149_10.06.2026 14:49:30	500.0	499.6666666666667	True	0.5	40.0	4	True	50.0	30.0	375.4930725097656	11.800730542929822	-583.4668579101562	-15.375428121311554	-404.8593444824219	3.3640256437026674	-493.36761474609375	-0.9177795475547463	-569.8367309570312	-5.996176701361899	-67.12364196777344	16.198375968078224	-295.72821044921875	6.89220607350378	-59.134151458740234	-3.563088780447435	0.0	0.0	0.0	0.0
1.4295318126678467	1781094947.0	1781094947.8083916	1	10.0	10.0	8.0	8.0	NeuronSpectrum 10.06.2026 14:49:30	EEG	checkup_149_10.06.2026 14:49:30	500.0	499.6666666666667	True	0.5	40.0	4	True	50.0	30.0	354.8565979003906	3.4828789438538204	-548.6602172851562	-0.2931349026767751	-379.75213623046875	14.669760998657534	-462.5245056152344	13.32689792385163	-536.0208740234375	8.525484847759643	-60.416019439697266	20.26781844759701	-274.97259521484375	17.595243934848966	-55.60484313964844	-2.459020743751664	0.0	0.0	0.0	0.0
1.4295337200164795	1781094947.0	1781094947.8083935	1	10.0	10.0	8.0	8.0	NeuronSpectrum 10.06.2026 14:49:30	EEG	checkup_149_10.06.2026 14:49:30	500.0	499.6666666666667	True	0.5	40.0	4	True	50.0	30.0	276.8287658691406	-3.0037318622594267	-425.0620422363281	11.068689493235441	-293.0593566894531	22.782981280825403	-357.170654296875	23.68188781156688	-415.2046203613281	19.417525253237493	-43.73455810546875	22.79450091125548	-210.18917846679688	25.492200761849148	-43.11161804199219	-1.5204855033927436	0.0	0.0	0.0	0.0
1.4295353889465332	1781094947.0	1781094947.8083951	1	10.0	10.0	8.0	8.0	NeuronSpectrum 10.06.2026 14:49:30	EEG	checkup_149_10.06.2026 14:49:30	500.0	499.6666666666667	True	0.5	40.0	4	True	50.0	30.0	146.84373474121094	-6.30888271106621	-221.11656188964844	16.418558313673195	-150.4895477294922	26.039174539231233	-184.2281951904297	28.087636910517908	-215.6682586669922	24.43041289680302	-17.954980850219727	23.314633276212668	-105.55451965332031	29.151107358058013	-22.67962074279785	-0.9878876684893627	0.0	0.0	0.0	0.0
1.4295377731323242	1781094947.0	1781094947.8083975	1	10.0	10.0	8.0	8.0	NeuronSpectrum 10.06.2026 14:49:30	EEG	checkup_149_10.06.2026 14:49:30	500.0	499.6666666666667	True	0.5	40.0	4	True	50.0	30.0	330.47296142578125	-5.7299646491574485	-510.0765380859375	14.63313847351356	-354.05535888671875	23.671361743024697	-429.9385681152344	25.57851651920545	-498.48406982421875	22.448071470747486	-56.18980407714844	21.67980117078933	-252.2125701904297	27.88840161862525	-50.98843002319336	-1.0097491817605504	0.0	0.0	0.0	0.0
1.4295401573181152	1781094947.0	1781094947.8084	1	10.0	10.0	8.0	8.0	NeuronSpectrum 10.06.2026 14:49:30	EEG	checkup_149_10.06.2026 14:49:30	500.0	499.6666666666667	True	0.5	40.0	4	True	50.0	30.0	330.3489990234375	-1.4014743366283442	-512.6092529296875	6.052885957104213	-357.8087158203125	16.015531751595987	-434.1646728515625	16.536492072562787	-501.1708068847656	13.782780322037123	-59.71365737915039	18.092470591498373	-255.66522216796875	21.931743356034925	-51.04969024658203	-1.5999130942609796	0.0	0.0	0.0	0.0
1.429542064666748	1781094947.0	1781094947.8084018	1	10.0	10.0	8.0	8.0	NeuronSpectrum 10.06.2026 14:49:30	EEG	checkup_149_10.06.2026 14:49:30	500.0	499.6666666666667	True	0.5	40.0	4	True	50.0	30.0	332.55389404296875	5.77901302798071	-519.680908203125	-7.6626416093119785	-365.1650695800781	4.396220685668365	-442.904296875	2.557170925900294	-508.4132385253906	0.04054142904324687	-64.6828842163086	13.05963475684503	-262.6134338378906	12.333930770166102	-51.6218147277832	-2.6390681638268014	0.0	0.0	0.0	0.0
1.4295439720153809	1781094947.0	1781094947.8084037	1	10.0	10.0	8.0	8.0	NeuronSpectrum 10.06.2026 14:49:30	EEG	checkup_149_10.06.2026 14:49:30	500.0	499.6666666666667	True	0.5	40.0	4	True	50.0	30.0	336.6320495605469	14.430414696056165	-529.927001953125	-24.02213736437316	-374.8581237792969	-9.237505877487894	-454.623046875	-13.987947998416903	-518.878173828125	-16.34947609209599	-70.35284423828125	7.28262619630855	-271.8319396972656	0.6900228307373475	-52.5080680847168	-3.913981661703675	0.0	0.0	0.0	0.0
1.4295456409454346	1781094947.0	1781094947.8084054	1	10.0	10.0	8.0	8.0	NeuronSpectrum 10.06.2026 14:49:30	EEG	checkup_149_10.06.2026 14:49:30	500.0	499.6666666666667	True	0.5	40.0	4	True	50.0	30.0	339.34246826171875	23.03417719688868	-537.5606689453125	-40.303457331053586	-382.48529052734375	-22.761442561022335	-463.97760009765625	-30.495418960889246	-526.8553466796875	-32.71884259938548	-75.35694122314453	1.521498539011043	-279.72723388671875	-11.219290617895052	-53.08584976196289	-5.173332129855303	0.0	0.0	0.0	0.0
1.4295475482940674	1781094947.0	1781094947.8084073	1	10.0	10.0	8.0	8.0	NeuronSpectrum 10.06.2026 14:49:30	EEG	checkup_149_10.06.2026 14:49:30	500.0	499.6666666666667	True	0.5	40.0	4	True	50.0	30.0	336.40484619140625	30.222007899666288	-535.3172607421875	-54.05974427366675	-382.6617431640625	-34.26014557253834	-464.421630859375	-44.59807459161951	-525.1622924804688	-46.65417765295985	-78.23253631591797	-3.528539687594216	-282.008544921875	-21.742719901852663	-52.616851806640625	-6.179447438599097	0.0	0.0	0.0	0.0
1.429549217224121	1781094947.0	1781094947.808409	1	10.0	10.0	8.0	8.0	NeuronSpectrum 10.06.2026 14:49:30	EEG	checkup_149_10.06.2026 14:49:30	500.0	499.6666666666667	True	0.5	40.0	4	True	50.0	30.0	326.742919921875	34.94877996896497	-521.3246459960938	-63.431035782029625	-373.9468688964844	-42.270574126119065	-454.1573486328125	-54.46694191728014	-511.9151306152344	-56.3044344591556	-78.47905731201172	-7.325782418092242	-277.3974609375	-29.57111037305025	-50.90898132324219	-6.7446312061458356	0.0	0.0	0.0	0.0
1.429551362991333	1781094947.0	1781094947.8084111	1	10.0	10.0	8.0	8.0	NeuronSpectrum 10.06.2026 14:49:30	EEG	checkup_149_10.06.2026 14:49:30	500.0	499.6666666666667	True	0.5	40.0	4	True	50.0	30.0	315.91522216796875	36.56272389740998	-504.57672119140625	-67.27375662323186	-362.7412109375	-45.89043837858641	-440.8422546386719	-58.95193982387424	-495.9238586425781	-60.51280688404015	-77.35761260986328	-9.530287515751022	-270.534912109375	-33.84607649106063	-48.8290901184082	-6.751052535737028	0.0	0.0	0.0	0.0
1.4295530319213867	1781094947.0	1781094947.8084128	1	10.0	10.0	8.0	8.0	NeuronSpectrum 10.06.2026 14:49:30	EEG	checkup_149_10.06.2026 14:49:30	500.0	499.6666666666667	True	0.5	40.0	4	True	50.0	30.0	314.4129333496094	34.82513630004271	-502.11749267578125	-65.18935145381758	-361.2448425292969	-44.80637133899163	-439.1312561035156	-57.62646459565809	-493.9267578125	-58.851833089136655	-77.43375396728516	-10.019364365099701	-270.439697265625	-34.20119222078555	-48.02732467651367	-6.159891389777022	0.0	0.0	0.0	0.0
1.4295549392700195	1781094947.0	1781094947.8084147	1	10.0	10.0	8.0	8.0	NeuronSpectrum 10.06.2026 14:49:30	EEG	checkup_149_10.06.2026 14:49:30	500.0	499.6666666666667	True	0.5	40.0	4	True	50.0	30.0	329.67303466796875	29.932006347284545	-526.1406860351562	-57.53894637658067	-378.2224426269531	-39.302885070773634	-459.5422668457031	-50.80768013123015	-517.8980102539062	-51.6454699567657	-80.6302719116211	-8.882749116428727	-283.6078796386719	-30.77881408036912	-49.713741302490234	-5.016577717456105	0.0	0.0	0.0	0.0
1.4295568466186523	1781094947.0	1781094947.8084166	1	10.0	10.0	8.0	8.0	NeuronSpectrum 10.06.2026 14:49:30	EEG	checkup_149_10.06.2026 14:49:30	500.0	499.6666666666667	True	0.5	40.0	4	True	50.0	30.0	356.4285888671875	22.551241320958805	-568.4571533203125	-45.47326352606524	-407.9096984863281	-30.2739183063519	-495.0870056152344	-39.577009551479	-559.7640380859375	-40.0052464363716	-85.91204071044922	-6.4052650247896645	-305.7498779296875	-24.238700882810782	-53.18971252441406	-3.4543308538526474	0.0	0.0	0.0	0.0
1.4295587539672852	1781094947.0	1781094947.8084185	1	10.0	10.0	8.0	8.0	NeuronSpectrum 10.06.2026 14:49:30	EEG	checkup_149_10.06.2026 14:49:30	500.0	499.6666666666667	True	0.5	40.0	4	True	50.0	30.0	373.5365295410156	13.831790354643788	-595.3840942382812	-30.91715207143806	-426.37786865234375	-19.19627187804722	-516.9030151367188	-25.750154479376842	-586.3773803710938	-25.819551167847145	-88.52820587158203	-3.0342009345966994	-319.104736328125	-15.729855631522744	-55.35588073730469	-1.6904921659579255	0.0	0.0	0.0	0.0
1.429560661315918	1781094947.0	1781094947.8084204	1	10.0	10.0	8.0	8.0	NeuronSpectrum 10.06.2026 14:49:30	EEG	checkup_149_10.06.2026 14:49:30	500.0	499.6666666666667	True	0.5	40.0	4	True	50.0	30.0	352.51385498046875	5.304432491644179	-561.4195556640625	-16.38880477578509	-401.3041687011719	-7.9827809365664555	-486.05255126953125	-11.69656143154123	-552.9762573242188	-11.577295931330905	-82.02400970458984	0.6791358441028064	-299.7394714355469	-6.767195327978397	-51.97887420654297	-0.0050630945724497445	0.0	0.0	0.0	0.0
1.4295623302459717	1781094947.0	1781094947.808422	1	10.0	10.0	8.0	8.0	NeuronSpectrum 10.06.2026 14:49:30	EEG	checkup_149_10.06.2026 14:49:30	500.0	499.6666666666667	True	0.5	40.0	4	True	50.0	30.0	274.5699462890625	-1.3815250295079409	-436.52850341796875	-4.569641799082943	-311.4312438964844	1.3413207536376865	-376.99273681640625	0.05995075438459596	-430.0354919433594	0.05688414618002091	-62.23741912841797	4.169786323044943	-232.03370666503906	1.0260622654898033	-40.235836029052734	1.30559189038704	0.0	0.0	0.0	0.0
1.4295642375946045	1781094947.0	1781094947.808424	1	10.0	10.0	8.0	8.0	NeuronSpectrum 10.06.2026 14:49:30	EEG	checkup_149_10.06.2026 14:49:30	500.0	499.6666666666667	True	0.5	40.0	4	True	50.0	30.0	145.21820068359375	-4.849571500175619	-229.5459747314453	2.3168572251843367	-163.22222900390625	7.094649676892215	-197.6389617919922	7.405068608169534	-226.28811645507812	6.858158206321748	-30.697162628173828	6.96882656669622	-121.02940368652344	6.274852598489279	-20.906360626220703	1.993630497318117	0.0	0.0	0.0	0.0
1.4804596900939941	1781094947.0	1781094947.8593194	1	10.0	10.0	8.0	8.0	NeuronSpectrum 10.06.2026 14:49:30	EEG	checkup_149_10.06.2026 14:49:30	500.0	499.6666666666667	True	0.5	40.0	4	True	50.0	30.0	327.00823974609375	-4.374185348917884	-518.8594360351562	3.095461324153122	-368.62957763671875	8.36883550857295	-444.9201354980469	9.167601234891283	-510.7136535644531	7.628539379890421	-71.59400177001953	8.798605790076298	-273.11627197265625	8.1869304871224	-47.9480094909668	1.9217389827804363	0.0	0.0	0.0	0.0
1.4804656505584717	1781094947.0	1781094947.8593254	1	10.0	10.0	8.0	8.0	NeuronSpectrum 10.06.2026 14:49:30	EEG	checkup_149_10.06.2026 14:49:30	500.0	499.6666666666667	True	0.5	40.0	4	True	50.0	30.0	326.9921569824219	-0.07613112233571506	-517.2962646484375	-2.0661175796156206	-366.9471130371094	5.241584601944554	-442.53387451171875	5.391843198642402	-509.2606201171875	2.4937369002640764	-69.84303283691406	9.616083821113165	-270.7650451660156	6.724054492855593	-47.96488952636719	1.096786012960568	0.0	0.0	0.0	0.0
1.4804680347442627	1781094947.0	1781094947.8593278	1	10.0	10.0	8.0	8.0	NeuronSpectrum 10.06.2026 14:49:30	EEG	checkup_149_10.06.2026 14:49:30	500.0	499.6666666666667	True	0.5	40.0	4	True	50.0	30.0	329.56781005859375	7.147138515501263	-519.3284301757812	-11.78205908863457	-368.05999755859375	-1.313983416007376	-444.02325439453125	-2.7603838017891387	-511.51611328125	-7.2133950699456175	-68.68575286865234	9.58906935916772	-270.6758728027344	2.54383718415045	-48.452880859375	-0.33730410420735213	0.0	0.0	0.0	0.0
1.4804699420928955	1781094947.0	1781094947.8593297	1	10.0	10.0	8.0	8.0	NeuronSpectrum 10.06.2026 14:49:30	EEG	checkup_149_10.06.2026 14:49:30	500.0	499.6666666666667	True	0.5	40.0	4	True	50.0	30.0	334.1494140625	15.899839585432614	-524.2318115234375	-23.897732050183443	-371.4574890136719	-9.754657742047588	-448.7637634277344	-13.39768358416355	-516.7328491210938	-19.39035576328473	-68.07756042480469	9.02255837248107	-272.5939025878906	-3.2370191744912873	-49.38528823852539	-2.139557501257637	0.0	0.0	0.0	0.0
1.4804720878601074	1781094947.0	1781094947.8593318	1	10.0	10.0	8.0	8.0	NeuronSpectrum 10.06.2026 14:49:30	EEG	checkup_149_10.06.2026 14:49:30	500.0	499.6666666666667	True	0.5	40.0	4	True	50.0	30.0	337.345947265625	24.636937261353992	-526.9878540039062	-36.04087330868719	-373.51507568359375	-18.36691997793618	-452.22540283203125	-24.38551505693882	-519.8903198242188	-31.705062820033213	-67.38622283935547	8.270312239998855	-273.88336181640625	-9.339714526188848	-50.30519104003906	-4.024997379373874	0.0	0.0	0.0	0.0
1.4804737567901611	1781094947.0	1781094947.8593335	1	10.0	10.0	8.0	8.0	NeuronSpectrum 10.06.2026 14:49:30	EEG	checkup_149_10.06.2026 14:49:30	500.0	499.6666666666667	True	0.5	40.0	4	True	50.0	30.0	334.7557067871094	31.958631779767195	-521.008544921875	-46.07608801055628	-369.4504699707031	-25.59816308326771	-448.38226318359375	-33.75829727265457	-514.4155883789062	-42.04324286642337	-65.74737548828125	7.662112106883952	-270.95733642578125	-14.574722996901519	-50.55830383300781	-5.712810257507344	0.0	0.0	0.0	0.0
1.480475902557373	1781094947.0	1781094947.8593357	1	10.0	10.0	8.0	8.0	NeuronSpectrum 10.06.2026 14:49:30	EEG	checkup_149_10.06.2026 14:49:30	500.0	499.6666666666667	True	0.5	40.0	4	True	50.0	30.0	325.2333679199219	36.79166803593	-504.7068786621094	-52.37354761990643	-358.0416564941406	-30.254588045018203	-435.49786376953125	-39.97660012607095	-498.7157287597656	-48.77526852802336	-62.92354965209961	7.460074953379995	-262.7733154296875	-17.999053756107287	-49.89860534667969	-6.961255512503871	0.0	0.0	0.0	0.0
1.4804775714874268	1781094947.0	1781094947.8593373	1	10.0	10.0	8.0	8.0	NeuronSpectrum 10.06.2026 14:49:30	EEG	checkup_149_10.06.2026 14:49:30	500.0	499.6666666666667	True	0.5	40.0	4	True	50.0	30.0	314.3215637207031	38.466845735647404	-486.77520751953125	-53.91245569514212	-345.4324645996094	-31.579637542947943	-420.8133239746094	-42.04198570501236	-481.4212951660156	-50.86242204777559	-59.99504852294922	7.840804335806802	-253.6838836669922	-18.988086096908564	-48.99168014526367	-7.590243669680545	0.0	0.0	0.0	0.0
1.4804799556732178	1781094947.0	1781094947.8593397	1	10.0	10.0	8.0	8.0	NeuronSpectrum 10.06.2026 14:49:30	EEG	checkup_149_10.06.2026 14:49:30	500.0	499.6666666666667	True	0.5	40.0	4	True	50.0	30.0	312.5440673828125	36.742612395314126	-483.5003662109375	-50.30397881456429	-343.2424011230469	-29.27304911716459	-418.3174743652344	-39.53725437091908	-478.7171630859375	-47.88566851121695	-59.017581939697266	8.890604043927217	-252.1057891845703	-17.263872075853318	-49.1936149597168	-7.497509233931882	0.0	0.0	0.0	0.0
1.4804821014404297	1781094947.0	1781094947.8593419	1	10.0	10.0	8.0	8.0	NeuronSpectrum 10.06.2026 14:49:30	EEG	checkup_149_10.06.2026 14:49:30	500.0	499.6666666666667	True	0.5	40.0	4	True	50.0	30.0	327.421630859375	31.826024768817163	-506.362060546875	-41.819018940813535	-359.71307373046875	-23.51157317662563	-438.0423278808594	-32.661733827894004	-502.01983642578125	-40.08048884501169	-61.42547607421875	10.600763250984555	-264.050537109375	-12.922089626251728	-51.438053131103516	-6.673642992273864	0.0	0.0	0.0	0.0
1.4804835319519043	1781094947.0	1781094947.8593433	1	10.0	10.0	8.0	8.0	NeuronSpectrum 10.06.2026 14:49:30	EEG	checkup_149_10.06.2026 14:49:30	500.0	499.6666666666667	True	0.5	40.0	4	True	50.0	30.0	353.8260192871094	24.405253917118475	-547.1033325195312	-29.445315393537697	-389.0161437988281	-14.989313597142013	-473.0855407714844	-22.28102253101804	-543.1387329101562	-28.400828707633938	-66.11581420898438	12.858437500915734	-285.2696838378906	-6.468433395280306	-54.891361236572266	-5.215403693134483	0.0	0.0	0.0	0.0
1.480485439300537	1781094947.0	1781094947.8593452	1	10.0	10.0	8.0	8.0	NeuronSpectrum 10.06.2026 14:49:30	EEG	checkup_149_10.06.2026 14:49:30	500.0	499.6666666666667	True	0.5	40.0	4	True	50.0	30.0	370.7879333496094	15.651831723223422	-572.8775024414062	-14.907699743720471	-407.73724365234375	-4.931094288980119	-495.28741455078125	-9.934954023218575	-569.4388427734375	-14.545203891747716	-68.84052276611328	15.441362831394294	-298.6408996582031	1.1712252303120065	-56.534427642822266	-3.328842897511378	0.0	0.0	0.0	0.0
1.48048734664917	1781094947.0	1781094947.859347	1	10.0	10.0	8.0	8.0	NeuronSpectrum 10.06.2026 14:49:30	EEG	checkup_149_10.06.2026 14:49:30	500.0	499.6666666666667	True	0.5	40.0	4	True	50.0	30.0	349.9761962890625	7.114974509578529	-539.535888671875	-0.5266273798931693	-384.3243713378906	5.009718219729819	-466.5995788574219	2.3009639181995167	-537.024658203125	-0.8197662036939117	-63.93500518798828	18.03317899705051	-281.06573486328125	8.73198572878681	-52.404327392578125	-1.3095721440307337	0.0	0.0	0.0	0.0
1.4804890155792236	1781094947.0	1781094947.8593488	1	10.0	10.0	8.0	8.0	NeuronSpectrum 10.06.2026 14:49:30	EEG	checkup_149_10.06.2026 14:49:30	500.0	499.6666666666667	True	0.5	40.0	4	True	50.0	30.0	272.6520690917969	0.45444071252642637	-418.032470703125	11.173936244447841	-297.9400939941406	13.032065350472575	-361.8619079589844	12.173117303275982	-416.9652099609375	10.250970678745677	-47.718017578125	20.272129297984606	-217.28677368164062	14.827285461076759	-40.017372131347656	0.5074462665574203	0.0	0.0	0.0	0.0
1.4804909229278564	1781094947.0	1781094947.8593507	1	10.0	10.0	8.0	8.0	NeuronSpectrum 10.06.2026 14:49:30	EEG	checkup_149_10.06.2026 14:49:30	500.0	499.6666666666667	True	0.5	40.0	4	True	50.0	30.0	144.23118591308594	-2.9510652679691174	-217.01812744140625	18.057412013557933	-154.63829040527344	17.609585757401526	-188.379150390625	17.77713093776367	-217.75848388671875	16.514768091954885	-21.372859954833984	21.82790084775276	-111.76114654541016	18.2726308461505	-20.40386199951172	1.8213814475690144	0.0	0.0	0.0	0.0
1.4804925918579102	1781094947.0	1781094947.8593524	1	10.0	10.0	8.0	8.0	NeuronSpectrum 10.06.2026 14:49:30	EEG	checkup_149_10.06.2026 14:49:30	500.0	499.6666666666667	True	0.5	40.0	4	True	50.0	30.0	325.22064208984375	-2.3794157708984525	-496.7444152832031	18.95022891556396	-354.9701843261719	17.901780770583365	-430.9956359863281	18.066510162296943	-495.8247375488281	16.770800174795113	-56.81302261352539	22.48011536653827	-259.3254699707031	18.400450133246647	-45.938690185546875	2.438726264718316	0.0	0.0	0.0	0.0
1.4804942607879639	1781094947.0	1781094947.859354	1	10.0	10.0	8.0	8.0	NeuronSpectrum 10.06.2026 14:49:30	EEG	checkup_149_10.06.2026 14:49:30	500.0	499.6666666666667	True	0.5	40.0	4	True	50.0	30.0	325.3452453613281	2.043567996824814	-494.9173278808594	13.943197866697346	-354.2826232910156	13.969241584125811	-430.5138244628906	13.116883916819244	-494.58001708984375	11.078799965796495	-56.20914077758789	22.16543122784565	-259.0748596191406	15.227690614209704	-45.23966979980469	2.3179813071587936	0.0	0.0	0.0	0.0
1.4804964065551758	1781094947.0	1781094947.8593562	1	10.0	10.0	8.0	8.0	NeuronSpectrum 10.06.2026 14:49:30	EEG	checkup_149_10.06.2026 14:49:30	500.0	499.6666666666667	True	0.5	40.0	4	True	50.0	30.0	328.019775390625	9.417132889789258	-497.0080261230469	4.2937051382214015	-356.2946472167969	6.70406025594778	-433.4618835449219	4.037966023585426	-497.42327880859375	0.6719481907640346	-56.34496307373047	20.976485134147485	-261.07196044921875	9.409178037324516	-45.26447296142578	1.5704929813368746	0.0	0.0	0.0	0.0
1.4804980754852295	1781094947.0	1781094947.8593578	1	10.0	10.0	8.0	8.0	NeuronSpectrum 10.06.2026 14:49:30	EEG	checkup_149_10.06.2026 14:49:30	500.0	499.6666666666667	True	0.5	40.0	4	True	50.0	30.0	332.6985778808594	18.34576099323469	-502.3946228027344	-7.985055958788988	-360.5139465332031	-2.4625808019999145	-439.1215515136719	-7.390264734586015	-503.74127197265625	-12.443408850248124	-57.19971466064453	19.122115507430674	-264.9139404296875	2.0218849272889217	-45.92364501953125	0.4229420843537657	0.0	0.0	0.0	0.0
1.4804997444152832	1781094947.0	1781094947.8593595	1	10.0	10.0	8.0	8.0	NeuronSpectrum 10.06.2026 14:49:30	EEG	checkup_149_10.06.2026 14:49:30	500.0	499.6666666666667	True	0.5	40.0	4	True	50.0	30.0	336.0374755859375	27.288122040943264	-506.1324462890625	-20.637620389459663	-363.4031066894531	-11.925212139478033	-443.07342529296875	-19.172269771888335	-508.5404357910156	-25.994596119156142	-58.15496063232422	16.87357480576568	-267.8930358886719	-5.708587915880877	-46.65287399291992	-0.8397020728116089	0.0	0.0	0.0	0.0
1.480501413345337	1781094947.0	1781094947.8593612	1	10.0	10.0	8.0	8.0	NeuronSpectrum 10.06.2026 14:49:30	EEG	checkup_149_10.06.2026 14:49:30	500.0	499.6666666666667	True	0.5	40.0	4	True	50.0	30.0	333.6672668457031	34.8497023291284	-501.6513671875	-31.594105305907238	-360.31707763671875	-20.206787262282226	-439.586669921875	-29.47631461708698	-505.15740966796875	-37.86996005177955	-58.353660583496094	14.518393944961218	-266.4635009765625	-12.638916778756428	-46.68049621582031	-1.9318197211132166	0.0	0.0	0.0	0.0
1.4805035591125488	1781094947.0	1781094947.8593633	1	10.0	10.0	8.0	8.0	NeuronSpectrum 10.06.2026 14:49:30	EEG	checkup_149_10.06.2026 14:49:30	500.0	499.6666666666667	True	0.5	40.0	4	True	50.0	30.0	324.44964599609375	39.961079915660996	-487.2831726074219	-39.227927003191624	-350.1787414550781	-26.139718488011187	-427.3290100097656	-36.8632058832723	-491.8203430175781	-46.382700891900676	-57.578365325927734	12.330444809061568	-259.7593078613281	-17.850667495602373	-45.65496063232422	-2.613964368047422	0.0	0.0	0.0	0.0
1.4805054664611816	1781094947.0	1781094947.8593652	1	10.0	10.0	8.0	8.0	NeuronSpectrum 10.06.2026 14:49:30	EEG	checkup_149_10.06.2026 14:49:30	500.0	499.6666666666667	True	0.5	40.0	4	True	50.0	30.0	313.90924072265625	41.95201562697892	-471.5220642089844	-42.46321552042528	-339.2238464355469	-28.940693083332295	-413.9273986816406	-40.38104491038658	-476.94342041015625	-50.389582053686524	-56.94832992553711	10.552106391501015	-252.40835571289062	-20.714223693058887	-44.171226501464844	-2.7255971891026425	0.0	0.0	0.0	0.0
1.4805071353912354	1781094947.0	1781094947.859367	1	10.0	10.0	8.0	8.0	NeuronSpectrum 10.06.2026 14:49:30	EEG	checkup_149_10.06.2026 14:49:30	500.0	499.6666666666667	True	0.5	40.0	4	True	50.0	30.0	312.5360412597656	40.572158376447945	-470.3880920410156	-40.81219844217457	-339.0472106933594	-28.23796940023212	-413.57501220703125	-39.596573647203634	-476.50286865234375	-49.34210474948186	-58.53257751464844	9.377935315064878	-253.0652618408203	-20.91586080437334	-43.591129302978516	-2.205649615658317	0.0	0.0	0.0	0.0
1.4805090427398682	1781094947.0	1781094947.8593688	1	10.0	10.0	8.0	8.0	NeuronSpectrum 10.06.2026 14:49:30	EEG	checkup_149_10.06.2026 14:49:30	500.0	499.6666666666667	True	0.5	40.0	4	True	50.0	30.0	327.81207275390625	36.0105144364181	-495.14398193359375	-34.42201225482782	-357.7089538574219	-24.10862361786129	-436.1780700683594	-34.6337433685394	-501.73675537109375	-43.346435907723595	-63.656742095947266	8.931013233768208	-267.73748779296875	-18.489329253901236	-44.98099899291992	-1.103795991236141	0.0	0.0	0.0	0.0
1.4805107116699219	1781094947.0	1781094947.8593705	1	10.0	10.0	8.0	8.0	NeuronSpectrum 10.06.2026 14:49:30	EEG	checkup_149_10.06.2026 14:49:30	500.0	499.6666666666667	True	0.5	40.0	4	True	50.0	30.0	354.57177734375	28.92847264886364	-537.489501953125	-24.1500851110993	-389.062255859375	-17.138833909892078	-474.33221435546875	-26.237424168434803	-544.3118286132812	-33.24828193120574	-70.90235900878906	9.232673472109528	-291.78118896484375	-13.860902664481939	-47.78137969970703	0.41789956700936925	0.0	0.0	0.0	0.0
1.4805126190185547	1781094947.0	1781094947.8593724	1	10.0	10.0	8.0	8.0	NeuronSpectrum 10.06.2026 14:49:30	EEG	checkup_149_10.06.2026 14:49:30	500.0	499.6666666666667	True	0.5	40.0	4	True	50.0	30.0	371.81298828125	20.464792354741206	-564.7442016601562	-11.598580483171848	-409.33428955078125	-8.455506879851635	-499.1340637207031	-15.802014911965998	-571.5003051757812	-20.67104051014836	-75.52227783203125	10.1790168615341	-307.34588623046875	-7.869312621648194	-49.31827163696289	2.0984129255384696	0.0	0.0	0.0	0.0
1.4805142879486084	1781094947.0	1781094947.859374	1	10.0	10.0	8.0	8.0	NeuronSpectrum 10.06.2026 14:49:30	EEG	checkup_149_10.06.2026 14:49:30	500.0	499.6666666666667	True	0.5	40.0	4	True	50.0	30.0	351.1781921386719	12.134609738590045	-533.0346069335938	1.017866487988043	-386.72564697265625	0.36344409939784433	-471.8551940917969	-5.254738621147505	-539.3987426757812	-7.880522506204759	-71.35005950927734	11.544963066176546	-290.587890625	-1.6922493917049337	-45.889190673828125	3.6140371110092233	0.0	0.0	0.0	0.0
1.4805161952972412	1781094947.0	1781094947.859376	1	10.0	10.0	8.0	8.0	NeuronSpectrum 10.06.2026 14:49:30	EEG	checkup_149_10.06.2026 14:49:30	500.0	499.6666666666667	True	0.5	40.0	4	True	50.0	30.0	273.9139709472656	5.568174282709911	-413.50836181640625	11.259102151215343	-300.3956298828125	7.565328989276664	-367.0626220703125	3.2838348520853415	-419.19476318359375	2.611212012958675	-54.473106384277344	13.030109180992765	-225.9180908203125	3.367473463543455	-35.01953887939453	4.640014908404524	0.0	0.0	0.0	0.0
1.4805176258087158	1781094947.0	1781094947.8593774	1	10.0	10.0	8.0	8.0	NeuronSpectrum 10.06.2026 14:49:30	EEG	checkup_149_10.06.2026 14:49:30	500.0	499.6666666666667	True	0.5	40.0	4	True	50.0	30.0	145.44024658203125	2.1252412559622966	-214.77484130859375	17.047655373469993	-156.66944885253906	11.647616911870578	-192.3754425048828	8.015329995144706	-219.63427734375	8.647485455286695	-26.315874099731445	14.339407609151559	-118.14927673339844	6.205403430618426	-17.431175231933594	4.926796939294978	0.0	0.0	0.0	0.0
1.5313911437988281	1781094947.0	1781094947.910251	1	10.0	10.0	8.0	8.0	NeuronSpectrum 10.06.2026 14:49:30	EEG	checkup_149_10.06.2026 14:49:30	500.0	499.6666666666667	True	0.5	40.0	4	True	50.0	30.0	326.4425964355469	2.5244120770340026	-493.033447265625	17.24286078568719	-357.39068603515625	11.77572778450897	-437.1512451171875	7.966014774211647	-498.3824462890625	9.015766356535767	-63.56858825683594	15.267646099063768	-268.8238220214844	6.229555126348495	-42.88136672973633	4.366502547994699	0.0	0.0	0.0	0.0
1.5313975811004639	1781094947.0	1781094947.9102573	1	10.0	10.0	8.0	8.0	NeuronSpectrum 10.06.2026 14:49:30	EEG	checkup_149_10.06.2026 14:49:30	500.0	499.6666666666667	True	0.5	40.0	4	True	50.0	30.0	326.3742370605469	6.654335189812629	-491.6849365234375	11.941098705100597	-356.14166259765625	8.004683636096289	-435.9482116699219	3.2476973075414475	-496.8923645019531	3.7605416880098987	-62.069435119628906	15.749455038986213	-268.07568359375	3.5221022299910425	-43.82836151123047	3.0230867439186166	0.0	0.0	0.0	0.0
1.531400442123413	1781094947.0	1781094947.9102602	1	10.0	10.0	8.0	8.0	NeuronSpectrum 10.06.2026 14:49:30	EEG	checkup_149_10.06.2026 14:49:30	500.0	499.6666666666667	True	0.5	40.0	4	True	50.0	30.0	328.70947265625	13.646148004013247	-494.1235656738281	2.3764780906696386	-357.73260498046875	1.2119574168033804	-437.9367370605469	-5.033500793708241	-499.4309387207031	-5.907876922807787	-61.10182571411133	15.85482485833096	-269.309814453125	-1.220697399418568	-45.37541580200195	1.114284809741197	0.0	0.0	0.0	0.0
1.531402826309204	1781094947.0	1781094947.9102626	1	10.0	10.0	8.0	8.0	NeuronSpectrum 10.06.2026 14:49:30	EEG	checkup_149_10.06.2026 14:49:30	500.0	499.6666666666667	True	0.5	40.0	4	True	50.0	30.0	332.91522216796875	22.14961747057656	-499.68377685546875	-9.492336593679854	-361.7272644042969	-7.198352888975138	-442.5627136230469	-15.145024287489703	-505.3233947753906	-18.024146452229857	-60.67501449584961	15.739910650538125	-272.06707763671875	-6.923410343244383	-47.25473403930664	-1.044984421071694	0.0	0.0	0.0	0.0
1.5314044952392578	1781094947.0	1781094947.9102643	1	10.0	10.0	8.0	8.0	NeuronSpectrum 10.06.2026 14:49:30	EEG	checkup_149_10.06.2026 14:49:30	500.0	499.6666666666667	True	0.5	40.0	4	True	50.0	30.0	335.7058410644531	30.67506879061827	-503.3262939453125	-21.498446413130107	-364.4548645019531	-15.668856601471568	-445.42401123046875	-25.186687407317734	-509.44921875	-30.387537379485405	-60.11838150024414	15.581408709320009	-273.5130615234375	-12.424521256765377	-48.78831481933594	-3.114633809787163	0.0	0.0	0.0	0.0
1.5314068794250488	1781094947.0	1781094947.9102666	1	10.0	10.0	8.0	8.0	NeuronSpectrum 10.06.2026 14:49:30	EEG	checkup_149_10.06.2026 14:49:30	500.0	499.6666666666667	True	0.5	40.0	4	True	50.0	30.0	332.8101501464844	37.87724782306242	-498.3893127441406	-31.69565573386821	-361.0071105957031	-22.801970084246264	-440.66790771484375	-33.47203307597079	-505.0205993652344	-40.99887160554648	-58.48310852050781	15.521453796213983	-269.9613342285156	-16.720476291536635	-49.182743072509766	-4.794241707943473	0.0	0.0	0.0	0.0
1.5314090251922607	1781094947.0	1781094947.9102688	1	10.0	10.0	8.0	8.0	NeuronSpectrum 10.06.2026 14:49:30	EEG	checkup_149_10.06.2026 14:49:30	500.0	499.6666666666667	True	0.5	40.0	4	True	50.0	30.0	323.1982727050781	42.72492857227918	-483.2132873535156	-38.612490976228926	-350.06512451171875	-27.548274778716383	-426.7978515625	-38.754132338872566	-490.26513671875	-48.32551655612858	-55.51380920410156	15.636875787767108	-260.4844055175781	-19.10878617043732	-48.17470169067383	-5.867348918612979	0.0	0.0	0.0	0.0
1.5314109325408936	1781094947.0	1781094947.9102707	1	10.0	10.0	8.0	8.0	NeuronSpectrum 10.06.2026 14:49:30	EEG	checkup_149_10.06.2026 14:49:30	500.0	499.6666666666667	True	0.5	40.0	4	True	50.0	30.0	312.4718933105469	44.56841645825477	-466.494873046875	-41.348517444779006	-337.82879638671875	-29.280514468203165	-411.3939208984375	-40.30968568157839	-473.8356628417969	-51.409588934547784	-52.45647048950195	15.932494086390808	-249.8388671875	-19.235959766556174	-46.546119689941406	-6.222566539289333	0.0	0.0	0.0	0.0
1.5314130783081055	1781094947.0	1781094947.9102728	1	10.0	10.0	8.0	8.0	NeuronSpectrum 10.06.2026 14:49:30	EEG	checkup_149_10.06.2026 14:49:30	500.0	499.6666666666667	True	0.5	40.0	4	True	50.0	30.0	311.13458251953125	43.15731563924602	-464.6601257324219	-39.59255597491657	-336.1727294921875	-27.808589361969524	-408.86090087890625	-37.950349318061285	-472.1937561035156	-49.896881100584224	-51.7329216003418	16.34881695191098	-247.08116149902344	-17.09203664565473	-45.884315490722656	-5.85667475641434	0.0	0.0	0.0	0.0
1.5314147472381592	1781094947.0	1781094947.9102745	1	10.0	10.0	8.0	8.0	NeuronSpectrum 10.06.2026 14:49:30	EEG	checkup_149_10.06.2026 14:49:30	500.0	499.6666666666667	True	0.5	40.0	4	True	50.0	30.0	326.6162414550781	38.66140064066271	-489.4532470703125	-33.64428640472887	-353.6931457519531	-23.392937081576495	-429.5977783203125	-32.032548518221205	-497.1449279785156	-44.066187424089186	-55.193878173828125	16.77274572174645	-258.874755859375	-12.997534589122997	-47.41802978515625	-4.8675985725578945	0.0	0.0	0.0	0.0
1.531416893005371	1781094947.0	1781094947.9102767	1	10.0	10.0	8.0	8.0	NeuronSpectrum 10.06.2026 14:49:30	EEG	checkup_149_10.06.2026 14:49:30	500.0	499.6666666666667	True	0.5	40.0	4	True	50.0	30.0	353.6644287109375	31.708977628278447	-532.8975830078125	-24.462785366740352	-384.7983703613281	-16.773061776932785	-466.8171691894531	-23.487228030144433	-540.71337890625	-34.881252806208686	-61.93608093261719	17.046091664384072	-281.31396484375	-7.600288365459995	-50.59165573120117	-3.4421097913123933	0.0	0.0	0.0	0.0
1.531418800354004	1781094947.0	1781094947.9102786	1	10.0	10.0	8.0	8.0	NeuronSpectrum 10.06.2026 14:49:30	EEG	checkup_149_10.06.2026 14:49:30	500.0	499.6666666666667	True	0.5	40.0	4	True	50.0	30.0	371.2012939453125	23.399745605689898	-562.263427734375	-13.678028245710452	-405.98675537109375	-9.16613381616973	-492.0664978027344	-13.815339628847903	-570.0607299804688	-24.000671166597364	-67.47732543945312	16.977366158978082	-297.07025146484375	-1.854337225417376	-52.55290222167969	-1.8365392545234285	0.0	0.0	0.0	0.0
1.5314207077026367	1781094947.0	1781094947.9102805	1	10.0	10.0	8.0	8.0	NeuronSpectrum 10.06.2026 14:49:30	EEG	checkup_149_10.06.2026 14:49:30	500.0	499.6666666666667	True	0.5	40.0	4	True	50.0	30.0	350.8375549316406	15.212211771244576	-533.203857421875	-3.4447035347054484	-385.25506591796875	-2.150746436820807	-466.6248779296875	-4.946002049149509	-540.66357421875	-13.625179097567754	-65.49542999267578	16.369556591474446	-282.3116455078125	3.077400896570861	-49.32233428955078	-0.34393865205784974	0.0	0.0	0.0	0.0
1.5314228534698486	1781094947.0	1781094947.9102826	1	10.0	10.0	8.0	8.0	NeuronSpectrum 10.06.2026 14:49:30	EEG	checkup_149_10.06.2026 14:49:30	500.0	499.6666666666667	True	0.5	40.0	4	True	50.0	30.0	273.8318176269531	8.749288265516107	-416.1446838378906	3.946129246771775	-301.13604736328125	2.622407720191186	-364.53631591796875	1.1137557979215038	-422.8214416503906	-6.099017585915588	-51.51057815551758	15.072047178586276	-220.8404541015625	6.037190092426125	-38.207096099853516	0.7562675237474332	0.0	0.0	0.0	0.0
1.5314245223999023	1781094947.0	1781094947.9102843	1	10.0	10.0	8.0	8.0	NeuronSpectrum 10.06.2026 14:49:30	EEG	checkup_149_10.06.2026 14:49:30	500.0	499.6666666666667	True	0.5	40.0	4	True	50.0	30.0	145.6299285888672	5.356341094435365	-219.0441131591797	6.642655165143024	-159.19024658203125	3.8506497461287124	-192.5513458251953	2.78704293081907	-224.5345458984375	-3.322559571538282	-26.172340393066406	13.04692752674478	-116.42803955078125	6.171857191245205	-19.9086971282959	1.2587978845674155	0.0	0.0	0.0	0.0
1.5823488235473633	1781094947.0	1781094947.9612086	1	10.0	10.0	8.0	8.0	NeuronSpectrum 10.06.2026 14:49:30	EEG	checkup_149_10.06.2026 14:49:30	500.0	499.6666666666667	True	0.5	40.0	4	True	50.0	30.0	325.9833679199219	5.750182448385156	-503.0608215332031	3.78058477239951	-365.8174133300781	0.9733382613419095	-442.25885009765625	-0.5966624667674905	-510.0716247558594	-6.193923103528361	-68.90252685546875	10.41988232797473	-270.795166015625	3.2035902691975897	-46.293060302734375	1.0830064088955713	0.0	0.0	0.0	0.0
1.5823557376861572	1781094947.0	1781094947.9612155	1	10.0	10.0	8.0	8.0	NeuronSpectrum 10.06.2026 14:49:30	EEG	checkup_149_10.06.2026 14:49:30	500.0	499.6666666666667	True	0.5	40.0	4	True	50.0	30.0	325.6178894042969	9.826267588826825	-504.7771911621094	-4.252582193611174	-368.2167663574219	-5.6460891264532735	-445.0351867675781	-8.582201096319352	-512.0235595703125	-14.339077981596036	-71.56410217285156	7.482594108198798	-273.4974365234375	-2.461419996628112	-46.64111328125	0.290985687832931	0.0	0.0	0.0	0.0
1.5823585987091064	1781094947.0	1781094947.9612184	1	10.0	10.0	8.0	8.0	NeuronSpectrum 10.06.2026 14:49:30	EEG	checkup_149_10.06.2026 14:49:30	500.0	499.6666666666667	True	0.5	40.0	4	True	50.0	30.0	327.6705322265625	16.72500844206687	-509.4273376464844	-15.957245414073354	-372.6336975097656	-14.83540684630808	-450.400390625	-19.730019081076986	-517.0078735351562	-26.25162337055627	-73.94386291503906	4.6352439854052285	-277.4246826171875	-9.84456190077837	-47.25672149658203	-0.9353386674610259	0.0	0.0	0.0	0.0
1.5823612213134766	1781094947.0	1781094947.961221	1	10.0	10.0	8.0	8.0	NeuronSpectrum 10.06.2026 14:49:30	EEG	checkup_149_10.06.2026 14:49:30	500.0	499.6666666666667	True	0.5	40.0	4	True	50.0	30.0	331.6844787597656	25.101970200755066	-516.1474609375	-29.172070456206807	-378.2713623046875	-24.95588949372642	-457.37841796875	-32.033269045179495	-524.0886840820312	-39.74808176868276	-75.70056915283203	2.289321036944702	-281.9346618652344	-17.669239857173775	-48.008544921875	-2.3467259185363005	0.0	0.0	0.0	0.0
1.5823633670806885	1781094947.0	1781094947.9612231	1	10.0	10.0	8.0	8.0	NeuronSpectrum 10.06.2026 14:49:30	EEG	checkup_149_10.06.2026 14:49:30	500.0	499.6666666666667	True	0.5	40.0	4	True	50.0	30.0	334.4263610839844	33.4663139210703	-519.8819580078125	-41.61698447936882	-381.3378601074219	-34.310161499710844	-461.3213806152344	-43.41527773091537	-528.1067504882812	-52.51830051971316	-76.02615356445312	0.7687555768301149	-284.1916198730469	-24.674231633784014	-48.41454315185547	-3.686247010442552	0.0	0.0	0.0	0.0
1.5823657512664795	1781094947.0	1781094947.9612255	1	10.0	10.0	8.0	8.0	NeuronSpectrum 10.06.2026 14:49:30	EEG	checkup_149_10.06.2026 14:49:30	500.0	499.6666666666667	True	0.5	40.0	4	True	50.0	30.0	331.625	40.46499503969569	-514.1035766601562	-51.33343054369428	-377.0555419921875	-41.470693350869155	-456.35919189453125	-52.13130143006693	-522.4431762695312	-62.57300125184456	-74.05746459960938	0.24268037022790961	-280.66766357421875	-29.8561384744702	-47.88494110107422	-4.736512155179956	0.0	0.0	0.0	0.0
1.5823676586151123	1781094947.0	1781094947.9612274	1	10.0	10.0	8.0	8.0	NeuronSpectrum 10.06.2026 14:49:30	EEG	checkup_149_10.06.2026 14:49:30	500.0	499.6666666666667	True	0.5	40.0	4	True	50.0	30.0	322.1656188964844	45.056446150911505	-497.35552978515625	-56.93319509387867	-364.44561767578125	-45.46233787557126	-441.22186279296875	-56.99274137287787	-505.6417541503906	-68.49801683052115	-69.83283233642578	0.7049152560646951	-270.7378845214844	-32.59161852231541	-46.30640411376953	-5.3458718123464894	0.0	0.0	0.0	0.0
1.5823698043823242	1781094947.0	1781094947.9612296	1	10.0	10.0	8.0	8.0	NeuronSpectrum 10.06.2026 14:49:30	EEG	checkup_149_10.06.2026 14:49:30	500.0	499.6666666666667	True	0.5	40.0	4	True	50.0	30.0	311.47772216796875	46.584360932406085	-478.5179748535156	-57.67540493745154	-350.1604919433594	-45.812503261455554	-423.910888671875	-57.42895448363984	-486.7311706542969	-69.53432385374414	-65.04470825195312	1.9958003690878214	-259.5603332519531	-32.65214598773639	-44.508399963378906	-5.435804399721343	0.0	0.0	0.0	0.0
1.5823886394500732	1781094947.0	1781094947.9612484	1	10.0	10.0	8.0	8.0	NeuronSpectrum 10.06.2026 14:49:30	EEG	checkup_149_10.06.2026 14:49:30	500.0	499.6666666666667	True	0.5	40.0	4	True	50.0	30.0	309.86932373046875	44.80149540516741	-474.1473083496094	-53.45618517978133	-346.50274658203125	-42.53155523126748	-419.3209533691406	-53.461562130130986	-482.5169982910156	-65.56903337116496	-62.597537994384766	3.848644547774045	-256.5660400390625	-30.16249310799182	-44.01127243041992	-4.998179694155453	0.0	0.0	0.0	0.0
1.582392692565918	1781094947.0	1781094947.9612525	1	10.0	10.0	8.0	8.0	NeuronSpectrum 10.06.2026 14:49:30	EEG	checkup_149_10.06.2026 14:49:30	500.0	499.6666666666667	True	0.5	40.0	4	True	50.0	30.0	324.67535400390625	39.8938778321986	-496.11187744140625	-44.79854590277695	-362.3332214355469	-36.08981499280258	-438.23504638671875	-45.67168187900805	-505.0486145019531	-57.126075710558645	-64.69412994384766	5.9395801726119375	-268.5749206542969	-25.55800798821082	-45.89787292480469	-4.091490620420102	0.0	0.0	0.0	0.0
1.5823948383331299	1781094947.0	1781094947.9612546	1	10.0	10.0	8.0	8.0	NeuronSpectrum 10.06.2026 14:49:30	EEG	checkup_149_10.06.2026 14:49:30	500.0	499.6666666666667	True	0.5	40.0	4	True	50.0	30.0	350.76507568359375	32.518364929347456	-536.642578125	-32.87205679888732	-392.08465576171875	-27.416074876663327	-474.00665283203125	-35.19147676177118	-546.47021484375	-45.38685780159317	-70.5047378540039	7.9268639054607055	-291.47265625	-19.56468039694631	-49.457252502441406	-2.8396562249508714	0.0	0.0	0.0	0.0
1.5823969841003418	1781094947.0	1781094947.9612567	1	10.0	10.0	8.0	8.0	NeuronSpectrum 10.06.2026 14:49:30	EEG	checkup_149_10.06.2026 14:49:30	500.0	499.6666666666667	True	0.5	40.0	4	True	50.0	30.0	367.4100646972656	23.81074672267866	-563.3480224609375	-19.483230209129196	-412.07745361328125	-17.877827778900674	-498.06781005859375	-23.673953640144266	-573.9663696289062	-32.18137082812241	-75.31074523925781	9.479670237075942	-307.3985290527344	-13.176283196612715	-51.73969268798828	-1.4285633408912135	0.0	0.0	0.0	0.0
1.5823988914489746	1781094947.0	1781094947.9612586	1	10.0	10.0	8.0	8.0	NeuronSpectrum 10.06.2026 14:49:30	EEG	checkup_149_10.06.2026 14:49:30	500.0	499.6666666666667	True	0.5	40.0	4	True	50.0	30.0	346.6561584472656	15.286190279777747	-532.2874755859375	-6.918877826263982	-390.0774841308594	-9.159696770989974	-471.4646301269531	-13.142268300269267	-543.0000610351562	-19.830490858156093	-72.38395690917969	10.308146644808222	-291.94390869140625	-7.567991017420653	-48.753929138183594	-0.0898161001625633	0.0	0.0	0.0	0.0
1.5824010372161865	1781094947.0	1781094947.9612608	1	10.0	10.0	8.0	8.0	NeuronSpectrum 10.06.2026 14:49:30	EEG	checkup_149_10.06.2026 14:49:30	500.0	499.6666666666667	True	0.5	40.0	4	True	50.0	30.0	270.0472412109375	8.578050943001049	-414.19989013671875	2.4417328680300576	-304.5179138183594	-2.9796417693043433	-368.1015930175781	-5.647128462105555	-423.8826904296875	-10.753749528129518	-56.929325103759766	10.20599422833346	-228.67410278320312	-3.9006401985167027	-37.85503387451172	0.9360336310591302	0.0	0.0	0.0	0.0
1.5824031829833984	1781094947.0	1781094947.961263	1	10.0	10.0	8.0	8.0	NeuronSpectrum 10.06.2026 14:49:30	EEG	checkup_149_10.06.2026 14:49:30	500.0	499.6666666666667	True	0.5	40.0	4	True	50.0	30.0	142.98060607910156	5.051179153773323	-217.1029510498047	6.693587919043336	-161.09422302246094	-0.680715146177015	-194.82444763183594	-2.778381512717496	-224.67623901367188	-6.894782177367376	-29.60379981994629	9.101342206500327	-121.69654083251953	-3.0409793141230086	-19.793607711791992	1.452195735921458	0.0	0.0	0.0	0.0
1.6337215900421143	1781094947.0	1781094948.0125813	1	10.0	10.0	8.0	8.0	NeuronSpectrum 10.06.2026 14:49:30	EEG	checkup_149_10.06.2026 14:49:30	500.0	499.6666666666667	True	0.5	40.0	4	True	50.0	30.0	321.4494934082031	5.428796756644916	-498.0206604003906	4.941637531676933	-367.72344970703125	-2.849966766446673	-445.1522216796875	-5.2129638024445395	-509.5212707519531	-9.176238969931513	-73.4894027709961	7.092134150109308	-278.9031677246094	-5.306620994408715	-45.21371841430664	1.3553924180644321	0.0	0.0	0.0	0.0
1.6337268352508545	1781094947.0	1781094948.0125866	1	10.0	10.0	8.0	8.0	NeuronSpectrum 10.06.2026 14:49:30	EEG	checkup_149_10.06.2026 14:49:30	500.0	499.6666666666667	True	0.5	40.0	4	True	50.0	30.0	321.41265869140625	9.599800736157748	-499.186279296875	-2.4459345722604455	-369.4109191894531	-9.145670111332846	-446.8919372558594	-12.515789293844668	-511.1648864746094	-17.23852480523633	-75.45216369628906	4.438127090353355	-280.8524475097656	-10.365193610002068	-45.31813430786133	0.6599353120869259	0.0	0.0	0.0	0.0
1.6337289810180664	1781094947.0	1781094948.0125887	1	10.0	10.0	8.0	8.0	NeuronSpectrum 10.06.2026 14:49:30	EEG	checkup_149_10.06.2026 14:49:30	500.0	499.6666666666667	True	0.5	40.0	4	True	50.0	30.0	323.960693359375	16.686906004351847	-503.752197265625	-13.983123296650803	-373.4491271972656	-18.414987625208894	-451.17218017578125	-23.289769431239908	-516.30419921875	-29.58058494453333	-77.37678527832031	1.501667573538481	-283.9034118652344	-17.34244654580373	-45.8444938659668	-0.514317950566847	0.0	0.0	0.0	0.0
1.6337311267852783	1781094947.0	1781094948.012591	1	10.0	10.0	8.0	8.0	NeuronSpectrum 10.06.2026 14:49:30	EEG	checkup_149_10.06.2026 14:49:30	500.0	499.6666666666667	True	0.5	40.0	4	True	50.0	30.0	328.5248718261719	25.32023005044922	-510.8320617675781	-27.51588036554495	-379.17999267578125	-29.0307186897395	-457.25372314453125	-35.58607908983761	-524.0521240234375	-44.00852190537617	-79.0798110961914	-1.3412611186300134	-287.5966796875	-25.08005809190946	-46.70887756347656	-1.98144035201618	0.0	0.0	0.0	0.0
1.6337330341339111	1781094947.0	1781094948.0125928	1	10.0	10.0	8.0	8.0	NeuronSpectrum 10.06.2026 14:49:30	EEG	checkup_149_10.06.2026 14:49:30	500.0	499.6666666666667	True	0.5	40.0	4	True	50.0	30.0	331.769775390625	33.98044878493975	-515.2944946289062	-40.75950845311592	-382.86395263671875	-39.28733644188766	-460.76904296875	-47.38036292640789	-529.2222290039062	-58.174379340282535	-79.83927154541016	-3.783495726645055	-289.3274230957031	-32.42061017008341	-47.416011810302734	-3.5365657963255397	0.0	0.0	0.0	0.0
1.633734941482544	1781094947.0	1781094948.0125947	1	10.0	10.0	8.0	8.0	NeuronSpectrum 10.06.2026 14:49:30	EEG	checkup_149_10.06.2026 14:49:30	500.0	499.6666666666667	True	0.5	40.0	4	True	50.0	30.0	329.35833740234375	41.28819154429457	-510.5204162597656	-51.730961187677494	-379.68572998046875	-47.71549753471038	-456.0941162109375	-56.94543089993225	-525.109619140625	-70.01184579263744	-78.80702209472656	-5.634318606276103	-285.8114013671875	-38.415867074988505	-47.329864501953125	-4.9932203419879695	0.0	0.0	0.0	0.0
1.6337366104125977	1781094947.0	1781094948.0125964	1	10.0	10.0	8.0	8.0	NeuronSpectrum 10.06.2026 14:49:30	EEG	checkup_149_10.06.2026 14:49:30	500.0	499.6666666666667	True	0.5	40.0	4	True	50.0	30.0	320.1548156738281	46.18201056615733	-495.0405578613281	-58.99060309576343	-368.58721923828125	-53.25390848216572	-442.0928649902344	-63.04885165094021	-510.1775817871094	-77.98376935994445	-76.01969909667969	-6.824147558645881	-276.64447021484375	-42.41870875640246	-46.31288528442383	-6.203426406710075	0.0	0.0	0.0	0.0
1.6337385177612305	1781094947.0	1781094948.0125983	1	10.0	10.0	8.0	8.0	NeuronSpectrum 10.06.2026 14:49:30	EEG	checkup_149_10.06.2026 14:49:30	500.0	499.6666666666667	True	0.5	40.0	4	True	50.0	30.0	309.6048583984375	47.99417799916618	-477.8751220703125	-61.71629233674819	-356.14678955078125	-55.29737831564605	-426.7210388183594	-65.00105212336828	-493.42626953125	-81.16506523349356	-73.18663787841797	-7.377550152348247	-267.1196594238281	-44.08195296838117	-45.232215881347656	-7.06332715819256	0.0	0.0	0.0	0.0
1.633739948272705	1781094947.0	1781094948.0125997	1	10.0	10.0	8.0	8.0	NeuronSpectrum 10.06.2026 14:49:30	EEG	checkup_149_10.06.2026 14:49:30	500.0	499.6666666666667	True	0.5	40.0	4	True	50.0	30.0	308.0544738769531	46.47351719668906	-475.81292724609375	-59.69686400999529	-354.5804748535156	-53.68690554510284	-424.60693359375	-62.63591237419378	-491.64080810546875	-79.24836299583706	-73.18431091308594	-7.376754709678223	-266.60784912109375	-43.32297139911126	-45.68373107910156	-7.513111098987745	0.0	0.0	0.0	0.0
1.633741855621338	1781094947.0	1781094948.0126016	1	10.0	10.0	8.0	8.0	NeuronSpectrum 10.06.2026 14:49:30	EEG	checkup_149_10.06.2026 14:49:30	500.0	499.6666666666667	True	0.5	40.0	4	True	50.0	30.0	322.8883972167969	41.805954907493174	-500.824462890625	-53.33349933172674	-372.56201171875	-48.70812625556021	-446.0589294433594	-56.30533896040502	-516.7206420898438	-72.56001180154931	-77.98668670654297	-6.937015343676024	-281.5531311035156	-40.31103526018328	-48.76793670654297	-7.539988109883769	0.0	0.0	0.0	0.0
1.6337435245513916	1781094947.0	1781094948.0126033	1	10.0	10.0	8.0	8.0	NeuronSpectrum 10.06.2026 14:49:30	EEG	checkup_149_10.06.2026 14:49:30	500.0	499.6666666666667	True	0.5	40.0	4	True	50.0	30.0	349.0341796875	34.647012803275636	-544.8496704101562	-43.676851614791005	-404.1544494628906	-41.11921055986356	-483.84124755859375	-46.91347648926498	-560.4031372070312	-62.112033404890816	-86.21273803710938	-6.202921840296318	-307.1180114746094	-35.495966142216595	-53.625999450683594	-7.186854736778824	0.0	0.0	0.0	0.0
1.6337454319000244	1781094947.0	1781094948.0126052	1	10.0	10.0	8.0	8.0	NeuronSpectrum 10.06.2026 14:49:30	EEG	checkup_149_10.06.2026 14:49:30	500.0	499.6666666666667	True	0.5	40.0	4	True	50.0	30.0	365.82598876953125	26.125339190354097	-574.7323608398438	-32.436331341947536	-425.1607971191406	-32.16142733664118	-508.8536376953125	-35.93341699760902	-589.2392578125	-49.623056038299275	-92.34868621826172	-5.3566083173077965	-324.5279846191406	-29.640597222697	-56.97185516357422	-6.560086700390036	0.0	0.0	0.0	0.0
1.633746862411499	1781094947.0	1781094948.0126066	1	10.0	10.0	8.0	8.0	NeuronSpectrum 10.06.2026 14:49:30	EEG	checkup_149_10.06.2026 14:49:30	500.0	499.6666666666667	True	0.5	40.0	4	True	50.0	30.0	345.3623352050781	17.740969273712363	-545.5414428710938	-21.837585519512135	-402.87677001953125	-23.46063151064422	-481.8612365722656	-25.29457353655976	-558.0797119140625	-37.380783379387815	-88.95594024658203	-4.615581402932003	-308.61468505859375	-23.781600256647813	-54.40898513793945	-5.823667698232224	0.0	0.0	0.0	0.0
1.6337487697601318	1781094947.0	1781094948.0126085	1	10.0	10.0	8.0	8.0	NeuronSpectrum 10.06.2026 14:49:30	EEG	checkup_149_10.06.2026 14:49:30	500.0	499.6666666666667	True	0.5	40.0	4	True	50.0	30.0	269.2052001953125	11.105544306111023	-427.2952575683594	-14.23854398594196	-315.5799255371094	-16.75246750596009	-376.86212158203125	-17.058342914627406	-436.9992980957031	-27.854139214910845	-71.03520202636719	-4.200593435992299	-242.7202606201172	-19.059735216709548	-43.03578186035156	-5.169861439093115	0.0	0.0	0.0	0.0
1.6337502002716064	1781094947.0	1781094948.01261	1	10.0	10.0	8.0	8.0	NeuronSpectrum 10.06.2026 14:49:30	EEG	checkup_149_10.06.2026 14:49:30	500.0	499.6666666666667	True	0.5	40.0	4	True	50.0	30.0	142.71478271484375	7.560590178956268	-228.00314331054688	-11.554502289084452	-169.28614807128906	-13.466252112663657	-201.146728515625	-12.922857898197227	-234.42581176757812	-23.10568683166767	-39.77203369140625	-4.274988509107441	-131.4580535888672	-16.438044593991364	-23.67574691772461	-4.770021567639668	0.0	0.0	0.0	0.0
1.6337521076202393	1781094947.0	1781094948.0126119	1	10.0	10.0	8.0	8.0	NeuronSpectrum 10.06.2026 14:49:30	EEG	checkup_149_10.06.2026 14:49:30	500.0	499.6666666666667	True	0.5	40.0	4	True	50.0	30.0	320.7320251464844	7.81156587181825	-515.1402587890625	-14.705051566482238	-376.849853515625	-14.32137368601959	-449.60870361328125	-13.741074056833828	-521.3929443359375	-24.219741347639975	-85.97747802734375	-4.883061823572604	-288.1746520996094	-16.41840836961081	-51.05025100708008	-4.7248930107917015	0.0	0.0	0.0	0.0
1.6337535381317139	1781094947.0	1781094948.0126133	1	10.0	10.0	8.0	8.0	NeuronSpectrum 10.06.2026 14:49:30	EEG	checkup_149_10.06.2026 14:49:30	500.0	499.6666666666667	True	0.5	40.0	4	True	50.0	30.0	320.5057373046875	11.742293895448963	-517.1614990234375	-23.340395562954228	-376.617919921875	-19.12359006142908	-449.0993957519531	-19.277393585414572	-521.2421875	-31.007674650276336	-85.81795501708984	-5.923607835995825	-286.61090087890625	-18.895065089089478	-50.7023811340332	-5.0383867831220135	0.0	0.0	0.0	0.0
1.6337559223175049	1781094947.0	1781094948.0126157	1	10.0	10.0	8.0	8.0	NeuronSpectrum 10.06.2026 14:49:30	EEG	checkup_149_10.06.2026 14:49:30	500.0	499.6666666666667	True	0.5	40.0	4	True	50.0	30.0	322.6463623046875	18.48788940593724	-522.3211669921875	-35.96917109042356	-378.7159423828125	-26.851065775327232	-451.4497375488281	-28.311351405582375	-524.603271484375	-42.11622294997997	-85.57100677490234	-7.175542222185919	-286.3575744628906	-23.21270902383812	-50.52815246582031	-5.6262440247006404	0.0	0.0	0.0	0.0
1.6337580680847168	1781094947.0	1781094948.0126178	1	10.0	10.0	8.0	8.0	NeuronSpectrum 10.06.2026 14:49:30	EEG	checkup_149_10.06.2026 14:49:30	500.0	499.6666666666667	True	0.5	40.0	4	True	50.0	30.0	326.64947509765625	26.709223891780905	-529.8154907226562	-50.396964726188955	-382.6595764160156	-35.96582861484966	-456.08984375	-39.01180488705477	-530.8284301757812	-55.45051066394773	-85.26842498779297	-8.361158200281428	-287.30810546875	-28.382535590487198	-50.52080535888672	-6.351092782707552	0.0	0.0	0.0	0.0
1.6337594985961914	1781094947.0	1781094948.0126193	1	10.0	10.0	8.0	8.0	NeuronSpectrum 10.06.2026 14:49:30	EEG	checkup_149_10.06.2026 14:49:30	500.0	499.6666666666667	True	0.5	40.0	4	True	50.0	30.0	329.295166015625	34.932607060923665	-534.608154296875	-64.26029913123341	-384.8795166015625	-44.79608581112506	-458.6980895996094	-49.39627452484836	-534.9267578125	-68.69805755530983	-84.37195587158203	-9.215196853537227	-287.03985595703125	-33.34323681613803	-50.2801513671875	-7.064055287921032	0.0	0.0	0.0	0.0
1.6337614059448242	1781094947.0	1781094948.0126212	1	10.0	10.0	8.0	8.0	NeuronSpectrum 10.06.2026 14:49:30	EEG	checkup_149_10.06.2026 14:49:30	500.0	499.6666666666667	True	0.5	40.0	4	True	50.0	30.0	326.3761901855469	41.83203326658224	-530.1373291015625	-75.46415305034215	-380.6640319824219	-51.85140058322305	-453.5533142089844	-57.709324545805714	-530.2846069335938	-79.76274230978753	-82.12210083007812	-9.533362966771191	-282.2354431152344	-37.1677423224041	-49.26329803466797	-7.635850919961712	0.0	0.0	0.0	0.0
1.6337628364562988	1781094947.0	1781094948.0126226	1	10.0	10.0	8.0	8.0	NeuronSpectrum 10.06.2026 14:49:30	EEG	checkup_149_10.06.2026 14:49:30	500.0	499.6666666666667	True	0.5	40.0	4	True	50.0	30.0	316.84912109375	46.397879541422995	-514.85595703125	-82.4377476729433	-368.8697814941406	-56.0093140548243	-439.25714111328125	-62.64541227296213	-515.2666625976562	-87.0238409780049	-78.44869995117188	-9.191492954544927	-272.2078552246094	-39.17481552119379	-47.3941650390625	-7.970917170625078	0.0	0.0	0.0	0.0
1.6337647438049316	1781094947.0	1781094948.0126245	1	10.0	10.0	8.0	8.0	NeuronSpectrum 10.06.2026 14:49:30	EEG	checkup_149_10.06.2026 14:49:30	500.0	499.6666666666667	True	0.5	40.0	4	True	50.0	30.0	306.1766052246094	48.00331975322627	-497.4881896972656	-84.23019596057142	-355.7219543457031	-56.5884359800196	-423.3677673339844	-63.43351348037634	-498.5370178222656	-89.4413648085628	-74.7105712890625	-8.142933576923554	-261.75421142578125	-38.96179567946964	-45.54717254638672	-8.008340344799805	0.0	0.0	0.0	0.0
1.6337664127349854	1781094947.0	1781094948.0126262	1	10.0	10.0	8.0	8.0	NeuronSpectrum 10.06.2026 14:49:30	EEG	checkup_149_10.06.2026 14:49:30	500.0	499.6666666666667	True	0.5	40.0	4	True	50.0	30.0	304.6512451171875	46.41964486358469	-494.3457336425781	-80.52973692327004	-352.9139099121094	-53.36718203451579	-420.12322998046875	-59.85442382801352	-496.380859375	-86.59011078367183	-73.30146026611328	-6.410048893302975	-259.7180480957031	-36.40664142934459	-45.279266357421875	-7.719032530034141	0.0	0.0	0.0	0.0
1.6337683200836182	1781094947.0	1781094948.012628	1	10.0	10.0	8.0	8.0	NeuronSpectrum 10.06.2026 14:49:30	EEG	checkup_149_10.06.2026 14:49:30	500.0	499.6666666666667	True	0.5	40.0	4	True	50.0	30.0	319.58636474609375	41.83270582471628	-516.9526977539062	-71.68995347706614	-368.7341613769531	-46.60682090466525	-439.6875	-52.2617551311212	-520.2564086914062	-78.70358140495703	-75.86498260498047	-4.084016006137224	-272.2967224121094	-31.684951632124516	-47.65241241455078	-7.107998466959627	0.0	0.0	0.0	0.0
1.633770227432251	1781094947.0	1781094948.01263	1	10.0	10.0	8.0	8.0	NeuronSpectrum 10.06.2026 14:49:30	EEG	checkup_149_10.06.2026 14:49:30	500.0	499.6666666666667	True	0.5	40.0	4	True	50.0	30.0	345.8871154785156	34.87551835024152	-557.1473388671875	-58.78539808145797	-397.35919189453125	-37.09379321287172	-475.13037109375	-41.625665979519226	-561.7980346679688	-66.74720664669915	-81.15210723876953	-1.3361178897243784	-294.9696350097656	-25.312369548555463	-51.830543518066406	-6.224006365951521	0.0	0.0	0.0	0.0
1.6337718963623047	1781094947.0	1781094948.0126317	1	10.0	10.0	8.0	8.0	NeuronSpectrum 10.06.2026 14:49:30	EEG	checkup_149_10.06.2026 14:49:30	500.0	499.6666666666667	True	0.5	40.0	4	True	50.0	30.0	362.9430236816406	26.63615451570504	-582.237060546875	-43.62898882408031	-415.3466491699219	-26.152019116573584	-498.1016540527344	-29.54125723595297	-587.9481811523438	-52.44992104198461	-84.34059143066406	1.5711993578736285	-309.8697814941406	-18.172266846496363	-54.64046096801758	-5.1696544255601315	0.0	0.0	0.0	0.0
1.6337733268737793	1781094947.0	1781094948.012633	1	10.0	10.0	8.0	8.0	NeuronSpectrum 10.06.2026 14:49:30	EEG	checkup_149_10.06.2026 14:49:30	500.0	499.6666666666667	True	0.5	40.0	4	True	50.0	30.0	342.94476318359375	18.563835970850455	-548.2576293945312	-28.62579600738745	-391.1250305175781	-15.535052284776054	-470.26593017578125	-18.094223007479552	-554.3334350585938	-38.165856413098126	-78.98164367675781	4.294794381177128	-292.9755554199219	-11.456421164795193	-51.8499641418457	-4.098665356337506	0.0	0.0	0.0	0.0
1.633775234222412	1781094947.0	1781094948.012635	1	10.0	10.0	8.0	8.0	NeuronSpectrum 10.06.2026 14:49:30	EEG	checkup_149_10.06.2026 14:49:30	500.0	499.6666666666667	True	0.5	40.0	4	True	50.0	30.0	267.49560546875	12.218919785308971	-426.3222961425781	-16.374740097305725	-303.9000244140625	-7.135029161132796	-366.20758056640625	-9.508720248613859	-431.8306579589844	-26.476277868129074	-60.84466552734375	6.4590164785997795	-228.41835021972656	-6.466459233537813	-40.67770004272461	-3.190245565722314	0.0	0.0	0.0	0.0
1.6337769031524658	1781094947.0	1781094948.0126367	1	10.0	10.0	8.0	8.0	NeuronSpectrum 10.06.2026 14:49:30	EEG	checkup_149_10.06.2026 14:49:30	500.0	499.6666666666667	True	0.5	40.0	4	True	50.0	30.0	141.87644958496094	8.900718365694651	-225.16624450683594	-9.071174007198852	-159.85423278808594	-2.547389717599251	-193.1333465576172	-5.625189463268327	-229.28590393066406	-19.585612372276024	-31.203922271728516	7.7366416535555	-120.74520111083984	-4.301482499788367	-21.929195404052734	-2.603511174898066	0.0	0.0	0.0	0.0
1.6337788105010986	1781094947.0	1781094948.0126386	1	10.0	10.0	8.0	8.0	NeuronSpectrum 10.06.2026 14:49:30	EEG	checkup_149_10.06.2026 14:49:30	500.0	499.6666666666667	True	0.5	40.0	4	True	50.0	30.0	318.8764953613281	9.288538756491402	-503.9552307128906	-7.925829256738527	-361.0157775878906	-2.6472914590313605	-438.5032043457031	-7.39662396078574	-510.8656005859375	-18.73005837002999	-71.47191619873047	7.932731563185083	-273.6903991699219	-5.547042782902128	-48.10954284667969	-2.43045050747133	0.0	0.0	0.0	0.0
1.6337804794311523	1781094947.0	1781094948.0126402	1	10.0	10.0	8.0	8.0	NeuronSpectrum 10.06.2026 14:49:30	EEG	checkup_149_10.06.2026 14:49:30	500.0	499.6666666666667	True	0.5	40.0	4	True	50.0	30.0	318.64703369140625	13.258871638777089	-502.30743408203125	-12.860540569245885	-360.8348083496094	-7.365928012323649	-440.20660400390625	-14.630091143321359	-509.2852478027344	-23.862921673398176	-71.20716094970703	7.033541296539505	-274.4144592285156	-10.106930229001419	-47.63990020751953	-2.670581360367661	0.0	0.0	0.0	0.0
1.633782148361206	1781094947.0	1781094948.012642	1	10.0	10.0	8.0	8.0	NeuronSpectrum 10.06.2026 14:49:30	EEG	checkup_149_10.06.2026 14:49:30	500.0	499.6666666666667	True	0.5	40.0	4	True	50.0	30.0	320.7283020019531	19.956576305735933	-504.92071533203125	-22.606840996195473	-364.0254211425781	-15.758302426195058	-445.6715393066406	-26.08250851517678	-511.9071044921875	-33.745356582295976	-71.8832015991211	5.200733871286028	-277.43792724609375	-17.248152811157446	-47.38641357421875	-3.2385195461948078	0.0	0.0	0.0	0.0
1.633784294128418	1781094947.0	1781094948.012644	1	10.0	10.0	8.0	8.0	NeuronSpectrum 10.06.2026 14:49:30	EEG	checkup_149_10.06.2026 14:49:30	500.0	499.6666666666667	True	0.5	40.0	4	True	50.0	30.0	324.64410400390625	28.06434485276728	-511.0279235839844	-35.12163962185418	-370.0042419433594	-26.30148664475856	-454.01812744140625	-39.83438320714338	-518.0101928710938	-46.35733902613884	-73.42752075195312	2.721017123227983	-282.3670654296875	-25.81579401836485	-47.360755920410156	-3.996595717852243	0.0	0.0	0.0	0.0
1.6337862014770508	1781094947.0	1781094948.012646	1	10.0	10.0	8.0	8.0	NeuronSpectrum 10.06.2026 14:49:30	EEG	checkup_149_10.06.2026 14:49:30	500.0	499.6666666666667	True	0.5	40.0	4	True	50.0	30.0	327.2094421386719	36.136198008953215	-515.4923706054688	-48.10904639686281	-374.9410400390625	-37.27210647782358	-460.54144287109375	-53.75575747703348	-522.455078125	-59.417275267684715	-75.04557037353516	-0.060806099014451165	-286.40380859375	-34.50701202577709	-47.19261169433594	-4.7937609597763995	0.0	0.0	0.0	0.0
1.6337878704071045	1781094947.0	1781094948.0126476	1	10.0	10.0	8.0	8.0	NeuronSpectrum 10.06.2026 14:49:30	EEG	checkup_149_10.06.2026 14:49:30	500.0	499.6666666666667	True	0.5	40.0	4	True	50.0	30.0	324.2469482421875	42.8742873988762	-511.5743408203125	-59.457965573613585	-373.7900085449219	-47.06616886343154	-459.1771240234375	-65.89666456495456	-518.4666137695312	-70.81912171062608	-75.64637756347656	-2.8000719709728012	-285.8296203613281	-42.10418717397839	-46.362911224365234	-5.494669145384229	0.0	0.0	0.0	0.0
1.6337897777557373	1781094947.0	1781094948.0126495	1	10.0	10.0	8.0	8.0	NeuronSpectrum 10.06.2026 14:49:30	EEG	checkup_149_10.06.2026 14:49:30	500.0	499.6666666666667	True	0.5	40.0	4	True	50.0	30.0	314.71990966796875	47.29403566295228	-497.5422668457031	-67.50848352302201	-365.1546936035156	-54.39831674731726	-448.3620300292969	-74.72534663943694	-504.2981872558594	-78.89979275564448	-74.8747787475586	-5.190729474412911	-279.5952453613281	-47.62208678436268	-44.78495407104492	-5.99292734708014	0.0	0.0	0.0	0.0
1.633791446685791	1781094947.0	1781094948.0126512	1	10.0	10.0	8.0	8.0	NeuronSpectrum 10.06.2026 14:49:30	EEG	checkup_149_10.06.2026 14:49:30	500.0	499.6666666666667	True	0.5	40.0	4	True	50.0	30.0	304.0646667480469	48.789062736283626	-481.9840393066406	-71.16470499081603	-355.2079772949219	-58.39254510419001	-435.7279968261719	-79.2298907739516	-488.5921325683594	-82.55463160039741	-73.94605255126953	-6.987157644411408	-272.2204895019531	-50.3788476615942	-43.26908493041992	-6.212294536338415	0.0	0.0	0.0	0.0
1.6337931156158447	1781094947.0	1781094948.0126529	1	10.0	10.0	8.0	8.0	NeuronSpectrum 10.06.2026 14:49:30	EEG	checkup_149_10.06.2026 14:49:30	500.0	499.6666666666667	True	0.5	40.0	4	True	50.0	30.0	302.52850341796875	47.14648641627375	-481.1335144042969	-69.93320865093105	-355.75537109375	-58.62039759874849	-435.70550537109375	-78.95352268313087	-487.6946105957031	-81.28018823852182	-75.24134063720703	-8.020174967094643	-272.36663818359375	-50.03193631193215	-43.26947784423828	-6.104942424371077	0.0	0.0	0.0	0.0
1.6337947845458984	1781094947.0	1781094948.0126545	1	10.0	10.0	8.0	8.0	NeuronSpectrum 10.06.2026 14:49:30	EEG	checkup_149_10.06.2026 14:49:30	500.0	499.6666666666667	True	0.5	40.0	4	True	50.0	30.0	317.3992004394531	42.5638266490692	-506.4519348144531	-63.96676267231632	-375.1440124511719	-55.142621975793794	-458.4867248535156	-74.0342901442822	-513.1473388671875	-75.22354762987518	-80.39366149902344	-8.216942692155785	-286.1231689453125	-46.61881680711085	-45.75999450683594	-5.655221155970358	0.0	0.0	0.0	0.0
1.6337964534759521	1781094947.0	1781094948.0126562	1	10.0	10.0	8.0	8.0	NeuronSpectrum 10.06.2026 14:49:30	EEG	checkup_149_10.06.2026 14:49:30	500.0	499.6666666666667	True	0.5	40.0	4	True	50.0	30.0	343.6166687011719	35.68167244716279	-549.656494140625	-54.13355403492198	-407.28863525390625	-48.566978701181256	-496.738525390625	-65.26707890752569	-556.6017456054688	-65.25731576511193	-87.9881820678711	-7.624782440235467	-308.91455078125	-40.608964692004626	-49.89501953125	-4.8909885397765755	0.0	0.0	0.0	0.0
1.6337981224060059	1781094947.0	1781094948.0126579	1	10.0	10.0	8.0	8.0	NeuronSpectrum 10.06.2026 14:49:30	EEG	checkup_149_10.06.2026 14:49:30	500.0	499.6666666666667	True	0.5	40.0	4	True	50.0	30.0	360.6734924316406	27.590862477496785	-577.822509765625	-42.04385120987068	-428.0770568847656	-40.070870033256064	-521.2716064453125	-54.12725567004492	-584.8816528320312	-53.01034577381017	-92.83781433105469	-6.425565683943365	-322.87933349609375	-32.926196527230964	-52.59696578979492	-3.8955006980939557	0.0	0.0	0.0	0.0
1.6338000297546387	1781094947.0	1781094948.0126598	1	10.0	10.0	8.0	8.0	NeuronSpectrum 10.06.2026 14:49:30	EEG	checkup_149_10.06.2026 14:49:30	500.0	499.6666666666667	True	0.5	40.0	4	True	50.0	30.0	340.889404296875	19.737354947604118	-546.6549072265625	-29.90967874537689	-405.0957336425781	-31.297152958188484	-492.8399658203125	-42.64496486112736	-553.356689453125	-40.727807319267754	-88.0775146484375	-4.919637909461908	-304.10430908203125	-24.871131021841432	-49.792449951171875	-2.806875729549683	0.0	0.0	0.0	0.0
1.6338014602661133	1781094947.0	1781094948.0126612	1	10.0	10.0	8.0	8.0	NeuronSpectrum 10.06.2026 14:49:30	EEG	checkup_149_10.06.2026 14:49:30	500.0	499.6666666666667	True	0.5	40.0	4	True	50.0	30.0	265.9454345703125	13.671164242471782	-426.92608642578125	-20.150861784070642	-317.0059509277344	-24.060229806511117	-385.6130676269531	-33.05254246738386	-432.58392333984375	-30.872825239185996	-69.27598571777344	-3.465555651000643	-236.97447204589844	-17.89635063694285	-38.82854461669922	-1.795027401196243	0.0	0.0	0.0	0.0
1.633803367614746	1781094947.0	1781094948.0126631	1	10.0	10.0	8.0	8.0	NeuronSpectrum 10.06.2026 14:49:30	EEG	checkup_149_10.06.2026 14:49:30	500.0	499.6666666666667	True	0.5	40.0	4	True	50.0	30.0	141.0859375	10.673997113133618	-227.14041137695312	-14.80256449376057	-170.14837646484375	-19.904258853842336	-207.278076171875	-27.253500672520875	-231.14842224121094	-25.525454940024673	-37.9183349609375	-2.385314273425488	-126.42840576171875	-13.266216802943116	-20.523935317993164	-1.018696387429069	0.0	0.0	0.0	0.0
1.6851086616516113	1781094947.0	1781094948.0639684	1	10.0	10.0	8.0	8.0	NeuronSpectrum 10.06.2026 14:49:30	EEG	checkup_149_10.06.2026 14:49:30	500.0	499.6666666666667	True	0.5	40.0	4	True	50.0	30.0	317.7822265625	11.40132154125358	-508.3418884277344	-14.941616549457386	-376.4401550292969	-19.674589194889595	-456.0048828125	-26.30586078956112	-514.7188720703125	-25.79881928413793	-81.3670425415039	-1.8707718960292987	-277.8699951171875	-11.723182909849132	-45.32114791870117	-0.5802149588079507	0.0	0.0	0.0	0.0
1.6851143836975098	1781094947.0	1781094948.0639741	1	10.0	10.0	8.0	8.0	NeuronSpectrum 10.06.2026 14:49:30	EEG	checkup_149_10.06.2026 14:49:30	500.0	499.6666666666667	True	0.5	40.0	4	True	50.0	30.0	318.0125427246094	15.701753418510418	-507.39501953125	-20.39273464101035	-375.458251953125	-23.295451740750135	-454.1485290527344	-30.151999450706914	-513.9155883789062	-31.536796537267175	-80.58450317382812	-1.933792143697547	-275.909912109375	-13.306942518387068	-44.62457275390625	-0.5003104957532618	0.0	0.0	0.0	0.0
1.6851170063018799	1781094947.0	1781094948.0639768	1	10.0	10.0	8.0	8.0	NeuronSpectrum 10.06.2026 14:49:30	EEG	checkup_149_10.06.2026 14:49:30	500.0	499.6666666666667	True	0.5	40.0	4	True	50.0	30.0	320.5257263183594	22.691339959036895	-509.8496398925781	-29.839659259256237	-376.9463806152344	-29.846525742202488	-455.3363952636719	-37.70691204798359	-516.6546020507812	-41.42060782178743	-80.18302917480469	-2.4207431133714636	-276.2381896972656	-17.398326153186755	-44.16243362426758	-0.7238973406688405	0.0	0.0	0.0	0.0
1.6851189136505127	1781094947.0	1781094948.0639787	1	10.0	10.0	8.0	8.0	NeuronSpectrum 10.06.2026 14:49:30	EEG	checkup_149_10.06.2026 14:49:30	500.0	499.6666666666667	True	0.5	40.0	4	True	50.0	30.0	324.7785339355469	31.026630391230658	-514.937744140625	-41.25260647961971	-380.33282470703125	-37.87363155203123	-458.9739990234375	-47.22769431382873	-522.1736450195312	-53.396189243596794	-80.03012084960938	-3.0776880547582164	-278.45965576171875	-22.942471570920326	-43.94840621948242	-1.1495043010457824	0.0	0.0	0.0	0.0
1.6851210594177246	1781094947.0	1781094948.0639808	1	10.0	10.0	8.0	8.0	NeuronSpectrum 10.06.2026 14:49:30	EEG	checkup_149_10.06.2026 14:49:30	500.0	499.6666666666667	True	0.5	40.0	4	True	50.0	30.0	327.5520935058594	39.24169738064957	-517.6419067382812	-52.41738810635271	-381.944580078125	-45.77585673861387	-460.717529296875	-56.775549279393346	-525.39111328125	-65.20683401905077	-79.3658218383789	-3.6320046454788555	-279.7818603515625	-28.735629959106454	-43.61195373535156	-1.6644737796956106	0.0	0.0	0.0	0.0
1.6851232051849365	1781094947.0	1781094948.063983	1	10.0	10.0	8.0	8.0	NeuronSpectrum 10.06.2026 14:49:30	EEG	checkup_149_10.06.2026 14:49:30	500.0	499.6666666666667	True	0.5	40.0	4	True	50.0	30.0	324.67218017578125	46.02758348987419	-511.42852783203125	-61.372400924744746	-377.0235900878906	-52.126503910779846	-454.8695983886719	-64.60020267496117	-519.6681518554688	-74.83612478912057	-77.2418212890625	-3.858829704368496	-276.5378112792969	-33.669651432631724	-42.63606262207031	-2.170568214029124	0.0	0.0	0.0	0.0
1.6851251125335693	1781094948.0	1781094948.0639849	1	10.0	10.0	8.0	8.0	NeuronSpectrum 10.06.2026 14:49:30	EEG	checkup_149_10.06.2026 14:49:30	500.0	499.6666666666667	True	0.5	40.0	4	True	50.0	30.0	315.1172180175781	50.39840502390624	-494.759521484375	-66.66436033975454	-364.49481201171875	-55.86202384477753	-440.1123352050781	-69.36907787325177	-503.4056396484375	-80.77115368020566	-73.51416015625	-3.617002747165599	-267.78765869140625	-36.883726866741185	-40.951507568359375	-2.594344672218601	0.0	0.0	0.0	0.0
1.6851270198822021	1781094948.0	1781094948.0639868	1	10.0	10.0	8.0	8.0	NeuronSpectrum 10.06.2026 14:49:30	EEG	checkup_149_10.06.2026 14:49:30	500.0	499.6666666666667	True	0.5	40.0	4	True	50.0	30.0	304.3173522949219	51.75509764457414	-476.3166198730469	-67.44016240442	-350.7740478515625	-56.35131589379241	-424.103515625	-70.25711112862663	-485.34515380859375	-82.10286827182664	-69.62163543701172	-2.8563411300698083	-258.20904541015625	-37.83001362771999	-39.41636657714844	-2.886143448428346	0.0	0.0	0.0	0.0
1.6851286888122559	1781094948.0	1781094948.0639884	1	10.0	10.0	8.0	8.0	NeuronSpectrum 10.06.2026 14:49:30	EEG	checkup_149_10.06.2026 14:49:30	500.0	499.6666666666667	True	0.5	40.0	4	True	50.0	30.0	302.488037109375	49.89751873846671	-472.3587341308594	-63.45599631237214	-347.8047180175781	-53.4046391438926	-421.12445068359375	-66.9682654521766	-481.9024658203125	-78.54416362594448	-68.16141510009766	-1.6090550910925985	-256.6579895019531	-36.29420001257221	-39.56255340576172	-3.016723847638214	0.0	0.0	0.0	0.0
1.6851308345794678	1781094948.0	1781094948.0639906	1	10.0	10.0	8.0	8.0	NeuronSpectrum 10.06.2026 14:49:30	EEG	checkup_149_10.06.2026 14:49:30	500.0	499.6666666666667	True	0.5	40.0	4	True	50.0	30.0	316.900146484375	45.036934327989314	-494.4786071777344	-55.087617999637935	-364.0683288574219	-47.28349662918843	-441.25762939453125	-59.760869641518134	-504.7710876464844	-70.44875169374201	-71.00709533691406	0.02019775044358399	-269.4488525390625	-32.41390305600731	-42.443180084228516	-2.9798644694264174	0.0	0.0	0.0	0.0
1.6851327419281006	1781094948.0	1781094948.0639925	1	10.0	10.0	8.0	8.0	NeuronSpectrum 10.06.2026 14:49:30	EEG	checkup_149_10.06.2026 14:49:30	500.0	499.6666666666667	True	0.5	40.0	4	True	50.0	30.0	342.5538330078125	37.82440605798225	-534.8262939453125	-43.36829500327606	-393.7620544433594	-38.730769098453614	-477.3565673828125	-49.496995925764274	-545.9567260742188	-58.85568816810526	-77.04315185546875	1.8589753780809737	-292.239990234375	-26.7072591891031	-47.24325180053711	-2.802841568587694	0.0	0.0	0.0	0.0
1.6851346492767334	1781094948.0	1781094948.0639944	1	10.0	10.0	8.0	8.0	NeuronSpectrum 10.06.2026 14:49:30	EEG	checkup_149_10.06.2026 14:49:30	500.0	499.6666666666667	True	0.5	40.0	4	True	50.0	30.0	359.1051940917969	29.355419996782135	-561.2247314453125	-29.993493194694658	-413.24468994140625	-28.976209269541783	-500.79364013671875	-37.658308321924466	-572.8331909179688	-45.496264307851796	-81.39910888671875	3.6729248613761993	-307.35150146484375	-20.07738435943051	-50.82441329956055	-2.557615355607989	0.0	0.0	0.0	0.0
1.6851365566253662	1781094948.0	1781094948.0639963	1	10.0	10.0	8.0	8.0	NeuronSpectrum 10.06.2026 14:49:30	EEG	checkup_149_10.06.2026 14:49:30	500.0	499.6666666666667	True	0.5	40.0	4	True	50.0	30.0	339.087646484375	21.075219721189136	-530.1611938476562	-17.173886378609254	-390.588134765625	-19.63018784751192	-473.02484130859375	-26.220507276815397	-541.3119506835938	-32.642505863897284	-77.40039825439453	5.188786723074355	-290.8982238769531	-13.728138954676085	-48.960121154785156	-2.3595931822127922	0.0	0.0	0.0	0.0
1.685138463973999	1781094948.0	1781094948.0639982	1	10.0	10.0	8.0	8.0	NeuronSpectrum 10.06.2026 14:49:30	EEG	checkup_149_10.06.2026 14:49:30	500.0	499.6666666666667	True	0.5	40.0	4	True	50.0	30.0	264.3306884765625	14.531555014138897	-412.765380859375	-7.252289278597278	-304.63092041015625	-12.403487827198285	-368.607421875	-17.310104388640195	-422.17022705078125	-22.712027231865893	-60.510467529296875	6.14667513924676	-227.0482177734375	-8.946352583028023	-38.80466842651367	-2.3438974687720178	0.0	0.0	0.0	0.0
1.6851401329040527	1781094948.0	1781094948.064	1	10.0	10.0	8.0	8.0	NeuronSpectrum 10.06.2026 14:49:30	EEG	checkup_149_10.06.2026 14:49:30	500.0	499.6666666666667	True	0.5	40.0	4	True	50.0	30.0	140.05738830566406	11.00839908535011	-217.13873291015625	-2.136191659566923	-161.33383178710938	-8.690752658533304	-194.9239044189453	-12.689764064518586	-223.67527770996094	-17.682970457278927	-31.755346298217773	6.374779248927199	-120.26687622070312	-6.78098255991852	-21.026460647583008	-2.6221509885763523	0.0	0.0	0.0	0.0
1.7361669540405273	1781094948.0	1781094948.1150267	1	10.0	10.0	8.0	8.0	NeuronSpectrum 10.06.2026 14:49:30	EEG	checkup_149_10.06.2026 14:49:30	500.0	499.6666666666667	True	0.5	40.0	4	True	50.0	30.0	314.78302001953125	11.17403821804394	-493.92889404296875	-2.7545575512161524	-363.79425048828125	-9.170470751038785	-439.5267639160156	-13.259460809648889	-504.2405090332031	-18.532722852908787	-73.61007690429688	5.857137007068354	-272.6178894042969	-7.736033274671349	-47.66331100463867	-3.238166326256141	0.0	0.0	0.0	0.0
1.7361726760864258	1781094948.0	1781094948.1150324	1	10.0	10.0	8.0	8.0	NeuronSpectrum 10.06.2026 14:49:30	EEG	checkup_149_10.06.2026 14:49:30	500.0	499.6666666666667	True	0.5	40.0	4	True	50.0	30.0	314.45318603515625	14.903824884013597	-493.5679626464844	-8.789871468778234	-363.3336181640625	-13.605773827429722	-439.0455627441406	-18.799648839628773	-504.1700134277344	-24.957369803929847	-73.74055480957031	4.759213132685308	-272.805908203125	-11.617107375347713	-47.901920318603516	-4.145640352688785	0.0	0.0	0.0	0.0
1.736175298690796	1781094948.0	1781094948.115035	1	10.0	10.0	8.0	8.0	NeuronSpectrum 10.06.2026 14:49:30	EEG	checkup_149_10.06.2026 14:49:30	500.0	499.6666666666667	True	0.5	40.0	4	True	50.0	30.0	316.42852783203125	21.35361303456794	-496.2905578613281	-18.803812125872415	-365.1153564453125	-20.933608296927552	-441.7404479980469	-28.065798249133888	-507.4503173828125	-35.494136519171605	-73.85043334960938	3.3956907718858607	-274.677978515625	-17.59821325353712	-48.20969009399414	-5.219141960461839	0.0	0.0	0.0	0.0
1.7361774444580078	1781094948.0	1781094948.1150372	1	10.0	10.0	8.0	8.0	NeuronSpectrum 10.06.2026 14:49:30	EEG	checkup_149_10.06.2026 14:49:30	500.0	499.6666666666667	True	0.5	40.0	4	True	50.0	30.0	320.2229919433594	29.227901138457845	-501.3751220703125	-30.66751632181402	-368.6588439941406	-29.578171379723344	-446.9762268066406	-39.15948876848425	-513.2565307617188	-47.95787370940595	-73.8334732055664	2.1553383351208066	-277.8347473144531	-24.4608950476799	-48.565406799316406	-6.290654593873515	0.0	0.0	0.0	0.0
1.7361795902252197	1781094948.0	1781094948.1150393	1	10.0	10.0	8.0	8.0	NeuronSpectrum 10.06.2026 14:49:30	EEG	checkup_149_10.06.2026 14:49:30	500.0	499.6666666666667	True	0.5	40.0	4	True	50.0	30.0	322.67529296875	37.10930437040415	-504.0693664550781	-42.08638333670646	-370.53118896484375	-37.8358133499177	-450.42083740234375	-49.99259846000963	-516.6266479492188	-59.97862775518805	-73.13822174072266	1.4151480358895794	-279.6510009765625	-30.890359171144716	-48.573020935058594	-7.192858427663507	0.0	0.0	0.0	0.0
1.7361814975738525	1781094948.0	1781094948.1150413	1	10.0	10.0	8.0	8.0	NeuronSpectrum 10.06.2026 14:49:30	EEG	checkup_149_10.06.2026 14:49:30	500.0	499.6666666666667	True	0.5	40.0	4	True	50.0	30.0	319.6573486328125	43.72974900999402	-498.14495849609375	-51.0319099201686	-366.18524169921875	-44.194667196356924	-446.34100341796875	-58.67891961422538	-511.100341796875	-69.44886353077777	-71.05288696289062	1.4719159826866817	-276.6575927734375	-35.72445054981353	-47.69602584838867	-7.792616215893488	0.0	0.0	0.0	0.0
1.7361836433410645	1781094948.0	1781094948.1150434	1	10.0	10.0	8.0	8.0	NeuronSpectrum 10.06.2026 14:49:30	EEG	checkup_149_10.06.2026 14:49:30	500.0	499.6666666666667	True	0.5	40.0	4	True	50.0	30.0	310.1706237792969	48.12934306186774	-482.0906982421875	-55.99633920328216	-354.4480895996094	-47.527124673324565	-433.1481018066406	-63.776716387603294	-495.0560302734375	-74.7927331687389	-67.4290771484375	2.5037447907457415	-267.9065856933594	-38.10680252322921	-45.85226821899414	-8.007867926388787	0.0	0.0	0.0	0.0
1.7361853122711182	1781094948.0	1781094948.115045	1	10.0	10.0	8.0	8.0	NeuronSpectrum 10.06.2026 14:49:30	EEG	checkup_149_10.06.2026 14:49:30	500.0	499.6666666666667	True	0.5	40.0	4	True	50.0	30.0	299.63909912109375	49.715148674832925	-464.108642578125	-56.08923097973986	-341.1619567871094	-47.16799842539278	-417.8940734863281	-64.3954214078424	-476.8167419433594	-75.0743012205095	-63.27412796020508	4.558748377405622	-257.7106018066406	-37.5512919955782	-43.90061569213867	-7.810745147588663	0.0	0.0	0.0	0.0
1.736187219619751	1781094948.0	1781094948.115047	1	10.0	10.0	8.0	8.0	NeuronSpectrum 10.06.2026 14:49:30	EEG	checkup_149_10.06.2026 14:49:30	500.0	499.6666666666667	True	0.5	40.0	4	True	50.0	30.0	298.24603271484375	48.27126962175282	-459.6131591796875	-51.0552720243958	-337.4105224609375	-42.93452233365498	-414.1151123046875	-60.232094616126794	-472.1062316894531	-70.02307304454959	-60.462989807128906	7.559613342313733	-254.34707641601562	-33.95782316368119	-43.399681091308594	-7.2251113164128435	0.0	0.0	0.0	0.0
1.7361891269683838	1781094948.0	1781094948.115049	1	10.0	10.0	8.0	8.0	NeuronSpectrum 10.06.2026 14:49:30	EEG	checkup_149_10.06.2026 14:49:30	500.0	499.6666666666667	True	0.5	40.0	4	True	50.0	30.0	313.2182312011719	43.97247805386613	-479.56121826171875	-41.293180204275075	-351.10736083984375	-35.14449551612307	-431.5232238769531	-51.60394358060725	-492.1559143066406	-60.0564915621406	-60.367645263671875	11.31240614842199	-263.80224609375	-27.620672693929723	-45.4653205871582	-6.326338602874456	0.0	0.0	0.0	0.0
1.7361910343170166	1781094948.0	1781094948.1150508	1	10.0	10.0	8.0	8.0	NeuronSpectrum 10.06.2026 14:49:30	EEG	checkup_149_10.06.2026 14:49:30	500.0	499.6666666666667	True	0.5	40.0	4	True	50.0	30.0	339.516845703125	37.41668436301702	-516.3677978515625	-27.89839845885271	-376.8179016113281	-24.64755846998735	-463.51806640625	-39.49376044550597	-529.3413696289062	-46.32196629943024	-62.19887161254883	15.515314158442397	-282.1716003417969	-19.24123368240763	-49.3804931640625	-5.245155750054095	0.0	0.0	0.0	0.0
1.7361924648284912	1781094948.0	1781094948.1150522	1	10.0	10.0	8.0	8.0	NeuronSpectrum 10.06.2026 14:49:30	EEG	checkup_149_10.06.2026 14:49:30	500.0	499.6666666666667	True	0.5	40.0	4	True	50.0	30.0	356.7731018066406	29.636066185131604	-539.28271484375	-12.66740973582544	-392.3996887207031	-12.823646935375745	-483.04205322265625	-25.55176332200281	-552.445068359375	-30.695668202419945	-62.46034240722656	19.773720688386458	-293.1107177734375	-9.912937215561245	-52.12307357788086	-4.168801325760559	0.0	0.0	0.0	0.0
1.7361946105957031	1781094948.0	1781094948.1150544	1	10.0	10.0	8.0	8.0	NeuronSpectrum 10.06.2026 14:49:30	EEG	checkup_149_10.06.2026 14:49:30	500.0	499.6666666666667	True	0.5	40.0	4	True	50.0	30.0	337.50396728515625	22.010525843719396	-506.84832763671875	2.0530107730662626	-367.9803466796875	-1.4641048350668453	-453.5468444824219	-11.950998807983591	-519.3124389648438	-15.620614153422709	-56.40983200073242	23.6348092572808	-274.4642333984375	-1.0183278094825952	-49.57223129272461	-3.3272282756710534	0.0	0.0	0.0	0.0
1.7361962795257568	1781094948.0	1781094948.115056	1	10.0	10.0	8.0	8.0	NeuronSpectrum 10.06.2026 14:49:30	EEG	checkup_149_10.06.2026 14:49:30	500.0	499.6666666666667	True	0.5	40.0	4	True	50.0	30.0	263.5137634277344	16.029121407503233	-391.7365417480469	13.753571202089608	-283.8876037597656	7.522794265865099	-350.9339599609375	-1.0259050704575177	-402.12298583984375	-3.70230444127939	-40.96678924560547	26.650604781273625	-211.57972717285156	6.001923093401415	-38.94894027709961	-2.9555709579744605	0.0	0.0	0.0	0.0
1.7361981868743896	1781094948.0	1781094948.115058	1	10.0	10.0	8.0	8.0	NeuronSpectrum 10.06.2026 14:49:30	EEG	checkup_149_10.06.2026 14:49:30	500.0	499.6666666666667	True	0.5	40.0	4	True	50.0	30.0	139.97750854492188	12.931693008930202	-202.0360565185547	20.33587459175967	-146.02699279785156	12.542526513467822	-182.38677978515625	5.257085647935998	-209.06881713867188	2.8840410341179608	-17.18743896484375	28.461975197808762	-108.76496124267578	9.976048399445242	-20.93438148498535	-3.2374823599095697	0.0	0.0	0.0	0.0
1.7361998558044434	1781094948.0	1781094948.1150596	1	10.0	10.0	8.0	8.0	NeuronSpectrum 10.06.2026 14:49:30	EEG	checkup_149_10.06.2026 14:49:30	500.0	499.6666666666667	True	0.5	40.0	4	True	50.0	30.0	314.7110595703125	13.36262949736603	-466.2247009277344	20.66686700470636	-337.3492431640625	12.730128395371354	-416.2718811035156	5.811794783829896	-478.2873229980469	2.964883280222913	-48.17319107055664	28.877298791616116	-250.95709228515625	10.310125566496538	-47.92489242553711	-4.2495119567675275	0.0	0.0	0.0	0.0
1.7362017631530762	1781094948.0	1781094948.1150615	1	10.0	10.0	8.0	8.0	NeuronSpectrum 10.06.2026 14:49:30	EEG	checkup_149_10.06.2026 14:49:30	500.0	499.6666666666667	True	0.5	40.0	4	True	50.0	30.0	314.49658203125	17.195816130189883	-465.71258544921875	14.867561897145166	-337.3470153808594	8.169377617994167	-415.7106628417969	0.7050230515228839	-478.11199951171875	-3.3338687930306072	-48.329898834228516	27.91417692713176	-250.93360900878906	7.143274901643952	-48.882232666015625	-5.931408912188831	0.0	0.0	0.0	0.0
1.736203908920288	1781094948.0	1781094948.1150637	1	10.0	10.0	8.0	8.0	NeuronSpectrum 10.06.2026 14:49:30	EEG	checkup_149_10.06.2026 14:49:30	500.0	499.6666666666667	True	0.5	40.0	4	True	50.0	30.0	316.3558044433594	23.606174179001663	-469.6541442871094	4.216476820336981	-340.9314270019531	-0.1737662383576718	-419.28350830078125	-8.919342719926153	-482.55316162109375	-14.685001366350818	-49.744110107421875	25.78796202321297	-253.42791748046875	1.2838360654972805	-50.303367614746094	-8.095146803169165	0.0	0.0	0.0	0.0
1.7362060546875	1781094948.0	1781094948.1150658	1	10.0	10.0	8.0	8.0	NeuronSpectrum 10.06.2026 14:49:30	EEG	checkup_149_10.06.2026 14:49:30	500.0	499.6666666666667	True	0.5	40.0	4	True	50.0	30.0	319.8569030761719	31.332147734366842	-477.2785339355469	-9.251200568466349	-347.4384765625	-10.746119682141002	-426.27264404296875	-21.195224059668472	-490.8126525878906	-28.97158688401746	-52.21714782714844	22.855660132497768	-257.8146057128906	-6.028482199648355	-52.06190490722656	-10.46584504735297	0.0	0.0	0.0	0.0
1.7362079620361328	1781094948.0	1781094948.1150677	1	10.0	10.0	8.0	8.0	NeuronSpectrum 10.06.2026 14:49:30	EEG	checkup_149_10.06.2026 14:49:30	500.0	499.6666666666667	True	0.5	40.0	4	True	50.0	30.0	321.9447326660156	38.997020206680645	-483.5013122558594	-23.248882143128537	-353.003173828125	-21.78562362521627	-432.1272277832031	-33.99197071059618	-497.6752014160156	-43.80807417224316	-54.85334396362305	19.53935041766503	-261.1770324707031	-13.42333388971603	-53.60269546508789	-12.735819276880731	0.0	0.0	0.0	0.0
1.7362096309661865	1781094948.0	1781094948.1150694	1	10.0	10.0	8.0	8.0	NeuronSpectrum 10.06.2026 14:49:30	EEG	checkup_149_10.06.2026 14:49:30	500.0	499.6666666666667	True	0.5	40.0	4	True	50.0	30.0	318.6146545410156	45.37136264141754	-481.6092529296875	-35.66719910349517	-352.5512390136719	-31.649985242082128	-430.8291320800781	-45.31332934685303	-496.2429504394531	-56.98555542165074	-56.46296691894531	16.252619753198154	-259.7787780761719	-19.660744481876186	-54.199989318847656	-14.614250753353836	0.0	0.0	0.0	0.0
1.7362115383148193	1781094948.0	1781094948.1150713	1	10.0	10.0	8.0	8.0	NeuronSpectrum 10.06.2026 14:49:30	EEG	checkup_149_10.06.2026 14:49:30	500.0	499.6666666666667	True	0.5	40.0	4	True	50.0	30.0	308.9499206542969	49.52466535795329	-469.7401123046875	-44.842059163411385	-344.5826721191406	-39.03159735658257	-420.6137390136719	-53.56062150215566	-484.554931640625	-66.75447178347501	-56.56632995605469	13.343188820628143	-252.56373596191406	-23.80153839764516	-53.57746887207031	-15.863691425736286	0.0	0.0	0.0	0.0
1.736213207244873	1781094948.0	1781094948.115073	1	10.0	10.0	8.0	8.0	NeuronSpectrum 10.06.2026 14:49:30	EEG	checkup_149_10.06.2026 14:49:30	500.0	499.6666666666667	True	0.5	40.0	4	True	50.0	30.0	298.3667297363281	50.88012250868898	-456.13726806640625	-49.67690797291534	-335.06085205078125	-43.065594042803276	-408.6245422363281	-57.66876867591766	-470.9665222167969	-71.95830747417232	-56.248409271240234	11.053710212695277	-243.99781799316406	-25.289986827125002	-52.415706634521484	-16.323419569171573	0.0	0.0	0.0	0.0
1.7362151145935059	1781094948.0	1781094948.1150749	1	10.0	10.0	8.0	8.0	NeuronSpectrum 10.06.2026 14:49:30	EEG	checkup_149_10.06.2026 14:49:30	500.0	499.6666666666667	True	0.5	40.0	4	True	50.0	30.0	296.955322265625	49.22488380787264	-456.6192321777344	-49.69216244400997	-335.58380126953125	-43.38026255891916	-408.71380615234375	-57.17438083815759	-471.5848388671875	-72.0911039321074	-57.84812545776367	9.495688368077547	-242.7265625	-23.984339704952376	-52.13111114501953	-15.924671062631662	0.0	0.0	0.0	0.0
1.7362165451049805	1781094948.0	1781094948.1150763	1	10.0	10.0	8.0	8.0	NeuronSpectrum 10.06.2026 14:49:30	EEG	checkup_149_10.06.2026 14:49:30	500.0	499.6666666666667	True	0.5	40.0	4	True	50.0	30.0	311.83197021484375	44.72779589341937	-482.4911193847656	-45.075138399580375	-354.5225830078125	-40.140135107161115	-430.81610107421875	-52.27552915676205	-497.9406433105469	-67.35221394477841	-63.16395568847656	8.631110241888415	-255.07827758789062	-20.173324558098862	-53.76177978515625	-14.70258668740411	0.0	0.0	0.0	0.0
1.7362186908721924	1781094948.0	1781094948.1150784	1	10.0	10.0	8.0	8.0	NeuronSpectrum 10.06.2026 14:49:30	EEG	checkup_149_10.06.2026 14:49:30	500.0	499.6666666666667	True	0.5	40.0	4	True	50.0	30.0	337.9248962402344	37.9787106836066	-525.87939453125	-36.74707797411096	-386.2388916015625	-34.09217974840382	-468.0376892089844	-43.8939213092177	-542.0182495117188	-58.71436473301866	-71.19022369384766	8.26301676149804	-277.1396484375	-14.588651359606283	-56.61379623413086	-12.804602427217926	0.0	0.0	0.0	0.0
1.736220121383667	1781094948.0	1781094948.1150799	1	10.0	10.0	8.0	8.0	NeuronSpectrum 10.06.2026 14:49:30	EEG	checkup_149_10.06.2026 14:49:30	500.0	499.6666666666667	True	0.5	40.0	4	True	50.0	30.0	354.96148681640625	30.007285784056087	-554.8297119140625	-26.37963396895399	-407.43896484375	-26.565769729265455	-492.3337707519531	-33.677969227129616	-571.2427368164062	-47.935860188777916	-77.25765228271484	8.046164065426932	-292.0301818847656	-8.380466805587249	-57.815948486328125	-10.48780442899339	0.0	0.0	0.0	0.0
1.7362220287322998	1781094948.0	1781094948.1150818	1	10.0	10.0	8.0	8.0	NeuronSpectrum 10.06.2026 14:49:30	EEG	checkup_149_10.06.2026 14:49:30	500.0	499.6666666666667	True	0.5	40.0	4	True	50.0	30.0	335.64239501953125	22.20284515394179	-526.1425170898438	-16.240242017067974	-386.5324401855469	-19.34018267479213	-465.80206298828125	-23.841261680761654	-541.569580078125	-37.39455616884436	-74.84954833984375	7.534011200632232	-276.6910400390625	-2.995816878269744	-53.514835357666016	-8.093889623212378	0.0	0.0	0.0	0.0
1.7362236976623535	1781094948.0	1781094948.1150835	1	10.0	10.0	8.0	8.0	NeuronSpectrum 10.06.2026 14:49:30	EEG	checkup_149_10.06.2026 14:49:30	500.0	499.6666666666667	True	0.5	40.0	4	True	50.0	30.0	261.9241943359375	16.07900810841936	-411.1410217285156	-8.784439482759577	-302.4990539550781	-14.32305806010003	-363.3599853515625	-16.767838218928986	-423.7806396484375	-29.66141545572528	-59.45286178588867	6.270015691417193	-215.661865234375	0.07828266841166798	-41.2497673034668	-5.995212361685697	0.0	0.0	0.0	0.0
1.7362256050109863	1781094948.0	1781094948.1150854	1	10.0	10.0	8.0	8.0	NeuronSpectrum 10.06.2026 14:49:30	EEG	checkup_149_10.06.2026 14:49:30	500.0	499.6666666666667	True	0.5	40.0	4	True	50.0	30.0	138.9873046875	12.913831134004887	-217.87103271484375	-6.052849813193033	-161.17446899414062	-13.086301104005491	-192.26637268066406	-14.44117988183893	-226.1387176513672	-26.87451194244852	-31.991031646728516	3.9085148212665595	-113.02291107177734	-0.32954715135107787	-21.967905044555664	-4.519531130017076	0.0	0.0	0.0	0.0
1.787414312362671	1781094948.0	1781094948.166274	1	10.0	10.0	8.0	8.0	NeuronSpectrum 10.06.2026 14:49:30	EEG	checkup_149_10.06.2026 14:49:30	500.0	499.6666666666667	True	0.5	40.0	4	True	50.0	30.0	312.1940002441406	13.396796875109079	-495.9502868652344	-9.089571008469303	-365.9710388183594	-16.422458532644484	-438.0025634765625	-17.89539934742174	-510.2405090332031	-30.136790255422177	-77.52232360839844	0.32588280699248506	-265.0909118652344	-4.742390069759867	-47.02423858642578	-3.8765945660193575	0.0	0.0	0.0	0.0
1.7874205112457275	1781094948.0	1781094948.1662803	1	10.0	10.0	8.0	8.0	NeuronSpectrum 10.06.2026 14:49:30	EEG	checkup_149_10.06.2026 14:49:30	500.0	499.6666666666667	True	0.5	40.0	4	True	50.0	30.0	312.0013732910156	17.44253792920571	-498.35931396484375	-17.641436188868994	-369.1751708984375	-24.115162589413337	-441.4403076171875	-26.92466477530975	-513.105224609375	-39.204113100330744	-81.39973449707031	-4.3230400124119175	-269.9034118652344	-12.868721639858485	-46.60198211669922	-4.113823501081975	0.0	0.0	0.0	0.0
1.7874226570129395	1781094948.0	1781094948.1662824	1	10.0	10.0	8.0	8.0	NeuronSpectrum 10.06.2026 14:49:30	EEG	checkup_149_10.06.2026 14:49:30	500.0	499.6666666666667	True	0.5	40.0	4	True	50.0	30.0	314.2004699707031	24.24937044734394	-504.2671813964844	-30.26380142180737	-375.30828857421875	-35.01770167926574	-448.95318603515625	-40.16713510227527	-519.8007202148438	-52.59265719605169	-85.98912048339844	-9.625797789193799	-277.3326110839844	-23.671942050909223	-46.8975715637207	-5.115470014152865	0.0	0.0	0.0	0.0
1.7874245643615723	1781094948.0	1781094948.1662843	1	10.0	10.0	8.0	8.0	NeuronSpectrum 10.06.2026 14:49:30	EEG	checkup_149_10.06.2026 14:49:30	500.0	499.6666666666667	True	0.5	40.0	4	True	50.0	30.0	318.3857727050781	32.55094826519294	-512.72998046875	-44.7482376577233	-383.48101806640625	-47.377678623467794	-459.4610595703125	-55.49114851816636	-529.2569580078125	-68.01894575643747	-90.82341766357422	-14.99791104242471	-286.48516845703125	-35.62950053127944	-47.79296875	-6.639244331110345	0.0	0.0	0.0	0.0
1.787426471710205	1781094948.0	1781094948.1662862	1	10.0	10.0	8.0	8.0	NeuronSpectrum 10.06.2026 14:49:30	EEG	checkup_149_10.06.2026 14:49:30	500.0	499.6666666666667	True	0.5	40.0	4	True	50.0	30.0	321.44879150390625	40.93272376489524	-518.6260375976562	-58.662363304329105	-389.68359375	-59.25195863312963	-467.9858703613281	-70.49730650867654	-536.087158203125	-82.95709315978016	-94.7764663696289	-19.798281711836523	-294.0750732421875	-47.06505249325342	-48.75508117675781	-8.371703815847924	0.0	0.0	0.0	0.0
1.787428617477417	1781094948.0	1781094948.1662884	1	10.0	10.0	8.0	8.0	NeuronSpectrum 10.06.2026 14:49:30	EEG	checkup_149_10.06.2026 14:49:30	500.0	499.6666666666667	True	0.5	40.0	4	True	50.0	30.0	319.2588806152344	48.097628988004416	-515.3260498046875	-69.81030133128152	-388.80181884765625	-68.8679372020775	-468.1260986328125	-82.96273078675807	-533.3712768554688	-95.1160037710763	-96.52806854248047	-23.43953984451174	-295.9747009277344	-56.444315690097014	-49.08619689941406	-9.984208648821578	0.0	0.0	0.0	0.0
1.7874305248260498	1781094948.0	1781094948.1662903	1	10.0	10.0	8.0	8.0	NeuronSpectrum 10.06.2026 14:49:30	EEG	checkup_149_10.06.2026 14:49:30	500.0	499.6666666666667	True	0.5	40.0	4	True	50.0	30.0	310.7286682128906	53.02865375363217	-501.0548095703125	-76.52246363815283	-379.3497314453125	-74.85996109879058	-457.85601806640625	-91.13984960570735	-519.2381591796875	-102.7417625509229	-95.56722259521484	-25.47223100535826	-290.80706787109375	-62.57778675277435	-48.49971389770508	-11.179321227971014	0.0	0.0	0.0	0.0
1.7874324321746826	1781094948.0	1781094948.1662922	1	10.0	10.0	8.0	8.0	NeuronSpectrum 10.06.2026 14:49:30	EEG	checkup_149_10.06.2026 14:49:30	500.0	499.6666666666667	True	0.5	40.0	4	True	50.0	30.0	301.0964050292969	55.05959119400636	-484.0135498046875	-77.78570746201122	-367.2755126953125	-76.38507769159341	-444.2073669433594	-93.91171610855531	-502.15570068359375	-104.75564130967672	-92.98733520507812	-25.637306795958906	-282.8414306640625	-64.72873512655694	-47.58205032348633	-11.725870751735263	0.0	0.0	0.0	0.0
1.7874343395233154	1781094948.0	1781094948.166294	1	10.0	10.0	8.0	8.0	NeuronSpectrum 10.06.2026 14:49:30	EEG	checkup_149_10.06.2026 14:49:30	500.0	499.6666666666667	True	0.5	40.0	4	True	50.0	30.0	300.3057556152344	53.902113511390425	-479.85650634765625	-73.28621896278284	-364.11126708984375	-73.16830577330077	-441.07171630859375	-90.86101757046048	-498.3149108886719	-100.80159199189212	-91.1218490600586	-23.892092431132827	-280.644775390625	-62.65960817620206	-47.57692337036133	-11.485737326239509	0.0	0.0	0.0	0.0
1.7874360084533691	1781094948.0	1781094948.1662958	1	10.0	10.0	8.0	8.0	NeuronSpectrum 10.06.2026 14:49:30	EEG	checkup_149_10.06.2026 14:49:30	500.0	499.6666666666667	True	0.5	40.0	4	True	50.0	30.0	315.390380859375	49.67683750281088	-499.8249816894531	-63.440471565122735	-378.2161560058594	-65.53120809903531	-458.5920715332031	-82.31481285602929	-519.3629150390625	-91.28067364418754	-91.7801742553711	-20.417834188645593	-290.5487060546875	-56.65429024114188	-49.35078430175781	-10.435391672640689	0.0	0.0	0.0	0.0
1.787437915802002	1781094948.0	1781094948.1662977	1	10.0	10.0	8.0	8.0	NeuronSpectrum 10.06.2026 14:49:30	EEG	checkup_149_10.06.2026 14:49:30	500.0	499.6666666666667	True	0.5	40.0	4	True	50.0	30.0	341.2803649902344	42.9591414706932	-536.4092407226562	-49.43530273776359	-404.18316650390625	-54.41901040105233	-490.29168701171875	-69.38173237772641	-557.5798950195312	-77.39427053756047	-94.11345672607422	-15.61175364942939	-308.7170715332031	-47.52733675423412	-52.15386962890625	-8.68065293750578	0.0	0.0	0.0	0.0
1.7874393463134766	1781094948.0	1781094948.166299	1	10.0	10.0	8.0	8.0	NeuronSpectrum 10.06.2026 14:49:30	EEG	checkup_149_10.06.2026 14:49:30	500.0	499.6666666666667	True	0.5	40.0	4	True	50.0	30.0	357.79327392578125	34.79632156379603	-558.6104736328125	-33.215859388153476	-419.3169250488281	-41.38209408772469	-508.7575988769531	-53.92811226938414	-580.97119140625	-61.13321653709332	-93.89741516113281	-10.057095030287577	-318.4703369140625	-36.58954020997233	-53.2398681640625	-6.456733404995696	0.0	0.0	0.0	0.0
1.7874412536621094	1781094948.0	1781094948.166301	1	10.0	10.0	8.0	8.0	NeuronSpectrum 10.06.2026 14:49:30	EEG	checkup_149_10.06.2026 14:49:30	500.0	499.6666666666667	True	0.5	40.0	4	True	50.0	30.0	337.78887939453125	26.618636940203693	-524.5516357421875	-17.30782386539304	-392.9019470214844	-28.42991481775411	-476.83294677734375	-38.3952749389288	-546.2783203125	-45.0957878499002	-85.36316680908203	-4.459074804113768	-297.1463623046875	-25.513018717187183	-49.00962448120117	-4.1025583269696035	0.0	0.0	0.0	0.0
1.787442922592163	1781094948.0	1781094948.1663027	1	10.0	10.0	8.0	8.0	NeuronSpectrum 10.06.2026 14:49:30	EEG	checkup_149_10.06.2026 14:49:30	500.0	499.6666666666667	True	0.5	40.0	4	True	50.0	30.0	263.4095764160156	19.99089568981129	-406.6651306152344	-4.3970751595915925	-304.7476806640625	-17.702850969962764	-370.07440185546875	-25.394296033194564	-424.98785400390625	-32.05509480203828	-64.85320281982422	0.4586638885706325	-229.88885498046875	-16.06044103036339	-37.231651306152344	-2.0036224594176177	0.0	0.0	0.0	0.0
1.7874445915222168	1781094948.0	1781094948.1663043	1	10.0	10.0	8.0	8.0	NeuronSpectrum 10.06.2026 14:49:30	EEG	checkup_149_10.06.2026 14:49:30	500.0	499.6666666666667	True	0.5	40.0	4	True	50.0	30.0	139.99176025390625	16.239288651419802	-213.28526306152344	3.2749088212017594	-161.0916748046875	-11.007172261037422	-196.02999877929688	-17.135430510229032	-225.642578125	-24.335535841905738	-33.91554641723633	4.08232857108883	-121.48117065429688	-9.717011364991105	-18.89742660522461	-0.5117037365663997	0.0	0.0	0.0	0.0
1.7874462604522705	1781094948.0	1781094948.166306	1	10.0	10.0	8.0	8.0	NeuronSpectrum 10.06.2026 14:49:30	EEG	checkup_149_10.06.2026 14:49:30	500.0	499.6666666666667	True	0.5	40.0	4	True	50.0	30.0	312.7032470703125	16.088560930913687	-481.25469970703125	4.4878267912697805	-357.83526611328125	-9.371585993580535	-434.6492004394531	-14.885935720964483	-502.30975341796875	-23.21654868216808	-72.00263214111328	6.0243637626036195	-267.63348388671875	-7.346789638963932	-41.95016098022461	0.13497739855528895	0.0	0.0	0.0	0.0
1.7874481678009033	1781094948.0	1781094948.166308	1	10.0	10.0	8.0	8.0	NeuronSpectrum 10.06.2026 14:49:30	EEG	checkup_149_10.06.2026 14:49:30	500.0	499.6666666666667	True	0.5	40.0	4	True	50.0	30.0	312.0746765136719	19.471861211693884	-480.54571533203125	-0.660639604359597	-356.93255615234375	-12.813206825592761	-433.1927795410156	-18.684555768842426	-501.4871826171875	-28.623452170181594	-71.1142807006836	6.187068307188396	-266.4563903808594	-9.01454736998638	-41.474700927734375	-0.1367272875124107	0.0	0.0	0.0	0.0
1.787449598312378	1781094948.0	1781094948.1663094	1	10.0	10.0	8.0	8.0	NeuronSpectrum 10.06.2026 14:49:30	EEG	checkup_149_10.06.2026 14:49:30	500.0	499.6666666666667	True	0.5	40.0	4	True	50.0	30.0	313.8506164550781	25.591876192867726	-484.2954406738281	-10.858108208190238	-359.7445983886719	-20.403248702521804	-436.05731201171875	-27.421692170974413	-505.1779479980469	-39.22943824604149	-71.74015808105469	4.754109292809446	-268.10711669921875	-14.039217739500272	-41.97281265258789	-1.227478339123608	0.0	0.0	0.0	0.0
1.7874517440795898	1781094948.0	1781094948.1663115	1	10.0	10.0	8.0	8.0	NeuronSpectrum 10.06.2026 14:49:30	EEG	checkup_149_10.06.2026 14:49:30	500.0	499.6666666666667	True	0.5	40.0	4	True	50.0	30.0	317.5556945800781	33.180170203813695	-491.56951904296875	-23.995183832759732	-365.5470886230469	-30.57064863790559	-442.4166564941406	-39.20938989912777	-512.5103149414062	-52.8810476047178	-73.60137939453125	2.1229505841928495	-271.9835205078125	-21.229850543963856	-43.32752990722656	-2.8981425787082853	0.0	0.0	0.0	0.0
1.7874534130096436	1781094948.0	1781094948.1663132	1	10.0	10.0	8.0	8.0	NeuronSpectrum 10.06.2026 14:49:30	EEG	checkup_149_10.06.2026 14:49:30	500.0	499.6666666666667	True	0.5	40.0	4	True	50.0	30.0	320.0407409667969	40.82362598816919	-497.2276611328125	-37.69043398832884	-370.45831298828125	-41.49172319088153	-447.653564453125	-51.856021271787284	-518.2633056640625	-67.13470140483172	-75.71255493164062	-1.189324206719272	-275.20269775390625	-29.18727739932534	-44.926265716552734	-4.825464915772282	0.0	0.0	0.0	0.0
1.7874550819396973	1781094948.0	1781094948.1663148	1	10.0	10.0	8.0	8.0	NeuronSpectrum 10.06.2026 14:49:30	EEG	checkup_149_10.06.2026 14:49:30	500.0	499.6666666666667	True	0.5	40.0	4	True	50.0	30.0	317.1737976074219	47.23905326650837	-494.62030029296875	-49.735217363483144	-369.4533386230469	-51.427683780639384	-445.7709655761719	-63.27746345203886	-515.6217041015625	-79.7123733917682	-76.8392562866211	-4.636271434330854	-274.091064453125	-36.565671476842525	-45.9307746887207	-6.662527451072919	0.0	0.0	0.0	0.0
1.7874565124511719	1781094948.0	1781094948.1663163	1	10.0	10.0	8.0	8.0	NeuronSpectrum 10.06.2026 14:49:30	EEG	checkup_149_10.06.2026 14:49:30	500.0	499.6666666666667	True	0.5	40.0	4	True	50.0	30.0	307.89105224609375	51.440667154927766	-481.976806640625	-58.37120672666384	-361.12255859375	-58.944876439090415	-435.1174011230469	-71.76537687925867	-502.7553405761719	-88.78767384991102	-76.52420806884766	-7.71233080195085	-267.6912841796875	-42.244144424439924	-45.88893508911133	-8.092045421810951	0.0	0.0	0.0	0.0
1.7874584197998047	1781094948.0	1781094948.1663182	1	10.0	10.0	8.0	8.0	NeuronSpectrum 10.06.2026 14:49:30	EEG	checkup_149_10.06.2026 14:49:30	500.0	499.6666666666667	True	0.5	40.0	4	True	50.0	30.0	297.46246337890625	52.809901406538	-467.5205993652344	-62.41551462684276	-351.47894287109375	-63.02697799124122	-422.9745178222656	-76.12345820863646	-488.1033020019531	-93.11819097706751	-75.89600372314453	-10.00206529049682	-260.54754638671875	-45.41547109275496	-45.24412155151367	-8.86776116652041	0.0	0.0	0.0	0.0
1.7874600887298584	1781094948.0	1781094948.1663198	1	10.0	10.0	8.0	8.0	NeuronSpectrum 10.06.2026 14:49:30	EEG	checkup_149_10.06.2026 14:49:30	500.0	499.6666666666667	True	0.5	40.0	4	True	50.0	30.0	295.8783264160156	51.11557594457372	-466.8732604980469	-61.30902241941827	-352.024658203125	-63.132333560030645	-423.2300109863281	-75.73583116492767	-487.71063232421875	-92.10156631652266	-77.25234985351562	-11.216586084114587	-261.221435546875	-45.63267173471939	-45.173370361328125	-8.844111519268898	0.0	0.0	0.0	0.0
1.7874619960784912	1781094948.0	1781094948.1663218	1	10.0	10.0	8.0	8.0	NeuronSpectrum 10.06.2026 14:49:30	EEG	checkup_149_10.06.2026 14:49:30	500.0	499.6666666666667	True	0.5	40.0	4	True	50.0	30.0	310.2665100097656	46.53368210758603	-491.0688171386719	-55.16504862571832	-370.8360290527344	-59.25011781922615	-445.631591796875	-70.63240206320107	-512.8784790039062	-85.83342887046881	-82.16888427734375	-11.225694075761758	-275.6350402832031	-42.85451888539706	-46.598392486572266	-7.995628330037853	0.0	0.0	0.0	0.0
1.787463903427124	1781094948.0	1781094948.1663237	1	10.0	10.0	8.0	8.0	NeuronSpectrum 10.06.2026 14:49:30	EEG	checkup_149_10.06.2026 14:49:30	500.0	499.6666666666667	True	0.5	40.0	4	True	50.0	30.0	335.721923828125	39.68053792189063	-532.1265258789062	-44.83870085480927	-401.8477783203125	-51.966783743614066	-482.865478515625	-61.565080311922515	-555.2938232421875	-75.18613728967783	-89.2446060180664	-10.085805703827054	-299.1141662597656	-37.49878809734626	-48.95652389526367	-6.42504865783128	0.0	0.0	0.0	0.0
1.7874658107757568	1781094948.0	1781094948.1663256	1	10.0	10.0	8.0	8.0	NeuronSpectrum 10.06.2026 14:49:30	EEG	checkup_149_10.06.2026 14:49:30	500.0	499.6666666666667	True	0.5	40.0	4	True	50.0	30.0	352.2661437988281	31.61949974513243	-558.3554077148438	-31.951891976836016	-421.3993835449219	-42.49151951380642	-506.3869323730469	-50.03314883154136	-582.2031860351562	-61.83919342179263	-93.40489959716797	-8.051108652411955	-313.8766784667969	-30.46427680836176	-49.769012451171875	-4.354825361786018	0.0	0.0	0.0	0.0
1.7874672412872314	1781094948.0	1781094948.166327	1	10.0	10.0	8.0	8.0	NeuronSpectrum 10.06.2026 14:49:30	EEG	checkup_149_10.06.2026 14:49:30	500.0	499.6666666666667	True	0.5	40.0	4	True	50.0	30.0	332.90484619140625	23.766913382943194	-527.1768798828125	-18.754028947772667	-397.82159423828125	-32.549968885458505	-477.97918701171875	-38.14868259200453	-549.6649780273438	-48.13608651195583	-87.97062683105469	-5.547894997071877	-296.24725341796875	-23.052514873098772	-45.67539596557617	-2.0948937886055177	0.0	0.0	0.0	0.0
1.7874691486358643	1781094948.0	1781094948.166329	1	10.0	10.0	8.0	8.0	NeuronSpectrum 10.06.2026 14:49:30	EEG	checkup_149_10.06.2026 14:49:30	500.0	499.6666666666667	True	0.5	40.0	4	True	50.0	30.0	259.75323486328125	17.64553991116723	-410.61126708984375	-7.734071325860957	-310.4231872558594	-24.083888687944548	-372.6579284667969	-28.267567962992427	-428.863037109375	-36.68025941421038	-68.69588470458984	-3.099089266169533	-230.84803771972656	-16.741342223513655	-34.532554626464844	0.015437299178194974	0.0	0.0	0.0	0.0
1.787470817565918	1781094948.0	1781094948.1663306	1	10.0	10.0	8.0	8.0	NeuronSpectrum 10.06.2026 14:49:30	EEG	checkup_149_10.06.2026 14:49:30	500.0	499.6666666666667	True	0.5	40.0	4	True	50.0	30.0	137.90032958984375	14.51953068132207	-217.0858612060547	-1.0359440066841308	-165.6891326904297	-18.79770343792742	-198.21986389160156	-22.436707859785844	-228.60455322265625	-29.724792443749745	-37.17318344116211	-1.2090323430566643	-122.65694427490234	-12.840374454127172	-17.20694923400879	1.6813667581327492	0.0	0.0	0.0	0.0
1.839085578918457	1781094948.0	1781094948.2179453	1	10.0	10.0	8.0	8.0	NeuronSpectrum 10.06.2026 14:49:30	EEG	checkup_149_10.06.2026 14:49:30	500.0	499.6666666666667	True	0.5	40.0	4	True	50.0	30.0	310.25067138671875	15.043383328365511	-486.6338195800781	0.11401132320163773	-366.1780700683594	-17.710908576088155	-440.87554931640625	-21.850640799495473	-507.0513610839844	-28.573094772718594	-78.70652770996094	-0.24470716651912722	-272.25689697265625	-12.147614206239439	-39.22877883911133	2.7195668741308707	0.0	0.0	0.0	0.0
1.8390913009643555	1781094948.0	1781094948.217951	1	10.0	10.0	8.0	8.0	NeuronSpectrum 10.06.2026 14:49:30	EEG	checkup_149_10.06.2026 14:49:30	500.0	499.6666666666667	True	0.5	40.0	4	True	50.0	30.0	310.4349365234375	19.08365788938805	-484.6064758300781	-4.284716649583716	-364.3273010253906	-20.908215978984902	-439.5610046386719	-26.550472247163658	-504.95892333984375	-33.25318773318853	-77.45930480957031	-0.357491844533413	-271.0494384765625	-14.752181289343747	-38.46611404418945	3.093615680301176	0.0	0.0	0.0	0.0
1.8390936851501465	1781094948.0	1781094948.2179534	1	10.0	10.0	8.0	8.0	NeuronSpectrum 10.06.2026 14:49:30	EEG	checkup_149_10.06.2026 14:49:30	500.0	499.6666666666667	True	0.5	40.0	4	True	50.0	30.0	312.83941650390625	25.7890676772707	-486.30059814453125	-13.08611549156824	-365.522705078125	-27.582906684901204	-442.0355224609375	-35.48109690481887	-506.978759765625	-42.594578974615274	-77.17823791503906	-1.4696449376139635	-272.2041931152344	-20.056846461082383	-38.23463439941406	2.9064777480837387	0.0	0.0	0.0	0.0
1.8390958309173584	1781094948.0	1781094948.2179556	1	10.0	10.0	8.0	8.0	NeuronSpectrum 10.06.2026 14:49:30	EEG	checkup_149_10.06.2026 14:49:30	500.0	499.6666666666667	True	0.5	40.0	4	True	50.0	30.0	316.947265625	33.854366765724016	-491.2042541503906	-24.384160990352566	-369.4227600097656	-36.31625047842904	-447.7582702636719	-46.83758404154861	-512.5391845703125	-54.625648680317944	-77.8844985961914	-3.317406227756399	-275.4596862792969	-26.980205106474997	-38.4051628112793	2.3580746566310538	0.0	0.0	0.0	0.0
1.839097499847412	1781094948.0	1781094948.2179573	1	10.0	10.0	8.0	8.0	NeuronSpectrum 10.06.2026 14:49:30	EEG	checkup_149_10.06.2026 14:49:30	500.0	499.6666666666667	True	0.5	40.0	4	True	50.0	30.0	319.6383056640625	41.84695059004296	-494.615478515625	-36.00611224955725	-372.50067138671875	-45.445099500493114	-452.3327941894531	-58.521026638060405	-516.6620483398438	-67.0845037755597	-78.85650634765625	-5.522676064945298	-278.1822509765625	-34.23004535953869	-38.497772216796875	1.687889679692879	0.0	0.0	0.0	0.0
1.839099407196045	1781094948.0	1781094948.2179592	1	10.0	10.0	8.0	8.0	NeuronSpectrum 10.06.2026 14:49:30	EEG	checkup_149_10.06.2026 14:49:30	500.0	499.6666666666667	True	0.5	40.0	4	True	50.0	30.0	316.8609924316406	48.47829886704558	-490.2130432128906	-45.93190417908501	-369.9562072753906	-53.38297162084827	-449.8404541015625	-68.53927868769873	-512.6691284179688	-77.8558221179826	-79.0220718383789	-7.666561238804185	-276.77496337890625	-40.54832951775517	-37.91149139404297	1.1218781004343488	0.0	0.0	0.0	0.0
1.8391013145446777	1781094948.0	1781094948.217961	1	10.0	10.0	8.0	8.0	NeuronSpectrum 10.06.2026 14:49:30	EEG	checkup_149_10.06.2026 14:49:30	500.0	499.6666666666667	True	0.5	40.0	4	True	50.0	30.0	307.6314392089844	52.766567253021336	-476.31591796875	-52.557390031207945	-360.3777160644531	-58.831749282996476	-438.4898986816406	-75.27431977248344	-498.724853515625	-85.24741789928554	-77.92855834960938	-9.351160161363675	-270.11328125	-44.880536321287885	-36.45216751098633	0.8347569400515585	0.0	0.0	0.0	0.0
1.8391032218933105	1781094948.0	1781094948.217963	1	10.0	10.0	8.0	8.0	NeuronSpectrum 10.06.2026 14:49:30	EEG	checkup_149_10.06.2026 14:49:30	500.0	499.6666666666667	True	0.5	40.0	4	True	50.0	30.0	297.2431640625	54.10150756184951	-460.95587158203125	-54.817694627319554	-349.536865234375	-60.89318248903067	-425.2135314941406	-77.62514925137246	-483.1322021484375	-88.12202421228783	-76.54718780517578	-10.248817362528818	-262.3466491699219	-46.47455502476897	-34.76219177246094	0.9296863796383641	0.0	0.0	0.0	0.0
1.8391048908233643	1781094948.0	1781094948.2179646	1	10.0	10.0	8.0	8.0	NeuronSpectrum 10.06.2026 14:49:30	EEG	checkup_149_10.06.2026 14:49:30	500.0	499.6666666666667	True	0.5	40.0	4	True	50.0	30.0	295.6348876953125	52.261153218322555	-459.4059143066406	-52.24353424967567	-348.5960388183594	-59.13071452850513	-423.51531982421875	-75.0856609249846	-481.76654052734375	-85.95869648153344	-76.94441986083984	-10.144708951494556	-261.5950622558594	-44.9440298438806	-34.12978744506836	1.4311294853908256	0.0	0.0	0.0	0.0
1.839106559753418	1781094948.0	1781094948.2179663	1	10.0	10.0	8.0	8.0	NeuronSpectrum 10.06.2026 14:49:30	EEG	checkup_149_10.06.2026 14:49:30	500.0	499.6666666666667	True	0.5	40.0	4	True	50.0	30.0	309.8520812988281	47.430342715620746	-482.4638671875	-45.02187525640324	-365.4608459472656	-53.6309594019538	-443.03875732421875	-67.81648592364277	-505.88226318359375	-78.91734486532852	-80.55982971191406	-8.977145197544463	-273.6095275878906	-40.32956130011772	-35.52986526489258	2.2849456234461805	0.0	0.0	0.0	0.0
1.8391084671020508	1781094948.0	1781094948.2179682	1	10.0	10.0	8.0	8.0	NeuronSpectrum 10.06.2026 14:49:30	EEG	checkup_149_10.06.2026 14:49:30	500.0	499.6666666666667	True	0.5	40.0	4	True	50.0	30.0	334.9624938964844	40.23493074816668	-522.2847290039062	-34.07479666532115	-394.30535888671875	-45.072087172232024	-476.91436767578125	-56.72005474481967	-547.3654174804688	-67.92101016118073	-86.11286163330078	-6.871197425822688	-294.088623046875	-33.159950302758205	-38.44233322143555	3.362773486695523	0.0	0.0	0.0	0.0
1.8391101360321045	1781094948.0	1781094948.21797	1	10.0	10.0	8.0	8.0	NeuronSpectrum 10.06.2026 14:49:30	EEG	checkup_149_10.06.2026 14:49:30	500.0	499.6666666666667	True	0.5	40.0	4	True	50.0	30.0	351.081787109375	31.751350638648695	-547.72900390625	-21.086853446012064	-412.1320495605469	-34.74559225920044	-497.5736999511719	-43.455629987380604	-573.88134765625	-54.68437035341697	-88.93553924560547	-4.1499588176478746	-306.160400390625	-24.471256184292447	-40.426795959472656	4.4734310647796045	0.0	0.0	0.0	0.0
1.8391118049621582	1781094948.0	1781094948.2179716	1	10.0	10.0	8.0	8.0	NeuronSpectrum 10.06.2026 14:49:30	EEG	checkup_149_10.06.2026 14:49:30	500.0	499.6666666666667	True	0.5	40.0	4	True	50.0	30.0	331.41619873046875	23.416225223967444	-516.9161376953125	-8.359609436615202	-388.0591125488281	-24.44123303408222	-467.9031677246094	-30.287260384200756	-541.9160766601562	-41.56359087532145	-82.8738784790039	-1.302617212057682	-287.20928955078125	-15.715429427845255	-38.099220275878906	5.387916898777366	0.0	0.0	0.0	0.0
1.8391132354736328	1781094948.0	1781094948.217973	1	10.0	10.0	8.0	8.0	NeuronSpectrum 10.06.2026 14:49:30	EEG	checkup_149_10.06.2026 14:49:30	500.0	499.6666666666667	True	0.5	40.0	4	True	50.0	30.0	258.28631591796875	16.782912595175137	-402.2566833496094	1.5890191467240613	-301.8330383300781	-16.13550307058588	-363.5302429199219	-19.69452904435884	-422.7959289550781	-31.142849162676537	-64.02774810791016	1.102036334720078	-222.47085571289062	-8.51438017279689	-29.151002883911133	5.881876522560375	0.0	0.0	0.0	0.0
1.8391151428222656	1781094948.0	1781094948.217975	1	10.0	10.0	8.0	8.0	NeuronSpectrum 10.06.2026 14:49:30	EEG	checkup_149_10.06.2026 14:49:30	500.0	499.6666666666667	True	0.5	40.0	4	True	50.0	30.0	136.86251831054688	13.157450560944236	-211.91481018066406	6.624721980410164	-159.6824493408203	-11.52788616225212	-191.93092346191406	-13.801040805759829	-224.9993896484375	-25.61577176110175	-33.9079704284668	2.5434746944228923	-116.66214752197266	-4.293794351185907	-14.11848258972168	5.789180147463242	0.0	0.0	0.0	0.0
1.8391168117523193	1781094948.0	1781094948.2179766	1	10.0	10.0	8.0	8.0	NeuronSpectrum 10.06.2026 14:49:30	EEG	checkup_149_10.06.2026 14:49:30	500.0	499.6666666666667	True	0.5	40.0	4	True	50.0	30.0	307.18011474609375	13.244828345063565	-479.9887390136719	5.582922139654066	-357.6494140625	-11.586532775834005	-430.2098083496094	-13.81687932929326	-502.97607421875	-26.182470970343847	-74.01690673828125	2.6788635344975766	-261.33721923828125	-3.919417117459168	-36.6953010559082	5.048736734288073	0.0	0.0	0.0	0.0
1.839118242263794	1781094948.0	1781094948.217978	1	10.0	10.0	8.0	8.0	NeuronSpectrum 10.06.2026 14:49:30	EEG	checkup_149_10.06.2026 14:49:30	500.0	499.6666666666667	True	0.5	40.0	4	True	50.0	30.0	306.8100280761719	16.963763027249737	-480.7483215332031	-1.4156005833048702	-357.76519775390625	-16.29733023546829	-430.5342102050781	-19.730085545202616	-503.10150146484375	-32.72733421617927	-74.2338638305664	1.426439526430713	-261.2686462402344	-7.4838807226006265	-37.60778045654297	3.7243283024081677	0.0	0.0	0.0	0.0
1.8391203880310059	1781094948.0	1781094948.2179801	1	10.0	10.0	8.0	8.0	NeuronSpectrum 10.06.2026 14:49:30	EEG	checkup_149_10.06.2026 14:49:30	500.0	499.6666666666667	True	0.5	40.0	4	True	50.0	30.0	308.89654541015625	23.506696180040752	-485.9455261230469	-13.046990613645052	-361.4888000488281	-24.71382050473615	-435.55706787109375	-30.365684308698455	-507.51702880859375	-43.90809664959121	-75.89976501464844	-1.0243729224283125	-264.6488037109375	-14.321688702676562	-38.90239334106445	1.988686799564599	0.0	0.0	0.0	0.0
1.8391222953796387	1781094948.0	1781094948.217982	1	10.0	10.0	8.0	8.0	NeuronSpectrum 10.06.2026 14:49:30	EEG	checkup_149_10.06.2026 14:49:30	500.0	499.6666666666667	True	0.5	40.0	4	True	50.0	30.0	313.01654052734375	31.593233019395335	-494.6952209472656	-27.186900024324	-368.10540771484375	-35.25220181545946	-444.33465576171875	-43.745657128867656	-515.347900390625	-57.5740129630306	-78.7482681274414	-4.269539281586374	-270.9126892089844	-23.21637647266848	-40.4211540222168	0.08023054903108301	0.0	0.0	0.0	0.0
1.8391239643096924	1781094948.0	1781094948.2179837	1	10.0	10.0	8.0	8.0	NeuronSpectrum 10.06.2026 14:49:30	EEG	checkup_149_10.06.2026 14:49:30	500.0	499.6666666666667	True	0.5	40.0	4	True	50.0	30.0	316.0830993652344	39.78937584342165	-501.756103515625	-41.43229007662705	-373.6427307128906	-46.08258619216144	-451.9441223144531	-57.570230438205876	-521.29736328125	-71.30343052277209	-81.68733978271484	-7.784418263279995	-276.9154052734375	-32.693138496469295	-41.65180587768555	-1.7490396389662304	0.0	0.0	0.0	0.0
1.8391258716583252	1781094948.0	1781094948.2179856	1	10.0	10.0	8.0	8.0	NeuronSpectrum 10.06.2026 14:49:30	EEG	checkup_149_10.06.2026 14:49:30	500.0	499.6666666666667	True	0.5	40.0	4	True	50.0	30.0	313.9950256347656	46.77730329919362	-500.2425231933594	-53.55658543193042	-372.90411376953125	-55.477474946235574	-451.9631042480469	-69.65153574062724	-518.420166015625	-82.86793441312768	-83.28424072265625	-11.023921155414154	-278.4864196777344	-41.294282332192125	-41.9693603515625	-3.277662226884667	0.0	0.0	0.0	0.0
1.839127540588379	1781094948.0	1781094948.2179873	1	10.0	10.0	8.0	8.0	NeuronSpectrum 10.06.2026 14:49:30	EEG	checkup_149_10.06.2026 14:49:30	500.0	499.6666666666667	True	0.5	40.0	4	True	50.0	30.0	305.6309814453125	51.522827599300356	-488.08935546875	-61.807388109503506	-364.2774658203125	-62.04771482712685	-442.3025817871094	-78.21324032857581	-504.7437744140625	-90.53004442625718	-82.87142181396484	-13.508384379502774	-274.0850830078125	-47.7827039870069	-41.19713592529297	-4.342560777503722	0.0	0.0	0.0	0.0
1.8391294479370117	1781094948.0	1781094948.2179892	1	10.0	10.0	8.0	8.0	NeuronSpectrum 10.06.2026 14:49:30	EEG	checkup_149_10.06.2026 14:49:30	500.0	499.6666666666667	True	0.5	40.0	4	True	50.0	30.0	296.0850830078125	53.35052620796944	-473.2951965332031	-65.05400534229938	-353.62664794921875	-64.86822482994093	-429.92620849609375	-82.05609213467352	-488.6260681152344	-93.18403216307804	-81.46356201171875	-14.887581331157284	-267.7774963378906	-51.26924768458936	-40.05681228637695	-4.851213798668592	0.0	0.0	0.0	0.0
1.8391311168670654	1781094948.0	1781094948.2179909	1	10.0	10.0	8.0	8.0	NeuronSpectrum 10.06.2026 14:49:30	EEG	checkup_149_10.06.2026 14:49:30	500.0	499.6666666666667	True	0.5	40.0	4	True	50.0	30.0	295.09613037109375	51.97324494438825	-471.4618835449219	-62.8512810114332	-352.46435546875	-63.53966357270997	-428.6587219238281	-80.64245979852726	-486.1898193359375	-90.41122199739846	-81.42913055419922	-14.984305247805064	-267.9301452636719	-51.29114953326931	-39.946048736572266	-4.784324271338176	0.0	0.0	0.0	0.0
1.8391327857971191	1781094948.0	1781094948.2179925	1	10.0	10.0	8.0	8.0	NeuronSpectrum 10.06.2026 14:49:30	EEG	checkup_149_10.06.2026 14:49:30	500.0	499.6666666666667	True	0.5	40.0	4	True	50.0	30.0	309.5894775390625	47.52265544942209	-493.884033203125	-55.48934581529364	-369.12054443359375	-58.235101109078485	-448.53485107421875	-74.15735631441774	-509.04754638671875	-82.52420980760101	-84.614990234375	-13.821339613429911	-280.6518859863281	-47.87143918930552	-41.893131256103516	-4.195768354141668	0.0	0.0	0.0	0.0
1.8391344547271729	1781094948.0	1781094948.2179942	1	10.0	10.0	8.0	8.0	NeuronSpectrum 10.06.2026 14:49:30	EEG	checkup_149_10.06.2026 14:49:30	500.0	499.6666666666667	True	0.5	40.0	4	True	50.0	30.0	334.6526184082031	40.59175471370225	-533.0774536132812	-44.04624489858226	-398.02142333984375	-49.74278522349373	-482.8669738769531	-63.558989490878076	-549.4129028320312	-70.61927170939471	-90.01109313964844	-11.630845726881722	-301.8061218261719	-41.56301642113771	-45.28860855102539	-3.2121668157151135	0.0	0.0	0.0	0.0
1.8391363620758057	1781094948.0	1781094948.2179961	1	10.0	10.0	8.0	8.0	NeuronSpectrum 10.06.2026 14:49:30	EEG	checkup_149_10.06.2026 14:49:30	500.0	499.6666666666667	True	0.5	40.0	4	True	50.0	30.0	350.55908203125	32.24732552006623	-557.9126586914062	-30.380391140457707	-416.0982666015625	-39.45810915637353	-503.9146728515625	-50.563341160514284	-575.1209106445312	-56.57245599440158	-92.90493774414062	-8.836767606570035	-314.3299865722656	-33.441036523238076	-47.45347213745117	-2.027411821137375	0.0	0.0	0.0	0.0
1.8391380310058594	1781094948.0	1781094948.2179978	1	10.0	10.0	8.0	8.0	NeuronSpectrum 10.06.2026 14:49:30	EEG	checkup_149_10.06.2026 14:49:30	500.0	499.6666666666667	True	0.5	40.0	4	True	50.0	30.0	330.73480224609375	23.937104861121554	-526.2098388671875	-16.94969158707321	-392.13800048828125	-29.24206793391837	-474.1590881347656	-37.46508651203673	-542.6325073242188	-42.86184269259581	-86.80803680419922	-5.996792984708824	-295.1914978027344	-24.983808152214166	-44.729637145996094	-0.8829376583054018	0.0	0.0	0.0	0.0
1.839139699935913	1781094948.0	1781094948.2179995	1	10.0	10.0	8.0	8.0	NeuronSpectrum 10.06.2026 14:49:30	EEG	checkup_149_10.06.2026 14:49:30	500.0	499.6666666666667	True	0.5	40.0	4	True	50.0	30.0	257.6671447753906	17.240030522823417	-410.0571594238281	-6.38280911825981	-305.5489807128906	-21.093128724173063	-368.9168701171875	-26.733233791127756	-423.1337585449219	-32.137148655298105	-67.4344482421875	-3.6991619381641074	-229.341796875	-17.80703943237464	-34.68303298950195	-0.0276524662988248	0.0	0.0	0.0	0.0
1.8391413688659668	1781094948.0	1781094948.2180011	1	10.0	10.0	8.0	8.0	NeuronSpectrum 10.06.2026 14:49:30	EEG	checkup_149_10.06.2026 14:49:30	500.0	499.6666666666667	True	0.5	40.0	4	True	50.0	30.0	136.55398559570312	13.494215375589208	-217.6063232421875	-0.8645383905496979	-162.48941040039062	-16.681093521905556	-195.750732421875	-20.442009790148003	-224.99063110351562	-26.597951549749038	-36.16091537475586	-2.4321246033817783	-121.66468048095703	-13.29320088522861	-18.00617027282715	0.33687716290814274	0.0	0.0	0.0	0.0
1.8898255825042725	1781094948.0	1781094948.2686853	1	10.0	10.0	8.0	8.0	NeuronSpectrum 10.06.2026 14:49:30	EEG	checkup_149_10.06.2026 14:49:30	500.0	499.6666666666667	True	0.5	40.0	4	True	50.0	30.0	306.3020935058594	13.435663492075745	-489.5795593261719	-1.5515872468860534	-363.7846984863281	-16.90569263458678	-437.6295471191406	-19.734163492342333	-504.8616943359375	-27.400875339049897	-79.91088104248047	-2.4672959601502287	-270.9671630859375	-12.242409120949198	-41.85792922973633	0.10712168860445948	0.0	0.0	0.0	0.0
1.889831781387329	1781094948.0	1781094948.2686915	1	10.0	10.0	8.0	8.0	NeuronSpectrum 10.06.2026 14:49:30	EEG	checkup_149_10.06.2026 14:49:30	500.0	499.6666666666667	True	0.5	40.0	4	True	50.0	30.0	306.0477600097656	17.007397529315405	-490.78900146484375	-8.274314028190545	-364.3306884765625	-21.67091170967606	-437.33807373046875	-24.54677912211446	-505.9464111328125	-34.357217464036744	-80.64439392089844	-3.8017370488385227	-270.5072021484375	-14.69051003020046	-42.197574615478516	-0.6979847367071993	0.0	0.0	0.0	0.0
1.8898344039916992	1781094948.0	1781094948.2686942	1	10.0	10.0	8.0	8.0	NeuronSpectrum 10.06.2026 14:49:30	EEG	checkup_149_10.06.2026 14:49:30	500.0	499.6666666666667	True	0.5	40.0	4	True	50.0	30.0	308.25146484375	23.41648778549033	-495.99981689453125	-19.64573758059399	-368.0038146972656	-29.965371977041556	-440.8869323730469	-33.707466466500016	-511.1123962402344	-46.045293799277026	-82.32247924804688	-6.178726049067074	-272.5134582519531	-19.962608773724586	-42.96128463745117	-1.9491820096018424	0.0	0.0	0.0	0.0
1.8898365497589111	1781094948.0	1781094948.2686963	1	10.0	10.0	8.0	8.0	NeuronSpectrum 10.06.2026 14:49:30	EEG	checkup_149_10.06.2026 14:49:30	500.0	499.6666666666667	True	0.5	40.0	4	True	50.0	30.0	312.4090881347656	31.387291280782662	-504.1861572265625	-33.49066234784816	-374.05889892578125	-40.1833771149078	-447.437744140625	-45.320866105896805	-519.3463134765625	-60.248147308605745	-84.62628173828125	-9.170650688232241	-276.4278259277344	-26.912142032174444	-44.0362663269043	-3.4475117795617316	0.0	0.0	0.0	0.0
1.889838695526123	1781094948.0	1781094948.2686985	1	10.0	10.0	8.0	8.0	NeuronSpectrum 10.06.2026 14:49:30	EEG	checkup_149_10.06.2026 14:49:30	500.0	499.6666666666667	True	0.5	40.0	4	True	50.0	30.0	315.4028625488281	39.482698039015624	-510.1862487792969	-47.38449438211026	-378.63262939453125	-50.5289960346055	-452.3841552734375	-57.2545813564348	-525.3696899414062	-74.50115306560721	-86.56903076171875	-12.28556017641289	-279.3805847167969	-34.22564342057956	-44.91181182861328	-4.974411006868679	0.0	0.0	0.0	0.0
1.889840841293335	1781094948.0	1781094948.2687006	1	10.0	10.0	8.0	8.0	NeuronSpectrum 10.06.2026 14:49:30	EEG	checkup_149_10.06.2026 14:49:30	500.0	499.6666666666667	True	0.5	40.0	4	True	50.0	30.0	313.1622009277344	46.377110805978354	-507.38848876953125	-59.11055345474936	-376.74920654296875	-59.35940749777709	-449.7599792480469	-67.55102795895972	-522.3988037109375	-86.55431230437388	-86.96305847167969	-15.061272605432015	-277.68890380859375	-40.683531681378746	-44.941925048828125	-6.333827685068047	0.0	0.0	0.0	0.0
1.8898429870605469	1781094948.0	1781094948.2687027	1	10.0	10.0	8.0	8.0	NeuronSpectrum 10.06.2026 14:49:30	EEG	checkup_149_10.06.2026 14:49:30	500.0	499.6666666666667	True	0.5	40.0	4	True	50.0	30.0	304.6272277832031	51.027144740664745	-494.0817565917969	-66.94552629239647	-367.06744384765625	-65.39863876036264	-437.95489501953125	-74.68261918491656	-508.6807556152344	-94.6579436084511	-85.46309661865234	-17.12779980592028	-270.3976135253906	-45.32373064718506	-43.960819244384766	-7.377846902700182	0.0	0.0	0.0	0.0
1.8898446559906006	1781094948.0	1781094948.2687044	1	10.0	10.0	8.0	8.0	NeuronSpectrum 10.06.2026 14:49:30	EEG	checkup_149_10.06.2026 14:49:30	500.0	499.6666666666667	True	0.5	40.0	4	True	50.0	30.0	294.9322509765625	52.749156477577834	-478.5356140136719	-69.78580497045363	-355.68963623046875	-67.82996177336321	-424.3071594238281	-77.66104160943141	-492.7225646972656	-97.6863923784831	-83.38108825683594	-18.237150499423613	-262.11505126953125	-47.51345272618801	-42.77644729614258	-8.016716193412606	0.0	0.0	0.0	0.0
1.8898465633392334	1781094948.0	1781094948.2687063	1	10.0	10.0	8.0	8.0	NeuronSpectrum 10.06.2026 14:49:30	EEG	checkup_149_10.06.2026 14:49:30	500.0	499.6666666666667	True	0.5	40.0	4	True	50.0	30.0	293.8036193847656	51.24989551987724	-476.4110412597656	-67.18939411106592	-354.25653076171875	-66.32224576922958	-422.8153381347656	-76.06809941346768	-490.6239318847656	-95.17768077522248	-83.24331665039062	-18.271757551660254	-261.5721435546875	-46.970521151158884	-42.92387390136719	-8.220109428494958	0.0	0.0	0.0	0.0
1.8898487091064453	1781094948.0	1781094948.2687085	1	10.0	10.0	8.0	8.0	NeuronSpectrum 10.06.2026 14:49:30	EEG	checkup_149_10.06.2026 14:49:30	500.0	499.6666666666667	True	0.5	40.0	4	True	50.0	30.0	308.1220703125	46.6570700142773	-498.8304138183594	-59.41102103460666	-371.07220458984375	-61.04899863736224	-443.4510192871094	-70.07949034602184	-513.79833984375	-87.36947781612878	-86.83904266357422	-17.24535850194312	-274.9623718261719	-43.77875611726311	-45.513126373291016	-8.017141881186777	0.0	0.0	0.0	0.0
1.8898506164550781	1781094948.0	1781094948.2687104	1	10.0	10.0	8.0	8.0	NeuronSpectrum 10.06.2026 14:49:30	EEG	checkup_149_10.06.2026 14:49:30	500.0	499.6666666666667	True	0.5	40.0	4	True	50.0	30.0	332.9600830078125	39.56123032452451	-538.0149536132812	-47.45280412769005	-400.396484375	-52.71885304453413	-479.2581481933594	-60.504281412662934	-554.1974487304688	-75.25429233380105	-92.89801025390625	-15.30276927272895	-297.9112243652344	-38.41219058158235	-49.83234786987305	-7.497863624379345	0.0	0.0	0.0	0.0
1.8898522853851318	1781094948.0	1781094948.268712	1	10.0	10.0	8.0	8.0	NeuronSpectrum 10.06.2026 14:49:30	EEG	checkup_149_10.06.2026 14:49:30	500.0	499.6666666666667	True	0.5	40.0	4	True	50.0	30.0	348.6591796875	31.027715869681735	-562.5939331054688	-33.068839142546395	-418.9212341308594	-42.57442748573219	-502.1034240722656	-48.787906654297686	-579.4983520507812	-60.589858290430506	-96.3579330444336	-12.712115149038524	-312.83251953125	-31.73638560826535	-52.87351989746094	-6.811276915026396	0.0	0.0	0.0	0.0
1.8898539543151855	1781094948.0	1781094948.2687137	1	10.0	10.0	8.0	8.0	NeuronSpectrum 10.06.2026 14:49:30	EEG	checkup_149_10.06.2026 14:49:30	500.0	499.6666666666667	True	0.5	40.0	4	True	50.0	30.0	328.789306640625	22.504066903127125	-530.330322265625	-18.60788064766863	-395.21209716796875	-32.27606610008845	-474.0508728027344	-36.87745568253748	-546.2180786132812	-45.744585515891245	-90.4537124633789	-9.834108362256995	-296.0140686035156	-24.92445335105072	-50.536983489990234	-6.149772344603816	0.0	0.0	0.0	0.0
1.8898558616638184	1781094948.0	1781094948.2687156	1	10.0	10.0	8.0	8.0	NeuronSpectrum 10.06.2026 14:49:30	EEG	checkup_149_10.06.2026 14:49:30	500.0	499.6666666666667	True	0.5	40.0	4	True	50.0	30.0	255.97918701171875	15.5715048014696	-413.4416809082031	-6.6137443072727224	-308.54595947265625	-23.61234418341243	-370.06689453125	-26.87844924868383	-425.78314208984375	-33.29424946035358	-70.81671142578125	-7.057640603696929	-231.76681518554688	-19.244072386181372	-40.065826416015625	-5.712954132469041	0.0	0.0	0.0	0.0
1.889857530593872	1781094948.0	1781094948.2687173	1	10.0	10.0	8.0	8.0	NeuronSpectrum 10.06.2026 14:49:30	EEG	checkup_149_10.06.2026 14:49:30	500.0	499.6666666666667	True	0.5	40.0	4	True	50.0	30.0	135.46359252929688	11.574675169688533	-220.2753448486328	0.762073337507311	-165.0616455078125	-18.077860855397226	-197.49891662597656	-20.551180490134115	-226.8299560546875	-25.424828840407887	-38.9400634765625	-4.711075550794033	-124.579833984375	-15.745542641796495	-22.155086517333984	-5.656172675431322	0.0	0.0	0.0	0.0
1.8898591995239258	1781094948.0	1781094948.268719	1	10.0	10.0	8.0	8.0	NeuronSpectrum 10.06.2026 14:49:30	EEG	checkup_149_10.06.2026 14:49:30	500.0	499.6666666666667	True	0.5	40.0	4	True	50.0	30.0	303.61309814453125	11.261624768863042	-488.38427734375	2.3265361853922695	-364.4782409667969	-16.471769711366026	-438.18438720703125	-18.830932418224283	-502.174072265625	-23.355453679611465	-81.14225769042969	-2.981631462765285	-274.65625	-14.965603327078382	-48.42236328125	-6.04323991053272	0.0	0.0	0.0	0.0
1.8898608684539795	1781094948.0	1781094948.2687206	1	10.0	10.0	8.0	8.0	NeuronSpectrum 10.06.2026 14:49:30	EEG	checkup_149_10.06.2026 14:49:30	500.0	499.6666666666667	True	0.5	40.0	4	True	50.0	30.0	303.0157165527344	14.59267131957999	-486.60919189453125	-1.860523070943396	-362.5773620605469	-18.699539920973837	-436.06158447265625	-21.591556278932607	-499.64874267578125	-27.038262303718163	-79.28158569335938	-1.880207936269086	-273.3828125	-16.78359181037755	-48.70680236816406	-6.826217601186181	0.0	0.0	0.0	0.0
1.8898627758026123	1781094948.0	1781094948.2687225	1	10.0	10.0	8.0	8.0	NeuronSpectrum 10.06.2026 14:49:30	EEG	checkup_149_10.06.2026 14:49:30	500.0	499.6666666666667	True	0.5	40.0	4	True	50.0	30.0	304.9993896484375	20.7954489327082	-488.78131103515625	-10.583796978011351	-362.9573059082031	-23.862391724150434	-436.4851379394531	-27.753890339109923	-500.9736633300781	-35.258087911430565	-77.62895965576172	-1.2670153143848926	-273.4841003417969	-20.49300924289747	-49.183998107910156	-7.862305333850088	0.0	0.0	0.0	0.0
1.8898646831512451	1781094948.0	1781094948.2687244	1	10.0	10.0	8.0	8.0	NeuronSpectrum 10.06.2026 14:49:30	EEG	checkup_149_10.06.2026 14:49:30	500.0	499.6666666666667	True	0.5	40.0	4	True	50.0	30.0	309.11444091796875	28.61523976829826	-494.2093505859375	-21.877446410091743	-365.0881042480469	-30.567046027916582	-438.8294372558594	-35.657705759880486	-505.49267578125	-46.04515459495056	-76.1296615600586	-0.9206383020937663	-274.56744384765625	-25.037631536554667	-49.76398849487305	-8.958172509439395	0.0	0.0	0.0	0.0
1.889866590499878	1781094948.0	1781094948.2687263	1	10.0	10.0	8.0	8.0	NeuronSpectrum 10.06.2026 14:49:30	EEG	checkup_149_10.06.2026 14:49:30	500.0	499.6666666666667	True	0.5	40.0	4	True	50.0	30.0	312.2424621582031	36.63361345611974	-497.9866638183594	-33.5330281039419	-365.5075378417969	-37.300437089539976	-438.9800109863281	-43.51002665380202	-508.289306640625	-57.19075758727294	-74.18898010253906	-0.6151812957992238	-274.109619140625	-29.29519710583551	-49.975982666015625	-9.92076518962149	0.0	0.0	0.0	0.0
1.8898680210113525	1781094948.0	1781094948.2687278	1	10.0	10.0	8.0	8.0	NeuronSpectrum 10.06.2026 14:49:30	EEG	checkup_149_10.06.2026 14:49:30	500.0	499.6666666666667	True	0.5	40.0	4	True	50.0	30.0	310.2586364746094	43.53992464861056	-493.64007568359375	-43.52602129031887	-359.74688720703125	-42.73154532792329	-431.6392517089844	-49.7440392790206	-502.8714599609375	-66.67718985722334	-71.0550765991211	-0.1755683103480752	-268.864990234375	-32.30473559516178	-49.225154876708984	-10.596102860549314	0.0	0.0	0.0	0.0
1.8898699283599854	1781094948.0	1781094948.2687297	1	10.0	10.0	8.0	8.0	NeuronSpectrum 10.06.2026 14:49:30	EEG	checkup_149_10.06.2026 14:49:30	500.0	499.6666666666667	True	0.5	40.0	4	True	50.0	30.0	302.02520751953125	48.30167487722994	-479.4961853027344	-50.27655616570946	-346.9234313964844	-45.879705624119175	-415.8257751464844	-53.216121597918104	-487.6281433105469	-72.93636341827705	-66.7276382446289	0.500548852166941	-258.2210998535156	-33.39142829449049	-47.40190505981445	-10.88797857527615	0.0	0.0	0.0	0.0
1.889871597290039	1781094948.0	1781094948.2687314	1	10.0	10.0	8.0	8.0	NeuronSpectrum 10.06.2026 14:49:30	EEG	checkup_149_10.06.2026 14:49:30	500.0	499.6666666666667	True	0.5	40.0	4	True	50.0	30.0	292.61968994140625	50.24220478877245	-463.8195495605469	-52.761082717160775	-333.40435791015625	-46.166369163590666	-399.2520751953125	-53.26228119594671	-471.0286865234375	-74.95565380841309	-62.6693229675293	1.4477757560249325	-246.8751983642578	-32.201115785304964	-45.36921691894531	-10.759094265277776	0.0	0.0	0.0	0.0
1.8898735046386719	1781094948.0	1781094948.2687333	1	10.0	10.0	8.0	8.0	NeuronSpectrum 10.06.2026 14:49:30	EEG	checkup_149_10.06.2026 14:49:30	500.0	499.6666666666667	True	0.5	40.0	4	True	50.0	30.0	291.7677917480469	49.071146530951154	-462.2779541015625	-50.55125876302483	-330.86968994140625	-43.412999989519236	-395.9781799316406	-49.690453359287424	-469.0194091796875	-72.31057531325409	-61.37913513183594	2.6478896629149324	-243.42234802246094	-28.69111249656572	-44.7114143371582	-10.223698887756797	0.0	0.0	0.0	0.0
1.8898751735687256	1781094948.0	1781094948.268735	1	10.0	10.0	8.0	8.0	NeuronSpectrum 10.06.2026 14:49:30	EEG	checkup_149_10.06.2026 14:49:30	500.0	499.6666666666667	True	0.5	40.0	4	True	50.0	30.0	306.40472412109375	44.91381782691933	-486.013916015625	-43.8569515398021	-347.55010986328125	-37.848485823566456	-415.88128662109375	-42.78591143089246	-492.88134765625	-65.20435473053739	-64.58517456054688	4.037681247870092	-253.96302795410156	-23.125262105178546	-46.5802001953125	-9.341381082567512	0.0	0.0	0.0	0.0
1.8898770809173584	1781094948.0	1781094948.2687368	1	10.0	10.0	8.0	8.0	NeuronSpectrum 10.06.2026 14:49:30	EEG	checkup_149_10.06.2026 14:49:30	500.0	499.6666666666667	True	0.5	40.0	4	True	50.0	30.0	331.6712341308594	38.350911272095104	-527.2174072265625	-33.593015960253055	-377.689453125	-30.146019132926668	-452.01123046875	-33.354566609196695	-534.5734252929688	-54.53559827567971	-71.08528900146484	5.502822162027325	-274.4143371582031	-16.08985864462068	-50.29817581176758	-8.216236145839478	0.0	0.0	0.0	0.0
1.889878749847412	1781094948.0	1781094948.2687385	1	10.0	10.0	8.0	8.0	NeuronSpectrum 10.06.2026 14:49:30	EEG	checkup_149_10.06.2026 14:49:30	500.0	499.6666666666667	True	0.5	40.0	4	True	50.0	30.0	347.9311828613281	30.42778171318043	-554.3482666015625	-21.4041483524382	-398.09521484375	-21.444078742795035	-476.47186279296875	-22.74995678907172	-561.915283203125	-41.927523302521934	-76.04098510742188	6.866224264904358	-287.9868469238281	-8.49939656780089	-52.8841667175293	-6.996941610965633	0.0	0.0	0.0	0.0
1.889880657196045	1781094948.0	1781094948.2687404	1	10.0	10.0	8.0	8.0	NeuronSpectrum 10.06.2026 14:49:30	EEG	checkup_149_10.06.2026 14:49:30	500.0	499.6666666666667	True	0.5	40.0	4	True	50.0	30.0	328.6927795410156	22.559710298161544	-524.8314819335938	-9.527339907941222	-377.4651184082031	-13.26259258967697	-451.6462097167969	-12.776819679665861	-531.546630859375	-29.59563410392626	-72.8890380859375	7.890568007238467	-271.9716491699219	-1.5289593613966934	-50.25388717651367	-5.86699759827287	0.0	0.0	0.0	0.0
1.8898825645446777	1781094948.0	1781094948.2687423	1	10.0	10.0	8.0	8.0	NeuronSpectrum 10.06.2026 14:49:30	EEG	checkup_149_10.06.2026 14:49:30	500.0	499.6666666666667	True	0.5	40.0	4	True	50.0	30.0	256.453125	16.282844260900188	-410.4591369628906	-0.4073083491066196	-294.9869384765625	-7.24829837904538	-352.5443420410156	-5.391133591104094	-414.7899475097656	-19.966493248472524	-57.16608810424805	8.312012433416019	-211.2792510986328	3.5739635999144697	-39.647701263427734	-5.016449177448233	0.0	0.0	0.0	0.0
1.8898844718933105	1781094948.0	1781094948.2687442	1	10.0	10.0	8.0	8.0	NeuronSpectrum 10.06.2026 14:49:30	EEG	checkup_149_10.06.2026 14:49:30	500.0	499.6666666666667	True	0.5	40.0	4	True	50.0	30.0	136.30917358398438	12.885925077423076	-219.2318115234375	3.8833477210241556	-156.32118225097656	-4.780715543784389	-185.9888458251953	-2.233085585168905	-219.85385131835938	-15.098488159232748	-29.824174880981445	7.903363744983644	-110.06358337402344	5.775422715256116	-21.735275268554688	-4.5980805702408825	0.0	0.0	0.0	0.0
1.9417815208435059	1781094948.0	1781094948.3206413	1	10.0	10.0	8.0	8.0	NeuronSpectrum 10.06.2026 14:49:30	EEG	checkup_149_10.06.2026 14:49:30	500.0	499.6666666666667	True	0.5	40.0	4	True	50.0	30.0	305.52581787109375	13.055252653841425	-491.2998352050781	2.2107532550498994	-354.9991455078125	-6.58403261604218	-423.8686218261719	-4.16609190032638	-495.9078063964844	-16.114749505803445	-70.75867462158203	6.541620040955791	-254.9258575439453	4.533911037872442	-47.55909729003906	-4.6851060500664525	0.0	0.0	0.0	0.0
1.9417877197265625	1781094948.0	1781094948.3206475	1	10.0	10.0	8.0	8.0	NeuronSpectrum 10.06.2026 14:49:30	EEG	checkup_149_10.06.2026 14:49:30	500.0	499.6666666666667	True	0.5	40.0	4	True	50.0	30.0	305.4610595703125	16.6913201875589	-492.8565368652344	-5.319037371557661	-356.06854248046875	-12.523272124664436	-424.9189758300781	-11.034940380069958	-496.43084716796875	-22.902860719021955	-71.82591247558594	4.246662558127122	-256.0610046386719	-0.05588871229326725	-47.538787841796875	-5.251377901261493	0.0	0.0	0.0	0.0
1.9417903423309326	1781094948.0	1781094948.32065	1	10.0	10.0	8.0	8.0	NeuronSpectrum 10.06.2026 14:49:30	EEG	checkup_149_10.06.2026 14:49:30	500.0	499.6666666666667	True	0.5	40.0	4	True	50.0	30.0	307.6848449707031	22.973304675748615	-498.5752868652344	-17.447191856610385	-359.9164733886719	-21.671441513277802	-429.3497314453125	-21.74658748766483	-500.9082336425781	-34.20508277681577	-73.61143493652344	1.1743088875557384	-259.51171875	-7.315538980686055	-47.67848587036133	-6.183515636501879	0.0	0.0	0.0	0.0
1.941793441772461	1781094948.0	1781094948.3206532	1	10.0	10.0	8.0	8.0	NeuronSpectrum 10.06.2026 14:49:30	EEG	checkup_149_10.06.2026 14:49:30	500.0	499.6666666666667	True	0.5	40.0	4	True	50.0	30.0	311.6828308105469	30.618670702873718	-507.6666259765625	-32.15632357796599	-366.1526184082031	-32.588637592780884	-436.677978515625	-34.60271358076206	-508.6385498046875	-48.0159983152796	-76.10519409179688	-2.42570640614893	-264.93426513671875	-16.186638887792434	-47.97706604003906	-7.316272725609688	0.0	0.0	0.0	0.0
1.9417953491210938	1781094948.0	1781094948.320655	1	10.0	10.0	8.0	8.0	NeuronSpectrum 10.06.2026 14:49:30	EEG	checkup_149_10.06.2026 14:49:30	500.0	499.6666666666667	True	0.5	40.0	4	True	50.0	30.0	314.34796142578125	38.20877942075446	-514.9696044921875	-47.16960046992184	-371.208984375	-43.66887392312469	-442.60479736328125	-47.711280950293634	-514.57373046875	-62.082652720646045	-78.55130004882812	-6.260760776294594	-269.6290588378906	-25.480057283615736	-48.08747863769531	-8.472576250026126	0.0	0.0	0.0	0.0
1.9417972564697266	1781094948.0	1781094948.320657	1	10.0	10.0	8.0	8.0	NeuronSpectrum 10.06.2026 14:49:30	EEG	checkup_149_10.06.2026 14:49:30	500.0	499.6666666666667	True	0.5	40.0	4	True	50.0	30.0	311.6337585449219	44.463269356103496	-513.70263671875	-60.37205853032479	-370.285400390625	-53.42656686189436	-441.36993408203125	-59.32407199389093	-512.0451049804688	-74.3230643171585	-79.88645935058594	-10.03373636920317	-270.0120849609375	-34.077934069818056	-47.52943420410156	-9.492953650951568	0.0	0.0	0.0	0.0
1.9417989253997803	1781094948.0	1781094948.3206587	1	10.0	10.0	8.0	8.0	NeuronSpectrum 10.06.2026 14:49:30	EEG	checkup_149_10.06.2026 14:49:30	500.0	499.6666666666667	True	0.5	40.0	4	True	50.0	30.0	302.5066833496094	48.40825175807958	-502.0482482910156	-70.07096055334885	-362.0968933105469	-60.66763655914459	-431.46600341796875	-68.03516619303686	-499.3153381347656	-83.08055410227377	-79.82035827636719	-13.46237993274128	-265.1695861816406	-41.05058490035413	-46.24330139160156	-10.249335083227036	0.0	0.0	0.0	0.0
1.941800832748413	1781094948.0	1781094948.3206606	1	10.0	10.0	8.0	8.0	NeuronSpectrum 10.06.2026 14:49:30	EEG	checkup_149_10.06.2026 14:49:30	500.0	499.6666666666667	True	0.5	40.0	4	True	50.0	30.0	292.1304931640625	49.446850249152924	-488.4525451660156	-75.11288711341635	-352.711181640625	-64.56264858575398	-420.24395751953125	-72.8626109732397	-484.8450012207031	-87.23353802600496	-79.69670104980469	-16.287587339174465	-259.70306396484375	-45.70449235833151	-45.033939361572266	-10.647766468204454	0.0	0.0	0.0	0.0
1.9418022632598877	1781094948.0	1781094948.320662	1	10.0	10.0	8.0	8.0	NeuronSpectrum 10.06.2026 14:49:30	EEG	checkup_149_10.06.2026 14:49:30	500.0	499.6666666666667	True	0.5	40.0	4	True	50.0	30.0	290.2873840332031	47.37858741577314	-488.9910888671875	-74.93435449549874	-353.6518859863281	-64.68035161233576	-421.6109313964844	-73.28478661965757	-484.6489562988281	-86.23971870253826	-82.0347900390625	-18.28555427989914	-262.25262451171875	-47.60765884493357	-45.3141975402832	-10.629330980091764	0.0	0.0	0.0	0.0
1.9418039321899414	1781094948.0	1781094948.3206637	1	10.0	10.0	8.0	8.0	NeuronSpectrum 10.06.2026 14:49:30	EEG	checkup_149_10.06.2026 14:49:30	500.0	499.6666666666667	True	0.5	40.0	4	True	50.0	30.0	303.97259521484375	42.41571320138913	-515.0493774414062	-69.622290991831	-372.9964599609375	-61.03706866278181	-445.2998352050781	-69.2992162827283	-510.0039367675781	-80.19247136986414	-88.48432159423828	-19.295705761808446	-278.7697448730469	-46.63526715048705	-47.99867248535156	-10.177185679618669	0.0	0.0	0.0	0.0
1.9418058395385742	1781094948.0	1781094948.3206656	1	10.0	10.0	8.0	8.0	NeuronSpectrum 10.06.2026 14:49:30	EEG	checkup_149_10.06.2026 14:49:30	500.0	499.6666666666667	True	0.5	40.0	4	True	50.0	30.0	328.4407043457031	35.21029231551228	-558.4580078125	-60.00149984511115	-404.6468200683594	-54.17205558405714	-483.94781494140625	-61.51641796700751	-552.6443481445312	-69.9070173587928	-97.40470886230469	-19.263763197808615	-304.4566345214844	-43.04282381707731	-52.19575500488281	-9.330635078564228	0.0	0.0	0.0	0.0
1.941807746887207	1781094948.0	1781094948.3206675	1	10.0	10.0	8.0	8.0	NeuronSpectrum 10.06.2026 14:49:30	EEG	checkup_149_10.06.2026 14:49:30	500.0	499.6666666666667	True	0.5	40.0	4	True	50.0	30.0	344.2360534667969	26.853930602894582	-586.6213989257812	-47.678576049875424	-424.8546142578125	-45.19379290927959	-508.9156799316406	-51.2221609472099	-579.9533081054688	-56.96550396837947	-103.15034484863281	-18.28268287616017	-321.2090148925781	-37.5230277186628	-54.82271194458008	-8.197875564435671	0.0	0.0	0.0	0.0
1.9418094158172607	1781094948.0	1781094948.3206692	1	10.0	10.0	8.0	8.0	NeuronSpectrum 10.06.2026 14:49:30	EEG	checkup_149_10.06.2026 14:49:30	500.0	499.6666666666667	True	0.5	40.0	4	True	50.0	30.0	325.0536193847656	18.77859972129337	-555.6766357421875	-34.91582692927576	-401.8114929199219	-35.701279850985294	-481.837890625	-40.29140253584542	-548.1474609375	-43.593834638170826	-98.3563232421875	-16.603881578410157	-304.908935546875	-31.170132693714038	-51.8492546081543	-6.953335151386576	0.0	0.0	0.0	0.0
1.9418113231658936	1781094948.0	1781094948.320671	1	10.0	10.0	8.0	8.0	NeuronSpectrum 10.06.2026 14:49:30	EEG	checkup_149_10.06.2026 14:49:30	500.0	499.6666666666667	True	0.5	40.0	4	True	50.0	30.0	253.47146606445312	12.509145967303704	-436.71551513671875	-24.246191872436263	-314.67620849609375	-27.51243554094836	-377.5357360839844	-30.87029362732052	-428.4664611816406	-32.28059420950338	-78.33841705322266	-14.597580050009409	-239.8013916015625	-25.295709562307973	-40.69468688964844	-5.809146979838252	0.0	0.0	0.0	0.0
1.9418127536773682	1781094948.0	1781094948.3206725	1	10.0	10.0	8.0	8.0	NeuronSpectrum 10.06.2026 14:49:30	EEG	checkup_149_10.06.2026 14:49:30	500.0	499.6666666666667	True	0.5	40.0	4	True	50.0	30.0	134.47238159179688	9.301789191437894	-238.2593231201172	-17.880993829550164	-169.83505249023438	-22.235572918857486	-203.60842895507812	-24.867482515868264	-229.57235717773438	-25.18946367889904	-44.77758026123047	-12.665847105520713	-130.74749755859375	-21.118038389519025	-22.243074417114258	-4.9639935826816854	0.0	0.0	0.0	0.0
1.941814661026001	1781094948.0	1781094948.3206744	1	10.0	10.0	8.0	8.0	NeuronSpectrum 10.06.2026 14:49:30	EEG	checkup_149_10.06.2026 14:49:30	500.0	499.6666666666667	True	0.5	40.0	4	True	50.0	30.0	302.8082275390625	9.798673246555365	-516.6156616210938	-17.124068009458117	-370.87371826171875	-20.839155134005598	-445.6040344238281	-23.439878322232218	-506.62725830078125	-23.57836742254117	-89.17118072509766	-11.141074129491042	-280.6380310058594	-19.43853187771103	-46.91733169555664	-4.548487900285799	0.0	0.0	0.0	0.0
1.9418160915374756	1781094948.0	1781094948.3206758	1	10.0	10.0	8.0	8.0	NeuronSpectrum 10.06.2026 14:49:30	EEG	checkup_149_10.06.2026 14:49:30	500.0	499.6666666666667	True	0.5	40.0	4	True	50.0	30.0	303.2288818359375	13.853849366958322	-515.1524047851562	-22.0510925212586	-368.48443603515625	-23.40954201305997	-442.9784851074219	-26.700448813220774	-504.1038818359375	-27.48390460984647	-86.72892761230469	-10.213059349037493	-277.62554931640625	-20.447062450847742	-46.22915267944336	-4.591533440635981	0.0	0.0	0.0	0.0
1.9418177604675293	1781094948.0	1781094948.3206775	1	10.0	10.0	8.0	8.0	NeuronSpectrum 10.06.2026 14:49:30	EEG	checkup_149_10.06.2026 14:49:30	500.0	499.6666666666667	True	0.5	40.0	4	True	50.0	30.0	305.93603515625	20.604424374705797	-517.5537109375	-31.580742131756363	-368.75506591796875	-29.191603705305475	-443.394287109375	-33.76257557044182	-505.15740966796875	-35.79743849898528	-84.6474609375	-9.909129129457957	-276.4088134765625	-23.72971477546067	-45.967830657958984	-5.020856273312614	0.0	0.0	0.0	0.0
1.941819667816162	1781094948.0	1781094948.3206794	1	10.0	10.0	8.0	8.0	NeuronSpectrum 10.06.2026 14:49:30	EEG	checkup_149_10.06.2026 14:49:30	500.0	499.6666666666667	True	0.5	40.0	4	True	50.0	30.0	310.3813781738281	28.73306913837531	-523.3956909179688	-43.85559953155229	-371.4543762207031	-36.856075071766604	-446.6158142089844	-43.05466432703574	-509.3554382324219	-46.650567479084316	-83.1880111694336	-10.119936226461288	-277.0611877441406	-28.44149192754189	-46.118377685546875	-5.692118057261398	0.0	0.0	0.0	0.0
1.941821575164795	1781094948.0	1781094948.3206813	1	10.0	10.0	8.0	8.0	NeuronSpectrum 10.06.2026 14:49:30	EEG	checkup_149_10.06.2026 14:49:30	500.0	499.6666666666667	True	0.5	40.0	4	True	50.0	30.0	313.4634704589844	36.79305942099131	-527.8455200195312	-56.7283750763774	-373.2481384277344	-44.84833111901473	-448.70233154296875	-52.731883851887694	-512.0245361328125	-57.905248978416196	-81.94893646240234	-10.644950901277562	-277.336181640625	-33.540829579878796	-46.24534225463867	-6.429477560713517	0.0	0.0	0.0	0.0
1.9418230056762695	1781094948.0	1781094948.3206828	1	10.0	10.0	8.0	8.0	NeuronSpectrum 10.06.2026 14:49:30	EEG	checkup_149_10.06.2026 14:49:30	500.0	499.6666666666667	True	0.5	40.0	4	True	50.0	30.0	311.1664733886719	43.47974625432069	-524.3490600585938	-68.17070487672498	-369.5602722167969	-51.687682397039275	-444.22418212890625	-61.029363379995246	-506.8546142578125	-67.5652920356536	-80.17948150634766	-11.23506431644298	-273.99200439453125	-37.9934632252168	-45.73715591430664	-7.0615833114241084	0.0	0.0	0.0	0.0
1.9418244361877441	1781094948.0	1781094948.3206842	1	10.0	10.0	8.0	8.0	NeuronSpectrum 10.06.2026 14:49:30	EEG	checkup_149_10.06.2026 14:49:30	500.0	499.6666666666667	True	0.5	40.0	4	True	50.0	30.0	302.4720153808594	47.79502243326442	-511.2161865234375	-76.5243979528449	-359.1380615234375	-56.15853563087434	-431.7334899902344	-66.48787133592528	-492.2598571777344	-74.02808690694262	-77.65544128417969	-11.62442545572311	-266.1212463378906	-40.90587180754022	-44.3885383605957	-7.4453100879642875	0.0	0.0	0.0	0.0
1.941826343536377	1781094948.0	1781094948.320686	1	10.0	10.0	8.0	8.0	NeuronSpectrum 10.06.2026 14:49:30	EEG	checkup_149_10.06.2026 14:49:30	500.0	499.6666666666667	True	0.5	40.0	4	True	50.0	30.0	292.5007629394531	49.11487948274024	-496.9504089355469	-80.61706030422701	-347.7547302246094	-57.40631787240345	-418.19989013671875	-68.06854228786864	-476.5150146484375	-76.19708074674361	-75.40938568115234	-11.556614113307328	-257.8662414550781	-41.599608203409076	-42.87464904785156	-7.478049482336303	0.0	0.0	0.0	0.0
1.9418277740478516	1781094948.0	1781094948.3206875	1	10.0	10.0	8.0	8.0	NeuronSpectrum 10.06.2026 14:49:30	EEG	checkup_149_10.06.2026 14:49:30	500.0	499.6666666666667	True	0.5	40.0	4	True	50.0	30.0	290.9278259277344	47.207824733913135	-497.6039733886719	-79.8217227107051	-346.4052429199219	-54.99117202815582	-416.82763671875	-65.22066906710735	-475.18267822265625	-73.53326063007839	-75.39038848876953	-10.815456963047223	-257.1116027832031	-39.66494735780214	-42.54069519042969	-7.104349269227347	0.0	0.0	0.0	0.0
1.9418296813964844	1781094948.0	1781094948.3206894	1	10.0	10.0	8.0	8.0	NeuronSpectrum 10.06.2026 14:49:30	EEG	checkup_149_10.06.2026 14:49:30	500.0	499.6666666666667	True	0.5	40.0	4	True	50.0	30.0	304.6301574707031	42.252942580555164	-524.3775634765625	-74.13630464440757	-362.7697448730469	-48.94980978898145	-436.783203125	-57.96248894770347	-499.1224365234375	-66.12118905727637	-78.81165313720703	-9.266958359886535	-269.2572937011719	-35.02787664103742	-44.35361862182617	-6.322765047593619	0.0	0.0	0.0	0.0
1.941831350326538	1781094948.0	1781094948.320691	1	10.0	10.0	8.0	8.0	NeuronSpectrum 10.06.2026 14:49:30	EEG	checkup_149_10.06.2026 14:49:30	500.0	499.6666666666667	True	0.5	40.0	4	True	50.0	30.0	328.82000732421875	34.87141065539243	-568.670166015625	-64.29563670934964	-390.9232177734375	-39.872659328176496	-470.8312072753906	-46.982019431931455	-540.0526733398438	-54.76432891247779	-84.18009185791016	-6.90752807573596	-289.73223876953125	-28.03087080541006	-47.62815856933594	-5.194048843630237	0.0	0.0	0.0	0.0
1.9418330192565918	1781094948.0	1781094948.3206928	1	10.0	10.0	8.0	8.0	NeuronSpectrum 10.06.2026 14:49:30	EEG	checkup_149_10.06.2026 14:49:30	500.0	499.6666666666667	True	0.5	40.0	4	True	50.0	30.0	344.1357116699219	26.132700195716243	-597.2433471679688	-51.83822557832195	-408.02789306640625	-28.94188615411951	-491.3917541503906	-33.69043504560443	-565.896728515625	-41.03663032290514	-86.73779296875	-3.900310136986678	-301.6489562988281	-19.482110544614276	-49.60377883911133	-3.8447609477589686	0.0	0.0	0.0	0.0
1.9418346881866455	1781094948.0	1781094948.3206944	1	10.0	10.0	8.0	8.0	NeuronSpectrum 10.06.2026 14:49:30	EEG	checkup_149_10.06.2026 14:49:30	500.0	499.6666666666667	True	0.5	40.0	4	True	50.0	30.0	324.48046875	17.462739432848057	-565.6100463867188	-38.99364351634402	-383.584716796875	-17.838490871428803	-461.7198486328125	-20.115531511344354	-533.7351684570312	-27.162497747980147	-80.39373016357422	-0.5748225592774455	-282.66119384765625	-10.601203495005805	-46.563446044921875	-2.456042204356976	0.0	0.0	0.0	0.0
1.9418363571166992	1781094948.0	1781094948.320696	1	10.0	10.0	8.0	8.0	NeuronSpectrum 10.06.2026 14:49:30	EEG	checkup_149_10.06.2026 14:49:30	500.0	499.6666666666667	True	0.5	40.0	4	True	50.0	30.0	252.6499786376953	10.402990155003197	-444.5966491699219	-28.296703864495406	-297.7337341308594	-8.456130470885828	-357.96160888671875	-8.558829035958778	-415.4671325683594	-15.635722382553169	-61.40081024169922	2.626431586610148	-218.4063262939453	-2.8130614815625834	-36.07016372680664	-1.2307197074641745	0.0	0.0	0.0	0.0
1.9418377876281738	1781094948.0	1781094948.3206975	1	10.0	10.0	8.0	8.0	NeuronSpectrum 10.06.2026 14:49:30	EEG	checkup_149_10.06.2026 14:49:30	500.0	499.6666666666667	True	0.5	40.0	4	True	50.0	30.0	133.73081970214844	6.252751041104869	-243.05455017089844	-21.980806750570963	-156.8472137451172	-2.461472993049905	-187.91647338867188	-1.0637707072760512	-219.72744750976562	-8.62884056570702	-31.404783248901367	5.246845543474145	-113.87879943847656	2.5809463526292094	-18.882192611694336	-0.3438758356875349	0.0	0.0	0.0	0.0
1.9926819801330566	1781094948.0	1781094948.3715417	1	10.0	10.0	8.0	8.0	NeuronSpectrum 10.06.2026 14:49:30	EEG	checkup_149_10.06.2026 14:49:30	500.0	499.6666666666667	True	0.5	40.0	4	True	50.0	30.0	299.6419982910156	5.722787452264935	-525.0219116210938	-21.370185620318406	-350.151123046875	-0.8567638424602257	-420.42315673828125	1.117040041984917	-491.2945556640625	-7.405665929072471	-68.48639678955078	6.926076010906081	-254.62754821777344	4.738192547403915	-42.446434020996094	0.10457804404906915	0.0	0.0	0.0	0.0
1.9926879405975342	1781094948.0	1781094948.3715477	1	10.0	10.0	8.0	8.0	NeuronSpectrum 10.06.2026 14:49:30	EEG	checkup_149_10.06.2026 14:49:30	500.0	499.6666666666667	True	0.5	40.0	4	True	50.0	30.0	298.9441223144531	8.754575086847087	-523.6593627929688	-26.538949192731515	-348.462158203125	-3.732854282354732	-417.9142761230469	-2.172413132174444	-489.551513671875	-11.995820760524609	-66.6968002319336	7.479077490844983	-252.41563415527344	3.474688510446346	-42.0018196105957	0.11353140163418063	0.0	0.0	0.0	0.0
1.9926905632019043	1781094948.0	1781094948.3715503	1	10.0	10.0	8.0	8.0	NeuronSpectrum 10.06.2026 14:49:30	EEG	checkup_149_10.06.2026 14:49:30	500.0	499.6666666666667	True	0.5	40.0	4	True	50.0	30.0	300.6492919921875	14.579548289905528	-526.4916381835938	-36.37122105696258	-350.2421875	-10.307244273061334	-419.8441162109375	-10.028492788598928	-492.0648498535156	-21.26047979693411	-66.12055206298828	6.918816990976124	-253.1163330078125	-0.7435698065006199	-41.81208801269531	-0.22938115523329963	0.0	0.0	0.0	0.0
1.992692470550537	1781094948.0	1781094948.3715522	1	10.0	10.0	8.0	8.0	NeuronSpectrum 10.06.2026 14:49:30	EEG	checkup_149_10.06.2026 14:49:30	500.0	499.6666666666667	True	0.5	40.0	4	True	50.0	30.0	304.3253479003906	21.967092633366978	-532.9860229492188	-48.94363795832676	-355.0106506347656	-19.192799842698705	-425.7261657714844	-20.8040533945681	-498.2182312011719	-33.27212094471079	-66.77371215820312	5.427866133174909	-256.4423522949219	-6.981284606488394	-41.83332824707031	-0.7832228742668206	0.0	0.0	0.0	0.0
1.992694616317749	1781094948.0	1781094948.3715544	1	10.0	10.0	8.0	8.0	NeuronSpectrum 10.06.2026 14:49:30	EEG	checkup_149_10.06.2026 14:49:30	500.0	499.6666666666667	True	0.5	40.0	4	True	50.0	30.0	306.9641418457031	29.53597428533777	-538.0957641601562	-62.02450531452377	-359.13653564453125	-28.753476538088343	-431.15728759765625	-32.53248851243522	-503.0647277832031	-45.807887996073546	-67.9377212524414	3.303328846588636	-259.708984375	-14.083426257397907	-41.67891311645508	-1.395869385392371	0.0	0.0	0.0	0.0
1.9926962852478027	1781094948.0	1781094948.371556	1	10.0	10.0	8.0	8.0	NeuronSpectrum 10.06.2026 14:49:30	EEG	checkup_149_10.06.2026 14:49:30	500.0	499.6666666666667	True	0.5	40.0	4	True	50.0	30.0	304.5997009277344	36.016263894594154	-535.0194091796875	-73.50252110819902	-357.7716369628906	-37.41508655626509	-430.1634216308594	-43.30172486348949	-499.9930419921875	-56.77384958604365	-68.5535888671875	0.899229271671742	-259.27642822265625	-20.897859113897155	-40.84581756591797	-1.9363722104723189	0.0	0.0	0.0	0.0
1.9926981925964355	1781094948.0	1781094948.371558	1	10.0	10.0	8.0	8.0	NeuronSpectrum 10.06.2026 14:49:30	EEG	checkup_149_10.06.2026 14:49:30	500.0	499.6666666666667	True	0.5	40.0	4	True	50.0	30.0	296.19677734375	40.41014738009281	-521.8795776367188	-81.65910663404155	-349.4735107421875	-43.86859294304784	-420.8377685546875	-51.502776647399656	-487.1410827636719	-64.47519211913712	-68.17122650146484	-1.4211720652833166	-253.99488830566406	-26.4249831315893	-39.26165771484375	-2.310636421567388	0.0	0.0	0.0	0.0
1.9926996231079102	1781094948.0	1781094948.3715594	1	10.0	10.0	8.0	8.0	NeuronSpectrum 10.06.2026 14:49:30	EEG	checkup_149_10.06.2026 14:49:30	500.0	499.6666666666667	True	0.5	40.0	4	True	50.0	30.0	286.7826232910156	42.06187656201773	-507.127197265625	-85.30036231324118	-339.9368591308594	-47.174252244556335	-409.9183044433594	-55.96174731603849	-472.57861328125	-67.74637058450995	-67.72418975830078	-3.3227728158397616	-247.9895782470703	-29.899521864144788	-37.719966888427734	-2.4630243495633213	0.0	0.0	0.0	0.0
1.992701768875122	1781094948.0	1781094948.3715615	1	10.0	10.0	8.0	8.0	NeuronSpectrum 10.06.2026 14:49:30	EEG	checkup_149_10.06.2026 14:49:30	500.0	499.6666666666667	True	0.5	40.0	4	True	50.0	30.0	285.8846435546875	40.683335506897215	-506.90753173828125	-83.82360884299744	-340.18524169921875	-46.816675762761	-410.6535339355469	-56.01380771859998	-471.7850646972656	-66.01304797299649	-69.1910400390625	-4.532189358247881	-249.33226013183594	-30.83984607935548	-37.64044189453125	-2.3721625453911996	0.0	0.0	0.0	0.0
1.9927034378051758	1781094948.0	1781094948.3715632	1	10.0	10.0	8.0	8.0	NeuronSpectrum 10.06.2026 14:49:30	EEG	checkup_149_10.06.2026 14:49:30	500.0	499.6666666666667	True	0.5	40.0	4	True	50.0	30.0	300.2367248535156	36.38185848069189	-532.5988159179688	-77.29203267739557	-357.99676513671875	-42.76123868917897	-432.45318603515625	-51.57805658268063	-495.7105407714844	-59.35745577480091	-73.90214538574219	-4.873250664148864	-263.69000244140625	-29.100433019270994	-40.0068244934082	-2.04937031364989	0.0	0.0	0.0	0.0
1.9927053451538086	1781094948.0	1781094948.371565	1	10.0	10.0	8.0	8.0	NeuronSpectrum 10.06.2026 14:49:30	EEG	checkup_149_10.06.2026 14:49:30	500.0	499.6666666666667	True	0.5	40.0	4	True	50.0	30.0	324.9830627441406	29.701882778047576	-575.7617797851562	-66.53077277852532	-387.5531921386719	-35.52198831278189	-468.35211181640625	-43.24411580920395	-536.3536376953125	-48.601996483163504	-80.5021743774414	-4.302257795316369	-286.653564453125	-24.93358581411676	-44.09316635131836	-1.5428009424010243	0.0	0.0	0.0	0.0
1.9927067756652832	1781094948.0	1781094948.3715665	1	10.0	10.0	8.0	8.0	NeuronSpectrum 10.06.2026 14:49:30	EEG	checkup_149_10.06.2026 14:49:30	500.0	499.6666666666667	True	0.5	40.0	4	True	50.0	30.0	340.8048400878906	21.640031756685783	-603.2285766601562	-53.17005549678811	-406.06640625	-26.191456475676368	-490.8881530761719	-32.310093880169156	-562.0431518554688	-35.34220789051723	-84.32418823242188	-2.929847226935128	-301.2406311035156	-19.022800579835987	-47.049564361572266	-0.9422546965040968	0.0	0.0	0.0	0.0
1.9927089214324951	1781094948.0	1781094948.3715687	1	10.0	10.0	8.0	8.0	NeuronSpectrum 10.06.2026 14:49:30	EEG	checkup_149_10.06.2026 14:49:30	500.0	499.6666666666667	True	0.5	40.0	4	True	50.0	30.0	321.7276611328125	13.560167560486702	-570.48779296875	-39.50676353800274	-382.9871826171875	-16.345435809994072	-463.1927490234375	-20.667354172888206	-530.2341918945312	-21.808015955972163	-79.27969360351562	-1.0104019766366117	-284.733154296875	-12.422954613330457	-45.03531265258789	-0.37397857325549305	0.0	0.0	0.0	0.0
1.9927103519439697	1781094948.0	1781094948.37157	1	10.0	10.0	8.0	8.0	NeuronSpectrum 10.06.2026 14:49:30	EEG	checkup_149_10.06.2026 14:49:30	500.0	499.6666666666667	True	0.5	40.0	4	True	50.0	30.0	250.6600341796875	6.957336968816098	-448.3120422363281	-28.097062865800638	-298.31072998046875	-7.763492780567783	-361.0968322753906	-10.461573624983306	-412.9830627441406	-10.470885867940687	-61.53299331665039	1.1126981808579794	-222.26121520996094	-6.363247638396066	-35.47602462768555	0.022933606377460697	0.0	0.0	0.0	0.0
1.9927124977111816	1781094948.0	1781094948.3715723	1	10.0	10.0	8.0	8.0	NeuronSpectrum 10.06.2026 14:49:30	EEG	checkup_149_10.06.2026 14:49:30	500.0	499.6666666666667	True	0.5	40.0	4	True	50.0	30.0	132.69821166992188	3.103108863753868	-245.54624938964844	-21.138545627430645	-158.22927856445312	-2.0052671296436144	-192.04978942871094	-3.579591460622412	-218.7547607421875	-3.452981065905906	-32.58340072631836	3.0963205981933437	-118.41739654541016	-1.9423212701622923	-19.007051467895508	0.13563888415190933	0.0	0.0	0.0	0.0
2.0438969135284424	1781094948.0	1781094948.4227567	1	10.0	10.0	8.0	8.0	NeuronSpectrum 10.06.2026 14:49:30	EEG	checkup_149_10.06.2026 14:49:30	500.0	499.6666666666667	True	0.5	40.0	4	True	50.0	30.0	297.8350524902344	2.7003853565333404	-528.6012573242188	-19.865801731858415	-351.6919860839844	0.004630534618849148	-426.0874938964844	-1.1474100776318086	-489.2958679199219	-1.9517194780289062	-70.63297271728516	4.688343070940843	-261.2852783203125	0.1717775411359708	-43.03139114379883	-0.08413780865249201	0.0	0.0	0.0	0.0
2.0439021587371826	1781094948.0	1781094948.422762	1	10.0	10.0	8.0	8.0	NeuronSpectrum 10.06.2026 14:49:30	EEG	checkup_149_10.06.2026 14:49:30	500.0	499.6666666666667	True	0.5	40.0	4	True	50.0	30.0	297.1738586425781	5.701777063685459	-526.960693359375	-24.228133063682847	-349.3262023925781	-1.7998990791893115	-423.27447509765625	-3.2605745392024534	-487.5533447265625	-5.935237232490192	-68.79499053955078	5.781127414513626	-258.6874694824219	-0.09784807009709093	-43.04509353637695	-0.6026507454230242	0.0	0.0	0.0	0.0
2.0439043045043945	1781094948.0	1781094948.422764	1	10.0	10.0	8.0	8.0	NeuronSpectrum 10.06.2026 14:49:30	EEG	checkup_149_10.06.2026 14:49:30	500.0	499.6666666666667	True	0.5	40.0	4	True	50.0	30.0	298.7974853515625	11.365923386432167	-529.1554565429688	-32.98033942022303	-349.55816650390625	-6.682991144330061	-423.6094665527344	-9.053197482071175	-489.4953918457031	-14.232178429096592	-67.29590606689453	6.408724090122352	-257.5293273925781	-2.280105766490533	-43.15480041503906	-1.3166273696205928	0.0	0.0	0.0	0.0
2.0439062118530273	1781094948.0	1781094948.422766	1	10.0	10.0	8.0	8.0	NeuronSpectrum 10.06.2026 14:49:30	EEG	checkup_149_10.06.2026 14:49:30	500.0	499.6666666666667	True	0.5	40.0	4	True	50.0	30.0	302.293701171875	18.500913471291625	-534.4518432617188	-44.10083191304993	-352.0122375488281	-13.383691625084477	-426.582763671875	-17.032517971150696	-494.4388732910156	-24.93220752670041	-66.13597869873047	6.699463906642862	-257.5976257324219	-5.557329102036978	-43.3380241394043	-2.0875327075986037	0.0	0.0	0.0	0.0
2.043907880783081	1781094948.0	1781094948.4227676	1	10.0	10.0	8.0	8.0	NeuronSpectrum 10.06.2026 14:49:30	EEG	checkup_149_10.06.2026 14:49:30	500.0	499.6666666666667	True	0.5	40.0	4	True	50.0	30.0	304.69952392578125	25.770205384794465	-537.7323608398438	-55.32272155748382	-353.3089294433594	-20.46635184687207	-428.0537414550781	-25.500577097377235	-497.5267333984375	-35.891347960463754	-64.753662109375	6.813625827932648	-256.5696105957031	-9.015474808173636	-43.239585876464844	-2.77972190266838	0.0	0.0	0.0	0.0
2.0439095497131348	1781094948.0	1781094948.4227693	1	10.0	10.0	8.0	8.0	NeuronSpectrum 10.06.2026 14:49:30	EEG	checkup_149_10.06.2026 14:49:30	500.0	499.6666666666667	True	0.5	40.0	4	True	50.0	30.0	302.1072082519531	31.948822189901488	-532.2691650390625	-64.5829993756922	-348.9590148925781	-26.61245933407439	-422.5861511230469	-32.90273905614581	-492.3777770996094	-45.15591538318896	-62.39530944824219	6.893014413204824	-251.38308715820312	-11.845514598981223	-42.3908576965332	-3.287291648268065	0.0	0.0	0.0	0.0
2.0439114570617676	1781094948.0	1781094948.4227712	1	10.0	10.0	8.0	8.0	NeuronSpectrum 10.06.2026 14:49:30	EEG	checkup_149_10.06.2026 14:49:30	500.0	499.6666666666667	True	0.5	40.0	4	True	50.0	30.0	293.5241394042969	36.078835429218636	-516.3763427734375	-70.29888726093088	-337.9306640625	-30.79427064451979	-409.0096130371094	-38.03105945990618	-477.4521179199219	-51.21933720819394	-59.0054931640625	7.0345329301201565	-241.54013061523438	-13.453278469659146	-40.74623489379883	-3.5440188709048703	0.0	0.0	0.0	0.0
2.0439131259918213	1781094948.0	1781094948.422773	1	10.0	10.0	8.0	8.0	NeuronSpectrum 10.06.2026 14:49:30	EEG	checkup_149_10.06.2026 14:49:30	500.0	499.6666666666667	True	0.5	40.0	4	True	50.0	30.0	283.9800109863281	37.53492558526423	-498.7762756347656	-71.48624997354503	-326.32342529296875	-32.3436972360093	-394.8623046875	-40.09977255351395	-461.1744079589844	-53.128153796268684	-55.937400817871094	7.2848361662341565	-231.74424743652344	-13.490147838241521	-39.10844421386719	-3.520137323811601	0.0	0.0	0.0	0.0
2.043915033340454	1781094948.0	1781094948.4227748	1	10.0	10.0	8.0	8.0	NeuronSpectrum 10.06.2026 14:49:30	EEG	checkup_149_10.06.2026 14:49:30	500.0	499.6666666666667	True	0.5	40.0	4	True	50.0	30.0	282.9715270996094	36.04697048330863	-495.94573974609375	-67.79774397982645	-325.5013427734375	-30.972641412133267	-394.0714111328125	-38.76268833459068	-459.3560791015625	-50.51377389232127	-55.561893463134766	7.644235824692221	-230.48143005371094	-11.849185035105751	-38.886959075927734	-3.2149747257728487	0.0	0.0	0.0	0.0
2.043916702270508	1781094948.0	1781094948.4227765	1	10.0	10.0	8.0	8.0	NeuronSpectrum 10.06.2026 14:49:30	EEG	checkup_149_10.06.2026 14:49:30	500.0	499.6666666666667	True	0.5	40.0	4	True	50.0	30.0	297.21258544921875	31.726684747077414	-519.6405029296875	-59.5599559284015	-343.4547424316406	-26.80092806066501	-416.3960266113281	-34.14258562528081	-483.19793701171875	-43.62757186707536	-59.52584457397461	8.067795923852938	-243.65542602539062	-8.671186500536844	-41.047454833984375	-2.654121043826207	0.0	0.0	0.0	0.0
2.0439188480377197	1781094948.0	1781094948.4227786	1	10.0	10.0	8.0	8.0	NeuronSpectrum 10.06.2026 14:49:30	EEG	checkup_149_10.06.2026 14:49:30	500.0	499.6666666666667	True	0.5	40.0	4	True	50.0	30.0	321.8878173828125	25.110141391806877	-561.7988891601562	-47.83018257718845	-374.3836975097656	-20.406074354695455	-454.7300720214844	-26.891594636406065	-524.8023071289062	-33.39973983947699	-66.65007781982422	8.459859095032613	-266.9434814453125	-4.373547524835735	-44.858951568603516	-1.8940127530768704	0.0	0.0	0.0	0.0
2.0439207553863525	1781094948.0	1781094948.4227805	1	10.0	10.0	8.0	8.0	NeuronSpectrum 10.06.2026 14:49:30	EEG	checkup_149_10.06.2026 14:49:30	500.0	499.6666666666667	True	0.5	40.0	4	True	50.0	30.0	337.7883605957031	17.17579864260716	-589.522705078125	-34.405628290455724	-395.2846984863281	-12.847050141125578	-480.9610595703125	-18.225308021511545	-552.3948364257812	-21.456857009445095	-72.22477722167969	8.670759157224442	-283.3118896484375	0.332062786670952	-47.49723434448242	-1.0283739730910406	0.0	0.0	0.0	0.0
2.0439224243164062	1781094948.0	1781094948.4227822	1	10.0	10.0	8.0	8.0	NeuronSpectrum 10.06.2026 14:49:30	EEG	checkup_149_10.06.2026 14:49:30	500.0	499.6666666666667	True	0.5	40.0	4	True	50.0	30.0	319.06341552734375	9.264244762620406	-558.323486328125	-21.661823384349564	-375.1836242675781	-5.574468778937409	-457.24554443359375	-9.823840856566115	-523.1064453125	-9.978461030602675	-69.849365234375	8.512640950447304	-269.8265380859375	4.497753023996328	-45.1788444519043	-0.18519126264525904	0.0	0.0	0.0	0.0
2.043924331665039	1781094948.0	1781094948.422784	1	10.0	10.0	8.0	8.0	NeuronSpectrum 10.06.2026 14:49:30	EEG	checkup_149_10.06.2026 14:49:30	500.0	499.6666666666667	True	0.5	40.0	4	True	50.0	30.0	248.6646728515625	2.847746201924371	-438.6650695800781	-12.135514190955893	-293.5475769042969	-0.16567331574997246	-358.4645690917969	-3.5233631033436135	-408.5174560546875	-1.309279781006428	-55.14702224731445	7.806367032684345	-211.20953369140625	7.119724193291799	-35.398651123046875	0.4947621761352477	0.0	0.0	0.0	0.0
2.0439257621765137	1781094948.0	1781094948.4227855	1	10.0	10.0	8.0	8.0	NeuronSpectrum 10.06.2026 14:49:30	EEG	checkup_149_10.06.2026 14:49:30	500.0	499.6666666666667	True	0.5	40.0	4	True	50.0	30.0	131.58900451660156	-0.8192759205893069	-238.81051635742188	-7.910207607184533	-156.0963134765625	2.0781130611004324	-191.50592041015625	-0.8406303335102097	-216.61585998535156	2.619042201098954	-29.00310707092285	6.451985271450029	-111.4890365600586	7.415565290871004	-18.843393325805664	0.8954140789472156	0.0	0.0	0.0	0.0
2.0439274311065674	1781094948.0	1781094948.4227872	1	10.0	10.0	8.0	8.0	NeuronSpectrum 10.06.2026 14:49:30	EEG	checkup_149_10.06.2026 14:49:30	500.0	499.6666666666667	True	0.5	40.0	4	True	50.0	30.0	295.7791748046875	-1.0423300344174553	-524.101806640625	-10.02596204723663	-353.255859375	0.5222050284592494	-430.6243591308594	-2.5103424754238786	-490.2397155761719	0.8456603712129587	-69.99959564208984	4.492834686578416	-257.2182312011719	5.090344613644947	-42.24605941772461	0.9628800844289512	0.0	0.0	0.0	0.0
2.043929100036621	1781094948.0	1781094948.4227889	1	10.0	10.0	8.0	8.0	NeuronSpectrum 10.06.2026 14:49:30	EEG	checkup_149_10.06.2026 14:49:30	500.0	499.6666666666667	True	0.5	40.0	4	True	50.0	30.0	295.2762145996094	2.131556037488058	-526.4105834960938	-18.17911433592542	-354.1626281738281	-4.604898188469344	-431.2191467285156	-8.253288924324325	-491.6642150878906	-6.336255581310227	-71.56771087646484	2.1375975924873245	-258.8879699707031	0.46052424624787236	-41.9488639831543	0.7228585945065987	0.0	0.0	0.0	0.0
2.043931007385254	1781094948.0	1781094948.4227908	1	10.0	10.0	8.0	8.0	NeuronSpectrum 10.06.2026 14:49:30	EEG	checkup_149_10.06.2026 14:49:30	500.0	499.6666666666667	True	0.5	40.0	4	True	50.0	30.0	297.09600830078125	7.967313121038288	-532.8526611328125	-30.84009299878022	-357.3106994628906	-12.295636970632797	-434.2447204589844	-16.879636868344367	-496.65057373046875	-17.493313475204108	-73.22515869140625	-0.2757465035571981	-261.7621765136719	-5.626079433329647	-41.829261779785156	0.2685278631743853	0.0	0.0	0.0	0.0
2.0439324378967285	1781094948.0	1781094948.4227922	1	10.0	10.0	8.0	8.0	NeuronSpectrum 10.06.2026 14:49:30	EEG	checkup_149_10.06.2026 14:49:30	500.0	499.6666666666667	True	0.5	40.0	4	True	50.0	30.0	300.8444519042969	15.28096319019629	-542.3536376953125	-45.70102012336241	-362.0850830078125	-21.066657752781676	-439.04669189453125	-26.652369184285448	-504.2595520019531	-30.47800545340141	-74.69591522216797	-2.3593318492854802	-265.3135986328125	-12.026938679539025	-41.880130767822266	-0.27338934490350714	0.0	0.0	0.0	0.0
2.043933868408203	1781094948.0	1781094948.4227936	1	10.0	10.0	8.0	8.0	NeuronSpectrum 10.06.2026 14:49:30	EEG	checkup_149_10.06.2026 14:49:30	500.0	499.6666666666667	True	0.5	40.0	4	True	50.0	30.0	303.5553894042969	22.741690979758626	-549.3710327148438	-60.235791408888176	-364.90240478515625	-29.331585544394233	-441.4190368652344	-35.7301155288027	-509.3633117675781	-42.95914468706333	-75.17121124267578	-3.7649374815671717	-266.9200134277344	-17.58616017665367	-41.727745056152344	-0.7809015600757538	0.0	0.0	0.0	0.0
2.043935775756836	1781094948.0	1781094948.4227955	1	10.0	10.0	8.0	8.0	NeuronSpectrum 10.06.2026 14:49:30	EEG	checkup_149_10.06.2026 14:49:30	500.0	499.6666666666667	True	0.5	40.0	4	True	50.0	30.0	301.2969055175781	29.126007887152166	-546.7681884765625	-72.17410651385151	-361.13214111328125	-35.7078057237309	-435.89898681640625	-42.52670568612148	-505.3413391113281	-52.86707127370555	-73.7161865234375	-4.252981365928443	-263.2613220214844	-21.35942242726822	-40.85930252075195	-1.1641487223319875	0.0	0.0	0.0	0.0
2.0442657470703125	1781094948.0	1781094948.4231255	1	10.0	10.0	8.0	8.0	NeuronSpectrum 10.06.2026 14:49:30	EEG	checkup_149_10.06.2026 14:49:30	500.0	499.6666666666667	True	0.5	40.0	4	True	50.0	30.0	293.04248046875	33.47335929800637	-532.6158447265625	-79.79480653842013	-349.6517639160156	-39.194472313292955	-421.234130859375	-45.91361086683665	-490.46734619140625	-58.66387503745303	-70.15763854980469	-3.7256239459773535	-253.6219482421875	-22.73569352245279	-39.1925048828125	-1.3758071197049866	0.0	0.0	0.0	0.0
2.0442676544189453	1781094948.0	1781094948.4231274	1	10.0	10.0	8.0	8.0	NeuronSpectrum 10.06.2026 14:49:30	EEG	checkup_149_10.06.2026 14:49:30	500.0	499.6666666666667	True	0.5	40.0	4	True	50.0	30.0	283.79339599609375	35.15333053944496	-515.6620483398438	-82.05080680829742	-336.5041198730469	-39.23338113208819	-404.7723083496094	-45.28182081897478	-473.0466613769531	-59.451309614236976	-65.77902221679688	-2.2252666539294825	-242.54185485839844	-21.464904775427296	-37.54105758666992	-1.4074767557530854	0.0	0.0	0.0	0.0
2.044269323348999	1781094948.0	1781094948.423129	1	10.0	10.0	8.0	8.0	NeuronSpectrum 10.06.2026 14:49:30	EEG	checkup_149_10.06.2026 14:49:30	500.0	499.6666666666667	True	0.5	40.0	4	True	50.0	30.0	283.0338134765625	33.8902259229288	-512.6490478515625	-78.60288755687624	-333.0726623535156	-35.709409557980784	-400.2537536621094	-40.53391356360689	-468.8873291015625	-54.99118838146464	-62.962703704833984	0.08881818132979061	-238.4893798828125	-17.635374251125132	-37.38801574707031	-1.2804055578016764	0.0	0.0	0.0	0.0
2.044271230697632	1781094948.0	1781094948.423131	1	10.0	10.0	8.0	8.0	NeuronSpectrum 10.06.2026 14:49:30	EEG	checkup_149_10.06.2026 14:49:30	500.0	499.6666666666667	True	0.5	40.0	4	True	50.0	30.0	297.4801025390625	29.79088929838722	-535.6625366210938	-69.84370380786629	-347.5618591308594	-28.95004844614506	-417.5459289550781	-32.079669188762985	-489.40191650390625	-45.71712444003627	-63.556297302246094	2.969838636425524	-247.6636962890625	-11.648246402805928	-39.8016357421875	-1.0389959326165146	0.0	0.0	0.0	0.0
2.0442728996276855	1781094948.0	1781094948.4231327	1	10.0	10.0	8.0	8.0	NeuronSpectrum 10.06.2026 14:49:30	EEG	checkup_149_10.06.2026 14:49:30	500.0	499.6666666666667	True	0.5	40.0	4	True	50.0	30.0	322.32598876953125	23.38695524931868	-576.8195190429688	-56.93668008284388	-374.69305419921875	-19.74430408613317	-450.2384033203125	-20.860059344032152	-527.2081298828125	-32.762816594459096	-66.8868408203125	6.108735134279112	-266.4747314453125	-4.208304632720835	-44.1105842590332	-0.7503540050389841	0.0	0.0	0.0	0.0
2.0442748069763184	1781094948.0	1781094948.4231346	1	10.0	10.0	8.0	8.0	NeuronSpectrum 10.06.2026 14:49:30	EEG	checkup_149_10.06.2026 14:49:30	500.0	499.6666666666667	True	0.5	40.0	4	True	50.0	30.0	338.3703308105469	15.651284257458338	-603.1503295898438	-41.80718729844712	-392.2591552734375	-9.34054764227754	-471.50799560546875	-8.350051165258542	-551.3153076171875	-17.9493562856163	-69.04559326171875	9.156655623774403	-278.9700012207031	3.6940212495896216	-47.44233703613281	-0.5052345088968857	0.0	0.0	0.0	0.0
2.044276714324951	1781094948.0	1781094948.4231365	1	10.0	10.0	8.0	8.0	NeuronSpectrum 10.06.2026 14:49:30	EEG	checkup_149_10.06.2026 14:49:30	500.0	499.6666666666667	True	0.5	40.0	4	True	50.0	30.0	319.76739501953125	7.915648167996258	-569.9508666992188	-26.966659240256654	-370.1038513183594	0.6577248160178906	-444.956787109375	3.559175229666072	-519.6783447265625	-3.619895214921776	-64.49942016601562	11.755308790396244	-263.27496337890625	10.865601860459813	-45.84994888305664	-0.410303048359623	0.0	0.0	0.0	0.0
2.044278621673584	1781094948.0	1781094948.4231384	1	10.0	10.0	8.0	8.0	NeuronSpectrum 10.06.2026 14:49:30	EEG	checkup_149_10.06.2026 14:49:30	500.0	499.6666666666667	True	0.5	40.0	4	True	50.0	30.0	249.4765167236328	1.6389953153370147	-447.57464599609375	-15.087103271006711	-288.1492004394531	8.556864871238993	-346.3489990234375	12.871330539599933	-404.3908996582031	7.756142470705831	-49.42241287231445	13.584685713015151	-204.64401245117188	16.100565505611222	-36.616912841796875	-0.5640913182440443	0.0	0.0	0.0	0.0
2.0442800521850586	1781094948.0	1781094948.4231398	1	10.0	10.0	8.0	8.0	NeuronSpectrum 10.06.2026 14:49:30	EEG	checkup_149_10.06.2026 14:49:30	500.0	499.6666666666667	True	0.5	40.0	4	True	50.0	30.0	132.50650024414062	-1.941452073861813	-244.48582458496094	-8.384489527813068	-151.92822265625	12.964255473254394	-182.33106994628906	17.949633378700305	-213.365478515625	14.155154814057042	-24.614994049072266	14.42366587762585	-106.78045654296875	18.453923172230304	-20.276599884033203	-1.0203577280211222	0.0	0.0	0.0	0.0
2.0955827236175537	1781094948.0	1781094948.4744425	1	10.0	10.0	8.0	8.0	NeuronSpectrum 10.06.2026 14:49:30	EEG	checkup_149_10.06.2026 14:49:30	500.0	499.6666666666667	True	0.5	40.0	4	True	50.0	30.0	297.0454406738281	-2.149265207303398	-530.3682861328125	-8.031049566088377	-343.6338806152344	13.163064032758307	-413.9947814941406	17.964162115225644	-482.0859069824219	14.54218759667778	-60.359092712402344	14.201564132553134	-247.07676696777344	17.49865087781215	-45.679908752441406	-1.7557417958615997	0.0	0.0	0.0	0.0
2.0955889225006104	1781094948.0	1781094948.4744487	1	10.0	10.0	8.0	8.0	NeuronSpectrum 10.06.2026 14:49:30	EEG	checkup_149_10.06.2026 14:49:30	500.0	499.6666666666667	True	0.5	40.0	4	True	50.0	30.0	296.63519287109375	0.9545281488812506	-530.3564453125	-13.858814581236729	-343.414794921875	9.298611920754299	-413.79986572265625	13.1150384626326	-481.90185546875	9.139387977296881	-60.75587844848633	13.014306926650992	-248.20945739746094	13.445276577032757	-46.17155838012695	-2.6617674321286344	0.0	0.0	0.0	0.0
2.0955915451049805	1781094948.0	1781094948.4744513	1	10.0	10.0	8.0	8.0	NeuronSpectrum 10.06.2026 14:49:30	EEG	checkup_149_10.06.2026 14:49:30	500.0	499.6666666666667	True	0.5	40.0	4	True	50.0	30.0	298.3896484375	6.630310624823844	-534.3178100585938	-24.477930445487868	-345.6858215332031	2.295716607836135	-416.52264404296875	4.533849477245074	-485.32965087890625	-0.694534289326576	-61.550907135009766	11.095144098061192	-251.01698303222656	7.068694575019764	-46.53451156616211	-3.56920912087049	0.0	0.0	0.0	0.0
2.0955934524536133	1781094948.0	1781094948.4744532	1	10.0	10.0	8.0	8.0	NeuronSpectrum 10.06.2026 14:49:30	EEG	checkup_149_10.06.2026 14:49:30	500.0	499.6666666666667	True	0.5	40.0	4	True	50.0	30.0	301.8922119140625	13.70290576830768	-541.4546508789062	-37.71730902241818	-349.98443603515625	-6.430918364525785	-421.6509704589844	-6.06287824729442	-491.60955810546875	-12.885655782761308	-62.67631530761719	8.754171832047513	-255.11154174804688	-0.5108887238941962	-46.70154571533203	-4.294566538481913	0.0	0.0	0.0	0.0
2.095595359802246	1781094948.0	1781094948.474455	1	10.0	10.0	8.0	8.0	NeuronSpectrum 10.06.2026 14:49:30	EEG	checkup_149_10.06.2026 14:49:30	500.0	499.6666666666667	True	0.5	40.0	4	True	50.0	30.0	304.2104797363281	20.86435280603879	-546.5538940429688	-51.16907756724472	-352.92742919921875	-15.328629895407186	-425.15283203125	-16.795213738655733	-495.8937072753906	-25.160685576840702	-63.55495071411133	6.313595716108152	-258.0357971191406	-8.087763225627722	-46.30312728881836	-4.688247975622733	0.0	0.0	0.0	0.0
2.095597267150879	1781094948.0	1781094948.474457	1	10.0	10.0	8.0	8.0	NeuronSpectrum 10.06.2026 14:49:30	EEG	checkup_149_10.06.2026 14:49:30	500.0	499.6666666666667	True	0.5	40.0	4	True	50.0	30.0	301.49517822265625	26.92484244127548	-542.7791137695312	-62.64145745049614	-350.0566101074219	-22.993417339341853	-421.6813659667969	-25.963917872033498	-491.8378601074219	-35.473232950501654	-63.416358947753906	4.060151330516881	-256.5845031738281	-14.58001569449958	-44.88414001464844	-4.6670749196264945	0.0	0.0	0.0	0.0
2.0955991744995117	1781094948.0	1781094948.474459	1	10.0	10.0	8.0	8.0	NeuronSpectrum 10.06.2026 14:49:30	EEG	checkup_149_10.06.2026 14:49:30	500.0	499.6666666666667	True	0.5	40.0	4	True	50.0	30.0	292.8197326660156	30.96175163916463	-528.4306640625	-70.43226406201741	-340.34246826171875	-28.33641770825133	-409.9837646484375	-32.251835803188726	-477.8836669921875	-42.25791096367697	-62.136749267578125	2.2211956134290944	-250.06288146972656	-19.15073261075857	-42.44868469238281	-4.224169424933846	0.0	0.0	0.0	0.0
2.0956010818481445	1781094948.0	1781094948.4744608	1	10.0	10.0	8.0	8.0	NeuronSpectrum 10.06.2026 14:49:30	EEG	checkup_149_10.06.2026 14:49:30	500.0	499.6666666666667	True	0.5	40.0	4	True	50.0	30.0	283.2635803222656	32.3786941051828	-512.3982543945312	-73.44326066002131	-329.8084411621094	-30.647536735708353	-397.265625	-34.80334876473736	-462.32525634765625	-44.53152984076477	-60.92129898071289	0.9574937170006158	-242.9051055908203	-21.255785402086012	-39.901729583740234	-3.419762729973626	0.0	0.0	0.0	0.0
2.0956029891967773	1781094948.0	1781094948.4744627	1	10.0	10.0	8.0	8.0	NeuronSpectrum 10.06.2026 14:49:30	EEG	checkup_149_10.06.2026 14:49:30	500.0	499.6666666666667	True	0.5	40.0	4	True	50.0	30.0	282.3421630859375	30.922717651121655	-511.4215393066406	-71.21847359740025	-329.66845703125	-29.614544295436055	-396.9667663574219	-33.25110901754926	-460.76092529296875	-41.920035321263924	-61.92656326293945	0.35932953889590946	-243.28965759277344	-20.661580797774743	-38.81178283691406	-2.362842803047978	0.0	0.0	0.0	0.0
2.09560489654541	1781094948.0	1781094948.4744647	1	10.0	10.0	8.0	8.0	NeuronSpectrum 10.06.2026 14:49:30	EEG	checkup_149_10.06.2026 14:49:30	500.0	499.6666666666667	True	0.5	40.0	4	True	50.0	30.0	296.759033203125	26.707682369760537	-537.3297119140625	-63.988935659798884	-347.7613525390625	-25.353825199882092	-418.48291015625	-27.75613705942657	-484.2270812988281	-34.689746720569744	-66.58238983154297	0.43515626708217087	-256.87127685546875	-17.47289907191212	-40.33039474487305	-1.1940933544077394	0.0	0.0	0.0	0.0
2.095606803894043	1781094948.0	1781094948.4744666	1	10.0	10.0	8.0	8.0	NeuronSpectrum 10.06.2026 14:49:30	EEG	checkup_149_10.06.2026 14:49:30	500.0	499.6666666666667	True	0.5	40.0	4	True	50.0	30.0	321.6756591796875	20.25627138412658	-581.6392211914062	-52.743776450655304	-378.2452697753906	-18.46526775140847	-454.7907409667969	-19.074721776450637	-524.8758544921875	-23.803418234978547	-73.58724975585938	1.0926335824336886	-279.2666320800781	-12.177430716783192	-43.87346267700195	-0.07527193947378114	0.0	0.0	0.0	0.0
2.095608711242676	1781094948.0	1781094948.4744685	1	10.0	10.0	8.0	8.0	NeuronSpectrum 10.06.2026 14:49:30	EEG	checkup_149_10.06.2026 14:49:30	500.0	499.6666666666667	True	0.5	40.0	4	True	50.0	30.0	337.8636169433594	12.520346113419617	-610.5016479492188	-39.25547988899987	-398.26165771484375	-10.060630613866032	-478.4424133300781	-8.590141550818768	-551.274169921875	-10.93583687817636	-78.28932189941406	2.125561815815821	-293.66534423828125	-5.666702064648384	-46.65328598022461	0.8182865031512573	0.0	0.0	0.0	0.0
2.0956101417541504	1781094948.0	1781094948.47447	1	10.0	10.0	8.0	8.0	NeuronSpectrum 10.06.2026 14:49:30	EEG	checkup_149_10.06.2026 14:49:30	500.0	499.6666666666667	True	0.5	40.0	4	True	50.0	30.0	319.46044921875	4.805387631101686	-578.3463745117188	-25.92871828315552	-377.1463623046875	-1.6748903918495919	-452.6330871582031	1.7997426056814456	-521.0820922851562	1.6710722536442362	-74.54563903808594	3.228068414059588	-277.6277770996094	0.8355421635967947	-44.78227996826172	1.3115600901121296	0.0	0.0	0.0	0.0
2.095611810684204	1781094948.0	1781094948.4744716	1	10.0	10.0	8.0	8.0	NeuronSpectrum 10.06.2026 14:49:30	EEG	checkup_149_10.06.2026 14:49:30	500.0	499.6666666666667	True	0.5	40.0	4	True	50.0	30.0	249.4048309326172	-1.4538392909306073	-455.0870666503906	-15.381723888723174	-294.7137145996094	5.003266810764064	-353.16693115234375	10.014843497326977	-406.34063720703125	11.597537889594594	-58.36187744140625	4.0508539174094205	-216.49649047851562	5.985118079410892	-35.55042266845703	1.2579367782663793	0.0	0.0	0.0	0.0
2.095613479614258	1781094948.0	1781094948.4744732	1	10.0	10.0	8.0	8.0	NeuronSpectrum 10.06.2026 14:49:30	EEG	checkup_149_10.06.2026 14:49:30	500.0	499.6666666666667	True	0.5	40.0	4	True	50.0	30.0	132.666748046875	-5.03651807000785	-249.465576171875	-9.8168376816464	-156.90322875976562	8.54582757620715	-187.2480010986328	14.300096052623948	-215.16848754882812	16.827030845171475	-30.988357543945312	4.292412259337378	-114.82373809814453	8.641305279346096	-19.433834075927734	0.5784739005338738	0.0	0.0	0.0	0.0
2.1465694904327393	1781094948.0	1781094948.5254292	1	10.0	10.0	8.0	8.0	NeuronSpectrum 10.06.2026 14:49:30	EEG	checkup_149_10.06.2026 14:49:30	500.0	499.6666666666667	True	0.5	40.0	4	True	50.0	30.0	296.5426025390625	-5.272654988616654	-539.78759765625	-10.406261212429186	-351.28564453125	8.194014039454146	-421.26385498046875	13.72425704053717	-485.1302185058594	16.309897401242523	-69.51490783691406	3.793098364705224	-257.2391662597656	8.188344854467125	-45.08796691894531	-0.7038541159629874	0.0	0.0	0.0	0.0
2.1465752124786377	1781094948.0	1781094948.525435	1	10.0	10.0	8.0	8.0	NeuronSpectrum 10.06.2026 14:49:30	EEG	checkup_149_10.06.2026 14:49:30	500.0	499.6666666666667	True	0.5	40.0	4	True	50.0	30.0	295.9671630859375	-2.221470588218634	-539.9718017578125	-16.966549913196936	-350.7475891113281	4.077328146261017	-420.9580383300781	8.447509746778852	-485.21148681640625	10.256809979584535	-69.33210754394531	2.591599161892596	-257.0158386230469	4.714346189228614	-46.3748779296875	-2.454667961815568	0.0	0.0	0.0	0.0
2.1465771198272705	1781094948.0	1781094948.5254369	1	10.0	10.0	8.0	8.0	NeuronSpectrum 10.06.2026 14:49:30	EEG	checkup_149_10.06.2026 14:49:30	500.0	499.6666666666667	True	0.5	40.0	4	True	50.0	30.0	297.59014892578125	3.382935139420225	-544.1921997070312	-28.056797754550146	-352.65264892578125	-2.8486396982754063	-423.80950927734375	-0.3534484891499303	-488.9492492675781	0.03852381690667572	-69.68867492675781	0.9209337334793073	-258.99774169921875	-1.0251020615886544	-47.80887222290039	-4.451818369375052	0.0	0.0	0.0	0.0
2.1465790271759033	1781094948.0	1781094948.5254388	1	10.0	10.0	8.0	8.0	NeuronSpectrum 10.06.2026 14:49:30	EEG	checkup_149_10.06.2026 14:49:30	500.0	499.6666666666667	True	0.5	40.0	4	True	50.0	30.0	301.0337829589844	10.369522490241762	-551.6376953125	-41.4154741020752	-356.58465576171875	-11.090444850811185	-429.27374267578125	-10.836438017691192	-495.5783386230469	-12.227130972038971	-70.52570343017578	-0.8490543802001386	-262.8166809082031	-7.821968885227955	-49.24007034301758	-6.432789059253371	0.0	0.0	0.0	0.0
2.146580934524536	1781094948.0	1781094948.5254407	1	10.0	10.0	8.0	8.0	NeuronSpectrum 10.06.2026 14:49:30	EEG	checkup_149_10.06.2026 14:49:30	500.0	499.6666666666667	True	0.5	40.0	4	True	50.0	30.0	303.3791809082031	17.429816973639372	-556.9873657226562	-54.51919779174413	-359.1581726074219	-18.98768163683301	-433.17626953125	-20.94753324131516	-500.1880798339844	-24.19818837399197	-71.17767333984375	-2.2962557024984838	-265.8427734375	-14.305284281659546	-50.188987731933594	-8.146516887940678	0.0	0.0	0.0	0.0
2.146582841873169	1781094948.0	1781094948.5254426	1	10.0	10.0	8.0	8.0	NeuronSpectrum 10.06.2026 14:49:30	EEG	checkup_149_10.06.2026 14:49:30	500.0	499.6666666666667	True	0.5	40.0	4	True	50.0	30.0	300.7572021484375	23.36886180205813	-553.2032470703125	-65.06466031731145	-355.8067321777344	-25.034633766677782	-429.88641357421875	-28.817266802257205	-496.3019104003906	-33.75602129617168	-70.6779556274414	-3.0308043893457106	-264.4953308105469	-19.205909569972818	-50.0828742980957	-9.39295905169446	0.0	0.0	0.0	0.0
2.1465845108032227	1781094948.0	1781094948.5254443	1	10.0	10.0	8.0	8.0	NeuronSpectrum 10.06.2026 14:49:30	EEG	checkup_149_10.06.2026 14:49:30	500.0	499.6666666666667	True	0.5	40.0	4	True	50.0	30.0	292.18267822265625	27.25750776263856	-538.2693481445312	-71.27821045753083	-345.17303466796875	-28.08888245543156	-417.6596374511719	-33.02076792286792	-482.1018371582031	-39.288791995346074	-68.54183197021484	-2.762768939355819	-257.4650573730469	-21.544127770884202	-48.814701080322266	-10.043488441292657	0.0	0.0	0.0	0.0
2.1465864181518555	1781094948.0	1781094948.5254462	1	10.0	10.0	8.0	8.0	NeuronSpectrum 10.06.2026 14:49:30	EEG	checkup_149_10.06.2026 14:49:30	500.0	499.6666666666667	True	0.5	40.0	4	True	50.0	30.0	282.64434814453125	28.496443124515945	-520.6701049804688	-72.0629785176328	-332.71337890625	-27.472254947203844	-403.0373229980469	-32.70672439157633	-465.4843444824219	-39.82092201208802	-65.45468139648438	-1.3474313831713927	-248.4019775390625	-20.736264985821265	-47.18534469604492	-10.044798921829031	0.0	0.0	0.0	0.0
2.1465883255004883	1781094948.0	1781094948.525448	1	10.0	10.0	8.0	8.0	NeuronSpectrum 10.06.2026 14:49:30	EEG	checkup_149_10.06.2026 14:49:30	500.0	499.6666666666667	True	0.5	40.0	4	True	50.0	30.0	281.5677490234375	26.83773809181961	-516.8053588867188	-67.05619499242913	-329.0688781738281	-23.010447465434137	-398.9006652832031	-27.64982290755278	-461.6609802246094	-35.05742203637675	-63.09503936767578	1.1902498109383677	-244.84083557128906	-16.64634471066345	-46.65803909301758	-9.414532971468402	0.0	0.0	0.0	0.0
2.146590232849121	1781094948.0	1781094948.52545	1	10.0	10.0	8.0	8.0	NeuronSpectrum 10.06.2026 14:49:30	EEG	checkup_149_10.06.2026 14:49:30	500.0	499.6666666666667	True	0.5	40.0	4	True	50.0	30.0	295.6230163574219	22.40970585175955	-538.5028076171875	-56.67186143263896	-341.97235107421875	-15.059231463765027	-414.669677734375	-18.28380195552247	-481.60308837890625	-25.414504936742095	-62.84638214111328	4.64867298488528	-252.4370574951172	-9.611862829099467	-48.27851867675781	-8.236778343267677	0.0	0.0	0.0	0.0
2.146591901779175	1781094948.0	1781094948.5254517	1	10.0	10.0	8.0	8.0	NeuronSpectrum 10.06.2026 14:49:30	EEG	checkup_149_10.06.2026 14:49:30	500.0	499.6666666666667	True	0.5	40.0	4	True	50.0	30.0	320.04541015625	15.756388577127494	-577.8541870117188	-42.14735442475728	-366.370849609375	-4.528509154552132	-444.30999755859375	-5.728620728451154	-518.0125732421875	-12.055431906216125	-64.14464569091797	8.660277522515093	-267.84521484375	-0.4497098595261142	-51.38288116455078	-6.660136941539678	0.0	0.0	0.0	0.0
2.1465938091278076	1781094948.0	1781094948.5254536	1	10.0	10.0	8.0	8.0	NeuronSpectrum 10.06.2026 14:49:30	EEG	checkup_149_10.06.2026 14:49:30	500.0	499.6666666666667	True	0.5	40.0	4	True	50.0	30.0	335.790771484375	7.851892471736155	-602.1397094726562	-25.52752010854958	-381.0774841308594	7.139246030963692	-462.2304382324219	8.240344182628178	-540.62451171875	3.128549940854308	-63.842308044433594	12.72574382088133	-276.21612548828125	9.587183643632255	-53.17923355102539	-4.893074263660463	0.0	0.0	0.0	0.0
2.1465952396392822	1781094948.0	1781094948.525455	1	10.0	10.0	8.0	8.0	NeuronSpectrum 10.06.2026 14:49:30	EEG	checkup_149_10.06.2026 14:49:30	500.0	499.6666666666667	True	0.5	40.0	4	True	50.0	30.0	317.2242126464844	0.01736401092461004	-567.0800170898438	-9.466957391604234	-357.3435363769531	18.11301288209176	-433.6295166015625	21.373116435285027	-508.4598083496094	17.701843271681252	-57.51726150512695	16.279666305237953	-257.227294921875	18.95232471013498	-49.89524841308594	-3.1861086824105	0.0	0.0	0.0	0.0
2.146597146987915	1781094948.0	1781094948.525457	1	10.0	10.0	8.0	8.0	NeuronSpectrum 10.06.2026 14:49:30	EEG	checkup_149_10.06.2026 14:49:30	500.0	499.6666666666667	True	0.5	40.0	4	True	50.0	30.0	247.44166564941406	-6.309484393579045	-443.4276123046875	3.2277044098145566	-276.14227294921875	26.488559288177004	-335.4248962402344	31.333865747820077	-394.4212951660156	29.105038795760994	-42.24161148071289	18.788271558644322	-197.3999481201172	26.07456299550964	-39.054901123046875	-1.793524674265712	0.0	0.0	0.0	0.0
2.1465988159179688	1781094948.0	1781094948.5254586	1	10.0	10.0	8.0	8.0	NeuronSpectrum 10.06.2026 14:49:30	EEG	checkup_149_10.06.2026 14:49:30	500.0	499.6666666666667	True	0.5	40.0	4	True	50.0	30.0	131.40292358398438	-9.920099038931864	-239.83045959472656	10.249375789273097	-143.06881713867188	30.7288497528151	-174.3293914794922	36.24033460094973	-206.4490509033203	35.25179364187529	-19.006553649902344	19.86261978735179	-100.77484893798828	29.711647621463968	-21.423486709594727	-0.919522383718565	0.0	0.0	0.0	0.0
2.1466007232666016	1781094948.0	1781094948.5254605	1	10.0	10.0	8.0	8.0	NeuronSpectrum 10.06.2026 14:49:30	EEG	checkup_149_10.06.2026 14:49:30	500.0	499.6666666666667	True	0.5	40.0	4	True	50.0	30.0	294.45880126953125	-10.169867241048854	-525.5015258789062	10.406942347783747	-330.3676452636719	30.076733734427812	-401.94317626953125	35.167856990400104	-470.8601989746094	35.091348980115626	-51.20721435546875	19.353544389947977	-235.9500274658203	29.271180218735612	-45.474300384521484	-0.6677458827739331	0.0	0.0	0.0	0.0
2.146773099899292	1781094948.0	1781094948.5256329	1	10.0	10.0	8.0	8.0	NeuronSpectrum 10.06.2026 14:49:30	EEG	checkup_149_10.06.2026 14:49:30	500.0	499.6666666666667	True	0.5	40.0	4	True	50.0	30.0	294.01983642578125	-7.150458876473939	-526.6341552734375	3.9364144502571055	-332.38812255859375	24.760805506885525	-404.93939208984375	28.40040974946266	-472.108642578125	28.888147255999538	-53.16371536254883	17.392723454397117	-238.4269256591797	24.965528073299623	-45.312015533447266	-1.016882366613935	0.0	0.0	0.0	0.0
2.1467812061309814	1781094948.0	1781094948.525641	1	10.0	10.0	8.0	8.0	NeuronSpectrum 10.06.2026 14:49:30	EEG	checkup_149_10.06.2026 14:49:30	500.0	499.6666666666667	True	0.5	40.0	4	True	50.0	30.0	295.7398986816406	-1.6271811237047493	-532.3507690429688	-7.6213213202769445	-337.67474365234375	15.909426863715915	-411.8057556152344	17.32567956666179	-477.4291076660156	18.10138787469468	-56.238433837890625	14.364033466405724	-243.67147827148438	17.73871408693547	-45.60177993774414	-1.8331128031884647	0.0	0.0	0.0	0.0
2.1467838287353516	1781094948.0	1781094948.5256436	1	10.0	10.0	8.0	8.0	NeuronSpectrum 10.06.2026 14:49:30	EEG	checkup_149_10.06.2026 14:49:30	500.0	499.6666666666667	True	0.5	40.0	4	True	50.0	30.0	299.1836853027344	5.2074245631536895	-541.3928833007812	-21.883706276253577	-345.1174011230469	5.233781916908836	-421.1356201171875	4.0483543554151895	-485.6378479003906	4.951164918507722	-59.75558090209961	10.818265042568282	-250.51031494140625	9.012125471642891	-46.24900817871094	-2.9114575523418735	0.0	0.0	0.0	0.0
2.1467859745025635	1781094948.0	1781094948.5256457	1	10.0	10.0	8.0	8.0	NeuronSpectrum 10.06.2026 14:49:30	EEG	checkup_149_10.06.2026 14:49:30	500.0	499.6666666666667	True	0.5	40.0	4	True	50.0	30.0	301.41046142578125	12.039637488429129	-548.0928955078125	-36.207377788805815	-350.77471923828125	-5.371896544343446	-428.1519775390625	-9.09818900461623	-491.5336608886719	-8.121476672735877	-62.60666275024414	7.362668173552244	-255.7783966064453	0.3616780356170106	-46.760990142822266	-4.026826129472272	0.0	0.0	0.0	0.0
2.1467881202697754	1781094948.0	1781094948.5256479	1	10.0	10.0	8.0	8.0	NeuronSpectrum 10.06.2026 14:49:30	EEG	checkup_149_10.06.2026 14:49:30	500.0	499.6666666666667	True	0.5	40.0	4	True	50.0	30.0	298.563232421875	17.68846699175354	-545.2742919921875	-48.182992692144374	-349.8161926269531	-14.176327920089918	-427.0486145019531	-19.975691957376732	-488.5599365234375	-18.91176027669314	-63.670223236083984	4.556903609900139	-255.7871856689453	-6.767823048402968	-46.499046325683594	-4.977098961632507	0.0	0.0	0.0	0.0
2.1467902660369873	1781094948.0	1781094948.52565	1	10.0	10.0	8.0	8.0	NeuronSpectrum 10.06.2026 14:49:30	EEG	checkup_149_10.06.2026 14:49:30	500.0	499.6666666666667	True	0.5	40.0	4	True	50.0	30.0	289.6826171875	21.256399443343557	-531.0308227539062	-55.94650754452482	-340.93133544921875	-19.835790590506054	-416.2927551269531	-26.918027238356373	-475.0172424316406	-25.735539966626487	-62.5822868347168	2.835340276350958	-249.51333618164062	-11.255428603565218	-45.27376937866211	-5.609534265438137	0.0	0.0	0.0	0.0
2.14679217338562	1781094948.0	1781094948.525652	1	10.0	10.0	8.0	8.0	NeuronSpectrum 10.06.2026 14:49:30	EEG	checkup_149_10.06.2026 14:49:30	500.0	499.6666666666667	True	0.5	40.0	4	True	50.0	30.0	279.7791442871094	22.187562946993445	-514.140869140625	-58.3187210304084	-329.8102111816406	-21.5015682943556	-402.7953796386719	-28.866361419782642	-459.01910400390625	-27.55216509225018	-60.29413986206055	2.4616386514526996	-241.07102966308594	-12.401825850056646	-43.826358795166016	-5.831207504676868	0.0	0.0	0.0	0.0
2.146794080734253	1781094948.0	1781094948.5256538	1	10.0	10.0	8.0	8.0	NeuronSpectrum 10.06.2026 14:49:30	EEG	checkup_149_10.06.2026 14:49:30	500.0	499.6666666666667	True	0.5	40.0	4	True	50.0	30.0	278.30181884765625	20.28037795154126	-511.3207092285156	-54.851237292187555	-327.31890869140625	-18.85891396698357	-399.67999267578125	-25.42122348347624	-455.95831298828125	-23.998916969910066	-58.721031188964844	3.5109519361407453	-238.35516357421875	-9.964855504682701	-43.601741790771484	-5.610168868834273	0.0	0.0	0.0	0.0
2.1467955112457275	1781094948.0	1781094948.5256553	1	10.0	10.0	8.0	8.0	NeuronSpectrum 10.06.2026 14:49:30	EEG	checkup_149_10.06.2026 14:49:30	500.0	499.6666666666667	True	0.5	40.0	4	True	50.0	30.0	291.9770202636719	15.702620984293356	-534.5379638671875	-45.861107416643435	-341.2587585449219	-12.150359447193257	-416.32110595703125	-16.875041958510366	-476.8582458496094	-15.414217673775953	-59.333309173583984	5.870881807035414	-247.09036254882812	-4.171362941131676	-45.652957916259766	-4.974819587751792	0.0	0.0	0.0	0.0
2.1467974185943604	1781094948.0	1781094948.5256572	1	10.0	10.0	8.0	8.0	NeuronSpectrum 10.06.2026 14:49:30	EEG	checkup_149_10.06.2026 14:49:30	500.0	499.6666666666667	True	0.5	40.0	4	True	50.0	30.0	316.1552429199219	9.022652688095983	-575.7183837890625	-32.478599190878	-366.4772644042969	-2.2000098967236763	-446.42071533203125	-4.2446126936864115	-514.3372192382812	-2.873717240993483	-61.49755859375	9.255362696285419	-263.7256774902344	4.2796977937868235	-49.308509826660156	-4.014515676585531	0.0	0.0	0.0	0.0
2.146799325942993	1781094948.0	1781094948.525659	1	10.0	10.0	8.0	8.0	NeuronSpectrum 10.06.2026 14:49:30	EEG	checkup_149_10.06.2026 14:49:30	500.0	499.6666666666667	True	0.5	40.0	4	True	50.0	30.0	331.94879150390625	1.2191664932982174	-601.7058715820312	-16.64383508264761	-381.64080810546875	9.601129926271447	-464.1556701660156	10.74570734955712	-537.9827270507812	11.818397958032564	-61.932682037353516	13.233179084540863	-273.12701416015625	14.247351542716746	-51.71916580200195	-2.877060758369047	0.0	0.0	0.0	0.0
2.146800994873047	1781094948.0	1781094948.5256608	1	10.0	10.0	8.0	8.0	NeuronSpectrum 10.06.2026 14:49:30	EEG	checkup_149_10.06.2026 14:49:30	500.0	499.6666666666667	True	0.5	40.0	4	True	50.0	30.0	313.84661865234375	-6.401552900850937	-567.7169189453125	-0.9304741683031903	-357.9653015136719	21.425596773066214	-434.7698974609375	25.82378255504567	-506.6982116699219	26.29389028579554	-56.13188171386719	17.278433295633782	-254.83834838867188	24.2626947745169	-49.007320404052734	-1.7537220339911124	0.0	0.0	0.0	0.0
2.1468026638031006	1781094948.0	1781094948.5256624	1	10.0	10.0	8.0	8.0	NeuronSpectrum 10.06.2026 14:49:30	EEG	checkup_149_10.06.2026 14:49:30	500.0	499.6666666666667	True	0.5	40.0	4	True	50.0	30.0	244.94277954101562	-12.431154038610002	-444.2034912109375	11.888125467061133	-276.5732727050781	31.308320424794733	-335.5600891113281	38.53654732942047	-393.3526611328125	38.018147982904864	-41.186336517333984	20.84705058722146	-195.49913024902344	32.76143738300906	-38.588382720947266	-0.8451300508449484	0.0	0.0	0.0	0.0
2.1468043327331543	1781094948.0	1781094948.525664	1	10.0	10.0	8.0	8.0	NeuronSpectrum 10.06.2026 14:49:30	EEG	checkup_149_10.06.2026 14:49:30	500.0	499.6666666666667	True	0.5	40.0	4	True	50.0	30.0	130.0269012451172	-15.697002628092635	-239.8928985595703	19.4719979995274	-143.32467651367188	37.57433237679674	-173.76539611816406	46.77587732816186	-205.92601013183594	44.86790452722745	-18.18128204345703	23.46975994613285	-99.42383575439453	38.404789786922784	-21.17601203918457	-0.3129221701754386	0.0	0.0	0.0	0.0
2.1985044479370117	1781094948.0	1781094948.5773642	1	10.0	10.0	8.0	8.0	NeuronSpectrum 10.06.2026 14:49:30	EEG	checkup_149_10.06.2026 14:49:30	500.0	499.6666666666667	True	0.5	40.0	4	True	50.0	30.0	292.5063171386719	-15.588666799699482	-525.2325439453125	20.52460060099845	-326.29241943359375	39.24996257776313	-394.30865478515625	49.28676751164531	-467.8771667480469	45.68571448893707	-46.52896499633789	24.836265401508506	-229.36534118652344	40.3843065035548	-46.04485321044922	-0.23520105927670054	0.0	0.0	0.0	0.0
2.1985104084014893	1781094948.0	1781094948.5773702	1	10.0	10.0	8.0	8.0	NeuronSpectrum 10.06.2026 14:49:30	EEG	checkup_149_10.06.2026 14:49:30	500.0	499.6666666666667	True	0.5	40.0	4	True	50.0	30.0	292.5277099609375	-12.224139262528952	-524.5694580078125	15.112990049319647	-325.0567626953125	36.28360031613357	-392.3481750488281	45.945946157325324	-467.4441223144531	40.56734998064574	-45.579254150390625	24.84186257634978	-227.91302490234375	38.586820289833526	-46.007991790771484	-0.5869387259194648	0.0	0.0	0.0	0.0
2.1985130310058594	1781094948.0	1781094948.5773728	1	10.0	10.0	8.0	8.0	NeuronSpectrum 10.06.2026 14:49:30	EEG	checkup_149_10.06.2026 14:49:30	500.0	499.6666666666667	True	0.5	40.0	4	True	50.0	30.0	294.6156005859375	-6.384618656835861	-528.447021484375	4.569188017805937	-327.2894287109375	29.491308059746498	-394.95721435546875	37.706516311801565	-471.091064453125	30.76489201470591	-45.83769989013672	23.582937952668956	-229.4036865234375	33.55964755625743	-46.16019058227539	-1.2542289139938327	0.0	0.0	0.0	0.0
2.198514938354492	1781094948.0	1781094948.5773747	1	10.0	10.0	8.0	8.0	NeuronSpectrum 10.06.2026 14:49:30	EEG	checkup_149_10.06.2026 14:49:30	500.0	499.6666666666667	True	0.5	40.0	4	True	50.0	30.0	298.32122802734375	0.7310864309168403	-536.1115112304688	-8.939583289652452	-332.5579528808594	20.28277349553008	-401.6653137207031	26.27365845761919	-478.107421875	18.287058738629188	-47.29887008666992	21.31085849376135	-233.6339874267578	26.316150744583474	-46.42186737060547	-2.0728995422131824	0.0	0.0	0.0	0.0
2.198517084121704	1781094948.0	1781094948.5773768	1	10.0	10.0	8.0	8.0	NeuronSpectrum 10.06.2026 14:49:30	EEG	checkup_149_10.06.2026 14:49:30	500.0	499.6666666666667	True	0.5	40.0	4	True	50.0	30.0	300.7235107421875	7.809637853849458	-542.2285766601562	-22.955896724317288	-337.3643798828125	10.306389204570307	-408.18902587890625	13.677518034975352	-483.618896484375	5.395761960447518	-49.30451202392578	18.367447822344165	-238.0790557861328	18.080747922713595	-46.3857421875	-2.8718784898722483	0.0	0.0	0.0	0.0
2.198518991470337	1781094948.0	1781094948.5773787	1	10.0	10.0	8.0	8.0	NeuronSpectrum 10.06.2026 14:49:30	EEG	checkup_149_10.06.2026 14:49:30	500.0	499.6666666666667	True	0.5	40.0	4	True	50.0	30.0	298.0093688964844	13.673386731127156	-539.723876953125	-35.19661563863911	-336.9919738769531	1.1399791963351122	-408.6832275390625	1.8953789252731315	-481.1802673339844	-5.820998698429767	-50.88099670410156	15.123443243211508	-239.22630310058594	10.063314267973087	-45.55196762084961	-3.504807143310552	0.0	0.0	0.0	0.0
2.1985208988189697	1781094948.0	1781094948.5773807	1	10.0	10.0	8.0	8.0	NeuronSpectrum 10.06.2026 14:49:30	EEG	checkup_149_10.06.2026 14:49:30	500.0	499.6666666666667	True	0.5	40.0	4	True	50.0	30.0	289.26751708984375	17.42783964353857	-526.6398315429688	-43.84570384590622	-329.999267578125	-5.912926739453928	-401.2300720214844	-7.404213211648441	-469.04022216796875	-13.716196108874797	-51.6103401184082	11.930735017261496	-235.8941192626953	3.3053223325413423	-43.870418548583984	-3.863795417878278	0.0	0.0	0.0	0.0
2.1985225677490234	1781094948.0	1781094948.5773823	1	10.0	10.0	8.0	8.0	NeuronSpectrum 10.06.2026 14:49:30	EEG	checkup_149_10.06.2026 14:49:30	500.0	499.6666666666667	True	0.5	40.0	4	True	50.0	30.0	279.53558349609375	18.51755652594738	-511.6803894042969	-47.69014869432918	-321.8782958984375	-9.928961147384356	-392.32275390625	-13.003298758375518	-455.2080993652344	-17.20477312603793	-52.3613395690918	9.088434001543469	-231.9617919921875	-1.407793389809494	-42.157535552978516	-3.879334460599431	0.0	0.0	0.0	0.0
2.1985244750976562	1781094948.0	1781094948.5773842	1	10.0	10.0	8.0	8.0	NeuronSpectrum 10.06.2026 14:49:30	EEG	checkup_149_10.06.2026 14:49:30	500.0	499.6666666666667	True	0.5	40.0	4	True	50.0	30.0	278.2528381347656	16.737682982472016	-511.5067443847656	-46.17627809348422	-323.3288879394531	-10.420313278738613	-394.8100891113281	-14.217339154507316	-454.97235107421875	-15.810209145301338	-54.99272918701172	6.816657000574576	-235.1361541748047	-3.6010954824540207	-41.83620834350586	-3.51606795436214	0.0	0.0	0.0	0.0
2.19852614402771	1781094948.0	1781094948.577386	1	10.0	10.0	8.0	8.0	NeuronSpectrum 10.06.2026 14:49:30	EEG	checkup_149_10.06.2026 14:49:30	500.0	499.6666666666667	True	0.5	40.0	4	True	50.0	30.0	292.104248046875	12.248894193183432	-537.935791015625	-39.46451061751131	-341.92578125	-7.387130947987089	-417.80584716796875	-10.973691499846293	-479.1769104003906	-9.709150263278616	-60.77873229980469	5.232422174548193	-250.83119201660156	-3.1633961592517714	-43.8687744140625	-2.7737345649035454	0.0	0.0	0.0	0.0
2.1985280513763428	1781094948.0	1781094948.5773878	1	10.0	10.0	8.0	8.0	NeuronSpectrum 10.06.2026 14:49:30	EEG	checkup_149_10.06.2026 14:49:30	500.0	499.6666666666667	True	0.5	40.0	4	True	50.0	30.0	316.3948059082031	5.609299649368132	-582.4615478515625	-28.50073036955637	-372.01727294921875	-1.3756864329953187	-454.4365539550781	-3.8935550626352846	-520.0457153320312	0.20827622439464877	-68.48287200927734	4.329081369968699	-274.7251281738281	-0.4023675869871738	-47.50245666503906	-1.6963649951902102	0.0	0.0	0.0	0.0
2.1985294818878174	1781094948.0	1781094948.5773892	1	10.0	10.0	8.0	8.0	NeuronSpectrum 10.06.2026 14:49:30	EEG	checkup_149_10.06.2026 14:49:30	500.0	499.6666666666667	True	0.5	40.0	4	True	50.0	30.0	332.22174072265625	-2.2144148838005817	-611.15966796875	-15.033512989914545	-391.3941955566406	6.506001864351626	-477.79302978515625	5.6832855671533	-546.5133056640625	12.326541806773895	-73.72727966308594	3.9704778947555646	-290.3059997558594	3.9369574855934473	-49.88896560668945	-0.38368829446836267	0.0	0.0	0.0	0.0
2.19853138923645	1781094948.0	1781094948.5773911	1	10.0	10.0	8.0	8.0	NeuronSpectrum 10.06.2026 14:49:30	EEG	checkup_149_10.06.2026 14:49:30	500.0	499.6666666666667	True	0.5	40.0	4	True	50.0	30.0	314.1066589355469	-9.927563345952578	-578.3682861328125	-1.450676704193004	-370.2239990234375	14.698286861690992	-451.7589111328125	15.832817009761502	-516.7476806640625	24.45662282324606	-70.72179412841797	3.915958389657055	-275.47650146484375	8.753096121118151	-47.24155044555664	1.0077464140495431	0.0	0.0	0.0	0.0
2.198533058166504	1781094948.0	1781094948.5773928	1	10.0	10.0	8.0	8.0	NeuronSpectrum 10.06.2026 14:49:30	EEG	checkup_149_10.06.2026 14:49:30	500.0	499.6666666666667	True	0.5	40.0	4	True	50.0	30.0	245.21063232421875	-16.130036030408892	-453.9894104003906	9.650336602208487	-288.8900146484375	21.48041186742694	-352.6385192871094	24.40628751013826	-403.152587890625	34.22987196584555	-55.70563888549805	3.884908633048623	-215.74349975585938	12.808210797389334	-37.084144592285156	2.2843246450978256	0.0	0.0	0.0	0.0
2.1985347270965576	1781094948.0	1781094948.5773945	1	10.0	10.0	8.0	8.0	NeuronSpectrum 10.06.2026 14:49:30	EEG	checkup_149_10.06.2026 14:49:30	500.0	499.6666666666667	True	0.5	40.0	4	True	50.0	30.0	130.38429260253906	-19.650673724778766	-246.90769958496094	16.096198753347654	-153.29458618164062	25.39814861552649	-187.6999053955078	29.560894192086387	-213.8219757080078	39.67709317537827	-29.89125633239746	3.648940772831344	-115.53335571289062	15.052841891281156	-20.1536922454834	3.2551683055118774	0.0	0.0	0.0	0.0
2.1985363960266113	1781094948.0	1781094948.5773962	1	10.0	10.0	8.0	8.0	NeuronSpectrum 10.06.2026 14:49:30	EEG	checkup_149_10.06.2026 14:49:30	500.0	499.6666666666667	True	0.5	40.0	4	True	50.0	30.0	292.1759948730469	-19.870703487540595	-537.8316650390625	16.746046461636176	-343.6932067871094	25.67491039670802	-418.627685546875	30.27301182295807	-480.66424560546875	39.782855110461256	-67.23920440673828	3.1177449885631727	-256.81048583984375	14.937852573682585	-42.97386932373047	3.777052066898504	0.0	0.0	0.0	0.0
2.198538303375244	1781094948.0	1781094948.577398	1	10.0	10.0	8.0	8.0	NeuronSpectrum 10.06.2026 14:49:30	EEG	checkup_149_10.06.2026 14:49:30	500.0	499.6666666666667	True	0.5	40.0	4	True	50.0	30.0	291.7093200683594	-16.888438992975004	-536.9535522460938	11.800959612094456	-343.1365661621094	22.42394939932898	-417.5139465332031	26.610047172464242	-480.3187561035156	34.7649155102394	-67.38374328613281	2.379496831871679	-256.46234130859375	12.574797084363983	-42.20099639892578	3.78437657066509	0.0	0.0	0.0	0.0
2.198539972305298	1781094948.0	1781094948.5773997	1	10.0	10.0	8.0	8.0	NeuronSpectrum 10.06.2026 14:49:30	EEG	checkup_149_10.06.2026 14:49:30	500.0	499.6666666666667	True	0.5	40.0	4	True	50.0	30.0	293.2503967285156	-11.45510116948734	-539.77001953125	2.6838424819268503	-344.9698791503906	16.57354617979164	-419.533447265625	19.65146801273885	-483.34075927734375	25.959501981147476	-67.66468048095703	1.6766817482060965	-257.740478515625	8.676920055428436	-41.80778884887695	3.2934264308431933	0.0	0.0	0.0	0.0
2.1985416412353516	1781094948.0	1781094948.5774014	1	10.0	10.0	8.0	8.0	NeuronSpectrum 10.06.2026 14:49:30	EEG	checkup_149_10.06.2026 14:49:30	500.0	499.6666666666667	True	0.5	40.0	4	True	50.0	30.0	296.43353271484375	-4.733195122426363	-545.4104614257812	-8.417883635435183	-348.5561828613281	9.5646421499662	-423.9667663574219	11.128996359949593	-488.890380859375	15.397696108433449	-67.8165283203125	1.3294198530898238	-260.06158447265625	4.324440864955275	-41.91572952270508	2.385796758246447	0.0	0.0	0.0	0.0
2.1985433101654053	1781094948.0	1781094948.577403	1	10.0	10.0	8.0	8.0	NeuronSpectrum 10.06.2026 14:49:30	EEG	checkup_149_10.06.2026 14:49:30	500.0	499.6666666666667	True	0.5	40.0	4	True	50.0	30.0	298.4381103515625	2.000226967963477	-548.5396728515625	-19.12207958917501	-350.3520812988281	2.9687467937498395	-426.4779052734375	2.963978266934237	-492.05047607421875	5.279443416158979	-67.0493392944336	1.638406067867575	-260.6711120605469	0.6658455900163394	-42.23239517211914	1.184712863825276	0.0	0.0	0.0	0.0
2.198545217514038	1781094948.0	1781094948.577405	1	10.0	10.0	8.0	8.0	NeuronSpectrum 10.06.2026 14:49:30	EEG	checkup_149_10.06.2026 14:49:30	500.0	499.6666666666667	True	0.5	40.0	4	True	50.0	30.0	295.53369140625	7.596492731459637	-542.200439453125	-27.32965981798883	-345.7757263183594	-1.8375778883080107	-421.3943176269531	-3.13288378602751	-486.4354248046875	-2.4667558898188173	-64.42935943603516	2.7997219685016663	-256.07421875	-1.3393545530971116	-42.257476806640625	-0.16447570372683146	0.0	0.0	0.0	0.0
2.1985466480255127	1781094948.0	1781094948.5774064	1	10.0	10.0	8.0	8.0	NeuronSpectrum 10.06.2026 14:49:30	EEG	checkup_149_10.06.2026 14:49:30	500.0	499.6666666666667	True	0.5	40.0	4	True	50.0	30.0	286.8250427246094	11.17644029753721	-524.6317749023438	-31.513351354401706	-333.6482849121094	-3.8745645762542686	-407.14801025390625	-5.9168414825158	-470.43304443359375	-6.449058737465171	-59.734649658203125	4.851481378442171	-245.37294006347656	-1.0810173113566095	-41.85124969482422	-1.50660081437324	0.0	0.0	0.0	0.0
2.1985483169555664	1781094948.0	1781094948.577408	1	10.0	10.0	8.0	8.0	NeuronSpectrum 10.06.2026 14:49:30	EEG	checkup_149_10.06.2026 14:49:30	500.0	499.6666666666667	True	0.5	40.0	4	True	50.0	30.0	277.26904296875	12.182757388015226	-504.7949523925781	-30.830609699933692	-319.79754638671875	-2.64206003399526	-390.71173095703125	-4.722667872191792	-452.2603454589844	-5.91417755390664	-54.17173767089844	7.657737051442102	-232.98329162597656	1.6399033001342878	-41.70500564575195	-2.6860578245336417	0.0	0.0	0.0	0.0
2.198550224304199	1781094948.0	1781094948.57741	1	10.0	10.0	8.0	8.0	NeuronSpectrum 10.06.2026 14:49:30	EEG	checkup_149_10.06.2026 14:49:30	500.0	499.6666666666667	True	0.5	40.0	4	True	50.0	30.0	276.15216064453125	10.391877040861791	-499.7146301269531	-25.140516635398512	-315.353759765625	1.8677920933657872	-385.5662536621094	0.5072560712797909	-447.52801513671875	-0.7592238720269915	-50.12065505981445	10.923973003347873	-227.41250610351562	6.615192181271168	-43.110164642333984	-3.5604657089216984	0.0	0.0	0.0	0.0
2.198552131652832	1781094948.0	1781094948.577412	1	10.0	10.0	8.0	8.0	NeuronSpectrum 10.06.2026 14:49:30	EEG	checkup_149_10.06.2026 14:49:30	500.0	499.6666666666667	True	0.5	40.0	4	True	50.0	30.0	290.01934814453125	5.933293209586745	-521.7546997070312	-15.008748368102186	-328.50592041015625	9.174706091850297	-401.6808776855469	9.218557463789658	-467.59368896484375	8.468881297838369	-49.630653381347656	14.23356898573817	-235.15313720703125	13.258975973173273	-46.867279052734375	-4.0232945457225755	0.0	0.0	0.0	0.0
2.1985535621643066	1781094948.0	1781094948.5774133	1	10.0	10.0	8.0	8.0	NeuronSpectrum 10.06.2026 14:49:30	EEG	checkup_149_10.06.2026 14:49:30	500.0	499.6666666666667	True	0.5	40.0	4	True	50.0	30.0	314.14898681640625	-0.6711498011757773	-563.1402587890625	-1.7271659742951324	-354.4402160644531	18.313266199960207	-433.2495422363281	20.244368060847872	-505.39208984375	20.56111377155901	-52.471412658691406	17.096726917740007	-253.1510772705078	20.645683834397445	-51.984222412109375	-4.032867761348269	0.0	0.0	0.0	0.0
2.1985554695129395	1781094948.0	1781094948.5774152	1	10.0	10.0	8.0	8.0	NeuronSpectrum 10.06.2026 14:49:30	EEG	checkup_149_10.06.2026 14:49:30	500.0	499.6666666666667	True	0.5	40.0	4	True	50.0	30.0	329.76788330078125	-8.487478672193571	-590.6864624023438	12.713749947574673	-371.85638427734375	27.872170436464742	-454.4148254394531	31.85471880957422	-530.5993041992188	33.67653558383563	-55.27030944824219	19.010043977756414	-266.0571594238281	27.577003990029013	-55.29754638671875	-3.636340326708495	0.0	0.0	0.0	0.0
2.198556900024414	1781094948.0	1781094948.5774167	1	10.0	10.0	8.0	8.0	NeuronSpectrum 10.06.2026 14:49:30	EEG	checkup_149_10.06.2026 14:49:30	500.0	499.6666666666667	True	0.5	40.0	4	True	50.0	30.0	311.6225891113281	-16.24234082262174	-559.1470336914062	25.818516395003776	-351.53643798828125	36.14271848202978	-429.6649169921875	41.94369868301455	-501.8341369628906	45.52270439819898	-52.82502365112305	19.529940835360026	-252.37380981445312	32.72374314872213	-52.730648040771484	-2.9726413341786895	0.0	0.0	0.0	0.0
2.1985585689544678	1781094948.0	1781094948.5774183	1	10.0	10.0	8.0	8.0	NeuronSpectrum 10.06.2026 14:49:30	EEG	checkup_149_10.06.2026 14:49:30	500.0	499.6666666666667	True	0.5	40.0	4	True	50.0	30.0	243.05433654785156	-22.540518558885545	-438.20831298828125	35.02742373610903	-273.78204345703125	41.42451269220537	-335.0434265136719	48.410685550101284	-391.3475646972656	53.75981240992447	-41.15911102294922	18.359443025700088	-197.2484588623047	34.87105162006053	-41.71083068847656	-2.243445188654772	0.0	0.0	0.0	0.0
2.1985602378845215	1781094948.0	1781094948.57742	1	10.0	10.0	8.0	8.0	NeuronSpectrum 10.06.2026 14:49:30	EEG	checkup_149_10.06.2026 14:49:30	500.0	499.6666666666667	True	0.5	40.0	4	True	50.0	30.0	128.9217071533203	-26.1985245606146	-235.8529815673828	38.342275646443895	-143.5633544921875	42.44384489702826	-176.59181213378906	49.678965409801684	-206.4037628173828	56.57147787876091	-20.394004821777344	15.433763847148182	-103.7440414428711	33.229868149032974	-23.19508934020996	-1.6564390467734786	0.0	0.0	0.0	0.0
2.2494142055511475	1781094948.0	1781094948.628274	1	10.0	10.0	8.0	8.0	NeuronSpectrum 10.06.2026 14:49:30	EEG	checkup_149_10.06.2026 14:49:30	500.0	499.6666666666667	True	0.5	40.0	4	True	50.0	30.0	289.096923828125	-26.572224036143105	-528.7630004882812	34.91114187538535	-334.9092102050781	38.73530838762714	-409.1284484863281	45.16755037711579	-474.9013366699219	53.19589393212943	-58.79975891113281	10.974866083433096	-247.00469970703125	27.70330069165394	-48.21415328979492	-1.3622574307362552	0.0	0.0	0.0	0.0
2.2494194507598877	1781094948.0	1781094948.6282792	1	10.0	10.0	8.0	8.0	NeuronSpectrum 10.06.2026 14:49:30	EEG	checkup_149_10.06.2026 14:49:30	500.0	499.6666666666667	True	0.5	40.0	4	True	50.0	30.0	288.5158996582031	-23.729965340769755	-533.0480346679688	25.303904194642897	-339.48681640625	30.811573218338193	-414.7615661621094	35.501477534173254	-479.0527648925781	44.1729304803997	-64.10028839111328	5.484518809251689	-253.71395874023438	18.980798825349083	-47.585418701171875	-1.4122382342720452	0.0	0.0	0.0	0.0
2.2494218349456787	1781094948.0	1781094948.6282816	1	10.0	10.0	8.0	8.0	NeuronSpectrum 10.06.2026 14:49:30	EEG	checkup_149_10.06.2026 14:49:30	500.0	499.6666666666667	True	0.5	40.0	4	True	50.0	30.0	290.05157470703125	-18.398638014628137	-541.0155639648438	11.352733240209888	-346.4485778808594	20.040632708132055	-423.4323425292969	22.361599288930684	-486.46514892578125	31.193382716485083	-69.57549285888672	-0.3337655041761223	-261.8763732910156	8.405004632727225	-47.38389205932617	-1.7526081598154704	0.0	0.0	0.0	0.0
2.2494237422943115	1781094948.0	1781094948.6282835	1	10.0	10.0	8.0	8.0	NeuronSpectrum 10.06.2026 14:49:30	EEG	checkup_149_10.06.2026 14:49:30	500.0	499.6666666666667	True	0.5	40.0	4	True	50.0	30.0	293.3232421875	-11.730520382073815	-551.3134765625	-4.346389073382836	-354.7137145996094	8.295752242838292	-433.7511291503906	8.053498116303453	-495.9025573730469	16.63961641438368	-74.52019500732422	-5.703845109504488	-270.3036193847656	-2.3343215022392254	-47.58259582519531	-2.2509865518762275	0.0	0.0	0.0	0.0
2.2494254112243652	1781094948.0	1781094948.6282852	1	10.0	10.0	8.0	8.0	NeuronSpectrum 10.06.2026 14:49:30	EEG	checkup_149_10.06.2026 14:49:30	500.0	499.6666666666667	True	0.5	40.0	4	True	50.0	30.0	295.4876403808594	-5.0100020959681055	-558.2551879882812	-19.043157636893802	-360.42889404296875	-2.4696404226728026	-440.93060302734375	-5.0178956744717045	-502.205810546875	3.026996086173506	-77.85961151123047	-9.919113744728795	-275.90704345703125	-11.559487883031613	-47.70809555053711	-2.738333403761298	0.0	0.0	0.0	0.0
2.249427318572998	1781094948.0	1781094948.628287	1	10.0	10.0	8.0	8.0	NeuronSpectrum 10.06.2026 14:49:30	EEG	checkup_149_10.06.2026 14:49:30	500.0	499.6666666666667	True	0.5	40.0	4	True	50.0	30.0	292.78533935546875	0.5923274946210826	-554.7000122070312	-30.34533656187188	-358.8445129394531	-10.582044367184826	-439.0986633300781	-14.79539029164835	-498.91094970703125	-7.463430281176992	-78.52994537353516	-12.461501880286548	-275.0934753417969	-17.906184703949187	-47.09690475463867	-3.0494136915492684	0.0	0.0	0.0	0.0
2.2494289875030518	1781094948.0	1781094948.6282887	1	10.0	10.0	8.0	8.0	NeuronSpectrum 10.06.2026 14:49:30	EEG	checkup_149_10.06.2026 14:49:30	500.0	499.6666666666667	True	0.5	40.0	4	True	50.0	30.0	284.269775390625	4.1692342499893424	-538.8607788085938	-36.53327739007597	-348.74176025390625	-14.87276572706271	-426.7145690917969	-19.850521255473108	-484.4451599121094	-13.26945805970951	-76.2958984375	-13.075426299424533	-266.99298095703125	-20.508837850231572	-45.49597930908203	-3.0523129348092763	0.0	0.0	0.0	0.0
2.2494306564331055	1781094948.0	1781094948.6282904	1	10.0	10.0	8.0	8.0	NeuronSpectrum 10.06.2026 14:49:30	EEG	checkup_149_10.06.2026 14:49:30	500.0	499.6666666666667	True	0.5	40.0	4	True	50.0	30.0	274.81280517578125	5.140005840789522	-519.7711181640625	-36.686594932325455	-336.0003662109375	-14.770460733969815	-410.9330749511719	-19.499971974544835	-467.0975341796875	-13.55977228054175	-72.39529418945312	-11.791495764732586	-256.04742431640625	-19.06853726489695	-43.560577392578125	-2.665662002146452	0.0	0.0	0.0	0.0
2.24943208694458	1781094948.0	1781094948.6282918	1	10.0	10.0	8.0	8.0	NeuronSpectrum 10.06.2026 14:49:30	EEG	checkup_149_10.06.2026 14:49:30	500.0	499.6666666666667	True	0.5	40.0	4	True	50.0	30.0	273.6060485839844	3.2716451653256367	-514.5481567382812	-30.701226556568205	-331.8418273925781	-10.310254124701167	-405.47283935546875	-13.81596172812641	-462.5045166015625	-8.246260130710098	-69.20048522949219	-8.907610697000127	-250.7122344970703	-13.839562552031477	-42.668540954589844	-1.8674495254044023	0.0	0.0	0.0	0.0
2.2494335174560547	1781094948.0	1781094948.6282933	1	10.0	10.0	8.0	8.0	NeuronSpectrum 10.06.2026 14:49:30	EEG	checkup_149_10.06.2026 14:49:30	500.0	499.6666666666667	True	0.5	40.0	4	True	50.0	30.0	287.1559143066406	-1.297440925779646	-535.6154174804688	-19.281368485360915	-344.53167724609375	-2.114447929526086	-420.5031433105469	-3.5977792899738814	-481.9798278808594	2.0252451345193903	-68.66728973388672	-4.940770723690296	-257.3778381347656	-5.578614292780743	-43.88530349731445	-0.7001834916692288	0.0	0.0	0.0	0.0
2.2494354248046875	1781094948.0	1781094948.6282952	1	10.0	10.0	8.0	8.0	NeuronSpectrum 10.06.2026 14:49:30	EEG	checkup_149_10.06.2026 14:49:30	500.0	499.6666666666667	True	0.5	40.0	4	True	50.0	30.0	310.82977294921875	-8.020291930956208	-575.2353515625	-3.9352165520920366	-369.2915344238281	8.634332099005002	-450.32958984375	9.668860645236277	-518.4015502929688	15.87897463627398	-70.42585754394531	-0.560501284398837	-272.9591064453125	4.5214030944122525	-46.67598342895508	0.7264023112580777	0.0	0.0	0.0	0.0
2.249437093734741	1781094948.0	1781094948.6282969	1	10.0	10.0	8.0	8.0	NeuronSpectrum 10.06.2026 14:49:30	EEG	checkup_149_10.06.2026 14:49:30	500.0	499.6666666666667	True	0.5	40.0	4	True	50.0	30.0	326.08416748046875	-15.929422189216625	-600.3084716796875	13.0833670982172	-384.8413391113281	20.261590592210865	-469.1384582519531	23.904111035683627	-541.4851684570312	31.261108507760106	-71.04898071289062	3.49271969130821	-282.28741455078125	14.929982412933517	-48.43413543701172	2.239773932776168	0.0	0.0	0.0	0.0
2.249438762664795	1781094948.0	1781094948.6282985	1	10.0	10.0	8.0	8.0	NeuronSpectrum 10.06.2026 14:49:30	EEG	checkup_149_10.06.2026 14:49:30	500.0	499.6666666666667	True	0.5	40.0	4	True	50.0	30.0	307.951171875	-23.720094476221114	-565.8043212890625	29.001447571690235	-362.0402526855469	30.780729350963583	-441.4756164550781	36.66074024146003	-510.07122802734375	45.64455010108236	-65.51703643798828	6.5062951085998435	-264.3165283203125	23.953198766452267	-45.532142639160156	3.6244126040032714	0.0	0.0	0.0	0.0
2.2494404315948486	1781094948.0	1781094948.6283002	1	10.0	10.0	8.0	8.0	NeuronSpectrum 10.06.2026 14:49:30	EEG	checkup_149_10.06.2026 14:49:30	500.0	499.6666666666667	True	0.5	40.0	4	True	50.0	30.0	239.960693359375	-29.97725250150229	-441.7750244140625	40.998303982520206	-281.3983154296875	38.2290121846835	-343.5525817871094	45.53832817496721	-396.80902099609375	56.457264851510025	-50.32981491088867	7.90999845892215	-204.83375549316406	30.010062847518725	-35.503265380859375	4.661727674094718	0.0	0.0	0.0	0.0
2.2494423389434814	1781094948.0	1781094948.628302	1	10.0	10.0	8.0	8.0	NeuronSpectrum 10.06.2026 14:49:30	EEG	checkup_149_10.06.2026 14:49:30	500.0	499.6666666666667	True	0.5	40.0	4	True	50.0	30.0	126.93380737304688	-33.51435166116304	-236.64013671875	46.85543529324857	-148.2392578125	41.11230524277129	-181.73240661621094	48.7262532234041	-209.41893005371094	61.67459918036116	-26.257980346679688	7.3895659548939285	-107.53600311279297	31.97256537820407	-18.952463150024414	5.183357657613715	0.0	0.0	0.0	0.0
2.30036997795105	1781094948.0	1781094948.6792297	1	10.0	10.0	8.0	8.0	NeuronSpectrum 10.06.2026 14:49:30	EEG	checkup_149_10.06.2026 14:49:30	500.0	499.6666666666667	True	0.5	40.0	4	True	50.0	30.0	285.87548828125	-33.70085572935571	-527.5004272460938	45.55716409959419	-338.8102722167969	38.806518442012226	-414.55462646484375	45.49021759383493	-475.0481262207031	60.36748687309004	-63.55105972290039	4.966554407370296	-247.90528869628906	29.457156681330307	-42.97016906738281	5.118664871403411	0.0	0.0	0.0	0.0
2.300374746322632	1781094948.0	1781094948.6792345	1	10.0	10.0	8.0	8.0	NeuronSpectrum 10.06.2026 14:49:30	EEG	checkup_149_10.06.2026 14:49:30	500.0	499.6666666666667	True	0.5	40.0	4	True	50.0	30.0	285.6199951171875	-30.63067203480335	-529.9793701171875	37.573401758873125	-342.5024108886719	31.738805869571344	-419.7318420410156	36.38753379373541	-477.29486083984375	52.96118174856772	-67.17721557617188	1.0106659857096838	-252.22314453125	22.939777718591706	-43.265995025634766	4.514904121672716	0.0	0.0	0.0	0.0
2.3003768920898438	1781094948.0	1781094948.6792367	1	10.0	10.0	8.0	8.0	NeuronSpectrum 10.06.2026 14:49:30	EEG	checkup_149_10.06.2026 14:49:30	500.0	499.6666666666667	True	0.5	40.0	4	True	50.0	30.0	287.53375244140625	-25.060874643010145	-536.8754272460938	24.700202810823612	-349.4532775878906	21.26728821160534	-428.8876037597656	23.113518918941914	-483.65234375	41.090430670108425	-71.88915252685547	-3.8276386311210713	-259.23834228515625	13.638624774585168	-43.769996643066406	3.5210860152893586	0.0	0.0	0.0	0.0
2.3003785610198975	1781094948.0	1781094948.6792383	1	10.0	10.0	8.0	8.0	NeuronSpectrum 10.06.2026 14:49:30	EEG	checkup_149_10.06.2026 14:49:30	500.0	499.6666666666667	True	0.5	40.0	4	True	50.0	30.0	291.183349609375	-18.17075420327371	-546.8134765625	9.556602261717673	-358.3983154296875	9.325527776377164	-440.4084777832031	8.061250702709422	-492.8758239746094	27.14049552407222	-76.85010528564453	-8.745301216693731	-267.7027282714844	3.218129242980858	-44.37712478637695	2.345019089458046	0.0	0.0	0.0	0.0
2.3003804683685303	1781094948.0	1781094948.6792402	1	10.0	10.0	8.0	8.0	NeuronSpectrum 10.06.2026 14:49:30	EEG	checkup_149_10.06.2026 14:49:30	500.0	499.6666666666667	True	0.5	40.0	4	True	50.0	30.0	293.6842956542969	-11.262245656210574	-553.9852905273438	-5.0320799821069	-365.1788330078125	-2.0138959197850994	-449.1405334472656	-6.215755278089788	-499.62713623046875	13.68390332366264	-80.69795227050781	-12.937203707646438	-274.261474609375	-6.567213692027652	-44.67284393310547	1.2034106995362843	0.0	0.0	0.0	0.0
2.300382137298584	1781094948.0	1781094948.679242	1	10.0	10.0	8.0	8.0	NeuronSpectrum 10.06.2026 14:49:30	EEG	checkup_149_10.06.2026 14:49:30	500.0	499.6666666666667	True	0.5	40.0	4	True	50.0	30.0	291.2515869140625	-5.510725508269937	-551.0601196289062	-16.55499786733487	-364.7206726074219	-10.914173862489848	-448.8410339355469	-17.46313727092161	-497.1487121582031	3.0042276164832287	-82.02473449707031	-15.731120689412519	-274.967529296875	-14.179320795345589	-44.15285873413086	0.28237412069682005	0.0	0.0	0.0	0.0
2.300384044647217	1781094948.0	1781094948.6792438	1	10.0	10.0	8.0	8.0	NeuronSpectrum 10.06.2026 14:49:30	EEG	checkup_149_10.06.2026 14:49:30	500.0	499.6666666666667	True	0.5	40.0	4	True	50.0	30.0	282.924560546875	-1.8158639385194186	-535.985107421875	-23.139513982017668	-355.5195617675781	-16.015073921147696	-437.7001647949219	-24.01890123643615	-483.51861572265625	-3.2004543130525724	-80.26013946533203	-16.682356909396145	-268.6083984375	-18.495808559439816	-42.75712585449219	-0.2841597729672526	0.0	0.0	0.0	0.0
2.3003857135772705	1781094948.0	1781094948.6792455	1	10.0	10.0	8.0	8.0	NeuronSpectrum 10.06.2026 14:49:30	EEG	checkup_149_10.06.2026 14:49:30	500.0	499.6666666666667	True	0.5	40.0	4	True	50.0	30.0	273.56884765625	-0.7421866318995382	-517.437255859375	-23.688386960756883	-343.2074890136719	-16.54117244612475	-422.71185302734375	-24.942289028480072	-466.6793518066406	-3.9435152566586362	-76.34227752685547	-15.619449264488745	-259.3204650878906	-18.90027466436205	-41.290855407714844	-0.42051050023358866	0.0	0.0	0.0	0.0
2.300387382507324	1781094948.0	1781094948.6792471	1	10.0	10.0	8.0	8.0	NeuronSpectrum 10.06.2026 14:49:30	EEG	checkup_149_10.06.2026 14:49:30	500.0	499.6666666666667	True	0.5	40.0	4	True	50.0	30.0	272.38262939453125	-2.5035823517424447	-512.1360473632812	-17.90934490983626	-338.7826232910156	-12.325826751511716	-417.4679260253906	-20.038255560094292	-461.9966125488281	1.0231838609000001	-72.41057586669922	-12.645434339891459	-255.26046752929688	-15.298202600701805	-41.17340087890625	-0.108001680632998	0.0	0.0	0.0	0.0
2.300389051437378	1781094948.0	1781094948.6792488	1	10.0	10.0	8.0	8.0	NeuronSpectrum 10.06.2026 14:49:30	EEG	checkup_149_10.06.2026 14:49:30	500.0	499.6666666666667	True	0.5	40.0	4	True	50.0	30.0	285.90509033203125	-6.945447096580197	-532.2279663085938	-6.322122214530174	-350.3558044433594	-3.8061819700916573	-431.98126220703125	-9.846423846009888	-480.6895446777344	11.20367458015727	-70.33329010009766	-8.106175569069002	-262.5169372558594	-8.100369032003677	-43.37249755859375	0.6153390978363826	0.0	0.0	0.0	0.0
2.3003907203674316	1781094948.0	1781094948.6792505	1	10.0	10.0	8.0	8.0	NeuronSpectrum 10.06.2026 14:49:30	EEG	checkup_149_10.06.2026 14:49:30	500.0	499.6666666666667	True	0.5	40.0	4	True	50.0	30.0	309.56939697265625	-13.511813489972965	-570.0313110351562	9.727823069520788	-373.1773376464844	7.988966512956014	-460.4112548828125	4.377559781952947	-515.8060913085938	25.34699653100079	-69.90094757080078	-2.5368536211906587	-277.77606201171875	1.8070845618033138	-47.13833999633789	1.6514517260651735	0.0	0.0	0.0	0.0
2.3003923892974854	1781094948.0	1781094948.6792521	1	10.0	10.0	8.0	8.0	NeuronSpectrum 10.06.2026 14:49:30	EEG	checkup_149_10.06.2026 14:49:30	500.0	499.6666666666667	True	0.5	40.0	4	True	50.0	30.0	324.9149169921875	-21.235125550404835	-592.9420776367188	28.106919874887968	-386.2856750488281	21.491280552607613	-476.95294189453125	20.727617931344657	-537.49609375	41.48394039109223	-68.13031005859375	3.407941627400862	-285.8596496582031	13.125638522510561	-49.609310150146484	2.84095061350885	0.0	0.0	0.0	0.0
2.300394058227539	1781094948.0	1781094948.6792538	1	10.0	10.0	8.0	8.0	NeuronSpectrum 10.06.2026 14:49:30	EEG	checkup_149_10.06.2026 14:49:30	500.0	499.6666666666667	True	0.5	40.0	4	True	50.0	30.0	307.0337219238281	-28.818718083068568	-556.7276000976562	46.097583026754336	-361.12860107421875	34.75407579751733	-446.4570617675781	36.84417600273597	-505.15692138671875	57.11648378223513	-60.61467742919922	9.040135605411201	-266.03948974609375	24.286454300319253	-46.969730377197266	3.975117650168203	0.0	0.0	0.0	0.0
2.3003954887390137	1781094948.0	1781094948.6792552	1	10.0	10.0	8.0	8.0	NeuronSpectrum 10.06.2026 14:49:30	EEG	checkup_149_10.06.2026 14:49:30	500.0	499.6666666666667	True	0.5	40.0	4	True	50.0	30.0	239.44993591308594	-34.86127812407728	-432.1734924316406	60.847902663931734	-278.8725891113281	45.768735044145465	-345.7286071777344	50.29924449270541	-391.8677978515625	69.63190955969053	-44.386959075927734	13.737450681273415	-204.69944763183594	33.70128409609427	-36.72174835205078	4.829644960564083	0.0	0.0	0.0	0.0
2.3003973960876465	1781094948.0	1781094948.6792572	1	10.0	10.0	8.0	8.0	NeuronSpectrum 10.06.2026 14:49:30	EEG	checkup_149_10.06.2026 14:49:30	500.0	499.6666666666667	True	0.5	40.0	4	True	50.0	30.0	126.90092468261719	-38.192834131559785	-227.97218322753906	70.0060476915039	-145.26319885253906	52.89303259989871	-181.80148315429688	59.11721309467701	-205.4283905029297	76.88537902655085	-20.421873092651367	17.04206485418571	-106.17803192138672	40.087866269050245	-19.61904525756836	5.216413703949286	0.0	0.0	0.0	0.0
2.351389169692993	1781094948.0	1781094948.730249	1	10.0	10.0	8.0	8.0	NeuronSpectrum 10.06.2026 14:49:30	EEG	checkup_149_10.06.2026 14:49:30	500.0	499.6666666666667	True	0.5	40.0	4	True	50.0	30.0	285.70111083984375	-38.200168823205026	-511.2054138183594	72.31816463185021	-328.62591552734375	55.246056210367755	-406.0018310546875	62.253927000736766	-466.9306945800781	77.74791651328329	-50.222740173339844	18.732331404462958	-239.14971923828125	42.7625034380694	-43.656761169433594	5.035182936942671	0.0	0.0	0.0	0.0
2.3513946533203125	1781094948.0	1781094948.7302544	1	10.0	10.0	8.0	8.0	NeuronSpectrum 10.06.2026 14:49:30	EEG	checkup_149_10.06.2026 14:49:30	500.0	499.6666666666667	True	0.5	40.0	4	True	50.0	30.0	285.73492431640625	-34.99430930935204	-510.2315979003906	67.92725749440828	-327.5264892578125	52.89985256841717	-403.9852600097656	59.826291645022344	-467.32501220703125	72.37916992503078	-49.831783294677734	18.841783117118897	-237.64898681640625	41.776226233470105	-43.74801254272461	4.302477611772613	0.0	0.0	0.0	0.0
2.3513970375061035	1781094948.0	1781094948.7302568	1	10.0	10.0	8.0	8.0	NeuronSpectrum 10.06.2026 14:49:30	EEG	checkup_149_10.06.2026 14:49:30	500.0	499.6666666666667	True	0.5	40.0	4	True	50.0	30.0	287.87445068359375	-29.348884262038506	-513.6918334960938	58.24994833279952	-329.51324462890625	46.7903083825785	-405.76495361328125	52.99765322732607	-471.78411865234375	62.112454541186054	-50.46259307861328	17.618620761023873	-238.59127807617188	37.83981873861947	-44.320556640625	3.145796513827847	0.0	0.0	0.0	0.0
2.3513989448547363	1781094948.0	1781094948.7302587	1	10.0	10.0	8.0	8.0	NeuronSpectrum 10.06.2026 14:49:30	EEG	checkup_149_10.06.2026 14:49:30	500.0	499.6666666666667	True	0.5	40.0	4	True	50.0	30.0	291.63201904296875	-22.458271855428322	-520.6475830078125	45.52454866327079	-333.9565734863281	38.41139501914606	-410.5526428222656	43.597804150944945	-479.4443664550781	49.03830449801824	-51.83294677734375	15.44427092089605	-241.47052001953125	32.087320662181746	-45.302425384521484	1.7691002527519493	0.0	0.0	0.0	0.0
2.3514013290405273	1781094948.0	1781094948.730261	1	10.0	10.0	8.0	8.0	NeuronSpectrum 10.06.2026 14:49:30	EEG	checkup_149_10.06.2026 14:49:30	500.0	499.6666666666667	True	0.5	40.0	4	True	50.0	30.0	294.08856201171875	-15.635711166431683	-525.764404296875	32.25087881654262	-337.3723449707031	29.439353562781875	-414.0382995605469	33.65792613562605	-485.36541748046875	35.48906450768825	-53.177574157714844	12.743012156953409	-243.69935607910156	25.78814879961322	-46.19553756713867	0.4064875859537944	0.0	0.0	0.0	0.0
2.351402997970581	1781094948.0	1781094948.7302628	1	10.0	10.0	8.0	8.0	NeuronSpectrum 10.06.2026 14:49:30	EEG	checkup_149_10.06.2026 14:49:30	500.0	499.6666666666667	True	0.5	40.0	4	True	50.0	30.0	291.4543151855469	-10.060429434870075	-522.1295776367188	20.720235496752927	-335.2454833984375	21.418169351447798	-410.64569091796875	25.022746972654545	-483.1289367675781	23.606412471279555	-53.60456085205078	9.909883935764807	-241.94412231445312	20.106565725024975	-46.32246780395508	-0.7200537491798596	0.0	0.0	0.0	0.0
2.351405382156372	1781094948.0	1781094948.7302651	1	10.0	10.0	8.0	8.0	NeuronSpectrum 10.06.2026 14:49:30	EEG	checkup_149_10.06.2026 14:49:30	500.0	499.6666666666667	True	0.5	40.0	4	True	50.0	30.0	282.78863525390625	-6.624657849270951	-507.9971618652344	12.727021485798092	-326.42291259765625	15.566843732900685	-398.9024353027344	19.115800950493902	-471.1016540527344	15.075220842590872	-52.92823028564453	7.268798679862404	-235.32861328125	15.954654689334113	-45.41590118408203	-1.43077031962333	0.0	0.0	0.0	0.0
2.351407051086426	1781094948.0	1781094948.7302668	1	10.0	10.0	8.0	8.0	NeuronSpectrum 10.06.2026 14:49:30	EEG	checkup_149_10.06.2026 14:49:30	500.0	499.6666666666667	True	0.5	40.0	4	True	50.0	30.0	272.9889221191406	-5.872084235082404	-492.2071838378906	9.445105113296387	-316.6527099609375	12.697061858823668	-385.7626037597656	16.845356774070147	-457.4781494140625	11.007480473755514	-52.321739196777344	5.057121676004804	-228.01844787597656	13.931226569235438	-44.10708999633789	-1.6060970423444385	0.0	0.0	0.0	0.0
2.3514089584350586	1781094948.0	1781094948.7302687	1	10.0	10.0	8.0	8.0	NeuronSpectrum 10.06.2026 14:49:30	EEG	checkup_149_10.06.2026 14:49:30	500.0	499.6666666666667	True	0.5	40.0	4	True	50.0	30.0	271.29180908203125	-7.983739758471241	-491.4353942871094	11.38748234799807	-316.79583740234375	13.186864093163765	-384.4617004394531	18.584799518987992	-457.7320861816406	11.901052665774799	-53.92797088623047	3.4231957781479214	-227.93240356445312	14.306332680039619	-43.73538589477539	-1.197137680013669	0.0	0.0	0.0	0.0
2.3514111042022705	1781094948.0	1781094948.7302709	1	10.0	10.0	8.0	8.0	NeuronSpectrum 10.06.2026 14:49:30	EEG	checkup_149_10.06.2026 14:49:30	500.0	499.6666666666667	True	0.5	40.0	4	True	50.0	30.0	284.2930908203125	-12.765719363260184	-517.468017578125	18.36599808933773	-334.5207214355469	16.954337779878525	-404.458984375	24.157405417423575	-482.7879943847656	17.597061526310647	-59.20579147338867	2.4224922998807634	-240.70501708984375	17.00870819983132	-45.3165168762207	-0.23352486210982182	0.0	0.0	0.0	0.0
2.3514132499694824	1781094948.0	1781094948.730273	1	10.0	10.0	8.0	8.0	NeuronSpectrum 10.06.2026 14:49:30	EEG	checkup_149_10.06.2026 14:49:30	500.0	499.6666666666667	True	0.5	40.0	4	True	50.0	30.0	307.5180358886719	-19.625129777781392	-561.8604736328125	29.427900981146067	-364.2773742675781	23.41472649759287	-439.2694396972656	32.801513002923755	-524.75439453125	27.215919764915732	-66.9573745727539	2.006545932813535	-262.3775939941406	21.601519944671434	-48.26786422729492	1.1708173720267323	0.0	0.0	0.0	0.0
2.3514151573181152	1781094948.0	1781094948.730275	1	10.0	10.0	8.0	8.0	NeuronSpectrum 10.06.2026 14:49:30	EEG	checkup_149_10.06.2026 14:49:30	500.0	499.6666666666667	True	0.5	40.0	4	True	50.0	30.0	322.6317443847656	-27.56933490999788	-590.9097290039062	42.83646670957802	-383.9993896484375	31.46415316891772	-462.4069519042969	43.16378755989341	-552.2509155273438	39.13605095381075	-72.69445037841797	2.0123960476285023	-276.95928955078125	27.27547308770552	-49.9578971862793	2.8199119790773612	0.0	0.0	0.0	0.0
2.351416826248169	1781094948.0	1781094948.7302766	1	10.0	10.0	8.0	8.0	NeuronSpectrum 10.06.2026 14:49:30	EEG	checkup_149_10.06.2026 14:49:30	500.0	499.6666666666667	True	0.5	40.0	4	True	50.0	30.0	304.8465270996094	-35.29512522410757	-559.2392578125	56.22146576362146	-363.9687194824219	39.57242214815484	-438.02972412109375	53.41645957512649	-523.0538330078125	51.13334310339761	-70.40784454345703	2.1702672457373806	-262.82672119140625	32.9178291118047	-46.77617263793945	4.455591337388011	0.0	0.0	0.0	0.0
2.351418972015381	1781094948.0	1781094948.7302787	1	10.0	10.0	8.0	8.0	NeuronSpectrum 10.06.2026 14:49:30	EEG	checkup_149_10.06.2026 14:49:30	500.0	499.6666666666667	True	0.5	40.0	4	True	50.0	30.0	237.73623657226562	-41.41417315745042	-436.8779296875	66.98799940123526	-284.5164794921875	46.044047710116786	-342.29400634765625	61.56820482163047	-409.30096435546875	60.763939653728386	-56.08203887939453	2.14457884675865	-205.5740509033203	37.30032851784333	-36.32250213623047	5.800698020413991	0.0	0.0	0.0	0.0
2.3514206409454346	1781094948.0	1781094948.7302804	1	10.0	10.0	8.0	8.0	NeuronSpectrum 10.06.2026 14:49:30	EEG	checkup_149_10.06.2026 14:49:30	500.0	499.6666666666667	True	0.5	40.0	4	True	50.0	30.0	125.96635437011719	-44.7833106119355	-232.49020385742188	72.92855735735534	-151.23313903808594	49.41346305454599	-181.7504119873047	65.92836686104673	-219.10943603515625	65.9384785388658	-30.72162437438965	1.6058718180885636	-109.10064697265625	39.3626087201821	-19.304405212402344	6.619142817704776	0.0	0.0	0.0	0.0
2.3514225482940674	1781094948.0	1781094948.7302823	1	10.0	10.0	8.0	8.0	NeuronSpectrum 10.06.2026 14:49:30	EEG	checkup_149_10.06.2026 14:49:30	500.0	499.6666666666667	True	0.5	40.0	4	True	50.0	30.0	284.0045166015625	-44.81912559362597	-521.0863647460938	72.81802996555477	-340.4312744140625	48.83257249753703	-409.334228515625	65.55639634660548	-488.49725341796875	65.48166674033475	-68.58332824707031	0.3093472598957148	-247.0529327392578	38.490141711011724	-42.96613693237305	6.772881709397302	0.0	0.0	0.0	0.0
2.351424217224121	1781094948.0	1781094948.730284	1	10.0	10.0	8.0	8.0	NeuronSpectrum 10.06.2026 14:49:30	EEG	checkup_149_10.06.2026 14:49:30	500.0	499.6666666666667	True	0.5	40.0	4	True	50.0	30.0	283.9364318847656	-41.65327828860076	-521.1126708984375	66.72645561375776	-340.8502197265625	44.27891516948555	-409.8136901855469	60.49359337677607	-488.7834167480469	59.42912297994869	-69.62322998046875	-1.8522262361296609	-247.85072326660156	34.66393313558376	-43.06601333618164	6.252682284750168	0.0	0.0	0.0	0.0
2.351426362991333	1781094948.0	1781094948.7302861	1	10.0	10.0	8.0	8.0	NeuronSpectrum 10.06.2026 14:49:30	EEG	checkup_149_10.06.2026 14:49:30	500.0	499.6666666666667	True	0.5	40.0	4	True	50.0	30.0	285.8307800292969	-36.06175588773766	-525.2465209960938	55.922383991093135	-344.1102600097656	36.50192951242834	-413.472412109375	51.681969452376826	-492.9382019042969	48.94222401868719	-71.49810791015625	-4.838661505719067	-250.72216796875	28.423236507340018	-43.63127899169922	5.171603182156681	0.0	0.0	0.0	0.0
2.351428270339966	1781094948.0	1781094948.730288	1	10.0	10.0	8.0	8.0	NeuronSpectrum 10.06.2026 14:49:30	EEG	checkup_149_10.06.2026 14:49:30	500.0	499.6666666666667	True	0.5	40.0	4	True	50.0	30.0	289.2839050292969	-29.220415896754044	-532.8106079101562	42.45630177006989	-349.8325500488281	26.765005249543368	-419.74322509765625	40.643332317579585	-500.3570251464844	35.923636152535586	-74.2168960571289	-8.487912263671701	-255.40538024902344	20.683145329406003	-44.571372985839844	3.728621881930952	0.0	0.0	0.0	0.0
2.3514304161071777	1781094948.0	1781094948.7302902	1	10.0	10.0	8.0	8.0	NeuronSpectrum 10.06.2026 14:49:30	EEG	checkup_149_10.06.2026 14:49:30	500.0	499.6666666666667	True	0.5	40.0	4	True	50.0	30.0	291.5099182128906	-22.408233742988582	-538.5628051757812	28.64008339450589	-354.5559387207031	16.522298536838672	-424.4664306640625	29.088355686041705	-506.156982421875	22.53419694222067	-77.02332305908203	-12.554996586958278	-259.3809814453125	12.506689214984366	-45.42318344116211	2.1608207122518017	0.0	0.0	0.0	0.0
2.3514325618743896	1781094948.0	1781094948.7302923	1	10.0	10.0	8.0	8.0	NeuronSpectrum 10.06.2026 14:49:30	EEG	checkup_149_10.06.2026 14:49:30	500.0	499.6666666666667	True	0.5	40.0	4	True	50.0	30.0	288.851806640625	-16.765956160608237	-535.5549926757812	16.61491991015574	-353.6612243652344	7.1527514964046714	-422.2130126953125	18.603693527934226	-503.8423156738281	10.790005756384577	-78.8432846069336	-16.74589859336725	-259.27825927734375	4.9180725971820864	-45.58589553833008	0.7009623567332525	0.0	0.0	0.0	0.0
2.3514342308044434	1781094948.0	1781094948.730294	1	10.0	10.0	8.0	8.0	NeuronSpectrum 10.06.2026 14:49:30	EEG	checkup_149_10.06.2026 14:49:30	500.0	499.6666666666667	True	0.5	40.0	4	True	50.0	30.0	280.4424133300781	-13.157442929420636	-522.0125732421875	8.092058933704337	-346.0005187988281	-0.19755748348564833	-411.82330322265625	10.477221349961079	-491.7259826660156	2.318051305424749	-79.36695098876953	-20.74137700470299	-254.27157592773438	-1.2084825323657427	-44.888065338134766	-0.45149070193729784	0.0	0.0	0.0	0.0
2.351436138153076	1781094948.0	1781094948.730296	1	10.0	10.0	8.0	8.0	NeuronSpectrum 10.06.2026 14:49:30	EEG	checkup_149_10.06.2026 14:49:30	500.0	499.6666666666667	True	0.5	40.0	4	True	50.0	30.0	271.15313720703125	-12.120488950863926	-506.86492919921875	4.242654105527273	-337.6026611328125	-4.68406769995049	-400.80426025390625	5.63470052738875	-478.09503173828125	-1.7515840109644198	-79.90758514404297	-24.217769119728615	-248.79473876953125	-5.200608059847455	-44.04213333129883	-1.1468294484850063	0.0	0.0	0.0	0.0
2.35143780708313	1781094948.0	1781094948.7302976	1	10.0	10.0	8.0	8.0	NeuronSpectrum 10.06.2026 14:49:30	EEG	checkup_149_10.06.2026 14:49:30	500.0	499.6666666666667	True	0.5	40.0	4	True	50.0	30.0	270.0987243652344	-13.858754834822395	-506.9532165527344	5.651195664697895	-339.75872802734375	-5.801921596288054	-402.9532165527344	4.612764542953911	-478.611328125	-0.8360204046684516	-82.94103240966797	-26.87696529239403	-251.1160888671875	-6.623966172616802	-44.407196044921875	-1.2952257663285782	0.0	0.0	0.0	0.0
2.3514397144317627	1781094948.0	1781094948.7302995	1	10.0	10.0	8.0	8.0	NeuronSpectrum 10.06.2026 14:49:30	EEG	checkup_149_10.06.2026 14:49:30	500.0	499.6666666666667	True	0.5	40.0	4	True	50.0	30.0	283.70989990234375	-18.22674807384651	-534.092041015625	12.249859500048613	-360.2779846191406	-3.447898384259424	-427.7727966308594	7.49828429493565	-504.244873046875	5.0317118394145055	-90.06129455566406	-28.49342382904571	-266.8940124511719	-5.341374289153699	-46.911048889160156	-0.8767185852461142	0.0	0.0	0.0	0.0
2.3514413833618164	1781094948.0	1781094948.7303011	1	10.0	10.0	8.0	8.0	NeuronSpectrum 10.06.2026 14:49:30	EEG	checkup_149_10.06.2026 14:49:30	500.0	499.6666666666667	True	0.5	40.0	4	True	50.0	30.0	307.38067626953125	-24.694623223642296	-579.4940185546875	23.216768408753616	-393.00445556640625	1.9859899288418883	-467.8207702636719	13.821171820979476	-546.7516479492188	15.101180615903132	-99.56475067138672	-28.973137174377904	-291.47491455078125	-1.5978519639471975	-50.76245880126953	0.04797253512742895	0.0	0.0	0.0	0.0
2.351443290710449	1781094948.0	1781094948.730303	1	10.0	10.0	8.0	8.0	NeuronSpectrum 10.06.2026 14:49:30	EEG	checkup_149_10.06.2026 14:49:30	500.0	499.6666666666667	True	0.5	40.0	4	True	50.0	30.0	322.73577880859375	-32.33104175090871	-608.7261352539062	36.91637773399081	-414.48046875	9.544912876062222	-494.70208740234375	22.468900010965672	-573.982421875	27.84469831968749	-105.74642944335938	-28.403437929347085	-307.482666015625	3.914707350778788	-53.05248260498047	1.332500686799965	0.0	0.0	0.0	0.0
2.351444721221924	1781094948.0	1781094948.7303045	1	10.0	10.0	8.0	8.0	NeuronSpectrum 10.06.2026 14:49:30	EEG	checkup_149_10.06.2026 14:49:30	500.0	499.6666666666667	True	0.5	40.0	4	True	50.0	30.0	305.0414733886719	-39.875703171398904	-575.6165161132812	51.02043275847407	-393.4117431640625	17.76838751718263	-470.5069580078125	31.743093127340106	-542.8736572265625	41.06932143451794	-101.20381164550781	-27.06376856813953	-291.8467102050781	10.089863434568445	-49.93949890136719	2.757231359935494	0.0	0.0	0.0	0.0
2.3514466285705566	1781094948.0	1781094948.7303064	1	10.0	10.0	8.0	8.0	NeuronSpectrum 10.06.2026 14:49:30	EEG	checkup_149_10.06.2026 14:49:30	500.0	499.6666666666667	True	0.5	40.0	4	True	50.0	30.0	237.9696044921875	-45.953125919177985	-449.85284423828125	62.907785515168065	-309.3414611816406	24.943248672403165	-370.3589172363281	39.647445331086224	-425.20404052734375	52.2927418041148	-81.25861358642578	-25.376165253201023	-229.58843994140625	15.59132288760944	-38.963829040527344	4.066631668019556	0.0	0.0	0.0	0.0
2.3514482975006104	1781094948.0	1781094948.730308	1	10.0	10.0	8.0	8.0	NeuronSpectrum 10.06.2026 14:49:30	EEG	checkup_149_10.06.2026 14:49:30	500.0	499.6666666666667	True	0.5	40.0	4	True	50.0	30.0	126.2603759765625	-49.39999148637582	-240.5811309814453	70.29051663073952	-168.5620574951172	29.52019495500614	-201.6399383544922	44.37303793864194	-229.60006713867188	59.33353412024245	-47.6557502746582	-23.801320613487714	-125.51774597167969	19.167705521820846	-21.002384185791016	5.026631073289676	0.0	0.0	0.0	0.0
2.351450204849243	1781094948.0	1781094948.73031	1	10.0	10.0	8.0	8.0	NeuronSpectrum 10.06.2026 14:49:30	EEG	checkup_149_10.06.2026 14:49:30	500.0	499.6666666666667	True	0.5	40.0	4	True	50.0	30.0	283.4005432128906	-49.58661660974449	-532.6630859375	71.84008561118962	-365.1049499511719	30.542323130061348	-438.8067321777344	44.80313744101957	-502.07977294921875	60.90341415768046	-92.64982604980469	-22.717124446594944	-270.66351318359375	19.985263089260382	-45.21677780151367	5.482269787244796	0.0	0.0	0.0	0.0
2.351451873779297	1781094948.0	1781094948.7303116	1	10.0	10.0	8.0	8.0	NeuronSpectrum 10.06.2026 14:49:30	EEG	checkup_149_10.06.2026 14:49:30	500.0	499.6666666666667	True	0.5	40.0	4	True	50.0	30.0	283.1523132324219	-46.58681621152135	-530.5570068359375	67.53640876490044	-362.8569641113281	27.89733152573845	-436.54144287109375	40.81369466844353	-499.9431457519531	56.941346625308775	-90.40434265136719	-22.327892705567365	-268.56402587890625	17.837536216411337	-44.78884506225586	5.391814453306897	0.0	0.0	0.0	0.0
2.3514535427093506	1781094948.0	1781094948.7303133	1	10.0	10.0	8.0	8.0	NeuronSpectrum 10.06.2026 14:49:30	EEG	checkup_149_10.06.2026 14:49:30	500.0	499.6666666666667	True	0.5	40.0	4	True	50.0	30.0	285.03076171875	-41.12458296547217	-532.329345703125	58.60025463654151	-363.0074768066406	22.295509987681605	-437.12744140625	33.25218219779095	-501.57122802734375	48.557639119006524	-88.61371612548828	-22.63335105290647	-268.5118713378906	13.155980722772883	-44.830745697021484	4.825272156883557	0.0	0.0	0.0	0.0
2.3514554500579834	1781094948.0	1781094948.7303152	1	10.0	10.0	8.0	8.0	NeuronSpectrum 10.06.2026 14:49:30	EEG	checkup_149_10.06.2026 14:49:30	500.0	499.6666666666667	True	0.5	40.0	4	True	50.0	30.0	288.6109619140625	-34.34409088133274	-537.4505004882812	47.08959282126194	-365.4568176269531	15.02252837512272	-440.59967041015625	23.651728934200428	-506.4769592285156	37.66200232011203	-87.59144592285156	-23.45319081907044	-270.69561767578125	6.852573684725222	-45.27695846557617	3.933904190474349	0.0	0.0	0.0	0.0
2.3514575958251953	1781094948.0	1781094948.7303174	1	10.0	10.0	8.0	8.0	NeuronSpectrum 10.06.2026 14:49:30	EEG	checkup_149_10.06.2026 14:49:30	500.0	499.6666666666667	True	0.5	40.0	4	True	50.0	30.0	291.0395812988281	-27.519697657171402	-540.900146484375	35.37227018051568	-367.0888977050781	7.604388823692657	-443.30743408203125	13.8420080958267	-509.95343017578125	26.4730087519326	-86.9614486694336	-24.482260591719417	-272.9750671386719	0.08990150923063844	-45.66527557373047	2.9084744648341307	0.0	0.0	0.0	0.0
2.351459264755249	1781094948.0	1781094948.730319	1	10.0	10.0	8.0	8.0	NeuronSpectrum 10.06.2026 14:49:30	EEG	checkup_149_10.06.2026 14:49:30	500.0	499.6666666666667	True	0.5	40.0	4	True	50.0	30.0	288.57806396484375	-21.811769720350604	-535.904296875	25.66908337425428	-363.51422119140625	1.5105577597323	-439.9779357910156	5.603938850084375	-505.63690185546875	17.08991581934913	-85.92264556884766	-25.35242877464541	-272.0932312011719	-5.933519510041214	-45.3911247253418	1.9423862841963782	0.0	0.0	0.0	0.0
2.351461172103882	1781094948.0	1781094948.730321	1	10.0	10.0	8.0	8.0	NeuronSpectrum 10.06.2026 14:49:30	EEG	checkup_149_10.06.2026 14:49:30	500.0	499.6666666666667	True	0.5	40.0	4	True	50.0	30.0	280.295166015625	-18.11720760855125	-520.6038818359375	19.758183749691273	-353.4233703613281	-2.045834768512193	-428.9733581542969	0.4350213450187329	-491.7369689941406	11.212193252335954	-84.05378723144531	-25.689472351683992	-266.852294921875	-10.142187823945934	-44.28324508666992	1.207090021945473	0.0	0.0	0.0	0.0
2.3514628410339355	1781094948.0	1781094948.7303226	1	10.0	10.0	8.0	8.0	NeuronSpectrum 10.06.2026 14:49:30	EEG	checkup_149_10.06.2026 14:49:30	500.0	499.6666666666667	True	0.5	40.0	4	True	50.0	30.0	271.0348205566406	-17.00581781368619	-503.46319580078125	18.827830709144347	-342.1562194824219	-2.218651911094287	-416.6298828125	-0.5865771466357812	-476.0860290527344	9.995615686596116	-82.0214614868164	-25.164489125342133	-260.76934814453125	-11.692011101420357	-43.054931640625	0.838329097353426	0.0	0.0	0.0	0.0
2.3514645099639893	1781094948.0	1781094948.7303243	1	10.0	10.0	8.0	8.0	NeuronSpectrum 10.06.2026 14:49:30	EEG	checkup_149_10.06.2026 14:49:30	500.0	499.6666666666667	True	0.5	40.0	4	True	50.0	30.0	269.9239807128906	-18.69960106268651	-500.64990234375	23.404259740974133	-340.0503845214844	1.4042663722620032	-415.29052734375	3.1061935621611365	-473.70263671875	13.977818946831034	-81.34883117675781	-23.543873112281474	-260.94976806640625	-10.057079635120875	-43.0646858215332	0.926770496086634	0.0	0.0	0.0	0.0
2.351466178894043	1781094948.0	1781094948.730326	1	10.0	10.0	8.0	8.0	NeuronSpectrum 10.06.2026 14:49:30	EEG	checkup_149_10.06.2026 14:49:30	500.0	499.6666666666667	True	0.5	40.0	4	True	50.0	30.0	283.4360046386719	-23.051442868026978	-523.5862426757812	33.281784199078885	-354.3734436035156	8.734288896586058	-433.5671691894531	11.471945792846762	-495.19293212890625	23.006517084951998	-83.00947570800781	-20.7391032372746	-272.2857666015625	-5.119237504949314	-45.24920654296875	1.506836799452678	0.0	0.0	0.0	0.0
2.3514678478240967	1781094948.0	1781094948.7303276	1	10.0	10.0	8.0	8.0	NeuronSpectrum 10.06.2026 14:49:30	EEG	checkup_149_10.06.2026 14:49:30	500.0	499.6666666666667	True	0.5	40.0	4	True	50.0	30.0	307.0220031738281	-29.512022431291687	-563.9073486328125	47.441200925886065	-379.5511779785156	19.11122066528683	-464.5376281738281	23.757756218865875	-532.7389526367188	36.15829516421875	-85.71556854248047	-16.84912192948167	-290.41424560546875	2.7452889403609433	-48.85386657714844	2.5429459173920326	0.0	0.0	0.0	0.0
2.3514695167541504	1781094948.0	1781094948.7303293	1	10.0	10.0	8.0	8.0	NeuronSpectrum 10.06.2026 14:49:30	EEG	checkup_149_10.06.2026 14:49:30	500.0	499.6666666666667	True	0.5	40.0	4	True	50.0	30.0	322.36224365234375	-37.12207284684051	-588.5545043945312	64.02890718569557	-393.9967041015625	31.28039171023358	-481.94384765625	38.458193182775354	-555.5343017578125	51.71601987907614	-85.42951202392578	-12.178592877802151	-299.4904479980469	12.627931802284783	-51.03797912597656	3.920142929979207	0.0	0.0	0.0	0.0
2.351471185684204	1781094948.0	1781094948.730331	1	10.0	10.0	8.0	8.0	NeuronSpectrum 10.06.2026 14:49:30	EEG	checkup_149_10.06.2026 14:49:30	500.0	499.6666666666667	True	0.5	40.0	4	True	50.0	30.0	304.7615051269531	-44.597836968875754	-553.1588134765625	80.52206901021151	-368.86181640625	43.502234882044945	-450.8381042480469	53.442947672296235	-522.26171875	67.32188799757613	-77.05076599121094	-7.212285675196348	-278.63934326171875	23.16510608807132	-48.03132629394531	5.450990355183705	0.0	0.0	0.0	0.0
2.351472854614258	1781094948.0	1781094948.7303326	1	10.0	10.0	8.0	8.0	NeuronSpectrum 10.06.2026 14:49:30	EEG	checkup_149_10.06.2026 14:49:30	500.0	499.6666666666667	True	0.5	40.0	4	True	50.0	30.0	237.9011993408203	-50.55632352693387	-428.6582946777344	94.16313903225794	-285.39764404296875	53.848867450728996	-348.6453552246094	66.32062718588658	-405.8917541503906	80.38366228489407	-57.61272430419922	-2.5359277768130486	-214.62355041503906	32.770959321323225	-37.396324157714844	6.907219331649362	0.0	0.0	0.0	0.0
2.3514747619628906	1781094948.0	1781094948.7303345	1	10.0	10.0	8.0	8.0	NeuronSpectrum 10.06.2026 14:49:30	EEG	checkup_149_10.06.2026 14:49:30	500.0	499.6666666666667	True	0.5	40.0	4	True	50.0	30.0	126.49544525146484	-53.848356821658676	-224.05885314941406	102.6011771878464	-149.76316833496094	60.64414061897854	-183.09007263183594	74.9845020133704	-214.87689208984375	88.67553166280166	-28.890869140625	1.283294906443237	-112.547607421875	39.98951770549819	-19.942277908325195	8.072185230716977	0.0	0.0	0.0	0.0
2.4027159214019775	1781094948.0	1781094948.7815757	1	10.0	10.0	8.0	8.0	NeuronSpectrum 10.06.2026 14:49:30	EEG	checkup_149_10.06.2026 14:49:30	500.0	499.6666666666667	True	0.5	40.0	4	True	50.0	30.0	283.5743713378906	-53.87787752070157	-506.9405822753906	104.51287727107766	-333.9308166503906	62.89406727902692	-406.7109375	78.15078730824428	-477.6876525878906	90.92154557092327	-61.806270599365234	3.819815936927785	-245.76292419433594	43.84701233807947	-42.9697265625	8.795750949952284	0.0	0.0	0.0	0.0
2.402722120285034	1781094948.0	1781094948.7815819	1	10.0	10.0	8.0	8.0	NeuronSpectrum 10.06.2026 14:49:30	EEG	checkup_149_10.06.2026 14:49:30	500.0	499.6666666666667	True	0.5	40.0	4	True	50.0	30.0	283.38812255859375	-50.76253646024314	-505.7322082519531	99.93307932485142	-332.3752746582031	60.525662457517456	-404.4958801269531	75.66404318240569	-476.0610656738281	87.10923175238004	-59.93480682373047	4.873428376119465	-242.71725463867188	44.06328264142249	-42.04037857055664	9.028683789928794	0.0	0.0	0.0	0.0
2.4027247428894043	1781094948.0	1781094948.7815845	1	10.0	10.0	8.0	8.0	NeuronSpectrum 10.06.2026 14:49:30	EEG	checkup_149_10.06.2026 14:49:30	500.0	499.6666666666667	True	0.5	40.0	4	True	50.0	30.0	285.26116943359375	-45.26726064966466	-509.3103942871094	90.16431144039456	-334.5444030761719	54.344298378570855	-407.0758361816406	68.45657751905259	-478.9386901855469	78.41107159078872	-59.729454040527344	4.489596815035442	-243.0770263671875	41.04995765900644	-41.467647552490234	8.824339159248614	0.0	0.0	0.0	0.0
2.402726888656616	1781094948.0	1781094948.7815866	1	10.0	10.0	8.0	8.0	NeuronSpectrum 10.06.2026 14:49:30	EEG	checkup_149_10.06.2026 14:49:30	500.0	499.6666666666667	True	0.5	40.0	4	True	50.0	30.0	288.77484130859375	-38.56177611932688	-516.7393798828125	77.35310755453149	-339.7505798339844	45.763995454140506	-413.55645751953125	58.22556040084697	-485.4842224121094	66.79474064852917	-60.945743560791016	2.92228626664428	-246.28909301757812	35.731422821862594	-41.322837829589844	8.312852851183106	0.0	0.0	0.0	0.0
2.402729034423828	1781094948.0	1781094948.7815888	1	10.0	10.0	8.0	8.0	NeuronSpectrum 10.06.2026 14:49:30	EEG	checkup_149_10.06.2026 14:49:30	500.0	499.6666666666667	True	0.5	40.0	4	True	50.0	30.0	291.0964050292969	-31.922885979548738	-522.5899658203125	63.94986771613597	-344.28094482421875	36.45145690295203	-419.29388427734375	46.998452991243056	-490.68243408203125	54.52333827284978	-62.63491439819336	0.564733101625818	-249.47605895996094	29.290636518952688	-41.284305572509766	7.663558130565621	0.0	0.0	0.0	0.0
2.402730941772461	1781094948.0	1781094948.7815907	1	10.0	10.0	8.0	8.0	NeuronSpectrum 10.06.2026 14:49:30	EEG	checkup_149_10.06.2026 14:49:30	500.0	499.6666666666667	True	0.5	40.0	4	True	50.0	30.0	288.50250244140625	-26.4897292112178	-519.8021240234375	52.24871090925232	-343.3222351074219	28.013314465616386	-418.29241943359375	36.745409435950315	-487.99114990234375	43.72819141383592	-63.59897994995117	-2.125706527985616	-248.94203186035156	22.93580232435251	-40.82853317260742	7.050067531007221	0.0	0.0	0.0	0.0
2.4027328491210938	1781094948.0	1781094948.7815926	1	10.0	10.0	8.0	8.0	NeuronSpectrum 10.06.2026 14:49:30	EEG	checkup_149_10.06.2026 14:49:30	500.0	499.6666666666667	True	0.5	40.0	4	True	50.0	30.0	280.0472717285156	-23.120847769566755	-506.4304504394531	44.09820824920237	-335.43341064453125	21.78859854862474	-408.71966552734375	29.116645264406163	-475.5959777832031	36.138866404486826	-63.3336296081543	-4.693109321932816	-243.5452117919922	17.735883863041426	-39.76080322265625	6.624751966789565	0.0	0.0	0.0	0.0
2.4027347564697266	1781094948.0	1781094948.7815945	1	10.0	10.0	8.0	8.0	NeuronSpectrum 10.06.2026 14:49:30	EEG	checkup_149_10.06.2026 14:49:30	500.0	499.6666666666667	True	0.5	40.0	4	True	50.0	30.0	270.5235900878906	-22.34183686730907	-491.0426940917969	40.766625810096535	-326.1149597167969	18.73930015597294	-397.3028869628906	25.29920858927532	-461.4168701171875	32.95550721187144	-62.75600051879883	-6.735298043838518	-237.3512420654297	14.522786284361151	-38.6718864440918	6.501891695372616	0.0	0.0	0.0	0.0
2.4027366638183594	1781094948.0	1781094948.7815964	1	10.0	10.0	8.0	8.0	NeuronSpectrum 10.06.2026 14:49:30	EEG	checkup_149_10.06.2026 14:49:30	500.0	499.6666666666667	True	0.5	40.0	4	True	50.0	30.0	269.00177001953125	-24.336861300763314	-490.0019226074219	42.88213235285022	-326.0257263183594	19.390874502483243	-397.1518859863281	25.937326460306444	-460.588623046875	34.79008458280044	-63.84144973754883	-7.946802312541776	-238.26718139648438	13.827784020890732	-38.76582336425781	6.744883600503144	0.0	0.0	0.0	0.0
2.4027388095855713	1781094948.0	1781094948.7815986	1	10.0	10.0	8.0	8.0	NeuronSpectrum 10.06.2026 14:49:30	EEG	checkup_149_10.06.2026 14:49:30	500.0	499.6666666666667	True	0.5	40.0	4	True	50.0	30.0	281.95404052734375	-28.936633135614542	-514.8770141601562	50.368038419514995	-342.70355224609375	23.773902656203337	-417.60552978515625	31.058678199587234	-483.7876892089844	41.60288444957511	-67.96892547607422	-8.157005919322831	-251.8386993408203	15.818860630759145	-40.8935546875	7.3536068696799175	0.0	0.0	0.0	0.0
2.402740478515625	1781094948.0	1781094948.7816002	1	10.0	10.0	8.0	8.0	NeuronSpectrum 10.06.2026 14:49:30	EEG	checkup_149_10.06.2026 14:49:30	500.0	499.6666666666667	True	0.5	40.0	4	True	50.0	30.0	304.93841552734375	-35.588918267232145	-557.2911376953125	62.354313370049816	-370.61090087890625	31.357217255759934	-452.0046691894531	39.99521179983511	-523.1884155273438	52.61736671770529	-73.95507049560547	-7.361631660367127	-273.83074951171875	20.23396436671664	-44.35725021362305	8.252955038241256	0.0	0.0	0.0	0.0
2.4027421474456787	1781094948.0	1781094948.781602	1	10.0	10.0	8.0	8.0	NeuronSpectrum 10.06.2026 14:49:30	EEG	checkup_149_10.06.2026 14:49:30	500.0	499.6666666666667	True	0.5	40.0	4	True	50.0	30.0	319.84075927734375	-43.347899635385815	-583.9996337890625	77.13751734630206	-387.9172058105469	41.020933702167405	-473.7001037597656	51.3567217389039	-547.9133911132812	66.2807554974654	-77.44698333740234	-5.736014448727235	-287.862060546875	26.347707413671852	-46.50572204589844	9.290020175538082	0.0	0.0	0.0	0.0
2.4027438163757324	1781094948.0	1781094948.7816036	1	10.0	10.0	8.0	8.0	NeuronSpectrum 10.06.2026 14:49:30	EEG	checkup_149_10.06.2026 14:49:30	500.0	499.6666666666667	True	0.5	40.0	4	True	50.0	30.0	302.181884765625	-50.95156629475719	-550.3656616210938	92.31931624074977	-365.37353515625	51.15423103535328	-446.8746337890625	63.15890932815717	-516.5485229492188	80.39131272044706	-72.71180725097656	-3.6133069987445183	-272.060791015625	33.03554322355443	-43.78915786743164	10.250651299172215	0.0	0.0	0.0	0.0
2.4027457237243652	1781094948.0	1781094948.7816055	1	10.0	10.0	8.0	8.0	NeuronSpectrum 10.06.2026 14:49:30	EEG	checkup_149_10.06.2026 14:49:30	500.0	499.6666666666667	True	0.5	40.0	4	True	50.0	30.0	235.7430419921875	-57.03677219463847	-427.1208801269531	105.215231619681	-283.89593505859375	59.93592655056493	-348.05706787109375	73.17451954233084	-401.9739685058594	92.4771757212684	-56.12050247192383	-1.4177292332714728	-212.1868438720703	38.979062429584054	-33.88304138183594	10.901389734381103	0.0	0.0	0.0	0.0
2.40274715423584	1781094948.0	1781094948.781607	1	10.0	10.0	8.0	8.0	NeuronSpectrum 10.06.2026 14:49:30	EEG	checkup_149_10.06.2026 14:49:30	500.0	499.6666666666667	True	0.5	40.0	4	True	50.0	30.0	125.14095306396484	-60.46378930474736	-223.23556518554688	113.47985939130297	-149.55323791503906	65.75943817998572	-184.50289916992188	79.45843641307157	-212.5697479248047	100.37642771954594	-29.07103729248047	0.43675391222634613	-112.78385162353516	42.983840736905314	-17.51612663269043	11.049755760014648	0.0	0.0	0.0	0.0
2.4027490615844727	1781094948.0	1781094948.7816088	1	10.0	10.0	8.0	8.0	NeuronSpectrum 10.06.2026 14:49:30	EEG	checkup_149_10.06.2026 14:49:30	500.0	499.6666666666667	True	0.5	40.0	4	True	50.0	30.0	281.22607421875	-60.63213382530907	-505.8488464355469	115.72727384935058	-335.0479736328125	67.65357540919385	-412.0863342285156	80.86353923267022	-474.3426818847656	102.81253067948926	-64.18712615966797	1.6495135440519366	-250.0919189453125	44.29874524561888	-41.16307830810547	10.601790735299518	0.0	0.0	0.0	0.0
2.4027507305145264	1781094948.0	1781094948.7816105	1	10.0	10.0	8.0	8.0	NeuronSpectrum 10.06.2026 14:49:30	EEG	checkup_149_10.06.2026 14:49:30	500.0	499.6666666666667	True	0.5	40.0	4	True	50.0	30.0	281.0994873046875	-57.644134422943026	-503.3335876464844	111.8768796732269	-332.8679504394531	65.51946099992747	-410.55255126953125	77.3269013670362	-471.6058654785156	99.71441884905938	-62.53553009033203	2.0989631165776115	-248.20220947265625	42.80169117492443	-41.81562042236328	9.592297151111067	0.0	0.0	0.0	0.0
2.402752637863159	1781094948.0	1781094948.7816124	1	10.0	10.0	8.0	8.0	NeuronSpectrum 10.06.2026 14:49:30	EEG	checkup_149_10.06.2026 14:49:30	500.0	499.6666666666667	True	0.5	40.0	4	True	50.0	30.0	282.8891296386719	-52.24662856205653	-505.16998291015625	103.08899238227416	-333.5295715332031	60.09310016608709	-412.4825744628906	69.81605182657265	-472.7706604003906	92.15522830157873	-61.58363342285156	1.8496472000702515	-248.332763671875	38.98246973776995	-42.98648452758789	8.175440880007908	0.0	0.0	0.0	0.0
2.402754306793213	1781094948.0	1781094948.781614	1	10.0	10.0	8.0	8.0	NeuronSpectrum 10.06.2026 14:49:30	EEG	checkup_149_10.06.2026 14:49:30	500.0	499.6666666666667	True	0.5	40.0	4	True	50.0	30.0	286.16851806640625	-45.59815936980817	-510.876953125	91.36868150331301	-336.78570556640625	52.685062833237005	-417.44781494140625	59.99974375049505	-477.3675842285156	81.98285939910576	-61.41339111328125	1.1083075197963996	-250.4239044189453	33.75854107230481	-44.474517822265625	6.582616994234763	0.0	0.0	0.0	0.0
2.4027559757232666	1781094948.0	1781094948.7816157	1	10.0	10.0	8.0	8.0	NeuronSpectrum 10.06.2026 14:49:30	EEG	checkup_149_10.06.2026 14:49:30	500.0	499.6666666666667	True	0.5	40.0	4	True	50.0	30.0	288.18389892578125	-38.97813477305915	-515.3943481445312	79.0449789211392	-339.3959655761719	44.83412655102841	-421.3654479980469	49.81303757918841	-480.74993896484375	71.33524481368786	-61.45259094238281	0.15484445786634077	-252.1561737060547	28.22362572665591	-45.67371368408203	5.066689689608739	0.0	0.0	0.0	0.0
2.4027576446533203	1781094948.0	1781094948.7816174	1	10.0	10.0	8.0	8.0	NeuronSpectrum 10.06.2026 14:49:30	EEG	checkup_149_10.06.2026 14:49:30	500.0	499.6666666666667	True	0.5	40.0	4	True	50.0	30.0	285.3424072265625	-33.543028298325986	-511.82281494140625	68.31572193960503	-336.8815612792969	38.0012943333725	-418.6782531738281	41.074096630888576	-476.61492919921875	62.217782651401194	-60.792144775390625	-0.7259895694943732	-250.22341918945312	23.422277553406417	-45.85477828979492	3.851482919988624	0.0	0.0	0.0	0.0
2.402759552001953	1781094948.0	1781094948.7816193	1	10.0	10.0	8.0	8.0	NeuronSpectrum 10.06.2026 14:49:30	EEG	checkup_149_10.06.2026 14:49:30	500.0	499.6666666666667	True	0.5	40.0	4	True	50.0	30.0	276.8027038574219	-30.177773876320504	-498.15570068359375	60.94894843251411	-327.8861999511719	33.36576585889599	-407.72491455078125	35.230286088346546	-463.1676940917969	56.228156623049365	-59.033687591552734	-1.2971363479753772	-243.572021484375	20.19677047970499	-44.78379821777344	3.0974661389203884	0.0	0.0	0.0	0.0
2.402761220932007	1781094948.0	1781094948.781621	1	10.0	10.0	8.0	8.0	NeuronSpectrum 10.06.2026 14:49:30	EEG	checkup_149_10.06.2026 14:49:30	500.0	499.6666666666667	True	0.5	40.0	4	True	50.0	30.0	267.3611755371094	-29.433149682585036	-482.78424072265625	58.13094418451787	-317.76580810546875	31.71844227760894	-395.1465759277344	33.22917498200978	-448.1507568359375	54.41989170598622	-57.02989959716797	-1.4026660335186938	-236.10398864746094	19.10469493529376	-43.218082427978516	2.885486622887674	0.0	0.0	0.0	0.0
2.4027626514434814	1781094948.0	1781094948.7816224	1	10.0	10.0	8.0	8.0	NeuronSpectrum 10.06.2026 14:49:30	EEG	checkup_149_10.06.2026 14:49:30	500.0	499.6666666666667	True	0.5	40.0	4	True	50.0	30.0	265.977294921875	-31.506358108456805	-481.94329833984375	60.39179516752604	-316.9694519042969	33.40947878083455	-393.8783264160156	35.46067072324166	-446.4896240234375	57.240411117101615	-56.65835189819336	-0.986292967904875	-235.53253173828125	20.377165129552573	-42.68128967285156	3.213935187357414	0.0	0.0	0.0	0.0
2.4027645587921143	1781094948.0	1781094948.7816243	1	10.0	10.0	8.0	8.0	NeuronSpectrum 10.06.2026 14:49:30	EEG	checkup_149_10.06.2026 14:49:30	500.0	499.6666666666667	True	0.5	40.0	4	True	50.0	30.0	278.9732666015625	-36.221710519068914	-507.2319641113281	67.5385320642911	-332.98388671875	38.305163506436244	-413.2225341796875	41.71368155731296	-468.8549499511719	64.47776092212627	-59.35778045654297	-0.10065879746465217	-247.4412384033203	23.886414328103864	-44.353328704833984	4.002815574292379	0.0	0.0	0.0	0.0
2.402766466140747	1781094948.0	1781094948.7816262	1	10.0	10.0	8.0	8.0	NeuronSpectrum 10.06.2026 14:49:30	EEG	checkup_149_10.06.2026 14:49:30	500.0	499.6666666666667	True	0.5	40.0	4	True	50.0	30.0	301.8410949707031	-43.00046779915667	-550.4354248046875	78.58241864825405	-360.5079040527344	45.745152535120994	-446.7456970214844	51.13383768442901	-507.761962890625	75.20150693217204	-64.26969909667969	1.0915674335138463	-267.9785461425781	29.11723184220749	-47.70479965209961	5.101308681304424	0.0	0.0	0.0	0.0
2.4027678966522217	1781094948.0	1781094948.7816277	1	10.0	10.0	8.0	8.0	NeuronSpectrum 10.06.2026 14:49:30	EEG	checkup_149_10.06.2026 14:49:30	500.0	499.6666666666667	True	0.5	40.0	4	True	50.0	30.0	316.568359375	-50.85657290050658	-578.4500732421875	91.73051299564061	-378.1456604003906	54.5443968122894	-468.1946716308594	62.234276396539244	-532.9249877929688	87.76003352094844	-67.54061126708984	2.3313923776364494	-281.3396911621094	35.175009127372334	-49.99882507324219	6.301514035266419	0.0	0.0	0.0	0.0
2.4027695655822754	1781094948.0	1781094948.7816293	1	10.0	10.0	8.0	8.0	NeuronSpectrum 10.06.2026 14:49:30	EEG	checkup_149_10.06.2026 14:49:30	500.0	499.6666666666667	True	0.5	40.0	4	True	50.0	30.0	298.914306640625	-58.48509344718176	-546.586669921875	104.56252792390829	-356.9930419921875	63.1163838987134	-442.04302978515625	73.05187218341332	-503.4356689453125	99.94376973780616	-63.83256530761719	3.302758107348233	-266.06414794921875	40.88584350465914	-47.39925765991211	7.3652628408844185	0.0	0.0	0.0	0.0
2.402771234512329	1781094948.0	1781094948.781631	1	10.0	10.0	8.0	8.0	NeuronSpectrum 10.06.2026 14:49:30	EEG	checkup_149_10.06.2026 14:49:30	500.0	499.6666666666667	True	0.5	40.0	4	True	50.0	30.0	232.892822265625	-64.48895527605146	-425.269287109375	114.47122056521548	-277.9112243652344	69.76623221782235	-344.7297668457031	81.5079259631881	-392.20123291015625	109.3857027974357	-49.499691009521484	3.701854956133494	-207.8262176513672	45.022314962609464	-37.27458953857422	8.06797281885034	0.0	0.0	0.0	0.0
2.4027726650238037	1781094948.0	1781094948.7816324	1	10.0	10.0	8.0	8.0	NeuronSpectrum 10.06.2026 14:49:30	EEG	checkup_149_10.06.2026 14:49:30	500.0	499.6666666666667	True	0.5	40.0	4	True	50.0	30.0	123.18362426757812	-67.71183792967716	-223.0147247314453	119.29931694196584	-146.4150390625	73.10817621920478	-182.980712890625	85.91799723894339	-206.9797821044922	114.13865270781714	-25.395681381225586	3.3235247015778677	-110.53325653076172	46.618314361941806	-20.221954345703125	8.25243611356516	0.0	0.0	0.0	0.0
2.4536993503570557	1781094948.0	1781094948.832559	1	10.0	10.0	8.0	8.0	NeuronSpectrum 10.06.2026 14:49:30	EEG	checkup_149_10.06.2026 14:49:30	500.0	499.6666666666667	True	0.5	40.0	4	True	50.0	30.0	277.64697265625	-67.55678713554742	-510.795166015625	117.94334361125878	-332.75054931640625	72.45717319265127	-411.67364501953125	85.46760267811585	-469.58056640625	113.22068545279382	-61.66401672363281	2.133402874804803	-250.0452423095703	45.25872091290852	-45.66897201538086	7.873119804789205	0.0	0.0	0.0	0.0
2.453704833984375	1781094948.0	1781094948.8325646	1	10.0	10.0	8.0	8.0	NeuronSpectrum 10.06.2026 14:49:30	EEG	checkup_149_10.06.2026 14:49:30	500.0	499.6666666666667	True	0.5	40.0	4	True	50.0	30.0	277.72796630859375	-64.14706094393324	-512.4854736328125	110.65473364926711	-333.640869140625	68.01940018068095	-412.3756103515625	80.4400932642841	-470.8358459472656	106.88367272532015	-63.194419860839844	0.29189400450101716	-251.79469299316406	41.21222626993337	-46.29023742675781	7.009682200550153	0.0	0.0	0.0	0.0
2.453706979751587	1781094948.0	1781094948.8325667	1	10.0	10.0	8.0	8.0	NeuronSpectrum 10.06.2026 14:49:30	EEG	checkup_149_10.06.2026 14:49:30	500.0	499.6666666666667	True	0.5	40.0	4	True	50.0	30.0	280.0419921875	-58.26134719902899	-518.3018798828125	98.91217695285454	-337.1177978515625	60.800611204942534	-416.08001708984375	72.09848374733284	-475.836181640625	96.4911607895998	-65.09333801269531	-1.8836586424793198	-255.29225158691406	35.34734224266498	-47.06666564941406	5.84189337238363	0.0	0.0	0.0	0.0
2.4537088871002197	1781094948.0	1781094948.8325686	1	10.0	10.0	8.0	8.0	NeuronSpectrum 10.06.2026 14:49:30	EEG	checkup_149_10.06.2026 14:49:30	500.0	499.6666666666667	True	0.5	40.0	4	True	50.0	30.0	284.1153869628906	-51.093255333255435	-527.1644287109375	84.96071043954989	-342.3929443359375	52.295928456345834	-421.8241882324219	62.30005876602147	-483.5689392089844	84.09389716519254	-66.96005249023438	-4.002642442555297	-259.7201232910156	28.881165311129923	-47.839107513427734	4.597634434951481	0.0	0.0	0.0	0.0
2.4537107944488525	1781094948.0	1781094948.8325706	1	10.0	10.0	8.0	8.0	NeuronSpectrum 10.06.2026 14:49:30	EEG	checkup_149_10.06.2026 14:49:30	500.0	499.6666666666667	True	0.5	40.0	4	True	50.0	30.0	287.0707092285156	-43.9541194633029	-533.4915771484375	71.24340972447702	-345.8229064941406	44.1098104948194	-425.2106018066406	53.02657536424739	-488.94207763671875	71.91010055388409	-67.90238952636719	-5.697094573497061	-262.2128601074219	23.07554481200173	-48.12791061401367	3.4964312770314048	0.0	0.0	0.0	0.0
2.4537127017974854	1781094948.0	1781094948.8325725	1	10.0	10.0	8.0	8.0	NeuronSpectrum 10.06.2026 14:49:30	EEG	checkup_149_10.06.2026 14:49:30	500.0	499.6666666666667	True	0.5	40.0	4	True	50.0	30.0	285.1501159667969	-38.02615243755364	-530.1224365234375	59.92992904540469	-342.7964782714844	37.641121799018855	-420.6819763183594	45.99552539848798	-485.4534912109375	61.89727155869117	-66.94690704345703	-6.698624608508745	-259.2948303222656	18.985872419377696	-47.38515090942383	2.707886745802519	0.0	0.0	0.0	0.0
2.453714370727539	1781094948.0	1781094948.8325741	1	10.0	10.0	8.0	8.0	NeuronSpectrum 10.06.2026 14:49:30	EEG	checkup_149_10.06.2026 14:49:30	500.0	499.6666666666667	True	0.5	40.0	4	True	50.0	30.0	277.3457946777344	-34.2147494767612	-515.228759765625	52.63703065599922	-332.16363525390625	33.89722450321477	-406.8599853515625	42.43074625217704	-471.48614501953125	55.50201618579608	-63.93042755126953	-6.879717709345077	-250.15696716308594	17.31450210995202	-45.570491790771484	2.333273065569818	0.0	0.0	0.0	0.0
2.4537160396575928	1781094948.0	1781094948.8325758	1	10.0	10.0	8.0	8.0	NeuronSpectrum 10.06.2026 14:49:30	EEG	checkup_149_10.06.2026 14:49:30	500.0	499.6666666666667	True	0.5	40.0	4	True	50.0	30.0	268.322998046875	-33.08968456281405	-497.87054443359375	50.32421191145742	-319.79168701171875	33.427705611201795	-390.828857421875	42.981025293131246	-455.3590087890625	53.57139621386076	-60.200923919677734	-6.259098332692876	-239.25997924804688	18.364660369208686	-43.594539642333984	2.407170314505084	0.0	0.0	0.0	0.0
2.4537177085876465	1781094948.0	1781094948.8325775	1	10.0	10.0	8.0	8.0	NeuronSpectrum 10.06.2026 14:49:30	EEG	checkup_149_10.06.2026 14:49:30	500.0	499.6666666666667	True	0.5	40.0	4	True	50.0	30.0	266.97906494140625	-34.869975705455644	-495.2362365722656	53.27963580817862	-316.7978820800781	36.32329785432759	-386.00421142578125	47.72041742559767	-452.7940979003906	56.346885380335934	-58.24598693847656	-4.982413181353466	-235.00672912597656	22.054684882762444	-43.04154968261719	2.9089022081043567	0.0	0.0	0.0	0.0
2.4537198543548584	1781094948.0	1781094948.8325796	1	10.0	10.0	8.0	8.0	NeuronSpectrum 10.06.2026 14:49:30	EEG	checkup_149_10.06.2026 14:49:30	500.0	499.6666666666667	True	0.5	40.0	4	True	50.0	30.0	279.66986083984375	-39.40649766825459	-519.7128295898438	61.107861210057536	-331.26751708984375	42.22179815579254	-402.1554870605469	56.159328360105704	-475.1141052246094	63.45853668495636	-60.00368881225586	-3.293044776900622	-243.6195068359375	27.946786499919195	-45.02616500854492	3.7727017190855316	0.0	0.0	0.0	0.0
2.453721523284912	1781094948.0	1781094948.8325813	1	10.0	10.0	8.0	8.0	NeuronSpectrum 10.06.2026 14:49:30	EEG	checkup_149_10.06.2026 14:49:30	500.0	499.6666666666667	True	0.5	40.0	4	True	50.0	30.0	302.0234680175781	-46.14938742364121	-563.2326049804688	72.69115869578182	-358.2145080566406	50.30035611441262	-433.31646728515625	67.24074961251304	-514.9623413085938	73.89230482644886	-64.7927474975586	-1.5026146400420304	-261.72222900390625	35.26994802158134	-48.83717346191406	4.891156982569768	0.0	0.0	0.0	0.0
2.453723192214966	1781094948.0	1781094948.832583	1	10.0	10.0	8.0	8.0	NeuronSpectrum 10.06.2026 14:49:30	EEG	checkup_149_10.06.2026 14:49:30	500.0	499.6666666666667	True	0.5	40.0	4	True	50.0	30.0	316.2344970703125	-54.13675244798311	-592.0272827148438	86.18869954845358	-376.18048095703125	59.29217436498861	-453.6992492675781	79.36679095059662	-541.51806640625	85.98853653315028	-68.54070281982422	0.03993407905452931	-273.79327392578125	42.95873985184004	-51.501220703125	6.115692765237357	0.0	0.0	0.0	0.0
2.4537248611450195	1781094948.0	1781094948.8325846	1	10.0	10.0	8.0	8.0	NeuronSpectrum 10.06.2026 14:49:30	EEG	checkup_149_10.06.2026 14:49:30	500.0	499.6666666666667	True	0.5	40.0	4	True	50.0	30.0	298.26690673828125	-62.0733599854346	-560.258056640625	99.19889019982746	-355.9039306640625	67.60472591380669	-428.1426086425781	90.54772404106724	-512.9288330078125	97.58613179853688	-65.42684936523438	0.990100168243026	-258.4794921875	49.75911395521477	-48.987674713134766	7.264815263586624	0.0	0.0	0.0	0.0
2.4537265300750732	1781094948.0	1781094948.8325863	1	10.0	10.0	8.0	8.0	NeuronSpectrum 10.06.2026 14:49:30	EEG	checkup_149_10.06.2026 14:49:30	500.0	499.6666666666667	True	0.5	40.0	4	True	50.0	30.0	232.2498321533203	-68.54835788747113	-437.4060363769531	109.17406768214221	-277.8095397949219	73.59410885255785	-333.1687927246094	98.73865602570172	-401.29571533203125	106.39479781699778	-51.342960357666016	1.0673842916847227	-201.39837646484375	54.43772012715356	-38.59911346435547	8.149488165288982	0.0	0.0	0.0	0.0
2.453727960586548	1781094948.0	1781094948.8325877	1	10.0	10.0	8.0	8.0	NeuronSpectrum 10.06.2026 14:49:30	EEG	checkup_149_10.06.2026 14:49:30	500.0	499.6666666666667	True	0.5	40.0	4	True	50.0	30.0	122.83583068847656	-72.36382828238062	-231.88067626953125	114.03223197234365	-147.11692810058594	75.95867570240637	-175.15065002441406	102.31884128287962	-214.21742248535156	110.54650747526904	-26.97044563293457	0.12433629935075918	-106.22335815429688	56.066981229518056	-21.023611068725586	8.613867399094243	0.0	0.0	0.0	0.0
2.504612922668457	1781094948.0	1781094948.8834727	1	10.0	10.0	8.0	8.0	NeuronSpectrum 10.06.2026 14:49:30	EEG	checkup_149_10.06.2026 14:49:30	500.0	499.6666666666667	True	0.5	40.0	4	True	50.0	30.0	276.1073303222656	-72.85659230074597	-525.953369140625	112.74335761663839	-336.10906982421875	74.10932810812464	-402.90911865234375	100.54152960860995	-482.4825134277344	109.1249124186792	-66.30957794189453	-1.8011374145519368	-245.11441040039062	54.28341902499178	-46.147796630859375	8.5757383713123	0.0	0.0	0.0	0.0
2.5046188831329346	1781094948.0	1781094948.8834786	1	10.0	10.0	8.0	8.0	NeuronSpectrum 10.06.2026 14:49:30	EEG	checkup_149_10.06.2026 14:49:30	500.0	499.6666666666667	True	0.5	40.0	4	True	50.0	30.0	275.7430725097656	-70.07015772248793	-527.4826049804688	105.62199330892545	-338.43634033203125	68.34570765555324	-405.23577880859375	93.74870345127249	-484.01123046875	102.42924899102594	-68.49271392822266	-4.479490809589666	-247.6131134033203	49.39809438361634	-46.0157585144043	8.046597242554679	0.0	0.0	0.0	0.0
2.5046212673187256	1781094948.0	1781094948.883481	1	10.0	10.0	8.0	8.0	NeuronSpectrum 10.06.2026 14:49:30	EEG	checkup_149_10.06.2026 14:49:30	500.0	499.6666666666667	True	0.5	40.0	4	True	50.0	30.0	277.5474548339844	-64.70621512100992	-532.3509521484375	94.19783640243155	-342.9372253417969	59.758091491088344	-410.48724365234375	83.25438621410196	-488.4931945800781	91.85618454346529	-70.68951416015625	-7.539099900059675	-251.68569946289062	42.30520034271113	-46.15921401977539	7.122045968236735	0.0	0.0	0.0	0.0
2.5046231746673584	1781094948.0	1781094948.883483	1	10.0	10.0	8.0	8.0	NeuronSpectrum 10.06.2026 14:49:30	EEG	checkup_149_10.06.2026 14:49:30	500.0	499.6666666666667	True	0.5	40.0	4	True	50.0	30.0	281.0884094238281	-57.900508727143524	-539.5792236328125	80.75649606070996	-348.8348693847656	49.916700222127204	-417.83636474609375	70.97096036550451	-495.0746154785156	79.48334875534795	-72.62138366699219	-10.553170438963964	-256.693359375	34.23838219490695	-46.60499572753906	5.950330098506258	0.0	0.0	0.0	0.0
2.504624843597412	1781094948.0	1781094948.8834846	1	10.0	10.0	8.0	8.0	NeuronSpectrum 10.06.2026 14:49:30	EEG	checkup_149_10.06.2026 14:49:30	500.0	499.6666666666667	True	0.5	40.0	4	True	50.0	30.0	283.57427978515625	-50.93669180204595	-543.8856811523438	67.77310312907248	-352.6256408691406	40.49402931219007	-423.0602722167969	58.95352475617784	-498.99249267578125	67.5566388570742	-73.60971069335938	-13.130076773431187	-260.0401611328125	26.48443858441822	-46.97983169555664	4.696274309732154	0.0	0.0	0.0	0.0
2.504626989364624	1781094948.0	1781094948.8834867	1	10.0	10.0	8.0	8.0	NeuronSpectrum 10.06.2026 14:49:30	EEG	checkup_149_10.06.2026 14:49:30	500.0	499.6666666666667	True	0.5	40.0	4	True	50.0	30.0	281.35247802734375	-45.00167729145655	-538.5050659179688	57.44037053538212	-349.9070739746094	32.95218828966634	-420.7417297363281	49.02053833416897	-494.1243591308594	58.06392674708393	-72.91618347167969	-14.978313827723674	-258.5086669921875	20.152122614707114	-46.73973846435547	3.514773167018473	0.0	0.0	0.0	0.0
2.5046284198760986	1781094948.0	1781094948.8834882	1	10.0	10.0	8.0	8.0	NeuronSpectrum 10.06.2026 14:49:30	EEG	checkup_149_10.06.2026 14:49:30	500.0	499.6666666666667	True	0.5	40.0	4	True	50.0	30.0	273.4984130859375	-41.03105944215617	-521.91796875	51.385232257137886	-339.7119140625	28.357559265294853	-409.5668029785156	42.525187742931635	-479.1033630371094	52.47990042572785	-70.53451538085938	-15.934038991657587	-251.44650268554688	16.04066435487462	-45.76129150390625	2.5382911759608264	0.0	0.0	0.0	0.0
2.5046303272247314	1781094948.0	1781094948.88349	1	10.0	10.0	8.0	8.0	NeuronSpectrum 10.06.2026 14:49:30	EEG	checkup_149_10.06.2026 14:49:30	500.0	499.6666666666667	True	0.5	40.0	4	True	50.0	30.0	264.6976623535156	-39.63745491365449	-503.23602294921875	50.55874072158511	-327.9638671875	27.313528954611318	-396.5860290527344	40.266350480428194	-462.2174377441406	51.66737711646261	-67.7923355102539	-15.956138161718934	-243.30335998535156	14.598559402528876	-44.821083068847656	1.8738715316089687	0.0	0.0	0.0	0.0
2.504631996154785	1781094948.0	1781094948.8834918	1	10.0	10.0	8.0	8.0	NeuronSpectrum 10.06.2026 14:49:30	EEG	checkup_149_10.06.2026 14:49:30	500.0	499.6666666666667	True	0.5	40.0	4	True	50.0	30.0	263.78997802734375	-41.08169212010297	-499.41119384765625	55.218145303519265	-325.6559143066406	29.95824121316639	-395.04931640625	42.47616077523918	-458.8715515136719	55.861019365103814	-66.93576049804688	-15.10427395623689	-242.25965881347656	15.930292458996274	-45.34844207763672	1.6007560137779588	0.0	0.0	0.0	0.0
2.504633903503418	1781094948.0	1781094948.8834937	1	10.0	10.0	8.0	8.0	NeuronSpectrum 10.06.2026 14:49:30	EEG	checkup_149_10.06.2026 14:49:30	500.0	499.6666666666667	True	0.5	40.0	4	True	50.0	30.0	277.021240234375	-45.2460631326094	-522.4736938476562	64.91651652929025	-340.6016845703125	35.97064391501551	-414.3814392089844	48.81765453315691	-479.97930908203125	64.6566499199512	-69.50032043457031	-13.516606686871238	-254.09335327148438	19.80633919786286	-48.29267120361328	1.7611846920223961	0.0	0.0	0.0	0.0
2.5046355724334717	1781094948.0	1781094948.8834953	1	10.0	10.0	8.0	8.0	NeuronSpectrum 10.06.2026 14:49:30	EEG	checkup_149_10.06.2026 14:49:30	500.0	499.6666666666667	True	0.5	40.0	4	True	50.0	30.0	299.9131164550781	-51.59974445027861	-564.168701171875	78.47318856665224	-367.51470947265625	44.56453210639035	-448.0838623046875	58.37047746263092	-517.989013671875	76.98245645229085	-74.40382385253906	-11.395833503302883	-274.8131103515625	25.659915393139904	-52.77034378051758	2.3437960353418883	0.0	0.0	0.0	0.0
2.5046372413635254	1781094948.0	1781094948.883497	1	10.0	10.0	8.0	8.0	NeuronSpectrum 10.06.2026 14:49:30	EEG	checkup_149_10.06.2026 14:49:30	500.0	499.6666666666667	True	0.5	40.0	4	True	50.0	30.0	314.6105041503906	-59.192653432516956	-590.92041015625	93.9868164214264	-384.75469970703125	54.50721113003419	-469.74444580078125	69.6512659113466	-542.3123779296875	91.10910155508667	-77.36827850341797	-8.99909620131878	-288.2506408691406	32.59765219088062	-55.65226364135742	3.268141905966016	0.0	0.0	0.0	0.0
2.504638910293579	1781094948.0	1781094948.8834987	1	10.0	10.0	8.0	8.0	NeuronSpectrum 10.06.2026 14:49:30	EEG	checkup_149_10.06.2026 14:49:30	500.0	499.6666666666667	True	0.5	40.0	4	True	50.0	30.0	297.0992431640625	-66.7430117969378	-557.4174194335938	109.01037758461338	-363.0893859863281	64.23715899577255	-443.7048034667969	80.7599098613178	-511.7018127441406	104.80799636431637	-72.67715454101562	-6.6175268111140735	-272.586181640625	39.480781580739595	-52.82221221923828	4.384406967236432	0.0	0.0	0.0	0.0
2.504640817642212	1781094948.0	1781094948.8835006	1	10.0	10.0	8.0	8.0	NeuronSpectrum 10.06.2026 14:49:30	EEG	checkup_149_10.06.2026 14:49:30	500.0	499.6666666666667	True	0.5	40.0	4	True	50.0	30.0	231.56597900390625	-72.8626136105857	-433.6963195800781	120.97076146985823	-283.16900634765625	72.13272667648044	-346.37493896484375	89.7139645439551	-398.9072265625	115.73326528977194	-56.59449005126953	-4.53335224979958	-213.3573760986328	45.117698812355854	-41.62797164916992	5.498783046799502	0.0	0.0	0.0	0.0
2.5046424865722656	1781094948.0	1781094948.8835022	1	10.0	10.0	8.0	8.0	NeuronSpectrum 10.06.2026 14:49:30	EEG	checkup_149_10.06.2026 14:49:30	500.0	499.6666666666667	True	0.5	40.0	4	True	50.0	30.0	122.69498443603516	-76.38718447540012	-228.37820434570312	127.77426910556997	-150.5299072265625	76.89443034475353	-184.5493927001953	94.92291679427076	-211.8212890625	121.97388364733823	-30.261762619018555	-2.9584297511399353	-114.6403579711914	48.54244224824883	-22.95281982421875	6.421346432728798	0.0	0.0	0.0	0.0
2.5046441555023193	1781094948.0	1781094948.883504	1	10.0	10.0	8.0	8.0	NeuronSpectrum 10.06.2026 14:49:30	EEG	checkup_149_10.06.2026 14:49:30	500.0	499.6666666666667	True	0.5	40.0	4	True	50.0	30.0	275.21575927734375	-76.6924980150202	-515.960693359375	128.37793931445282	-335.3397216796875	77.90085804911169	-411.5655822753906	95.62838982422385	-473.65716552734375	122.57524042730935	-65.05501556396484	-1.9775775983981967	-252.02845764160156	49.276900099698466	-48.26356887817383	7.017605651842971	0.0	0.0	0.0	0.0
2.504645586013794	1781094948.0	1781094948.8835053	1	10.0	10.0	8.0	8.0	NeuronSpectrum 10.06.2026 14:49:30	EEG	checkup_149_10.06.2026 14:49:30	500.0	499.6666666666667	True	0.5	40.0	4	True	50.0	30.0	274.5939025878906	-73.85485227093156	-514.977783203125	123.0657442214904	-333.8793640136719	75.37290235120128	-410.6070251464844	92.10620474602867	-472.7283020019531	117.79208870833565	-63.648521423339844	-1.5255878288154892	-250.81448364257812	47.45475000284974	-47.37907028198242	7.240019794763717	0.0	0.0	0.0	0.0
2.504647731781006	1781094948.0	1781094948.8835075	1	10.0	10.0	8.0	8.0	NeuronSpectrum 10.06.2026 14:49:30	EEG	checkup_149_10.06.2026 14:49:30	500.0	499.6666666666667	True	0.5	40.0	4	True	50.0	30.0	276.0753479003906	-68.58973990900562	-517.7396850585938	113.30997891799151	-334.414306640625	70.27240226384195	-411.99200439453125	85.53952303377552	-475.190185546875	108.96358675151589	-62.386009216308594	-1.4104862811480388	-251.0357666015625	43.75194162555069	-46.72846603393555	7.1274221213256475	0.0	0.0	0.0	0.0
2.5046496391296387	1781094948.0	1781094948.8835094	1	10.0	10.0	8.0	8.0	NeuronSpectrum 10.06.2026 14:49:30	EEG	checkup_149_10.06.2026 14:49:30	500.0	499.6666666666667	True	0.5	40.0	4	True	50.0	30.0	279.3096618652344	-62.01885836987541	-523.4185180664062	101.31599687363173	-336.4176940917969	64.00118444746312	-414.9588928222656	77.64512337450218	-480.2728271484375	98.09963054488176	-61.18212890625	-1.3702416019287382	-252.32925415039062	39.17156638207513	-46.36741256713867	6.779026088426394	0.0	0.0	0.0	0.0
2.5046513080596924	1781094948.0	1781094948.883511	1	10.0	10.0	8.0	8.0	NeuronSpectrum 10.06.2026 14:49:30	EEG	checkup_149_10.06.2026 14:49:30	500.0	499.6666666666667	True	0.5	40.0	4	True	50.0	30.0	281.5798034667969	-55.38318662830057	-526.8643798828125	89.47392135667737	-336.72979736328125	58.046225658774155	-415.5534362792969	70.23355839082339	-483.3048095703125	87.3820319568596	-59.57256317138672	-1.1362663250708525	-252.38626098632812	34.78955534489891	-45.96743392944336	6.3204809737444005	0.0	0.0	0.0	0.0
2.504653215408325	1781094948.0	1781094948.883513	1	10.0	10.0	8.0	8.0	NeuronSpectrum 10.06.2026 14:49:30	EEG	checkup_149_10.06.2026 14:49:30	500.0	499.6666666666667	True	0.5	40.0	4	True	50.0	30.0	279.271484375	-49.806903074648375	-521.37158203125	79.91454021080091	-331.2814025878906	53.69819820232412	-408.7782897949219	64.86153589736705	-478.22064208984375	78.76004737093866	-56.98524856567383	-0.4815706947166455	-248.23556518554688	31.553619139424402	-45.0353889465332	5.877055732234378	0.0	0.0	0.0	0.0
2.504655122756958	1781094948.0	1781094948.883515	1	10.0	10.0	8.0	8.0	NeuronSpectrum 10.06.2026 14:49:30	EEG	checkup_149_10.06.2026 14:49:30	500.0	499.6666666666667	True	0.5	40.0	4	True	50.0	30.0	271.43121337890625	-46.1584728878311	-505.27642822265625	74.25471497310654	-319.17840576171875	51.897301775609535	-393.6290588378906	62.644296163922355	-463.5224609375	73.7178806586336	-53.3375244140625	0.7543762533157251	-239.25469970703125	30.173442306944793	-43.4737434387207	5.5594791481575685	0.0	0.0	0.0	0.0
2.504657030105591	1781094948.0	1781094948.8835168	1	10.0	10.0	8.0	8.0	NeuronSpectrum 10.06.2026 14:49:30	EEG	checkup_149_10.06.2026 14:49:30	500.0	499.6666666666667	True	0.5	40.0	4	True	50.0	30.0	262.6442565917969	-44.99665011742064	-487.24481201171875	73.50614878872156	-305.95501708984375	53.18769141126543	-377.0788879394531	64.20543866311687	-447.0489196777344	73.19032468148568	-49.48741149902344	2.6588978789524282	-229.54600524902344	31.086779673110097	-42.03496170043945	5.458869493000488	0.0	0.0	0.0	0.0
2.5046584606170654	1781094948.0	1781094948.8835182	1	10.0	10.0	8.0	8.0	NeuronSpectrum 10.06.2026 14:49:30	EEG	checkup_149_10.06.2026 14:49:30	500.0	499.6666666666667	True	0.5	40.0	4	True	50.0	30.0	261.6240234375	-46.555180598682014	-483.5853576660156	78.05707047801057	-301.8658752441406	57.72013878726326	-371.927001953125	69.68905191645105	-443.5315856933594	77.54430297489566	-46.95342254638672	5.24558318551747	-226.64085388183594	34.45612141735342	-42.08771514892578	5.642530163551347	0.0	0.0	0.0	0.0
2.5046608448028564	1781094948.0	1781094948.8835206	1	10.0	10.0	8.0	8.0	NeuronSpectrum 10.06.2026 14:49:30	EEG	checkup_149_10.06.2026 14:49:30	500.0	499.6666666666667	True	0.5	40.0	4	True	50.0	30.0	274.5508728027344	-50.72053804828698	-505.84686279296875	87.63778837947135	-314.1560363769531	65.24337710185158	-387.2141418457031	78.75887892647884	-463.37823486328125	86.545465536633	-46.777069091796875	8.44923508469902	-235.77845764160156	40.15238991896357	-44.54319381713867	6.143548246398204	0.0	0.0	0.0	0.0
2.504662275314331	1781094948.0	1781094948.883522	1	10.0	10.0	8.0	8.0	NeuronSpectrum 10.06.2026 14:49:30	EEG	checkup_149_10.06.2026 14:49:30	500.0	499.6666666666667	True	0.5	40.0	4	True	50.0	30.0	297.01837158203125	-56.99105980445315	-545.888916015625	101.24597063732764	-337.7864074707031	75.06612918234126	-416.7479553222656	90.55988048863397	-499.1888427734375	99.28807472730719	-48.19967269897461	12.11358657652776	-253.09230041503906	47.71410824958887	-48.570072174072266	6.943672255628246	0.0	0.0	0.0	0.0
2.504664182662964	1781094948.0	1781094948.883524	1	10.0	10.0	8.0	8.0	NeuronSpectrum 10.06.2026 14:49:30	EEG	checkup_149_10.06.2026 14:49:30	500.0	499.6666666666667	True	0.5	40.0	4	True	50.0	30.0	311.3827209472656	-64.45590202248027	-571.019287109375	117.10291850510812	-352.4382629394531	86.03297145077222	-435.39996337890625	103.69308440889058	-521.386474609375	114.153129592594	-48.28147506713867	15.980105173313275	-263.4761962890625	56.31664796990521	-51.19742202758789	7.95778701601087	0.0	0.0	0.0	0.0
2.5046658515930176	1781094948.0	1781094948.8835256	1	10.0	10.0	8.0	8.0	NeuronSpectrum 10.06.2026 14:49:30	EEG	checkup_149_10.06.2026 14:49:30	500.0	499.6666666666667	True	0.5	40.0	4	True	50.0	30.0	293.88214111328125	-71.86449523640246	-537.251708984375	132.77454933571153	-330.7804260253906	96.59783804266851	-409.32855224609375	116.30551919415161	-490.22869873046875	128.91641593807103	-43.15004348754883	19.693628514197265	-246.76858520507812	64.81657378958352	-48.503299713134766	9.033806359147055	0.0	0.0	0.0	0.0
2.5046677589416504	1781094948.0	1781094948.8835275	1	10.0	10.0	8.0	8.0	NeuronSpectrum 10.06.2026 14:49:30	EEG	checkup_149_10.06.2026 14:49:30	500.0	499.6666666666667	True	0.5	40.0	4	True	50.0	30.0	228.84661865234375	-77.8373720604364	-415.6618957519531	145.5559899136388	-254.85572814941406	105.05863732691728	-316.241943359375	126.373144564118	-379.6414794921875	141.09666659338103	-30.379457473754883	22.838000463749644	-189.87628173828125	71.92070930819195	-37.939456939697266	9.978371945218695	0.0	0.0	0.0	0.0
2.504669427871704	1781094948.0	1781094948.8835292	1	10.0	10.0	8.0	8.0	NeuronSpectrum 10.06.2026 14:49:30	EEG	checkup_149_10.06.2026 14:49:30	500.0	499.6666666666667	True	0.5	40.0	4	True	50.0	30.0	120.88994598388672	-81.19170251890286	-214.9354248046875	153.07551493367117	-130.07179260253906	109.9279777213061	-162.7095947265625	132.14683576873855	-197.58111572265625	148.50426246344585	-10.959443092346191	25.001089910110068	-97.04230499267578	76.46313681698082	-20.30411720275879	10.605545737883238	0.0	0.0	0.0	0.0
2.555546760559082	1781094948.0	1781094948.9344065	1	10.0	10.0	8.0	8.0	NeuronSpectrum 10.06.2026 14:49:30	EEG	checkup_149_10.06.2026 14:49:30	500.0	499.6666666666667	True	0.5	40.0	4	True	50.0	30.0	272.541015625	-81.26491582436722	-493.979248046875	153.90566876814532	-303.38922119140625	110.31031970507708	-376.5589599609375	132.60340375184177	-449.4196472167969	149.79862271194526	-34.21186447143555	25.851237754575145	-223.30889892578125	77.69447436653194	-44.64733123779297	10.790224171756085	0.0	0.0	0.0	0.0
2.5555522441864014	1781094948.0	1781094948.934412	1	10.0	10.0	8.0	8.0	NeuronSpectrum 10.06.2026 14:49:30	EEG	checkup_149_10.06.2026 14:49:30	500.0	499.6666666666667	True	0.5	40.0	4	True	50.0	30.0	272.4511413574219	-78.09300972208935	-493.269287109375	147.91691936442126	-303.038818359375	106.12223680324364	-375.8918762207031	127.7027498305718	-448.2193603515625	144.81446413994672	-33.5328254699707	25.199350704477915	-221.8446807861328	75.46111421925275	-44.28832244873047	10.502716754356307	0.0	0.0	0.0	0.0
2.5555546283721924	1781094948.0	1781094948.9344144	1	10.0	10.0	8.0	8.0	NeuronSpectrum 10.06.2026 14:49:30	EEG	checkup_149_10.06.2026 14:49:30	500.0	499.6666666666667	True	0.5	40.0	4	True	50.0	30.0	274.5716247558594	-72.37083598204464	-497.7759704589844	136.2363280010458	-306.3009033203125	98.07010941026999	-379.2833251953125	118.34810175533016	-451.859375	134.53160532826124	-34.48752212524414	23.029116375835617	-223.2657928466797	70.20770326619707	-44.24736022949219	9.811516823280193	0.0	0.0	0.0	0.0
2.555556535720825	1781094948.0	1781094948.9344163	1	10.0	10.0	8.0	8.0	NeuronSpectrum 10.06.2026 14:49:30	EEG	checkup_149_10.06.2026 14:49:30	500.0	499.6666666666667	True	0.5	40.0	4	True	50.0	30.0	278.462646484375	-65.23566448315643	-506.932861328125	120.88148711038859	-312.9136047363281	87.42743784241536	-386.45562744140625	106.10357986061412	-459.9129333496094	120.75051170910059	-37.213253021240234	19.494317842994207	-227.50982666015625	62.829451150850126	-44.52833557128906	8.859073746268855	0.0	0.0	0.0	0.0
2.555558443069458	1781094948.0	1781094948.9344182	1	10.0	10.0	8.0	8.0	NeuronSpectrum 10.06.2026 14:49:30	EEG	checkup_149_10.06.2026 14:49:30	500.0	499.6666666666667	True	0.5	40.0	4	True	50.0	30.0	281.32171630859375	-57.984237373959296	-515.4254150390625	104.26585367026144	-319.5187072753906	75.73151378067308	-393.3992919921875	92.81821256097186	-467.6221008300781	105.6494813082228	-41.08628845214844	14.893263073763015	-232.18792724609375	54.458186239105274	-44.76811981201172	7.82612989393326	0.0	0.0	0.0	0.0
2.555560350418091	1781094948.0	1781094948.93442	1	10.0	10.0	8.0	8.0	NeuronSpectrum 10.06.2026 14:49:30	EEG	checkup_149_10.06.2026 14:49:30	500.0	499.6666666666667	True	0.5	40.0	4	True	50.0	30.0	279.47137451171875	-51.82519937257373	-516.0266723632812	88.75656466014946	-321.44573974609375	64.50998209047458	-394.5218200683594	80.29318225416677	-468.4467468261719	91.38602386268133	-45.034175872802734	9.630799700188483	-233.8527069091797	46.260721637109405	-44.446990966796875	6.898841118378417	0.0	0.0	0.0	0.0
2.555562734603882	1781094948.0	1781094948.9344225	1	10.0	10.0	8.0	8.0	NeuronSpectrum 10.06.2026 14:49:30	EEG	checkup_149_10.06.2026 14:49:30	500.0	499.6666666666667	True	0.5	40.0	4	True	50.0	30.0	271.92315673828125	-47.716366396513195	-506.5321350097656	76.37083717484376	-317.15570068359375	55.089601545192394	-388.03485107421875	70.05629738212986	-460.3394775390625	79.81975623069606	-48.42647933959961	4.173145498610539	-231.2236328125	39.287586860090144	-43.4160041809082	6.244938016722789	0.0	0.0	0.0	0.0
2.5555646419525146	1781094948.0	1781094948.9344244	1	10.0	10.0	8.0	8.0	NeuronSpectrum 10.06.2026 14:49:30	EEG	checkup_149_10.06.2026 14:49:30	500.0	499.6666666666667	True	0.5	40.0	4	True	50.0	30.0	263.2504577636719	-46.282701477236415	-495.40704345703125	68.60094437352774	-311.89862060546875	48.48086872621554	-380.39794921875	63.234539753246814	-450.8715515136719	72.34814521840332	-51.86164093017578	-1.0040017287716325	-227.88108825683594	34.36970419320378	-42.324459075927734	5.9975503738459786	0.0	0.0	0.0	0.0
2.5555663108825684	1781094948.0	1781094948.934426	1	10.0	10.0	8.0	8.0	NeuronSpectrum 10.06.2026 14:49:30	EEG	checkup_149_10.06.2026 14:49:30	500.0	499.6666666666667	True	0.5	40.0	4	True	50.0	30.0	262.1732177734375	-47.77893300256485	-499.1203918457031	66.30240392314975	-316.06622314453125	45.298809478158404	-384.3235168457031	60.47374136403004	-454.8430480957031	69.79726844910321	-56.93518829345703	-5.474850261344004	-231.14761352539062	32.0382594316277	-42.405391693115234	6.241494499552272	0.0	0.0	0.0	0.0
2.555567979812622	1781094948.0	1781094948.9344277	1	10.0	10.0	8.0	8.0	NeuronSpectrum 10.06.2026 14:49:30	EEG	checkup_149_10.06.2026 14:49:30	500.0	499.6666666666667	True	0.5	40.0	4	True	50.0	30.0	274.90045166015625	-52.059539729765554	-529.2752075195312	69.58214341932569	-337.000244140625	45.68246702507614	-408.8228759765625	61.85660836106679	-482.6589050292969	72.31226574859373	-64.71259307861328	-8.927728102417838	-246.2272491455078	32.44565537040224	-44.47966003417969	6.997888514408302	0.0	0.0	0.0	0.0
2.5555694103240967	1781094948.0	1781094948.9344292	1	10.0	10.0	8.0	8.0	NeuronSpectrum 10.06.2026 14:49:30	EEG	checkup_149_10.06.2026 14:49:30	500.0	499.6666666666667	True	0.5	40.0	4	True	50.0	30.0	297.0876159667969	-58.54787870318478	-577.0186157226562	77.68184894522152	-369.0186767578125	49.21271015600363	-447.0718994140625	66.81552483259209	-526.2388305664062	79.24506528079776	-73.82213592529297	-11.223745984634624	-269.0166931152344	35.292117668258385	-47.76696014404297	8.208408893393836	0.0	0.0	0.0	0.0
2.5555713176727295	1781094948.0	1781094948.934431	1	10.0	10.0	8.0	8.0	NeuronSpectrum 10.06.2026 14:49:30	EEG	checkup_149_10.06.2026 14:49:30	500.0	499.6666666666667	True	0.5	40.0	4	True	50.0	30.0	311.1882019042969	-66.23985062301648	-607.9263305664062	88.9360427282609	-390.1041564941406	54.88084408126359	-472.3582458496094	74.10152790216179	-554.3990478515625	89.1127470863729	-79.82505798339844	-12.43110340316437	-283.6821594238281	39.799394602891994	-49.527496337890625	9.727532102280314	0.0	0.0	0.0	0.0
2.555572986602783	1781094948.0	1781094948.9344327	1	10.0	10.0	8.0	8.0	NeuronSpectrum 10.06.2026 14:49:30	EEG	checkup_149_10.06.2026 14:49:30	500.0	499.6666666666667	True	0.5	40.0	4	True	50.0	30.0	293.5527038574219	-73.80425864325757	-575.8428344726562	100.93398960716854	-370.7095031738281	61.19083266425572	-448.7558288574219	81.90886058481924	-525.381591796875	99.74380208143016	-76.94409942626953	-12.813976497272515	-268.9657897949219	44.79267432453956	-46.17828369140625	11.334695852719175	0.0	0.0	0.0	0.0
2.555574893951416	1781094948.0	1781094948.9344347	1	10.0	10.0	8.0	8.0	NeuronSpectrum 10.06.2026 14:49:30	EEG	checkup_149_10.06.2026 14:49:30	500.0	499.6666666666667	True	0.5	40.0	4	True	50.0	30.0	228.59449768066406	-79.81976698806157	-450.46771240234375	110.96743876209348	-291.38616943359375	66.44665312538929	-352.5429382324219	88.21787809548883	-411.81463623046875	108.68587998635299	-61.509578704833984	-12.765596435841598	-210.8778839111328	48.926610360746146	-35.4553337097168	12.773618920176098	0.0	0.0	0.0	0.0
2.5555763244628906	1781094948.0	1781094948.934436	1	10.0	10.0	8.0	8.0	NeuronSpectrum 10.06.2026 14:49:30	EEG	checkup_149_10.06.2026 14:49:30	500.0	499.6666666666667	True	0.5	40.0	4	True	50.0	30.0	120.9361343383789	-83.11246078688107	-240.99424743652344	116.69429127356099	-157.9353485107422	69.17849350860163	-190.6405792236328	91.3015843834014	-222.09095764160156	113.81035394371811	-34.90132141113281	-12.69862679012342	-113.63809204101562	51.01825040012835	-18.228897094726562	13.812687191049985	0.0	0.0	0.0	0.0
2.6068835258483887	1781094948.0	1781094948.9857433	1	10.0	10.0	8.0	8.0	NeuronSpectrum 10.06.2026 14:49:30	EEG	checkup_149_10.06.2026 14:49:30	500.0	499.6666666666667	True	0.5	40.0	4	True	50.0	30.0	271.9995422363281	-83.07318318689977	-535.2564697265625	116.77950794542146	-347.12109375	68.55356427669841	-421.5688781738281	90.21099035632498	-488.7633972167969	113.89606893337017	-72.6604232788086	-12.930185498921153	-250.92440795898438	50.37004847337959	-40.73031234741211	14.305722719593533	0.0	0.0	0.0	0.0
2.6068902015686035	1781094948.0	1781094948.98575	1	10.0	10.0	8.0	8.0	NeuronSpectrum 10.06.2026 14:49:30	EEG	checkup_149_10.06.2026 14:49:30	500.0	499.6666666666667	True	0.5	40.0	4	True	50.0	30.0	271.8476867675781	-79.81370861736059	-534.138427734375	111.23297117737884	-347.0282897949219	64.59133166886075	-421.8054504394531	85.02352505922342	-487.8586120605469	108.93744884277433	-72.43223571777344	-13.60502645088212	-251.2967071533203	46.94703408653237	-40.24715805053711	14.228375266823422	0.0	0.0	0.0	0.0
2.6068928241729736	1781094948.0	1781094948.9857526	1	10.0	10.0	8.0	8.0	NeuronSpectrum 10.06.2026 14:49:30	EEG	checkup_149_10.06.2026 14:49:30	500.0	499.6666666666667	True	0.5	40.0	4	True	50.0	30.0	273.889892578125	-74.09717165322303	-536.943115234375	101.31172658934298	-349.1535339355469	58.0985177376349	-424.6513366699219	76.75472761764861	-490.4050598144531	100.0567457150597	-72.68537902832031	-14.680644138764887	-253.79820251464844	41.342311068457995	-40.328853607177734	13.676975898206843	0.0	0.0	0.0	0.0
2.6068952083587646	1781094948.0	1781094948.985755	1	10.0	10.0	8.0	8.0	NeuronSpectrum 10.06.2026 14:49:30	EEG	checkup_149_10.06.2026 14:49:30	500.0	499.6666666666667	True	0.5	40.0	4	True	50.0	30.0	277.66741943359375	-67.0948615534651	-542.9407348632812	89.0815596811265	-352.94488525390625	50.385768334716495	-429.4627990722656	67.01061036386672	-495.72723388671875	89.10704650921619	-73.32537841796875	-15.966848189322342	-257.9504699707031	34.57308074841316	-40.86512756347656	12.83539214044978	0.0	0.0	0.0	0.0
2.6068971157073975	1781094948.0	1781094948.9857569	1	10.0	10.0	8.0	8.0	NeuronSpectrum 10.06.2026 14:49:30	EEG	checkup_149_10.06.2026 14:49:30	500.0	499.6666666666667	True	0.5	40.0	4	True	50.0	30.0	280.3788146972656	-60.089227890527724	-546.8729858398438	76.86598981013051	-355.0467529296875	42.91352694804554	-432.1856994628906	57.560504010520816	-499.0914611816406	78.17354983491563	-73.6807632446289	-17.19255718284834	-261.11181640625	27.813786478831396	-41.35691452026367	11.927312235381155	0.0	0.0	0.0	0.0
2.6068992614746094	1781094948.0	1781094948.985759	1	10.0	10.0	8.0	8.0	NeuronSpectrum 10.06.2026 14:49:30	EEG	checkup_149_10.06.2026 14:49:30	500.0	499.6666666666667	True	0.5	40.0	4	True	50.0	30.0	278.3619079589844	-54.230027814661454	-541.8067016601562	66.78749463905238	-351.1260986328125	36.99947852064741	-427.57623291015625	49.989884587557086	-494.2803039550781	69.15931692685277	-72.86752319335938	-18.072681818180765	-259.8608093261719	22.164333494969807	-41.162960052490234	11.171186074977582	0.0	0.0	0.0	0.0
2.6069014072418213	1781094948.0	1781094948.9857612	1	10.0	10.0	8.0	8.0	NeuronSpectrum 10.06.2026 14:49:30	EEG	checkup_149_10.06.2026 14:49:30	500.0	499.6666666666667	True	0.5	40.0	4	True	50.0	30.0	270.6395568847656	-50.39169790054052	-525.935302734375	60.4935247635749	-340.157470703125	33.647234761614556	-414.4414367675781	45.50287686438245	-479.7268981933594	63.53941345027221	-70.59860229492188	-18.359860841854236	-253.22122192382812	18.500523351711887	-40.0362548828125	10.747578445895508	0.0	0.0	0.0	0.0
2.6069037914276123	1781094948.0	1781094948.9857635	1	10.0	10.0	8.0	8.0	NeuronSpectrum 10.06.2026 14:49:30	EEG	checkup_149_10.06.2026 14:49:30	500.0	499.6666666666667	True	0.5	40.0	4	True	50.0	30.0	261.7796325683594	-49.12047785806694	-508.0445556640625	59.04637866569804	-327.8330993652344	33.48227292692063	-399.8079528808594	44.85400663782568	-463.4381103515625	62.26390748497213	-67.824462890625	-17.87867082251437	-245.23876953125	17.401467249862726	-38.54945373535156	10.780415182293869	0.0	0.0	0.0	0.0
2.606905937194824	1781094948.0	1781094948.9857657	1	10.0	10.0	8.0	8.0	NeuronSpectrum 10.06.2026 14:49:30	EEG	checkup_149_10.06.2026 14:49:30	500.0	499.6666666666667	True	0.5	40.0	4	True	50.0	30.0	260.4886169433594	-50.624582942699	-504.7867431640625	62.88948260334422	-324.78753662109375	36.737750217492696	-396.7272033691406	48.33646175868998	-460.5102233886719	65.72955489439774	-66.42257690429688	-16.547957893924462	-243.6959686279297	19.11732323862373	-37.90317916870117	11.32806300994422	0.0	0.0	0.0	0.0
2.606907606124878	1781094948.0	1781094948.9857674	1	10.0	10.0	8.0	8.0	NeuronSpectrum 10.06.2026 14:49:30	EEG	checkup_149_10.06.2026 14:49:30	500.0	499.6666666666667	True	0.5	40.0	4	True	50.0	30.0	272.9855041503906	-54.76011688623792	-527.9654541015625	71.80247083368333	-338.53143310546875	43.23232338533081	-414.3631286621094	55.754880805076546	-481.614990234375	73.73993410818915	-67.74323272705078	-14.397897066080954	-254.1370849609375	23.539550190905096	-38.991214752197266	12.378919959611297	0.0	0.0	0.0	0.0
2.6069095134735107	1781094948.0	1781094948.9857693	1	10.0	10.0	8.0	8.0	NeuronSpectrum 10.06.2026 14:49:30	EEG	checkup_149_10.06.2026 14:49:30	500.0	499.6666666666667	True	0.5	40.0	4	True	50.0	30.0	294.9881286621094	-60.99875239297345	-569.2074584960938	84.82193687006506	-363.7735595703125	52.32340035891102	-446.1184387207031	66.36283507243066	-519.1323852539062	85.43265792420897	-70.86808776855469	-11.58241698429145	-272.6835632324219	30.164473455653955	-41.27009201049805	13.849393199981813	0.0	0.0	0.0	0.0
2.6069114208221436	1781094948.0	1781094948.9857712	1	10.0	10.0	8.0	8.0	NeuronSpectrum 10.06.2026 14:49:30	EEG	checkup_149_10.06.2026 14:49:30	500.0	499.6666666666667	True	0.5	40.0	4	True	50.0	30.0	309.05828857421875	-68.41320442655218	-594.9609985351562	100.20036586809483	-379.30084228515625	62.88088837602664	-465.8332824707031	78.82202211102552	-542.6372680664062	99.23957470379182	-72.06010437011719	-8.37840029562618	-283.7113342285156	38.08393884154692	-42.382225036621094	15.587791857905577	0.0	0.0	0.0	0.0
2.6069130897521973	1781094948.0	1781094948.9857728	1	10.0	10.0	8.0	8.0	NeuronSpectrum 10.06.2026 14:49:30	EEG	checkup_149_10.06.2026 14:49:30	500.0	499.6666666666667	True	0.5	40.0	4	True	50.0	30.0	291.64654541015625	-75.74942996362033	-560.099853515625	115.53776065996595	-356.6172180175781	73.36705984726723	-438.4366455078125	91.29061990910385	-511.22967529296875	113.00261097679181	-66.33258819580078	-5.157728976854756	-266.25238037109375	46.06411325914573	-39.134605407714844	17.391437025886333	0.0	0.0	0.0	0.0
2.606914758682251	1781094948.0	1781094948.9857745	1	10.0	10.0	8.0	8.0	NeuronSpectrum 10.06.2026 14:49:30	EEG	checkup_149_10.06.2026 14:49:30	500.0	499.6666666666667	True	0.5	40.0	4	True	50.0	30.0	227.18505859375	-81.63592582401151	-434.98175048828125	128.18317763112333	-277.0522155761719	82.08568324825293	-340.9906921386719	101.72064275960261	-398.0419921875	124.33440746936925	-50.5228385925293	-2.3239619875395183	-206.6680145263672	52.754589574604985	-29.45315933227539	19.0416411194994	0.0	0.0	0.0	0.0
2.6069164276123047	1781094948.0	1781094948.9857762	1	10.0	10.0	8.0	8.0	NeuronSpectrum 10.06.2026 14:49:30	EEG	checkup_149_10.06.2026 14:49:30	500.0	499.6666666666667	True	0.5	40.0	4	True	50.0	30.0	120.1953353881836	-84.90445701394542	-228.59519958496094	135.85582581710676	-146.355224609375	87.57081677057205	-180.61781311035156	108.32967970943469	-211.20272827148438	131.17912925332408	-25.87477684020996	-0.22314158736733897	-109.42769622802734	57.00001103207951	-14.04738712310791	20.351319396844396	0.0	0.0	0.0	0.0
2.6585052013397217	1781094948.0	1781094949.037365	1	10.0	10.0	8.0	8.0	NeuronSpectrum 10.06.2026 14:49:30	EEG	checkup_149_10.06.2026 14:49:30	500.0	499.6666666666667	True	0.5	40.0	4	True	50.0	30.0	270.56170654296875	-84.9077082608073	-515.5337524414062	137.26380725533846	-326.6921691894531	88.97699361161413	-402.0159606933594	110.07805773902155	-471.1842041015625	132.3729561069068	-57.22786331176758	0.942107071074244	-243.28395080566406	58.14605807831971	-34.19383239746094	21.208853987542472	0.0	0.0	0.0	0.0
2.658515453338623	1781094948.0	1781094949.0373752	1	10.0	10.0	8.0	8.0	NeuronSpectrum 10.06.2026 14:49:30	EEG	checkup_149_10.06.2026 14:49:30	500.0	499.6666666666667	True	0.5	40.0	4	True	50.0	30.0	270.5221862792969	-81.69266398317163	-514.0137329101562	132.44701242399142	-325.1519470214844	86.29896202968399	-399.68975830078125	106.94029175024117	-469.7144470214844	127.956382614019	-56.243534088134766	1.1607950977441097	-242.27113342285156	56.20832794195423	-33.4608268737793	21.599425931045392	0.0	0.0	0.0	0.0
2.6585187911987305	1781094948.0	1781094949.0373785	1	10.0	10.0	8.0	8.0	NeuronSpectrum 10.06.2026 14:49:30	EEG	checkup_149_10.06.2026 14:49:30	500.0	499.6666666666667	True	0.5	40.0	4	True	50.0	30.0	272.6222839355469	-75.9581973822853	-516.6500854492188	122.70461524173797	-326.3300476074219	80.33230512372803	-400.7427978515625	99.86099567866286	-471.9595947265625	119.11109737118221	-56.02411651611328	0.6062289049136977	-243.44091796875	51.83688423123801	-33.00846862792969	21.595643892907642	0.0	0.0	0.0	0.0
2.6585216522216797	1781094948.0	1781094949.0373814	1	10.0	10.0	8.0	8.0	NeuronSpectrum 10.06.2026 14:49:30	EEG	checkup_149_10.06.2026 14:49:30	500.0	499.6666666666667	True	0.5	40.0	4	True	50.0	30.0	276.3934326171875	-68.83801104762908	-522.6223754882812	110.1843486863066	-329.8111572265625	72.42178354392767	-404.7499084472656	90.4513611090876	-477.2442932128906	107.79007632361811	-56.37646484375	-0.4184437340853426	-246.28421020507812	46.11268617296571	-32.7846565246582	21.325203778190165	0.0	0.0	0.0	0.0
2.6585240364074707	1781094948.0	1781094949.0373838	1	10.0	10.0	8.0	8.0	NeuronSpectrum 10.06.2026 14:49:30	EEG	checkup_149_10.06.2026 14:49:30	500.0	499.6666666666667	True	0.5	40.0	4	True	50.0	30.0	279.0455322265625	-61.61825020668071	-526.691650390625	97.34230121496566	-332.3768615722656	64.12656291420143	-407.7687072753906	80.58338219467241	-480.87811279296875	96.22866590520876	-56.61724853515625	-1.5565829043114578	-248.22645568847656	40.27574969365561	-32.449623107910156	20.932328523669042	0.0	0.0	0.0	0.0
2.6585259437561035	1781094948.0	1781094949.0373857	1	10.0	10.0	8.0	8.0	NeuronSpectrum 10.06.2026 14:49:30	EEG	checkup_149_10.06.2026 14:49:30	500.0	499.6666666666667	True	0.5	40.0	4	True	50.0	30.0	276.9491882324219	-55.49095990989212	-521.9887084960938	86.46721544914408	-329.72454833984375	56.92230970958196	-404.4640197753906	72.02821628042278	-476.64984130859375	86.51158017607635	-55.89563751220703	-2.4711539670840725	-245.9476776123047	35.479769892000924	-31.57347297668457	20.547637521986022	0.0	0.0	0.0	0.0
2.6585283279418945	1781094948.0	1781094949.037388	1	10.0	10.0	8.0	8.0	NeuronSpectrum 10.06.2026 14:49:30	EEG	checkup_149_10.06.2026 14:49:30	500.0	499.6666666666667	True	0.5	40.0	4	True	50.0	30.0	269.1708068847656	-51.39277074715736	-506.70660400390625	79.3648741128323	-320.66558837890625	51.99901766357717	-393.3030090332031	66.21078776199317	-462.86590576171875	80.28258329054209	-53.91844177246094	-2.8995783993037807	-238.48878479003906	32.62299323017868	-30.09515380859375	20.27273576402242	0.0	0.0	0.0	0.0
2.6585309505462646	1781094948.0	1781094949.0373907	1	10.0	10.0	8.0	8.0	NeuronSpectrum 10.06.2026 14:49:30	EEG	checkup_149_10.06.2026 14:49:30	500.0	499.6666666666667	True	0.5	40.0	4	True	50.0	30.0	260.3133850097656	-49.92511952558273	-489.50238037109375	77.19723206271874	-310.54010009765625	50.15126297646412	-380.7955017089844	64.07709197470788	-447.2487487792969	78.59331751792054	-51.53779602050781	-2.6866481989988213	-229.76416015625	32.25795155143207	-28.678848266601562	20.1774086206667	0.0	0.0	0.0	0.0
2.6585326194763184	1781094948.0	1781094949.0373924	1	10.0	10.0	8.0	8.0	NeuronSpectrum 10.06.2026 14:49:30	EEG	checkup_149_10.06.2026 14:49:30	500.0	499.6666666666667	True	0.5	40.0	4	True	50.0	30.0	259.09478759765625	-51.32042752278724	-486.8371276855469	80.41037912428348	-309.5766906738281	51.720973001438246	-379.51177978515625	66.02594216357035	-444.5792541503906	81.83363642842507	-50.49454879760742	-1.7995308205660905	-227.37551879882812	34.55309486193294	-28.503080368041992	20.302254277113615	0.0	0.0	0.0	0.0
2.6585350036621094	1781094948.0	1781094949.0373948	1	10.0	10.0	8.0	8.0	NeuronSpectrum 10.06.2026 14:49:30	EEG	checkup_149_10.06.2026 14:49:30	500.0	499.6666666666667	True	0.5	40.0	4	True	50.0	30.0	271.7214660644531	-55.41695888846023	-510.4449768066406	88.68212467914266	-325.0394287109375	56.55190176787718	-398.439697265625	71.85550710296998	-465.4322204589844	89.68282514632837	-52.118186950683594	-0.3310261722807114	-236.8810577392578	39.27537841736513	-30.370101928710938	20.659278474583918	0.0	0.0	0.0	0.0
2.658536911010742	1781094948.0	1781094949.0373967	1	10.0	10.0	8.0	8.0	NeuronSpectrum 10.06.2026 14:49:30	EEG	checkup_149_10.06.2026 14:49:30	500.0	499.6666666666667	True	0.5	40.0	4	True	50.0	30.0	293.8915710449219	-61.633273303911665	-552.1759643554688	100.87324181639539	-351.70660400390625	63.94898458477654	-431.2601623535156	80.71604657890023	-502.51995849609375	101.06842075057988	-55.72233581542969	1.5064636961830042	-254.81236267089844	45.78462925728309	-33.651451110839844	21.227388043707847	0.0	0.0	0.0	0.0
2.658539056777954	1781094948.0	1781094949.0373988	1	10.0	10.0	8.0	8.0	NeuronSpectrum 10.06.2026 14:49:30	EEG	checkup_149_10.06.2026 14:49:30	500.0	499.6666666666667	True	0.5	40.0	4	True	50.0	30.0	308.1617431640625	-68.975971090894	-578.9735717773438	115.0470390098261	-368.712646484375	72.68606544016055	-452.4180908203125	91.12138608720517	-526.144775390625	114.1908467476732	-58.0205078125	3.400658438560523	-266.2771911621094	53.06534032678081	-35.959068298339844	21.94665089047863	0.0	0.0	0.0	0.0
2.658541440963745	1781094948.0	1781094949.0374012	1	10.0	10.0	8.0	8.0	NeuronSpectrum 10.06.2026 14:49:30	EEG	checkup_149_10.06.2026 14:49:30	500.0	499.6666666666667	True	0.5	40.0	4	True	50.0	30.0	291.0008544921875	-76.14089684751696	-546.2054443359375	128.6712569977227	-347.9383544921875	81.13528887687991	-427.38177490234375	101.10797539274513	-496.1790466308594	126.71522682557311	-54.43783950805664	4.981416228239531	-250.94390869140625	59.84310674726817	-34.10283660888672	22.720231850949595	0.0	0.0	0.0	0.0
2.658543348312378	1781094948.0	1781094949.037403	1	10.0	10.0	8.0	8.0	NeuronSpectrum 10.06.2026 14:49:30	EEG	checkup_149_10.06.2026 14:49:30	500.0	499.6666666666667	True	0.5	40.0	4	True	50.0	30.0	226.86813354492188	-81.74635988535903	-424.3379211425781	139.07412297998115	-270.807373046875	87.56312673514067	-333.2547302246094	108.59585661166261	-386.0738525390625	136.19274841616732	-41.83816909790039	5.8889666093148705	-195.18128967285156	64.81387943527662	-25.96993637084961	23.431475047886323	0.0	0.0	0.0	0.0
2.6585464477539062	1781094948.0	1781094949.0374062	1	10.0	10.0	8.0	8.0	NeuronSpectrum 10.06.2026 14:49:30	EEG	checkup_149_10.06.2026 14:49:30	500.0	499.6666666666667	True	0.5	40.0	4	True	50.0	30.0	120.2900390625	-84.66257642398384	-221.8636932373047	144.08406579168235	-142.73143005371094	90.54658208737703	-176.539306640625	111.89429884962357	-203.50648498535156	140.64536701550009	-20.925071716308594	5.8576996178769845	-102.59015655517578	66.95034303760428	-12.127317428588867	23.97467746320078	0.0	0.0	0.0	0.0
2.658548593521118	1781094948.0	1781094949.0374084	1	10.0	10.0	8.0	8.0	NeuronSpectrum 10.06.2026 14:49:30	EEG	checkup_149_10.06.2026 14:49:30	500.0	499.6666666666667	True	0.5	40.0	4	True	50.0	30.0	270.3074951171875	-84.31855547113011	-507.2974548339844	142.62418428931045	-323.214599609375	89.3620796398268	-398.0970764160156	110.17161504187114	-461.618896484375	139.10541981675962	-51.18323516845703	4.788905948850726	-233.2360076904297	65.77893543313041	-31.19110679626465	24.28718837759079	0.0	0.0	0.0	0.0
2.658550262451172	1781094948.0	1781094949.03741	1	10.0	10.0	8.0	8.0	NeuronSpectrum 10.06.2026 14:49:30	EEG	checkup_149_10.06.2026 14:49:30	500.0	499.6666666666667	True	0.5	40.0	4	True	50.0	30.0	270.1263732910156	-80.8486894485348	-508.34246826171875	134.99645453155895	-324.063232421875	84.17653168416763	-399.46826171875	103.68101378078437	-462.8714599609375	131.87044537033256	-52.52095413208008	2.7828753478767925	-234.570068359375	61.5061097249537	-30.410112380981445	24.367003582644003	0.0	0.0	0.0	0.0
2.658552646636963	1781094948.0	1781094949.0374124	1	10.0	10.0	8.0	8.0	NeuronSpectrum 10.06.2026 14:49:30	EEG	checkup_149_10.06.2026 14:49:30	500.0	499.6666666666667	True	0.5	40.0	4	True	50.0	30.0	271.98614501953125	-75.01749414533958	-513.662841796875	122.73634681519673	-327.90179443359375	75.96262476594	-404.35760498046875	93.64824642546297	-468.12530517578125	120.3663438657274	-54.64149856567383	0.11702620868149749	-238.11473083496094	54.94041279632372	-29.64659881591797	24.26826316964618	0.0	0.0	0.0	0.0
2.6585545539855957	1781094948.0	1781094949.0374143	1	10.0	10.0	8.0	8.0	NeuronSpectrum 10.06.2026 14:49:30	EEG	checkup_149_10.06.2026 14:49:30	500.0	499.6666666666667	True	0.5	40.0	4	True	50.0	30.0	275.4913024902344	-67.97631973179134	-522.2046508789062	108.13974627178611	-334.0238037109375	66.20119357680018	-411.80645751953125	81.89972981869397	-476.3787536621094	106.71257586062838	-57.21745681762695	-2.8187099565351206	-243.2148895263672	47.25925085729204	-29.02520179748535	24.08017411606753	0.0	0.0	0.0	0.0
2.6585569381713867	1781094948.0	1781094949.0374167	1	10.0	10.0	8.0	8.0	NeuronSpectrum 10.06.2026 14:49:30	EEG	checkup_149_10.06.2026 14:49:30	500.0	499.6666666666667	True	0.5	40.0	4	True	50.0	30.0	277.9473876953125	-60.971877313586624	-528.4810180664062	93.69204302990319	-338.8328552246094	56.5157353676757	-417.3624267578125	70.41059129351085	-482.59014892578125	93.19884298888198	-59.409542083740234	-5.602956605839955	-247.15478515625	39.728575356673815	-28.407724380493164	23.901936655759506	0.0	0.0	0.0	0.0
2.6585593223571777	1781094948.0	1781094949.037419	1	10.0	10.0	8.0	8.0	NeuronSpectrum 10.06.2026 14:49:30	EEG	checkup_149_10.06.2026 14:49:30	500.0	499.6666666666667	True	0.5	40.0	4	True	50.0	30.0	275.8026123046875	-55.11199562951138	-525.4351196289062	81.60388381980447	-337.6922302246094	48.369418568313705	-415.3641052246094	60.93365605563792	-480.2910461425781	81.85947475733325	-60.227508544921875	-7.855294119218111	-246.51817321777344	33.47240552008752	-27.50352668762207	23.82375456087447	0.0	0.0	0.0	0.0
2.6585609912872314	1781094948.0	1781094949.0374207	1	10.0	10.0	8.0	8.0	NeuronSpectrum 10.06.2026 14:49:30	EEG	checkup_149_10.06.2026 14:49:30	500.0	499.6666666666667	True	0.5	40.0	4	True	50.0	30.0	268.1289367675781	-51.23413814368608	-511.19189453125	73.54494153117163	-329.2472839355469	42.88450228717158	-404.2412109375	54.78319529366303	-467.7265319824219	74.22897427071122	-59.29740524291992	-9.286002124261328	-240.3386993408203	29.336877449429604	-26.23468589782715	23.91677739228796	0.0	0.0	0.0	0.0
2.6585628986358643	1781094948.0	1781094949.0374227	1	10.0	10.0	8.0	8.0	NeuronSpectrum 10.06.2026 14:49:30	EEG	checkup_149_10.06.2026 14:49:30	500.0	499.6666666666667	True	0.5	40.0	4	True	50.0	30.0	259.4325866699219	-49.86228844884989	-494.46722412109375	70.55216655330226	-318.8906555175781	40.771993739179784	-390.7494812011719	52.75775931193055	-452.7732238769531	71.25769021991742	-57.46442413330078	-9.721542379475354	-232.61102294921875	27.839787660468044	-25.060394287109375	24.228616423781627	0.0	0.0	0.0	0.0
2.658564567565918	1781094948.0	1781094949.0374243	1	10.0	10.0	8.0	8.0	NeuronSpectrum 10.06.2026 14:49:30	EEG	checkup_149_10.06.2026 14:49:30	500.0	499.6666666666667	True	0.5	40.0	4	True	50.0	30.0	258.26416015625	-51.20300616894372	-491.8513488769531	73.02059877203256	-317.0699157714844	42.31599429080032	-387.8655090332031	55.13219844659168	-450.48370361328125	73.30415252918368	-56.50920867919922	-9.112716700357627	-231.02813720703125	29.16385522053028	-24.854393005371094	24.778601397563015	0.0	0.0	0.0	0.0
2.658566474914551	1781094948.0	1781094949.0374262	1	10.0	10.0	8.0	8.0	NeuronSpectrum 10.06.2026 14:49:30	EEG	checkup_149_10.06.2026 14:49:30	500.0	499.6666666666667	True	0.5	40.0	4	True	50.0	30.0	270.6898193359375	-55.13194243723811	-515.1925048828125	80.68325283081667	-331.314453125	47.355420681604116	-404.9662170410156	61.646202215934935	-471.64581298828125	80.11877926433543	-57.79855728149414	-7.534583257502688	-241.13668823242188	33.14997732940172	-26.209287643432617	25.548733923343462	0.0	0.0	0.0	0.0
2.6585683822631836	1781094948.0	1781094949.0374281	1	10.0	10.0	8.0	8.0	NeuronSpectrum 10.06.2026 14:49:30	EEG	checkup_149_10.06.2026 14:49:30	500.0	499.6666666666667	True	0.5	40.0	4	True	50.0	30.0	292.4057922363281	-61.15681990048684	-556.384033203125	92.55081816275593	-356.60784912109375	55.24523663640544	-435.97479248046875	71.46511539362669	-508.9788513183594	90.7916544440847	-60.65553283691406	-5.182521080246008	-259.2997741699219	39.27553380864726	-28.574947357177734	26.47153452686252	0.0	0.0	0.0	0.0
2.6585702896118164	1781094948.0	1781094949.03743	1	10.0	10.0	8.0	8.0	NeuronSpectrum 10.06.2026 14:49:30	EEG	checkup_149_10.06.2026 14:49:30	500.0	499.6666666666667	True	0.5	40.0	4	True	50.0	30.0	306.1482238769531	-68.39412701813407	-582.3638916015625	106.87882459559259	-372.20904541015625	64.83941219176519	-455.4293212890625	83.16320016724129	-532.5794067382812	103.72496888711093	-61.809326171875	-2.3602156186221146	-270.3896179199219	46.64724888806143	-29.974571228027344	27.42216864312288	0.0	0.0	0.0	0.0
2.65857195854187	1781094948.0	1781094949.0374317	1	10.0	10.0	8.0	8.0	NeuronSpectrum 10.06.2026 14:49:30	EEG	checkup_149_10.06.2026 14:49:30	500.0	499.6666666666667	True	0.5	40.0	4	True	50.0	30.0	288.6708984375	-75.63055692490484	-548.5336303710938	121.29471780365972	-350.1089172363281	74.57793380379077	-428.8540954589844	94.82987442619496	-502.0617980957031	116.74977146114112	-56.78744125366211	0.5507954296132636	-253.9868621826172	54.06834095443979	-27.78650665283203	28.225347599308602	0.0	0.0	0.0	0.0
2.658573865890503	1781094948.0	1781094949.0374336	1	10.0	10.0	8.0	8.0	NeuronSpectrum 10.06.2026 14:49:30	EEG	checkup_149_10.06.2026 14:49:30	500.0	499.6666666666667	True	0.5	40.0	4	True	50.0	30.0	224.66018676757812	-81.5221419695562	-425.5164794921875	133.18390813176134	-271.90460205078125	82.73879769091828	-333.49761962890625	104.37444478464369	-390.79547119140625	127.47689967799738	-42.7052116394043	3.1472257688291783	-196.7166748046875	60.225012183072955	-20.30572509765625	28.683822319782813	0.0	0.0	0.0	0.0
2.6585755348205566	1781094948.0	1781094949.0374353	1	10.0	10.0	8.0	8.0	NeuronSpectrum 10.06.2026 14:49:30	EEG	checkup_149_10.06.2026 14:49:30	500.0	499.6666666666667	True	0.5	40.0	4	True	50.0	30.0	118.6662826538086	-84.90809571093332	-222.0851593017578	140.29032434601731	-143.2404022216797	87.8254929426011	-176.11358642578125	109.99481522697214	-206.68630981445312	133.84228009844588	-20.638471603393555	5.079143814625786	-102.78013610839844	63.97192860848976	-8.083467483520508	28.624632002785546	0.0	0.0	0.0	0.0
2.7098820209503174	1781094948.0	1781094949.0887418	1	10.0	10.0	8.0	8.0	NeuronSpectrum 10.06.2026 14:49:30	EEG	checkup_149_10.06.2026 14:49:30	500.0	499.6666666666667	True	0.5	40.0	4	True	50.0	30.0	266.6630859375	-85.12700695343098	-506.1717224121094	141.3178702247371	-322.2383117675781	88.95424132272971	-396.84442138671875	110.6456447906511	-464.0434265136719	134.65361631873967	-49.77207565307617	6.121283156292436	-234.07901000976562	64.6188914058162	-25.67245864868164	27.94736048825479	0.0	0.0	0.0	0.0
2.709887981414795	1781094948.0	1781094949.0887477	1	10.0	10.0	8.0	8.0	NeuronSpectrum 10.06.2026 14:49:30	EEG	checkup_149_10.06.2026 14:49:30	500.0	499.6666666666667	True	0.5	40.0	4	True	50.0	30.0	266.1825866699219	-82.19481960535776	-504.75274658203125	136.26675465912405	-321.15521240234375	86.07275372450957	-396.3052673339844	106.30132782704722	-462.89947509765625	129.897675321103	-49.058467864990234	6.213642351288063	-233.46998596191406	62.096728186211436	-26.5887508392334	26.654630680661167	0.0	0.0	0.0	0.0
2.709890604019165	1781094948.0	1781094949.0887504	1	10.0	10.0	8.0	8.0	NeuronSpectrum 10.06.2026 14:49:30	EEG	checkup_149_10.06.2026 14:49:30	500.0	499.6666666666667	True	0.5	40.0	4	True	50.0	30.0	267.84307861328125	-76.77139300729883	-507.0489807128906	126.36824551445586	-322.50347900390625	79.92441366599378	-398.64166259765625	97.90934850868386	-465.20550537109375	120.68423432309518	-48.796932220458984	5.458605352929078	-234.7567596435547	56.939442927448184	-28.216299057006836	24.853215257334387	0.0	0.0	0.0	0.0
2.709892511367798	1781094948.0	1781094949.0887523	1	10.0	10.0	8.0	8.0	NeuronSpectrum 10.06.2026 14:49:30	EEG	checkup_149_10.06.2026 14:49:30	500.0	499.6666666666667	True	0.5	40.0	4	True	50.0	30.0	271.1958312988281	-69.95316828663806	-512.3436279296875	113.69244327609232	-325.80267333984375	71.80499862799172	-403.3106994628906	87.09211119235955	-470.2981872558594	108.89346394848694	-48.92775344848633	4.0834351175116055	-237.685302734375	50.115561041451244	-30.357070922851562	22.728368775343135	0.0	0.0	0.0	0.0
2.7098944187164307	1781094948.0	1781094949.0887542	1	10.0	10.0	8.0	8.0	NeuronSpectrum 10.06.2026 14:49:30	EEG	checkup_149_10.06.2026 14:49:30	500.0	499.6666666666667	True	0.5	40.0	4	True	50.0	30.0	273.49395751953125	-62.997404594514464	-515.6984252929688	100.63117993519748	-327.95452880859375	63.239221367381006	-406.5552062988281	75.75269386571058	-473.6735534667969	96.70888462114281	-49.06204605102539	2.3890474218302136	-240.0631103515625	42.79882208674382	-32.415618896484375	20.50385985022087	0.0	0.0	0.0	0.0
2.7098965644836426	1781094948.0	1781094949.0887563	1	10.0	10.0	8.0	8.0	NeuronSpectrum 10.06.2026 14:49:30	EEG	checkup_149_10.06.2026 14:49:30	500.0	499.6666666666667	True	0.5	40.0	4	True	50.0	30.0	271.1537780761719	-57.07695872783013	-510.6283264160156	89.44250592343366	-324.9257507324219	55.69410125414299	-403.44244384765625	65.72645092151551	-469.4223327636719	86.20410883639465	-48.69854736328125	0.7029082874263962	-238.94520568847656	36.16025318993314	-33.666133880615234	18.401300884429673	0.0	0.0	0.0	0.0
2.7098982334136963	1781094948.0	1781094949.088758	1	10.0	10.0	8.0	8.0	NeuronSpectrum 10.06.2026 14:49:30	EEG	checkup_149_10.06.2026 14:49:30	500.0	499.6666666666667	True	0.5	40.0	4	True	50.0	30.0	263.2397766113281	-53.11539076204144	-495.5429382324219	81.94672257793479	-315.77093505859375	50.38502239101121	-392.8116455078125	58.54488799679562	-456.0755920410156	79.0646696928019	-47.73728561401367	-0.6569418011024243	-233.5356903076172	31.219632694091086	-33.826168060302734	16.607700787236077	0.0	0.0	0.0	0.0
2.709900140762329	1781094948.0	1781094949.08876	1	10.0	10.0	8.0	8.0	NeuronSpectrum 10.06.2026 14:49:30	EEG	checkup_149_10.06.2026 14:49:30	500.0	499.6666666666667	True	0.5	40.0	4	True	50.0	30.0	254.27163696289062	-51.701371910588385	-478.9115295410156	79.36640513398419	-305.8338623046875	48.168902458294596	-381.2266540527344	55.30308657694531	-441.2851867675781	76.43845693625792	-46.86116027832031	-1.4094537597522188	-227.51544189453125	28.75141052452332	-33.5166015625	15.254126548477357	0.0	0.0	0.0	0.0
2.709901809692383	1781094948.0	1781094949.0887616	1	10.0	10.0	8.0	8.0	NeuronSpectrum 10.06.2026 14:49:30	EEG	checkup_149_10.06.2026 14:49:30	500.0	499.6666666666667	True	0.5	40.0	4	True	50.0	30.0	252.83810424804688	-53.050512508189556	-476.60546875	82.24580839919615	-305.0356750488281	49.48344327356985	-380.8719177246094	56.57942108213302	-439.4093322753906	78.8570133122235	-47.2524299621582	-1.3367537491247408	-227.8321990966797	29.21691921582153	-34.065673828125	14.40368681860112	0.0	0.0	0.0	0.0
2.7099037170410156	1781094948.0	1781094949.0887635	1	10.0	10.0	8.0	8.0	NeuronSpectrum 10.06.2026 14:49:30	EEG	checkup_149_10.06.2026 14:49:30	500.0	499.6666666666667	True	0.5	40.0	4	True	50.0	30.0	265.083251953125	-56.98038892569808	-499.7168884277344	90.3839910103767	-320.20806884765625	54.29168821480446	-400.0938720703125	62.35812222910004	-460.46893310546875	86.16916780366293	-49.54571533203125	-0.3139158935588688	-239.19793701171875	32.69739860346826	-36.50843811035156	14.045443298858707	0.0	0.0	0.0	0.0
2.7099053859710693	1781094948.0	1781094949.0887651	1	10.0	10.0	8.0	8.0	NeuronSpectrum 10.06.2026 14:49:30	EEG	checkup_149_10.06.2026 14:49:30	500.0	499.6666666666667	True	0.5	40.0	4	True	50.0	30.0	286.8284912109375	-62.89061405969782	-539.930908203125	102.76929352906096	-345.9346923828125	62.025797382321585	-432.10272216796875	71.94943350910397	-496.8965148925781	97.4767172785779	-52.65956497192383	1.6600156346886348	-257.5218200683594	38.82915781842073	-40.351600646972656	14.093050870111504	0.0	0.0	0.0	0.0
2.709907293319702	1781094949.0	1781094949.088767	1	10.0	10.0	8.0	8.0	NeuronSpectrum 10.06.2026 14:49:30	EEG	checkup_149_10.06.2026 14:49:30	500.0	499.6666666666667	True	0.5	40.0	4	True	50.0	30.0	300.9567565917969	-69.77979329727663	-564.8316040039062	117.58158578975372	-361.6706237792969	71.5745320040662	-451.4386901855469	83.96538295075564	-519.297607421875	111.13303069381348	-53.55197525024414	4.44099494687825	-267.8885498046875	46.77905409680267	-43.118831634521484	14.391499379642065	0.0	0.0	0.0	0.0
2.709908962249756	1781094949.0	1781094949.0887687	1	10.0	10.0	8.0	8.0	NeuronSpectrum 10.06.2026 14:49:30	EEG	checkup_149_10.06.2026 14:49:30	500.0	499.6666666666667	True	0.5	40.0	4	True	50.0	30.0	284.32305908203125	-76.35549891884025	-531.035888671875	132.37595321735688	-340.0672302246094	81.38917514750851	-424.2933349609375	96.44649151668813	-488.3685607910156	124.90799593734552	-48.500301361083984	7.744788810451549	-250.62234497070312	55.31895469406235	-41.34574508666992	14.738328199522174	0.0	0.0	0.0	0.0
2.7099108695983887	1781094949.0	1781094949.0887706	1	10.0	10.0	8.0	8.0	NeuronSpectrum 10.06.2026 14:49:30	EEG	checkup_149_10.06.2026 14:49:30	500.0	499.6666666666667	True	0.5	40.0	4	True	50.0	30.0	221.5906219482422	-81.27140499060015	-410.1723327636719	144.51926612774668	-263.3341369628906	89.75579374755272	-328.7561950683594	107.20063928416394	-378.4431457519531	136.38423766203564	-35.38058853149414	11.188448032367447	-193.11582946777344	63.03570251187124	-32.65640640258789	14.922633207446538	0.0	0.0	0.0	0.0
2.7099130153656006	1781094949.0	1781094949.0887728	1	10.0	10.0	8.0	8.0	NeuronSpectrum 10.06.2026 14:49:30	EEG	checkup_149_10.06.2026 14:49:30	500.0	499.6666666666667	True	0.5	40.0	4	True	50.0	30.0	117.125	-83.45317105269679	-211.04327392578125	151.81168935732376	-137.15061950683594	95.19297282752692	-172.00497436523438	114.30398194678706	-197.563232421875	143.5230768274323	-15.467101097106934	14.364203788904167	-99.82542419433594	68.645487033287	-17.591053009033203	14.775193127143968	0.0	0.0	0.0	0.0
2.7099149227142334	1781094949.0	1781094949.0887747	1	10.0	10.0	8.0	8.0	NeuronSpectrum 10.06.2026 14:49:30	EEG	checkup_149_10.06.2026 14:49:30	500.0	499.6666666666667	True	0.5	40.0	4	True	50.0	30.0	265.2956848144531	-82.39479584575946	-484.5332946777344	153.07076752194993	-307.47943115234375	96.83520889549112	-382.46844482421875	116.58971108251923	-444.5265197753906	145.19864146416165	-35.74436950683594	16.924420902257726	-221.04556274414062	71.30676033050426	-40.484710693359375	14.212153022029108	0.0	0.0	0.0	0.0
2.709916353225708	1781094949.0	1781094949.088776	1	10.0	10.0	8.0	8.0	NeuronSpectrum 10.06.2026 14:49:30	EEG	checkup_149_10.06.2026 14:49:30	500.0	499.6666666666667	True	0.5	40.0	4	True	50.0	30.0	265.6995544433594	-78.29090433933082	-481.41461181640625	148.42047355771243	-304.24627685546875	94.63774718785633	-378.11846923828125	113.9188208615861	-441.0740966796875	141.46637748253568	-32.43442916870117	18.64953124211329	-217.1305389404297	70.8059870357106	-41.050724029541016	13.253132692300717	0.0	0.0	0.0	0.0
2.70991849899292	1781094949.0	1781094949.0887783	1	10.0	10.0	8.0	8.0	NeuronSpectrum 10.06.2026 14:49:30	EEG	checkup_149_10.06.2026 14:49:30	500.0	499.6666666666667	True	0.5	40.0	4	True	50.0	30.0	268.05340576171875	-71.94762398225255	-482.6361999511719	139.16863199797106	-304.0475769042969	89.32519575467376	-377.94482421875	107.13326261254026	-441.68255615234375	133.45963285418742	-30.209095001220703	19.480349549853475	-216.20799255371094	67.55242150457718	-41.713783264160156	12.006584849916475	0.0	0.0	0.0	0.0
2.7099199295043945	1781094949.0	1781094949.0887797	1	10.0	10.0	8.0	8.0	NeuronSpectrum 10.06.2026 14:49:30	EEG	checkup_149_10.06.2026 14:49:30	500.0	499.6666666666667	True	0.5	40.0	4	True	50.0	30.0	271.8901672363281	-64.52952845101645	-487.6302795410156	127.36979089218138	-306.7169494628906	82.1392374536511	-381.8080749511719	97.75630251864982	-445.9115905761719	123.00118562078016	-29.315425872802734	19.513630953365265	-218.23814392089844	62.41529579881932	-42.40839767456055	10.632247861635857	0.0	0.0	0.0	0.0
2.7099215984344482	1781094949.0	1781094949.0887814	1	10.0	10.0	8.0	8.0	NeuronSpectrum 10.06.2026 14:49:30	EEG	checkup_149_10.06.2026 14:49:30	500.0	499.6666666666667	True	0.5	40.0	4	True	50.0	30.0	274.49310302734375	-57.26493745143948	-491.44512939453125	115.29333596703283	-309.2490234375	74.5179136241672	-385.91790771484375	87.60106451741284	-449.3152770996094	112.12751610152463	-29.448822021484375	18.97161500258372	-220.93385314941406	56.49516114965019	-42.78913116455078	9.29954804945169	0.0	0.0	0.0	0.0
2.709923267364502	1781094949.0	1781094949.088783	1	10.0	10.0	8.0	8.0	NeuronSpectrum 10.06.2026 14:49:30	EEG	checkup_149_10.06.2026 14:49:30	500.0	499.6666666666667	True	0.5	40.0	4	True	50.0	30.0	272.3422546386719	-51.21600432915119	-487.3937683105469	104.9909651745839	-307.4121398925781	67.82437643005606	-384.8526306152344	78.43165326162551	-445.8304443359375	102.70037281855902	-29.91374397277832	18.15774651453908	-220.96229553222656	50.914168605621555	-42.42999267578125	8.157447915030623	0.0	0.0	0.0	0.0
2.7099249362945557	1781094949.0	1781094949.0887847	1	10.0	10.0	8.0	8.0	NeuronSpectrum 10.06.2026 14:49:30	EEG	checkup_149_10.06.2026 14:49:30	500.0	499.6666666666667	True	0.5	40.0	4	True	50.0	30.0	264.57293701171875	-47.15841347585008	-473.4702453613281	98.04807310981877	-299.7273254394531	63.17701560151795	-376.5548400878906	71.7414958472038	-433.59259033203125	96.18124501508208	-30.112707138061523	17.406656603065354	-216.887939453125	46.66609221642754	-41.30644989013672	7.321106525553192	0.0	0.0	0.0	0.0
2.7099266052246094	1781094949.0	1781094949.0887864	1	10.0	10.0	8.0	8.0	NeuronSpectrum 10.06.2026 14:49:30	EEG	checkup_149_10.06.2026 14:49:30	500.0	499.6666666666667	True	0.5	40.0	4	True	50.0	30.0	255.7545928955078	-45.55372182410983	-457.57440185546875	95.49383626128893	-290.74755859375	61.36742404195599	-366.4661865234375	68.63440641880617	-419.6829833984375	93.54555316578998	-30.016685485839844	17.032644578503138	-211.62022399902344	44.52248346354318	-40.16672897338867	6.871008251513059	0.0	0.0	0.0	0.0
2.709928512573242	1781094949.0	1781094949.0887883	1	10.0	10.0	8.0	8.0	NeuronSpectrum 10.06.2026 14:49:30	EEG	checkup_149_10.06.2026 14:49:30	500.0	499.6666666666667	True	0.5	40.0	4	True	50.0	30.0	254.48583984375	-46.56117113011072	-455.0802307128906	97.78112645141675	-289.6332092285156	62.81590814794484	-365.8033142089844	69.74965186813655	-417.9430847167969	95.25655204359131	-30.153432846069336	17.279557005800886	-211.46266174316406	44.96606009713671	-40.285545349121094	6.8549922237186625	0.0	0.0	0.0	0.0
2.709929943084717	1781094949.0	1781094949.0887897	1	10.0	10.0	8.0	8.0	NeuronSpectrum 10.06.2026 14:49:30	EEG	checkup_149_10.06.2026 14:49:30	500.0	499.6666666666667	True	0.5	40.0	4	True	50.0	30.0	266.88018798828125	-50.03594763827605	-477.0061950683594	104.74842188187966	-302.932861328125	67.51682601042187	-382.61138916015625	75.17584781929395	-438.26947021484375	101.220798186147	-30.957307815551758	18.276195854945804	-220.9727020263672	48.12366331733768	-42.48203659057617	7.284453823478915	0.0	0.0	0.0	0.0
2.7099320888519287	1781094949.0	1781094949.0887918	1	10.0	10.0	8.0	8.0	NeuronSpectrum 10.06.2026 14:49:30	EEG	checkup_149_10.06.2026 14:49:30	500.0	499.6666666666667	True	0.5	40.0	4	True	50.0	30.0	288.7066650390625	-55.496528638724946	-515.6529541015625	115.53958117322642	-325.7923583984375	74.96591460280109	-410.8488464355469	84.34730969606561	-473.6100769042969	110.7054591023015	-31.89892578125	20.004411378366306	-236.6709747314453	53.69764623584702	-45.9765739440918	8.122489939331098	0.0	0.0	0.0	0.0
2.7099335193634033	1781094949.0	1781094949.0887933	1	10.0	10.0	8.0	8.0	NeuronSpectrum 10.06.2026 14:49:30	EEG	checkup_149_10.06.2026 14:49:30	500.0	499.6666666666667	True	0.5	40.0	4	True	50.0	30.0	302.80218505859375	-62.09700418609213	-539.8262329101562	128.55121351826403	-339.0514221191406	84.11848608516662	-426.7839050292969	95.98543642993072	-495.6453857421875	122.28304178807441	-31.17317771911621	22.289832904435713	-244.96124267578125	60.932347910952316	-48.068172454833984	9.27082828818286	0.0	0.0	0.0	0.0
2.709935426712036	1781094949.0	1781094949.0887952	1	10.0	10.0	8.0	8.0	NeuronSpectrum 10.06.2026 14:49:30	EEG	checkup_149_10.06.2026 14:49:30	500.0	499.6666666666667	True	0.5	40.0	4	True	50.0	30.0	286.0049133300781	-68.67655341467118	-507.44891357421875	141.5391915019151	-317.0240478515625	93.46263832315667	-398.65545654296875	108.18977989733906	-466.2299499511719	133.92472405534204	-26.457250595092773	24.824515288885816	-227.69284057617188	68.67471439456506	-45.23878860473633	10.568466362018885	0.0	0.0	0.0	0.0
2.70993709564209	1781094949.0	1781094949.0887969	1	10.0	10.0	8.0	8.0	NeuronSpectrum 10.06.2026 14:49:30	EEG	checkup_149_10.06.2026 14:49:30	500.0	499.6666666666667	True	0.5	40.0	4	True	50.0	30.0	222.99887084960938	-73.94249504009514	-390.8067321777344	151.9826850572174	-243.01300048828125	101.26725208738233	-305.9205017089844	118.75178377807528	-360.2818603515625	143.3323522126801	-16.442258834838867	27.223776601625115	-173.23187255859375	75.56852352759765	-35.25676345825195	11.812598498231877	0.0	0.0	0.0	0.0
2.7099390029907227	1781094949.0	1781094949.0887988	1	10.0	10.0	8.0	8.0	NeuronSpectrum 10.06.2026 14:49:30	EEG	checkup_149_10.06.2026 14:49:30	500.0	499.6666666666667	True	0.5	40.0	4	True	50.0	30.0	118.20055389404297	-76.7688169075393	-198.2172088623047	157.66487058006732	-122.56072998046875	105.97474595536272	-155.65509033203125	125.6519634919847	-185.4182586669922	148.4715178451072	-2.106600522994995	29.10674803903057	-85.86209106445312	80.35637159708368	-18.931612014770508	12.800683541442414	0.0	0.0	0.0	0.0
2.7099406719207764	1781094949.0	1781094949.0888004	1	10.0	10.0	8.0	8.0	NeuronSpectrum 10.06.2026 14:49:30	EEG	checkup_149_10.06.2026 14:49:30	500.0	499.6666666666667	True	0.5	40.0	4	True	50.0	30.0	265.50335693359375	-76.50266381305455	-468.5201110839844	157.26518259727362	-288.92791748046875	106.6044351306559	-361.4989318847656	127.57208728292753	-430.536865234375	148.11780056644253	-19.096328735351562	30.177872494389565	-203.73095703125	82.18926003539116	-40.169795989990234	13.378213008626062	0.0	0.0	0.0	0.0
2.709942579269409	1781094949.0	1781094949.0888023	1	10.0	10.0	8.0	8.0	NeuronSpectrum 10.06.2026 14:49:30	EEG	checkup_149_10.06.2026 14:49:30	500.0	499.6666666666667	True	0.5	40.0	4	True	50.0	30.0	265.2250061035156	-73.14127569061596	-468.7735595703125	150.7047847612661	-288.73944091796875	102.99871264749584	-360.0541687011719	124.21273874354326	-430.8926696777344	142.17919455514837	-18.903053283691406	30.283935280449136	-202.74256896972656	80.82068005446565	-39.36182403564453	13.471306831762938	0.0	0.0	0.0	0.0
2.709944248199463	1781094949.0	1781094949.088804	1	10.0	10.0	8.0	8.0	NeuronSpectrum 10.06.2026 14:49:30	EEG	checkup_149_10.06.2026 14:49:30	500.0	499.6666666666667	True	0.5	40.0	4	True	50.0	30.0	266.9232177734375	-67.30622040684914	-473.3055114746094	139.10805428208548	-291.78564453125	95.82028908383492	-362.66802978515625	116.30157160992329	-435.1936950683594	131.66757322382128	-19.77375602722168	29.4318481753753	-204.2890625	76.61798040389267	-39.062767028808594	13.092138404870255	0.0	0.0	0.0	0.0
2.709946393966675	1781094949.0	1781094949.0888062	1	10.0	10.0	8.0	8.0	NeuronSpectrum 10.06.2026 14:49:30	EEG	checkup_149_10.06.2026 14:49:30	500.0	499.6666666666667	True	0.5	40.0	4	True	50.0	30.0	270.2239990234375	-60.04949442583664	-481.219970703125	124.44381922180267	-297.39813232421875	86.33556667021892	-368.6112060546875	105.33514712843885	-442.5533142089844	118.37513776224255	-21.4469051361084	27.769187687731264	-207.83660888671875	70.41585345222646	-39.2933235168457	12.320861234281393	0.0	0.0	0.0	0.0
2.7099480628967285	1781094949.0	1781094949.0888078	1	10.0	10.0	8.0	8.0	NeuronSpectrum 10.06.2026 14:49:30	EEG	checkup_149_10.06.2026 14:49:30	500.0	499.6666666666667	True	0.5	40.0	4	True	50.0	30.0	272.4930419921875	-52.59231004454234	-487.36151123046875	109.03431215546658	-302.1994323730469	76.09945612613569	-373.8105163574219	93.19650573277038	-448.22161865234375	104.42587880676808	-23.290773391723633	25.54113015581291	-210.9474334716797	63.294917120428565	-39.645206451416016	11.277491438057364	0.0	0.0	0.0	0.0
2.7099502086639404	1781094949.0	1781094949.08881	1	10.0	10.0	8.0	8.0	NeuronSpectrum 10.06.2026 14:49:30	EEG	checkup_149_10.06.2026 14:49:30	500.0	499.6666666666667	True	0.5	40.0	4	True	50.0	30.0	270.2632751464844	-46.091039953182744	-485.0522766113281	95.10958782395913	-301.8309326171875	66.65418146651746	-372.9635009765625	81.78679327568707	-446.09075927734375	91.86433048444805	-24.579692840576172	23.039368744670806	-210.5335693359375	56.366504169328074	-39.529502868652344	10.096356208572574	0.0	0.0	0.0	0.0
2.7099521160125732	1781094949.0	1781094949.0888119	1	10.0	10.0	8.0	8.0	NeuronSpectrum 10.06.2026 14:49:30	EEG	checkup_149_10.06.2026 14:49:30	500.0	499.6666666666667	True	0.5	40.0	4	True	50.0	30.0	262.67578125	-41.47720605870789	-472.60028076171875	84.49770574857395	-295.02349853515625	59.30351386553615	-364.5351867675781	72.74582772835744	-434.61236572265625	82.36572009860564	-25.053022384643555	20.55415813111111	-205.7678680419922	50.60788771183447	-38.77347183227539	8.908800164329964	0.0	0.0	0.0	0.0
2.709953784942627	1781094949.0	1781094949.0888135	1	10.0	10.0	8.0	8.0	NeuronSpectrum 10.06.2026 14:49:30	EEG	checkup_149_10.06.2026 14:49:30	500.0	499.6666666666667	True	0.5	40.0	4	True	50.0	30.0	254.24925231933594	-39.369868104116414	-458.5191345214844	78.45041762070916	-286.87518310546875	54.969602065613095	-354.779541015625	67.26974831388652	-421.5348205566406	77.06991407506375	-25.346391677856445	18.33462656454815	-200.4057159423828	46.752967418745364	-38.103397369384766	7.832789475970779	0.0	0.0	0.0	0.0
2.7099556922912598	1781094949.0	1781094949.0888155	1	10.0	10.0	8.0	8.0	NeuronSpectrum 10.06.2026 14:49:30	EEG	checkup_149_10.06.2026 14:49:30	500.0	499.6666666666667	True	0.5	40.0	4	True	50.0	30.0	253.48196411132812	-40.03003283169349	-458.875244140625	77.54929585084267	-287.25323486328125	54.105743083792504	-355.7587585449219	65.99303318308003	-421.4919738769531	76.49150158529089	-26.765316009521484	16.55785186698021	-201.58824157714844	45.21922357893774	-38.91606140136719	6.964040789499241	0.0	0.0	0.0	0.0
2.7099571228027344	1781094949.0	1781094949.088817	1	10.0	10.0	8.0	8.0	NeuronSpectrum 10.06.2026 14:49:30	EEG	checkup_149_10.06.2026 14:49:30	500.0	499.6666666666667	True	0.5	40.0	4	True	50.0	30.0	266.3663330078125	-43.32568535308317	-485.02996826171875	81.63388341448882	-303.229248046875	56.634753871049924	-376.0246276855469	68.89885606112459	-444.8717956542969	80.45432654319707	-30.264612197875977	15.305633762374491	-214.35345458984375	46.049702988003055	-42.18073272705078	6.363714372698085	0.0	0.0	0.0	0.0
2.709959030151367	1781094949.0	1781094949.0888188	1	10.0	10.0	8.0	8.0	NeuronSpectrum 10.06.2026 14:49:30	EEG	checkup_149_10.06.2026 14:49:30	500.0	499.6666666666667	True	0.5	40.0	4	True	50.0	30.0	288.5728759765625	-48.702293354963096	-528.8616943359375	89.74158931703373	-329.9163513183594	61.909529715175786	-409.3533630371094	75.25609085060367	-484.3916931152344	88.04116205485451	-35.213321685791016	14.550046459387543	-235.0157928466797	48.869199300384665	-47.10966110229492	6.042621750334328	0.0	0.0	0.0	0.0
2.709960699081421	1781094949.0	1781094949.0888205	1	10.0	10.0	8.0	8.0	NeuronSpectrum 10.06.2026 14:49:30	EEG	checkup_149_10.06.2026 14:49:30	500.0	499.6666666666667	True	0.5	40.0	4	True	50.0	30.0	302.901611328125	-55.192773864750265	-557.91455078125	100.12222099682519	-347.4090576171875	68.73429529138218	-431.0271911621094	83.63353882222009	-510.6714782714844	97.6144107450404	-38.96462631225586	14.153133544619404	-248.9777374267578	52.88502014575504	-50.720001220703125	5.948989013543405	0.0	0.0	0.0	0.0
2.709962844848633	1781094949.0	1781094949.0888226	1	10.0	10.0	8.0	8.0	NeuronSpectrum 10.06.2026 14:49:30	EEG	checkup_149_10.06.2026 14:49:30	500.0	499.6666666666667	True	0.5	40.0	4	True	50.0	30.0	286.2275085449219	-61.52379617772107	-528.4650268554688	110.4334823973616	-328.7933654785156	75.50895429523693	-407.7722473144531	92.07110964197938	-484.0599060058594	107.00238687032963	-37.894248962402344	13.888411884958533	-236.56039428710938	56.9804822711028	-49.0103759765625	5.971172095643821	0.0	0.0	0.0	0.0
2.7099645137786865	1781094949.0	1781094949.0888243	1	10.0	10.0	8.0	8.0	NeuronSpectrum 10.06.2026 14:49:30	EEG	checkup_149_10.06.2026 14:49:30	500.0	499.6666666666667	True	0.5	40.0	4	True	50.0	30.0	223.31878662109375	-66.35203248321065	-411.5888671875	118.18087043586729	-256.2208251953125	80.53047468115786	-317.6203918457031	98.45135455622314	-378.2677917480469	113.90670218461922	-29.52278709411621	13.487663746025738	-184.67758178710938	59.92834157222722	-39.313072204589844	5.963185314822545	0.0	0.0	0.0	0.0
2.7099661827087402	1781094949.0	1781094949.088826	1	10.0	10.0	8.0	8.0	NeuronSpectrum 10.06.2026 14:49:30	EEG	checkup_149_10.06.2026 14:49:30	500.0	499.6666666666667	True	0.5	40.0	4	True	50.0	30.0	118.67145538330078	-68.59083589679037	-215.5398712158203	121.32860293696798	-134.75157165527344	82.4000147191149	-166.97509765625	101.00786184725635	-200.6822967529297	116.46258930691889	-14.372151374816895	12.705073174969929	-96.90282440185547	60.68846741841279	-22.320310592651367	5.788681395046192	0.0	0.0	0.0	0.0
2.7613651752471924	1781094949.0	1781094949.140225	1	10.0	10.0	8.0	8.0	NeuronSpectrum 10.06.2026 14:49:30	EEG	checkup_149_10.06.2026 14:49:30	500.0	499.6666666666667	True	0.5	40.0	4	True	50.0	30.0	265.66082763671875	-67.70820180018679	-493.45050048828125	118.8587067357487	-307.072998046875	80.39263532743614	-379.8733825683594	98.79206213554265	-452.7602233886719	113.74905474137262	-38.1795539855957	11.3785205635125	-221.88088989257812	58.685744517234916	-47.47237777709961	5.365286940121485	0.0	0.0	0.0	0.0
2.761370897293091	1781094949.0	1781094949.1402307	1	10.0	10.0	8.0	8.0	NeuronSpectrum 10.06.2026 14:49:30	EEG	checkup_149_10.06.2026 14:49:30	500.0	499.6666666666667	True	0.5	40.0	4	True	50.0	30.0	265.2838439941406	-63.86130794647856	-493.2347106933594	111.02587448828297	-307.7132263183594	74.62970946941473	-380.3825988769531	91.89843520031832	-453.269775390625	106.01966201598795	-39.18894577026367	9.465483341760766	-222.67510986328125	53.95016808336489	-47.45869064331055	4.687817735014744	0.0	0.0	0.0	0.0
2.761373281478882	1781094949.0	1781094949.140233	1	10.0	10.0	8.0	8.0	NeuronSpectrum 10.06.2026 14:49:30	EEG	checkup_149_10.06.2026 14:49:30	500.0	499.6666666666667	True	0.5	40.0	4	True	50.0	30.0	266.900146484375	-57.81069928458962	-496.51763916015625	99.20141285094591	-311.1405944824219	65.98630586207256	-384.4221496582031	81.36185299488666	-457.125732421875	94.55751972457732	-40.6419792175293	7.042998996611469	-225.5619354248047	47.06649264938295	-47.502891540527344	3.8209079682028686	0.0	0.0	0.0	0.0
2.7613751888275146	1781094949.0	1781094949.140235	1	10.0	10.0	8.0	8.0	NeuronSpectrum 10.06.2026 14:49:30	EEG	checkup_149_10.06.2026 14:49:30	500.0	499.6666666666667	True	0.5	40.0	4	True	50.0	30.0	270.1307678222656	-50.6720910603735	-502.7312927246094	85.41500299986143	-316.9073791503906	55.80118818448934	-391.50543212890625	68.8084588396062	-463.7217102050781	81.25396983751875	-42.59124755859375	4.278947475202809	-230.3406219482422	38.978459259270615	-47.62629318237305	2.8697185912547427	0.0	0.0	0.0	0.0
2.7613768577575684	1781094949.0	1781094949.1402366	1	10.0	10.0	8.0	8.0	NeuronSpectrum 10.06.2026 14:49:30	EEG	checkup_149_10.06.2026 14:49:30	500.0	499.6666666666667	True	0.5	40.0	4	True	50.0	30.0	272.332763671875	-43.62813235635164	-507.0313415527344	71.82325740673261	-321.7497863769531	45.533270884832206	-397.6247253417969	56.036284078726894	-468.54449462890625	68.11997388509158	-44.63622283935547	1.3920679844378359	-234.68875122070312	30.748467376676928	-47.5113410949707	1.9471260894432694	0.0	0.0	0.0	0.0
2.761378526687622	1781094949.0	1781094949.1402383	1	10.0	10.0	8.0	8.0	NeuronSpectrum 10.06.2026 14:49:30	EEG	checkup_149_10.06.2026 14:49:30	500.0	499.6666666666667	True	0.5	40.0	4	True	50.0	30.0	270.02203369140625	-37.70582929347643	-502.9580078125	60.302086416434605	-321.32586669921875	36.48973729806098	-397.38787841796875	44.67950565218926	-465.62158203125	56.91027321003088	-46.14703369140625	-1.3839985244843729	-235.4071044921875	23.36145411419793	-46.718109130859375	1.1522642759504471	0.0	0.0	0.0	0.0
2.761380434036255	1781094949.0	1781094949.1402402	1	10.0	10.0	8.0	8.0	NeuronSpectrum 10.06.2026 14:49:30	EEG	checkup_149_10.06.2026 14:49:30	500.0	499.6666666666667	True	0.5	40.0	4	True	50.0	30.0	262.2913818359375	-33.66290123721581	-488.88043212890625	52.24224851336975	-314.3781433105469	29.67852879986561	-389.1754455566406	36.021472572474934	-453.4185791015625	48.93328296839306	-46.86874771118164	-3.826282468816326	-231.4733123779297	17.610973426595457	-45.219234466552734	0.5646407143503476	0.0	0.0	0.0	0.0
2.7613821029663086	1781094949.0	1781094949.1402419	1	10.0	10.0	8.0	8.0	NeuronSpectrum 10.06.2026 14:49:30	EEG	checkup_149_10.06.2026 14:49:30	500.0	499.6666666666667	True	0.5	40.0	4	True	50.0	30.0	253.5677947998047	-31.964112931166355	-473.1888427734375	48.510786424661134	-306.0890197753906	25.76521269877446	-379.3171081542969	30.932657865461223	-439.5833740234375	45.01309490739738	-47.4235954284668	-5.73995622071704	-226.5301055908203	14.05453763602045	-43.81757736206055	0.24809843723160693	0.0	0.0	0.0	0.0
2.7613840103149414	1781094949.0	1781094949.1402438	1	10.0	10.0	8.0	8.0	NeuronSpectrum 10.06.2026 14:49:30	EEG	checkup_149_10.06.2026 14:49:30	500.0	499.6666666666667	True	0.5	40.0	4	True	50.0	30.0	252.2493896484375	-32.792668644687765	-471.69219970703125	49.47431176975326	-306.44232177734375	25.072014376408266	-380.0910339355469	29.85832332239709	-438.5605163574219	45.508723639225764	-49.08259582519531	-6.974342928930922	-227.7213134765625	12.996132184861803	-43.888343811035156	0.253936805794694	0.0	0.0	0.0	0.0
2.761385679244995	1781094949.0	1781094949.1402454	1	10.0	10.0	8.0	8.0	NeuronSpectrum 10.06.2026 14:49:30	EEG	checkup_149_10.06.2026 14:49:30	500.0	499.6666666666667	True	0.5	40.0	4	True	50.0	30.0	264.3059387207031	-36.04287483462618	-495.5016174316406	54.983348823028415	-322.4918518066406	27.55804525525596	-400.1739807128906	32.78279960117495	-460.5085754394531	50.29844370808515	-52.64495849609375	-7.4426369984297915	-240.05953979492188	14.455626365013286	-46.31397247314453	0.6140994305436468	0.0	0.0	0.0	0.0
2.761387348175049	1781094949.0	1781094949.140247	1	10.0	10.0	8.0	8.0	NeuronSpectrum 10.06.2026 14:49:30	EEG	checkup_149_10.06.2026 14:49:30	500.0	499.6666666666667	True	0.5	40.0	4	True	50.0	30.0	285.5474548339844	-41.27733379900066	-536.4362182617188	64.28765131695876	-349.0399475097656	32.76329497803948	-433.108642578125	39.151271888756355	-497.9579772949219	58.70160730345437	-57.10419464111328	-7.143718867838964	-259.6249694824219	18.11653363099764	-50.23775863647461	1.3229373000926672	0.0	0.0	0.0	0.0
2.7613890171051025	1781094949.0	1781094949.1402488	1	10.0	10.0	8.0	8.0	NeuronSpectrum 10.06.2026 14:49:30	EEG	checkup_149_10.06.2026 14:49:30	500.0	499.6666666666667	True	0.5	40.0	4	True	50.0	30.0	299.07867431640625	-47.686555131206056	-562.2957153320312	75.9555654350398	-365.61273193359375	39.762913385403785	-453.556396484375	47.8086896327304	-521.4924926757812	69.4047282621552	-59.276580810546875	-6.175781105071303	-271.38348388671875	23.28919958653467	-52.707489013671875	2.3162465610916367	0.0	0.0	0.0	0.0
2.7613909244537354	1781094949.0	1781094949.1402507	1	10.0	10.0	8.0	8.0	NeuronSpectrum 10.06.2026 14:49:30	EEG	checkup_149_10.06.2026 14:49:30	500.0	499.6666666666667	True	0.5	40.0	4	True	50.0	30.0	282.12518310546875	-54.126167403021704	-529.8916625976562	87.94011217393415	-344.77142333984375	47.220965691073786	-427.5801086425781	57.06730503182027	-491.6650390625	80.52240198555963	-55.119468688964844	-4.727073835451922	-255.3115234375	28.95566621367161	-49.87237548828125	3.4630111469969083	0.0	0.0	0.0	0.0
2.761392593383789	1781094949.0	1781094949.1402524	1	10.0	10.0	8.0	8.0	NeuronSpectrum 10.06.2026 14:49:30	EEG	checkup_149_10.06.2026 14:49:30	500.0	499.6666666666667	True	0.5	40.0	4	True	50.0	30.0	219.6595916748047	-59.2916026947507	-410.90728759765625	97.90412430679892	-268.6001892089844	53.61217040276314	-333.0523376464844	64.98753795062753	-382.6360778808594	89.89596461191503	-42.223655700683594	-3.0347309526780646	-198.48924255371094	33.94484094460596	-39.27130889892578	4.5826258701300375	0.0	0.0	0.0	0.0
2.761394500732422	1781094949.0	1781094949.1402543	1	10.0	10.0	8.0	8.0	NeuronSpectrum 10.06.2026 14:49:30	EEG	checkup_149_10.06.2026 14:49:30	500.0	499.6666666666667	True	0.5	40.0	4	True	50.0	30.0	116.0930404663086	-62.01535310641273	-213.99708557128906	103.77420660087941	-142.7745361328125	57.58853288598347	-177.0652313232422	69.8422483952369	-202.36795043945312	95.60234223094467	-21.859228134155273	-1.3186810963331967	-105.36701965332031	37.2172976191502	-21.74713897705078	5.487310335223018	0.0	0.0	0.0	0.0
2.7613959312438965	1781094949.0	1781094949.1402557	1	10.0	10.0	8.0	8.0	NeuronSpectrum 10.06.2026 14:49:30	EEG	checkup_149_10.06.2026 14:49:30	500.0	499.6666666666667	True	0.5	40.0	4	True	50.0	30.0	261.1506652832031	-61.581187818803215	-487.69915771484375	104.3216026228004	-317.3475341796875	58.35846340810698	-393.8748779296875	70.59826123402259	-452.18768310546875	96.48828870718329	-46.937042236328125	0.2847746853750872	-233.55575561523438	38.157777731509526	-44.81216049194336	6.033364159839848	0.0	0.0	0.0	0.0
2.7613978385925293	1781094949.0	1781094949.1402576	1	10.0	10.0	8.0	8.0	NeuronSpectrum 10.06.2026 14:49:30	EEG	checkup_149_10.06.2026 14:49:30	500.0	499.6666666666667	True	0.5	40.0	4	True	50.0	30.0	260.8877258300781	-57.91715376293311	-485.41107177734375	99.50780319136105	-315.5846862792969	55.90861619643905	-392.01165771484375	67.20245139335636	-449.7698059082031	92.48976746305003	-45.06951141357422	1.760017433637498	-232.18670654296875	36.74649853639012	-43.7335319519043	6.158317336957369	0.0	0.0	0.0	0.0
2.761399745941162	1781094949.0	1781094949.1402595	1	10.0	10.0	8.0	8.0	NeuronSpectrum 10.06.2026 14:49:30	EEG	checkup_149_10.06.2026 14:49:30	500.0	499.6666666666667	True	0.5	40.0	4	True	50.0	30.0	262.8219299316406	-51.590195341088126	-486.5537109375	90.45061735204729	-315.8443603515625	50.97566285828603	-392.8224792480469	60.55533458950901	-450.5031433105469	84.60375182450392	-43.36189270019531	3.203668740569486	-232.40731811523438	33.53869155118675	-42.9885139465332	5.889924016937784	0.0	0.0	0.0	0.0
2.761401414871216	1781094949.0	1781094949.1402612	1	10.0	10.0	8.0	8.0	NeuronSpectrum 10.06.2026 14:49:30	EEG	checkup_149_10.06.2026 14:49:30	500.0	499.6666666666667	True	0.5	40.0	4	True	50.0	30.0	266.57958984375	-43.63049871794443	-490.3603820800781	79.06814874330574	-317.5198669433594	44.80596473389537	-395.57720947265625	52.217702536698994	-453.6883850097656	74.56416874356779	-41.62993621826172	4.776974745929537	-233.61241149902344	29.48029496165487	-42.673728942871094	5.329379729261623	0.0	0.0	0.0	0.0
2.7614030838012695	1781094949.0	1781094949.1402628	1	10.0	10.0	8.0	8.0	NeuronSpectrum 10.06.2026 14:49:30	EEG	checkup_149_10.06.2026 14:49:30	500.0	499.6666666666667	True	0.5	40.0	4	True	50.0	30.0	269.4991149902344	-35.279994010985085	-491.94775390625	67.58523014458211	-317.4472961425781	38.82408466037385	-396.32550048828125	43.99936716587265	-454.8528747558594	64.39030973913394	-39.38307571411133	6.640513652604811	-233.3466033935547	25.6510153268527	-42.484619140625	4.621609332137479	0.0	0.0	0.0	0.0
2.7614047527313232	1781094949.0	1781094949.1402645	1	10.0	10.0	8.0	8.0	NeuronSpectrum 10.06.2026 14:49:30	EEG	checkup_149_10.06.2026 14:49:30	500.0	499.6666666666667	True	0.5	40.0	4	True	50.0	30.0	268.0581970214844	-27.755931992375476	-484.9515075683594	58.08036810041852	-311.5934753417969	34.32822667623414	-389.98870849609375	37.57631121390626	-448.16943359375	55.97073565306159	-36.076011657714844	8.894214855530747	-228.57505798339844	23.025477662268273	-41.908660888671875	3.9250664578542644	0.0	0.0	0.0	0.0
2.761406421661377	1781094949.0	1781094949.1402662	1	10.0	10.0	8.0	8.0	NeuronSpectrum 10.06.2026 14:49:30	EEG	checkup_149_10.06.2026 14:49:30	500.0	499.6666666666667	True	0.5	40.0	4	True	50.0	30.0	261.31036376953125	-22.077111670530996	-467.8141784667969	52.16793502589856	-299.0114440917969	32.27790952769161	-375.29302978515625	34.21795266099777	-432.2226867675781	50.77017248525168	-31.599382400512695	11.538427589446188	-218.5728302001953	22.30493811379832	-40.754180908203125	3.3871819034077624	0.0	0.0	0.0	0.0
2.7614080905914307	1781094949.0	1781094949.1402678	1	10.0	10.0	8.0	8.0	NeuronSpectrum 10.06.2026 14:49:30	EEG	checkup_149_10.06.2026 14:49:30	500.0	499.6666666666667	True	0.5	40.0	4	True	50.0	30.0	253.65524291992188	-18.955660477436812	-448.8559875488281	50.82323008603507	-285.0208740234375	33.182787562789606	-358.7514953613281	34.6371373855839	-414.6605529785156	49.667595350850085	-26.66939353942871	14.462432695247768	-207.23509216308594	23.829979440417574	-39.60283279418945	3.125543044869141	0.0	0.0	0.0	0.0
2.7614097595214844	1781094949.0	1781094949.1402695	1	10.0	10.0	8.0	8.0	NeuronSpectrum 10.06.2026 14:49:30	EEG	checkup_149_10.06.2026 14:49:30	500.0	499.6666666666667	True	0.5	40.0	4	True	50.0	30.0	253.4633331298828	-18.730624234336005	-443.7810974121094	54.30390453903117	-279.65069580078125	37.06490351189765	-352.74688720703125	38.93068320291879	-409.9111633300781	52.88408805114682	-22.677597045898438	17.458687132852777	-201.95062255859375	27.556016612250726	-39.63813781738281	3.2118754169896557	0.0	0.0	0.0	0.0
2.761411666870117	1781094949.0	1781094949.1402714	1	10.0	10.0	8.0	8.0	NeuronSpectrum 10.06.2026 14:49:30	EEG	checkup_149_10.06.2026 14:49:30	500.0	499.6666666666667	True	0.5	40.0	4	True	50.0	30.0	266.6379699707031	-21.3182851199381	-463.9150695800781	62.114120290063006	-290.2695007324219	43.458938566854115	-366.3692932128906	46.568988298511236	-428.3979797363281	59.95197368132326	-20.86669921875	20.255762933486437	-208.26177978515625	33.06533123638532	-41.69056701660156	3.6566670758652533	0.0	0.0	0.0	0.0
2.761413335800171	1781094949.0	1781094949.140273	1	10.0	10.0	8.0	8.0	NeuronSpectrum 10.06.2026 14:49:30	EEG	checkup_149_10.06.2026 14:49:30	500.0	499.6666666666667	True	0.5	40.0	4	True	50.0	30.0	288.8519287109375	-26.17784067581906	-501.943359375	72.99796059671708	-312.6183776855469	51.4370652472211	-394.25848388671875	56.42033722287592	-463.455078125	69.71259796074926	-21.268482208251953	22.561331578528293	-223.3438720703125	39.6029022721308	-45.0596923828125	4.396446532286413	0.0	0.0	0.0	0.0
2.7614152431488037	1781094949.0	1781094949.140275	1	10.0	10.0	8.0	8.0	NeuronSpectrum 10.06.2026 14:49:30	EEG	checkup_149_10.06.2026 14:49:30	500.0	499.6666666666667	True	0.5	40.0	4	True	50.0	30.0	303.0188293457031	-32.32645468427891	-527.107421875	85.01234853092456	-327.71282958984375	59.682852021341716	-412.7569274902344	66.84174046616845	-486.9019470214844	80.38764922019367	-22.213516235351562	24.108203491587858	-233.69068908691406	46.1490401583535	-47.12009048461914	5.291054709135829	0.0	0.0	0.0	0.0
2.7614166736602783	1781094949.0	1781094949.1402764	1	10.0	10.0	8.0	8.0	NeuronSpectrum 10.06.2026 14:49:30	EEG	checkup_149_10.06.2026 14:49:30	500.0	499.6666666666667	True	0.5	40.0	4	True	50.0	30.0	286.19940185546875	-38.457051784618855	-497.58795166015625	95.76696942842723	-309.47296142578125	66.6617322782348	-389.42755126953125	75.89553178769609	-460.374267578125	89.80248349937392	-20.984556198120117	24.69892709170242	-220.53553771972656	51.558150305386015	-44.36690139770508	6.140495812735239	0.0	0.0	0.0	0.0
2.761418581008911	1781094949.0	1781094949.1402783	1	10.0	10.0	8.0	8.0	NeuronSpectrum 10.06.2026 14:49:30	EEG	checkup_149_10.06.2026 14:49:30	500.0	499.6666666666667	True	0.5	40.0	4	True	50.0	30.0	223.33096313476562	-43.187078327888166	-385.4402770996094	102.87719916315487	-240.24661254882812	70.91142798160608	-302.3945007324219	81.71949246406865	-358.1759338378906	95.80195167541052	-15.391473770141602	24.244526776472558	-171.0063934326172	54.77658329288539	-34.51271438598633	6.725920282177683	0.0	0.0	0.0	0.0
2.761420249938965	1781094949.0	1781094949.14028	1	10.0	10.0	8.0	8.0	NeuronSpectrum 10.06.2026 14:49:30	EEG	checkup_149_10.06.2026 14:49:30	500.0	499.6666666666667	True	0.5	40.0	4	True	50.0	30.0	118.97248840332031	-45.39379057310287	-198.1250762939453	104.54925889301875	-124.30880737304688	71.39986884322205	-157.140380859375	82.98273009326036	-187.03529357910156	96.78370812826194	-5.273088455200195	22.789479971136895	-87.90213775634766	55.099865869426715	-18.288278579711914	6.866851095938346	0.0	0.0	0.0	0.0
2.812286138534546	1781094949.0	1781094949.191146	1	10.0	10.0	8.0	8.0	NeuronSpectrum 10.06.2026 14:49:30	EEG	checkup_149_10.06.2026 14:49:30	500.0	499.6666666666667	True	0.5	40.0	4	True	50.0	30.0	264.68023681640625	-44.51448909842847	-466.4512939453125	100.08162250665478	-292.142333984375	67.81755924918218	-366.01373291015625	79.2588167345474	-433.4294738769531	92.15116648279643	-25.019296646118164	20.511658004195013	-208.6568145751953	52.37385129089352	-41.22346115112305	6.4739346716475055	0.0	0.0	0.0	0.0
2.8122918605804443	1781094949.0	1781094949.1911516	1	10.0	10.0	8.0	8.0	NeuronSpectrum 10.06.2026 14:49:30	EEG	checkup_149_10.06.2026 14:49:30	500.0	499.6666666666667	True	0.5	40.0	4	True	50.0	30.0	263.8808288574219	-40.67777286441675	-468.3321228027344	90.04797627430746	-294.4889221191406	60.662844030497034	-368.1695556640625	71.13764477597428	-435.8076171875	82.47228266835485	-27.570850372314453	17.689351773613172	-210.620361328125	47.04014915984511	-41.51740264892578	5.574300677557531	0.0	0.0	0.0	0.0
2.8122942447662354	1781094949.0	1781094949.191154	1	10.0	10.0	8.0	8.0	NeuronSpectrum 10.06.2026 14:49:30	EEG	checkup_149_10.06.2026 14:49:30	500.0	499.6666666666667	True	0.5	40.0	4	True	50.0	30.0	265.1158752441406	-34.612134123228635	-473.7129821777344	76.07479946819002	-298.94915771484375	51.07258796359786	-372.92822265625	60.01583497287178	-441.2853698730469	69.26670326466294	-30.187911987304688	14.63986413782285	-214.02438354492188	39.99516472705128	-42.243289947509766	4.299469629670994	0.0	0.0	0.0	0.0
2.812295913696289	1781094949.0	1781094949.1911557	1	10.0	10.0	8.0	8.0	NeuronSpectrum 10.06.2026 14:49:30	EEG	checkup_149_10.06.2026 14:49:30	500.0	499.6666666666667	True	0.5	40.0	4	True	50.0	30.0	268.05413818359375	-27.39398994139745	-481.7556457519531	60.33703476614906	-304.8887634277344	40.48237446844708	-379.5202331542969	47.670786410758865	-449.0466003417969	54.53703354736139	-32.6767463684082	11.648236175246895	-218.3800506591797	32.32732473843341	-43.24805450439453	2.8446725398543604	0.0	0.0	0.0	0.0
2.8122975826263428	1781094949.0	1781094949.1911573	1	10.0	10.0	8.0	8.0	NeuronSpectrum 10.06.2026 14:49:30	EEG	checkup_149_10.06.2026 14:49:30	500.0	499.6666666666667	True	0.5	40.0	4	True	50.0	30.0	270.10791015625	-20.160770950725038	-487.4952087402344	45.008793897289934	-309.09661865234375	30.269925220686005	-383.9806823730469	35.8111395749183	-454.5073547363281	40.263602056146865	-34.54181671142578	8.910082072030384	-221.3351593017578	25.046998900641036	-44.016475677490234	1.4195005697565741	0.0	0.0	0.0	0.0
2.8122992515563965	1781094949.0	1781094949.191159	1	10.0	10.0	8.0	8.0	NeuronSpectrum 10.06.2026 14:49:30	EEG	checkup_149_10.06.2026 14:49:30	500.0	499.6666666666667	True	0.5	40.0	4	True	50.0	30.0	267.8428649902344	-13.895872629255622	-484.4981994628906	31.86808109053753	-307.49072265625	21.50913874662084	-381.2568054199219	25.764147905604474	-451.77166748046875	28.046109442821173	-35.23398971557617	6.506017649126887	-219.91796875	18.903808436552474	-43.925148010253906	0.2079235243307267	0.0	0.0	0.0	0.0
2.8123011589050293	1781094949.0	1781094949.191161	1	10.0	10.0	8.0	8.0	NeuronSpectrum 10.06.2026 14:49:30	EEG	checkup_149_10.06.2026 14:49:30	500.0	499.6666666666667	True	0.5	40.0	4	True	50.0	30.0	260.37420654296875	-9.327067875523262	-471.27435302734375	22.131002037554854	-299.2354736328125	14.88142292975547	-370.3006286621094	18.35999282485172	-439.544189453125	18.960585834623764	-34.793251037597656	4.411802190554699	-213.56556701660156	14.326303461935058	-42.799468994140625	-0.6538468309589098	0.0	0.0	0.0	0.0
2.812302827835083	1781094949.0	1781094949.1911626	1	10.0	10.0	8.0	8.0	NeuronSpectrum 10.06.2026 14:49:30	EEG	checkup_149_10.06.2026 14:49:30	500.0	499.6666666666667	True	0.5	40.0	4	True	50.0	30.0	252.10276794433594	-6.91538538404038	-456.43109130859375	16.4683072418444	-290.04254150390625	10.710660591054653	-358.1607971191406	13.972790583662222	-425.8720703125	13.585940581744627	-34.36324691772461	2.5349427748027265	-206.56170654296875	11.45908167887897	-41.3497200012207	-1.0833008214721662	0.0	0.0	0.0	0.0
2.812304735183716	1781094949.0	1781094949.1911645	1	10.0	10.0	8.0	8.0	NeuronSpectrum 10.06.2026 14:49:30	EEG	checkup_149_10.06.2026 14:49:30	500.0	499.6666666666667	True	0.5	40.0	4	True	50.0	30.0	251.34835815429688	-6.874570687518888	-456.0392150878906	15.086070335576617	-290.44036865234375	9.041060868212588	-357.8618469238281	12.618832747101482	-425.6838684082031	12.088215681165806	-35.874080657958984	0.7600889775618597	-206.7677764892578	10.236505965053771	-40.944759368896484	-1.049490923323599	0.0	0.0	0.0	0.0
2.8123064041137695	1781094949.0	1781094949.1911662	1	10.0	10.0	8.0	8.0	NeuronSpectrum 10.06.2026 14:49:30	EEG	checkup_149_10.06.2026 14:49:30	500.0	499.6666666666667	True	0.5	40.0	4	True	50.0	30.0	263.9720458984375	-9.163382436278937	-481.4785461425781	17.754875176606475	-307.8916320800781	9.67821033135535	-378.677734375	14.012986622240154	-449.5318908691406	14.253198426313908	-40.69394302368164	-1.0149130413148684	-219.80519104003906	10.431651047314016	-42.58720779418945	-0.5717039605385544	0.0	0.0	0.0	0.0
2.8123083114624023	1781094949.0	1781094949.191168	1	10.0	10.0	8.0	8.0	NeuronSpectrum 10.06.2026 14:49:30	EEG	checkup_149_10.06.2026 14:49:30	500.0	499.6666666666667	True	0.5	40.0	4	True	50.0	30.0	285.68609619140625	-13.432720469035509	-524.77783203125	23.74627342654215	-337.28997802734375	12.162147796991583	-414.3861999511719	17.54337694418876	-490.02911376953125	19.427747196723008	-47.99854278564453	-2.8624163606195845	-242.0184783935547	11.65395576243294	-45.68147659301758	0.27719498689117594	0.0	0.0	0.0	0.0
2.812309980392456	1781094949.0	1781094949.1911697	1	10.0	10.0	8.0	8.0	NeuronSpectrum 10.06.2026 14:49:30	EEG	checkup_149_10.06.2026 14:49:30	500.0	499.6666666666667	True	0.5	40.0	4	True	50.0	30.0	299.5470886230469	-18.967599425707444	-553.7904663085938	31.74554196738358	-357.8157958984375	15.714085349323243	-439.3577880859375	22.213960571471276	-517.3919067382812	26.433596256897225	-54.20469665527344	-4.8249018357081725	-258.10955810546875	13.322596730466428	-47.62293243408203	1.3671270708831567	0.0	0.0	0.0	0.0
2.812312126159668	1781094949.0	1781094949.191172	1	10.0	10.0	8.0	8.0	NeuronSpectrum 10.06.2026 14:49:30	EEG	checkup_149_10.06.2026 14:49:30	500.0	499.6666666666667	True	0.5	40.0	4	True	50.0	30.0	282.79571533203125	-24.704100338153577	-525.1400146484375	39.88767178594544	-341.2922668457031	19.251051648606662	-418.8416442871094	26.669582404535397	-491.4258728027344	33.59098432521643	-54.35947036743164	-6.917880355070281	-247.2595672607422	14.68222345515419	-44.86467742919922	2.517338186584916	0.0	0.0	0.0	0.0
2.8123137950897217	1781094949.0	1781094949.1911736	1	10.0	10.0	8.0	8.0	NeuronSpectrum 10.06.2026 14:49:30	EEG	checkup_149_10.06.2026 14:49:30	500.0	499.6666666666667	True	0.5	40.0	4	True	50.0	30.0	220.46185302734375	-29.387295206360665	-410.0698547363281	46.0399353385875	-268.9134216308594	21.549978495280847	-329.6019592285156	29.40266887236122	-385.4528503417969	38.96878370706495	-44.9897346496582	-9.12185096204952	-195.45895385742188	14.919869415070462	-35.054283142089844	3.521920834378658	0.0	0.0	0.0	0.0
2.8123157024383545	1781094949.0	1781094949.1911755	1	10.0	10.0	8.0	8.0	NeuronSpectrum 10.06.2026 14:49:30	EEG	checkup_149_10.06.2026 14:49:30	500.0	499.6666666666667	True	0.5	40.0	4	True	50.0	30.0	117.01521301269531	-31.86040165987685	-216.6551513671875	48.314714665962974	-145.65553283691406	21.554505448448353	-177.7177276611328	29.132347836071286	-206.877685546875	40.84903286494246	-26.619186401367188	-11.361580252586336	-106.17350006103516	13.378714947896711	-18.867523193359375	4.192438371702709	0.0	0.0	0.0	0.0
2.812317132949829	1781094949.0	1781094949.191177	1	10.0	10.0	8.0	8.0	NeuronSpectrum 10.06.2026 14:49:30	EEG	checkup_149_10.06.2026 14:49:30	500.0	499.6666666666667	True	0.5	40.0	4	True	50.0	30.0	261.36492919921875	-31.381875205099327	-492.45184326171875	45.62262622101749	-325.3415222167969	18.706607928065257	-400.0583801269531	25.21026209153445	-462.2299499511719	38.232714199138066	-58.706668853759766	-13.487488734394702	-240.31678771972656	9.784153396367644	-41.3153190612793	4.402533576661618	0.0	0.0	0.0	0.0
2.812319040298462	1781094949.0	1781094949.1911788	1	10.0	10.0	8.0	8.0	NeuronSpectrum 10.06.2026 14:49:30	EEG	checkup_149_10.06.2026 14:49:30	500.0	499.6666666666667	True	0.5	40.0	4	True	50.0	30.0	260.6734619140625	-27.83079082990716	-492.3814697265625	38.00968223492392	-326.1747131347656	13.142221709493084	-401.78619384765625	17.855102279980414	-462.1798400878906	31.151147302334735	-60.07413864135742	-15.279937260224447	-242.51913452148438	4.367094918002915	-40.97452926635742	4.114862154025569	0.0	0.0	0.0	0.0
2.8123207092285156	1781094949.0	1781094949.1911805	1	10.0	10.0	8.0	8.0	NeuronSpectrum 10.06.2026 14:49:30	EEG	checkup_149_10.06.2026 14:49:30	500.0	499.6666666666667	True	0.5	40.0	4	True	50.0	30.0	262.077392578125	-21.71848269148241	-494.9324035644531	26.632414335286406	-327.9801025390625	5.660164443834022	-404.7538757324219	8.105172900952631	-464.3607177734375	20.647777694533232	-60.51799011230469	-16.48537583758362	-245.12454223632812	-2.178503818311298	-40.83817672729492	3.380138399137564	0.0	0.0	0.0	0.0
2.8123223781585693	1781094949.0	1781094949.1911821	1	10.0	10.0	8.0	8.0	NeuronSpectrum 10.06.2026 14:49:30	EEG	checkup_149_10.06.2026 14:49:30	500.0	499.6666666666667	True	0.5	40.0	4	True	50.0	30.0	265.21649169921875	-14.028039102760408	-499.3475036621094	13.420396043462526	-330.31329345703125	-2.501705836856053	-408.29632568359375	-2.46727014019878	-468.1790771484375	8.474538587986881	-59.90440368652344	-16.87347013677558	-247.677490234375	-8.87541632582968	-40.9110107421875	2.3137619100784126	0.0	0.0	0.0	0.0
2.812323808670044	1781094949.0	1781094949.1911836	1	10.0	10.0	8.0	8.0	NeuronSpectrum 10.06.2026 14:49:30	EEG	checkup_149_10.06.2026 14:49:30	500.0	499.6666666666667	True	0.5	40.0	4	True	50.0	30.0	267.464111328125	-5.970471450831207	-500.9325256347656	0.6003717243574944	-330.3218078613281	-9.970408337408118	-408.7740478515625	-12.138732772605643	-469.41571044921875	-3.3386107540509626	-57.96841812133789	-16.293127411114725	-248.0145263671875	-14.694745745895922	-40.89508819580078	1.0646012812876684	0.0	0.0	0.0	0.0
2.8123257160186768	1781094949.0	1781094949.1911855	1	10.0	10.0	8.0	8.0	NeuronSpectrum 10.06.2026 14:49:30	EEG	checkup_149_10.06.2026 14:49:30	500.0	499.6666666666667	True	0.5	40.0	4	True	50.0	30.0	265.3459167480469	1.2539672587083628	-493.614990234375	-9.74819031303229	-324.33148193359375	-15.513592475198202	-401.5793762207031	-19.37883876185254	-462.54986572265625	-12.886666094426017	-54.493255615234375	-14.708640057294826	-243.4500274658203	-18.758597136735407	-40.383811950683594	-0.21141603746168924	0.0	0.0	0.0	0.0
2.8123273849487305	1781094949.0	1781094949.1911871	1	10.0	10.0	8.0	8.0	NeuronSpectrum 10.06.2026 14:49:30	EEG	checkup_149_10.06.2026 14:49:30	500.0	499.6666666666667	True	0.5	40.0	4	True	50.0	30.0	257.94195556640625	6.639953008457149	-476.0615539550781	-16.01429053675196	-311.6951599121094	-18.230271382849875	-385.95361328125	-23.085196638218	-446.38641357421875	-18.682324797348173	-49.714752197265625	-12.20823684476228	-233.61500549316406	-20.472531662354683	-39.35210037231445	-1.3680901319350363	0.0	0.0	0.0	0.0
2.8123292922973633	1781094949.0	1781094949.191189	1	10.0	10.0	8.0	8.0	NeuronSpectrum 10.06.2026 14:49:30	EEG	checkup_149_10.06.2026 14:49:30	500.0	499.6666666666667	True	0.5	40.0	4	True	50.0	30.0	249.62954711914062	9.49845879641409	-456.5827941894531	-17.242414651298525	-297.88330078125	-17.652231879596375	-368.8354797363281	-22.703744861895334	-428.5829162597656	-19.82935303720687	-44.6136589050293	-8.987947466194916	-222.71829223632812	-19.586611057671124	-38.5377197265625	-2.278636113309217	0.0	0.0	0.0	0.0
2.812330961227417	1781094949.0	1781094949.1911907	1	10.0	10.0	8.0	8.0	NeuronSpectrum 10.06.2026 14:49:30	EEG	checkup_149_10.06.2026 14:49:30	500.0	499.6666666666667	True	0.5	40.0	4	True	50.0	30.0	248.7307891845703	9.532165304406563	-450.6260986328125	-13.22406464446606	-292.87200927734375	-13.7836294102176	-362.8130187988281	-18.270020916065747	-423.34136962890625	-16.111859586225528	-40.66364288330078	-5.320055265288978	-218.32089233398438	-16.208144536293727	-39.191551208496094	-2.8444331373495375	0.0	0.0	0.0	0.0
2.8123326301574707	1781094949.0	1781094949.1911924	1	10.0	10.0	8.0	8.0	NeuronSpectrum 10.06.2026 14:49:30	EEG	checkup_149_10.06.2026 14:49:30	500.0	499.6666666666667	True	0.5	40.0	4	True	50.0	30.0	261.15496826171875	6.884431924676051	-469.2198181152344	-4.538769379619902	-303.7772521972656	-7.109967427966568	-376.8757629394531	-10.412043064514167	-440.74755859375	-8.039368000304824	-38.93667984008789	-1.5166576230169555	-225.85287475585938	-10.792158535713035	-42.074546813964844	-3.0078752875760175	0.0	0.0	0.0	0.0
2.8123345375061035	1781094949.0	1781094949.1911943	1	10.0	10.0	8.0	8.0	NeuronSpectrum 10.06.2026 14:49:30	EEG	checkup_149_10.06.2026 14:49:30	500.0	499.6666666666667	True	0.5	40.0	4	True	50.0	30.0	282.7191162109375	2.1614762161323107	-505.0361633300781	7.4472566330668695	-325.97113037109375	1.4162767400314868	-405.2754821777344	-0.3257701768670378	-473.9181823730469	3.1470026371670814	-39.06316375732422	2.1045487505074973	-242.0082550048828	-4.117501470101152	-46.293113708496094	-2.7688945624447787	0.0	0.0	0.0	0.0
2.8123364448547363	1781094949.0	1781094949.1911962	1	10.0	10.0	8.0	8.0	NeuronSpectrum 10.06.2026 14:49:30	EEG	checkup_149_10.06.2026 14:49:30	500.0	499.6666666666667	True	0.5	40.0	4	True	50.0	30.0	296.6219482421875	-3.6030170871336846	-527.7891235351562	20.67413369947227	-340.1416015625	10.443254183395382	-423.8323669433594	10.312691047344748	-494.7828674316406	15.554876418712812	-38.89728927612305	5.2509902431368065	-252.53929138183594	2.7718059330644262	-48.98297882080078	-2.1975302373521752	0.0	0.0	0.0	0.0
2.81233811378479	1781094949.0	1781094949.1911979	1	10.0	10.0	8.0	8.0	NeuronSpectrum 10.06.2026 14:49:30	EEG	checkup_149_10.06.2026 14:49:30	500.0	499.6666666666667	True	0.5	40.0	4	True	50.0	30.0	280.2274475097656	-9.086981792513672	-496.4933166503906	32.65334459715747	-320.10003662109375	18.390715145332123	-399.7016906738281	19.560139051211806	-465.4496154785156	26.882907743592853	-35.422401428222656	7.685520017718131	-238.01364135742188	8.696382385999208	-46.46328353881836	-1.4308322116881729	0.0	0.0	0.0	0.0
2.812340021133423	1781094949.0	1781094949.1911998	1	10.0	10.0	8.0	8.0	NeuronSpectrum 10.06.2026 14:49:30	EEG	checkup_149_10.06.2026 14:49:30	500.0	499.6666666666667	True	0.5	40.0	4	True	50.0	30.0	218.5992889404297	-12.942496189930283	-383.9661560058594	40.940611813633886	-248.4100341796875	23.746772547416214	-310.9410705566406	25.572968671876286	-360.8683776855469	34.85818960678642	-26.548246383666992	9.25826360321969	-185.38377380371094	12.559332309144677	-36.41584777832031	-0.646166958339893	0.0	0.0	0.0	0.0
2.8123414516448975	1781094949.0	1781094949.1912012	1	10.0	10.0	8.0	8.0	NeuronSpectrum 10.06.2026 14:49:30	EEG	checkup_149_10.06.2026 14:49:30	500.0	499.6666666666667	True	0.5	40.0	4	True	50.0	30.0	116.10871124267578	-14.131120894766392	-197.88247680664062	43.72774294574106	-129.8427734375	25.434252863901488	-163.37660217285156	27.058412849907846	-188.27389526367188	37.78571915572929	-12.657712936401367	9.934826181635142	-97.98670196533203	13.611522949216592	-19.6962833404541	-0.01512575517390731	0.0	0.0	0.0	0.0
2.863377571105957	1781094949.0	1781094949.2422373	1	10.0	10.0	8.0	8.0	NeuronSpectrum 10.06.2026 14:49:30	EEG	checkup_149_10.06.2026 14:49:30	500.0	499.6666666666667	True	0.5	40.0	4	True	50.0	30.0	260.3290100097656	-12.209141837000622	-458.53753662109375	40.33536557475854	-296.5360412597656	23.109160021259918	-372.02508544921875	23.640019622892936	-429.2510070800781	35.00707085979637	-31.438081741333008	9.807900718017741	-221.41180419921875	11.663869811956157	-41.320533752441406	0.3442418497497242	0.0	0.0	0.0	0.0
2.8634133338928223	1781094949.0	1781094949.242273	1	10.0	10.0	8.0	8.0	NeuronSpectrum 10.06.2026 14:49:30	EEG	checkup_149_10.06.2026 14:49:30	500.0	499.6666666666667	True	0.5	40.0	4	True	50.0	30.0	260.090087890625	-7.432694048743011	-458.2924499511719	31.376087632988966	-296.4831237792969	17.246995409147264	-372.3585510253906	15.958424973005078	-428.67230224609375	27.054330836097037	-31.601627349853516	9.079643727928406	-221.57090759277344	7.141149027862286	-40.16181945800781	0.39542579274389966	0.0	0.0	0.0	0.0
2.8634166717529297	1781094949.0	1781094949.2422764	1	10.0	10.0	8.0	8.0	NeuronSpectrum 10.06.2026 14:49:30	EEG	checkup_149_10.06.2026 14:49:30	500.0	499.6666666666667	True	0.5	40.0	4	True	50.0	30.0	261.73712158203125	-0.636476120440745	-461.7757263183594	18.508778366247387	-298.733642578125	8.969812235597898	-375.3503112792969	5.44945153888396	-431.62567138671875	15.425856989926745	-32.092994689941406	8.013946138670418	-223.2686004638672	0.9435288640557693	-39.36528778076172	0.18111014048088775	0.0	0.0	0.0	0.0
2.8634185791015625	1781094949.0	1781094949.2422783	1	10.0	10.0	8.0	8.0	NeuronSpectrum 10.06.2026 14:49:30	EEG	checkup_149_10.06.2026 14:49:30	500.0	499.6666666666667	True	0.5	40.0	4	True	50.0	30.0	264.8587341308594	7.043533922958862	-468.1441345214844	3.915008607115306	-302.7659606933594	-0.29900773149449833	-380.32659912109375	-6.091255373324489	-437.365478515625	2.1055093418837254	-32.73899841308594	6.873200632572479	-226.0961456298828	-5.818881266940681	-38.99563217163086	-0.20306774931454163	0.0	0.0	0.0	0.0
2.863436460494995	1781094949.0	1781094949.2422962	1	10.0	10.0	8.0	8.0	NeuronSpectrum 10.06.2026 14:49:30	EEG	checkup_149_10.06.2026 14:49:30	500.0	499.6666666666667	True	0.5	40.0	4	True	50.0	30.0	266.8511047363281	14.47079071108737	-472.5142822265625	-10.25985714597762	-305.4634704589844	-9.195171373494658	-383.4263610839844	-16.96051004379878	-441.3775634765625	-10.949951313914424	-33.06767654418945	5.861652912244213	-227.76795959472656	-12.101263654215652	-38.71556091308594	-0.6423790378764256	0.0	0.0	0.0	0.0
2.863438606262207	1781094949.0	1781094949.2422984	1	10.0	10.0	8.0	8.0	NeuronSpectrum 10.06.2026 14:49:30	EEG	checkup_149_10.06.2026 14:49:30	500.0	499.6666666666667	True	0.5	40.0	4	True	50.0	30.0	264.3189697265625	20.72172273168694	-468.5509338378906	-22.29936130254665	-302.77337646484375	-16.659852742629315	-379.6590576171875	-25.85519471773704	-437.78497314453125	-22.169066094480492	-32.538917541503906	5.092860129639459	-225.33255004882812	-17.11242949679164	-37.992679595947266	-1.030232345266685	0.0	0.0	0.0	0.0
2.863455295562744	1781094949.0	1781094949.242315	1	10.0	10.0	8.0	8.0	NeuronSpectrum 10.06.2026 14:49:30	EEG	checkup_149_10.06.2026 14:49:30	500.0	499.6666666666667	True	0.5	40.0	4	True	50.0	30.0	256.4288024902344	25.171018730333028	-454.6705627441406	-31.06807234893039	-293.7060241699219	-22.025927168674365	-367.8501281738281	-31.97760315598277	-425.11907958984375	-30.501732621238045	-31.085718154907227	4.587058289195344	-218.09461975097656	-20.381146697757625	-36.62135696411133	-1.2830870041555658	0.0	0.0	0.0	0.0
2.863456964492798	1781094949.0	1781094949.2423167	1	10.0	10.0	8.0	8.0	NeuronSpectrum 10.06.2026 14:49:30	EEG	checkup_149_10.06.2026 14:49:30	500.0	499.6666666666667	True	0.5	40.0	4	True	50.0	30.0	247.60560607910156	27.47647261574066	-439.0404052734375	-35.974953482499544	-283.5638732910156	-24.980142522780714	-354.62420654296875	-34.983774799743365	-410.9718017578125	-35.38272350201494	-29.54507827758789	4.292202342848232	-209.97308349609375	-21.72646721548362	-35.164737701416016	-1.3456941177332697	0.0	0.0	0.0	0.0
2.8634588718414307	1781094949.0	1781094949.2423186	1	10.0	10.0	8.0	8.0	NeuronSpectrum 10.06.2026 14:49:30	EEG	checkup_149_10.06.2026 14:49:30	500.0	499.6666666666667	True	0.5	40.0	4	True	50.0	30.0	246.1763458251953	27.53094214753654	-437.091064453125	-36.87304585981217	-282.3411560058594	-25.484867911293694	-352.40704345703125	-34.87969370605857	-409.6781921386719	-36.64002728800152	-29.424060821533203	4.114726821639223	-208.3260498046875	-21.193821372285765	-34.79779815673828	-1.1937448448651133	0.0	0.0	0.0	0.0
2.8634755611419678	1781094949.0	1781094949.2423353	1	10.0	10.0	8.0	8.0	NeuronSpectrum 10.06.2026 14:49:30	EEG	checkup_149_10.06.2026 14:49:30	500.0	499.6666666666667	True	0.5	40.0	4	True	50.0	30.0	258.06121826171875	25.44724643020808	-459.86346435546875	-34.01795870912953	-297.2037048339844	-23.74109478418125	-370.1047668457031	-31.96804851158715	-431.46734619140625	-34.462173638391526	-31.846935272216797	3.945263127832296	-218.44593811035156	-19.017943806095815	-36.39897155761719	-0.8402307143771366	0.0	0.0	0.0	0.0
2.8634772300720215	1781094949.0	1781094949.242337	1	10.0	10.0	8.0	8.0	NeuronSpectrum 10.06.2026 14:49:30	EEG	checkup_149_10.06.2026 14:49:30	500.0	499.6666666666667	True	0.5	40.0	4	True	50.0	30.0	279.1574401855469	21.599948470864934	-499.9085693359375	-28.13127539169966	-323.3819580078125	-20.224173534040197	-401.8291320800781	-26.885910675378774	-469.3385009765625	-29.466536011332256	-36.271236419677734	3.6710246654920016	-236.89447021484375	-15.63734574298691	-39.41672134399414	-0.3461964862812959	0.0	0.0	0.0	0.0
2.863492727279663	1781094949.0	1781094949.2423525	1	10.0	10.0	8.0	8.0	NeuronSpectrum 10.06.2026 14:49:30	EEG	checkup_149_10.06.2026 14:49:30	500.0	499.6666666666667	True	0.5	40.0	4	True	50.0	30.0	292.82757568359375	16.68604681051997	-526.587646484375	-20.501353760582763	-341.1235046386719	-15.749154839379747	-423.1343078613281	-20.680813354570827	-494.6943359375	-22.80380097881607	-40.02408218383789	3.177389420287589	-249.27224731445312	-11.730437104225047	-41.46195602416992	0.17115421287638477	0.0	0.0	0.0	0.0
2.863495349884033	1781094949.0	1781094949.242355	1	10.0	10.0	8.0	8.0	NeuronSpectrum 10.06.2026 14:49:30	EEG	checkup_149_10.06.2026 14:49:30	500.0	499.6666666666667	True	0.5	40.0	4	True	50.0	30.0	276.6132507324219	11.722072254700445	-498.4118957519531	-12.971786858702753	-323.6424865722656	-11.468231177801295	-400.87017822265625	-14.804820292506255	-468.8449401855469	-16.156655929452143	-39.35346221923828	2.3502028824882335	-236.03359985351562	-8.203302418169086	-39.25448226928711	0.5448103116450984	0.0	0.0	0.0	0.0
2.863497257232666	1781094949.0	1781094949.242357	1	10.0	10.0	8.0	8.0	NeuronSpectrum 10.06.2026 14:49:30	EEG	checkup_149_10.06.2026 14:49:30	500.0	499.6666666666667	True	0.5	40.0	4	True	50.0	30.0	215.6491241455078	7.905652989345465	-387.7937927246094	-7.686439209964486	-253.0858612060547	-8.71383254381259	-312.9559020996094	-10.919422133700522	-366.0699462890625	-11.508225739298673	-31.61188507080078	1.090876825311732	-184.16326904296875	-6.066799718229894	-30.575559616088867	0.5873806783701594	0.0	0.0	0.0	0.0
2.863513469696045	1781094949.0	1781094949.2423732	1	10.0	10.0	8.0	8.0	NeuronSpectrum 10.06.2026 14:49:30	EEG	checkup_149_10.06.2026 14:49:30	500.0	499.6666666666667	True	0.5	40.0	4	True	50.0	30.0	114.18603515625	6.343753149267624	-202.3634490966797	-6.595337649915261	-134.29403686523438	-8.687931822550418	-165.41445922851562	-10.511610724866582	-193.47698974609375	-10.682713527332087	-17.186206817626953	-0.6536277706217406	-97.23350524902344	-6.203969710068553	-15.973563194274902	0.14026423174895136	0.0	0.0	0.0	0.0
2.914196491241455	1781094949.0	1781094949.2930562	1	10.0	10.0	8.0	8.0	NeuronSpectrum 10.06.2026 14:49:30	EEG	checkup_149_10.06.2026 14:49:30	500.0	499.6666666666667	True	0.5	40.0	4	True	50.0	30.0	257.12799072265625	7.744465564773695	-468.2806091308594	-10.898773616511981	-306.7197265625	-12.110156196044287	-378.53326416015625	-14.460213676323557	-441.25469970703125	-14.823286240731019	-42.610694885253906	-2.858030717596002	-223.6405029296875	-9.110579761892042	-37.91086196899414	-0.8748733022395117	0.0	0.0	0.0	0.0
2.9142026901245117	1781094949.0	1781094949.2930624	1	10.0	10.0	8.0	8.0	NeuronSpectrum 10.06.2026 14:49:30	EEG	checkup_149_10.06.2026 14:49:30	500.0	499.6666666666667	True	0.5	40.0	4	True	50.0	30.0	257.0853576660156	12.209443913428167	-469.956298828125	-20.679816597135556	-308.52471923828125	-18.985193386087598	-380.74908447265625	-22.750961618098714	-442.97381591796875	-24.04157538364703	-44.57895278930664	-5.401760698058826	-225.6077423095703	-14.726681080398542	-38.857852935791016	-2.4248864743263585	0.0	0.0	0.0	0.0
2.914205312728882	1781094949.0	1781094949.293065	1	10.0	10.0	8.0	8.0	NeuronSpectrum 10.06.2026 14:49:30	EEG	checkup_149_10.06.2026 14:49:30	500.0	499.6666666666667	True	0.5	40.0	4	True	50.0	30.0	258.9781494140625	19.211696569080537	-474.7648010253906	-34.87812929714084	-312.2260437011719	-28.588243581697274	-385.2998352050781	-34.46233369612523	-447.6556701660156	-37.38360877961897	-46.50241470336914	-8.07880659759075	-229.20639038085938	-22.43185439285392	-40.218990325927734	-4.367490986479396	0.0	0.0	0.0	0.0
2.9142072200775146	1781094949.0	1781094949.293067	1	10.0	10.0	8.0	8.0	NeuronSpectrum 10.06.2026 14:49:30	EEG	checkup_149_10.06.2026 14:49:30	500.0	499.6666666666667	True	0.5	40.0	4	True	50.0	30.0	262.4017639160156	27.74396606211321	-481.9030456542969	-51.57461151532792	-317.2604675292969	-39.64974179129027	-391.43841552734375	-47.998572290450895	-454.5643310546875	-53.08650612573127	-48.2419319152832	-10.630729784536946	-233.88792419433594	-31.190518350711326	-41.80708694458008	-6.483879100264781	0.0	0.0	0.0	0.0
2.9142096042633057	1781094949.0	1781094949.2930694	1	10.0	10.0	8.0	8.0	NeuronSpectrum 10.06.2026 14:49:30	EEG	checkup_149_10.06.2026 14:49:30	500.0	499.6666666666667	True	0.5	40.0	4	True	50.0	30.0	264.7607727050781	36.55644056545073	-486.638671875	-68.43492233008365	-320.5423278808594	-50.64241609113268	-395.338134765625	-61.449267475112194	-459.2585144042969	-68.9865755321743	-49.37371826171875	-12.789849438774672	-237.22451782226562	-39.77578033410708	-43.076290130615234	-8.526888365904666	0.0	0.0	0.0	0.0
2.9142117500305176	1781094949.0	1781094949.2930715	1	10.0	10.0	8.0	8.0	NeuronSpectrum 10.06.2026 14:49:30	EEG	checkup_149_10.06.2026 14:49:30	500.0	499.6666666666667	True	0.5	40.0	4	True	50.0	30.0	262.65435791015625	44.399881542417454	-482.8247985839844	-83.15682293332638	-318.0921630859375	-60.07134814987854	-392.09503173828125	-72.9518018704134	-455.9566955566406	-82.93539217356143	-49.385948181152344	-14.320193534006526	-236.1232147216797	-46.99755152191405	-43.37389373779297	-10.268777750423183	0.0	0.0	0.0	0.0
2.9142138957977295	1781094949.0	1781094949.2930737	1	10.0	10.0	8.0	8.0	NeuronSpectrum 10.06.2026 14:49:30	EEG	checkup_149_10.06.2026 14:49:30	500.0	499.6666666666667	True	0.5	40.0	4	True	50.0	30.0	255.20272827148438	50.224211914744146	-468.9596252441406	-93.830721605788	-308.95025634765625	-66.70849593568889	-380.5451354980469	-80.98349270853801	-443.23712158203125	-93.13912461413837	-48.16337966918945	-15.049593820164173	-229.71009826660156	-51.889505110822704	-42.50321578979492	-11.537940640827449	0.0	0.0	0.0	0.0
2.9142160415649414	1781094949.0	1781094949.2930758	1	10.0	10.0	8.0	8.0	NeuronSpectrum 10.06.2026 14:49:30	EEG	checkup_149_10.06.2026 14:49:30	500.0	499.6666666666667	True	0.5	40.0	4	True	50.0	30.0	246.72711181640625	53.318744106867484	-453.0632629394531	-99.19057248991334	-298.3252258300781	-69.75609529132197	-367.1416320800781	-84.56366526859244	-428.6283874511719	-98.39842826313001	-46.37977981567383	-14.891699069032875	-221.6656494140625	-53.84032070495819	-41.17287063598633	-12.240511651662795	0.0	0.0	0.0	0.0
2.914217710494995	1781094949.0	1781094949.2930775	1	10.0	10.0	8.0	8.0	NeuronSpectrum 10.06.2026 14:49:30	EEG	checkup_149_10.06.2026 14:49:30	500.0	499.6666666666667	True	0.5	40.0	4	True	50.0	30.0	245.4178466796875	53.40271365301262	-450.215576171875	-98.7738414392923	-296.005126953125	-68.9498151985249	-363.99176025390625	-83.37899272121527	-426.2996520996094	-98.26439850345737	-45.29962921142578	-13.859441159484946	-219.11468505859375	-52.674252309221544	-40.78218460083008	-12.368044079975396	0.0	0.0	0.0	0.0
2.914219617843628	1781094949.0	1781094949.2930794	1	10.0	10.0	8.0	8.0	NeuronSpectrum 10.06.2026 14:49:30	EEG	checkup_149_10.06.2026 14:49:30	500.0	499.6666666666667	True	0.5	40.0	4	True	50.0	30.0	257.100341796875	50.67825129245376	-471.1242370605469	-93.01478849454789	-308.97698974609375	-64.61637418494006	-379.7474060058594	-77.85063180970869	-446.31494140625	-93.13123548636953	-45.85586929321289	-12.071264679036066	-227.28550720214844	-48.69007461185248	-42.39460754394531	-11.994798046998177	0.0	0.0	0.0	0.0
2.9142212867736816	1781094949.0	1781094949.293081	1	10.0	10.0	8.0	8.0	NeuronSpectrum 10.06.2026 14:49:30	EEG	checkup_149_10.06.2026 14:49:30	500.0	499.6666666666667	True	0.5	40.0	4	True	50.0	30.0	277.7083740234375	45.842159520156265	-508.3359375	-83.26485634787498	-332.5166015625	-57.68146898746102	-408.60418701171875	-69.13885552168425	-481.6656188964844	-84.25828080384768	-47.53639221191406	-9.74864202093736	-243.01173400878906	-42.655674995114424	-45.484230041503906	-11.267024417650179	0.0	0.0	0.0	0.0
2.9142231941223145	1781094949.0	1781094949.293083	1	10.0	10.0	8.0	8.0	NeuronSpectrum 10.06.2026 14:49:30	EEG	checkup_149_10.06.2026 14:49:30	500.0	499.6666666666667	True	0.5	40.0	4	True	50.0	30.0	290.8096618652344	40.02830356876612	-531.7135009765625	-71.68728441518931	-347.2466125488281	-49.59474696489952	-426.6617126464844	-59.045299458689556	-504.0111083984375	-73.6712188892948	-48.01573181152344	-7.199847257173246	-252.51622009277344	-35.73647399066875	-47.4920654296875	-10.383190042195078	0.0	0.0	0.0	0.0
2.9142251014709473	1781094949.0	1781094949.2930849	1	10.0	10.0	8.0	8.0	NeuronSpectrum 10.06.2026 14:49:30	EEG	checkup_149_10.06.2026 14:49:30	500.0	499.6666666666667	True	0.5	40.0	4	True	50.0	30.0	274.2552490234375	34.64222964155574	-500.6391906738281	-60.95326968132363	-326.9833984375	-42.126517308133735	-401.5999755859375	-49.758242205826086	-475.145263671875	-63.87461584930881	-44.13050842285156	-4.784075228199341	-237.00103759765625	-29.328646416149425	-44.867897033691406	-9.561947926068939	0.0	0.0	0.0	0.0
2.91422700881958	1781094949.0	1781094949.2930868	1	10.0	10.0	8.0	8.0	NeuronSpectrum 10.06.2026 14:49:30	EEG	checkup_149_10.06.2026 14:49:30	500.0	499.6666666666667	True	0.5	40.0	4	True	50.0	30.0	213.44215393066406	31.07799986395084	-388.3402099609375	-53.71890590984088	-254.41786193847656	-37.02452377141034	-312.0333557128906	-43.42769410849743	-369.8676452636719	-57.35743793125728	-33.824317932128906	-2.855120245637761	-183.94810485839844	-24.792957863794886	-35.20891571044922	-8.997888956865614	0.0	0.0	0.0	0.0
2.914228677749634	1781094949.0	1781094949.2930884	1	10.0	10.0	8.0	8.0	NeuronSpectrum 10.06.2026 14:49:30	EEG	checkup_149_10.06.2026 14:49:30	500.0	499.6666666666667	True	0.5	40.0	4	True	50.0	30.0	112.68339538574219	30.375343705472726	-202.7435302734375	-51.98796943122278	-134.58563232421875	-35.599750891051954	-164.14723205566406	-41.65608506229834	-195.60116577148438	-55.99167711639676	-17.80687141418457	-1.6947984236460303	-96.88582611083984	-23.142723662644325	-19.125030517578125	-8.81431893605439	0.0	0.0	0.0	0.0
2.914231061935425	1781094949.0	1781094949.2930908	1	10.0	10.0	8.0	8.0	NeuronSpectrum 10.06.2026 14:49:30	EEG	checkup_149_10.06.2026 14:49:30	500.0	499.6666666666667	True	0.5	40.0	4	True	50.0	30.0	254.0471649169922	32.942023092163836	-461.8062744140625	-56.58980769596582	-301.43524169921875	-38.38939343428993	-370.4773864746094	-45.08718221296158	-439.49383544921875	-60.54067554482138	-38.43208312988281	-1.4567126551840863	-217.88087463378906	-24.795033445216944	-41.97834396362305	-9.031363913164649	0.0	0.0	0.0	0.0
2.9142327308654785	1781094949.0	1781094949.2930925	1	10.0	10.0	8.0	8.0	NeuronSpectrum 10.06.2026 14:49:30	EEG	checkup_149_10.06.2026 14:49:30	500.0	499.6666666666667	True	0.5	40.0	4	True	50.0	30.0	253.86843872070312	38.46750309985657	-461.6466064453125	-67.0056169198865	-301.26971435546875	-45.046766005978355	-370.22509765625	-53.2768938614911	-439.519287109375	-70.49692074398115	-38.21000671386719	-2.1411363160815635	-217.75439453125	-29.493464285184885	-41.89665222167969	-9.566672081471083	0.0	0.0	0.0	0.0
2.9142346382141113	1781094949.0	1781094949.2930944	1	10.0	10.0	8.0	8.0	NeuronSpectrum 10.06.2026 14:49:30	EEG	checkup_149_10.06.2026 14:49:30	500.0	499.6666666666667	True	0.5	40.0	4	True	50.0	30.0	255.74586486816406	46.06659979625585	-465.6594543457031	-81.61739851662409	-303.8841857910156	-54.50480872396393	-373.29132080078125	-64.901532094965	-443.4507751464844	-84.31891197253475	-38.74817657470703	-3.608403146779953	-219.6795196533203	-36.4339803133944	-41.85770034790039	-10.271385720609697	0.0	0.0	0.0	0.0
2.9142367839813232	1781094949.0	1781094949.2930965	1	10.0	10.0	8.0	8.0	NeuronSpectrum 10.06.2026 14:49:30	EEG	checkup_149_10.06.2026 14:49:30	500.0	499.6666666666667	True	0.5	40.0	4	True	50.0	30.0	259.2638244628906	54.57455316015416	-473.0508117675781	-98.23929508520894	-308.7755432128906	-65.32144851819196	-379.09625244140625	-78.18808281094431	-450.5322570800781	-99.93442233687387	-39.965782165527344	-5.620228412649341	-223.2758026123047	-44.52450897789607	-41.75352478027344	-10.985444735106864	0.0	0.0	0.0	0.0
2.914238691329956	1781094949.0	1781094949.2930984	1	10.0	10.0	8.0	8.0	NeuronSpectrum 10.06.2026 14:49:30	EEG	checkup_149_10.06.2026 14:49:30	500.0	499.6666666666667	True	0.5	40.0	4	True	50.0	30.0	261.8064880371094	62.854867733544815	-478.956298828125	-114.68018392876719	-312.809814453125	-76.04415419115008	-383.8370361328125	-91.36408565986721	-456.1556091308594	-115.27308145781129	-41.40704345703125	-7.888995543041998	-226.2949981689453	-52.65747619265242	-41.209625244140625	-11.587590764226189	0.0	0.0	0.0	0.0
2.914240598678589	1781094949.0	1781094949.2931004	1	10.0	10.0	8.0	8.0	NeuronSpectrum 10.06.2026 14:49:30	EEG	checkup_149_10.06.2026 14:49:30	500.0	499.6666666666667	True	0.5	40.0	4	True	50.0	30.0	259.95196533203125	70.00701852004961	-476.99822998046875	-129.13226645133443	-311.8616943359375	-85.46148136583228	-382.4941101074219	-102.96353402056128	-454.2771911621094	-128.63444424203982	-42.44960403442383	-10.118531795731503	-225.7934112548828	-59.897766331919634	-39.809959411621094	-12.021118626846228	0.0	0.0	0.0	0.0
2.9142422676086426	1781094949.0	1781094949.293102	1	10.0	10.0	8.0	8.0	NeuronSpectrum 10.06.2026 14:49:30	EEG	checkup_149_10.06.2026 14:49:30	500.0	499.6666666666667	True	0.5	40.0	4	True	50.0	30.0	252.81004333496094	75.43527956889929	-465.38702392578125	-140.31454625636914	-304.72833251953125	-92.69676795704576	-373.64404296875	-111.93443431991012	-443.1781921386719	-138.82419218709123	-42.80060958862305	-12.03055140891075	-220.94256591796875	-65.55344270459544	-37.60723114013672	-12.290150241819411	0.0	0.0	0.0	0.0
2.9142441749572754	1781094949.0	1781094949.293104	1	10.0	10.0	8.0	8.0	NeuronSpectrum 10.06.2026 14:49:30	EEG	checkup_149_10.06.2026 14:49:30	500.0	499.6666666666667	True	0.5	40.0	4	True	50.0	30.0	244.7106170654297	78.81296134042155	-451.82672119140625	-147.4320369741933	-296.2727355957031	-97.18464304434092	-363.323486328125	-117.60030854365114	-430.1007995605469	-145.11559584972647	-42.895416259765625	-13.381205387035505	-215.2764434814453	-69.15993818853018	-35.506492614746094	-12.434644261379917	0.0	0.0	0.0	0.0
2.9142463207244873	1781094949.0	1781094949.293106	1	10.0	10.0	8.0	8.0	NeuronSpectrum 10.06.2026 14:49:30	EEG	checkup_149_10.06.2026 14:49:30	500.0	499.6666666666667	True	0.5	40.0	4	True	50.0	30.0	243.86721801757812	80.01805738836627	-451.0746765136719	-150.0863318124358	-295.8587341308594	-98.61894863854559	-363.0849304199219	-119.58758444335596	-428.9637451171875	-147.16403484879032	-43.70799255371094	-13.977450496918893	-215.52682495117188	-70.4439076135208	-34.993492126464844	-12.500274810711389	0.0	0.0	0.0	0.0
2.91424822807312	1781094949.0	1781094949.293108	1	10.0	10.0	8.0	8.0	NeuronSpectrum 10.06.2026 14:49:30	EEG	checkup_149_10.06.2026 14:49:30	500.0	499.6666666666667	True	0.5	40.0	4	True	50.0	30.0	256.1214904785156	79.11338214077952	-473.5461120605469	-148.2667981733297	-310.0585021972656	-96.95559089009274	-380.99029541015625	-117.82429134320755	-449.6366271972656	-144.99654191088138	-45.857330322265625	-13.70133524671001	-226.32554626464844	-69.3290377899542	-37.082855224609375	-12.51928063135352	0.0	0.0	0.0	0.0
2.914249897003174	1781094949.0	1781094949.2931097	1	10.0	10.0	8.0	8.0	NeuronSpectrum 10.06.2026 14:49:30	EEG	checkup_149_10.06.2026 14:49:30	500.0	499.6666666666667	True	0.5	40.0	4	True	50.0	30.0	277.38555908203125	76.39830506161454	-511.5895080566406	-142.4673474064345	-333.8899230957031	-92.49813963577593	-410.803466796875	-112.6458251264169	-485.0061950683594	-139.11899190341225	-48.55567932128906	-12.542328425242351	-243.87936401367188	-66.00464793773784	-41.08369827270508	-12.510506890688257	0.0	0.0	0.0	0.0
2.9142518043518066	1781094949.0	1781094949.2931116	1	10.0	10.0	8.0	8.0	NeuronSpectrum 10.06.2026 14:49:30	EEG	checkup_149_10.06.2026 14:49:30	500.0	499.6666666666667	True	0.5	40.0	4	True	50.0	30.0	291.1488952636719	72.49169163051627	-535.0386962890625	-133.85103275192662	-348.01678466796875	-86.01368838353693	-428.55914306640625	-104.94314546143426	-506.76312255859375	-130.66795627413973	-49.326751708984375	-10.627131104160375	-254.0119171142578	-61.01815196146932	-44.21212387084961	-12.49463210759152	0.0	0.0	0.0	0.0
2.9142534732818604	1781094949.0	1781094949.2931132	1	10.0	10.0	8.0	8.0	NeuronSpectrum 10.06.2026 14:49:30	EEG	checkup_149_10.06.2026 14:49:30	500.0	499.6666666666667	True	0.5	40.0	4	True	50.0	30.0	275.1403503417969	68.35612930337902	-503.45684814453125	-124.29572686214416	-326.63568115234375	-78.768485050724	-402.33282470703125	-96.21591259142157	-476.8984375	-121.45031981942168	-45.05615997314453	-8.229297842161278	-237.9716033935547	-55.309022531534886	-42.70222473144531	-12.510557852495696	0.0	0.0	0.0	0.0
2.914255380630493	1781094949.0	1781094949.2931151	1	10.0	10.0	8.0	8.0	NeuronSpectrum 10.06.2026 14:49:30	EEG	checkup_149_10.06.2026 14:49:30	500.0	499.6666666666667	True	0.5	40.0	4	True	50.0	30.0	214.63818359375	65.18153152331702	-390.4255065917969	-116.17077331860283	-253.03489685058594	-72.38375406724694	-311.4750671386719	-88.40564323459043	-370.5477294921875	-113.72935140328988	-33.95144271850586	-5.7435130801777	-183.76766967773438	-50.10914659759582	-33.99737548828125	-12.617880893686232	0.0	0.0	0.0	0.0
2.914257287979126	1781094949.0	1781094949.293117	1	10.0	10.0	8.0	8.0	NeuronSpectrum 10.06.2026 14:49:30	EEG	checkup_149_10.06.2026 14:49:30	500.0	499.6666666666667	True	0.5	40.0	4	True	50.0	30.0	113.90071868896484	64.12133192021275	-204.27972412109375	-111.83367872403461	-132.8124237060547	-68.50283819879446	-162.93319702148438	-83.49560782693452	-195.50836181640625	-109.7470192218925	-17.126724243164062	-3.6227888950958738	-95.72718048095703	-46.70054505666851	-18.633703231811523	-12.880294575208941	0.0	0.0	0.0	0.0
2.9651501178741455	1781094949.0	1781094949.3440099	1	10.0	10.0	8.0	8.0	NeuronSpectrum 10.06.2026 14:49:30	EEG	checkup_149_10.06.2026 14:49:30	500.0	499.6666666666667	True	0.5	40.0	4	True	50.0	30.0	255.8389434814453	65.9736054953856	-461.1832580566406	-113.01838383035319	-296.5807189941406	-68.38013045799248	-364.7132873535156	-83.01175635774666	-437.8049621582031	-111.14437355812971	-36.458648681640625	-2.294331408498383	-214.3553924560547	-46.1091100828796	-41.35805892944336	-13.339291634259808	0.0	0.0	0.0	0.0
2.965156316757202	1781094949.0	1781094949.344016	1	10.0	10.0	8.0	8.0	NeuronSpectrum 10.06.2026 14:49:30	EEG	checkup_149_10.06.2026 14:49:30	500.0	499.6666666666667	True	0.5	40.0	4	True	50.0	30.0	255.8327178955078	70.9463243233617	-459.3992614746094	-120.37297290104432	-294.89886474609375	-72.56018732707416	-362.2153625488281	-87.6311258847844	-436.6914367675781	-118.52340880112833	-35.449249267578125	-2.079485808380526	-212.8316192626953	-48.85659007927543	-41.00503158569336	-13.994877548092512	0.0	0.0	0.0	0.0
2.965158462524414	1781094949.0	1781094949.3440182	1	10.0	10.0	8.0	8.0	NeuronSpectrum 10.06.2026 14:49:30	EEG	checkup_149_10.06.2026 14:49:30	500.0	499.6666666666667	True	0.5	40.0	4	True	50.0	30.0	257.84979248046875	78.60016398650717	-462.058349609375	-133.3212398395412	-296.6165771484375	-80.76396128724467	-363.66558837890625	-97.04152426243087	-439.9356689453125	-131.31547788179972	-35.77308654785156	-3.1384659698938	-214.10769653320312	-54.85736518885123	-40.524906158447266	-14.803861984594725	0.0	0.0	0.0	0.0
2.965160369873047	1781094949.0	1781094949.3440201	1	10.0	10.0	8.0	8.0	NeuronSpectrum 10.06.2026 14:49:30	EEG	checkup_149_10.06.2026 14:49:30	500.0	499.6666666666667	True	0.5	40.0	4	True	50.0	30.0	261.51019287109375	87.96651134926961	-468.5735778808594	-150.24756470511673	-301.39007568359375	-91.98771485459109	-368.6709289550781	-110.05963279396575	-446.9285583496094	-147.95653615970605	-37.46480941772461	-5.447342245608425	-218.0164794921875	-63.46723971594317	-40.03664779663086	-15.693318447496162	0.0	0.0	0.0	0.0
2.965162515640259	1781094949.0	1781094949.3440223	1	10.0	10.0	8.0	8.0	NeuronSpectrum 10.06.2026 14:49:30	EEG	checkup_149_10.06.2026 14:49:30	500.0	499.6666666666667	True	0.5	40.0	4	True	50.0	30.0	264.22369384765625	97.770848290202	-474.2132568359375	-168.8811133499251	-306.0891418457031	-104.7401662358087	-373.4635314941406	-124.91657081252089	-453.10906982421875	-166.25283845078042	-40.02272415161133	-8.804263108480068	-222.2943572998047	-73.63453228812918	-39.371910095214844	-16.578973492222616	0.0	0.0	0.0	0.0
2.9651646614074707	1781094949.0	1781094949.3440244	1	10.0	10.0	8.0	8.0	NeuronSpectrum 10.06.2026 14:49:30	EEG	checkup_149_10.06.2026 14:49:30	500.0	499.6666666666667	True	0.5	40.0	4	True	50.0	30.0	262.5638732910156	106.68341567867475	-472.64599609375	-186.73987835767184	-306.46881103515625	-117.33106044404114	-372.9366760253906	-139.60513978475927	-452.3956604003906	-183.80543158228974	-42.68154525756836	-12.858685667716122	-223.80870056152344	-84.09517028244186	-38.230224609375	-17.379820089367136	0.0	0.0	0.0	0.0
2.9651663303375244	1781094949.0	1781094949.344026	1	10.0	10.0	8.0	8.0	NeuronSpectrum 10.06.2026 14:49:30	EEG	checkup_149_10.06.2026 14:49:30	500.0	499.6666666666667	True	0.5	40.0	4	True	50.0	30.0	255.58192443847656	113.54495189159252	-462.0353088378906	-201.54170548852892	-301.1662902832031	-128.1509923882113	-365.5321350097656	-152.21597557291398	-442.9947509765625	-198.40499358791246	-45.0289421081543	-17.15815156892779	-221.50421142578125	-93.57217949908716	-36.634708404541016	-18.026399906839185	0.0	0.0	0.0	0.0
2.9651682376861572	1781094949.0	1781094949.344028	1	10.0	10.0	8.0	8.0	NeuronSpectrum 10.06.2026 14:49:30	EEG	checkup_149_10.06.2026 14:49:30	500.0	499.6666666666667	True	0.5	40.0	4	True	50.0	30.0	247.4886932373047	117.5440301905892	-449.94061279296875	-211.54088918822382	-294.92388916015625	-135.91221481638638	-357.18182373046875	-161.22658254124516	-432.0691833496094	-208.35659188902514	-47.4844856262207	-21.207851836893763	-218.7720184326172	-100.95991238094831	-35.306182861328125	-18.465398644061494	0.0	0.0	0.0	0.0
2.965170383453369	1781094949.0	1781094949.3440301	1	10.0	10.0	8.0	8.0	NeuronSpectrum 10.06.2026 14:49:30	EEG	checkup_149_10.06.2026 14:49:30	500.0	499.6666666666667	True	0.5	40.0	4	True	50.0	30.0	246.3549041748047	118.34110962031745	-450.8873291015625	-215.78135142425188	-297.03021240234375	-139.8389708567065	-359.3822326660156	-165.73003003453553	-433.425048828125	-212.72446353426534	-51.05466079711914	-24.537574020007252	-222.28402709960938	-105.4843876064389	-35.45079040527344	-18.665171328839403	0.0	0.0	0.0	0.0
2.965172529220581	1781094949.0	1781094949.3440323	1	10.0	10.0	8.0	8.0	NeuronSpectrum 10.06.2026 14:49:30	EEG	checkup_149_10.06.2026 14:49:30	500.0	499.6666666666667	True	0.5	40.0	4	True	50.0	30.0	257.9361877441406	116.139054592866	-475.0125427246094	-214.26386584429406	-313.9400939941406	-139.79958052640478	-380.1173400878906	-165.59415993997078	-456.7021789550781	-211.49330325073677	-56.250545501708984	-26.768540741353224	-236.5428466796875	-106.8308103686815	-37.82755661010742	-18.625205093749205	0.0	0.0	0.0	0.0
2.9651741981506348	1781094949.0	1781094949.344034	1	10.0	10.0	8.0	8.0	NeuronSpectrum 10.06.2026 14:49:30	EEG	checkup_149_10.06.2026 14:49:30	500.0	499.6666666666667	True	0.5	40.0	4	True	50.0	30.0	278.20306396484375	111.69004815433532	-514.412109375	-208.0045507625337	-340.393798828125	-136.36058815037563	-412.9302673339844	-161.52703962891846	-494.3783264160156	-205.62391520471587	-61.85133743286133	-27.669480321425947	-257.3616943359375	-105.21805491820918	-41.641693115234375	-18.3878910851163	0.0	0.0	0.0	0.0
2.9651763439178467	1781094949.0	1781094949.344036	1	10.0	10.0	8.0	8.0	NeuronSpectrum 10.06.2026 14:49:30	EEG	checkup_149_10.06.2026 14:49:30	500.0	499.6666666666667	True	0.5	40.0	4	True	50.0	30.0	290.8772277832031	106.21282349787042	-538.7678833007812	-198.93066174748304	-356.5828857421875	-130.7254654022116	-433.42132568359375	-155.00216759345392	-517.6090698242188	-196.9521466436004	-64.6304702758789	-27.188739829360458	-269.8553161621094	-101.38549566445899	-44.219200134277344	-18.045449867060096	0.0	0.0	0.0	0.0
2.9651787281036377	1781094949.0	1781094949.3440385	1	10.0	10.0	8.0	8.0	NeuronSpectrum 10.06.2026 14:49:30	EEG	checkup_149_10.06.2026 14:49:30	500.0	499.6666666666667	True	0.5	40.0	4	True	50.0	30.0	274.0223388671875	101.19185694750075	-507.6268005371094	-189.55462676569067	-336.1643981933594	-124.51995757185672	-409.0890197753906	-147.9962889487224	-487.9176940917969	-187.87577946730332	-60.68904495239258	-25.45079072490889	-254.4597930908203	-96.45770159001076	-42.067325592041016	-17.732333063176693	0.0	0.0	0.0	0.0
2.9651803970336914	1781094949.0	1781094949.3440402	1	10.0	10.0	8.0	8.0	NeuronSpectrum 10.06.2026 14:49:30	EEG	checkup_149_10.06.2026 14:49:30	500.0	499.6666666666667	True	0.5	40.0	4	True	50.0	30.0	213.2014617919922	98.06267109853874	-394.6597900390625	-182.42728703506947	-262.07122802734375	-119.42765050846383	-318.78253173828125	-142.54371625337495	-380.28369140625	-180.8314339906397	-47.845802307128906	-22.714281574115013	-198.67445373535156	-91.68520499222045	-32.922786712646484	-17.597725517816432	0.0	0.0	0.0	0.0
2.965182304382324	1781094949.0	1781094949.344042	1	10.0	10.0	8.0	8.0	NeuronSpectrum 10.06.2026 14:49:30	EEG	checkup_149_10.06.2026 14:49:30	500.0	499.6666666666667	True	0.5	40.0	4	True	50.0	30.0	112.75616455078125	97.85410067737139	-208.32022094726562	-179.49530350885016	-139.95809936523438	-116.76125946113434	-169.28187561035156	-140.21194817330394	-202.79762268066406	-177.6813885320722	-27.52062225341797	-19.30388024189584	-106.97566986083984	-88.12318535170532	-17.483243942260742	-17.76396414883293	0.0	0.0	0.0	0.0
2.965183973312378	1781094949.0	1781094949.3440437	1	10.0	10.0	8.0	8.0	NeuronSpectrum 10.06.2026 14:49:30	EEG	checkup_149_10.06.2026 14:49:30	500.0	499.6666666666667	True	0.5	40.0	4	True	50.0	30.0	253.13381958007812	100.91869056314967	-462.20794677734375	-181.60083092105637	-304.9915771484375	-117.12842552952024	-373.2306823730469	-141.693726611196	-444.0628662109375	-179.23739414728925	-47.95195007324219	-15.54150032671943	-226.44789123535156	-86.36735360538727	-38.637271881103516	-18.288239386779082	0.0	0.0	0.0	0.0
2.9651858806610107	1781094949.0	1781094949.3440456	1	10.0	10.0	8.0	8.0	NeuronSpectrum 10.06.2026 14:49:30	EEG	checkup_149_10.06.2026 14:49:30	500.0	499.6666666666667	True	0.5	40.0	4	True	50.0	30.0	252.8628387451172	106.87456751013345	-457.2337341308594	-188.3501281198139	-300.94451904296875	-120.34158012397019	-368.9662780761719	-146.69952710932708	-439.00714111328125	-185.137031122756	-43.104820251464844	-11.70282699546192	-220.8897247314453	-86.46214939680532	-38.221012115478516	-19.146703645429973	0.0	0.0	0.0	0.0
2.9651873111724854	1781094949.0	1781094949.344047	1	10.0	10.0	8.0	8.0	NeuronSpectrum 10.06.2026 14:49:30	EEG	checkup_149_10.06.2026 14:49:30	500.0	499.6666666666667	True	0.5	40.0	4	True	50.0	30.0	254.65728759765625	114.78660966861409	-455.66632080078125	-198.40557138987273	-299.0088195800781	-125.60688372768433	-367.3592834472656	-154.19367402260207	-437.14886474609375	-194.1237017958904	-38.397945404052734	-8.009025724834927	-217.04263305664062	-88.01309353498317	-38.163299560546875	-20.24821852375921	0.0	0.0	0.0	0.0
2.965189218521118	1781094949.0	1781094949.344049	1	10.0	10.0	8.0	8.0	NeuronSpectrum 10.06.2026 14:49:30	EEG	checkup_149_10.06.2026 14:49:30	500.0	499.6666666666667	True	0.5	40.0	4	True	50.0	30.0	258.0483703613281	123.49328838780495	-457.15386962890625	-210.03544559332826	-298.9963684082031	-131.88196093042458	-368.2039794921875	-162.83851822085765	-438.1487731933594	-204.57159128582154	-34.190982818603516	-4.642304766482834	-214.99745178222656	-90.42756856741067	-38.48356628417969	-21.468088399469778	0.0	0.0	0.0	0.0
2.9651904106140137	1781094949.0	1781094949.3440502	1	10.0	10.0	8.0	8.0	NeuronSpectrum 10.06.2026 14:49:30	EEG	checkup_149_10.06.2026 14:49:30	500.0	499.6666666666667	True	0.5	40.0	4	True	50.0	30.0	260.4046325683594	131.92660319840502	-457.4046630859375	-221.64950409576116	-298.16534423828125	-138.22227737967893	-368.07177734375	-171.42497560803992	-437.9284362792969	-214.99573115135541	-30.461557388305664	-1.7632997224737066	-212.83441162109375	-93.15491415593172	-38.82167434692383	-22.683311228912896	0.0	0.0	0.0	0.0
2.9651923179626465	1781094949.0	1781094949.344052	1	10.0	10.0	8.0	8.0	NeuronSpectrum 10.06.2026 14:49:30	EEG	checkup_149_10.06.2026 14:49:30	500.0	499.6666666666667	True	0.5	40.0	4	True	50.0	30.0	258.3210144042969	139.3046097634027	-450.62078857421875	-232.10735199006135	-292.8122863769531	-143.97546209847943	-362.28167724609375	-179.11598823196636	-430.99261474609375	-224.34390261748428	-26.966476440429688	0.4869302472988104	-207.80490112304688	-95.82313864403497	-38.64091491699219	-23.794494510823945	0.0	0.0	0.0	0.0
2.9651939868927	1781094949.0	1781094949.3440537	1	10.0	10.0	8.0	8.0	NeuronSpectrum 10.06.2026 14:49:30	EEG	checkup_149_10.06.2026 14:49:30	500.0	499.6666666666667	True	0.5	40.0	4	True	50.0	30.0	250.91732788085938	145.15980480449375	-435.3909912109375	-240.73882786277122	-282.1198425292969	-148.78403351327097	-349.69561767578125	-185.45364910841135	-416.0359802246094	-232.01252046108849	-23.716205596923828	2.004015756308992	-199.21937561035156	-98.24151695183122	-37.73802947998047	-24.730090603418947	0.0	0.0	0.0	0.0
2.965195894241333	1781094949.0	1781094949.3440557	1	10.0	10.0	8.0	8.0	NeuronSpectrum 10.06.2026 14:49:30	EEG	checkup_149_10.06.2026 14:49:30	500.0	499.6666666666667	True	0.5	40.0	4	True	50.0	30.0	242.48912048339844	149.24939352073608	-419.447998046875	-247.16447453676432	-271.25408935546875	-152.45623680476177	-336.6043395996094	-190.20272918564547	-400.4637451171875	-237.6710423562718	-21.384185791015625	2.7471094555570374	-190.80477905273438	-100.30984979086051	-36.67041015625	-25.43873133581186	0.0	0.0	0.0	0.0
2.9651975631713867	1781094949.0	1781094949.3440573	1	10.0	10.0	8.0	8.0	NeuronSpectrum 10.06.2026 14:49:30	EEG	checkup_149_10.06.2026 14:49:30	500.0	499.6666666666667	True	0.5	40.0	4	True	50.0	30.0	241.1828155517578	151.44166648990122	-417.3046875	-251.08924164591102	-269.7970275878906	-154.82158577125028	-334.832275390625	-193.17346676255582	-398.13494873046875	-241.06089475012874	-21.141094207763672	2.758892246688877	-189.6111297607422	-101.91688308075348	-36.58900833129883	-25.880900147956968	0.0	0.0	0.0	0.0
2.9651999473571777	1781094949.0	1781094949.3440597	1	10.0	10.0	8.0	8.0	NeuronSpectrum 10.06.2026 14:49:30	EEG	checkup_149_10.06.2026 14:49:30	500.0	499.6666666666667	True	0.5	40.0	4	True	50.0	30.0	252.81446838378906	151.6706820404603	-439.18115234375	-252.2360850403745	-284.4747314453125	-155.68352871155827	-352.7545166015625	-194.1616617688983	-418.8185119628906	-241.92887929169757	-23.758098602294922	2.1634691919097246	-200.6674041748047	-102.9084607362759	-38.33250427246094	-26.030195653567297	0.0	0.0	0.0	0.0
2.9652016162872314	1781094949.0	1781094949.3440614	1	10.0	10.0	8.0	8.0	NeuronSpectrum 10.06.2026 14:49:30	EEG	checkup_149_10.06.2026 14:49:30	500.0	499.6666666666667	True	0.5	40.0	4	True	50.0	30.0	273.4021911621094	150.00022208117423	-477.63385009765625	-250.49078113995773	-310.3861083984375	-154.9180107209863	-384.42144775390625	-193.06614682298837	-455.46124267578125	-240.16398452283573	-28.49382209777832	1.1362765713082872	-220.4715118408203	-103.16093724926505	-41.31191635131836	-25.887355868676153	0.0	0.0	0.0	0.0
2.9652035236358643	1781094949.0	1781094949.3440633	1	10.0	10.0	8.0	8.0	NeuronSpectrum 10.06.2026 14:49:30	EEG	checkup_149_10.06.2026 14:49:30	500.0	499.6666666666667	True	0.5	40.0	4	True	50.0	30.0	286.6950988769531	146.76042803104886	-503.1701965332031	-246.1869724450904	-328.1264343261719	-152.67136885762108	-405.9554443359375	-190.12664375739624	-480.0025939941406	-236.07043324828317	-32.707576751708984	-0.14606718350422124	-234.78564453125	-102.72679180185192	-43.12958526611328	-25.500198178373832	0.0	0.0	0.0	0.0
2.965204954147339	1781094949.0	1781094949.3440647	1	10.0	10.0	8.0	8.0	NeuronSpectrum 10.06.2026 14:49:30	EEG	checkup_149_10.06.2026 14:49:30	500.0	499.6666666666667	True	0.5	40.0	4	True	50.0	30.0	270.737060546875	142.65873836309038	-476.09686279296875	-240.34754994361262	-311.559814453125	-149.53468487264433	-385.1265563964844	-186.13128283166768	-454.63751220703125	-230.60149664547112	-32.830902099609375	-1.5566367733398547	-224.28817749023438	-101.96390216891677	-40.545867919921875	-24.975400172220205	0.0	0.0	0.0	0.0
2.965207099914551	1781094949.0	1781094949.3440669	1	10.0	10.0	8.0	8.0	NeuronSpectrum 10.06.2026 14:49:30	EEG	checkup_149_10.06.2026 14:49:30	500.0	499.6666666666667	True	0.5	40.0	4	True	50.0	30.0	210.99549865722656	138.76343957693868	-370.1482238769531	-234.69208221931086	-243.32615661621094	-146.5657791540722	-300.5151672363281	-182.43598783544834	-354.2969665527344	-225.3717653425315	-26.36011505126953	-3.0485206657709454	-175.9808349609375	-101.5551534776792	-31.430343627929688	-24.469272760533183	0.0	0.0	0.0	0.0
2.9652087688446045	1781094949.0	1781094949.3440685	1	10.0	10.0	8.0	8.0	NeuronSpectrum 10.06.2026 14:49:30	EEG	checkup_149_10.06.2026 14:49:30	500.0	499.6666666666667	True	0.5	40.0	4	True	50.0	30.0	111.64290618896484	136.32575535264914	-192.76625061035156	-231.3425517829434	-128.16319274902344	-145.10980269068207	-157.9932098388672	-180.73645380297364	-185.96075439453125	-222.38180372500685	-13.618805885314941	-4.653257338511282	-93.05885314941406	-102.38261992803707	-16.44025993347168	-24.155612287656357	0.0	0.0	0.0	0.0
3.016319751739502	1781094949.0	1781094949.3951795	1	10.0	10.0	8.0	8.0	NeuronSpectrum 10.06.2026 14:49:30	EEG	checkup_149_10.06.2026 14:49:30	500.0	499.6666666666667	True	0.5	40.0	4	True	50.0	30.0	251.7899627685547	136.5040383436998	-445.02716064453125	-232.33745188596745	-294.4159240722656	-146.48680978594527	-364.72430419921875	-182.67817973359902	-426.0594482421875	-223.55846717014933	-36.4384880065918	-6.452089836896795	-217.58767700195312	-105.30574698226468	-37.68446731567383	-24.182937416799234	0.0	0.0	0.0	0.0
3.0163252353668213	1781094949.0	1781094949.395185	1	10.0	10.0	8.0	8.0	NeuronSpectrum 10.06.2026 14:49:30	EEG	checkup_149_10.06.2026 14:49:30	500.0	499.6666666666667	True	0.5	40.0	4	True	50.0	30.0	251.92115783691406	140.1061046317056	-445.114013671875	-239.16180729435393	-295.4811706542969	-151.68068793553456	-366.41180419921875	-189.47091988446508	-426.611328125	-230.3076479680608	-38.070472717285156	-8.535400353669052	-220.40914916992188	-110.94078426106391	-37.685546875	-24.639784933647434	0.0	0.0	0.0	0.0
3.016327142715454	1781094949.0	1781094949.395187	1	10.0	10.0	8.0	8.0	NeuronSpectrum 10.06.2026 14:49:30	EEG	checkup_149_10.06.2026 14:49:30	500.0	499.6666666666667	True	0.5	40.0	4	True	50.0	30.0	253.94866943359375	147.43202875500847	-448.2785339355469	-252.44360424311304	-298.48681640625	-161.12899668702082	-370.5255432128906	-201.63017767050792	-430.08258056640625	-243.22285201049286	-39.701942443847656	-10.964113489813414	-224.4000701904297	-119.51307610209328	-37.81687545776367	-25.539663927885176	0.0	0.0	0.0	0.0
3.016329288482666	1781094949.0	1781094949.395189	1	10.0	10.0	8.0	8.0	NeuronSpectrum 10.06.2026 14:49:30	EEG	checkup_149_10.06.2026 14:49:30	500.0	499.6666666666667	True	0.5	40.0	4	True	50.0	30.0	257.42449951171875	158.22016244251841	-454.00665283203125	-271.8272317087541	-303.14111328125	-174.62383979879195	-376.6745910644531	-218.85750314839083	-435.9565124511719	-261.9606916418335	-41.37274932861328	-13.73810339502441	-229.25238037109375	-130.7886478095687	-37.94982147216797	-26.823589374923014	0.0	0.0	0.0	0.0
3.0163307189941406	1781094949.0	1781094949.3951905	1	10.0	10.0	8.0	8.0	NeuronSpectrum 10.06.2026 14:49:30	EEG	checkup_149_10.06.2026 14:49:30	500.0	499.6666666666667	True	0.5	40.0	4	True	50.0	30.0	259.759033203125	171.6491177560231	-457.93817138671875	-295.94643678597237	-306.6097106933594	-191.27743963286633	-381.3456726074219	-240.00180590202226	-440.06536865234375	-285.2109027192906	-42.80670166015625	-16.771090914324727	-232.8717803955078	-144.05098760480007	-37.7171516418457	-28.369793323935344	0.0	0.0	0.0	0.0
3.0163326263427734	1781094949.0	1781094949.3951924	1	10.0	10.0	8.0	8.0	NeuronSpectrum 10.06.2026 14:49:30	EEG	checkup_149_10.06.2026 14:49:30	500.0	499.6666666666667	True	0.5	40.0	4	True	50.0	30.0	257.60467529296875	186.35654842323058	-454.24713134765625	-322.43371294529834	-305.07000732421875	-209.5156130223101	-379.8131408691406	-263.0561704907862	-436.8628234863281	-310.70214352292163	-43.57856369018555	-19.872929183765816	-232.49346923828125	-158.0968629182708	-36.713260650634766	-30.001753885736196	0.0	0.0	0.0	0.0
3.016334056854248	1781094949.0	1781094949.3951938	1	10.0	10.0	8.0	8.0	NeuronSpectrum 10.06.2026 14:49:30	EEG	checkup_149_10.06.2026 14:49:30	500.0	499.6666666666667	True	0.5	40.0	4	True	50.0	30.0	250.14422607421875	200.4746482465382	-441.4667053222656	-347.971147409019	-297.56231689453125	-227.1059995939183	-370.875732421875	-285.19884856096434	-424.9736022949219	-335.24933362384814	-43.58160400390625	-22.74445604987811	-227.4440460205078	-171.2574979525317	-34.92693328857422	-31.492768551454557	0.0	0.0	0.0	0.0
3.0163357257843018	1781094949.0	1781094949.3951955	1	10.0	10.0	8.0	8.0	NeuronSpectrum 10.06.2026 14:49:30	EEG	checkup_149_10.06.2026 14:49:30	500.0	499.6666666666667	True	0.5	40.0	4	True	50.0	30.0	241.7255401611328	211.71800579936848	-427.20977783203125	-368.4484138570595	-289.1178894042969	-241.26594072130592	-360.7024841308594	-302.9338260686813	-411.67987060546875	-354.90560396437616	-43.41263961791992	-24.99253895842624	-221.37322998046875	-181.47898922916525	-33.06298065185547	-32.572254345489306	0.0	0.0	0.0	0.0
3.0163373947143555	1781094949.0	1781094949.3951972	1	10.0	10.0	8.0	8.0	NeuronSpectrum 10.06.2026 14:49:30	EEG	checkup_149_10.06.2026 14:49:30	500.0	499.6666666666667	True	0.5	40.0	4	True	50.0	30.0	240.52049255371094	217.57438427480105	-425.8439636230469	-379.31662000678307	-289.2152404785156	-248.90794982445522	-360.92059326171875	-312.4018019743113	-410.6814880371094	-365.303354986374	-44.174903869628906	-26.171749652313704	-221.11280822753906	-186.50435611443964	-32.317108154296875	-32.94265266338524	0.0	0.0	0.0	0.0
3.0163393020629883	1781094949.0	1781094949.395199	1	10.0	10.0	8.0	8.0	NeuronSpectrum 10.06.2026 14:49:30	EEG	checkup_149_10.06.2026 14:49:30	500.0	499.6666666666667	True	0.5	40.0	4	True	50.0	30.0	252.3365020751953	215.63443069545556	-447.5292663574219	-376.19772680202914	-304.5031433105469	-247.0596526647888	-379.6473388671875	-309.9057333171844	-431.624755859375	-362.24075652247797	-46.57238006591797	-25.853929761344627	-231.41314697265625	-184.18302545340129	-33.50599670410156	-32.314633864798914	0.0	0.0	0.0	0.0
3.016340732574463	1781094949.0	1781094949.3952005	1	10.0	10.0	8.0	8.0	NeuronSpectrum 10.06.2026 14:49:30	EEG	checkup_149_10.06.2026 14:49:30	500.0	499.6666666666667	True	0.5	40.0	4	True	50.0	30.0	273.15826416015625	204.04854258069133	-484.96661376953125	-355.72247706999445	-330.0108642578125	-233.43639812960615	-410.6746826171875	-292.6223844628234	-467.4679260253906	-342.4868115211454	-49.838741302490234	-23.71800776217087	-248.61752319335938	-172.8899878314859	-36.052791595458984	-30.461616225950475	0.0	0.0	0.0	0.0
3.0163426399230957	1781094949.0	1781094949.3952024	1	10.0	10.0	8.0	8.0	NeuronSpectrum 10.06.2026 14:49:30	EEG	checkup_149_10.06.2026 14:49:30	500.0	499.6666666666667	True	0.5	40.0	4	True	50.0	30.0	286.6968688964844	182.02791480164518	-509.04345703125	-316.442952824634	-346.2819519042969	-207.06039346077372	-429.975341796875	-259.3675529916452	-490.3578796386719	-304.6568706853171	-51.437137603759766	-19.641714115667593	-258.6438293457031	-151.97555888011277	-37.68003845214844	-27.283974257212652	0.0	0.0	0.0	0.0
3.0163443088531494	1781094949.0	1781094949.395204	1	10.0	10.0	8.0	8.0	NeuronSpectrum 10.06.2026 14:49:30	EEG	checkup_149_10.06.2026 14:49:30	500.0	499.6666666666667	True	0.5	40.0	4	True	50.0	30.0	270.97296142578125	150.24140324875222	-480.5683898925781	-259.55091459267254	-327.2088928222656	-168.74464717869068	-405.4032287597656	-211.19029184042938	-462.86865234375	-249.90084166955435	-48.10625457763672	-13.768634267148288	-242.69992065429688	-122.11275820042165	-35.34164810180664	-22.86312923899362	0.0	0.0	0.0	0.0
3.016345977783203	1781094949.0	1781094949.3952057	1	10.0	10.0	8.0	8.0	NeuronSpectrum 10.06.2026 14:49:30	EEG	checkup_149_10.06.2026 14:49:30	500.0	499.6666666666667	True	0.5	40.0	4	True	50.0	30.0	211.44943237304688	110.94093726110225	-373.6830139160156	-189.1018321248412	-255.62484741210938	-121.2407490139018	-315.9326477050781	-151.5488406846344	-360.3676452636719	-182.11690474457328	-37.83932876586914	-6.523881679072744	-188.5711669921875	-85.39689992355092	-27.035579681396484	-17.48200825169711	0.0	0.0	0.0	0.0
3.0163474082946777	1781094949.0	1781094949.3952072	1	10.0	10.0	8.0	8.0	NeuronSpectrum 10.06.2026 14:49:30	EEG	checkup_149_10.06.2026 14:49:30	500.0	499.6666666666667	True	0.5	40.0	4	True	50.0	30.0	112.30072784423828	67.70533670634987	-195.94973754882812	-111.5489416692077	-136.66546630859375	-68.92074647766651	-168.1029815673828	-85.90979823716489	-190.1778106689453	-107.50383206260426	-21.512453079223633	1.436861014864967	-100.24331665039062	-45.105140965929266	-13.340690612792969	-11.595494016007661	0.0	0.0	0.0	0.0
