# METADATA
key	value
export_created_at	2026-06-17T14:41:45
record_start_app_timestamp	1781696463.9682736
record_end_app_timestamp	1781696485.1613123
record_samples	1500
record_duration_s	21.19303870201111
stim_sequence_file	C:/Users/laba/Desktop/прога_gсвет/Частоты.txt
record_sequence_steps_json	"[{""step_index"": 1, ""dac0_f1_hz"": 10.0, ""dac0_f2_hz"": 10.0, ""dac1_f1_hz"": 8.0, ""dac1_f2_hz"": 8.0, ""duration_s"": 3.0}, {""step_index"": 2, ""dac0_f1_hz"": 8.0, ""dac0_f2_hz"": 8.0, ""dac1_f1_hz"": 7.0, ""dac1_f2_hz"": 7.0, ""duration_s"": 3.0}, {""step_index"": 3, ""dac0_f1_hz"": 12.0, ""dac0_f2_hz"": 14.0, ""dac1_f1_hz"": 6.0, ""dac1_f2_hz"": 8.0, ""duration_s"": 3.0}, {""step_index"": 4, ""dac0_f1_hz"": 2.0, ""dac0_f2_hz"": 3.0, ""dac1_f1_hz"": 3.0, ""dac1_f2_hz"": 2.0, ""duration_s"": 3.0}, {""step_index"": 5, ""dac0_f1_hz"": 25.0, ""dac0_f2_hz"": 29.0, ""dac1_f1_hz"": 12.0, ""dac1_f2_hz"": 8.0, ""duration_s"": 3.0}, {""step_index"": 6, ""dac0_f1_hz"": 12.0, ""dac0_f2_hz"": 14.0, ""dac1_f1_hz"": 32.0, ""dac1_f2_hz"": 34.0, ""duration_s"": 3.0}, {""step_index"": 7, ""dac0_f1_hz"": 55.0, ""dac0_f2_hz"": 22.0, ""dac1_f1_hz"": 10.0, ""dac1_f2_hz"": 4.0, ""duration_s"": 3.0}]"
stim_events_json	"[{""step_index"": 1, ""dac0_f1_hz"": 10.0, ""dac0_f2_hz"": 10.0, ""dac1_f1_hz"": 8.0, ""dac1_f2_hz"": 8.0, ""app_timestamp"": 1781696463.9682832, ""lsl_timestamp"": 2909.8230264}, {""step_index"": 2, ""dac0_f1_hz"": 8.0, ""dac0_f2_hz"": 8.0, ""dac1_f1_hz"": 7.0, ""dac1_f2_hz"": 7.0, ""app_timestamp"": 1781696467.0004456, ""lsl_timestamp"": 2912.8551859}, {""step_index"": 3, ""dac0_f1_hz"": 12.0, ""dac0_f2_hz"": 14.0, ""dac1_f1_hz"": 6.0, ""dac1_f2_hz"": 8.0, ""app_timestamp"": 1781696470.035587, ""lsl_timestamp"": 2915.8903273}, {""step_index"": 4, ""dac0_f1_hz"": 2.0, ""dac0_f2_hz"": 3.0, ""dac1_f1_hz"": 3.0, ""dac1_f2_hz"": 2.0, ""app_timestamp"": 1781696473.0667589, ""lsl_timestamp"": 2918.9214988}, {""step_index"": 5, ""dac0_f1_hz"": 25.0, ""dac0_f2_hz"": 29.0, ""dac1_f1_hz"": 12.0, ""dac1_f2_hz"": 8.0, ""app_timestamp"": 1781696476.0772526, ""lsl_timestamp"": 2921.9319926}, {""step_index"": 6, ""dac0_f1_hz"": 12.0, ""dac0_f2_hz"": 14.0, ""dac1_f1_hz"": 32.0, ""dac1_f2_hz"": 34.0, ""app_timestamp"": 1781696479.0960383, ""lsl_timestamp"": 2924.9507783}, {""step_index"": 7, ""dac0_f1_hz"": 55.0, ""dac0_f2_hz"": 22.0, ""dac1_f1_hz"": 10.0, ""dac1_f2_hz"": 4.0, ""app_timestamp"": 1781696482.1271615, ""lsl_timestamp"": 2927.9819019}]"
lsl_stream_meta_json	"{""name"": ""NeuronSpectrum 17.06.2026 14:10:28"", ""type"": ""EEG"", ""source_id"": ""checkup_155_17.06.2026 14:10:28"", ""uid"": ""e846629c-a5dc-4324-8f19-ed5c81a8dd7c"", ""channel_count"": 10, ""nominal_srate_hz"": 500.0, ""channel_format"": 1, ""lsl_protocol_version"": 110, ""lsl_library_version"": 117}"
lsl_channel_names_json	"[""ch_1"", ""ch_2"", ""ch_3"", ""ch_4"", ""ch_5"", ""ch_6"", ""ch_7"", ""ch_8"", ""ch_9"", ""ch_10""]"
filter_config_json	"{""bandpass_enabled"": true, ""bandpass_low_hz"": 0.5, ""bandpass_high_hz"": 40.0, ""bandpass_order"": 4, ""notch_enabled"": true, ""notch_hz"": 50.0, ""notch_q"": 30.0}"
filter_notes_json	"[""bandpass applied with sosfiltfilt"", ""notch applied with filtfilt""]"
arduino_params_json	"{""a1"": 0.5, ""p1"": 0.0, ""a2"": 0.5, ""p2"": 0.0, ""dac0_f1"": 100.0, ""dac0_f2"": 200.0, ""dac1_f1"": 100.0, ""dac1_f2"": 200.0, ""dc"": 2.0, ""sr"": 1000, ""gain_max"": 4.0}"
serial_port	COM12
serial_baud	115200
export_split_by_step	True
export_step_index	6
export_step_total	7
export_step_dac0_f1_hz	12.0
export_step_dac0_f2_hz	14.0
export_step_dac1_f1_hz	32.0
export_step_dac1_f2_hz	34.0
export_step_duration_s	3.0
export_step_records	1500

# DATA
record_elapsed_s	lsl_timestamp	app_timestamp	stim_step_index	stim_dac0_f1_hz	stim_dac0_f2_hz	stim_dac1_f1_hz	stim_dac1_f2_hz	lsl_stream_name	lsl_stream_type	lsl_source_id	lsl_nominal_srate_hz	lsl_effective_srate_hz	bandpass_enabled	bandpass_low_hz	bandpass_high_hz	bandpass_order	notch_enabled	notch_hz	notch_q	raw_ch_1	filtered_ch_1	raw_ch_2	filtered_ch_2	raw_ch_3	filtered_ch_3	raw_ch_4	filtered_ch_4	raw_ch_5	filtered_ch_5	raw_ch_6	filtered_ch_6	raw_ch_7	filtered_ch_7	raw_ch_8	filtered_ch_8	raw_ch_9	filtered_ch_9	raw_ch_10	filtered_ch_10
15.168943643569946	1781696479.0	1781696479.1372173	6	12.0	14.0	32.0	34.0	NeuronSpectrum 17.06.2026 14:10:28	EEG	checkup_155_17.06.2026 14:10:28	500.0	499.6666666666667	True	0.5	40.0	4	True	50.0	30.0	-0.17161579430103302	403.53328691154326	-3.8085312843322754	-1.584307340503639	-0.9320539832115173	-0.7050804257449385	-6.743066310882568	-1.0167997005024518	2.8786745071411133	-1.010649772283394	11.9155912399292	2.6343182347574796	-11.293102264404297	-7.136522915922297	-0.03554176166653633	-0.3016013961156726	0.0	0.0	0.0	0.0
15.168950080871582	1781696479.0	1781696479.1372237	6	12.0	14.0	32.0	34.0	NeuronSpectrum 17.06.2026 14:10:28	EEG	checkup_155_17.06.2026 14:10:28	500.0	499.6666666666667	True	0.5	40.0	4	True	50.0	30.0	-0.108458012342453	404.9847860066171	-9.076332092285156	-2.7925929775118674	-7.293030261993408	-2.2670916512411954	-16.021350860595703	-3.8285217417440887	-2.6714231967926025	-2.2455634811467498	5.17209005355835	0.8922722682007963	-19.91705894470215	-9.918659413509772	-0.19850532710552216	-0.17707528961089905	0.0	0.0	0.0	0.0
15.168952703475952	1781696479.0	1781696479.1372263	6	12.0	14.0	32.0	34.0	NeuronSpectrum 17.06.2026 14:10:28	EEG	checkup_155_17.06.2026 14:10:28	500.0	499.6666666666667	True	0.5	40.0	4	True	50.0	30.0	-0.03203030675649643	406.55509258771946	-11.54411792755127	-3.9872955161815655	-10.35146427154541	-3.7685129493286187	-20.901966094970703	-6.453769605426692	-5.370587348937988	-3.4588474616188187	1.7628933191299438	-0.8177073961636118	-24.705751419067383	-12.544630221117034	0.30876174569129944	-0.03181226125700403	0.0	0.0	0.0	0.0
15.168954610824585	1781696479.0	1781696479.1372283	6	12.0	14.0	32.0	34.0	NeuronSpectrum 17.06.2026 14:10:28	EEG	checkup_155_17.06.2026 14:10:28	500.0	499.6666666666667	True	0.5	40.0	4	True	50.0	30.0	0.034412872046232224	408.4292916206083	-10.830358505249023	-5.217303672453864	-9.589344024658203	-5.222920149278662	-20.54889678955078	-8.808668082881663	-4.680814266204834	-4.692066111498698	2.432870864868164	-2.450507756679645	-24.681344985961914	-14.923747252845084	1.0429236888885498	0.16939492235663398	0.0	0.0	0.0	0.0
15.168956518173218	1781696479.0	1781696479.1372302	6	12.0	14.0	32.0	34.0	NeuronSpectrum 17.06.2026 14:10:28	EEG	checkup_155_17.06.2026 14:10:28	500.0	499.6666666666667	True	0.5	40.0	4	True	50.0	30.0	0.07731402665376663	410.67126540886926	-8.66187858581543	-6.54525666392184	-6.914768695831299	-6.675307845723277	-17.231691360473633	-10.885495467422675	-2.2859137058258057	-6.008865705466873	5.486199378967285	-3.993363448749536	-21.676513671875	-17.03513829768505	1.4972431659698486	0.461954365298067	0.0	0.0	0.0	0.0
15.16895842552185	1781696479.0	1781696479.137232	6	12.0	14.0	32.0	34.0	NeuronSpectrum 17.06.2026 14:10:28	EEG	checkup_155_17.06.2026 14:10:28	500.0	499.6666666666667	True	0.5	40.0	4	True	50.0	30.0	0.09102781116962433	413.19401195320756	-7.4532246589660645	-8.018877031046538	-5.137640476226807	-8.174748288974502	-14.451760292053223	-12.728604242801456	-0.7217498421669006	-7.467298918531921	8.111629486083984	-5.454026943193601	-18.836658477783203	-18.909067402385837	1.487706184387207	0.8724073786330032	0.0	0.0	0.0	0.0
15.168960571289062	1781696479.0	1781696479.1372342	6	12.0	14.0	32.0	34.0	NeuronSpectrum 17.06.2026 14:10:28	EEG	checkup_155_17.06.2026 14:10:28	500.0	499.6666666666667	True	0.5	40.0	4	True	50.0	30.0	0.07015165686607361	415.7889872852127	-8.546601295471191	-9.633564412208795	-5.973353862762451	-9.733242082181766	-14.504775047302246	-14.383146507276345	-1.5605535507202148	-9.079935276382393	8.170784950256348	-6.827959859901024	-18.532888412475586	-20.580334003313933	1.240216612815857	1.4059885609154243	0.0	0.0	0.0	0.0
15.168962001800537	1781696479.0	1781696479.1372356	6	12.0	14.0	32.0	34.0	NeuronSpectrum 17.06.2026 14:10:28	EEG	checkup_155_17.06.2026 14:10:28	500.0	499.6666666666667	True	0.5	40.0	4	True	50.0	30.0	0.005875044036656618	418.2045534156307	-11.415440559387207	-11.302910324220692	-9.01839542388916	-11.289736679447772	-17.234094619750977	-15.841335655068322	-4.468744277954102	-10.77946766136709	5.299083232879639	-8.062644176686913	-21.11924934387207	-22.03722201729132	1.195900559425354	2.034712633137973	0.0	0.0	0.0	0.0
15.16896390914917	1781696479.0	1781696479.1372375	6	12.0	14.0	32.0	34.0	NeuronSpectrum 17.06.2026 14:10:28	EEG	checkup_155_17.06.2026 14:10:28	500.0	499.6666666666667	True	0.5	40.0	4	True	50.0	30.0	-0.10759548097848892	420.24420804090136	-14.326470375061035	-12.851867853108493	-12.337491035461426	-12.696772014063038	-20.696489334106445	-17.011457045004178	-7.726827621459961	-12.406451231071037	0.8482118844985962	-9.03961942792158	-25.161680221557617	-23.19150611113559	1.6887098550796509	2.6914505748177255	0.0	0.0	0.0	0.0
15.168965578079224	1781696479.0	1781696479.1372392	6	12.0	14.0	32.0	34.0	NeuronSpectrum 17.06.2026 14:10:28	EEG	checkup_155_17.06.2026 14:10:28	500.0	499.6666666666667	True	0.5	40.0	4	True	50.0	30.0	-0.2609933316707611	421.84679609371346	-15.85452651977539	-14.038777768162948	-14.115018844604492	-13.737722557261222	-23.010150909423828	-17.723901227407456	-9.712488174438477	-13.727273841016396	-3.0354321002960205	-9.58666331503502	-28.68619728088379	-23.884893225250163	2.7456932067871094	3.2749307772127114	0.0	0.0	0.0	0.0
15.168967247009277	1781696479.0	1781696479.137241	6	12.0	14.0	32.0	34.0	NeuronSpectrum 17.06.2026 14:10:28	EEG	checkup_155_17.06.2026 14:10:28	500.0	499.6666666666667	True	0.5	40.0	4	True	50.0	30.0	-0.4218904674053192	423.11689589598217	-15.979732513427734	-14.602262248586763	-14.035572052001953	-14.170934032218879	-23.7558650970459	-17.77292891146913	-10.134590148925781	-14.479515066380353	-4.527578830718994	-9.518699941472265	-30.38835906982422	-23.93104799765478	4.051174163818359	3.6675403857707756	0.0	0.0	0.0	0.0
15.168968915939331	1781696479.0	1781696479.1372426	6	12.0	14.0	32.0	34.0	NeuronSpectrum 17.06.2026 14:10:28	EEG	checkup_155_17.06.2026 14:10:28	500.0	499.6666666666667	True	0.5	40.0	4	True	50.0	30.0	-0.5421788096427917	424.29204554433824	-15.882713317871094	-14.321614331671391	-13.333598136901855	-13.78869500621824	-23.812402725219727	-16.98004783997218	-10.069211959838867	-14.43344448961068	-2.936328887939453	-8.693771255892207	-30.023456573486328	-23.178001787978786	5.09168004989624	3.7630508072806452	0.0	0.0	0.0	0.0
15.168970823287964	1781696479.0	1781696479.1372445	6	12.0	14.0	32.0	34.0	NeuronSpectrum 17.06.2026 14:10:28	EEG	checkup_155_17.06.2026 14:10:28	500.0	499.6666666666667	True	0.5	40.0	4	True	50.0	30.0	-0.5782290697097778	425.6575569216117	-16.579647064208984	-13.076239870139926	-13.477533340454102	-12.475947173879788	-23.84743309020996	-15.258771553463045	-10.78080940246582	-13.454536040591096	1.010166049003601	-7.065089682407969	-27.93349266052246	-21.568918848428215	5.390218257904053	3.4968476097388286	0.0	0.0	0.0	0.0
15.168972492218018	1781696479.0	1781696479.1372461	6	12.0	14.0	32.0	34.0	NeuronSpectrum 17.06.2026 14:10:28	EEG	checkup_155_17.06.2026 14:10:28	500.0	499.6666666666667	True	0.5	40.0	4	True	50.0	30.0	-0.5141675472259521	427.44016116044816	-17.55091094970703	-10.889847731598273	-14.577351570129395	-10.254474653583562	-22.887588500976562	-12.661136677839565	-12.319500923156738	-11.55160395938381	5.3799638748168945	-4.712856305239117	-24.34600257873535	-19.181164561624758	4.727385997772217	2.8690058319286846	0.0	0.0	0.0	0.0
15.168974161148071	1781696479.0	1781696479.1372478	6	12.0	14.0	32.0	34.0	NeuronSpectrum 17.06.2026 14:10:28	EEG	checkup_155_17.06.2026 14:10:28	500.0	499.6666666666667	True	0.5	40.0	4	True	50.0	30.0	-0.37150678038597107	429.7206478398637	-16.575572967529297	-7.947134810528052	-14.8340482711792	-7.300860488072322	-18.37521743774414	-9.391786444990714	-13.069275856018066	-8.897049355575891	7.731489658355713	-1.8472131382407595	-19.09294891357422	-16.231913916458407	3.2861721515655518	1.9519080241301558	0.0	0.0	0.0	0.0
15.219927787780762	1781696479.0	1781696479.1882014	6	12.0	14.0	32.0	34.0	NeuronSpectrum 17.06.2026 14:10:28	EEG	checkup_155_17.06.2026 14:10:28	500.0	499.6666666666667	True	0.5	40.0	4	True	50.0	30.0	-0.5500437021255493	432.3993382293666	-6.722107410430908	-4.575067080713851	-3.925858497619629	-3.9305711627728863	-10.7244873046875	-5.783963569791465	-1.717171311378479	-5.81006577904882	8.636293411254883	1.2180614089128834	-17.9605712890625	-13.048966454912428	-0.9921880960464478	0.8788663071153008	0.0	0.0	0.0	0.0
15.21993350982666	1781696479.0	1781696479.1882071	6	12.0	14.0	32.0	34.0	NeuronSpectrum 17.06.2026 14:10:28	EEG	checkup_155_17.06.2026 14:10:28	500.0	499.6666666666667	True	0.5	40.0	4	True	50.0	30.0	-0.39634376764297485	435.22881894071236	-1.9902852773666382	-1.1887150700719284	0.35456961393356323	-0.5475727628070877	-6.610984802246094	-2.2418521010259904	2.8881521224975586	-2.7019790669874917	12.700254440307617	4.115551076681278	-13.922261238098145	-10.014227814648253	-1.2612648010253906	-0.18341926684987125	0.0	0.0	0.0	0.0
15.21993637084961	1781696479.0	1781696479.18821	6	12.0	14.0	32.0	34.0	NeuronSpectrum 17.06.2026 14:10:28	EEG	checkup_155_17.06.2026 14:10:28	500.0	499.6666666666667	True	0.5	40.0	4	True	50.0	30.0	-0.16346131265163422	437.9030401213378	2.7587459087371826	1.7879718896055756	4.907598495483398	2.4313180171680995	-2.2972829341888428	0.8370913417525419	7.3720502853393555	0.005533564898935445	16.890911102294922	6.488513306227004	-9.642043113708496	-7.492677311585933	-0.5653444528579712	-1.0706186596719869	0.0	0.0	0.0	0.0
15.219938039779663	1781696479.0	1781696479.1882117	6	12.0	14.0	32.0	34.0	NeuronSpectrum 17.06.2026 14:10:28	EEG	checkup_155_17.06.2026 14:10:28	500.0	499.6666666666667	True	0.5	40.0	4	True	50.0	30.0	0.09966534376144409	440.17017963525245	6.233730316162109	4.007224810555757	8.525786399841309	4.659337008385021	1.2997716665267944	3.140844927199912	10.433627128601074	1.9684859621722732	19.95949935913086	8.056967243444813	-6.259332656860352	-5.7619214675795	-0.07368870079517365	-1.6553344715043894	0.0	0.0	0.0	0.0
15.219940185546875	1781696479.0	1781696479.1882138	6	12.0	14.0	32.0	34.0	NeuronSpectrum 17.06.2026 14:10:28	EEG	checkup_155_17.06.2026 14:10:28	500.0	499.6666666666667	True	0.5	40.0	4	True	50.0	30.0	0.31965991854667664	441.9269268919658	7.427700042724609	5.2662966661769115	10.042318344116211	5.928636880159834	3.1697440147399902	4.503649033861932	11.069217681884766	2.990806286005861	20.603055953979492	8.670689047800984	-4.908222675323486	-4.957536777583687	-0.683195173740387	-1.8732924155357924	0.0	0.0	0.0	0.0
15.219941854476929	1781696479.0	1781696479.1882155	6	12.0	14.0	32.0	34.0	NeuronSpectrum 17.06.2026 14:10:28	EEG	checkup_155_17.06.2026 14:10:28	500.0	499.6666666666667	True	0.5	40.0	4	True	50.0	30.0	0.42966553568840027	443.2580523875059	6.204190731048584	5.542468252021665	9.04049301147461	6.207510051176667	2.8224050998687744	4.934738658009094	9.190469741821289	3.0579752432664407	18.369625091552734	8.335169982633415	-5.941762447357178	-5.047088961637028	-2.2181522846221924	-1.7374607261369333	0.0	0.0	0.0	0.0
15.21994400024414	1781696479.0	1781696479.1882176	6	12.0	14.0	32.0	34.0	NeuronSpectrum 17.06.2026 14:10:28	EEG	checkup_155_17.06.2026 14:10:28	500.0	499.6666666666667	True	0.5	40.0	4	True	50.0	30.0	0.3999145030975342	444.40531885695987	3.3100392818450928	4.986230262197307	6.080548286437988	5.637192657422404	0.5226799249649048	4.608437318824363	5.693478584289551	2.326569044874016	14.200502395629883	7.202901949644606	-8.698236465454102	-5.840063941307095	-3.503063917160034	-1.338516979905412	0.0	0.0	0.0	0.0
15.219945907592773	1781696479.0	1781696479.1882195	6	12.0	14.0	32.0	34.0	NeuronSpectrum 17.06.2026 14:10:28	EEG	checkup_155_17.06.2026 14:10:28	500.0	499.6666666666667	True	0.5	40.0	4	True	50.0	30.0	0.25198936462402344	445.6765304481705	-0.11739057302474976	3.8761615666369846	2.3512911796569824	4.4904700781741305	-2.895887851715088	3.818217829121278	1.9664808511734009	1.075147619563879	10.141063690185547	5.533019649521331	-11.937604904174805	-7.032269403181775	-3.306903839111328	-0.8305376705015435	0.0	0.0	0.0	0.0
15.219947814941406	1781696479.0	1781696479.1882215	6	12.0	14.0	32.0	34.0	NeuronSpectrum 17.06.2026 14:10:28	EEG	checkup_155_17.06.2026 14:10:28	500.0	499.6666666666667	True	0.5	40.0	4	True	50.0	30.0	0.048577114939689636	447.3286472164779	-3.0995898246765137	2.5491044015339295	-0.9284496307373047	3.104470011313111	-6.346670627593994	2.906359435904138	-0.7902608513832092	-0.36749351208239156	8.213825225830078	3.6329265713871735	-14.558685302734375	-8.273907859497513	-1.395228624343872	-0.4015158064891503	0.0	0.0	0.0	0.0
15.219949960708618	1781696479.0	1781696479.1882236	6	12.0	14.0	32.0	34.0	NeuronSpectrum 17.06.2026 14:10:28	EEG	checkup_155_17.06.2026 14:10:28	500.0	499.6666666666667	True	0.5	40.0	4	True	50.0	30.0	-0.13302837312221527	449.4694058439529	-4.990501403808594	1.3251195860975467	-2.894763946533203	1.8065046783362928	-8.640935897827148	2.1875357646560083	-1.9636977910995483	-1.6956143933105008	9.082585334777832	1.800697837541933	-16.002349853515625	-9.243798338912852	1.192126989364624	-0.23126210727652136	0.0	0.0	0.0	0.0
15.219951868057251	1781696479.0	1781696479.1882255	6	12.0	14.0	32.0	34.0	NeuronSpectrum 17.06.2026 14:10:28	EEG	checkup_155_17.06.2026 14:10:28	500.0	499.6666666666667	True	0.5	40.0	4	True	50.0	30.0	-0.23250705003738403	452.0154606300165	-5.287457466125488	0.4467957350705506	-3.0470197200775146	0.8525886298894524	-8.58143138885498	1.8866800231787682	-1.4803673028945923	-2.6820610654352683	11.45641803741455	0.2838490853104457	-16.082502365112305	-9.710695020852418	2.86739444732666	-0.4442807795805779	0.0	0.0	0.0	0.0
15.219953775405884	1781696479.0	1781696479.1882274	6	12.0	14.0	32.0	34.0	NeuronSpectrum 17.06.2026 14:10:28	EEG	checkup_155_17.06.2026 14:10:28	500.0	499.6666666666667	True	0.5	40.0	4	True	50.0	30.0	-0.22816893458366394	454.72383830093787	-3.5297367572784424	0.046838849091098825	-1.1557899713516235	0.3929793811950768	-5.356619358062744	2.107247466193568	0.42693740129470825	-3.2044299356529597	12.802854537963867	-0.7398308417462288	-14.585716247558594	-9.566993816526635	2.6358721256256104	-1.0698432391003618	0.0	0.0	0.0	0.0
15.219955444335938	1781696479.0	1781696479.188229	6	12.0	14.0	32.0	34.0	NeuronSpectrum 17.06.2026 14:10:28	EEG	checkup_155_17.06.2026 14:10:28	500.0	499.6666666666667	True	0.5	40.0	4	True	50.0	30.0	-0.1422082483768463	457.28541461247903	0.31615856289863586	0.14811907724523019	2.5581600666046143	0.46936803106648517	0.6638507843017578	2.835846591913404	3.260093927383423	-3.2409645013928445	11.058951377868652	-1.1645333812936307	-11.215959548950195	-8.829027610390112	0.7465198636054993	-2.0225269134650183	0.0	0.0	0.0	0.0
15.21995735168457	1781696479.0	1781696479.188231	6	12.0	14.0	32.0	34.0	NeuronSpectrum 17.06.2026 14:10:28	EEG	checkup_155_17.06.2026 14:10:28	500.0	499.6666666666667	True	0.5	40.0	4	True	50.0	30.0	-0.026755440980196	459.4449287942252	5.178229331970215	0.6894152217933661	7.002907752990723	1.0373720430612865	7.261380195617676	3.976032784660121	6.04593563079834	-2.8451922241154293	6.2308735847473145	-0.952344263161174	-6.0762128829956055	-7.6088958979982255	-1.5989091396331787	-3.1123072706456174	0.0	0.0	0.0	0.0
15.219959020614624	1781696479.0	1781696479.1882327	6	12.0	14.0	32.0	34.0	NeuronSpectrum 17.06.2026 14:10:28	EEG	checkup_155_17.06.2026 14:10:28	500.0	499.6666666666667	True	0.5	40.0	4	True	50.0	30.0	0.0633869618177414	461.101221367494	8.65850830078125	1.5618610424819825	10.07262134552002	1.9998510284529405	10.713247299194336	5.393206153301812	7.251479625701904	-2.113877174986748	0.7056825757026672	-0.13071507926538	-0.23283132910728455	-6.071733926838868	-3.1660501956939697	-4.084913223492247	0.0	0.0	0.0	0.0
15.219960689544678	1781696479.0	1781696479.1882343	6	12.0	14.0	32.0	34.0	NeuronSpectrum 17.06.2026 14:10:28	EEG	checkup_155_17.06.2026 14:10:28	500.0	499.6666666666667	True	0.5	40.0	4	True	50.0	30.0	0.0939592495560646	462.3483741807121	-2.1631195545196533	2.6395683395687186	1.06756591796875	3.2351370957385215	-1.5773855447769165	6.950031703078837	1.0361071825027466	-1.1618625163712741	10.848294258117676	1.2081516738921443	-10.100869178771973	-4.39556388685035	-8.492340087890625	-4.683525162564079	0.0	0.0	0.0	0.0
15.219962120056152	1781696479.0	1781696479.1882358	6	12.0	14.0	32.0	34.0	NeuronSpectrum 17.06.2026 14:10:28	EEG	checkup_155_17.06.2026 14:10:28	500.0	499.6666666666667	True	0.5	40.0	4	True	50.0	30.0	0.17514732480049133	463.4408554481815	-2.082637071609497	3.7947905426643618	0.8680139780044556	4.610923243136735	-1.1455625295639038	8.520240245480073	0.5524064302444458	-0.11015822261759114	10.865635871887207	2.9113861686388605	-9.324496269226074	-2.7459888759430604	-8.791216850280762	-4.715314998593778	0.0	0.0	0.0	0.0
15.219964265823364	1781696479.0	1781696479.188238	6	12.0	14.0	32.0	34.0	NeuronSpectrum 17.06.2026 14:10:28	EEG	checkup_155_17.06.2026 14:10:28	500.0	499.6666666666667	True	0.5	40.0	4	True	50.0	30.0	0.25706955790519714	464.69516493212666	-0.28993281722068787	4.89970515952303	2.462374448776245	5.985747692044077	1.0233052968978882	9.983461557529766	1.633040189743042	0.9159499534596541	12.302766799926758	4.778261432006962	-7.103418827056885	-1.2672543494447908	-7.169651985168457	-4.103510544238494	0.0	0.0	0.0	0.0
15.219965934753418	1781696479.0	1781696479.1882396	6	12.0	14.0	32.0	34.0	NeuronSpectrum 17.06.2026 14:10:28	EEG	checkup_155_17.06.2026 14:10:28	500.0	499.6666666666667	True	0.5	40.0	4	True	50.0	30.0	0.3225685656070709	466.3654923226008	2.61574387550354	5.825424652313972	5.369743824005127	7.208302262837307	4.27618408203125	11.214799974236946	3.9590578079223633	1.788044807686788	14.899465560913086	6.582869628835575	-4.059468746185303	-0.0817675129109567	-4.048822402954102	-2.90920518015222	0.0	0.0	0.0	0.0
15.21996784210205	1781696479.0	1781696479.1882415	6	12.0	14.0	32.0	34.0	NeuronSpectrum 17.06.2026 14:10:28	EEG	checkup_155_17.06.2026 14:10:28	500.0	499.6666666666667	True	0.5	40.0	4	True	50.0	30.0	0.33652910590171814	468.5417113891282	5.25012731552124	6.4483497661927345	8.232969284057617	8.124684637108462	7.16819953918457	12.083050709017655	6.38765811920166	2.383125466864683	17.71718978881836	8.103918160147417	-1.4182190895080566	0.7116240736439596	-0.1748787760734558	-1.3164541222872568	0.0	0.0	0.0	0.0
15.219969511032104	1781696479.0	1781696479.1882432	6	12.0	14.0	32.0	34.0	NeuronSpectrum 17.06.2026 14:10:28	EEG	checkup_155_17.06.2026 14:10:28	500.0	499.6666666666667	True	0.5	40.0	4	True	50.0	30.0	0.264114648103714	471.1101773738068	6.339909553527832	6.666237842119778	9.713059425354004	8.596558045050932	8.458430290222168	12.462821406258824	7.684751033782959	2.601074332591165	19.643396377563477	9.156792273802026	-0.2255137711763382	1.0448108494463004	3.4574320316314697	0.41402355657543655	0.0	0.0	0.0	0.0
15.219971418380737	1781696479.0	1781696479.188245	6	12.0	14.0	32.0	34.0	NeuronSpectrum 17.06.2026 14:10:28	EEG	checkup_155_17.06.2026 14:10:28	500.0	499.6666666666667	True	0.5	40.0	4	True	50.0	30.0	0.0961301326751709	473.7940115419949	5.612740993499756	6.418306372515045	9.400700569152832	8.525195356467568	7.993898391723633	12.256259947429179	7.362814426422119	2.3856146128825513	19.958942413330078	9.621881147095314	-0.6959907412528992	0.8902840880839202	5.848748683929443	2.0076173172965994	0.0	0.0	0.0	0.0
15.219972848892212	1781696479.0	1781696479.1882465	6	12.0	14.0	32.0	34.0	NeuronSpectrum 17.06.2026 14:10:28	EEG	checkup_155_17.06.2026 14:10:28	500.0	499.6666666666667	True	0.5	40.0	4	True	50.0	30.0	-0.13440479338169098	476.2588158082334	3.975245714187622	5.70070986590391	8.043681144714355	7.872748786493126	6.739234924316406	11.415567545576893	5.99296236038208	1.7403896014961606	18.639789581298828	9.462873988336849	-2.1785027980804443	0.26755407142712606	6.424820423126221	3.236218004960996	0.0	0.0	0.0	0.0
15.219974756240845	1781696479.0	1781696479.1882484	6	12.0	14.0	32.0	34.0	NeuronSpectrum 17.06.2026 14:10:28	EEG	checkup_155_17.06.2026 14:10:28	500.0	499.6666666666667	True	0.5	40.0	4	True	50.0	30.0	-0.35956376791000366	478.24388796271546	2.7466297149658203	4.571266898575522	6.851741313934326	6.6736583652189685	5.826673984527588	9.95857164346329	4.693080902099609	0.7336813332853345	16.28137969970703	8.73025379485575	-3.7562434673309326	-0.7586197567362859	5.370617866516113	3.960063684983051	0.0	0.0	0.0	0.0
15.21997618675232	1781696479.0	1781696479.1882498	6	12.0	14.0	32.0	34.0	NeuronSpectrum 17.06.2026 14:10:28	EEG	checkup_155_17.06.2026 14:10:28	500.0	499.6666666666667	True	0.5	40.0	4	True	50.0	30.0	-0.5057192444801331	479.668152644061	2.4755258560180664	3.142230503970578	6.3679914474487305	5.033309111858937	5.355216979980469	7.973337424912989	4.134819030761719	-0.5102037879700521	13.77668571472168	7.548774176589433	-4.984489440917969	-2.088886079016712	3.5498616695404053	4.14261566927179	0.0	0.0	0.0	0.0
15.219978332519531	1781696479.0	1781696479.188252	6	12.0	14.0	32.0	34.0	NeuronSpectrum 17.06.2026 14:10:28	EEG	checkup_155_17.06.2026 14:10:28	500.0	499.6666666666667	True	0.5	40.0	4	True	50.0	30.0	-0.5283569097518921	480.6686980642401	2.3108301162719727	1.5636072979249516	5.8235039710998535	3.1146369452530367	4.04420280456543	5.610941796402457	3.856825113296509	-1.830765754777221	11.926009178161621	6.092082642428012	-6.1612114906311035	-3.6057514684817162	1.9826996326446533	3.8395616776146357	0.0	0.0	0.0	0.0
15.219979763031006	1781696479.0	1781696479.1882534	6	12.0	14.0	32.0	34.0	NeuronSpectrum 17.06.2026 14:10:28	EEG	checkup_155_17.06.2026 14:10:28	500.0	499.6666666666667	True	0.5	40.0	4	True	50.0	30.0	-0.43263891339302063	481.55504685685275	0.6002449989318848	0.000602472089842987	3.6400229930877686	1.114972574734096	0.2901918888092041	3.067163172781987	2.5465903282165527	-3.058218543194306	11.103936195373535	4.550990617123268	-7.884404182434082	-5.190994781549134	1.2326785326004028	3.1706491037414284	0.0	0.0	0.0	0.0
15.219981670379639	1781696479.0	1781696479.1882553	6	12.0	14.0	32.0	34.0	NeuronSpectrum 17.06.2026 14:10:28	EEG	checkup_155_17.06.2026 14:10:28	500.0	499.6666666666667	True	0.5	40.0	4	True	50.0	30.0	-0.26782670617103577	482.6946565995849	-3.5605292320251465	-1.3915280747617258	-1.1311612129211426	-0.7639079401367481	-6.007330894470215	0.5552583005084718	-0.7845131754875183	-4.042786596546151	11.03045654296875	3.102852829194637	-10.237268447875977	-6.739627918937579	1.1465401649475098	2.286185317157196	0.0	0.0	0.0	0.0
15.219983339309692	1781696479.0	1781696479.188257	6	12.0	14.0	32.0	34.0	NeuronSpectrum 17.06.2026 14:10:28	EEG	checkup_155_17.06.2026 14:10:28	500.0	499.6666666666667	True	0.5	40.0	4	True	50.0	30.0	-0.09946170449256897	484.3722600521028	-8.973169326782227	-2.491429875236107	-7.4761481285095215	-2.34787870551549	-12.318942070007324	-1.725393627317849	-5.577540397644043	-4.681012160939867	10.73651123046875	1.888016665218808	-12.28603744506836	-8.16761744913076	1.1267986297607422	1.3383194405123464	0.0	0.0	0.0	0.0
15.219985008239746	1781696479.0	1781696479.1882586	6	12.0	14.0	32.0	34.0	NeuronSpectrum 17.06.2026 14:10:28	EEG	checkup_155_17.06.2026 14:10:28	500.0	499.6666666666667	True	0.5	40.0	4	True	50.0	30.0	0.021565711125731468	486.6769045385588	-12.405054092407227	-3.228991300208229	-12.360299110412598	-3.5173465325714	-14.277033805847168	-3.6171040017012444	-9.515604972839355	-4.932564565306958	8.843756675720215	0.9963759634241705	-12.384743690490723	-9.412716330738748	0.6954240798950195	0.4623446657530844	0.0	0.0	0.0	0.0
15.270894050598145	1781696479.0	1781696479.2391677	6	12.0	14.0	32.0	34.0	NeuronSpectrum 17.06.2026 14:10:28	EEG	checkup_155_17.06.2026 14:10:28	500.0	499.6666666666667	True	0.5	40.0	4	True	50.0	30.0	0.1747107207775116	489.46121435143834	-1.2422215938568115	-3.590489491426061	-0.37580451369285583	-4.22076953018047	-5.78863000869751	-5.020471064415265	3.3665783405303955	-4.821695738684967	10.466224670410156	0.46402578795640714	-10.311198234558105	-10.43025285428725	1.9779188632965088	-0.23213544721648743	0.0	0.0	0.0	0.0
15.270900964736938	1781696479.0	1781696479.2391746	6	12.0	14.0	32.0	34.0	NeuronSpectrum 17.06.2026 14:10:28	EEG	checkup_155_17.06.2026 14:10:28	500.0	499.6666666666667	True	0.5	40.0	4	True	50.0	30.0	0.19252055883407593	492.3905991616403	-1.0133634805679321	-3.610084374357579	-0.12700775265693665	-4.471077338451305	-6.803537845611572	-5.897057360306784	4.099501609802246	-4.42251978850267	10.367478370666504	0.2776126216625814	-11.167729377746582	-11.188186281711962	0.9992530941963196	-0.6640555569586021	0.0	0.0	0.0	0.0
15.27090334892273	1781696479.0	1781696479.239177	6	12.0	14.0	32.0	34.0	NeuronSpectrum 17.06.2026 14:10:28	EEG	checkup_155_17.06.2026 14:10:28	500.0	499.6666666666667	True	0.5	40.0	4	True	50.0	30.0	0.17907896637916565	495.0658075126729	-1.9531692266464233	-3.3532622060989596	-0.9859696626663208	-4.329633218186342	-8.606865882873535	-6.262677562944998	3.329481840133667	-3.835249371192515	9.468037605285645	0.3825199483298027	-12.988130569458008	-11.666654667732587	0.16203168034553528	-0.7826093235226933	0.0	0.0	0.0	0.0
15.270905256271362	1781696479.0	1781696479.239179	6	12.0	14.0	32.0	34.0	NeuronSpectrum 17.06.2026 14:10:28	EEG	checkup_155_17.06.2026 14:10:28	500.0	499.6666666666667	True	0.5	40.0	4	True	50.0	30.0	0.15578849613666534	497.1734711436291	-3.8535614013671875	-2.90186228923581	-2.8134028911590576	-3.888154746138186	-10.798379898071289	-6.179151643131677	1.3776133060455322	-3.16513071546159	7.9242119789123535	0.6910972282075658	-15.358438491821289	-11.864852463472635	-0.16678735613822937	-0.5710298959205752	0.0	0.0	0.0	0.0
15.270907402038574	1781696479.0	1781696479.239181	6	12.0	14.0	32.0	34.0	NeuronSpectrum 17.06.2026 14:10:28	EEG	checkup_155_17.06.2026 14:10:28	500.0	499.6666666666667	True	0.5	40.0	4	True	50.0	30.0	0.13280102610588074	498.6073561097678	-5.655891418457031	-2.346901652058627	-4.604180812835693	-3.2567822404785147	-12.26620101928711	-5.748589225775748	-0.6005737781524658	-2.5121780576627795	6.3418426513671875	1.0893029803179557	-17.149045944213867	-11.812603478662636	-0.044962938874959946	-0.052450181132971514	0.0	0.0	0.0	0.0
15.270909547805786	1781696479.0	1781696479.2391832	6	12.0	14.0	32.0	34.0	NeuronSpectrum 17.06.2026 14:10:28	EEG	checkup_155_17.06.2026 14:10:28	500.0	499.6666666666667	True	0.5	40.0	4	True	50.0	30.0	0.11654794961214066	499.5129408839268	-6.075016021728516	-1.7870570083936508	-5.094193458557129	-2.5582168217829335	-11.907630920410156	-5.106980731637687	-1.2886031866073608	-1.9703593208397083	5.5049848556518555	1.4437426749180973	-17.138296127319336	-11.578529607634316	0.24963507056236267	0.7050630572058246	0.0	0.0	0.0	0.0
15.27091121673584	1781696479.0	1781696479.2391849	6	12.0	14.0	32.0	34.0	NeuronSpectrum 17.06.2026 14:10:28	EEG	checkup_155_17.06.2026 14:10:28	500.0	499.6666666666667	True	0.5	40.0	4	True	50.0	30.0	0.11842937022447586	500.2363706850912	-4.583903789520264	-1.3243944493702895	-3.7194159030914307	-1.9207475689757425	-9.608658790588379	-4.409867673372205	-0.12496834993362427	-1.627169389510217	5.994607925415039	1.6139656806597396	-14.94865608215332	-11.265300949211232	0.5953425168991089	1.5885505735368994	0.0	0.0	0.0	0.0
15.27091360092163	1781696479.0	1781696479.2391872	6	12.0	14.0	32.0	34.0	NeuronSpectrum 17.06.2026 14:10:28	EEG	checkup_155_17.06.2026 14:10:28	500.0	499.6666666666667	True	0.5	40.0	4	True	50.0	30.0	0.15136882662773132	501.19525293034064	-1.9897640943527222	-1.049677826398384	-1.1878750324249268	-1.4625320944278115	-6.650735378265381	-3.805803988699909	2.207348108291626	-1.5541457275183739	7.883764743804932	1.4746398378954646	-11.58401107788086	-10.987075066962092	1.1555601358413696	2.4489823759297775	0.0	0.0	0.0	0.0
15.270915269851685	1781696479.0	1781696479.239189	6	12.0	14.0	32.0	34.0	NeuronSpectrum 17.06.2026 14:10:28	EEG	checkup_155_17.06.2026 14:10:28	500.0	499.6666666666667	True	0.5	40.0	4	True	50.0	30.0	0.21651721000671387	502.71928891215305	-0.033953707665205	-1.0168053797548608	0.8652681708335876	-1.265720327520444	-5.016895771026611	-3.4013251784850125	4.142607688903809	-1.785756095742653	10.569990158081055	0.9478738946410303	-9.03209114074707	-10.833207153584896	2.160379648208618	3.1205358531523495	0.0	0.0	0.0	0.0
15.270917415618896	1781696479.0	1781696479.239191	6	12.0	14.0	32.0	34.0	NeuronSpectrum 17.06.2026 14:10:28	EEG	checkup_155_17.06.2026 14:10:28	500.0	499.6666666666667	True	0.5	40.0	4	True	50.0	30.0	0.293327271938324	504.9214521170629	-0.14665530622005463	-1.2148625155361665	1.0294045209884644	-1.3475690902904778	-5.898412704467773	-3.228799087519976	4.293850898742676	-2.2936086891984133	12.805389404296875	0.038825235480064474	-9.010254859924316	-10.830968612064646	3.5450186729431152	3.4490013368897023	0.0	0.0	0.0	0.0
15.270918846130371	1781696479.0	1781696479.2391925	6	12.0	14.0	32.0	34.0	NeuronSpectrum 17.06.2026 14:10:28	EEG	checkup_155_17.06.2026 14:10:28	500.0	499.6666666666667	True	0.5	40.0	4	True	50.0	30.0	0.3444875478744507	507.65000039709304	-2.212613582611084	-1.5512611486652652	-0.7051286101341248	-1.6410553446466785	-8.506919860839844	-3.2306396921489298	2.5149624347686768	-2.9692269033680567	13.056960105895996	-1.1388157460346802	-11.612801551818848	-10.923247371252433	4.81993293762207	3.324541032448366	0.0	0.0	0.0	0.0
15.270920515060425	1781696479.0	1781696479.2391942	6	12.0	14.0	32.0	34.0	NeuronSpectrum 17.06.2026 14:10:28	EEG	checkup_155_17.06.2026 14:10:28	500.0	499.6666666666667	True	0.5	40.0	4	True	50.0	30.0	0.3373888432979584	510.5415500280225	-4.407776832580566	-1.8572886489032616	-2.7290501594543457	-1.9962872332112056	-10.32577133178711	-3.268265881488067	0.11798400431871414	-3.6279203567131426	10.216489791870117	-2.3627200507301596	-14.900253295898438	-10.972622752808416	5.325776100158691	2.7110040747479647	0.0	0.0	0.0	0.0
15.2709219455719	1781696479.0	1781696479.2391956	6	12.0	14.0	32.0	34.0	NeuronSpectrum 17.06.2026 14:10:28	EEG	checkup_155_17.06.2026 14:10:28	500.0	499.6666666666667	True	0.5	40.0	4	True	50.0	30.0	0.26506277918815613	513.156919472382	-4.46096134185791	-1.9192852412682164	-2.9174211025238037	-2.2069335888020527	-8.933363914489746	-3.1548449935950185	-1.0491708517074585	-4.038888253606428	4.423899173736572	-3.336802251920309	-15.932584762573242	-10.792902856195715	4.675544738769531	1.6626454285246997	0.0	0.0	0.0	0.0
15.270923614501953	1781696479.0	1781696479.2391973	6	12.0	14.0	32.0	34.0	NeuronSpectrum 17.06.2026 14:10:28	EEG	checkup_155_17.06.2026 14:10:28	500.0	499.6666666666667	True	0.5	40.0	4	True	50.0	30.0	0.15294291079044342	515.1491577558784	-1.5684665441513062	-1.5291129924886904	-0.39742982387542725	-2.056938304550118	-4.213107109069824	-2.702695724725807	-0.10570668429136276	-3.9764923051303636	-2.5289194583892822	-3.758096251400802	-12.728198051452637	-10.198674835602795	3.0332391262054443	0.320579837846756	0.0	0.0	0.0	0.0
15.270925045013428	1781696479.0	1781696479.2391987	6	12.0	14.0	32.0	34.0	NeuronSpectrum 17.06.2026 14:10:28	EEG	checkup_155_17.06.2026 14:10:28	500.0	499.6666666666667	True	0.5	40.0	4	True	50.0	30.0	0.043164439499378204	516.3996984049469	2.499514579772949	-0.5410436940275231	3.3425469398498535	-1.3761608625339448	0.8255428671836853	-1.7729391299100727	1.8933717012405396	-3.2793585302971513	-7.711204528808594	-3.397808352397958	-5.828459739685059	-9.057834120502696	1.002913236618042	-1.1139624322436785	0.0	0.0	0.0	0.0
15.321829795837402	1781696479.0	1781696479.2901034	6	12.0	14.0	32.0	34.0	NeuronSpectrum 17.06.2026 14:10:28	EEG	checkup_155_17.06.2026 14:10:28	500.0	499.6666666666667	True	0.5	40.0	4	True	50.0	30.0	0.017198879271745682	517.0695104067098	-7.465257167816162	1.0799595497045338	-6.945902347564697	-0.09075177703543771	-12.857898712158203	-0.31577181940325444	-4.072565078735352	-1.9003253601323948	2.5059144496917725	-2.169296902295847	-16.356285095214844	-7.332554862972096	-6.66389274597168	-2.4252999447776253	0.0	0.0	0.0	0.0
15.3218355178833	1781696479.0	1781696479.2901092	6	12.0	14.0	32.0	34.0	NeuronSpectrum 17.06.2026 14:10:28	EEG	checkup_155_17.06.2026 14:10:28	500.0	499.6666666666667	True	0.5	40.0	4	True	50.0	30.0	-0.04554612189531326	517.5437412593371	-2.7012484073638916	3.2326902298181137	-2.866129159927368	1.7459663175353808	-8.011643409729004	1.6087366007119097	0.41360965371131897	0.06852965975571462	6.518256187438965	-0.15807435961217997	-11.238882064819336	-5.097860660565195	-7.575493812561035	-3.4360475806148014	0.0	0.0	0.0	0.0
15.321837663650513	1781696479.0	1781696479.2901113	6	12.0	14.0	32.0	34.0	NeuronSpectrum 17.06.2026 14:10:28	EEG	checkup_155_17.06.2026 14:10:28	500.0	499.6666666666667	True	0.5	40.0	4	True	50.0	30.0	-0.09341925382614136	518.2889113814821	3.678781509399414	5.68739852925084	3.1357223987579346	3.9536130410614807	-1.1367284059524536	3.8375221650606868	6.30881929397583	2.4058150604773774	11.911978721618652	2.396862749077617	-4.43992805480957	-2.531550371231373	-6.635007381439209	-4.050552129987029	0.0	0.0	0.0	0.0
15.321839332580566	1781696479.0	1781696479.290113	6	12.0	14.0	32.0	34.0	NeuronSpectrum 17.06.2026 14:10:28	EEG	checkup_155_17.06.2026 14:10:28	500.0	499.6666666666667	True	0.5	40.0	4	True	50.0	30.0	-0.12502805888652802	519.6757957660636	9.637361526489258	8.12907470978087	9.094806671142578	6.259742103987448	5.507859230041504	6.141166653863281	11.689041137695312	4.805582552914892	17.026626586914062	5.1624049099217935	2.0153703689575195	0.12401671881695536	-4.815850734710693	-4.274253783004534	0.0	0.0	0.0	0.0
15.321841478347778	1781696479.0	1781696479.290115	6	12.0	14.0	32.0	34.0	NeuronSpectrum 17.06.2026 14:10:28	EEG	checkup_155_17.06.2026 14:10:28	500.0	499.6666666666667	True	0.5	40.0	4	True	50.0	30.0	-0.13922522962093353	521.8354616169399	13.258026123046875	10.226120408103043	12.947088241577148	8.361179521360386	9.514694213867188	8.280668594378433	14.823780059814453	6.9444908404799195	20.337371826171875	7.789807382301977	6.136517524719238	2.6179969239963783	-3.0850706100463867	-4.202367454865534	0.0	0.0	0.0	0.0
15.321843385696411	1781696479.0	1781696479.290117	6	12.0	14.0	32.0	34.0	NeuronSpectrum 17.06.2026 14:10:28	EEG	checkup_155_17.06.2026 14:10:28	500.0	499.6666666666667	True	0.5	40.0	4	True	50.0	30.0	-0.13848350942134857	524.6045728489461	13.685696601867676	11.703218744007675	13.601259231567383	9.99182539880217	9.689422607421875	10.063760425195023	15.034994125366211	8.550171759244055	21.123910903930664	9.987084221992587	6.974330425262451	4.746216163825905	-1.9282426834106445	-3.9822761895559413	0.0	0.0	0.0	0.0
15.321845293045044	1781696479.0	1781696479.290119	6	12.0	14.0	32.0	34.0	NeuronSpectrum 17.06.2026 14:10:28	EEG	checkup_155_17.06.2026 14:10:28	500.0	499.6666666666667	True	0.5	40.0	4	True	50.0	30.0	-0.12846224009990692	527.5828443658278	11.625465393066406	12.39506999141803	11.63077449798584	10.97430619268561	6.955350399017334	11.378963355444677	13.102287292480469	9.449755655544132	19.768850326538086	11.565810894596888	5.213190078735352	6.385955625421914	-1.374969244003296	-3.7626772687540884	0.0	0.0	0.0	0.0
15.321846961975098	1781696479.0	1781696479.2901206	6	12.0	14.0	32.0	34.0	NeuronSpectrum 17.06.2026 14:10:28	EEG	checkup_155_17.06.2026 14:10:28	500.0	499.6666666666667	True	0.5	40.0	4	True	50.0	30.0	-0.11136738955974579	530.2827748789256	8.970587730407715	12.266240168502872	9.014544486999512	11.240992733675917	3.994981050491333	12.196517597736545	10.850701332092285	9.586914695078088	17.5092830657959	12.454077710431257	2.8559176921844482	7.500035673840113	-1.328965425491333	-3.645679191959701	0.0	0.0	0.0	0.0
15.321848630905151	1781696479.0	1781696479.2901223	6	12.0	14.0	32.0	34.0	NeuronSpectrum 17.06.2026 14:10:28	EEG	checkup_155_17.06.2026 14:10:28	500.0	499.6666666666667	True	0.5	40.0	4	True	50.0	30.0	-0.08365199714899063	532.3157985646959	7.601319313049316	11.396670437851764	7.8793816566467285	10.824016441953145	3.554352283477783	12.542102379897303	10.007614135742188	9.009152149277744	15.763178825378418	12.67958233675995	2.0289809703826904	8.113998536862278	-1.7747867107391357	-3.655715108661036	0.0	0.0	0.0	0.0
15.321850299835205	1781696479.0	1781696479.290124	6	12.0	14.0	32.0	34.0	NeuronSpectrum 17.06.2026 14:10:28	EEG	checkup_155_17.06.2026 14:10:28	500.0	499.6666666666667	True	0.5	40.0	4	True	50.0	30.0	-0.039704032242298126	533.5438022074618	8.030078887939453	9.944634302865087	8.951640129089355	9.825978900034503	6.397164344787598	12.461861457995271	10.962759971618652	7.837297220669043	15.415472984313965	12.335689909215002	3.596400022506714	8.28160175198927	-2.678666114807129	-3.733215273207534	0.0	0.0	0.0	0.0
15.321851968765259	1781696479.0	1781696479.2901256	6	12.0	14.0	32.0	34.0	NeuronSpectrum 17.06.2026 14:10:28	EEG	checkup_155_17.06.2026 14:10:28	500.0	499.6666666666667	True	0.5	40.0	4	True	50.0	30.0	0.017140887677669525	534.1368544994418	8.882331848144531	8.103577710456909	10.829500198364258	8.387105880136406	10.469271659851074	11.998697677749092	12.313470840454102	6.231712822760027	16.42766571044922	11.545858531272955	6.535672187805176	8.056757167041965	-3.7719268798828125	-3.7537551400187557	0.0	0.0	0.0	0.0
15.321853399276733	1781696479.0	1781696479.290127	6	12.0	14.0	32.0	34.0	NeuronSpectrum 17.06.2026 14:10:28	EEG	checkup_155_17.06.2026 14:10:28	500.0	499.6666666666667	True	0.5	40.0	4	True	50.0	30.0	0.07000971585512161	534.5129643250019	7.785162925720215	6.065920645928321	10.787652969360352	6.660112332408527	12.163968086242676	11.190236575695339	11.684311866760254	4.3650168183122995	17.8968563079834	10.438041259692874	8.593720436096191	7.483793655102827	-4.541863441467285	-3.5667697755311387	0.0	0.0	0.0	0.0
15.321855306625366	1781696479.0	1781696479.290129	6	12.0	14.0	32.0	34.0	NeuronSpectrum 17.06.2026 14:10:28	EEG	checkup_155_17.06.2026 14:10:28	500.0	499.6666666666667	True	0.5	40.0	4	True	50.0	30.0	0.0967012569308281	535.1807192018874	3.2805495262145996	3.9997539184248008	6.804481506347656	4.795720532547479	9.09053897857666	10.085083121925553	7.479700565338135	2.4038367751258	18.4650936126709	9.133225667806704	7.898919582366943	6.606856470269154	-4.531959533691406	-3.0432492700081006	0.0	0.0	0.0	0.0
15.321856498718262	1781696479.0	1781696479.2901301	6	12.0	14.0	32.0	34.0	NeuronSpectrum 17.06.2026 14:10:28	EEG	checkup_155_17.06.2026 14:10:28	500.0	499.6666666666667	True	0.5	40.0	4	True	50.0	30.0	0.08614446222782135	536.5435952094481	-3.5524942874908447	2.0387974498929564	-0.5473222732543945	2.935900100451719	2.3960399627685547	8.764655784297338	0.4083937704563141	0.4976935663730021	16.828866958618164	7.745194376080021	4.4358391761779785	5.489805906891314	-3.682131767272949	-2.1199082282924966	0.0	0.0	0.0	0.0
15.321858406066895	1781696479.0	1781696479.290132	6	12.0	14.0	32.0	34.0	NeuronSpectrum 17.06.2026 14:10:28	EEG	checkup_155_17.06.2026 14:10:28	500.0	499.6666666666667	True	0.5	40.0	4	True	50.0	30.0	0.048586405813694	538.7407895203024	-9.100204467773438	0.28428609250685116	-7.811817169189453	1.211490820707025	-3.268514633178711	7.357388187944543	-6.402224540710449	-1.2264452176241547	12.184840202331543	6.385064818223419	0.31098219752311707	4.234466838223747	-2.3932864665985107	-0.8283559000109633	0.0	0.0	0.0	0.0
15.32185983657837	1781696479.0	1781696479.2901335	6	12.0	14.0	32.0	34.0	NeuronSpectrum 17.06.2026 14:10:28	EEG	checkup_155_17.06.2026 14:10:28	500.0	499.6666666666667	True	0.5	40.0	4	True	50.0	30.0	0.12861861288547516	541.5869353220681	3.287837266921997	-1.1828221892002042	5.095452308654785	-0.2567247911705484	7.088304042816162	6.037837817978047	5.768589973449707	-2.663163760724495	14.915606498718262	5.164713346108463	5.831463813781738	2.9873142613302894	-0.48050862550735474	0.6986392271563635	0.0	0.0	0.0	0.0
15.321861743927002	1781696479.0	1781696479.2901354	6	12.0	14.0	32.0	34.0	NeuronSpectrum 17.06.2026 14:10:28	EEG	checkup_155_17.06.2026 14:10:28	500.0	499.6666666666667	True	0.5	40.0	4	True	50.0	30.0	0.1394968181848526	544.6362080603732	1.0379722118377686	-2.2837178039535044	2.7940597534179688	-1.354469384915934	3.858006477355957	5.009067245502701	3.646111488342285	-3.721322649304381	12.412212371826172	4.195704955226702	2.557328462600708	1.9293486994847904	2.1866328716278076	2.246441017468147	0.0	0.0	0.0	0.0
15.321863174438477	1781696479.0	1781696479.2901368	6	12.0	14.0	32.0	34.0	NeuronSpectrum 17.06.2026 14:10:28	EEG	checkup_155_17.06.2026 14:10:28	500.0	499.6666666666667	True	0.5	40.0	4	True	50.0	30.0	0.16538742184638977	547.3488113751978	-1.5827765464782715	-2.927085386618474	0.3548758327960968	-1.9725742534056698	0.8074767589569092	4.4697437422919695	1.4791076183319092	-4.315535966362395	10.273567199707031	3.5824618227113447	-0.5777590870857239	1.248626383909828	4.709843635559082	3.5600946176074837	0.0	0.0	0.0	0.0
15.32186508178711	1781696479.0	1781696479.2901387	6	12.0	14.0	32.0	34.0	NeuronSpectrum 17.06.2026 14:10:28	EEG	checkup_155_17.06.2026 14:10:28	500.0	499.6666666666667	True	0.5	40.0	4	True	50.0	30.0	0.19196553528308868	549.2977674037676	-3.7460901737213135	-3.0088708716700237	-1.6224045753479004	-2.0145503650421093	-1.305315613746643	4.570483468102574	-0.10845252126455307	-4.364836736578517	8.986990928649902	3.409766286210526	-2.7340517044067383	1.1000337460787786	6.597812652587891	4.399273816796481	0.0	0.0	0.0	0.0
15.321866750717163	1781696479.0	1781696479.2901404	6	12.0	14.0	32.0	34.0	NeuronSpectrum 17.06.2026 14:10:28	EEG	checkup_155_17.06.2026 14:10:28	500.0	499.6666666666667	True	0.5	40.0	4	True	50.0	30.0	0.19734616577625275	550.3369786231673	-4.564254283905029	-2.4313772253934722	-2.4026689529418945	-1.4157893933096615	-1.586877465248108	5.369564218039088	-0.548612654209137	-3.803935531212976	8.67953872680664	3.726340647419418	-3.0901548862457275	1.5627277252075884	7.397488117218018	4.59384433602158	0.0	0.0	0.0	0.0
15.321868658065796	1781696479.0	1781696479.2901423	6	12.0	14.0	32.0	34.0	NeuronSpectrum 17.06.2026 14:10:28	EEG	checkup_155_17.06.2026 14:10:28	500.0	499.6666666666667	True	0.5	40.0	4	True	50.0	30.0	0.16820399463176727	550.6647311763566	-3.539066791534424	-1.136183589002884	-1.4418894052505493	-0.1687861209087868	0.588654100894928	6.803165279206038	0.39431166648864746	-2.6047306981473612	9.221649169921875	4.528344428220916	-1.1607340574264526	2.60954229593735	6.781375408172607	4.086202538623046	0.0	0.0	0.0	0.0
15.32187008857727	1781696479.0	1781696479.2901437	6	12.0	14.0	32.0	34.0	NeuronSpectrum 17.06.2026 14:10:28	EEG	checkup_155_17.06.2026 14:10:28	500.0	499.6666666666667	True	0.5	40.0	4	True	50.0	30.0	0.11042560636997223	550.7557235254072	-0.9039776921272278	0.8620760640614804	1.1855745315551758	1.6568614046068106	4.877419471740723	8.684082024466331	2.4665141105651855	-0.7993774565699111	10.498624801635742	5.748118986906648	2.721605062484741	4.1009155369587535	4.70034122467041	2.9490717290332227	0.0	0.0	0.0	0.0
15.321871757507324	1781696479.0	1781696479.2901454	6	12.0	14.0	32.0	34.0	NeuronSpectrum 17.06.2026 14:10:28	EEG	checkup_155_17.06.2026 14:10:28	500.0	499.6666666666667	True	0.5	40.0	4	True	50.0	30.0	0.0473458394408226	551.1848600255215	2.439889669418335	3.4543253558702127	4.634029388427734	3.9098116648466807	9.656793594360352	10.733665690504857	5.0473713874816895	1.504845830126901	12.601068496704102	7.253399419715964	7.2066216468811035	5.807849011780458	1.5227216482162476	1.3732951845520256	0.0	0.0	0.0	0.0
15.321873426437378	1781696479.0	1781696479.290147	6	12.0	14.0	32.0	34.0	NeuronSpectrum 17.06.2026 14:10:28	EEG	checkup_155_17.06.2026 14:10:28	500.0	499.6666666666667	True	0.5	40.0	4	True	50.0	30.0	0.007835968397557735	552.4083280803297	5.457259654998779	6.435678937965577	7.674240589141846	6.371260614650464	12.704191207885742	12.638633084779249	7.520195007324219	4.125064998906689	15.656698226928711	8.860169246416431	10.396867752075195	7.457461337802813	-1.9687390327453613	-0.3719793114471309	0.0	0.0	0.0	0.0
15.321874856948853	1781696479.0	1781696479.2901485	6	12.0	14.0	32.0	34.0	NeuronSpectrum 17.06.2026 14:10:28	EEG	checkup_155_17.06.2026 14:10:28	500.0	499.6666666666667	True	0.5	40.0	4	True	50.0	30.0	0.012096799910068512	554.5853883991779	7.684000492095947	9.524357925908992	9.47676944732666	8.78399968838514	12.67783260345459	14.114221258845744	9.66201114654541	6.817689644786698	19.325843811035156	10.358495929612316	10.906609535217285	8.786165190724816	-4.7670063972473145	-1.9966754144279133	0.0	0.0	0.0	0.0
15.321876764297485	1781696479.0	1781696479.2901504	6	12.0	14.0	32.0	34.0	NeuronSpectrum 17.06.2026 14:10:28	EEG	checkup_155_17.06.2026 14:10:28	500.0	499.6666666666667	True	0.5	40.0	4	True	50.0	30.0	0.06124059855937958	557.5104132392011	9.574224472045898	12.395787707437519	10.236629486083984	10.887435311311593	10.285063743591309	14.953330425971025	11.751002311706543	9.305418595029385	22.409099578857422	11.545875358645333	8.857325553894043	9.583652826736008	-6.033205986022949	-3.2497097713736367	0.0	0.0	0.0	0.0
15.321878433227539	1781696479.0	1781696479.290152	6	12.0	14.0	32.0	34.0	NeuronSpectrum 17.06.2026 14:10:28	EEG	checkup_155_17.06.2026 14:10:28	500.0	499.6666666666667	True	0.5	40.0	4	True	50.0	30.0	0.13657675683498383	560.6836963961961	12.082281112670898	14.724839398595607	11.035945892333984	12.44987024038672	7.972540378570557	15.048667269259187	14.213557243347168	11.311143136699805	23.099306106567383	12.258729102811845	5.992187976837158	9.716573779940532	-5.4593682289123535	-3.966043871147959	0.0	0.0	0.0	0.0
15.321880102157593	1781696479.0	1781696479.2901537	6	12.0	14.0	32.0	34.0	NeuronSpectrum 17.06.2026 14:10:28	EEG	checkup_155_17.06.2026 14:10:28	500.0	499.6666666666667	True	0.5	40.0	4	True	50.0	30.0	0.20645374059677124	563.4966938405955	15.618888854980469	16.229576656802127	12.859477996826172	13.292960312924386	8.024615287780762	14.387195194274666	16.974435806274414	12.59325067251236	20.002710342407227	12.392313835527705	4.617766380310059	9.13078197766835	-3.450192928314209	-4.089994268943149	0.0	0.0	0.0	0.0
15.321881532669067	1781696479.0	1781696479.2901552	6	12.0	14.0	32.0	34.0	NeuronSpectrum 17.06.2026 14:10:28	EEG	checkup_155_17.06.2026 14:10:28	500.0	499.6666666666667	True	0.5	40.0	4	True	50.0	30.0	0.23974765837192535	565.4627926645296	19.094419479370117	16.710555872533124	15.395445823669434	13.307302393770561	10.353534698486328	13.026615684803737	18.970211029052734	12.97723146248861	13.333220481872559	11.904047254071184	5.960495471954346	7.839691728294215	-0.9611997008323669	-3.671853903304698	0.0	0.0	0.0	0.0
15.321883201599121	1781696479.0	1781696479.2901568	6	12.0	14.0	32.0	34.0	NeuronSpectrum 17.06.2026 14:10:28	EEG	checkup_155_17.06.2026 14:10:28	500.0	499.6666666666667	True	0.5	40.0	4	True	50.0	30.0	0.2201543152332306	566.4058046753505	19.94236946105957	16.079773863351203	16.63707733154297	12.460156640252448	11.864693641662598	11.067295077769348	18.33219337463379	12.379051035536886	5.336740016937256	10.80369154535818	9.124135971069336	5.9091345973221365	0.9310024976730347	-2.8430723016192716	0.0	0.0	0.0	0.0
15.372753381729126	1781696479.0	1781696479.341027	6	12.0	14.0	32.0	34.0	NeuronSpectrum 17.06.2026 14:10:28	EEG	checkup_155_17.06.2026 14:10:28	500.0	499.6666666666667	True	0.5	40.0	4	True	50.0	30.0	0.4923568367958069	566.5329242284014	13.010095596313477	14.373852604644448	10.332188606262207	10.79631548589399	2.020160675048828	8.630179258262414	14.696857452392578	10.816845425978483	18.071678161621094	9.140762058447429	0.705385148525238	3.445901017725414	-1.9123940467834473	-1.7803122265551423	0.0	0.0	0.0	0.0
15.37276005744934	1781696479.0	1781696479.3410337	6	12.0	14.0	32.0	34.0	NeuronSpectrum 17.06.2026 14:10:28	EEG	checkup_155_17.06.2026 14:10:28	500.0	499.6666666666667	True	0.5	40.0	4	True	50.0	30.0	0.4705725610256195	566.3619071791069	10.212778091430664	11.748645164052279	8.380322456359863	8.432792789654318	1.8846486806869507	5.8457117304935515	12.008626937866211	8.409518715122811	15.952882766723633	6.999069393599162	-0.23837599158287048	0.5916339579161277	-1.8566834926605225	-0.6687808780505663	0.0	0.0	0.0	0.0
15.372762441635132	1781696479.0	1781696479.341036	6	12.0	14.0	32.0	34.0	NeuronSpectrum 17.06.2026 14:10:28	EEG	checkup_155_17.06.2026 14:10:28	500.0	499.6666666666667	True	0.5	40.0	4	True	50.0	30.0	0.3312914967536926	566.5277072563542	7.132590293884277	8.45679526403694	6.156248092651367	5.548252113843088	1.0240639448165894	2.8537057398640515	9.142990112304688	5.3631362253207016	13.509757995605469	4.499925888742931	-1.6176632642745972	-2.4802497005541833	-0.707463264465332	0.32858436412419856	0.0	0.0	0.0	0.0
15.372764110565186	1781696479.0	1781696479.3410378	6	12.0	14.0	32.0	34.0	NeuronSpectrum 17.06.2026 14:10:28	EEG	checkup_155_17.06.2026 14:10:28	500.0	499.6666666666667	True	0.5	40.0	4	True	50.0	30.0	0.11167790740728378	567.5406743212718	3.950993776321411	4.813219795234853	3.5854954719543457	2.3679821370778553	-1.256221055984497	-0.19036105411526777	6.192183494567871	1.9472784222405983	10.752012252807617	1.8061161311203264	-3.9328219890594482	-5.568747034778798	1.3317896127700806	1.0937378700599096	0.0	0.0	0.0	0.0
15.372766017913818	1781696479.0	1781696479.3410397	6	12.0	14.0	32.0	34.0	NeuronSpectrum 17.06.2026 14:10:28	EEG	checkup_155_17.06.2026 14:10:28	500.0	499.6666666666667	True	0.5	40.0	4	True	50.0	30.0	-0.11208491772413254	569.5884977438643	0.4162040650844574	1.154008851346471	0.33532771468162537	-0.8560269042697148	-5.129097938537598	-3.1110426153494877	2.7932188510894775	-1.536658527472699	7.505115509033203	-0.8840204735551623	-7.38381814956665	-8.455364591952712	3.1768667697906494	1.567321649956487	0.0	0.0	0.0	0.0
15.372767686843872	1781696479.0	1781696479.3410413	6	12.0	14.0	32.0	34.0	NeuronSpectrum 17.06.2026 14:10:28	EEG	checkup_155_17.06.2026 14:10:28	500.0	499.6666666666667	True	0.5	40.0	4	True	50.0	30.0	-0.2622653841972351	572.4590685563353	-3.682526111602783	-2.2070251081006194	-3.7485666275024414	-3.871326341887747	-9.994253158569336	-5.7197635078968725	-1.3371281623840332	-4.793530286660892	3.70109224319458	-3.3580292944130457	-11.588253021240234	-10.924005165774584	3.666942596435547	1.7522875008879286	0.0	0.0	0.0	0.0
15.372769832611084	1781696479.0	1781696479.3410435	6	12.0	14.0	32.0	34.0	NeuronSpectrum 17.06.2026 14:10:28	EEG	checkup_155_17.06.2026 14:10:28	500.0	499.6666666666667	True	0.5	40.0	4	True	50.0	30.0	-0.298848956823349	575.6163385988046	-7.889570236206055	-5.020198139001328	-8.097938537597656	-6.457374086225736	-14.441082000732422	-7.837083672472938	-5.758194446563721	-7.57581319262963	-0.3082062304019928	-5.423805031147185	-15.503777503967285	-12.790750020034054	2.4994137287139893	1.7054977421682087	0.0	0.0	0.0	0.0
15.372771263122559	1781696479.0	1781696479.341045	6	12.0	14.0	32.0	34.0	NeuronSpectrum 17.06.2026 14:10:28	EEG	checkup_155_17.06.2026 14:10:28	500.0	499.6666666666667	True	0.5	40.0	4	True	50.0	30.0	-0.23379004001617432	578.4028098143705	-10.960320472717285	-7.134416829897492	-11.355669021606445	-8.459340766544008	-16.715675354003906	-9.325742355383891	-9.19369888305664	-9.721875534240255	-3.721689224243164	-6.947948663723688	-17.789052963256836	-13.937707748168187	0.5125423669815063	1.5174527305983851	0.0	0.0	0.0	0.0
15.372773170471191	1781696479.0	1781696479.3410468	6	12.0	14.0	32.0	34.0	NeuronSpectrum 17.06.2026 14:10:28	EEG	checkup_155_17.06.2026 14:10:28	500.0	499.6666666666667	True	0.5	40.0	4	True	50.0	30.0	-0.1159016489982605	580.2927897826561	-11.608634948730469	-8.516227503185414	-12.134894371032715	-9.81397472506164	-15.751482009887695	-10.122068332035004	-10.282055854797363	-11.181477999275526	-5.654412746429443	-7.8858490875185	-17.570396423339844	-14.340184796859441	-0.8834611177444458	1.2845751634453417	0.0	0.0	0.0	0.0
15.372774839401245	1781696479.0	1781696479.3410485	6	12.0	14.0	32.0	34.0	NeuronSpectrum 17.06.2026 14:10:28	EEG	checkup_155_17.06.2026 14:10:28	500.0	499.6666666666667	True	0.5	40.0	4	True	50.0	30.0	0.0001664325245656073	581.0993464852763	-9.6703519821167	-9.245906862608361	-10.181739807128906	-10.55702339418514	-12.1830415725708	-10.251813621306562	-8.720858573913574	-12.018752046461664	-5.622617721557617	-8.2924798203665	-15.115269660949707	-14.075891315112912	-0.7352572083473206	1.0824692560046474	0.0	0.0	0.0	0.0
15.372776746749878	1781696479.0	1781696479.3410504	6	12.0	14.0	32.0	34.0	NeuronSpectrum 17.06.2026 14:10:28	EEG	checkup_155_17.06.2026 14:10:28	500.0	499.6666666666667	True	0.5	40.0	4	True	50.0	30.0	0.07999388128519058	581.0538095468842	-6.676937103271484	-9.488175627004798	-6.980167865753174	-10.806389703296766	-8.39280891418457	-9.822590744824383	-5.854959487915039	-12.388008159648095	-3.8010916709899902	-8.308040617692557	-11.833200454711914	-13.309886004335857	0.808128297328949	0.9492254995241409	0.0	0.0	0.0	0.0
15.372778177261353	1781696479.0	1781696479.3410518	6	12.0	14.0	32.0	34.0	NeuronSpectrum 17.06.2026 14:10:28	EEG	checkup_155_17.06.2026 14:10:28	500.0	499.6666666666667	True	0.5	40.0	4	True	50.0	30.0	0.11673872917890549	580.7243400612493	-5.124643802642822	-9.4437185440255	-5.08560037612915	-10.724374367151205	-7.156683921813965	-8.9955806112812	-4.048861503601074	-12.486912058154457	-0.9544464945793152	-8.120423741701098	-9.458056449890137	-12.257561082783544	2.6444873809814453	0.8839368963842744	0.0	0.0	0.0	0.0
15.372780084609985	1781696479.0	1781696479.3410537	6	12.0	14.0	32.0	34.0	NeuronSpectrum 17.06.2026 14:10:28	EEG	checkup_155_17.06.2026 14:10:28	500.0	499.6666666666667	True	0.5	40.0	4	True	50.0	30.0	0.12190286070108414	580.801751162429	-6.67261266708374	-9.295590052016934	-6.365642070770264	-10.471384791317648	-9.512755393981934	-7.947918493331005	-5.052188396453857	-12.500632077585726	1.8331657648086548	-7.9146146051269834	-8.857073783874512	-11.136143040269951	3.5327484607696533	0.8588140346713187	0.0	0.0	0.0	0.0
15.372781753540039	1781696479.0	1781696479.3410554	6	12.0	14.0	32.0	34.0	NeuronSpectrum 17.06.2026 14:10:28	EEG	checkup_155_17.06.2026 14:10:28	500.0	499.6666666666667	True	0.5	40.0	4	True	50.0	30.0	0.11108418554067612	581.8328294536055	-10.526755332946777	-9.167082430906106	-10.336978912353516	-10.167103467423562	-13.377568244934082	-6.839147338502158	-8.490107536315918	-12.554534834871669	3.4062671661376953	-7.824515386993803	-9.308186531066895	-10.119085106696373	2.91703462600708	0.837310101736435	0.0	0.0	0.0	0.0
15.372783422470093	1781696479.0	1781696479.341057	6	12.0	14.0	32.0	34.0	NeuronSpectrum 17.06.2026 14:10:28	EEG	checkup_155_17.06.2026 14:10:28	500.0	499.6666666666667	True	0.5	40.0	4	True	50.0	30.0	0.09474454075098038	584.0035122027251	-13.382739067077637	-9.102895728583233	-13.950493812561035	-9.871026506471425	-14.234277725219727	-5.789936523141622	-11.698999404907227	-12.68947825077036	2.72928786277771	-7.902722047622569	-8.837645530700684	-9.305839227830795	1.1970959901809692	0.7888584971955322	0.0	0.0	0.0	0.0
15.372785091400146	1781696479.0	1781696479.3410587	6	12.0	14.0	32.0	34.0	NeuronSpectrum 17.06.2026 14:10:28	EEG	checkup_155_17.06.2026 14:10:28	500.0	499.6666666666667	True	0.5	40.0	4	True	50.0	30.0	0.1832091361284256	587.0572060480804	-10.788644790649414	-9.07605662920779	-10.347887992858887	-9.585087855653958	-9.297259330749512	-4.873355122286539	-10.215177536010742	-12.864668507720129	-5.467832565307617	-8.117545955923926	-11.299619674682617	-8.713189958778003	-0.12826023995876312	0.6941400558481213	0.0	0.0	0.0	0.0
15.37278699874878	1781696479.0	1781696479.3410606	6	12.0	14.0	32.0	34.0	NeuronSpectrum 17.06.2026 14:10:28	EEG	checkup_155_17.06.2026 14:10:28	500.0	499.6666666666667	True	0.5	40.0	4	True	50.0	30.0	0.27465665340423584	590.3830412173306	-12.080588340759277	-9.014069261270857	-11.056215286254883	-9.272340918364387	-8.537616729736328	-4.114001654799247	-11.685420989990234	-12.983277781005395	-6.690643310546875	-8.375886787976086	-11.252352714538574	-8.286667715019558	-2.6145148277282715	0.5412649387939177	0.0	0.0	0.0	0.0
15.372788667678833	1781696479.0	1781696479.3410623	6	12.0	14.0	32.0	34.0	NeuronSpectrum 17.06.2026 14:10:28	EEG	checkup_155_17.06.2026 14:10:28	500.0	499.6666666666667	True	0.5	40.0	4	True	50.0	30.0	0.3371741771697998	593.2437578740813	-11.584271430969238	-8.832959015094023	-9.989583969116211	-8.881564723579823	-6.525595664978027	-3.4904359425142784	-11.296859741210938	-12.929771861594947	-5.90603494644165	-8.560348329399169	-9.711830139160156	-7.924666612597132	-2.8691463470458984	0.3192007902096273	0.0	0.0	0.0	0.0
15.372790575027466	1781696479.0	1781696479.3410642	6	12.0	14.0	32.0	34.0	NeuronSpectrum 17.06.2026 14:10:28	EEG	checkup_155_17.06.2026 14:10:28	500.0	499.6666666666667	True	0.5	40.0	4	True	50.0	30.0	0.33282792568206787	595.0581137224705	-9.645418167114258	-8.467627433201184	-7.716508865356445	-8.368459233503316	-4.050174713134766	-2.939474646578816	-9.441272735595703	-12.60645088279284	-3.842482805252075	-8.564984297284882	-7.384738922119141	-7.5059065659268915	-0.775601327419281	0.016758116408712463	0.0	0.0	0.0	0.0
15.37279200553894	1781696479.0	1781696479.3410656	6	12.0	14.0	32.0	34.0	NeuronSpectrum 17.06.2026 14:10:28	EEG	checkup_155_17.06.2026 14:10:28	500.0	499.6666666666667	True	0.5	40.0	4	True	50.0	30.0	0.2569783926010132	595.6296511794795	-7.1283721923828125	-7.889980385066329	-5.235755920410156	-7.707714291009523	-2.0621838569641113	-2.3637570658406903	-7.044253826141357	-11.959199484738837	-1.848050594329834	-8.318376173451833	-5.212367534637451	-6.913120944175643	2.215961217880249	-0.3680645489747476	0.0	0.0	0.0	0.0
15.372793912887573	1781696479.0	1781696479.3410676	6	12.0	14.0	32.0	34.0	NeuronSpectrum 17.06.2026 14:10:28	EEG	checkup_155_17.06.2026 14:10:28	500.0	499.6666666666667	True	0.5	40.0	4	True	50.0	30.0	0.14342457056045532	595.2320000353513	-4.8999481201171875	-7.111490282549627	-3.3815224170684814	-6.894879099615016	-1.1746845245361328	-1.6451278377259317	-4.965322494506836	-10.98748889937881	-0.9522320628166199	-7.791661993768711	-3.778320789337158	-6.050468824927313	3.962038516998291	-0.8110812714661232	0.0	0.0	0.0	0.0
15.372795581817627	1781696479.0	1781696479.3410692	6	12.0	14.0	32.0	34.0	NeuronSpectrum 17.06.2026 14:10:28	EEG	checkup_155_17.06.2026 14:10:28	500.0	499.6666666666667	True	0.5	40.0	4	True	50.0	30.0	0.0457536056637764	594.5144163268969	-3.5630977153778076	-6.172912387466744	-2.5544369220733643	-5.941349246567575	-1.4878355264663696	-0.6657772387747299	-3.6586432456970215	-9.739569603271681	-1.1599317789077759	-6.996282989530155	-3.0960898399353027	-4.856173887135674	3.070539951324463	-1.2471821381561294	0.0	0.0	0.0	0.0
15.37279725074768	1781696479.0	1781696479.341071	6	12.0	14.0	32.0	34.0	NeuronSpectrum 17.06.2026 14:10:28	EEG	checkup_155_17.06.2026 14:10:28	500.0	499.6666666666667	True	0.5	40.0	4	True	50.0	30.0	0.006896514445543289	594.2600049843055	-3.4414708614349365	-5.1285972093518435	-2.788910150527954	-4.868379898145108	-2.6601099967956543	0.6632744680468792	-3.1847734451293945	-8.298374982340082	-1.4523566961288452	-5.977760129545476	-2.797630548477173	-3.313109964995465	-0.12504789233207703	-1.5698171581230602	0.0	0.0	0.0	0.0
15.372798919677734	1781696479.0	1781696479.3410726	6	12.0	14.0	32.0	34.0	NeuronSpectrum 17.06.2026 14:10:28	EEG	checkup_155_17.06.2026 14:10:28	500.0	499.6666666666667	True	0.5	40.0	4	True	50.0	30.0	0.037641141563653946	595.0867635562452	-4.531077861785889	-4.033993139483826	-3.8502044677734375	-3.7055043240677157	-3.968221426010132	2.370655373175315	-3.3343567848205566	-6.765180500767289	-0.5429856777191162	-4.808620990215907	-2.436523675918579	-1.4583085348448934	-3.7321391105651855	-1.6513669892855338	0.0	0.0	0.0	0.0
15.372800588607788	1781696479.0	1781696479.3410742	6	12.0	14.0	32.0	34.0	NeuronSpectrum 17.06.2026 14:10:28	EEG	checkup_155_17.06.2026 14:10:28	500.0	499.6666666666667	True	0.5	40.0	4	True	50.0	30.0	0.11636758595705032	597.20566703697	-6.279914855957031	-2.941777987438973	-5.155447006225586	-2.4951016563930453	-4.3083086013793945	4.3986001523618645	-3.657231330871582	-5.24625543709572	2.0415987968444824	-3.579574738686911	-1.6464900970458984	0.6108351377461099	-5.559463024139404	-1.3807960146258036	0.0	0.0	0.0	0.0
15.372802257537842	1781696479.0	1781696479.341076	6	12.0	14.0	32.0	34.0	NeuronSpectrum 17.06.2026 14:10:28	EEG	checkup_155_17.06.2026 14:10:28	500.0	499.6666666666667	True	0.5	40.0	4	True	50.0	30.0	0.20558379590511322	600.330467460842	-7.432148456573486	-1.906010807463446	-5.661450386047363	-1.2997687664722015	-2.4130775928497314	6.593233937550677	-3.4318153858184814	-3.843915474371223	5.335116386413574	-2.3868572874126572	-0.10716750472784042	2.7384154893560195	-4.5350871086120605	-0.7053295875312202	0.0	0.0	0.0	0.0
15.372804164886475	1781696479.0	1781696479.3410778	6	12.0	14.0	32.0	34.0	NeuronSpectrum 17.06.2026 14:10:28	EEG	checkup_155_17.06.2026 14:10:28	500.0	499.6666666666667	True	0.5	40.0	4	True	50.0	30.0	0.27145305275917053	603.777339760881	-6.394057750701904	-0.9878847548285183	-4.121185779571533	-0.20530641185036752	2.462890386581421	8.720218172456033	-1.8519279956817627	-2.649747174330199	7.336616039276123	-1.3161537414302966	2.473029613494873	4.724843145805946	-1.317344069480896	0.3407692206946049	0.0	0.0	0.0	0.0
15.37280559539795	1781696479.0	1781696479.3410792	6	12.0	14.0	32.0	34.0	NeuronSpectrum 17.06.2026 14:10:28	EEG	checkup_155_17.06.2026 14:10:28	500.0	499.6666666666667	True	0.5	40.0	4	True	50.0	30.0	0.29449763894081116	606.7200288325929	-2.2844104766845703	-0.2546045637833048	0.08830326795578003	0.6878521645271591	9.559957504272461	10.507878266170215	1.3962470293045044	-1.7364446105280669	6.318990707397461	-0.4271521668001673	6.121654987335205	6.3566275445675675	2.2546465396881104	1.6330258253025458	0.0	0.0	0.0	0.0
15.372807264328003	1781696479.0	1781696479.341081	6	12.0	14.0	32.0	34.0	NeuronSpectrum 17.06.2026 14:10:28	EEG	checkup_155_17.06.2026 14:10:28	500.0	499.6666666666667	True	0.5	40.0	4	True	50.0	30.0	0.27012619376182556	608.5053908541927	3.926365375518799	0.23344755974825177	6.015923500061035	1.287000748693771	16.10744857788086	11.709475073902992	5.4844770431518555	-1.1466086197656171	2.227717876434326	0.25609494238023167	10.233575820922852	7.447668715052875	4.391785144805908	2.982208019993738	0.0	0.0	0.0	0.0
15.372808933258057	1781696479.0	1781696479.3410826	6	12.0	14.0	32.0	34.0	NeuronSpectrum 17.06.2026 14:10:28	EEG	checkup_155_17.06.2026 14:10:28	500.0	499.6666666666667	True	0.5	40.0	4	True	50.0	30.0	0.2060052752494812	608.90887555663	9.1806058883667	0.444193139908599	10.905885696411133	1.5374787653169	18.064544677734375	12.16666060075947	8.328168869018555	-0.8809499856975888	-2.90311861038208	0.7467224551179331	13.433394432067871	7.882612579936817	4.348238945007324	4.181113636759141	0.0	0.0	0.0	0.0
15.423696041107178	1781696479.0	1781696479.3919697	6	12.0	14.0	32.0	34.0	NeuronSpectrum 17.06.2026 14:10:28	EEG	checkup_155_17.06.2026 14:10:28	500.0	499.6666666666667	True	0.5	40.0	4	True	50.0	30.0	0.17958851158618927	608.2300952931656	0.11233905702829361	0.3936957720874728	3.1593682765960693	1.4485610693160171	10.435623168945312	11.85288309284921	3.558366298675537	-0.891729430779351	10.554908752441406	1.090519011308185	10.524271011352539	7.6491529963414004	9.594179153442383	5.0584444738801295	0.0	0.0	0.0	0.0
15.423702478408813	1781696479.0	1781696479.391976	6	12.0	14.0	32.0	34.0	NeuronSpectrum 17.06.2026 14:10:28	EEG	checkup_155_17.06.2026 14:10:28	500.0	499.6666666666667	True	0.5	40.0	4	True	50.0	30.0	0.03945889323949814	607.1882004310298	-0.1444297730922699	0.15293860742004617	2.219682455062866	1.102272594980746	7.907867431640625	10.88161055918771	3.0450971126556396	-1.0870707963879025	9.96453857421875	1.3584098929539212	8.887080192565918	6.847402214243123	9.596903800964355	5.523341647671702	0.0	0.0	0.0	0.0
15.423704862594604	1781696479.0	1781696479.3919785	6	12.0	14.0	32.0	34.0	NeuronSpectrum 17.06.2026 14:10:28	EEG	checkup_155_17.06.2026 14:10:28	500.0	499.6666666666667	True	0.5	40.0	4	True	50.0	30.0	-0.06932608783245087	606.6531814565627	-1.1102193593978882	-0.1638286818379523	0.5575129985809326	0.6393272370784027	4.683138847351074	9.47717742768499	1.9377177953720093	-1.3476833588342445	8.53781795501709	1.6359661830615788	5.964142322540283	5.67096783606867	7.928483486175537	5.586501383856453	0.0	0.0	0.0	0.0
15.423707008361816	1781696479.0	1781696479.3919806	6	12.0	14.0	32.0	34.0	NeuronSpectrum 17.06.2026 14:10:28	EEG	checkup_155_17.06.2026 14:10:28	500.0	499.6666666666667	True	0.5	40.0	4	True	50.0	30.0	-0.08847418427467346	607.3133312053659	-2.31756591796875	-0.4259897876623277	-1.1088210344314575	0.22587903235118018	1.8420246839523315	7.9188794661314965	0.7666493058204651	-1.5523255094151247	7.031404495239258	2.0072817599064017	2.789128303527832	4.363557353878767	5.007358074188232	5.350355409034894	0.0	0.0	0.0	0.0
15.42370891571045	1781696479.0	1781696479.3919826	6	12.0	14.0	32.0	34.0	NeuronSpectrum 17.06.2026 14:10:28	EEG	checkup_155_17.06.2026 14:10:28	500.0	499.6666666666667	True	0.5	40.0	4	True	50.0	30.0	-0.004115432500839233	609.4059031786966	-3.2749810218811035	-0.5201080121227607	-2.185256004333496	0.011326420217399283	0.014305658638477325	6.475709839785847	0.00536755844950676	-1.6052224138563418	6.264301300048828	2.5329342776218224	0.41845273971557617	3.1628364831613127	1.8997018337249756	4.970743255431728	0.0	0.0	0.0	0.0
15.423710823059082	1781696479.0	1781696479.3919845	6	12.0	14.0	32.0	34.0	NeuronSpectrum 17.06.2026 14:10:28	EEG	checkup_155_17.06.2026 14:10:28	500.0	499.6666666666667	True	0.5	40.0	4	True	50.0	30.0	0.1390763521194458	612.6163111784359	-3.6311511993408203	-0.3806542630959353	-2.4050700664520264	0.08909390280868258	-0.7229332327842712	5.34889202482315	-0.11274635791778564	-1.4584193445622067	6.6570587158203125	3.227632737776241	-0.5296227931976318	2.2470712545831266	-0.010328936390578747	4.602887246548784	0.0	0.0	0.0	0.0
15.423712730407715	1781696479.0	1781696479.3919864	6	12.0	14.0	32.0	34.0	NeuronSpectrum 17.06.2026 14:10:28	EEG	checkup_155_17.06.2026 14:10:28	500.0	499.6666666666667	True	0.5	40.0	4	True	50.0	30.0	0.26272881031036377	616.1883449557583	-3.125969886779785	-0.010055363227357894	-1.6966917514801025	0.4706286165940732	-0.5000061988830566	4.634833042418505	0.4818069338798523	-1.1235686090107053	8.001574516296387	4.046864505160435	-0.023979732766747475	1.698972475458415	0.247884601354599	4.350864232933542	0.0	0.0	0.0	0.0
15.423714637756348	1781696479.0	1781696479.3919883	6	12.0	14.0	32.0	34.0	NeuronSpectrum 17.06.2026 14:10:28	EEG	checkup_155_17.06.2026 14:10:28	500.0	499.6666666666667	True	0.5	40.0	4	True	50.0	30.0	0.30183035135269165	619.2072417723805	-1.5270521640777588	0.5174205128048595	0.02782161720097065	1.0795097208573405	0.6874868869781494	4.315108157371667	1.853158950805664	-0.6698982768822368	9.616765975952148	4.889953379527757	1.5216368436813354	1.4958442970455368	2.574559450149536	4.2388520847191025	0.0	0.0	0.0	0.0
15.423716068267822	1781696479.0	1781696479.3919897	6	12.0	14.0	32.0	34.0	NeuronSpectrum 17.06.2026 14:10:28	EEG	checkup_155_17.06.2026 14:10:28	500.0	499.6666666666667	True	0.5	40.0	4	True	50.0	30.0	0.24177950620651245	620.9498580963905	1.1769468784332275	1.0702195771758494	2.7888379096984863	1.7680912576669119	2.8508214950561523	4.273943508689093	4.0004801750183105	-0.20795398460460265	10.794427871704102	5.620666281154478	3.472723960876465	1.5273600000776015	5.773279666900635	4.214101772456156	0.0	0.0	0.0	0.0
15.423717975616455	1781696479.0	1781696479.3919916	6	12.0	14.0	32.0	34.0	NeuronSpectrum 17.06.2026 14:10:28	EEG	checkup_155_17.06.2026 14:10:28	500.0	499.6666666666667	True	0.5	40.0	4	True	50.0	30.0	0.12129297107458115	621.1680397996857	4.33993673324585	1.4902944298249117	6.085805416107178	2.3535841250819547	5.43026876449585	4.337787337215183	6.50608491897583	0.13778823914271865	11.230180740356445	6.099592531898232	5.102031707763672	1.6344374912350943	8.180423736572266	4.179107986507834	0.0	0.0	0.0	0.0
15.42371940612793	1781696479.0	1781696479.391993	6	12.0	14.0	32.0	34.0	NeuronSpectrum 17.06.2026 14:10:28	EEG	checkup_155_17.06.2026 14:10:28	500.0	499.6666666666667	True	0.5	40.0	4	True	50.0	30.0	0.0033380768727511168	620.1942943697426	6.46024751663208	1.6327207767123593	8.551958084106445	2.6646755573910745	6.973706245422363	4.3264289475005535	8.266939163208008	0.260663521576648	11.139537811279297	6.2183399311322995	5.6779398918151855	1.6571299641567143	8.611133575439453	4.039064891822708	0.0	0.0	0.0	0.0
15.423721313476562	1781696479.0	1781696479.391995	6	12.0	14.0	32.0	34.0	NeuronSpectrum 17.06.2026 14:10:28	EEG	checkup_155_17.06.2026 14:10:28	500.0	499.6666666666667	True	0.5	40.0	4	True	50.0	30.0	-0.06253313273191452	618.8251952635094	5.747812271118164	1.4027391693759996	8.340555191040039	2.5855289853714405	5.764168739318848	4.101973656376388	7.8133134841918945	0.09866456724940495	10.955001831054688	5.9255523133545145	4.681796073913574	1.4777901212406364	6.9305877685546875	3.7452601792111033	0.0	0.0	0.0	0.0
15.423722743988037	1781696479.0	1781696479.3919964	6	12.0	14.0	32.0	34.0	NeuronSpectrum 17.06.2026 14:10:28	EEG	checkup_155_17.06.2026 14:10:28	500.0	499.6666666666667	True	0.5	40.0	4	True	50.0	30.0	-0.0639428049325943	618.0228751140112	1.4267760515213013	0.7785988985282011	4.35312032699585	2.08375782676253	1.2939364910125732	3.602567275470788	4.305673122406006	-0.35230488765466067	10.7976655960083	5.238105715132555	2.1954028606414795	1.0483725716220873	3.9872748851776123	3.3177539949929513	0.0	0.0	0.0	0.0
15.42372465133667	1781696479.0	1781696479.3919983	6	12.0	14.0	32.0	34.0	NeuronSpectrum 17.06.2026 14:10:28	EEG	checkup_155_17.06.2026 14:10:28	500.0	499.6666666666667	True	0.5	40.0	4	True	50.0	30.0	-0.023130588233470917	618.5460881679397	-5.061613082885742	-0.1865339345884805	-2.4368367195129395	1.2141877273161477	-4.492363929748535	2.85293644104799	-1.4042434692382812	-1.0429061439821519	10.106755256652832	4.235637485666162	-0.8014479279518127	0.3965483622760144	1.0111335515975952	2.839993038819645	0.0	0.0	0.0	0.0
15.423726320266724	1781696479.0	1781696479.392	6	12.0	14.0	32.0	34.0	NeuronSpectrum 17.06.2026 14:10:28	EEG	checkup_155_17.06.2026 14:10:28	500.0	499.6666666666667	True	0.5	40.0	4	True	50.0	30.0	0.022720303386449814	620.6519029800809	-10.090104103088379	-1.3820365035148945	-8.735315322875977	0.09943274353520465	-7.50123929977417	1.9518778538464512	-6.606328964233398	-1.8895365408741662	7.761534214019775	3.040960023848212	-2.6030330657958984	-0.38797553542855	-1.070865511894226	2.4295743539244063	0.0	0.0	0.0	0.0
15.474705934524536	1781696479.0	1781696479.4429796	6	12.0	14.0	32.0	34.0	NeuronSpectrum 17.06.2026 14:10:28	EEG	checkup_155_17.06.2026 14:10:28	500.0	499.6666666666667	True	0.5	40.0	4	True	50.0	30.0	0.3318610191345215	623.9848292998405	-0.20143814384937286	-2.668065295979923	2.1413702964782715	-1.1033138271588545	1.1746442317962646	1.0436603209269506	3.536268472671509	-2.799397408327	7.570533275604248	1.7918774470482153	1.0008615255355835	-1.1806176783711977	-0.9021192789077759	2.198181845951622	0.0	0.0	0.0	0.0
15.474712610244751	1781696479.0	1781696479.4429862	6	12.0	14.0	32.0	34.0	NeuronSpectrum 17.06.2026 14:10:28	EEG	checkup_155_17.06.2026 14:10:28	500.0	499.6666666666667	True	0.5	40.0	4	True	50.0	30.0	0.3565262258052826	627.7003007082212	-2.9132750034332275	-3.904676200402417	-0.5407400131225586	-2.237446046517419	-1.6552138328552246	0.2823798448253143	1.420230507850647	-3.692287267486075	5.155069351196289	0.6111717333162597	-0.9547516107559204	-1.8546885294384652	0.7296801805496216	2.216372763239292	0.0	0.0	0.0	0.0
15.4747154712677	1781696479.0	1781696479.442989	6	12.0	14.0	32.0	34.0	NeuronSpectrum 17.06.2026 14:10:28	EEG	checkup_155_17.06.2026 14:10:28	500.0	499.6666666666667	True	0.5	40.0	4	True	50.0	30.0	0.2774743139743805	630.7799371224451	-5.618165493011475	-4.975972899555536	-3.0261456966400146	-3.1761060716256666	-4.051724910736084	-0.20358481591698221	-0.9393419623374939	-4.514643485800506	2.6483402252197266	-0.4187328973095577	-2.827401876449585	-2.3128063048210112	3.055152654647827	2.4949704358653504	0.0	0.0	0.0	0.0
15.474717378616333	1781696479.0	1781696479.442991	6	12.0	14.0	32.0	34.0	NeuronSpectrum 17.06.2026 14:10:28	EEG	checkup_155_17.06.2026 14:10:28	500.0	499.6666666666667	True	0.5	40.0	4	True	50.0	30.0	0.12524746358394623	632.4210603313517	-7.371631145477295	-5.807506099998512	-4.408431529998779	-3.8422871618313366	-4.835714817047119	-0.34142724431173754	-2.6891798973083496	-5.246029358674372	0.8927072286605835	-1.2711406703249069	-3.675309896469116	-2.5110277736841273	5.043616771697998	2.986815718226438	0.0	0.0	0.0	0.0
15.474719285964966	1781696479.0	1781696479.442993	6	12.0	14.0	32.0	34.0	NeuronSpectrum 17.06.2026 14:10:28	EEG	checkup_155_17.06.2026 14:10:28	500.0	499.6666666666667	True	0.5	40.0	4	True	50.0	30.0	-0.0454263873398304	632.35178526568	-7.556111812591553	-6.375302004407515	-4.224487781524658	-4.218167240606603	-3.4816741943359375	-0.13159739326150888	-3.186819553375244	-5.89878220969766	0.3499138355255127	-1.9769772106263648	-2.9092085361480713	-2.4699579260759665	5.994492053985596	3.6045351976025177	0.0	0.0	0.0	0.0
15.474721193313599	1781696479.0	1781696479.4429948	6	12.0	14.0	32.0	34.0	NeuronSpectrum 17.06.2026 14:10:28	EEG	checkup_155_17.06.2026 14:10:28	500.0	499.6666666666667	True	0.5	40.0	4	True	50.0	30.0	-0.18284690380096436	630.9485665128127	-6.29937744140625	-6.703204754730462	-2.7740039825439453	-4.341127658318601	-0.5850958824157715	0.3534123218828414	-2.4589619636535645	-6.509562124286607	0.8028762340545654	-2.6121217904023695	-0.7681049704551697	-2.268300908618437	5.806296348571777	4.245251703518068	0.0	0.0	0.0	0.0
15.474723100662231	1781696479.0	1781696479.4429967	6	12.0	14.0	32.0	34.0	NeuronSpectrum 17.06.2026 14:10:28	EEG	checkup_155_17.06.2026 14:10:28	500.0	499.6666666666667	True	0.5	40.0	4	True	50.0	30.0	-0.2596522569656372	629.1066173447502	-4.565582275390625	-6.846432153073514	-1.078163504600525	-4.285379564382762	2.252234935760498	0.9914841053774629	-1.336691975593567	-7.121719486722095	1.548851490020752	-3.2723393174576474	1.6488127708435059	-2.0186055977428428	4.954378128051758	4.813146178733843	0.0	0.0	0.0	0.0
15.474725246429443	1781696479.0	1781696479.442999	6	12.0	14.0	32.0	34.0	NeuronSpectrum 17.06.2026 14:10:28	EEG	checkup_155_17.06.2026 14:10:28	500.0	499.6666666666667	True	0.5	40.0	4	True	50.0	30.0	-0.27855050563812256	627.9077642189418	-3.7486166954040527	-6.864642150162814	-0.41242000460624695	-4.1331915011596765	3.2164103984832764	1.6483195248625129	-1.0868616104125977	-7.761417268427384	1.9149106740951538	-4.041453664912899	2.9022533893585205	-1.8316412263439321	4.186496257781982	5.234417371306349	0.0	0.0	0.0	0.0
15.474727153778076	1781696479.0	1781696479.4430008	6	12.0	14.0	32.0	34.0	NeuronSpectrum 17.06.2026 14:10:28	EEG	checkup_155_17.06.2026 14:10:28	500.0	499.6666666666667	True	0.5	40.0	4	True	50.0	30.0	-0.2603245973587036	628.2092181645205	-4.852973461151123	-6.79397124936572	-1.5671541690826416	-3.945214915744633	1.4314658641815186	2.216338205240947	-2.6416122913360596	-8.415523915516612	1.633107304573059	-4.960868068130356	2.0410072803497314	-1.7814050604543898	4.083651065826416	5.463893566082597	0.0	0.0	0.0	0.0
15.474729061126709	1781696479.0	1781696479.4430027	6	12.0	14.0	32.0	34.0	NeuronSpectrum 17.06.2026 14:10:28	EEG	checkup_155_17.06.2026 14:10:28	500.0	499.6666666666667	True	0.5	40.0	4	True	50.0	30.0	-0.22675518691539764	630.3097466474555	-7.676257133483887	-6.62973062075808	-4.210877895355225	-3.7410738733381406	-2.2107059955596924	2.6403796980123695	-5.844419479370117	-9.02118736201933	0.7541626691818237	-6.008884928358542	-0.7344852685928345	-1.8834978758918473	4.743096351623535	5.485736625261987	0.0	0.0	0.0	0.0
15.474730491638184	1781696479.0	1781696479.4430041	6	12.0	14.0	32.0	34.0	NeuronSpectrum 17.06.2026 14:10:28	EEG	checkup_155_17.06.2026 14:10:28	500.0	499.6666666666667	True	0.5	40.0	4	True	50.0	30.0	-0.1887897551059723	633.8231789811459	-10.56518268585205	-6.327433203850375	-6.793401718139648	-3.4973456186833345	-5.243407249450684	2.9221269576099074	-9.227951049804688	-9.473434764598768	-0.7165021896362305	-7.096207787198215	-3.987846851348877	-2.094266124654198	5.7282843589782715	5.311086560663405	0.0	0.0	0.0	0.0
15.474732160568237	1781696479.0	1781696479.4430058	6	12.0	14.0	32.0	34.0	NeuronSpectrum 17.06.2026 14:10:28	EEG	checkup_155_17.06.2026 14:10:28	500.0	499.6666666666667	True	0.5	40.0	4	True	50.0	30.0	-0.14625506103038788	637.8120877964085	-11.14513111114502	-5.8213305869440735	-7.241684436798096	-3.1621537258068204	-5.000776767730713	3.1057450474452426	-10.650205612182617	-9.649455990556303	-2.9712347984313965	-8.080001258366519	-5.682461738586426	-2.329027126541582	6.3371710777282715	4.973722028888273	0.0	0.0	0.0	0.0
15.474733829498291	1781696479.0	1781696479.4430075	6	12.0	14.0	32.0	34.0	NeuronSpectrum 17.06.2026 14:10:28	EEG	checkup_155_17.06.2026 14:10:28	500.0	499.6666666666667	True	0.5	40.0	4	True	50.0	30.0	-0.09668334573507309	641.1355144502152	-7.859099388122559	-5.0515264581813435	-4.2774529457092285	-2.6783211371897613	-0.5567748546600342	3.2554182626695587	-8.621596336364746	-9.440678072468916	-6.077996253967285	-8.79381331150941	-4.319873332977295	-2.489661840379999	6.009613037109375	4.522773436571338	0.0	0.0	0.0	0.0
15.474735498428345	1781696479.0	1781696479.4430091	6	12.0	14.0	32.0	34.0	NeuronSpectrum 17.06.2026 14:10:28	EEG	checkup_155_17.06.2026 14:10:28	500.0	499.6666666666667	True	0.5	40.0	4	True	50.0	30.0	-0.04302038624882698	642.881413263325	-1.4211393594741821	-3.9878813946647673	1.3849676847457886	-2.0046684344753896	6.03849458694458	3.436369106366558	-3.5615739822387695	-8.780812084960223	-9.422669410705566	-9.085636007674648	0.0309501551091671	-2.489356413274767	4.630817413330078	4.011193433374039	0.0	0.0	0.0	0.0
15.474737167358398	1781696479.0	1781696479.4430108	6	12.0	14.0	32.0	34.0	NeuronSpectrum 17.06.2026 14:10:28	EEG	checkup_155_17.06.2026 14:10:28	500.0	499.6666666666667	True	0.5	40.0	4	True	50.0	30.0	0.004678147379308939	642.7194258225933	4.947866916656494	-2.6427033720354025	6.8733439445495605	-1.1285946784756062	10.323128700256348	3.7047703534947805	1.9514093399047852	-7.6613184707949475	-11.53396987915039	-8.852988054275125	5.491944313049316	-2.266466512767144	2.5742833614349365	3.480825321583921	0.0	0.0	0.0	0.0
15.474739074707031	1781696479.0	1781696479.4430127	6	12.0	14.0	32.0	34.0	NeuronSpectrum 17.06.2026 14:10:28	EEG	checkup_155_17.06.2026 14:10:28	500.0	499.6666666666667	True	0.5	40.0	4	True	50.0	30.0	0.2343430072069168	641.0371136288935	-2.910994052886963	-1.0711534723463632	-0.46617481112480164	-0.06922534598236599	0.797142744064331	4.104216325016859	-2.9346015453338623	-6.132462215375554	-1.6648260354995728	-8.064228460316127	-0.6830165982246399	-1.787053770616873	-0.23418453335762024	2.9484757558412906	0.0	0.0	0.0	0.0
15.474740505218506	1781696479.0	1781696479.4430141	6	12.0	14.0	32.0	34.0	NeuronSpectrum 17.06.2026 14:10:28	EEG	checkup_155_17.06.2026 14:10:28	500.0	499.6666666666667	True	0.5	40.0	4	True	50.0	30.0	0.22584329545497894	638.8034992677839	-0.40686166286468506	0.6371323457021788	0.8447640538215637	1.1258649299929995	0.981968343257904	4.663459414226414	-0.734279453754425	-4.29341122725455	-0.49440091848373413	-6.760543448885932	0.04820801690220833	-1.0410613999327658	0.25194302201271057	2.3999587996972096	0.0	0.0	0.0	0.0
15.47474193572998	1781696479.0	1781696479.4430156	6	12.0	14.0	32.0	34.0	NeuronSpectrum 17.06.2026 14:10:28	EEG	checkup_155_17.06.2026 14:10:28	500.0	499.6666666666667	True	0.5	40.0	4	True	50.0	30.0	0.13350710272789001	637.2076372781198	2.1395888328552246	2.3716931126043788	2.404324769973755	2.387925944731094	1.6625453233718872	5.393184732081724	1.4084327220916748	-2.2760430585424563	0.7224653959274292	-5.041184215408575	1.1057714223861694	-0.03734317586164754	1.6864715814590454	1.7981051205169152	0.0	0.0	0.0	0.0
15.474744081497192	1781696479.0	1781696479.4430177	6	12.0	14.0	32.0	34.0	NeuronSpectrum 17.06.2026 14:10:28	EEG	checkup_155_17.06.2026 14:10:28	500.0	499.6666666666667	True	0.5	40.0	4	True	50.0	30.0	0.0009372899075970054	637.2073866658795	4.286258697509766	4.018157350456125	4.062987327575684	3.6377503055475207	2.9309301376342773	6.28380176118987	3.367969274520874	-0.22598270521797026	2.1346652507781982	-3.040589708776363	2.574709415435791	1.2001306234876372	3.0241456031799316	1.1053999739106182	0.0	0.0	0.0	0.0
15.474745512008667	1781696479.0	1781696479.4430192	6	12.0	14.0	32.0	34.0	NeuronSpectrum 17.06.2026 14:10:28	EEG	checkup_155_17.06.2026 14:10:28	500.0	499.6666666666667	True	0.5	40.0	4	True	50.0	30.0	-0.10786258429288864	639.160528538363	5.4952874183654785	5.475825294118892	5.323586940765381	4.798821123120299	4.265696048736572	7.306582237543384	4.874628067016602	1.7161560065323733	3.709124803543091	-0.9063634123418431	4.101134300231934	2.6346471454174822	3.3130669593811035	0.3143071593151158	0.0	0.0	0.0	0.0
15.4747474193573	1781696479.0	1781696479.443021	6	12.0	14.0	32.0	34.0	NeuronSpectrum 17.06.2026 14:10:28	EEG	checkup_155_17.06.2026 14:10:28	500.0	499.6666666666667	True	0.5	40.0	4	True	50.0	30.0	-0.14276805520057678	642.6815480517193	5.580918312072754	6.671403492545114	5.765594482421875	5.809509966518645	5.0850958824157715	8.417465437526655	5.758540630340576	3.430062070786279	5.261974811553955	1.2171178938335734	5.254947662353516	4.217568650377034	2.178370952606201	-0.5273713739334885	0.0	0.0	0.0	0.0
15.474748849868774	1781696479.0	1781696479.4430225	6	12.0	14.0	32.0	34.0	NeuronSpectrum 17.06.2026 14:10:28	EEG	checkup_155_17.06.2026 14:10:28	500.0	499.6666666666667	True	0.5	40.0	4	True	50.0	30.0	-0.0942823737859726	646.7825654235081	5.1241888999938965	7.564621814475224	5.599465847015381	6.630054217216818	5.502541542053223	9.560720335575342	6.306774616241455	4.82501971722634	6.642618656158447	3.1993257443059053	6.083047389984131	5.887385994737438	-0.04068142548203468	-1.3089511679883354	0.0	0.0	0.0	0.0
15.474750757217407	1781696479.0	1781696479.4430244	6	12.0	14.0	32.0	34.0	NeuronSpectrum 17.06.2026 14:10:28	EEG	checkup_155_17.06.2026 14:10:28	500.0	499.6666666666667	True	0.5	40.0	4	True	50.0	30.0	0.003557612420991063	650.2477721404226	5.3435797691345215	8.1451200298054	5.770763874053955	7.242416560973947	6.486149787902832	10.670901109454087	7.283868789672852	5.843150847660289	7.853071212768555	4.930616682003503	7.262779712677002	7.56800601526426	-2.493016242980957	-1.874000100134173	0.0	0.0	0.0	0.0
15.474752426147461	1781696479.0	1781696479.443026	6	12.0	14.0	32.0	34.0	NeuronSpectrum 17.06.2026 14:10:28	EEG	checkup_155_17.06.2026 14:10:28	500.0	499.6666666666667	True	0.5	40.0	4	True	50.0	30.0	0.09442149102687836	652.0991762727057	7.271542549133301	8.424575710522326	7.326645851135254	7.64515221078691	9.073551177978516	11.674730842127648	9.392662048339844	6.4592314017703645	9.02054214477539	6.327706934970662	9.600587844848633	9.169048524007948	-4.193145275115967	-2.0593822729279005	0.0	0.0	0.0	0.0
15.474754095077515	1781696479.0	1781696479.4430277	6	12.0	14.0	32.0	34.0	NeuronSpectrum 17.06.2026 14:10:28	EEG	checkup_155_17.06.2026 14:10:28	500.0	499.6666666666667	True	0.5	40.0	4	True	50.0	30.0	0.13200409710407257	651.9734864049524	10.68032169342041	8.429843923405556	10.351752281188965	7.847804296997575	13.09929370880127	12.496279038978216	12.442418098449707	6.680271194379231	10.255126953125	7.338097817201568	13.160706520080566	10.591321396359367	-4.398900508880615	-1.7443942359907212	0.0	0.0	0.0	0.0
15.474755764007568	1781696479.0	1781696479.4430294	6	12.0	14.0	32.0	34.0	NeuronSpectrum 17.06.2026 14:10:28	EEG	checkup_155_17.06.2026 14:10:28	500.0	499.6666666666667	True	0.5	40.0	4	True	50.0	30.0	0.10337422043085098	650.2615678462752	13.679657936096191	8.200132286328275	13.35593318939209	7.8679761587153925	16.610368728637695	13.066817250008365	14.960183143615723	6.545566278085987	11.528706550598145	7.942314611264365	16.77199363708496	11.738368069866196	-2.923051118850708	-0.8935478699090726	0.0	0.0	0.0	0.0
15.474757432937622	1781696479.0	1781696479.443031	6	12.0	14.0	32.0	34.0	NeuronSpectrum 17.06.2026 14:10:28	EEG	checkup_155_17.06.2026 14:10:28	500.0	499.6666666666667	True	0.5	40.0	4	True	50.0	30.0	0.031856968998909	647.9523792254724	13.61348819732666	7.785766745523981	13.854496955871582	7.729976005391791	16.813962936401367	13.336089541051201	14.814593315124512	6.1239823864552525	12.608908653259277	8.151909539620961	18.471721649169922	12.530857861838347	-0.28024426102638245	0.4218807893399221	0.0	0.0	0.0	0.0
15.474758863449097	1781696479.0	1781696479.4430325	6	12.0	14.0	32.0	34.0	NeuronSpectrum 17.06.2026 14:10:28	EEG	checkup_155_17.06.2026 14:10:28	500.0	499.6666666666667	True	0.5	40.0	4	True	50.0	30.0	-0.04176608473062515	646.2387162290216	8.971146583557129	7.242429804719841	10.06953239440918	7.460470643950073	12.233272552490234	13.278396170679533	10.70797061920166	5.503270684576491	13.037837982177734	8.00152103857257	16.780916213989258	12.917462356821485	2.4688594341278076	2.031543362123319	0.0	0.0	0.0	0.0
15.474761009216309	1781696479.0	1781696479.4430346	6	12.0	14.0	32.0	34.0	NeuronSpectrum 17.06.2026 14:10:28	EEG	checkup_155_17.06.2026 14:10:28	500.0	499.6666666666667	True	0.5	40.0	4	True	50.0	30.0	-0.08416684716939926	646.0378953562282	1.0407333374023438	6.616832059502329	2.6572115421295166	7.077739865641424	4.535945892333984	12.888708649743874	3.543926477432251	4.769160833230959	12.137834548950195	7.5350329698210805	11.953770637512207	12.87671239054513	4.1565985679626465	3.701706405360924	0.0	0.0	0.0	0.0
15.474762439727783	1781696479.0	1781696479.443036	6	12.0	14.0	32.0	34.0	NeuronSpectrum 17.06.2026 14:10:28	EEG	checkup_155_17.06.2026 14:10:28	500.0	499.6666666666667	True	0.5	40.0	4	True	50.0	30.0	-0.08698120713233948	647.6185496161537	-6.092347621917725	5.9273125369361725	-4.935593128204346	6.577241775763136	-1.6176056861877441	12.170916201184028	-3.475212812423706	3.9792610676378155	9.137986183166504	6.788712059905654	6.222832202911377	12.409586204250688	4.0933122634887695	5.189482664437992	0.0	0.0	0.0	0.0
15.474764347076416	1781696479.0	1781696479.443038	6	12.0	14.0	32.0	34.0	NeuronSpectrum 17.06.2026 14:10:28	EEG	checkup_155_17.06.2026 14:10:28	500.0	499.6666666666667	True	0.5	40.0	4	True	50.0	30.0	-0.19815127551555634	650.4882239929831	5.759982109069824	5.150258269656112	8.054980278015137	5.922583440471398	10.63311767578125	11.127049655784752	6.864205837249756	3.1434806472315726	7.862247943878174	5.7770738209627	14.037089347839355	11.528825910059874	9.670122146606445	6.301208934580662	0.0	0.0	0.0	0.0
15.47476601600647	1781696479.0	1781696479.4430397	6	12.0	14.0	32.0	34.0	NeuronSpectrum 17.06.2026 14:10:28	EEG	checkup_155_17.06.2026 14:10:28	500.0	499.6666666666667	True	0.5	40.0	4	True	50.0	30.0	-0.149536594748497	653.5972030419098	4.82524299621582	4.223552459708333	6.829172611236572	5.051183636940314	8.862168312072754	9.756613549649469	5.948101997375488	2.2226944757196825	6.353318691253662	4.4884072669247965	12.256144523620605	10.253167718391467	10.321755409240723	6.939322955630983	0.0	0.0	0.0	0.0
15.474767684936523	1781696479.0	1781696479.4430413	6	12.0	14.0	32.0	34.0	NeuronSpectrum 17.06.2026 14:10:28	EEG	checkup_155_17.06.2026 14:10:28	500.0	499.6666666666667	True	0.5	40.0	4	True	50.0	30.0	-0.05357392877340317	655.7885288426744	4.2287516593933105	3.0700748047180517	5.688477516174316	3.8964264178285677	7.1476664543151855	8.068174079570797	5.479191780090332	1.149384667960631	5.381139278411865	2.8948194198314257	10.641632080078125	8.610924707787266	9.305879592895508	7.124326443689062	0.0	0.0	0.0	0.0
15.474769592285156	1781696479.0	1781696479.4430432	6	12.0	14.0	32.0	34.0	NeuronSpectrum 17.06.2026 14:10:28	EEG	checkup_155_17.06.2026 14:10:28	500.0	499.6666666666667	True	0.5	40.0	4	True	50.0	30.0	0.0545959435403347	656.3205030129044	3.6867666244506836	1.6337947148316219	4.636481761932373	2.4188803945264663	5.644570350646973	6.097302836324337	5.223524570465088	-0.13645177388035212	4.747920513153076	0.976317314923594	9.319682121276855	6.651094243203685	7.09238338470459	6.984388125441131	0.0	0.0	0.0	0.0
15.47477126121521	1781696479.0	1781696479.443045	6	12.0	14.0	32.0	34.0	NeuronSpectrum 17.06.2026 14:10:28	EEG	checkup_155_17.06.2026 14:10:28	500.0	499.6666666666667	True	0.5	40.0	4	True	50.0	30.0	0.1372075080871582	655.2475705725359	2.869417905807495	-0.08442934171853007	3.57790207862854	0.6351775256827178	4.3838934898376465	3.922149752764129	4.777649879455566	-1.6489260156686512	3.819011926651001	-1.2481375058189959	8.15633773803711	4.456131743040176	4.691718101501465	6.714501265875229	0.0	0.0	0.0	0.0
15.474773168563843	1781696479.0	1781696479.4430468	6	12.0	14.0	32.0	34.0	NeuronSpectrum 17.06.2026 14:10:28	EEG	checkup_155_17.06.2026 14:10:28	500.0	499.6666666666667	True	0.5	40.0	4	True	50.0	30.0	0.1741447001695633	653.4872114988086	1.4333757162094116	-2.003166932024242	2.232921838760376	-1.364783750694342	3.0522568225860596	1.6701876165324019	3.6437089443206787	-3.3281701816794134	1.8436634540557861	-3.694369409881725	6.730373382568359	2.149989770770891	3.23189377784729	6.517204565036673	0.0	0.0	0.0	0.0
15.474775075912476	1781696479.0	1781696479.4430487	6	12.0	14.0	32.0	34.0	NeuronSpectrum 17.06.2026 14:10:28	EEG	checkup_155_17.06.2026 14:10:28	500.0	499.6666666666667	True	0.5	40.0	4	True	50.0	30.0	0.1728655993938446	652.5126307181598	-0.9557626247406006	-3.956464668271315	0.1385548710823059	-3.417489134306023	0.9394904375076294	-0.4871526653685952	1.3983410596847534	-5.031697717554747	-1.4792119264602661	-6.203533356135199	4.4939398765563965	-0.10369693032364069	3.4298737049102783	6.543421729547855	0.0	0.0	0.0	0.0
15.474777221679688	1781696479.0	1781696479.4430509	6	12.0	14.0	32.0	34.0	NeuronSpectrum 17.06.2026 14:10:28	EEG	checkup_155_17.06.2026 14:10:28	500.0	499.6666666666667	True	0.5	40.0	4	True	50.0	30.0	0.15965329110622406	653.7547694697118	-4.439736843109131	-5.71257995505829	-3.086550235748291	-5.303999344120838	-2.651405096054077	-2.3532654764855607	-2.005509376525879	-6.5494705399214235	-5.55407190322876	-8.556497535155197	1.161823034286499	-2.1163379356861722	5.206953048706055	6.851826529793235	0.0	0.0	0.0	0.0
15.47477912902832	1781696479.0	1781696479.4430528	6	12.0	14.0	32.0	34.0	NeuronSpectrum 17.06.2026 14:10:28	EEG	checkup_155_17.06.2026 14:10:28	500.0	499.6666666666667	True	0.5	40.0	4	True	50.0	30.0	0.158182755112648	657.9200731111391	-8.624778747558594	-7.013449604305643	-7.273460865020752	-6.785148599529919	-7.624779224395752	-3.73776773557803	-5.95071268081665	-7.6411957078826935	-9.033763885498047	-10.510545777287211	-2.8803486824035645	-3.701802328483164	7.763833522796631	7.398217469465665	0.0	0.0	0.0	0.0
15.474781036376953	1781696479.0	1781696479.4430547	6	12.0	14.0	32.0	34.0	NeuronSpectrum 17.06.2026 14:10:28	EEG	checkup_155_17.06.2026 14:10:28	500.0	499.6666666666667	True	0.5	40.0	4	True	50.0	30.0	0.17173616588115692	664.4856510446015	-12.315686225891113	-7.627469347046794	-11.33381175994873	-7.64807632963994	-12.484909057617188	-4.495676876001464	-9.116726875305176	-8.088106441045195	-10.630189895629883	-11.84834451725399	-6.462311744689941	-4.711631134241107	9.995168685913086	8.055601921587902	0.0	0.0	0.0	0.0
15.474782705307007	1781696479.0	1781696479.4430563	6	12.0	14.0	32.0	34.0	NeuronSpectrum 17.06.2026 14:10:28	EEG	checkup_155_17.06.2026 14:10:28	500.0	499.6666666666667	True	0.5	40.0	4	True	50.0	30.0	0.18241235613822937	671.5968628282501	-13.710226058959961	-7.4030350678590136	-13.415092468261719	-7.753678084102928	-14.640214920043945	-4.564200955721209	-9.892833709716797	-7.746156028947909	-10.072383880615234	-12.424501009590562	-8.02052116394043	-5.0685079374064586	11.045548439025879	8.655493247506897	0.0	0.0	0.0	0.0
15.47478461265564	1781696479.0	1781696479.4430583	6	12.0	14.0	32.0	34.0	NeuronSpectrum 17.06.2026 14:10:28	EEG	checkup_155_17.06.2026 14:10:28	500.0	499.6666666666667	True	0.5	40.0	4	True	50.0	30.0	0.16595979034900665	676.47181764465	-11.246562004089355	-6.307842731610827	-11.764333724975586	-7.071515355212196	-11.840028762817383	-3.983675428124738	-7.205887794494629	-6.585533753172458	-8.416322708129883	-12.196406223870502	-6.399319171905518	-4.786470129136213	10.651694297790527	9.035287800408451	0.0	0.0	0.0	0.0
15.474786520004272	1781696479.0	1781696479.4430602	6	12.0	14.0	32.0	34.0	NeuronSpectrum 17.06.2026 14:10:28	EEG	checkup_155_17.06.2026 14:10:28	500.0	499.6666666666667	True	0.5	40.0	4	True	50.0	30.0	0.11249775439500809	676.250191087561	-4.798981666564941	-4.441600302284879	-5.975029945373535	-5.690315615523917	-4.046385288238525	-2.891902231681458	-1.389583945274353	-4.704571785594966	-7.306472301483154	-11.232340244048967	-1.652845025062561	-3.969329582420645	9.093297004699707	9.07726206417872	0.0	0.0	0.0	0.0
15.474788427352905	1781696479.0	1781696479.443062	6	12.0	14.0	32.0	34.0	NeuronSpectrum 17.06.2026 14:10:28	EEG	checkup_155_17.06.2026 14:10:28	500.0	499.6666666666667	True	0.5	40.0	4	True	50.0	30.0	0.03569740802049637	669.0641327955627	3.5487892627716064	-2.0180742707267063	2.1651127338409424	-3.7996573020716435	5.587327480316162	-1.491058568375962	5.4696478843688965	-2.3141986801114744	-7.641918182373047	-9.69747192049526	4.653647422790527	-2.7867459324493393	6.895265102386475	8.730563924784608	0.0	0.0	0.0	0.0
15.474799871444702	1781696479.0	1781696479.4430735	6	12.0	14.0	32.0	34.0	NeuronSpectrum 17.06.2026 14:10:28	EEG	checkup_155_17.06.2026 14:10:28	500.0	499.6666666666667	True	0.5	40.0	4	True	50.0	30.0	-0.03442132845520973	655.0088123857794	9.927169799804688	0.6766565626777958	8.993607521057129	-1.649341538746489	11.69340705871582	0.0006243528931831124	10.131479263305664	0.30100738482595213	-8.689080238342285	-7.823808475837289	9.941768646240234	-1.4370820618707663	4.51616096496582	8.01516558219464	0.0	0.0	0.0	0.0
15.525741338729858	1781696479.0	1781696479.494015	6	12.0	14.0	32.0	34.0	NeuronSpectrum 17.06.2026 14:10:28	EEG	checkup_155_17.06.2026 14:10:28	500.0	499.6666666666667	True	0.5	40.0	4	True	50.0	30.0	-0.11770744621753693	636.6819406066393	3.6259069442749023	3.334916825696462	2.2139625549316406	0.49848528717699564	-0.8509043455123901	1.3922123168538367	6.925508499145508	2.8322253100505406	0.4084405303001404	-5.872153486339395	2.2597503662109375	-0.1119882018621326	10.366656303405762	7.012112986964488	0.0	0.0	0.0	0.0
15.525747537612915	1781696479.0	1781696479.4940212	6	12.0	14.0	32.0	34.0	NeuronSpectrum 17.06.2026 14:10:28	EEG	checkup_155_17.06.2026 14:10:28	500.0	499.6666666666667	True	0.5	40.0	4	True	50.0	30.0	-0.23002398014068604	619.048948118259	5.187108993530273	5.67214590553609	2.7379770278930664	2.408728943855011	-1.6719648838043213	2.5418719206719778	8.404354095458984	4.992915242544737	0.5278492569923401	-4.093999685890636	1.4183685779571533	1.0248196025719525	8.87363338470459	5.845249793463328	0.0	0.0	0.0	0.0
15.525749921798706	1781696479.0	1781696479.4940236	6	12.0	14.0	32.0	34.0	NeuronSpectrum 17.06.2026 14:10:28	EEG	checkup_155_17.06.2026 14:10:28	500.0	499.6666666666667	True	0.5	40.0	4	True	50.0	30.0	-0.29367730021476746	608.5488319922509	6.041507244110107	7.4577888307166775	2.5968403816223145	3.896124012138025	-2.522308111190796	3.354222904057317	9.137689590454102	6.554399917828161	0.038671769201755524	-2.7001753223678384	0.7903728485107422	1.8419680980351134	5.786386966705322	4.657202348444626	0.0	0.0	0.0	0.0
15.525752067565918	1781696479.0	1781696479.4940257	6	12.0	14.0	32.0	34.0	NeuronSpectrum 17.06.2026 14:10:28	EEG	checkup_155_17.06.2026 14:10:28	500.0	499.6666666666667	True	0.5	40.0	4	True	50.0	30.0	-0.3023882806301117	611.5427584423319	6.5440473556518555	8.533042048305479	2.5404293537139893	4.833220271907795	-2.5645592212677	3.764259800785314	9.408807754516602	7.368821385476599	-0.29754728078842163	-1.840394174592914	1.1061956882476807	2.235870132107447	2.108535051345825	3.5808924655353223	0.0	0.0	0.0	0.0
15.52575397491455	1781696479.0	1781696479.4940276	6	12.0	14.0	32.0	34.0	NeuronSpectrum 17.06.2026 14:10:28	EEG	checkup_155_17.06.2026 14:10:28	500.0	499.6666666666667	True	0.5	40.0	4	True	50.0	30.0	-0.27762359380722046	632.3785136879092	6.8480143547058105	8.820084333659935	2.92228102684021	5.150975275998374	-1.6767834424972534	3.723668829842737	9.30123519897461	7.381114976678916	-0.029465164989233017	-1.593440654047346	2.32637095451355	2.128982318211312	-0.703837513923645	2.710011627430693	0.0	0.0	0.0	0.0
15.525755882263184	1781696479.0	1781696479.4940295	6	12.0	14.0	32.0	34.0	NeuronSpectrum 17.06.2026 14:10:28	EEG	checkup_155_17.06.2026 14:10:28	500.0	499.6666666666667	True	0.5	40.0	4	True	50.0	30.0	-0.2509077787399292	671.4645675285012	6.864943981170654	8.326171018534751	3.5644562244415283	4.838599513286451	-0.38715237379074097	3.20002953888342	8.733548164367676	6.63154325740352	0.7180995941162109	-1.963992030999396	3.726783037185669	1.478402028405628	-1.5938581228256226	2.076034012426095	0.0	0.0	0.0	0.0
15.525757789611816	1781696479.0	1781696479.4940314	6	12.0	14.0	32.0	34.0	NeuronSpectrum 17.06.2026 14:10:28	EEG	checkup_155_17.06.2026 14:10:28	500.0	499.6666666666667	True	0.5	40.0	4	True	50.0	30.0	-0.23804602026939392	723.8001241649769	6.484185695648193	7.142872169406702	4.043826580047607	3.945038238393302	0.6278239488601685	2.189742751258263	7.704033851623535	5.24915909008992	1.2645398378372192	-2.882079017129497	4.396542549133301	0.29381649339688565	-0.48159900307655334	1.6409891720987684	0.0	0.0	0.0	0.0
15.52575969696045	1781696479.0	1781696479.4940333	6	12.0	14.0	32.0	34.0	NeuronSpectrum 17.06.2026 14:10:28	EEG	checkup_155_17.06.2026 14:10:28	500.0	499.6666666666667	True	0.5	40.0	4	True	50.0	30.0	-0.22686558961868286	778.3879428187832	5.812927722930908	5.438830098196326	4.103485584259033	2.580242801980065	1.0110716819763184	0.737627218793053	6.488168239593506	3.4363039478372355	0.7187862992286682	-4.204982497822656	3.775886058807373	-1.343618711141577	1.7382301092147827	1.3115387430015648	0.0	0.0	0.0	0.0
15.525761604309082	1781696479.0	1781696479.4940352	6	12.0	14.0	32.0	34.0	NeuronSpectrum 17.06.2026 14:10:28	EEG	checkup_155_17.06.2026 14:10:28	500.0	499.6666666666667	True	0.5	40.0	4	True	50.0	30.0	-0.1884942352771759	818.8655148292959	5.130129814147949	3.444449527674813	3.78301739692688	0.912100794174866	0.7344093322753906	-1.0472355847655448	5.52751350402832	1.4451554532286162	-1.446877121925354	-5.725769029322189	1.8889257907867432	-3.272726792352572	3.7039010524749756	0.9719615773869413	0.0	0.0	0.0	0.0
15.525763511657715	1781696479.0	1781696479.4940372	6	12.0	14.0	32.0	34.0	NeuronSpectrum 17.06.2026 14:10:28	EEG	checkup_155_17.06.2026 14:10:28	500.0	499.6666666666667	True	0.5	40.0	4	True	50.0	30.0	-0.10425090044736862	825.524463404597	4.501382827758789	1.4281519483007692	3.1300694942474365	-0.8451044189115886	-0.3218221962451935	-2.9887039667848376	5.004465579986572	-0.4514615112332419	-4.874953746795654	-7.193944924182212	-0.8129050731658936	-5.262718120519106	4.260066986083984	0.5253529552840416	0.0	0.0	0.0	0.0
15.525765419006348	1781696479.0	1781696479.494039	6	12.0	14.0	32.0	34.0	NeuronSpectrum 17.06.2026 14:10:28	EEG	checkup_155_17.06.2026 14:10:28	500.0	499.6666666666667	True	0.5	40.0	4	True	50.0	30.0	0.014354506507515907	778.6409426044573	3.4251976013183594	-0.33474618809162016	1.818509817123413	-2.4530559192863906	-2.6580862998962402	-4.85894165035379	4.4664306640625	-1.9921944200066881	-8.240591049194336	-8.350254006015255	-3.7867400646209717	-7.044626213464713	2.9672820568084717	-0.07201199066509772	0.0	0.0	0.0	0.0
15.525767087936401	1781696479.0	1781696479.4940407	6	12.0	14.0	32.0	34.0	NeuronSpectrum 17.06.2026 14:10:28	EEG	checkup_155_17.06.2026 14:10:28	500.0	499.6666666666667	True	0.5	40.0	4	True	50.0	30.0	0.12774068117141724	662.7125085926166	1.0160484313964844	-1.5981281511536969	-0.8056155443191528	-3.6820104796970017	-6.772071838378906	-6.411436276604115	2.9587113857269287	-2.95947843114519	-9.843705177307129	-8.97099297357029	-6.608792781829834	-8.358162153538103	0.22906523942947388	-0.7962041124283563	0.0	0.0	0.0	0.0
15.525768995285034	1781696479.0	1781696479.4940426	6	12.0	14.0	32.0	34.0	NeuronSpectrum 17.06.2026 14:10:28	EEG	checkup_155_17.06.2026 14:10:28	500.0	499.6666666666667	True	0.5	40.0	4	True	50.0	30.0	0.19220523536205292	470.82176768252543	-3.137021541595459	-2.1819763981009728	-5.038033962249756	-4.349342235440747	-12.175293922424316	-7.42529207643678	-0.20022252202033997	-3.209120273844974	-8.663002967834473	-8.91113993616161	-8.890277862548828	-9.002448806939668	-2.9449312686920166	-1.5664235777364184	0.0	0.0	0.0	0.0
15.525771141052246	1781696479.0	1781696479.4940448	6	12.0	14.0	32.0	34.0	NeuronSpectrum 17.06.2026 14:10:28	EEG	checkup_155_17.06.2026 14:10:28	500.0	499.6666666666667	True	0.5	40.0	4	True	50.0	30.0	0.18669217824935913	208.01470372255375	-7.996669292449951	-2.003315544740913	-9.942240715026855	-4.355627315270592	-16.63866424560547	-7.74948050755099	-4.479377269744873	-2.692817571441955	-5.2427263259887695	-8.133780749182671	-10.047490119934082	-8.876801962553783	-5.421573162078857	-2.276387056474151	0.0	0.0	0.0	0.0
15.5257728099823	1781696479.0	1781696479.4940464	6	12.0	14.0	32.0	34.0	NeuronSpectrum 17.06.2026 14:10:28	EEG	checkup_155_17.06.2026 14:10:28	500.0	499.6666666666667	True	0.5	40.0	4	True	50.0	30.0	0.1235138401389122	-107.54004209443848	-10.944344520568848	-1.0921139461044438	-13.154016494750977	-3.706958048640835	-16.65131187438965	-7.333603220829701	-7.875416278839111	-1.4672489264695843	-1.7334189414978027	-6.717001450331725	-9.264793395996094	-7.999745838248087	-6.458316326141357	-2.833698544478845	0.0	0.0	0.0	0.0
15.525774955749512	1781696479.0	1781696479.4940486	6	12.0	14.0	32.0	34.0	NeuronSpectrum 17.06.2026 14:10:28	EEG	checkup_155_17.06.2026 14:10:28	500.0	499.6666666666667	True	0.5	40.0	4	True	50.0	30.0	-1284.137939453125	-446.5332228394977	3.503066301345825	0.41603704490195603	0.5595243573188782	-2.5132943236764014	-5.772433280944824	-6.2346345693337595	6.731842994689941	0.3165139984427243	-2.277521848678589	-4.836518158927503	-2.4831061363220215	-6.5004019962235535	-4.262014865875244	-3.192038615303698	0.0	0.0	0.0	0.0
15.525776386260986	1781696479.0	1781696479.49405	6	12.0	14.0	32.0	34.0	NeuronSpectrum 17.06.2026 14:10:28	EEG	checkup_155_17.06.2026 14:10:28	500.0	499.6666666666667	True	0.5	40.0	4	True	50.0	30.0	-1829.1207275390625	-773.6867382616196	5.225717544555664	2.312105880469378	2.3168580532073975	-0.9598773007963644	-4.364114284515381	-4.597400626118689	8.458528518676758	2.444466857376973	-0.2025768905878067	-2.7290570150557305	-0.2873106002807617	-4.584703746006933	-3.909071922302246	-3.364652360763942	0.0	0.0	0.0	0.0
15.525778532028198	1781696479.0	1781696479.4940522	6	12.0	14.0	32.0	34.0	NeuronSpectrum 17.06.2026 14:10:28	EEG	checkup_155_17.06.2026 14:10:28	500.0	499.6666666666667	True	0.5	40.0	4	True	50.0	30.0	-2193.56298828125	-1054.9480806714316	6.597991466522217	4.362251081262007	3.6910085678100586	0.7403310014613064	-2.8798725605010986	-2.61644701090149	9.745112419128418	4.684553811569221	1.6560403108596802	-0.6453150339458975	1.6599812507629395	-2.486566331319267	-3.6176068782806396	-3.41529997452186	0.0	0.0	0.0	0.0
15.525780200958252	1781696479.0	1781696479.4940538	6	12.0	14.0	32.0	34.0	NeuronSpectrum 17.06.2026 14:10:28	EEG	checkup_155_17.06.2026 14:10:28	500.0	499.6666666666667	True	0.5	40.0	4	True	50.0	30.0	-2325.45703125	-1264.6028220345868	8.051721572875977	6.3575948862504	4.962717533111572	2.3973689064919608	-0.8483477234840393	-0.4924149151741438	11.130105972290039	6.831361052597968	3.562195062637329	1.1976567261833453	3.6372222900390625	-0.4178102375799304	-3.0956196784973145	-3.4308584650395835	0.0	0.0	0.0	0.0
15.525782108306885	1781696479.0	1781696479.4940557	6	12.0	14.0	32.0	34.0	NeuronSpectrum 17.06.2026 14:10:28	EEG	checkup_155_17.06.2026 14:10:28	500.0	499.6666666666667	True	0.5	40.0	4	True	50.0	30.0	-2255.50830078125	-1390.1313675459862	9.879234313964844	8.150997568106927	6.369312763214111	3.882722701290251	1.9145379066467285	1.6055772832021598	12.99224853515625	8.738192434373174	5.429290294647217	2.655234158510013	5.764693737030029	1.4709739932621146	-2.122363328933716	-3.4852422445619293	0.0	0.0	0.0	0.0
15.525783777236938	1781696479.0	1781696479.4940574	6	12.0	14.0	32.0	34.0	NeuronSpectrum 17.06.2026 14:10:28	EEG	checkup_155_17.06.2026 14:10:28	500.0	499.6666666666667	True	0.5	40.0	4	True	50.0	30.0	-2064.62060546875	-1433.4898250020244	11.839445114135742	9.673822148770771	7.770593643188477	5.147000547190323	4.899527549743652	3.565451068067849	15.096402168273926	10.330838999292672	6.729852676391602	3.677132429300006	7.7417097091674805	3.1113499743956132	-1.069504976272583	-3.6064562856064972	0.0	0.0	0.0	0.0
15.525785684585571	1781696479.0	1781696479.4940593	6	12.0	14.0	32.0	34.0	NeuronSpectrum 17.06.2026 14:10:28	EEG	checkup_155_17.06.2026 14:10:28	500.0	499.6666666666667	True	0.5	40.0	4	True	50.0	30.0	-1844.7325439453125	-1408.7926157454465	13.181529998779297	10.932821900476	8.634127616882324	6.216053239848755	7.000617980957031	5.343562100284861	16.635211944580078	11.603959146196926	6.953230381011963	4.307349388234574	8.98681926727295	4.517594450154121	-0.8085950613021851	-3.757873600355959	0.0	0.0	0.0	0.0
15.525787115097046	1781696479.0	1781696479.4940608	6	12.0	14.0	32.0	34.0	NeuronSpectrum 17.06.2026 14:10:28	EEG	checkup_155_17.06.2026 14:10:28	500.0	499.6666666666667	True	0.5	40.0	4	True	50.0	30.0	-1675.0186767578125	-1337.518488263321	13.157146453857422	11.991028816002105	8.420116424560547	7.1695539568222015	7.197561264038086	6.96110752903918	16.8143367767334	12.604136527535593	6.2332353591918945	4.661893553659582	9.119858741760254	5.768528400479136	-2.0198397636413574	-3.8415137693967667	0.0	0.0	0.0	0.0
15.525789022445679	1781696479.0	1781696479.4940627	6	12.0	14.0	32.0	34.0	NeuronSpectrum 17.06.2026 14:10:28	EEG	checkup_155_17.06.2026 14:10:28	500.0	499.6666666666667	True	0.5	40.0	4	True	50.0	30.0	-1610.4749755859375	-1242.9546292872699	11.72757625579834	12.937744113248218	7.147899627685547	8.108158028739586	5.474846839904785	8.48522599631148	15.587392807006836	13.40426308863875	5.49766206741333	4.8899899226726165	8.428739547729492	6.9751462835871925	-4.406052589416504	-3.725155600918182	0.0	0.0	0.0	0.0
15.525790452957153	1781696479.0	1781696479.494064	6	12.0	14.0	32.0	34.0	NeuronSpectrum 17.06.2026 14:10:28	EEG	checkup_155_17.06.2026 14:10:28	500.0	499.6666666666667	True	0.5	40.0	4	True	50.0	30.0	-1667.7984619140625	-1145.5166864753126	9.943726539611816	13.853775367154935	5.725357532501221	9.116639307894065	3.307328224182129	9.997179886061545	13.954930305480957	14.074278427481323	5.821231365203857	5.129467396169683	7.916762828826904	8.241319136056465	-6.615161895751953	-3.287285617433666	0.0	0.0	0.0	0.0
15.525792360305786	1781696479.0	1781696479.494066	6	12.0	14.0	32.0	34.0	NeuronSpectrum 17.06.2026 14:10:28	EEG	checkup_155_17.06.2026 14:10:28	500.0	499.6666666666667	True	0.5	40.0	4	True	50.0	30.0	-1806.73291015625	-1059.9641065685544	9.574971199035645	14.779828754123358	5.677495956420898	10.231697697655111	3.111826181411743	11.555079114913434	13.484169960021973	14.654510127842567	7.412725925445557	5.468812060583563	8.790026664733887	9.627169296441936	-7.035059452056885	-2.4664825363347957	0.0	0.0	0.0	0.0
15.52579402923584	1781696479.0	1781696479.4940677	6	12.0	14.0	32.0	34.0	NeuronSpectrum 17.06.2026 14:10:28	EEG	checkup_155_17.06.2026 14:10:28	500.0	499.6666666666667	True	0.5	40.0	4	True	50.0	30.0	-1926.83544921875	-994.6744919499398	12.00403118133545	15.69708395183309	8.245559692382812	11.423473326543544	6.706053256988525	13.163106593206964	15.237515449523926	15.138812262066613	9.143050193786621	5.925794503187215	11.646099090576172	11.125203049499502	-4.952339172363281	-1.2981768422783233	0.0	0.0	0.0	0.0
15.525795936584473	1781696479.0	1781696479.4940696	6	12.0	14.0	32.0	34.0	NeuronSpectrum 17.06.2026 14:10:28	EEG	checkup_155_17.06.2026 14:10:28	500.0	499.6666666666667	True	0.5	40.0	4	True	50.0	30.0	-1901.554931640625	-952.4163217431237	16.976993560791016	16.52710206082635	13.301246643066406	12.597338232471579	13.633147239685059	14.759159318523853	18.77374267578125	15.473380375068317	9.211127281188965	6.446787391368477	15.870452880859375	12.656558386143276	-1.1735073328018188	0.07573476445944671	0.0	0.0	0.0	0.0
15.525797605514526	1781696479.0	1781696479.4940712	6	12.0	14.0	32.0	34.0	NeuronSpectrum 17.06.2026 14:10:28	EEG	checkup_155_17.06.2026 14:10:28	500.0	499.6666666666667	True	0.5	40.0	4	True	50.0	30.0	-1644.4896240234375	-931.7578193039011	22.076154708862305	17.152359937464364	18.801244735717773	13.616534872024406	20.571544647216797	16.226501583455537	21.947509765625	15.572659257218708	6.59912109375	6.924834110086241	19.667282104492188	14.088844577012797	2.442239284515381	1.4304221444390959	0.0	0.0	0.0	0.0
15.52579951286316	1781696479.0	1781696479.4940732	6	12.0	14.0	32.0	34.0	NeuronSpectrum 17.06.2026 14:10:28	EEG	checkup_155_17.06.2026 14:10:28	500.0	499.6666666666667	True	0.5	40.0	4	True	50.0	30.0	-1168.9482421875	-928.4408387924585	23.532833099365234	17.450868793180668	21.364980697631836	14.338574791812858	22.60898208618164	17.425035635185505	21.812299728393555	15.347662656387968	2.1974244117736816	7.230785293815552	20.821231842041016	15.270053926818248	4.17827033996582	2.509533213853608	0.0	0.0	0.0	0.0
15.576663494110107	1781696479.0	1781696479.5449371	6	12.0	14.0	32.0	34.0	NeuronSpectrum 17.06.2026 14:10:28	EEG	checkup_155_17.06.2026 14:10:28	500.0	499.6666666666667	True	0.5	40.0	4	True	50.0	30.0	-1821.6690673828125	-936.5055202241127	19.437850952148438	17.33275054515726	16.96660614013672	14.652987463585243	19.02618980407715	18.2298120191171	20.760799407958984	14.737388863334479	14.626687049865723	7.250329562086175	22.278608322143555	16.067897979618877	7.367132186889648	3.089761225967876	0.0	0.0	0.0	0.0
15.576669931411743	1781696479.0	1781696479.5449436	6	12.0	14.0	32.0	34.0	NeuronSpectrum 17.06.2026 14:10:28	EEG	checkup_155_17.06.2026 14:10:28	500.0	499.6666666666667	True	0.5	40.0	4	True	50.0	30.0	-1733.494140625	-949.2785960286908	17.811189651489258	16.766675533224813	15.533385276794434	14.508331256233184	18.015195846557617	18.562986865849762	18.597612380981445	13.733213379367266	12.520014762878418	6.918419745122188	21.2446346282959	16.402730127459552	5.401134490966797	3.03972852983824	0.0	0.0	0.0	0.0
15.576672554016113	1781696479.0	1781696479.5449462	6	12.0	14.0	32.0	34.0	NeuronSpectrum 17.06.2026 14:10:28	EEG	checkup_155_17.06.2026 14:10:28	500.0	499.6666666666667	True	0.5	40.0	4	True	50.0	30.0	-1639.046630859375	-960.3155531975654	15.507698059082031	15.789282498325347	13.60928726196289	13.921980013492698	16.129680633544922	18.410352786938493	15.634112358093262	12.389120043247354	9.38235092163086	6.241153072775817	19.37261390686035	16.265026418598744	2.4928479194641113	2.3566739207927005	0.0	0.0	0.0	0.0
15.576674938201904	1781696479.0	1781696479.5449486	6	12.0	14.0	32.0	34.0	NeuronSpectrum 17.06.2026 14:10:28	EEG	checkup_155_17.06.2026 14:10:28	500.0	499.6666666666667	True	0.5	40.0	4	True	50.0	30.0	-1568.940673828125	-964.1848765014257	13.251962661743164	14.497326092788441	11.933440208435059	12.973115499666266	14.299273490905762	17.82051179200211	12.748515129089355	10.815440905717063	6.416348934173584	5.2968265762705915	17.5560245513916	15.71369275706672	0.046017128974199295	1.1718586096885741	0.0	0.0	0.0	0.0
15.576676845550537	1781696479.0	1781696479.5449505	6	12.0	14.0	32.0	34.0	NeuronSpectrum 17.06.2026 14:10:28	EEG	checkup_155_17.06.2026 14:10:28	500.0	499.6666666666667	True	0.5	40.0	4	True	50.0	30.0	-1536.6241455078125	-956.9186633325562	11.2819185256958	13.026800433452447	10.625923156738281	11.783665366488394	12.849199295043945	16.88971161693617	10.326050758361816	9.15836746464235	4.398031234741211	4.214909090669555	16.154016494750977	14.857234927945493	-1.3750193119049072	-0.27505304278143644	0.0	0.0	0.0	0.0
15.576678991317749	1781696479.0	1781696479.5449526	6	12.0	14.0	32.0	34.0	NeuronSpectrum 17.06.2026 14:10:28	EEG	checkup_155_17.06.2026 14:10:28	500.0	499.6666666666667	True	0.5	40.0	4	True	50.0	30.0	-1533.340087890625	-936.1017152519896	9.483976364135742	11.525043777794838	9.354650497436523	10.492906784785257	11.60947036743164	15.73758994768246	8.325203895568848	7.570829040777904	3.4216952323913574	3.1407894222031714	15.031302452087402	13.82432981494694	-2.1506102085113525	-1.684812070657788	0.0	0.0	0.0	0.0
15.576680660247803	1781696479.0	1781696479.5449543	6	12.0	14.0	32.0	34.0	NeuronSpectrum 17.06.2026 14:10:28	EEG	checkup_155_17.06.2026 14:10:28	500.0	499.6666666666667	True	0.5	40.0	4	True	50.0	30.0	-1537.2777099609375	-900.7528757551016	7.923613548278809	10.122222559038654	7.974884986877441	9.230950956244554	10.53432559967041	14.479972348386575	6.778069496154785	6.182194696614716	3.081220865249634	2.199370753582497	14.053122520446777	12.732569629937622	-3.009364604949951	-2.7590722628506255	0.0	0.0	0.0	0.0
15.576682567596436	1781696479.0	1781696479.5449562	6	12.0	14.0	32.0	34.0	NeuronSpectrum 17.06.2026 14:10:28	EEG	checkup_155_17.06.2026 14:10:28	500.0	499.6666666666667	True	0.5	40.0	4	True	50.0	30.0	-1531.5059814453125	-851.2097435867541	7.168964862823486	8.908626933400786	6.984900951385498	8.096019399806558	10.11085033416748	13.205399686243988	6.1389665603637695	5.074618089527403	2.855074167251587	1.4691457952584837	13.47477912902832	11.663961696126806	-4.245189666748047	-3.260625370109112	0.0	0.0	0.0	0.0
15.57668423652649	1781696479.0	1781696479.5449579	6	12.0	14.0	32.0	34.0	NeuronSpectrum 17.06.2026 14:10:28	EEG	checkup_155_17.06.2026 14:10:28	500.0	499.6666666666667	True	0.5	40.0	4	True	50.0	30.0	-1513.1092529296875	-789.1477729490471	7.919968128204346	7.923480879431915	7.224637508392334	7.140305203813801	10.965475082397461	11.96169597051241	6.992595672607422	4.27244403247036	2.4280309677124023	0.9723386471575526	13.75643539428711	10.6534602650596	-5.327235221862793	-3.0624540892647243	0.0	0.0	0.0	0.0
15.576686143875122	1781696479.0	1781696479.5449598	6	12.0	14.0	32.0	34.0	NeuronSpectrum 17.06.2026 14:10:28	EEG	checkup_155_17.06.2026 14:10:28	500.0	499.6666666666667	True	0.5	40.0	4	True	50.0	30.0	-1487.02197265625	-717.7119711590716	10.09349250793457	7.1583649089250185	8.912057876586914	6.367988125089224	12.858929634094238	10.756424567336646	9.239411354064941	3.7475533988220344	1.8169102668762207	0.6800170267902511	14.887781143188477	9.692765676890406	-5.210492134094238	-2.1759390507616025	0.0	0.0	0.0	0.0
15.576688051223755	1781696479.0	1781696479.5449617	6	12.0	14.0	32.0	34.0	NeuronSpectrum 17.06.2026 14:10:28	EEG	checkup_155_17.06.2026 14:10:28	500.0	499.6666666666667	True	0.5	40.0	4	True	50.0	30.0	-1448.5068359375	-641.5869736823994	12.209834098815918	6.573523526930033	10.868303298950195	5.7456044757396185	14.101762771606445	9.570190062041105	11.521380424499512	3.438138998910604	1.3097885847091675	0.5268207746779467	15.884759902954102	8.746549171888576	-3.116281032562256	-0.7507715225409409	0.0	0.0	0.0	0.0
15.576689958572388	1781696479.0	1781696479.5449636	6	12.0	14.0	32.0	34.0	NeuronSpectrum 17.06.2026 14:10:28	EEG	checkup_155_17.06.2026 14:10:28	500.0	499.6666666666667	True	0.5	40.0	4	True	50.0	30.0	-1370.9151611328125	-566.7474249132621	11.91333293914795	6.119903651996058	10.846772193908691	5.220235137216118	12.312677383422852	8.376178913046754	11.652626991271973	3.2730054378918156	1.257302165031433	0.4290916293924577	15.103816986083984	7.773733000992573	0.7357521653175354	0.9562121782515446	0.0	0.0	0.0	0.0
15.5766921043396	1781696479.0	1781696479.5449657	6	12.0	14.0	32.0	34.0	NeuronSpectrum 17.06.2026 14:10:28	EEG	checkup_155_17.06.2026 14:10:28	500.0	499.6666666666667	True	0.5	40.0	4	True	50.0	30.0	-1214.1663818359375	-499.6779096107353	7.618170261383057	5.757078409084268	7.072620868682861	4.737694655909998	6.356853485107422	7.156559051295735	8.065165519714355	3.1911763320231854	1.7621746063232422	0.30184310134028	11.382118225097656	6.744826429045287	4.996392250061035	2.6385073268311228	0.0	0.0	0.0	0.0
15.576693773269653	1781696479.0	1781696479.5449674	6	12.0	14.0	32.0	34.0	NeuronSpectrum 17.06.2026 14:10:28	EEG	checkup_155_17.06.2026 14:10:28	500.0	499.6666666666667	True	0.5	40.0	4	True	50.0	30.0	-952.9364624023438	-446.0630296863894	0.1919972151517868	5.460080491536129	-0.010992122814059258	4.254093303955969	-1.939971923828125	5.909138422896515	1.3228039741516113	3.1498256888985545	2.3852782249450684	0.07248041181720345	5.212979793548584	5.649316301816625	7.85092306137085	4.01039438593903	0.0	0.0	0.0	0.0
15.576695680618286	1781696479.0	1781696479.5449693	6	12.0	14.0	32.0	34.0	NeuronSpectrum 17.06.2026 14:10:28	EEG	checkup_155_17.06.2026 14:10:28	500.0	499.6666666666667	True	0.5	40.0	4	True	50.0	30.0	-604.9334106445312	-409.27400246631316	-6.786222457885742	5.215894512879084	-7.259027481079102	3.739934129459906	-7.9544806480407715	4.64506488260508	-5.583085536956787	3.1214473052652205	2.0914790630340576	-0.30889412128333704	-1.0559173822402954	4.493844332433174	8.019720077514648	4.871144430583685	0.0	0.0	0.0	0.0
15.627572298049927	1781696479.0	1781696479.595846	6	12.0	14.0	32.0	34.0	NeuronSpectrum 17.06.2026 14:10:28	EEG	checkup_155_17.06.2026 14:10:28	500.0	499.6666666666667	True	0.5	40.0	4	True	50.0	30.0	-1041.500244140625	-389.2463793515682	6.895386219024658	5.017603775638259	5.291565895080566	3.1819837230491927	2.3587725162506104	3.3849827965354917	7.095391273498535	3.088517495794185	-1.052063226699829	-0.86185105836577	6.474035263061523	3.2981238780162436	8.810564041137695	5.144002533702537	0.0	0.0	0.0	0.0
15.627578496932983	1781696479.0	1781696479.5958521	6	12.0	14.0	32.0	34.0	NeuronSpectrum 17.06.2026 14:10:28	EEG	checkup_155_17.06.2026 14:10:28	500.0	499.6666666666667	True	0.5	40.0	4	True	50.0	30.0	-1095.313232421875	-382.327987794295	7.969893932342529	4.864510375537048	5.975816249847412	2.588619848912737	3.0918076038360596	2.1609925159892653	8.690752029418945	3.0443533450193065	0.05990924686193466	-1.5700092266520511	7.4912543296813965	2.0961101055929023	3.568594217300415	4.8784642919248835	0.0	0.0	0.0	0.0
15.627580881118774	1781696479.0	1781696479.5958545	6	12.0	14.0	32.0	34.0	NeuronSpectrum 17.06.2026 14:10:28	EEG	checkup_155_17.06.2026 14:10:28	500.0	499.6666666666667	True	0.5	40.0	4	True	50.0	30.0	-1168.1309814453125	-382.30011865288265	8.406679153442383	4.7690894447854655	5.9387640953063965	1.9980606920941049	3.446007013320923	1.0245559055126934	9.58985424041748	3.001331660013444	0.5282880663871765	-2.3778440420117404	8.02262020111084	0.943688555531906	-1.1041468381881714	4.216990580634358	0.0	0.0	0.0	0.0
15.627583265304565	1781696479.0	1781696479.595857	6	12.0	14.0	32.0	34.0	NeuronSpectrum 17.06.2026 14:10:28	EEG	checkup_155_17.06.2026 14:10:28	500.0	499.6666666666667	True	0.5	40.0	4	True	50.0	30.0	-1224.750732421875	-382.2429020304357	7.711606502532959	4.763362797703651	4.666774749755859	1.4819707545004281	2.4942188262939453	0.052717421781976526	9.080720901489258	2.998754591283416	-0.4301500618457794	-3.192297298984583	7.021413803100586	-0.07387304278408345	-2.7518703937530518	3.340331993540136	0.0	0.0	0.0	0.0
15.62758493423462	1781696479.0	1781696479.5958586	6	12.0	14.0	32.0	34.0	NeuronSpectrum 17.06.2026 14:10:28	EEG	checkup_155_17.06.2026 14:10:28	500.0	499.6666666666667	True	0.5	40.0	4	True	50.0	30.0	-1227.23876953125	-376.5531556388984	6.269948482513428	4.89603708726843	2.602595329284668	1.136659396623119	0.3779938220977783	-0.6562264160115278	7.448031902313232	3.1005160699874588	-2.6981799602508545	-3.892903200402005	4.548999309539795	-0.8443914321356603	-0.9737622141838074	2.4131717567115403	0.0	0.0	0.0	0.0
15.627586841583252	1781696479.0	1781696479.5958605	6	12.0	14.0	32.0	34.0	NeuronSpectrum 17.06.2026 14:10:28	EEG	checkup_155_17.06.2026 14:10:28	500.0	499.6666666666667	True	0.5	40.0	4	True	50.0	30.0	-1152.6158447265625	-362.39638284746104	5.058677673339844	5.218131051529333	0.8718980550765991	1.0609626136317971	-1.8506147861480713	-1.0005247031481797	5.76234769821167	3.3787801531814963	-5.2727251052856445	-4.352701059762287	1.7429986000061035	-1.2463666222602143	2.4159164428710938	1.549647060743031	0.0	0.0	0.0	0.0
15.627588987350464	1781696479.0	1781696479.5958626	6	12.0	14.0	32.0	34.0	NeuronSpectrum 17.06.2026 14:10:28	EEG	checkup_155_17.06.2026 14:10:28	500.0	499.6666666666667	True	0.5	40.0	4	True	50.0	30.0	-1011.68115234375	-340.1317632953319	4.866220474243164	5.7628344335360575	0.42357704043388367	1.3281263224936146	-3.136488437652588	-0.9011721127549829	5.084817886352539	3.888779992616205	-6.811705112457275	-4.467398023855851	0.01860085502266884	-1.178490769164784	4.728269100189209	0.8071979651740258	0.0	0.0	0.0	0.0
15.627590894699097	1781696479.0	1781696479.5958645	6	12.0	14.0	32.0	34.0	NeuronSpectrum 17.06.2026 14:10:28	EEG	checkup_155_17.06.2026 14:10:28	500.0	499.6666666666667	True	0.5	40.0	4	True	50.0	30.0	-854.7398071289062	-312.6489926147648	5.6862664222717285	6.529165441139321	1.3060156106948853	1.9627964850184885	-3.2491161823272705	-0.32677323996140195	5.738736152648926	4.645419646099359	-6.344757556915283	-4.184519117702359	0.155112162232399	-0.5908315160713398	4.265761375427246	0.20321271062789611	0.0	0.0	0.0	0.0
15.62759280204773	1781696479.0	1781696479.5958664	6	12.0	14.0	32.0	34.0	NeuronSpectrum 17.06.2026 14:10:28	EEG	checkup_155_17.06.2026 14:10:28	500.0	499.6666666666667	True	0.5	40.0	4	True	50.0	30.0	-752.672607421875	-283.9524306762235	6.853537559509277	7.476970295112463	2.7435474395751953	2.931837996338011	-2.719346284866333	0.6920752294784658	7.251750469207764	5.611855658610145	-3.7577016353607178	-3.5215654026220045	1.974838376045227	0.4944162519160295	1.3627606630325317	-0.2602033684511251	0.0	0.0	0.0	0.0
15.627594470977783	1781696479.0	1781696479.595868	6	12.0	14.0	32.0	34.0	NeuronSpectrum 17.06.2026 14:10:28	EEG	checkup_155_17.06.2026 14:10:28	500.0	499.6666666666667	True	0.5	40.0	4	True	50.0	30.0	-756.8513793945312	-257.57963551677227	7.80187463760376	8.53501152186838	3.9506163597106934	4.151278125725858	-1.951615333557129	2.063534143267299	8.938575744628906	6.704674426474361	0.08558778464794159	-2.564998783930832	4.7274651527404785	1.980821255974509	-2.0572948455810547	-0.5780309290446133	0.0	0.0	0.0	0.0
15.627596855163574	1781696479.0	1781696479.5958705	6	12.0	14.0	32.0	34.0	NeuronSpectrum 17.06.2026 14:10:28	EEG	checkup_155_17.06.2026 14:10:28	500.0	499.6666666666667	True	0.5	40.0	4	True	50.0	30.0	-860.2120971679688	-235.44637384119218	8.713480949401855	9.617942940956372	4.930608749389648	5.505086003633439	-0.47926175594329834	3.6495793398921057	10.526650428771973	7.813005357096371	3.588531970977783	-1.4494417325503148	7.713416576385498	3.7150426806366004	-3.961472511291504	-0.7378231487931763	0.0	0.0	0.0	0.0
15.627598762512207	1781696479.0	1781696479.5958724	6	12.0	14.0	32.0	34.0	NeuronSpectrum 17.06.2026 14:10:28	EEG	checkup_155_17.06.2026 14:10:28	500.0	499.6666666666667	True	0.5	40.0	4	True	50.0	30.0	-988.0712890625	-217.46916296305906	10.366660118103027	10.644774356696663	6.477296352386475	6.867958745405286	2.721349000930786	5.290505324330388	12.220165252685547	8.823524722312184	5.038037300109863	-0.32508472196078253	10.583776473999023	5.517093923861835	-3.555180311203003	-0.7264481568882384	0.0	0.0	0.0	0.0
15.62760066986084	1781696479.0	1781696479.5958743	6	12.0	14.0	32.0	34.0	NeuronSpectrum 17.06.2026 14:10:28	EEG	checkup_155_17.06.2026 14:10:28	500.0	499.6666666666667	True	0.5	40.0	4	True	50.0	30.0	-1032.0887451171875	-201.95513692866047	13.152200698852539	11.551775397370408	9.244715690612793	8.124633227027967	7.871644973754883	6.832060777627811	14.104249000549316	9.641882487783102	3.4703779220581055	0.6738004410038553	13.108527183532715	7.2129775998634695	-1.6114161014556885	-0.5399192906070711	0.0	0.0	0.0	0.0
15.627602100372314	1781696479.0	1781696479.5958757	6	12.0	14.0	32.0	34.0	NeuronSpectrum 17.06.2026 14:10:28	EEG	checkup_155_17.06.2026 14:10:28	500.0	499.6666666666667	True	0.5	40.0	4	True	50.0	30.0	-911.5411987304688	-186.46114042446513	16.043811798095703	12.295583101159089	12.617716789245605	9.181107620622893	13.136537551879883	8.147957740493503	15.44287395477295	10.203588137972508	-0.5801905393600464	1.4481377423226331	14.747591018676758	8.659562479962778	0.31702232360839844	-0.18856621434616902	0.0	0.0	0.0	0.0
15.627604246139526	1781696479.0	1781696479.595878	6	12.0	14.0	32.0	34.0	NeuronSpectrum 17.06.2026 14:10:28	EEG	checkup_155_17.06.2026 14:10:28	500.0	499.6666666666667	True	0.5	40.0	4	True	50.0	30.0	-623.988037109375	-168.74672967690492	16.544925689697266	12.846132520269535	14.433890342712402	9.966657254982902	14.83813762664795	9.151462525026469	14.617405891418457	10.472394292632345	-4.989852428436279	1.937666605214014	14.553564071655273	9.755897095519185	1.0366613864898682	0.3053975463771516	0.0	0.0	0.0	0.0
15.62760615348816	1781696479.0	1781696479.5958798	6	12.0	14.0	32.0	34.0	NeuronSpectrum 17.06.2026 14:10:28	EEG	checkup_155_17.06.2026 14:10:28	500.0	499.6666666666667	True	0.5	40.0	4	True	50.0	30.0	-1053.7882080078125	-147.54967511821934	10.028867721557617	13.173227061909028	8.495036125183105	10.428841758453899	4.875429630279541	9.793260685081849	10.879342079162598	10.429869856296524	2.372924327850342	2.114212223582368	11.652432441711426	10.441499824450709	2.235886812210083	0.9155587969028243	0.0	0.0	0.0	0.0
15.627608060836792	1781696479.0	1781696479.5958817	6	12.0	14.0	32.0	34.0	NeuronSpectrum 17.06.2026 14:10:28	EEG	checkup_155_17.06.2026 14:10:28	500.0	499.6666666666667	True	0.5	40.0	4	True	50.0	30.0	-927.2400512695312	-123.03192919821767	10.607505798339844	13.234430407898765	8.835033416748047	10.526704097367451	4.974484920501709	10.049199695725182	10.900092124938965	10.064124278342971	2.3405375480651855	1.9739854078243055	11.811790466308594	10.687952496778166	2.043614625930786	1.6191931830201882	0.0	0.0	0.0	0.0
15.627609968185425	1781696479.0	1781696479.5958836	6	12.0	14.0	32.0	34.0	NeuronSpectrum 17.06.2026 14:10:28	EEG	checkup_155_17.06.2026 14:10:28	500.0	499.6666666666667	True	0.5	40.0	4	True	50.0	30.0	-771.7147216796875	-96.77523199341553	12.046589851379395	12.97336418316007	9.627453804016113	10.22888350045288	5.99310302734375	9.907759417143161	11.621847152709961	9.366281882235267	2.8076066970825195	1.5354871320751282	12.899169921875	10.492543552729373	2.017359495162964	2.4009577797058164	0.0	0.0	0.0	0.0
15.627611875534058	1781696479.0	1781696479.5958855	6	12.0	14.0	32.0	34.0	NeuronSpectrum 17.06.2026 14:10:28	EEG	checkup_155_17.06.2026 14:10:28	500.0	499.6666666666667	True	0.5	40.0	4	True	50.0	30.0	-637.4492797851562	-71.24016445158446	13.490999221801758	12.333737320218578	10.374368667602539	9.521186997134242	7.397538185119629	9.367693933948601	12.286232948303223	8.33898602589944	3.2673230171203613	0.8431840312017672	14.272244453430176	9.879995794311716	2.4945857524871826	3.250755396267935	0.0	0.0	0.0	0.0
15.62761378288269	1781696479.0	1781696479.5958874	6	12.0	14.0	32.0	34.0	NeuronSpectrum 17.06.2026 14:10:28	EEG	checkup_155_17.06.2026 14:10:28	500.0	499.6666666666667	True	0.5	40.0	4	True	50.0	30.0	-562.604736328125	-48.77352242651719	13.661197662353516	11.285851622687296	10.182771682739258	8.42201003684808	8.094762802124023	8.44912772144378	11.801498413085938	7.013505790129714	3.0190322399139404	-0.027773512797392083	14.77382755279541	8.911547816005076	3.3607490062713623	4.15713654888691	0.0	0.0	0.0	0.0
15.627615690231323	1781696479.0	1781696479.5958893	6	12.0	14.0	32.0	34.0	NeuronSpectrum 17.06.2026 14:10:28	EEG	checkup_155_17.06.2026 14:10:28	500.0	499.6666666666667	True	0.5	40.0	4	True	50.0	30.0	-558.0655517578125	-30.503197674051766	11.71782398223877	9.8538610869115	8.392959594726562	6.9974558938132825	7.18801736831665	7.2111906349048756	9.524518013000488	5.465439714614723	1.659955620765686	-0.9716028634384265	13.51276683807373	7.693898878591058	4.301804065704346	5.099401139591458	0.0	0.0	0.0	0.0
15.627617597579956	1781696479.0	1781696479.5958912	6	12.0	14.0	32.0	34.0	NeuronSpectrum 17.06.2026 14:10:28	EEG	checkup_155_17.06.2026 14:10:28	500.0	499.6666666666667	True	0.5	40.0	4	True	50.0	30.0	-606.5926513671875	-15.601100440631933	8.077228546142578	8.129660965008016	5.289119720458984	5.365944136113214	4.801830291748047	5.76355791176346	5.951686859130859	3.8180178831039577	-0.5900560021400452	-1.8606167850048985	10.645585060119629	6.378266459998633	5.122785568237305	6.041756404008689	0.0	0.0	0.0	0.0
15.62761926651001	1781696479.0	1781696479.595893	6	12.0	14.0	32.0	34.0	NeuronSpectrum 17.06.2026 14:10:28	EEG	checkup_155_17.06.2026 14:10:28	500.0	499.6666666666667	True	0.5	40.0	4	True	50.0	30.0	-675.4088134765625	-1.3017951554740521	4.420685291290283	6.264916321812353	2.219215154647827	3.686373070834317	2.2289257049560547	4.261766754240633	2.667266607284546	2.2275841230045055	-3.0041158199310303	-2.563133447179464	7.500805854797363	5.143754440215365	5.886824607849121	6.931979536508117	0.0	0.0	0.0	0.0
15.627620935440063	1781696479.0	1781696479.5958946	6	12.0	14.0	32.0	34.0	NeuronSpectrum 17.06.2026 14:10:28	EEG	checkup_155_17.06.2026 14:10:28	500.0	499.6666666666667	True	0.5	40.0	4	True	50.0	30.0	-732.8325805664062	16.22061248837297	2.6541614532470703	4.443018010002757	0.8109991550445557	2.1319334786099646	1.0781298875808716	2.884664512223129	1.3817765712738037	0.8547535587174567	-4.774229526519775	-2.967339270191794	5.816313743591309	4.167143334243454	6.7995734214782715	7.705723244070014	0.0	0.0	0.0	0.0
15.627622604370117	1781696479.0	1781696479.5958962	6	12.0	14.0	32.0	34.0	NeuronSpectrum 17.06.2026 14:10:28	EEG	checkup_155_17.06.2026 14:10:28	500.0	499.6666666666667	True	0.5	40.0	4	True	50.0	30.0	-758.1917724609375	40.358101358958336	3.4059982299804688	2.8415389772917465	1.6814007759094238	0.8584878959347244	1.8898063898086548	1.801124385767244	2.6087183952331543	-0.16831975864972906	-5.392756938934326	-3.0049877073776083	6.5040812492370605	3.588383701191258	7.960553169250488	8.296210733020958	0.0	0.0	0.0	0.0
15.62762451171875	1781696479.0	1781696479.5958982	6	12.0	14.0	32.0	34.0	NeuronSpectrum 17.06.2026 14:10:28	EEG	checkup_155_17.06.2026 14:10:28	500.0	499.6666666666667	True	0.5	40.0	4	True	50.0	30.0	-740.9664306640625	72.46111962770466	5.241511344909668	1.5982539467380192	3.645937919616699	-0.02195976470540809	3.377990484237671	1.1372296049504418	5.002866268157959	-0.7631156578392996	-4.732509613037109	-2.6678863098951417	8.835338592529297	3.48333149295132	9.159083366394043	8.647577430778314	0.0	0.0	0.0	0.0
15.627625942230225	1781696479.0	1781696479.5958996	6	12.0	14.0	32.0	34.0	NeuronSpectrum 17.06.2026 14:10:28	EEG	checkup_155_17.06.2026 14:10:28	500.0	499.6666666666667	True	0.5	40.0	4	True	50.0	30.0	-674.5999145507812	110.710187816468	5.404828071594238	0.7895504646258181	4.223576545715332	-0.4561471501895754	3.140129804611206	0.9532190126286194	6.02151346206665	-0.9158299168547527	-2.951911211013794	-2.011617416377559	10.712291717529297	3.8516712210569475	9.878548622131348	8.72864551753296	0.0	0.0	0.0	0.0
15.627627849578857	1781696479.0	1781696479.5959015	6	12.0	14.0	32.0	34.0	NeuronSpectrum 17.06.2026 14:10:28	EEG	checkup_155_17.06.2026 14:10:28	500.0	499.6666666666667	True	0.5	40.0	4	True	50.0	30.0	-554.25341796875	149.93601973057807	1.842222809791565	0.4231465176750497	1.365805983543396	-0.4522852847548247	-0.38040533661842346	1.2344863189349944	3.673011541366577	-0.6747490316333518	-0.4791002571582794	-1.1444165664839065	10.006867408752441	4.621419620573009	9.542427062988281	8.543024434447743	0.0	0.0	0.0	0.0
15.627629280090332	1781696479.0	1781696479.595903	6	12.0	14.0	32.0	34.0	NeuronSpectrum 17.06.2026 14:10:28	EEG	checkup_155_17.06.2026 14:10:28	500.0	499.6666666666667	True	0.5	40.0	4	True	50.0	30.0	-382.3828125	182.54987835845012	-4.865544319152832	0.4427590597654951	-4.719418525695801	-0.07358694012399981	-6.076686859130859	1.897111984993733	-1.8192329406738281	-0.13824849298185438	1.8345149755477905	-0.20346046226642153	6.104530334472656	5.666439402383817	7.870691776275635	8.131893210619603	0.0	0.0	0.0	0.0
15.627631187438965	1781696479.0	1781696479.5959048	6	12.0	14.0	32.0	34.0	NeuronSpectrum 17.06.2026 14:10:28	EEG	checkup_155_17.06.2026 14:10:28	500.0	499.6666666666667	True	0.5	40.0	4	True	50.0	30.0	-176.7145233154297	200.34613809716544	-11.205763816833496	0.7427710291730802	-11.066073417663574	0.5754197926789706	-10.090423583984375	2.8074151593966024	-7.711543560028076	0.563156070678293	2.6656112670898438	0.6753946559961245	0.5586298108100891	6.832480487307083	5.100655555725098	7.567934610319722	0.0	0.0	0.0	0.0
15.627632856369019	1781696479.0	1781696479.5959065	6	12.0	14.0	32.0	34.0	NeuronSpectrum 17.06.2026 14:10:28	EEG	checkup_155_17.06.2026 14:10:28	500.0	499.6666666666667	True	0.5	40.0	4	True	50.0	30.0	-383.23541259765625	196.5996724577692	8.094353675842285	1.1925829832695665	8.082026481628418	1.3699345728808954	10.241397857666016	3.8140282178802107	10.160151481628418	1.2898065878585152	5.041203022003174	1.3862859725566121	18.7318115234375	7.968339282487282	7.199326038360596	6.9418600843156675	0.0	0.0	0.0	0.0
15.627634525299072	1781696479.0	1781696479.5959082	6	12.0	14.0	32.0	34.0	NeuronSpectrum 17.06.2026 14:10:28	EEG	checkup_155_17.06.2026 14:10:28	500.0	499.6666666666667	True	0.5	40.0	4	True	50.0	30.0	-447.7786865234375	167.76548903509843	7.734202861785889	1.667866198145335	7.875263690948486	2.1915708156626086	10.066761016845703	4.786232136113153	9.557644844055176	1.9190483659616888	4.422999382019043	1.8724965284063673	18.699926376342773	8.957412270642607	5.911099433898926	6.3452125579412435	0.0	0.0	0.0	0.0
15.627636194229126	1781696479.0	1781696479.5959098	6	12.0	14.0	32.0	34.0	NeuronSpectrum 17.06.2026 14:10:28	EEG	checkup_155_17.06.2026 14:10:28	500.0	499.6666666666667	True	0.5	40.0	4	True	50.0	30.0	-566.5464477539062	114.26459622760652	5.253822326660156	2.0795273254219095	5.753942966461182	2.9530891073589545	7.651340484619141	5.645520844004903	7.0479936599731445	2.3677803343455106	2.1081182956695557	2.130797681499515	16.51359748840332	9.740787591350287	4.6467132568359375	5.85367919637164	0.0	0.0	0.0	0.0
15.627638101577759	1781696479.0	1781696479.5959117	6	12.0	14.0	32.0	34.0	NeuronSpectrum 17.06.2026 14:10:28	EEG	checkup_155_17.06.2026 14:10:28	500.0	499.6666666666667	True	0.5	40.0	4	True	50.0	30.0	-712.97509765625	40.20876376709715	2.001509666442871	2.3883560526110683	3.092759132385254	3.6107218915041983	4.663578033447266	6.376463586345201	4.0539326667785645	2.6024242113806344	-0.6013363599777222	2.2004774319089235	13.57287883758545	10.321905646592159	3.9626307487487793	5.5144829772331985	0.0	0.0	0.0	0.0
15.627639532089233	1781696479.0	1781696479.5959132	6	12.0	14.0	32.0	34.0	NeuronSpectrum 17.06.2026 14:10:28	EEG	checkup_155_17.06.2026 14:10:28	500.0	499.6666666666667	True	0.5	40.0	4	True	50.0	30.0	-843.9782104492188	-47.71574244437921	-0.0021646798122674227	2.6000090804605334	1.75661301612854	4.159548288279385	3.179640293121338	7.01259089650572	2.4067718982696533	2.6329735323823735	-2.155707359313965	2.1422743819744365	11.680648803710938	10.74973164262903	4.211828231811523	5.340503281016134	0.0	0.0	0.0	0.0
15.627641439437866	1781696479.0	1781696479.595915	6	12.0	14.0	32.0	34.0	NeuronSpectrum 17.06.2026 14:10:28	EEG	checkup_155_17.06.2026 14:10:28	500.0	499.6666666666667	True	0.5	40.0	4	True	50.0	30.0	-917.9496459960938	-141.7643023635287	0.5298449397087097	2.7470541706174165	2.805342435836792	4.618264382260451	4.27650785446167	7.6072682633961755	3.0581860542297363	2.4977108255878346	-1.7499775886535645	2.016675069361714	11.909248352050781	11.088860669419143	5.214134216308594	5.312583285296693	0.0	0.0	0.0	0.0
15.62764310836792	1781696479.0	1781696479.5959167	6	12.0	14.0	32.0	34.0	NeuronSpectrum 17.06.2026 14:10:28	EEG	checkup_155_17.06.2026 14:10:28	500.0	499.6666666666667	True	0.5	40.0	4	True	50.0	30.0	-922.578857421875	-234.57976384755256	3.14365291595459	2.872071193438684	5.660857200622559	5.0159940747050635	7.224827289581299	8.207187276064614	5.3300580978393555	2.250536765330904	0.25594577193260193	1.8712410924611822	13.962896347045898	11.392139145046453	6.269366264343262	5.389446701009181	0.0	0.0	0.0	0.0
15.627645015716553	1781696479.0	1781696479.5959187	6	12.0	14.0	32.0	34.0	NeuronSpectrum 17.06.2026 14:10:28	EEG	checkup_155_17.06.2026 14:10:28	500.0	499.6666666666667	True	0.5	40.0	4	True	50.0	30.0	-892.8054809570312	-320.2385506102689	5.903765678405762	3.0225987400078855	8.45899772644043	5.390307572361201	9.983091354370117	8.841858307755379	7.3719940185546875	1.959045959192339	2.7833499908447266	1.7420829012038406	16.520288467407227	11.688974464722298	6.621774196624756	5.52208440717124	0.0	0.0	0.0	0.0
15.627646684646606	1781696479.0	1781696479.5959203	6	12.0	14.0	32.0	34.0	NeuronSpectrum 17.06.2026 14:10:28	EEG	checkup_155_17.06.2026 14:10:28	500.0	499.6666666666667	True	0.5	40.0	4	True	50.0	30.0	-898.0161743164062	-394.80351532936476	6.809566020965576	3.258042772323904	9.38703727722168	5.795442866457596	10.727210998535156	9.530353868443097	7.529995441436768	1.7117006804430133	4.837097644805908	1.6672089435795692	18.234994888305664	11.992608975709008	6.032132625579834	5.667765863645905	0.0	0.0	0.0	0.0
15.62764835357666	1781696479.0	1781696479.595922	6	12.0	14.0	32.0	34.0	NeuronSpectrum 17.06.2026 14:10:28	EEG	checkup_155_17.06.2026 14:10:28	500.0	499.6666666666667	True	0.5	40.0	4	True	50.0	30.0	-996.3953857421875	-456.49907668846606	5.35115385055542	3.6584552167291906	8.05501651763916	6.310424268584131	9.336277961730957	10.2952125412209	5.616644859313965	1.6239062164921867	5.927457332611084	1.702799051983459	18.61155891418457	12.318667417583043	4.9882493019104	5.799223962437177	0.0	0.0	0.0	0.0
15.627650022506714	1781696479.0	1781696479.5959237	6	12.0	14.0	32.0	34.0	NeuronSpectrum 17.06.2026 14:10:28	EEG	checkup_155_17.06.2026 14:10:28	500.0	499.6666666666667	True	0.5	40.0	4	True	50.0	30.0	-1182.761474609375	-505.69027028558577	2.9965453147888184	4.322179482526126	5.857364654541016	7.034650410672506	7.6190361976623535	11.169769675458321	3.1035921573638916	1.831242167829147	5.867923259735107	1.930743475527994	18.119497299194336	12.701312796362437	4.331062316894531	5.907022444063929	0.0	0.0	0.0	0.0
15.627652168273926	1781696479.0	1781696479.5959258	6	12.0	14.0	32.0	34.0	NeuronSpectrum 17.06.2026 14:10:28	EEG	checkup_155_17.06.2026 14:10:28	500.0	499.6666666666667	True	0.5	40.0	4	True	50.0	30.0	-1369.9337158203125	-544.7434505889706	2.153519630432129	5.345380236998995	4.996754169464111	8.064887070420063	7.947124481201172	12.190449121215089	2.0529654026031494	2.464476826182124	4.420976161956787	2.448567171061002	17.567068099975586	13.19499236862398	4.54835319519043	5.996250337116799	0.0	0.0	0.0	0.0
15.62765383720398	1781696479.0	1781696479.5959275	6	12.0	14.0	32.0	34.0	NeuronSpectrum 17.06.2026 14:10:28	EEG	checkup_155_17.06.2026 14:10:28	500.0	499.6666666666667	True	0.5	40.0	4	True	50.0	30.0	-1426.662109375	-577.6769751910949	4.250467777252197	6.787375731434614	6.781952381134033	9.45844112048982	11.148548126220703	13.375398471020855	3.5128095149993896	3.611332794971117	1.3934602737426758	3.340449559533891	17.267032623291016	13.857557094202809	5.327591419219971	6.080706083716908	0.0	0.0	0.0	0.0
15.627655744552612	1781696479.0	1781696479.5959294	6	12.0	14.0	32.0	34.0	NeuronSpectrum 17.06.2026 14:10:28	EEG	checkup_155_17.06.2026 14:10:28	500.0	499.6666666666667	True	0.5	40.0	4	True	50.0	30.0	-1255.3577880859375	-609.4547872570613	8.292954444885254	8.634822981626172	10.37615966796875	11.196229311560314	15.215489387512207	14.699000401052778	6.511960506439209	5.27835301784748	-2.767605781555176	4.63786279411952	16.64094352722168	14.720400866899096	5.735531806945801	6.177685873413588	0.0	0.0	0.0	0.0
15.627657175064087	1781696479.0	1781696479.5959308	6	12.0	14.0	32.0	34.0	NeuronSpectrum 17.06.2026 14:10:28	EEG	checkup_155_17.06.2026 14:10:28	500.0	499.6666666666667	True	0.5	40.0	4	True	50.0	30.0	-859.5001831054688	-644.9402676484683	11.00551700592041	10.780292827204356	12.91714859008789	13.161777867028126	15.96820068359375	16.074315011913374	8.387262344360352	7.368403433022785	-6.54245138168335	6.286259195587828	14.513237953186035	15.758674634468484	4.9257965087890625	6.30478512623823	0.0	0.0	0.0	0.0
15.678432703018188	1781696479.0	1781696479.6467063	6	12.0	14.0	32.0	34.0	NeuronSpectrum 17.06.2026 14:10:28	EEG	checkup_155_17.06.2026 14:10:28	500.0	499.6666666666667	True	0.5	40.0	4	True	50.0	30.0	-1511.9031982421875	-687.8042765395215	15.098584175109863	13.026009441795651	17.479642868041992	15.147186284613166	17.465757369995117	17.352539009140656	14.24227523803711	9.684684699879329	11.467307090759277	8.135351528498278	23.31329917907715	16.876207117648878	10.05138111114502	6.477950749469917	0.0	0.0	0.0	0.0
15.678438186645508	1781696479.0	1781696479.6467118	6	12.0	14.0	32.0	34.0	NeuronSpectrum 17.06.2026 14:10:28	EEG	checkup_155_17.06.2026 14:10:28	500.0	499.6666666666667	True	0.5	40.0	4	True	50.0	30.0	-1494.0740966796875	-739.796153201718	17.98652458190918	15.114433641364922	19.92831802368164	16.88750275497611	18.720380783081055	18.342613847347874	17.39986801147461	11.962929283713407	13.64159107208252	9.961920919470703	24.41897964477539	17.914311090977627	7.779966831207275	6.708565826391107	0.0	0.0	0.0	0.0
15.678440570831299	1781696479.0	1781696479.6467142	6	12.0	14.0	32.0	34.0	NeuronSpectrum 17.06.2026 14:10:28	EEG	checkup_155_17.06.2026 14:10:28	500.0	499.6666666666667	True	0.5	40.0	4	True	50.0	30.0	-1485.6842041015625	-800.5868283876398	19.280916213989258	16.777954373609376	20.779836654663086	18.114901240893868	18.772878646850586	18.847516502042996	19.085880279541016	13.923462619300778	14.55268383026123	11.519012208591102	24.705665588378906	18.683383384997946	5.164713382720947	6.997660214507475	0.0	0.0	0.0	0.0
15.678442239761353	1781696479.0	1781696479.6467159	6	12.0	14.0	32.0	34.0	NeuronSpectrum 17.06.2026 14:10:28	EEG	checkup_155_17.06.2026 14:10:28	500.0	499.6666666666667	True	0.5	40.0	4	True	50.0	30.0	-1505.8841552734375	-868.0576889031879	19.200742721557617	17.793590602932035	20.258424758911133	18.617262839843736	17.923824310302734	18.70811634877302	19.426048278808594	15.327899060031793	14.47779655456543	12.593228213413987	24.360979080200195	19.006543559516082	3.8699746131896973	7.3279943189197345	0.0	0.0	0.0	0.0
15.678444147109985	1781696479.0	1781696479.6467178	6	12.0	14.0	32.0	34.0	NeuronSpectrum 17.06.2026 14:10:28	EEG	checkup_155_17.06.2026 14:10:28	500.0	499.6666666666667	True	0.5	40.0	4	True	50.0	30.0	-1551.2490234375	-938.7468077319361	18.012069702148438	18.027351947798348	18.59296417236328	18.284543450528787	16.265552520751953	17.842402244047637	18.609094619750977	16.024153931462436	13.750211715698242	13.050387503076593	23.353626251220703	18.76063353193325	4.651005744934082	7.658483200891373	0.0	0.0	0.0	0.0
15.678445816040039	1781696479.0	1781696479.6467195	6	12.0	14.0	32.0	34.0	NeuronSpectrum 17.06.2026 14:10:28	EEG	checkup_155_17.06.2026 14:10:28	500.0	499.6666666666667	True	0.5	40.0	4	True	50.0	30.0	-1603.0023193359375	-1008.2625669361325	15.948227882385254	17.457039462811682	15.96015453338623	17.130828029607073	13.771577835083008	16.268852140928544	16.85590171813965	15.96842923448093	12.551414489746094	12.858045479385536	21.532041549682617	17.902747805242072	6.9305925369262695	7.926961979393827	0.0	0.0	0.0	0.0
15.678447723388672	1781696479.0	1781696479.6467214	6	12.0	14.0	32.0	34.0	NeuronSpectrum 17.06.2026 14:10:28	EEG	checkup_155_17.06.2026 14:10:28	500.0	499.6666666666667	True	0.5	40.0	4	True	50.0	30.0	-1647.6756591796875	-1071.6762350693446	13.50046443939209	16.170096832220676	12.820161819458008	15.288328067010527	10.793370246887207	14.107847944197735	14.690381050109863	15.221560665300848	10.954378128051758	12.084038984341857	19.067026138305664	16.47730562333981	9.263175964355469	8.064265140119517	0.0	0.0	0.0	0.0
15.678449392318726	1781696479.0	1781696479.646723	6	12.0	14.0	32.0	34.0	NeuronSpectrum 17.06.2026 14:10:28	EEG	checkup_155_17.06.2026 14:10:28	500.0	499.6666666666667	True	0.5	40.0	4	True	50.0	30.0	-1694.5067138671875	-1124.0401761418007	11.595378875732422	14.341535357123695	10.139330863952637	12.978615589735774	8.303455352783203	11.562451371915259	13.062153816223145	13.925977928572653	9.07082748413086	10.877378076033649	16.706642150878906	14.605913068177943	10.297080993652344	8.016273717818107	0.0	0.0	0.0	0.0
15.67845106124878	1781696479.0	1781696479.6467247	6	12.0	14.0	32.0	34.0	NeuronSpectrum 17.06.2026 14:10:28	EEG	checkup_155_17.06.2026 14:10:28	500.0	499.6666666666667	True	0.5	40.0	4	True	50.0	30.0	-1771.0257568359375	-1161.179005681458	11.206469535827637	12.202516637653305	9.021848678588867	10.472700413126521	7.379220962524414	8.886295564891363	12.937823295593262	12.274996593770998	7.168107509613037	9.440042613760276	15.441742897033691	12.467135911013536	9.570450782775879	7.76509106049759	0.0	0.0	0.0	0.0
15.678452968597412	1781696479.0	1781696479.6467266	6	12.0	14.0	32.0	34.0	NeuronSpectrum 17.06.2026 14:10:28	EEG	checkup_155_17.06.2026 14:10:28	500.0	499.6666666666667	True	0.5	40.0	4	True	50.0	30.0	-1893.2689208984375	-1180.763291914807	12.449331283569336	10.010425369740398	9.779478073120117	8.052572389036737	8.107169151306152	6.348678067654744	14.445980072021484	10.48592529717614	5.651945114135742	7.996913958048539	15.659099578857422	10.274090824221968	7.6226725578308105	7.3395301579007555	0.0	0.0	0.0	0.0
15.678454637527466	1781696479.0	1781696479.6467283	6	12.0	14.0	32.0	34.0	NeuronSpectrum 17.06.2026 14:10:28	EEG	checkup_155_17.06.2026 14:10:28	500.0	499.6666666666667	True	0.5	40.0	4	True	50.0	30.0	-2030.071044921875	-1183.4383824314657	13.961621284484863	8.026054736593025	11.230219841003418	5.9820790388740726	8.960899353027344	4.204009302087953	16.308048248291016	8.78259146527756	4.9553608894348145	6.768168817134606	16.50550651550293	8.254284491642299	5.494328498840332	6.809402765425557	0.0	0.0	0.0	0.0
15.67845630645752	1781696479.0	1781696479.64673	6	12.0	14.0	32.0	34.0	NeuronSpectrum 17.06.2026 14:10:28	EEG	checkup_155_17.06.2026 14:10:28	500.0	499.6666666666667	True	0.5	40.0	4	True	50.0	30.0	-2093.600341796875	-1173.5496530182781	13.36366081237793	6.4957650952501576	11.043219566345215	4.487032190863982	7.5202555656433105	2.666642952423117	16.252212524414062	7.384404442586152	5.313389301300049	5.94555956608048	16.120094299316406	6.630471315782049	3.9944193363189697	6.265355127745875	0.0	0.0	0.0	0.0
15.678457975387573	1781696479.0	1781696479.6467316	6	12.0	14.0	32.0	34.0	NeuronSpectrum 17.06.2026 14:10:28	EEG	checkup_155_17.06.2026 14:10:28	500.0	499.6666666666667	True	0.5	40.0	4	True	50.0	30.0	-1975.1710205078125	-1158.945158261417	8.871685028076172	5.631233265003874	7.2630462646484375	3.738156539850176	2.3932437896728516	1.8873931035002336	12.463163375854492	6.493125968556416	6.48291015625	5.672050542913445	12.818852424621582	5.5974082147724875	3.2702577114105225	5.792434310090293	0.0	0.0	0.0	0.0
15.678459644317627	1781696479.0	1781696479.6467333	6	12.0	14.0	32.0	34.0	NeuronSpectrum 17.06.2026 14:10:28	EEG	checkup_155_17.06.2026 14:10:28	500.0	499.6666666666667	True	0.5	40.0	4	True	50.0	30.0	-1611.66748046875	-1149.5905156278102	1.0547062158584595	5.5810398769517136	0.07914754748344421	3.830529329048948	-5.011224746704102	1.9288965360351087	5.183675289154053	6.269579804304751	7.561460494995117	6.023780728474488	6.485203266143799	5.290922840954434	2.882223606109619	5.44818375832713	0.0	0.0	0.0	0.0
15.67846131324768	1781696479.0	1781696479.646735	6	12.0	14.0	32.0	34.0	NeuronSpectrum 17.06.2026 14:10:28	EEG	checkup_155_17.06.2026 14:10:28	500.0	499.6666666666667	True	0.5	40.0	4	True	50.0	30.0	-1039.047119140625	-1155.2769779077157	-6.719666957855225	6.396867941204642	-7.5707550048828125	4.760194399743127	-10.47459888458252	2.7434838586466026	-2.80391263961792	6.800937294257728	7.136789798736572	6.994533380731068	-0.9078993797302246	5.753022964597711	2.236156702041626	5.253884211697427	0.0	0.0	0.0	0.0
15.729395627975464	1781696479.0	1781696479.6976693	6	12.0	14.0	32.0	34.0	NeuronSpectrum 17.06.2026 14:10:28	EEG	checkup_155_17.06.2026 14:10:28	500.0	499.6666666666667	True	0.5	40.0	4	True	50.0	30.0	-1891.646484375	-1183.254093028664	9.377973556518555	8.006691639936058	7.338219165802002	6.407586900293639	3.293610095977783	4.164129481733937	11.020855903625488	8.069571773515555	5.768185138702393	8.485589293254028	11.03071403503418	6.905256610144113	8.431672096252441	5.201552336017602	0.0	0.0	0.0	0.0
15.7294020652771	1781696479.0	1781696479.6976757	6	12.0	14.0	32.0	34.0	NeuronSpectrum 17.06.2026 14:10:28	EEG	checkup_155_17.06.2026 14:10:28	500.0	499.6666666666667	True	0.5	40.0	4	True	50.0	30.0	-1974.9752197265625	-1236.7462058019069	10.303211212158203	10.209987667739767	8.345717430114746	8.540550012121559	4.655801773071289	5.919500487249556	11.551464080810547	9.938842032350149	6.6771697998046875	10.306757672008036	12.26384162902832	8.545141908787073	8.698675155639648	5.271798889457431	0.0	0.0	0.0	0.0
15.72940444946289	1781696479.0	1781696479.697678	6	12.0	14.0	32.0	34.0	NeuronSpectrum 17.06.2026 14:10:28	EEG	checkup_155_17.06.2026 14:10:28	500.0	499.6666666666667	True	0.5	40.0	4	True	50.0	30.0	-2091.366943359375	-1314.8432505768615	12.471684455871582	12.702916211242922	10.536839485168457	10.84382904809222	7.139014720916748	7.676333434941286	13.55103588104248	12.166056823220092	8.876836776733398	12.195160952040805	14.744041442871094	10.373949067721306	7.2117600440979	5.452009101917535	0.0	0.0	0.0	0.0
15.729406595230103	1781696479.0	1781696479.6976802	6	12.0	14.0	32.0	34.0	NeuronSpectrum 17.06.2026 14:10:28	EEG	checkup_155_17.06.2026 14:10:28	500.0	499.6666666666667	True	0.5	40.0	4	True	50.0	30.0	-2214.510498046875	-1413.5213044448299	15.994741439819336	15.13014517405943	13.878973007202148	12.97167663672962	10.28055477142334	9.101771714257195	17.052677154541016	14.44264156764075	12.128037452697754	13.85489579745929	18.01624870300293	12.05243962750945	4.947375774383545	5.744024661433755	0.0	0.0	0.0	0.0
15.729408502578735	1781696479.0	1781696479.6976821	6	12.0	14.0	32.0	34.0	NeuronSpectrum 17.06.2026 14:10:28	EEG	checkup_155_17.06.2026 14:10:28	500.0	499.6666666666667	True	0.5	40.0	4	True	50.0	30.0	-2307.107177734375	-1527.0811729574402	20.197160720825195	17.151927217107307	17.642404556274414	14.612532885739123	13.179048538208008	9.931493400538091	21.278718948364258	16.452967101584697	15.410578727722168	15.013208811975156	21.09213638305664	13.2713272266754	3.324643135070801	6.156544196918435	0.0	0.0	0.0	0.0
15.729410409927368	1781696479.0	1781696479.697684	6	12.0	14.0	32.0	34.0	NeuronSpectrum 17.06.2026 14:10:28	EEG	checkup_155_17.06.2026 14:10:28	500.0	499.6666666666667	True	0.5	40.0	4	True	50.0	30.0	-2339.2958984375	-1649.3215878782105	23.623090744018555	18.511918567190527	20.471691131591797	15.551693039176293	14.642424583435059	10.027907809618556	24.736061096191406	17.93873316126027	17.295642852783203	15.480499111556012	22.705060958862305	13.818693010579954	3.3041348457336426	6.686495179633089	0.0	0.0	0.0	0.0
15.729412078857422	1781696479.0	1781696479.6976857	6	12.0	14.0	32.0	34.0	NeuronSpectrum 17.06.2026 14:10:28	EEG	checkup_155_17.06.2026 14:10:28	500.0	499.6666666666667	True	0.5	40.0	4	True	50.0	30.0	-2317.83740234375	-1774.1295818674428	24.61859703063965	19.090635358424908	20.920166015625	15.71754451141257	13.562417984008789	9.414239938456923	25.857141494750977	18.753893102836816	16.77985954284668	15.196784850854996	21.868188858032227	13.626980365075795	4.839167594909668	7.300146362123161	0.0	0.0	0.0	0.0
15.729413747787476	1781696479.0	1781696479.6976874	6	12.0	14.0	32.0	34.0	NeuronSpectrum 17.06.2026 14:10:28	EEG	checkup_155_17.06.2026 14:10:28	500.0	499.6666666666667	True	0.5	40.0	4	True	50.0	30.0	-2304.167236328125	-1895.6077627153654	22.32107162475586	18.93068457950759	18.301626205444336	15.19872079157779	9.543359756469727	8.274088559147362	23.955310821533203	18.895680269105362	14.080879211425781	14.249337935038309	18.537973403930664	12.786765716926539	7.041706562042236	7.925128151478623	0.0	0.0	0.0	0.0
15.72941541671753	1781696479.0	1781696479.697689	6	12.0	14.0	32.0	34.0	NeuronSpectrum 17.06.2026 14:10:28	EEG	checkup_155_17.06.2026 14:10:28	500.0	499.6666666666667	True	0.5	40.0	4	True	50.0	30.0	-2392.917236328125	-2008.158784175528	17.452953338623047	18.224860012735263	13.358658790588379	14.224875601041747	3.5148818492889404	6.91305962020797	19.867542266845703	18.501940618970206	10.684966087341309	12.854803321475774	13.912795066833496	11.522940212211168	8.855733871459961	8.459180137329538	0.0	0.0	0.0	0.0
15.729417324066162	1781696479.0	1781696479.697691	6	12.0	14.0	32.0	34.0	NeuronSpectrum 17.06.2026 14:10:28	EEG	checkup_155_17.06.2026 14:10:28	500.0	499.6666666666667	True	0.5	40.0	4	True	50.0	30.0	-2645.07666015625	-2106.967149617454	12.305326461791992	17.267718049441324	8.233240127563477	13.113208409099036	-2.15752911567688	5.689322742715957	15.744216918945312	17.81400261109877	8.408060073852539	11.310690030518291	10.017971992492676	10.139596416558849	9.719259262084961	8.793671139401813	0.0	0.0	0.0	0.0
15.729418754577637	1781696479.0	1781696479.6976924	6	12.0	14.0	32.0	34.0	NeuronSpectrum 17.06.2026 14:10:28	EEG	checkup_155_17.06.2026 14:10:28	500.0	499.6666666666667	True	0.5	40.0	4	True	50.0	30.0	-3012.311279296875	-2189.012558528587	9.672693252563477	16.382782234318586	5.532167434692383	12.193781174306968	-4.518801689147949	4.930495807703679	13.914923667907715	17.114985311144196	8.037221908569336	9.930462624620676	8.655783653259277	8.949239613088157	9.714682579040527	8.843625176354172	0.0	0.0	0.0	0.0
15.72942066192627	1781696479.0	1781696479.6976943	6	12.0	14.0	32.0	34.0	NeuronSpectrum 17.06.2026 14:10:28	EEG	checkup_155_17.06.2026 14:10:28	500.0	499.6666666666667	True	0.5	40.0	4	True	50.0	30.0	-3314.836669921875	-2254.2505760546123	11.186491966247559	15.84597848166117	6.8577880859375	11.734271276374301	-1.6954337358474731	4.860212784651791	15.416015625	16.661145508581892	8.629097938537598	8.979684058258677	10.294465065002441	8.206034447319386	9.217707633972168	8.573574526029786	0.0	0.0	0.0	0.0
15.729422330856323	1781696479.0	1781696479.697696	6	12.0	14.0	32.0	34.0	NeuronSpectrum 17.06.2026 14:10:28	EEG	checkup_155_17.06.2026 14:10:28	500.0	499.6666666666667	True	0.5	40.0	4	True	50.0	30.0	-3312.443359375	-2306.2198222170423	16.018417358398438	15.8267540134514	11.627840995788574	11.884948333595098	5.505066394805908	5.555046739879014	19.1081600189209	16.62495608921031	8.18664836883545	8.627443568084875	13.625115394592285	8.05976585782443	8.417028427124023	8.01031235052676	0.0	0.0	0.0	0.0
15.729424476623535	1781696479.0	1781696479.697698	6	12.0	14.0	32.0	34.0	NeuronSpectrum 17.06.2026 14:10:28	EEG	checkup_155_17.06.2026 14:10:28	500.0	499.6666666666667	True	0.5	40.0	4	True	50.0	30.0	-2842.576904296875	-2351.4220217856837	20.858205795288086	16.360802256500474	16.973051071166992	12.656702481554152	13.244062423706055	6.9411540163738525	22.02401351928711	17.062891156510826	5.34852933883667	8.92080500177139	16.137601852416992	8.538605608085671	7.165952205657959	7.238214419650188	0.0	0.0	0.0	0.0
15.729426145553589	1781696479.0	1781696479.6976998	6	12.0	14.0	32.0	34.0	NeuronSpectrum 17.06.2026 14:10:28	EEG	checkup_155_17.06.2026 14:10:28	500.0	499.6666666666667	True	0.5	40.0	4	True	50.0	30.0	-1938.9033203125	-2397.460827415345	21.401973724365234	17.356306938485186	18.95566749572754	13.932707899781192	16.180631637573242	8.825245256933886	20.8603458404541	17.911802539335163	0.7921351790428162	9.784134505383125	15.416400909423828	9.558971842845997	5.246592998504639	6.378458405731966	0.0	0.0	0.0	0.0
15.780368566513062	1781696479.0	1781696479.7486422	6	12.0	14.0	32.0	34.0	NeuronSpectrum 17.06.2026 14:10:28	EEG	checkup_155_17.06.2026 14:10:28	500.0	499.6666666666667	True	0.5	40.0	4	True	50.0	30.0	-3386.505126953125	-2450.7343697681326	21.99420166015625	18.625330654154343	18.240751266479492	15.503975258362436	10.944254875183105	10.94408850584303	24.377803802490234	19.00987234170012	13.749914169311523	11.04123886092723	17.887454986572266	10.954172083886716	2.3687732219696045	5.558639957732592	0.0	0.0	0.0	0.0
15.780375003814697	1781696479.0	1781696479.7486486	6	12.0	14.0	32.0	34.0	NeuronSpectrum 17.06.2026 14:10:28	EEG	checkup_155_17.06.2026 14:10:28	500.0	499.6666666666667	True	0.5	40.0	4	True	50.0	30.0	-3370.103271484375	-2514.7813831496637	21.0611515045166	19.927687743071406	17.72666358947754	17.11516420665928	11.103686332702637	13.015819526917985	23.521484375	20.133928161944194	13.147018432617188	12.454719028713924	17.1894588470459	12.511873593431403	1.6993626356124878	4.882622798293925	0.0	0.0	0.0	0.0
15.780377626419067	1781696479.0	1781696479.7486513	6	12.0	14.0	32.0	34.0	NeuronSpectrum 17.06.2026 14:10:28	EEG	checkup_155_17.06.2026 14:10:28	500.0	499.6666666666667	True	0.5	40.0	4	True	50.0	30.0	-3349.44091796875	-2589.8691305503394	20.018753051757812	21.016195001965492	17.25398063659668	18.50952896671923	11.739949226379395	14.783121611898608	22.598928451538086	21.044010722659664	12.650684356689453	13.773093409480522	17.229440689086914	14.012354120805004	2.464149236679077	4.410645101729801	0.0	0.0	0.0	0.0
15.78037977218628	1781696479.0	1781696479.7486534	6	12.0	14.0	32.0	34.0	NeuronSpectrum 17.06.2026 14:10:28	EEG	checkup_155_17.06.2026 14:10:28	500.0	499.6666666666667	True	0.5	40.0	4	True	50.0	30.0	-3351.13623046875	-2673.557339556261	19.977991104125977	21.676224520160304	17.766393661499023	19.46687783310872	13.34697151184082	16.045858066623175	22.500579833984375	21.526916105103783	13.071338653564453	14.774587896439135	18.679174423217773	15.262320002566685	4.215095520019531	4.1559651928242	0.0	0.0	0.0	0.0
15.780381679534912	1781696479.0	1781696479.7486553	6	12.0	14.0	32.0	34.0	NeuronSpectrum 17.06.2026 14:10:28	EEG	checkup_155_17.06.2026 14:10:28	500.0	499.6666666666667	True	0.5	40.0	4	True	50.0	30.0	-3373.5244140625	-2761.5347599443394	20.810718536376953	21.755685759474826	19.002119064331055	19.83190846163304	15.210394859313965	16.683399641839788	23.018640518188477	21.431847453885428	14.317801475524902	15.29929039072998	20.872438430786133	16.120942097721354	5.903407096862793	4.097555551772853	0.0	0.0	0.0	0.0
15.780383586883545	1781696479.0	1781696479.7486572	6	12.0	14.0	32.0	34.0	NeuronSpectrum 17.06.2026 14:10:28	EEG	checkup_155_17.06.2026 14:10:28	500.0	499.6666666666667	True	0.5	40.0	4	True	50.0	30.0	-3392.617431640625	-2848.2283791057826	21.346179962158203	21.18283073780425	19.76521873474121	19.531031927182067	16.016996383666992	16.665093157072118	23.08614158630371	20.692795242833842	15.457289695739746	15.266569622492938	22.307575225830078	16.515259186934692	6.510788440704346	4.201420782276278	0.0	0.0	0.0	0.0
15.780385494232178	1781696479.0	1781696479.7486591	6	12.0	14.0	32.0	34.0	NeuronSpectrum 17.06.2026 14:10:28	EEG	checkup_155_17.06.2026 14:10:28	500.0	499.6666666666667	True	0.5	40.0	4	True	50.0	30.0	-3395.09912109375	-2927.1701664577417	20.468673706054688	19.9697103776051	19.006359100341797	18.575492373048668	15.058667182922363	16.04559697967132	21.767423629760742	19.33401464543857	15.334464073181152	14.678215166982158	21.880840301513672	16.442355752138717	5.705522060394287	4.439523905839265	0.0	0.0	0.0	0.0
15.780387878417969	1781696479.0	1781696479.7486615	6	12.0	14.0	32.0	34.0	NeuronSpectrum 17.06.2026 14:10:28	EEG	checkup_155_17.06.2026 14:10:28	500.0	499.6666666666667	True	0.5	40.0	4	True	50.0	30.0	-3410.673095703125	-2991.4662452453313	18.17388153076172	18.200623631524557	16.801471710205078	17.0496774994732	13.004054069519043	14.943805908533232	19.16265106201172	17.457797594440684	13.319698333740234	13.60854831073786	19.877153396606445	15.957524073527074	4.066429615020752	4.797049058568753	0.0	0.0	0.0	0.0
15.780389547348022	1781696479.0	1781696479.7486632	6	12.0	14.0	32.0	34.0	NeuronSpectrum 17.06.2026 14:10:28	EEG	checkup_155_17.06.2026 14:10:28	500.0	499.6666666666667	True	0.5	40.0	4	True	50.0	30.0	-3505.075927734375	-3034.774448950256	15.602981567382812	16.008329204557857	14.331501960754395	15.08695298148521	11.440592765808105	13.509631306509661	16.394662857055664	15.217952816919702	9.733393669128418	12.182967741445998	17.843168258666992	15.15158347110427	2.728165626525879	5.265021684447237	0.0	0.0	0.0	0.0
15.780391454696655	1781696479.0	1781696479.748665	6	12.0	14.0	32.0	34.0	NeuronSpectrum 17.06.2026 14:10:28	EEG	checkup_155_17.06.2026 14:10:28	500.0	499.6666666666667	True	0.5	40.0	4	True	50.0	30.0	-3720.828857421875	-3052.942227675045	13.940277099609375	13.544795699310816	12.798213958740234	12.83964349628079	11.415072441101074	11.888491352205003	14.609719276428223	12.786660628451786	5.754482269287109	10.548209432678636	17.337650299072266	14.124863556445115	2.659019947052002	5.8229592807692825	0.0	0.0	0.0	0.0
15.780393600463867	1781696479.0	1781696479.7486672	6	12.0	14.0	32.0	34.0	NeuronSpectrum 17.06.2026 14:10:28	EEG	checkup_155_17.06.2026 14:10:28	500.0	499.6666666666667	True	0.5	40.0	4	True	50.0	30.0	-4001.557373046875	-3045.9699095798424	13.092419624328613	10.955160095784994	12.152031898498535	10.452019304767852	12.183069229125977	10.19487884174433	13.792928695678711	10.324216161699656	2.8625314235687256	8.840846460189573	18.471303939819336	12.966901295636665	4.0535993576049805	6.421365711728729	0.0	0.0	0.0	0.0
15.780395269393921	1781696479.0	1781696479.748669	6	12.0	14.0	32.0	34.0	NeuronSpectrum 17.06.2026 14:10:28	EEG	checkup_155_17.06.2026 14:10:28	500.0	499.6666666666667	True	0.5	40.0	4	True	50.0	30.0	-4166.736328125	-3019.4587146714402	11.440888404846191	8.361615864849941	10.837718963623047	8.043423463736348	11.457003593444824	8.502249332068235	12.51373291015625	7.959129028038986	2.0911874771118164	7.162931820389655	19.48061752319336	11.747818158682351	6.191096782684326	6.9740613199937505	0.0	0.0	0.0	0.0
15.780397176742554	1781696479.0	1781696479.7486708	6	12.0	14.0	32.0	34.0	NeuronSpectrum 17.06.2026 14:10:28	EEG	checkup_155_17.06.2026 14:10:28	500.0	499.6666666666667	True	0.5	40.0	4	True	50.0	30.0	-3981.263916015625	-2984.513065334066	7.141042709350586	5.859183888045781	6.9943718910217285	5.70390330341433	7.269146919250488	6.849150896638138	9.013683319091797	5.781189563116401	3.404649019241333	5.572617815078875	17.83917236328125	10.52114249014835	7.834898471832275	7.365810076253369	0.0	0.0	0.0	0.0
15.780398845672607	1781696479.0	1781696479.7486725	6	12.0	14.0	32.0	34.0	NeuronSpectrum 17.06.2026 14:10:28	EEG	checkup_155_17.06.2026 14:10:28	500.0	499.6666666666667	True	0.5	40.0	4	True	50.0	30.0	-3294.690673828125	-2955.490667951268	0.10833034664392471	3.520913960342249	0.3358994424343109	3.500066211786067	0.1690981090068817	5.255684661772785	2.9290945529937744	3.8455292821113756	5.532735824584961	4.092291167419184	12.23852252960205	9.332676303307576	7.931156635284424	7.47409819064831	0.0	0.0	0.0	0.0
15.78040099143982	1781696479.0	1781696479.7486746	6	12.0	14.0	32.0	34.0	NeuronSpectrum 17.06.2026 14:10:28	EEG	checkup_155_17.06.2026 14:10:28	500.0	499.6666666666667	True	0.5	40.0	4	True	50.0	30.0	-2160.827880859375	-2946.0139199789514	-7.005428314208984	1.4084756929601923	-6.848570346832275	1.486954220435425	-6.161903381347656	3.7430283310938814	-3.7792234420776367	2.1838289333033547	6.419641971588135	2.729274185708943	3.9348528385162354	8.229272340932942	6.163642883300781	7.198537588661853	0.0	0.0	0.0	0.0
15.780402660369873	1781696479.0	1781696479.7486763	6	12.0	14.0	32.0	34.0	NeuronSpectrum 17.06.2026 14:10:28	EEG	checkup_155_17.06.2026 14:10:28	500.0	499.6666666666667	True	0.5	40.0	4	True	50.0	30.0	-3774.828125	-2964.7334446549453	4.533167839050293	-0.4155364621315509	4.235777854919434	-0.27811625972512577	6.0897321701049805	2.3504332108406785	7.139096260070801	0.8189725790190784	0.951239824295044	1.4984566215915076	16.2358455657959	7.264296219785867	7.478299617767334	6.489179675385419	0.0	0.0	0.0	0.0
15.780404329299927	1781696479.0	1781696479.748678	6	12.0	14.0	32.0	34.0	NeuronSpectrum 17.06.2026 14:10:28	EEG	checkup_155_17.06.2026 14:10:28	500.0	499.6666666666667	True	0.5	40.0	4	True	50.0	30.0	-3818.2626953125	-3012.6449321485925	1.7711727619171143	-1.877918783243974	1.7526339292526245	-1.7244444575859574	3.5421547889709473	1.1449312280309432	5.096336841583252	-0.2212346026740899	-0.7520164251327515	0.43574908065110907	14.343564987182617	6.4987680144403965	5.5249505043029785	5.365859728870671	0.0	0.0	0.0	0.0
15.780406475067139	1781696479.0	1781696479.74868	6	12.0	14.0	32.0	34.0	NeuronSpectrum 17.06.2026 14:10:28	EEG	checkup_155_17.06.2026 14:10:28	500.0	499.6666666666667	True	0.5	40.0	4	True	50.0	30.0	-3875.85693359375	-3082.952422515265	-0.8737929463386536	-2.894170523827541	-0.8120934963226318	-2.766184712680961	1.0809582471847534	0.21816226036988162	3.032799005508423	-0.897752386565655	-2.3911304473876953	-0.40387407757925686	12.467399597167969	5.996302422113048	3.506765365600586	3.9232431334536204	0.0	0.0	0.0	0.0
15.780408382415771	1781696479.0	1781696479.748682	6	12.0	14.0	32.0	34.0	NeuronSpectrum 17.06.2026 14:10:28	EEG	checkup_155_17.06.2026 14:10:28	500.0	499.6666666666667	True	0.5	40.0	4	True	50.0	30.0	-3929.203857421875	-3163.154045093127	-2.829448699951172	-3.38256718063996	-2.934044599533081	-3.3159235228631707	-0.8225081562995911	-0.3337067484479808	1.3849687576293945	-1.1677102122412844	-3.795196533203125	-0.9630203289314119	10.890299797058105	5.809088888822167	1.7874594926834106	2.319533849919091	0.0	0.0	0.0	0.0
15.780410051345825	1781696479.0	1781696479.7486837	6	12.0	14.0	32.0	34.0	NeuronSpectrum 17.06.2026 14:10:28	EEG	checkup_155_17.06.2026 14:10:28	500.0	499.6666666666667	True	0.5	40.0	4	True	50.0	30.0	-3948.846435546875	-3238.183010439701	-3.732098340988159	-3.2924266215959452	-4.164727210998535	-3.3132702771769114	-1.8296787738800049	-0.44406237455601716	0.44203171133995056	-1.006316785505017	-4.968385696411133	-1.2071304427995437	9.756402969360352	5.95546773482334	0.3042749762535095	0.7503699366978003	0.0	0.0	0.0	0.0
15.780412197113037	1781696479.0	1781696479.7486858	6	12.0	14.0	32.0	34.0	NeuronSpectrum 17.06.2026 14:10:28	EEG	checkup_155_17.06.2026 14:10:28	500.0	499.6666666666667	True	0.5	40.0	4	True	50.0	30.0	-3907.70751953125	-3293.4446989511775	-3.459853410720825	-2.6371066091840722	-4.193321704864502	-2.759050204471582	-1.7629621028900146	-0.11218896244879387	0.35239914059638977	-0.43562934649617513	-5.809424877166748	-1.1497529603832335	9.246062278747559	6.396136193120605	-1.2159817218780518	-0.5873022186045709	0.0	0.0	0.0	0.0
15.78041386604309	1781696479.0	1781696479.7486875	6	12.0	14.0	32.0	34.0	NeuronSpectrum 17.06.2026 14:10:28	EEG	checkup_155_17.06.2026 14:10:28	500.0	499.6666666666667	True	0.5	40.0	4	True	50.0	30.0	-3807.771728515625	-3317.1080946349903	-2.1970465183258057	-1.5173357650129584	-3.0147783756256104	-1.740296727273797	-0.7842264175415039	0.5738507725068098	1.0839407444000244	0.45289750522711597	-5.936154365539551	-0.868936046811269	9.57017707824707	7.020453077715589	-2.84873628616333	-1.534237507155766	0.0	0.0	0.0	0.0
15.780415534973145	1781696479.0	1781696479.7486892	6	12.0	14.0	32.0	34.0	NeuronSpectrum 17.06.2026 14:10:28	EEG	checkup_155_17.06.2026 14:10:28	500.0	499.6666666666667	True	0.5	40.0	4	True	50.0	30.0	-3699.10107421875	-3301.564550464532	-0.4820229411125183	-0.12284946763183863	-1.0969961881637573	-0.43323437243241003	0.4630063474178314	1.439564135002458	2.3413989543914795	1.4941259200938561	-4.880514621734619	-0.5071702304835082	10.749150276184082	7.653047977711153	-4.226632595062256	-2.0024766288764804	0.0	0.0	0.0	0.0
15.780417203903198	1781696479.0	1781696479.7486908	6	12.0	14.0	32.0	34.0	NeuronSpectrum 17.06.2026 14:10:28	EEG	checkup_155_17.06.2026 14:10:28	500.0	499.6666666666667	True	0.5	40.0	4	True	50.0	30.0	-3662.09619140625	-3244.2980219683004	0.9568859934806824	1.2917923108408573	0.7201232314109802	0.920533752519477	1.0957324504852295	2.2538612305195556	3.60493540763855	2.468721326371702	-2.596186637878418	-0.2506889462683786	12.401226997375488	8.084330662923396	-4.702347278594971	-1.9953210886169939	0.0	0.0	0.0	0.0
15.780418872833252	1781696479.0	1781696479.7486925	6	12.0	14.0	32.0	34.0	NeuronSpectrum 17.06.2026 14:10:28	EEG	checkup_155_17.06.2026 14:10:28	500.0	499.6666666666667	True	0.5	40.0	4	True	50.0	30.0	-3745.709228515625	-3148.424967562287	1.6467578411102295	2.4522144203256317	1.7159254550933838	2.0596304566172896	0.6761435866355896	2.7786385304824535	4.403782844543457	3.143362204366194	0.1094038113951683	-0.289624650854789	13.8086519241333	8.119475612283342	-3.839449167251587	-1.6073641133084426	0.0	0.0	0.0	0.0
15.780420780181885	1781696479.0	1781696479.7486944	6	12.0	14.0	32.0	34.0	NeuronSpectrum 17.06.2026 14:10:28	EEG	checkup_155_17.06.2026 14:10:28	500.0	499.6666666666667	True	0.5	40.0	4	True	50.0	30.0	-3896.934814453125	-3022.88725325204	1.810275673866272	3.118660278389089	1.876612901687622	2.7580499468340967	-0.2040363997220993	2.8242717686238823	4.674504280090332	3.3216027262746124	1.687925934791565	-0.7675286967339208	14.282743453979492	7.6326777556405005	-1.851425051689148	-1.0022793622433483	0.0	0.0	0.0	0.0
15.780422449111938	1781696479.0	1781696479.748696	6	12.0	14.0	32.0	34.0	NeuronSpectrum 17.06.2026 14:10:28	EEG	checkup_155_17.06.2026 14:10:28	500.0	499.6666666666667	True	0.5	40.0	4	True	50.0	30.0	-3942.744873046875	-2881.903444305139	2.331740617752075	3.136500332095817	2.0386834144592285	2.875261005618698	-0.13545604050159454	2.296560705820106	4.859079837799072	2.8920115468571255	0.6716381311416626	-1.7345285180171244	13.565905570983887	6.609997155140786	0.39590615034103394	-0.3719616737524335	0.0	0.0	0.0	0.0
15.780424118041992	1781696479.0	1781696479.7486978	6	12.0	14.0	32.0	34.0	NeuronSpectrum 17.06.2026 14:10:28	EEG	checkup_155_17.06.2026 14:10:28	500.0	499.6666666666667	True	0.5	40.0	4	True	50.0	30.0	-3662.7421875	-2743.1241069934513	3.988764524459839	2.4712752913235714	3.2167489528656006	2.3889477915574377	1.8923330307006836	1.2241162216867287	5.467107772827148	1.8608737493161023	-3.240083932876587	-3.1198123530258877	11.877035140991211	5.166358345942557	1.8699396848678589	0.11324866542409909	0.0	0.0	0.0	0.0
15.780425786972046	1781696479.0	1781696479.7486994	6	12.0	14.0	32.0	34.0	NeuronSpectrum 17.06.2026 14:10:28	EEG	checkup_155_17.06.2026 14:10:28	500.0	499.6666666666667	True	0.5	40.0	4	True	50.0	30.0	-2924.650146484375	-2624.286867492023	6.402258396148682	1.2202634497715341	5.479349613189697	1.402736201793823	5.073940277099609	-0.24014069895651752	6.344341278076172	0.36022856438717066	-8.563956260681152	-4.734493620150391	9.548056602478027	3.529533730782501	1.9925456047058105	0.3495790823552444	0.0	0.0	0.0	0.0
15.7804274559021	1781696479.0	1781696479.748701	6	12.0	14.0	32.0	34.0	NeuronSpectrum 17.06.2026 14:10:28	EEG	checkup_155_17.06.2026 14:10:28	500.0	499.6666666666667	True	0.5	40.0	4	True	50.0	30.0	-1795.29296875	-2539.0156344839766	7.603255748748779	-0.40354821952797515	7.2807230949401855	0.12630122521499115	6.468019008636475	-1.8453959133561355	6.274654865264893	-1.3729319565689417	-12.477543830871582	-6.306481344009711	6.57125997543335	1.9937364215508278	0.9406083226203918	0.3266413256868914	0.0	0.0	0.0	0.0
15.831284284591675	1781696479.0	1781696479.799558	6	12.0	14.0	32.0	34.0	NeuronSpectrum 17.06.2026 14:10:28	EEG	checkup_155_17.06.2026 14:10:28	500.0	499.6666666666667	True	0.5	40.0	4	True	50.0	30.0	-3288.6796875	-2493.252594092466	-4.489593029022217	-2.1143970560900813	-4.150760650634766	-1.1695202429028628	-8.748138427734375	-3.2943843727858013	-3.320671796798706	-3.0442151550748613	-11.172663688659668	-7.538792166566626	3.1132378578186035	0.8545380558953876	0.4675314724445343	0.12740422123767114	0.0	0.0	0.0	0.0
15.83129072189331	1781696479.0	1781696479.7995644	6	12.0	14.0	32.0	34.0	NeuronSpectrum 17.06.2026 14:10:28	EEG	checkup_155_17.06.2026 14:10:28	500.0	499.6666666666667	True	0.5	40.0	4	True	50.0	30.0	-3281.2353515625	-2483.8959415951344	-6.361459255218506	-3.6160052482510685	-5.1003642082214355	-2.2137420329377213	-8.814435005187988	-4.309904001579814	-5.330606460571289	-4.366669130813753	-12.109224319458008	-8.176160953934874	3.2518069744110107	0.34228282537461957	-0.7865251302719116	-0.09956085076660177	0.0	0.0	0.0	0.0
15.831293106079102	1781696479.0	1781696479.7995667	6	12.0	14.0	32.0	34.0	NeuronSpectrum 17.06.2026 14:10:28	EEG	checkup_155_17.06.2026 14:10:28	500.0	499.6666666666667	True	0.5	40.0	4	True	50.0	30.0	-3295.155517578125	-2500.2574849569714	-7.54227876663208	-4.668104845458413	-5.381560325622559	-2.7973670525600935	-7.907532691955566	-4.69926950668104	-6.428697109222412	-5.126781082435805	-12.051384925842285	-8.063639918158273	4.2558698654174805	0.5711977328782363	-2.18827748298645	-0.1882657320177145	0.0	0.0	0.0	0.0
15.831295490264893	1781696479.0	1781696479.7995691	6	12.0	14.0	32.0	34.0	NeuronSpectrum 17.06.2026 14:10:28	EEG	checkup_155_17.06.2026 14:10:28	500.0	499.6666666666667	True	0.5	40.0	4	True	50.0	30.0	-3307.76220703125	-2527.5883190897584	-7.980212211608887	-5.138719826869878	-5.173323631286621	-2.8195557338413666	-6.8788838386535645	-4.397920484088626	-6.490233898162842	-5.233255051726365	-11.12362003326416	-7.183735415310108	5.516629219055176	1.5161158370685877	-3.362246513366699	-0.010354010667101086	0.0	0.0	0.0	0.0
15.831297636032104	1781696479.0	1781696479.7995713	6	12.0	14.0	32.0	34.0	NeuronSpectrum 17.06.2026 14:10:28	EEG	checkup_155_17.06.2026 14:10:28	500.0	499.6666666666667	True	0.5	40.0	4	True	50.0	30.0	-3282.89892578125	-2551.119594011401	-7.587124347686768	-5.027658464402444	-4.522778511047363	-2.305380835914999	-6.145357608795166	-3.480267408767178	-5.477738380432129	-4.734741822793431	-9.194843292236328	-5.663331862422596	6.807436943054199	3.0204838015269395	-3.645606279373169	0.479352143009358	0.0	0.0	0.0	0.0
15.831299781799316	1781696479.0	1781696479.7995734	6	12.0	14.0	32.0	34.0	NeuronSpectrum 17.06.2026 14:10:28	EEG	checkup_155_17.06.2026 14:10:28	500.0	499.6666666666667	True	0.5	40.0	4	True	50.0	30.0	-3188.295654296875	-2559.1935825397118	-6.269761562347412	-4.456160819608789	-3.303626298904419	-1.3919591569005973	-5.363383769989014	-2.1372104590549275	-3.4847965240478516	-3.802249612896821	-6.119980812072754	-3.7474995771113657	8.329773902893066	4.831579143424513	-2.396291732788086	1.2215334188265115	0.0	0.0	0.0	0.0
15.831301927566528	1781696479.0	1781696479.7995756	6	12.0	14.0	32.0	34.0	NeuronSpectrum 17.06.2026 14:10:28	EEG	checkup_155_17.06.2026 14:10:28	500.0	499.6666666666667	True	0.5	40.0	4	True	50.0	30.0	-3026.416015625	-2544.7698527883663	-4.022396564483643	-3.627637198825134	-1.3178329467773438	-0.2886746375756994	-3.651078462600708	-0.6287380162463386	-0.7695804238319397	-2.6821701836979286	-2.2422635555267334	-1.744583195143482	10.45644474029541	6.653979133644723	0.44978392124176025	2.063688988675027	0.0	0.0	0.0	0.0
15.831303596496582	1781696479.0	1781696479.7995772	6	12.0	14.0	32.0	34.0	NeuronSpectrum 17.06.2026 14:10:28	EEG	checkup_155_17.06.2026 14:10:28	500.0	499.6666666666667	True	0.5	40.0	4	True	50.0	30.0	-2854.850830078125	-2505.386109001171	-1.0589638948440552	-2.771383600275747	1.4797346591949463	0.7772106515605643	-0.3011927604675293	0.7763126685475683	2.229875326156616	-1.6333101949464812	1.3303629159927368	0.04494973295193575	13.345298767089844	8.210338925712026	4.008737087249756	2.8025431812930424	0.0	0.0	0.0	0.0
15.831305503845215	1781696479.0	1781696479.7995791	6	12.0	14.0	32.0	34.0	NeuronSpectrum 17.06.2026 14:10:28	EEG	checkup_155_17.06.2026 14:10:28	500.0	499.6666666666667	True	0.5	40.0	4	True	50.0	30.0	-2766.9423828125	-2442.216053748192	2.0384788513183594	-2.0843902432986186	4.708468437194824	1.616024747515301	4.396870136260986	1.860932915595644	4.883050441741943	-0.8647947585648442	3.1110715866088867	1.3970252030458763	16.635801315307617	9.298027052385246	6.738490581512451	3.245192853592536	0.0	0.0	0.0	0.0
15.831307649612427	1781696479.0	1781696479.7995813	6	12.0	14.0	32.0	34.0	NeuronSpectrum 17.06.2026 14:10:28	EEG	checkup_155_17.06.2026 14:10:28	500.0	499.6666666666667	True	0.5	40.0	4	True	50.0	30.0	-2827.34521484375	-2359.0297464329815	4.2225213050842285	-1.686400282882697	7.3749680519104	2.1187562440856027	8.765315055847168	2.5088081312742196	6.354053497314453	-0.4911953414013522	2.1836600303649902	2.2095801441391063	19.36075782775879	9.830091928836028	7.262790203094482	3.2689537850913784	0.0	0.0	0.0	0.0
15.831309080123901	1781696479.0	1781696479.7995827	6	12.0	14.0	32.0	34.0	NeuronSpectrum 17.06.2026 14:10:28	EEG	checkup_155_17.06.2026 14:10:28	500.0	499.6666666666667	True	0.5	40.0	4	True	50.0	30.0	-2998.456787109375	-2261.587594227421	4.166021823883057	-1.600434253127279	8.028392791748047	2.276311652016851	10.279098510742188	2.729262408883364	5.734870910644531	-0.5169612493318471	-0.9312395453453064	2.5108431922166705	20.17791175842285	9.849909509016861	5.223845958709717	2.858905804237562	0.0	0.0	0.0	0.0
15.831311225891113	1781696479.0	1781696479.7995849	6	12.0	14.0	32.0	34.0	NeuronSpectrum 17.06.2026 14:10:28	EEG	checkup_155_17.06.2026 14:10:28	500.0	499.6666666666667	True	0.5	40.0	4	True	50.0	30.0	-3118.08447265625	-2157.4411507025634	0.876268744468689	-1.764750138946399	5.397061347961426	2.1683877038295067	6.998312473297119	2.648653789587872	2.439323663711548	-0.8545329239501116	-4.305428504943848	2.4280907840741754	17.900163650512695	9.512508706975948	1.5304425954818726	2.1092159551250766	0.0	0.0	0.0	0.0
15.831313133239746	1781696479.0	1781696479.7995868	6	12.0	14.0	32.0	34.0	NeuronSpectrum 17.06.2026 14:10:28	EEG	checkup_155_17.06.2026 14:10:28	500.0	499.6666666666667	True	0.5	40.0	4	True	50.0	30.0	-2965.639892578125	-2055.6152282946864	-5.39860725402832	-2.072717913303114	-0.6453009247779846	1.9237664395544898	-0.8041746020317078	2.4662813079790955	-3.1962900161743164	-1.3703198703342796	-5.732452392578125	2.1290148048106583	12.205670356750488	9.033574839069246	-2.1991312503814697	1.187273942141492	0.0	0.0	0.0	0.0
15.831315040588379	1781696479.0	1781696479.7995887	6	12.0	14.0	32.0	34.0	NeuronSpectrum 17.06.2026 14:10:28	EEG	checkup_155_17.06.2026 14:10:28	500.0	499.6666666666667	True	0.5	40.0	4	True	50.0	30.0	-2391.449462890625	-1965.5821864383538	-12.561139106750488	-2.4262024298592615	-8.363810539245605	1.6646830520160147	-9.933948516845703	2.385693340494571	-9.499794960021973	-1.9423699427372638	-4.302671432495117	1.7579922023588537	4.167290210723877	8.618796817729564	-4.572256088256836	0.27346211548421906	0.0	0.0	0.0	0.0
15.831316709518433	1781696479.0	1781696479.7995903	6	12.0	14.0	32.0	34.0	NeuronSpectrum 17.06.2026 14:10:28	EEG	checkup_155_17.06.2026 14:10:28	500.0	499.6666666666667	True	0.5	40.0	4	True	50.0	30.0	-1427.6962890625	-1895.439570274582	-17.056995391845703	-2.7802558871246794	-14.391916275024414	1.4569905198911692	-15.310795783996582	2.545082113695099	-13.747943878173828	-2.5071737438925714	-1.2700188159942627	1.3906879022351892	-3.83555006980896	8.397160056233483	-5.124891757965088	-0.5016737644349198	0.0	0.0	0.0	0.0
15.882247686386108	1781696479.0	1781696479.8505213	6	12.0	14.0	32.0	34.0	NeuronSpectrum 17.06.2026 14:10:28	EEG	checkup_155_17.06.2026 14:10:28	500.0	499.6666666666667	True	0.5	40.0	4	True	50.0	30.0	-2672.402587890625	-1849.929374392226	1.2178130149841309	-3.158124811995793	4.7902679443359375	1.2886266034628313	4.444883823394775	2.9745156668806723	2.6663424968719482	-3.075488584587239	-0.8852272629737854	1.0220108272480648	16.384052276611328	8.384648354850157	-3.7606966495513916	-1.100597728745624	0.0	0.0	0.0	0.0
15.88225245475769	1781696479.0	1781696479.850526	6	12.0	14.0	32.0	34.0	NeuronSpectrum 17.06.2026 14:10:28	EEG	checkup_155_17.06.2026 14:10:28	500.0	499.6666666666667	True	0.5	40.0	4	True	50.0	30.0	-2580.15771484375	-1829.2506348510374	2.8715250492095947	-3.6286836540685226	7.014839172363281	1.0871437184485944	7.746641159057617	3.5971426554540993	3.9683053493499756	-3.710289918478164	1.3721870183944702	0.5885659222778047	19.355398178100586	8.49395149489915	-1.9775700569152832	-1.5879035870823648	0.0	0.0	0.0	0.0
15.882254838943481	1781696479.0	1781696479.8505285	6	12.0	14.0	32.0	34.0	NeuronSpectrum 17.06.2026 14:10:28	EEG	checkup_155_17.06.2026 14:10:28	500.0	499.6666666666667	True	0.5	40.0	4	True	50.0	30.0	-2500.1123046875	-1829.1887180655422	1.9277265071868896	-4.258054129018464	6.757023811340332	0.7670565904175923	9.294184684753418	4.270268443628044	2.7435548305511475	-4.478672460110375	1.3235292434692383	0.01355617799760689	20.052837371826172	8.584257347367101	-1.2159607410430908	-2.1035841066503855	0.0	0.0	0.0	0.0
15.882256746292114	1781696479.0	1781696479.8505304	6	12.0	14.0	32.0	34.0	NeuronSpectrum 17.06.2026 14:10:28	EEG	checkup_155_17.06.2026 14:10:28	500.0	499.6666666666667	True	0.5	40.0	4	True	50.0	30.0	-2447.879150390625	-1842.3150305634763	-1.1901193857192993	-5.06088268826791	4.187948703765869	0.28213220570582354	8.710236549377441	4.843862657533188	-0.45146703720092773	-5.402339578394006	-0.9543308615684509	-0.7454120424798104	18.245439529418945	8.5259579375611	-1.735488772392273	-2.8107681907629822	0.0	0.0	0.0	0.0
15.882258653640747	1781696479.0	1781696479.8505323	6	12.0	14.0	32.0	34.0	NeuronSpectrum 17.06.2026 14:10:28	EEG	checkup_155_17.06.2026 14:10:28	500.0	499.6666666666667	True	0.5	40.0	4	True	50.0	30.0	-2415.927978515625	-1859.582768991424	-4.917906761169434	-5.975212321546634	0.7030228972434998	-0.34285449993903105	6.873058319091797	5.210248626297495	-4.069669723510742	-6.429898504363759	-4.359241485595703	-1.6647504655160774	14.915719985961914	8.250695345780427	-3.0026538372039795	-3.835564526333165	0.0	0.0	0.0	0.0
15.88226056098938	1781696479.0	1781696479.8505342	6	12.0	14.0	32.0	34.0	NeuronSpectrum 17.06.2026 14:10:28	EEG	checkup_155_17.06.2026 14:10:28	500.0	499.6666666666667	True	0.5	40.0	4	True	50.0	30.0	-2379.938232421875	-1871.7706903561798	-7.68341588973999	-6.870593057882549	-2.1193103790283203	-1.0131113400100165	5.05186653137207	5.329009583144125	-6.699346542358398	-7.440922637135945	-7.555846214294434	-2.651051049149893	11.483001708984375	7.768630146330506	-4.383039951324463	-5.21757347986928	0.0	0.0	0.0	0.0
15.882262229919434	1781696479.0	1781696479.8505359	6	12.0	14.0	32.0	34.0	NeuronSpectrum 17.06.2026 14:10:28	EEG	checkup_155_17.06.2026 14:10:28	500.0	499.6666666666667	True	0.5	40.0	4	True	50.0	30.0	-2324.364501953125	-1870.6005032382348	-8.898162841796875	-7.582808831236872	-3.514786958694458	-1.5930589030655133	3.9230966567993164	5.225770855342671	-7.9212422370910645	-8.276541935133663	-9.598060607910156	-3.56503350515456	9.01855754852295	7.1526354567006925	-5.760834217071533	-6.885312699824129	0.0	0.0	0.0	0.0
15.882264137268066	1781696479.0	1781696479.8505378	6	12.0	14.0	32.0	34.0	NeuronSpectrum 17.06.2026 14:10:28	EEG	checkup_155_17.06.2026 14:10:28	500.0	499.6666666666667	True	0.5	40.0	4	True	50.0	30.0	-2266.82080078125	-1849.636951538997	-9.107008934020996	-7.959361292473096	-3.794971466064453	-1.948698443813381	3.2260758876800537	4.973444175382875	-8.304487228393555	-8.782398728781086	-10.085190773010254	-4.262799575308276	7.923466205596924	6.502917918794527	-7.5816969871521	-8.663651530467487	0.0	0.0	0.0	0.0
15.88226580619812	1781696479.0	1781696479.8505394	6	12.0	14.0	32.0	34.0	NeuronSpectrum 17.06.2026 14:10:28	EEG	checkup_155_17.06.2026 14:10:28	500.0	499.6666666666667	True	0.5	40.0	4	True	50.0	30.0	-2253.46337890625	-1805.1522613040413	-9.248786926269531	-7.899709560904727	-3.776181697845459	-1.9865826095069024	2.2959277629852295	4.666894579932693	-8.643310546875	-8.849049836078526	-9.06162166595459	-4.63843185128248	8.065977096557617	5.910298062962508	-10.286261558532715	-10.312363250898755	0.0	0.0	0.0	0.0
15.882267713546753	1781696479.0	1781696479.8505414	6	12.0	14.0	32.0	34.0	NeuronSpectrum 17.06.2026 14:10:28	EEG	checkup_155_17.06.2026 14:10:28	500.0	499.6666666666667	True	0.5	40.0	4	True	50.0	30.0	-2316.358154296875	-1737.0093115887128	-9.649693489074707	-7.379919248607529	-3.897817373275757	-1.67805960820577	0.990614116191864	4.399070676206607	-9.101619720458984	-8.439395628384231	-7.004807949066162	-4.65312410557348	9.054791450500488	5.432460222977232	-13.671692848205566	-11.587166597932708	0.0	0.0	0.0	0.0
15.882269382476807	1781696479.0	1781696479.850543	6	12.0	14.0	32.0	34.0	NeuronSpectrum 17.06.2026 14:10:28	EEG	checkup_155_17.06.2026 14:10:28	500.0	499.6666666666667	True	0.5	40.0	4	True	50.0	30.0	-2419.24267578125	-1649.3570731440527	-9.556882858276367	-6.4580811798759035	-3.7268829345703125	-1.0647174996660345	0.16932344436645508	4.242417539371482	-8.946247100830078	-7.598373294155175	-4.871323585510254	-4.34255256118765	10.408408164978027	5.088621674863271	-16.706218719482422	-12.308014175812598	0.0	0.0	0.0	0.0
15.88227105140686	1781696479.0	1781696479.8505447	6	12.0	14.0	32.0	34.0	NeuronSpectrum 17.06.2026 14:10:28	EEG	checkup_155_17.06.2026 14:10:28	500.0	499.6666666666667	True	0.5	40.0	4	True	50.0	30.0	-2440.0009765625	-1550.6756995685894	-7.652771949768066	-5.261655872985303	-2.2675328254699707	-0.24674075911466764	1.1651396751403809	4.2366288781116825	-7.105129241943359	-6.444493916845622	-3.861898183822632	-3.8028537924943224	11.597930908203125	4.868986609610055	-18.01895523071289	-12.41543337718206	0.0	0.0	0.0	0.0
15.882272720336914	1781696479.0	1781696479.8505464	6	12.0	14.0	32.0	34.0	NeuronSpectrum 17.06.2026 14:10:28	EEG	checkup_155_17.06.2026 14:10:28	500.0	499.6666666666667	True	0.5	40.0	4	True	50.0	30.0	-2221.068603515625	-1452.663923855673	-3.275428295135498	-3.9607146333708725	1.0852406024932861	0.6407692364565486	4.476531028747559	4.382762166971108	-3.180189847946167	-5.145813828998637	-4.725259304046631	-3.1626100026524	12.061735153198242	4.749821846122988	-16.73466682434082	-11.996554900899268	0.0	0.0	0.0	0.0
15.882274627685547	1781696479.0	1781696479.8505483	6	12.0	14.0	32.0	34.0	NeuronSpectrum 17.06.2026 14:10:28	EEG	checkup_155_17.06.2026 14:10:28	500.0	499.6666666666667	True	0.5	40.0	4	True	50.0	30.0	-1668.2811279296875	-1367.8037594149055	2.491258382797241	-2.733351264178982	5.585245132446289	1.4567156926322335	8.608684539794922	4.643197004649184	1.7885208129882812	-3.885759810993691	-6.981228351593018	-2.551009212877106	11.243122100830078	4.704736085179905	-13.043893814086914	-11.269503752944479	0.0	0.0	0.0	0.0
15.882276058197021	1781696479.0	1781696479.8505497	6	12.0	14.0	32.0	34.0	NeuronSpectrum 17.06.2026 14:10:28	EEG	checkup_155_17.06.2026 14:10:28	500.0	499.6666666666667	True	0.5	40.0	4	True	50.0	30.0	-832.8447265625	-1306.1279421530764	6.796407699584961	-1.7317826441725086	8.966836929321289	2.080609151918936	10.172457695007324	4.946252534249784	5.452582359313965	-2.827049288532174	-8.763387680053711	-2.0705896898738803	8.681574821472168	4.707173924839162	-8.13061237335205	-10.527198042426718	0.0	0.0	0.0	0.0
15.882277965545654	1781696479.0	1781696479.8505516	6	12.0	14.0	32.0	34.0	NeuronSpectrum 17.06.2026 14:10:28	EEG	checkup_155_17.06.2026 14:10:28	500.0	499.6666666666667	True	0.5	40.0	4	True	50.0	30.0	-1939.8974609375	-1272.3692057198812	-3.7873952388763428	-1.057977655569702	-1.2923200130462646	2.4304224794594225	-0.1409417688846588	5.194507348480248	-2.043100118637085	-2.083002358712709	-4.484259128570557	-1.7789566389464373	7.273615837097168	4.725708808540377	-6.486556529998779	-10.055466658964912	0.0	0.0	0.0	0.0
15.882279396057129	1781696479.0	1781696479.850553	6	12.0	14.0	32.0	34.0	NeuronSpectrum 17.06.2026 14:10:28	EEG	checkup_155_17.06.2026 14:10:28	500.0	499.6666666666667	True	0.5	40.0	4	True	50.0	30.0	-1940.25634765625	-1264.7316178736155	-3.1387743949890137	-0.7538298231354871	-0.49894413352012634	2.46942748378552	2.0488996505737305	5.277827780591334	-1.5905566215515137	-1.7028136254147983	-4.4129157066345215	-1.6806669582625846	7.867159366607666	4.718817764953744	-5.9662766456604	-10.050194341188744	0.0	0.0	0.0	0.0
15.882281303405762	1781696479.0	1781696479.850555	6	12.0	14.0	32.0	34.0	NeuronSpectrum 17.06.2026 14:10:28	EEG	checkup_155_17.06.2026 14:10:28	500.0	499.6666666666667	True	0.5	40.0	4	True	50.0	30.0	-1958.1590576171875	-1275.7944598153574	-1.9997373819351196	-0.8042122781445884	1.0124962329864502	2.2052163535287144	4.7747483253479	5.093703679793294	-1.008647084236145	-1.6716502479446278	-4.246265888214111	-1.7293985540924262	9.369013786315918	4.6363653762764825	-8.120464324951172	-10.559437521003769	0.0	0.0	0.0	0.0
15.882282972335815	1781696479.0	1781696479.8505566	6	12.0	14.0	32.0	34.0	NeuronSpectrum 17.06.2026 14:10:28	EEG	checkup_155_17.06.2026 14:10:28	500.0	499.6666666666667	True	0.5	40.0	4	True	50.0	30.0	-1974.1146240234375	-1295.0207030477666	-1.0620825290679932	-1.146873067528042	2.2427217960357666	1.6863398221434618	6.311629772186279	4.574783467874626	-0.7085986733436584	-1.9217379879829806	-4.25277853012085	-1.8401708070139782	10.691238403320312	4.430467725334153	-11.84237289428711	-11.468302805973233	0.0	0.0	0.0	0.0
15.882284879684448	1781696479.0	1781696479.8505585	6	12.0	14.0	32.0	34.0	NeuronSpectrum 17.06.2026 14:10:28	EEG	checkup_155_17.06.2026 14:10:28	500.0	499.6666666666667	True	0.5	40.0	4	True	50.0	30.0	-1958.840087890625	-1311.7222591978864	-1.1743522882461548	-1.6845485560359061	2.1106653213500977	0.9986031498041357	5.361679553985596	3.7162779957373506	-1.1793688535690308	-2.3498922497122208	-4.542001247406006	-1.9099187948388059	10.746956825256348	4.0715535421898466	-15.412164688110352	-12.530154640585812	0.0	0.0	0.0	0.0
15.882286548614502	1781696479.0	1781696479.8505602	6	12.0	14.0	32.0	34.0	NeuronSpectrum 17.06.2026 14:10:28	EEG	checkup_155_17.06.2026 14:10:28	500.0	499.6666666666667	True	0.5	40.0	4	True	50.0	30.0	-1887.2481689453125	-1317.4077598727868	-2.6234827041625977	-2.2992844528130627	0.2819770872592926	0.2575782479630024	1.9899580478668213	2.590066339880956	-2.4705705642700195	-2.8388591760210624	-4.894194602966309	-1.8422656368919537	9.172754287719727	3.5608324442702646	-17.427364349365234	-13.433060850200897	0.0	0.0	0.0	0.0
15.882288455963135	1781696479.0	1781696479.850562	6	12.0	14.0	32.0	34.0	NeuronSpectrum 17.06.2026 14:10:28	EEG	checkup_155_17.06.2026 14:10:28	500.0	499.6666666666667	True	0.5	40.0	4	True	50.0	30.0	-1761.736572265625	-1306.9517001650995	-4.696210861206055	-2.8711101902609335	-2.4002139568328857	-0.40771509081568547	-2.205545663833618	1.3344494970299776	-3.9315099716186523	-3.280689787139874	-4.954514980316162	-1.5705836730697162	6.632826805114746	2.9312225425690492	-17.449087142944336	-13.880638367893653	0.0	0.0	0.0	0.0
15.88228988647461	1781696479.0	1781696479.8505635	6	12.0	14.0	32.0	34.0	NeuronSpectrum 17.06.2026 14:10:28	EEG	checkup_155_17.06.2026 14:10:28	500.0	499.6666666666667	True	0.5	40.0	4	True	50.0	30.0	-1626.9044189453125	-1278.6109843772601	-5.948951721191406	-3.300464866591215	-4.272714614868164	-0.8805448803541108	-4.917428016662598	0.11896739081909088	-4.496881008148193	-3.5986753418920334	-4.610633373260498	-1.0736889477707292	4.478306293487549	2.2347904382152737	-16.006080627441406	-13.664509027669338	0.0	0.0	0.0	0.0
15.882291793823242	1781696479.0	1781696479.8505654	6	12.0	14.0	32.0	34.0	NeuronSpectrum 17.06.2026 14:10:28	EEG	checkup_155_17.06.2026 14:10:28	500.0	499.6666666666667	True	0.5	40.0	4	True	50.0	30.0	-1554.3807373046875	-1233.3410050051923	-5.153312683105469	-3.528723258315915	-3.8880343437194824	-1.0849549789566266	-4.569558143615723	-0.9037044676956776	-3.417815923690796	-3.762008952717117	-4.132495880126953	-0.38072452727374084	3.9228951930999756	1.5223377700410852	-14.015788078308105	-12.710865614852427	0.0	0.0	0.0	0.0
15.882293224334717	1781696479.0	1781696479.8505669	6	12.0	14.0	32.0	34.0	NeuronSpectrum 17.06.2026 14:10:28	EEG	checkup_155_17.06.2026 14:10:28	500.0	499.6666666666667	True	0.5	40.0	4	True	50.0	30.0	-1594.385498046875	-1174.0009843831913	-2.346217632293701	-3.5485308323334963	-1.118517518043518	-1.0058560042028362	-1.5243357419967651	-1.6398823759300676	-0.9687595367431641	-3.787363121253777	-3.850921630859375	0.4351254762961266	5.197429656982422	0.8253064320931258	-12.063720703125	-11.092904363641681	0.0	0.0	0.0	0.0
15.882295370101929	1781696479.0	1781696479.850569	6	12.0	14.0	32.0	34.0	NeuronSpectrum 17.06.2026 14:10:28	EEG	checkup_155_17.06.2026 14:10:28	500.0	499.6666666666667	True	0.5	40.0	4	True	50.0	30.0	-1721.042724609375	-1104.8539394329935	0.8039458990097046	-3.398365241423546	2.433279514312744	-0.6914821283499666	1.830229640007019	-2.0750744079318566	1.414919376373291	-3.7254532362002384	-3.6680610179901123	1.271853747324066	7.199563980102539	0.14886609100753226	-10.080347061157227	-9.010144675195159	0.0	0.0	0.0	0.0
15.882297039031982	1781696479.0	1781696479.8505707	6	12.0	14.0	32.0	34.0	NeuronSpectrum 17.06.2026 14:10:28	EEG	checkup_155_17.06.2026 14:10:28	500.0	499.6666666666667	True	0.5	40.0	4	True	50.0	30.0	-1815.7283935546875	-1031.3675346672778	1.812472939491272	-3.1427588493061465	4.186514854431152	-0.23653060952148786	2.447828531265259	-2.267001360425858	1.8451130390167236	-3.636912745102803	-2.9376108646392822	2.0192638243313183	7.966317653656006	-0.5212779008069777	-7.609699726104736	-6.742342882631979	0.0	0.0	0.0	0.0
15.882298707962036	1781696479.0	1781696479.8505723	6	12.0	14.0	32.0	34.0	NeuronSpectrum 17.06.2026 14:10:28	EEG	checkup_155_17.06.2026 14:10:28	500.0	499.6666666666667	True	0.5	40.0	4	True	50.0	30.0	-1715.5904541015625	-959.956119539442	-0.9252117276191711	-2.846492436639293	2.2245538234710693	0.24718027299373874	-1.2100578546524048	-2.317955734768273	-0.758777916431427	-3.56674675103947	-1.0072797536849976	2.5813112695717284	5.8285040855407715	-1.2031184463084346	-4.430310249328613	-4.589356846233335	0.0	0.0	0.0	0.0
15.88230037689209	1781696479.0	1781696479.850574	6	12.0	14.0	32.0	34.0	NeuronSpectrum 17.06.2026 14:10:28	EEG	checkup_155_17.06.2026 14:10:28	500.0	499.6666666666667	True	0.5	40.0	4	True	50.0	30.0	-1308.530029296875	-897.246762149426	-6.611789703369141	-2.55308283020963	-3.1463820934295654	0.6615871954013903	-7.5914530754089355	-2.339136158839298	-5.628637313842773	-3.526876141427918	1.925774097442627	2.896375311161707	0.6176231503486633	-1.9020103350439976	-0.9883749485015869	-2.8097986726093964	0.0	0.0	0.0	0.0
15.882302284240723	1781696479.0	1781696479.850576	6	12.0	14.0	32.0	34.0	NeuronSpectrum 17.06.2026 14:10:28	EEG	checkup_155_17.06.2026 14:10:28	500.0	499.6666666666667	True	0.5	40.0	4	True	50.0	30.0	-614.9967651367188	-848.8018405160956	-11.894185066223145	-2.273857923379245	-9.056139945983887	0.9461162290381108	-12.34208869934082	-2.418045340176008	-10.13267707824707	-3.4915417810529132	4.419882774353027	2.951204186716275	-5.884889125823975	-2.6002103861558274	1.730894684791565	-1.5712840306376348	0.0	0.0	0.0	0.0
15.933563709259033	1781696479.0	1781696479.9018373	6	12.0	14.0	32.0	34.0	NeuronSpectrum 17.06.2026 14:10:28	EEG	checkup_155_17.06.2026 14:10:28	500.0	499.6666666666667	True	0.5	40.0	4	True	50.0	30.0	-1506.861328125	-817.7485259368691	2.181528329849243	-1.9876729421916772	5.384033203125	1.0909656548819806	0.716705858707428	-2.5947948882834377	1.002906322479248	-3.404222504441096	-0.21041172742843628	2.78421617841723	5.087926864624023	-3.253844600601139	-0.7582681775093079	-0.9230759250748276	0.0	0.0	0.0	0.0
15.933570146560669	1781696479.0	1781696479.9018438	6	12.0	14.0	32.0	34.0	NeuronSpectrum 17.06.2026 14:10:28	EEG	checkup_155_17.06.2026 14:10:28	500.0	499.6666666666667	True	0.5	40.0	4	True	50.0	30.0	-1440.399658203125	-803.9894542494676	1.282950520515442	-1.6484294106495183	4.218805313110352	1.1395403945426263	-0.7668668031692505	-2.850092634500114	0.4363807141780853	-3.191917991885044	-1.0818023681640625	2.4757851736915746	3.347730875015259	-3.795909197414351	-2.5787699222564697	-0.7969553520381577	0.0	0.0	0.0	0.0
15.93357229232788	1781696479.0	1781696479.901846	6	12.0	14.0	32.0	34.0	NeuronSpectrum 17.06.2026 14:10:28	EEG	checkup_155_17.06.2026 14:10:28	500.0	499.6666666666667	True	0.5	40.0	4	True	50.0	30.0	-1379.969970703125	-804.3592914755803	-0.42678534984588623	-1.1991313323216388	1.9442226886749268	1.1786677521468123	-2.9602129459381104	-3.108010729741999	-0.8679355382919312	-2.783990574601471	-2.5560903549194336	2.127351233334266	1.2078849077224731	-4.144800402695896	-4.234278678894043	-1.0345739916562369	0.0	0.0	0.0	0.0
15.933574438095093	1781696479.0	1781696479.901848	6	12.0	14.0	32.0	34.0	NeuronSpectrum 17.06.2026 14:10:28	EEG	checkup_155_17.06.2026 14:10:28	500.0	499.6666666666667	True	0.5	40.0	4	True	50.0	30.0	-1337.75732421875	-813.5350820596962	-1.918407917022705	-0.5923518463702283	-0.33458375930786133	1.3150991300552837	-4.822706699371338	-3.255686318191205	-2.0391292572021484	-2.1340860494184133	-3.861576795578003	1.835544961789971	-0.364208459854126	-4.219160059247262	-4.769665241241455	-1.432004206863072	0.0	0.0	0.0	0.0
15.933576583862305	1781696479.0	1781696479.9018502	6	12.0	14.0	32.0	34.0	NeuronSpectrum 17.06.2026 14:10:28	EEG	checkup_155_17.06.2026 14:10:28	500.0	499.6666666666667	True	0.5	40.0	4	True	50.0	30.0	-1310.0101318359375	-825.1984512193511	-1.95506751537323	0.18653119722254907	-1.2176673412322998	1.6418271493790777	-5.168387413024902	-3.1763129868640796	-1.9522583484649658	-1.2413221152076592	-4.243508338928223	1.6693092941951475	-0.5199291706085205	-3.9576862689921146	-4.0906219482421875	-1.7881670564321548	0.0	0.0	0.0	0.0
15.933578491210938	1781696479.0	1781696479.9018521	6	12.0	14.0	32.0	34.0	NeuronSpectrum 17.06.2026 14:10:28	EEG	checkup_155_17.06.2026 14:10:28	500.0	499.6666666666667	True	0.5	40.0	4	True	50.0	30.0	-1280.9736328125	-833.0431754105166	0.01654912903904915	1.1023978083013215	0.06814228743314743	2.2050927784199748	-3.5659537315368652	-2.7845098837295152	-0.06705581396818161	-0.16301405857239515	-3.4820380210876465	1.6564508879348974	0.8642593026161194	-3.3383103645274037	-2.8602633476257324	-1.9449056674217835	0.0	0.0	0.0	0.0
15.933580875396729	1781696479.0	1781696479.9018545	6	12.0	14.0	32.0	34.0	NeuronSpectrum 17.06.2026 14:10:28	EEG	checkup_155_17.06.2026 14:10:28	500.0	499.6666666666667	True	0.5	40.0	4	True	50.0	30.0	-1240.5050048828125	-831.5029768494505	3.2467167377471924	2.0696311169383446	2.9870188236236572	2.9855768294454657	-0.8937125205993652	-2.051075143310702	2.993807315826416	0.9890108247581093	-2.009050130844116	1.7823525594735188	3.026754856109619	-2.389413522348068	-1.8531581163406372	-1.8114033481579899	0.0	0.0	0.0	0.0
15.93358302116394	1781696479.0	1781696479.9018567	6	12.0	14.0	32.0	34.0	NeuronSpectrum 17.06.2026 14:10:28	EEG	checkup_155_17.06.2026 14:10:28	500.0	499.6666666666667	True	0.5	40.0	4	True	50.0	30.0	-1201.084228515625	-816.2948058068853	5.934023857116699	2.9710029883091673	5.863912105560303	3.9017934747108214	1.0529372692108154	-1.0096434356665875	5.669628620147705	2.0707386191242247	-0.5365672707557678	1.999454869442824	4.815408706665039	-1.188697690875257	-1.3670027256011963	-1.371514156754152	0.0	0.0	0.0	0.0
15.933584928512573	1781696479.0	1781696479.9018586	6	12.0	14.0	32.0	34.0	NeuronSpectrum 17.06.2026 14:10:28	EEG	checkup_155_17.06.2026 14:10:28	500.0	499.6666666666667	True	0.5	40.0	4	True	50.0	30.0	-1194.587158203125	-784.9382932585906	6.353753089904785	3.689679442303395	6.936407089233398	4.833309189249477	0.8351084589958191	0.2530136809101485	6.450135707855225	2.940485795536531	0.43105006217956543	2.2429950048311693	5.508064270019531	0.1492100905387854	-1.1081933975219727	-0.676817995248481	0.0	0.0	0.0	0.0
15.933587074279785	1781696479.0	1781696479.9018607	6	12.0	14.0	32.0	34.0	NeuronSpectrum 17.06.2026 14:10:28	EEG	checkup_155_17.06.2026 14:10:28	500.0	499.6666666666667	True	0.5	40.0	4	True	50.0	30.0	-1242.4156494140625	-737.3242804085049	4.1779351234436035	4.140795729418414	5.647524356842041	5.652594760574564	-1.3065491914749146	1.6146988479917705	4.991170406341553	3.4929577896110104	0.763312816619873	2.447307770418109	5.347972393035889	1.4911235666140912	-0.604023277759552	0.17011165796146527	0.0	0.0	0.0	0.0
15.93358850479126	1781696479.0	1781696479.9018621	6	12.0	14.0	32.0	34.0	NeuronSpectrum 17.06.2026 14:10:28	EEG	checkup_155_17.06.2026 14:10:28	500.0	499.6666666666667	True	0.5	40.0	4	True	50.0	30.0	-1317.5604248046875	-676.2097786424388	0.9848511219024658	4.289488522127702	3.223811626434326	6.252166977425191	-3.2231366634368896	2.9350810916018752	2.517958402633667	3.6803764795726557	0.4764580726623535	2.557934729162189	5.344784736633301	2.7036681866075747	0.30716097354888916	1.0379126960043312	0.0	0.0	0.0	0.0
15.933590412139893	1781696479.0	1781696479.901864	6	12.0	14.0	32.0	34.0	NeuronSpectrum 17.06.2026 14:10:28	EEG	checkup_155_17.06.2026 14:10:28	500.0	499.6666666666667	True	0.5	40.0	4	True	50.0	30.0	-1332.67236328125	-607.3145816610578	-0.6017189621925354	4.149825356233926	1.9801193475723267	6.558785683413512	-2.2063112258911133	4.069538300254692	1.106266736984253	3.5146377818341112	-0.512438952922821	2.5372281393715848	6.45260763168335	3.6681466357781134	1.3398176431655884	1.7904215988322034	0.0	0.0	0.0	0.0
15.933592081069946	1781696479.0	1781696479.9018657	6	12.0	14.0	32.0	34.0	NeuronSpectrum 17.06.2026 14:10:28	EEG	checkup_155_17.06.2026 14:10:28	500.0	499.6666666666667	True	0.5	40.0	4	True	50.0	30.0	-1176.069580078125	-538.6397220857265	1.2110482454299927	3.7688270225521623	3.631335973739624	6.53484368197416	2.7734427452087402	4.882377675707399	2.187793731689453	3.053161419223684	-2.2769196033477783	2.3640228660815197	8.67150592803955	4.291582252487529	2.01938796043396	2.308959702306063	0.0	0.0	0.0	0.0
15.933593988418579	1781696479.0	1781696479.9018676	6	12.0	14.0	32.0	34.0	NeuronSpectrum 17.06.2026 14:10:28	EEG	checkup_155_17.06.2026 14:10:28	500.0	499.6666666666667	True	0.5	40.0	4	True	50.0	30.0	-781.7767333984375	-478.8530973514171	5.737606525421143	3.2056508027482873	7.732756614685059	6.173055218391104	9.553175926208496	5.263481532684968	5.291326999664307	2.376942336149495	-4.420046806335449	2.0302756601825136	10.75179386138916	4.515207151814439	2.0798068046569824	2.5094182675752643	0.0	0.0	0.0	0.0
15.93359637260437	1781696479.0	1781696479.90187	6	12.0	14.0	32.0	34.0	NeuronSpectrum 17.06.2026 14:10:28	EEG	checkup_155_17.06.2026 14:10:28	500.0	499.6666666666667	True	0.5	40.0	4	True	50.0	30.0	-187.31829833984375	-435.0723626623464	9.668113708496094	2.515111786097477	11.424155235290527	5.490910490843102	13.344186782836914	5.148052210098921	7.965028285980225	1.5696431309805947	-5.774871349334717	1.5385239912031585	10.750027656555176	4.32103608399114	1.6516926288604736	2.351232780238771	0.0	0.0	0.0	0.0
15.933598756790161	1781696479.0	1781696479.9018724	6	12.0	14.0	32.0	34.0	NeuronSpectrum 17.06.2026 14:10:28	EEG	checkup_155_17.06.2026 14:10:28	500.0	499.6666666666667	True	0.5	40.0	4	True	50.0	30.0	-960.5316162109375	-410.85000118016546	-0.8445084095001221	1.7394859041828028	2.1612119674682617	4.527659429327113	3.4616358280181885	4.533394053663954	-0.36292919516563416	0.7029502043362494	-1.91496741771698	0.9029639292601367	9.077214241027832	3.735595028242275	-0.02681700326502323	1.8371256771344	0.0	0.0	0.0	0.0
15.933601379394531	1781696479.0	1781696479.901875	6	12.0	14.0	32.0	34.0	NeuronSpectrum 17.06.2026 14:10:28	EEG	checkup_155_17.06.2026 14:10:28	500.0	499.6666666666667	True	0.5	40.0	4	True	50.0	30.0	-959.0243530273438	-405.23387654935493	-0.6362881064414978	0.9081045072924459	1.9967535734176636	3.3431620406545837	2.468597888946533	3.485172947019683	-0.4962238371372223	-0.17025268893365458	-2.6451501846313477	0.1539076837774292	7.854764461517334	2.828988697910959	-1.297924518585205	1.0051925321001594	0.0	0.0	0.0	0.0
15.933603286743164	1781696479.0	1781696479.901877	6	12.0	14.0	32.0	34.0	NeuronSpectrum 17.06.2026 14:10:28	EEG	checkup_155_17.06.2026 14:10:28	500.0	499.6666666666667	True	0.5	40.0	4	True	50.0	30.0	-973.5003662109375	-413.28893185257965	0.06798598915338516	0.04297424931460497	1.984088659286499	2.0170977937087216	1.2520164251327515	2.1295418572685656	0.011385033838450909	-1.0150972052277218	-3.256694793701172	-0.6581664674232117	6.756191730499268	1.707742728660456	-1.8749346733093262	-0.08268836808975581	0.0	0.0	0.0	0.0
15.933605194091797	1781696479.0	1781696479.9018788	6	12.0	14.0	32.0	34.0	NeuronSpectrum 17.06.2026 14:10:28	EEG	checkup_155_17.06.2026 14:10:28	500.0	499.6666666666667	True	0.5	40.0	4	True	50.0	30.0	-989.10791015625	-427.7509230955597	0.6248109936714172	-0.831914723286981	1.6869369745254517	0.6469452879762159	-0.09531252086162567	0.6326058716152865	0.5464149713516235	-1.8079813121024602	-3.7806880474090576	-1.4643019880195531	5.803819179534912	0.5005488583066924	-1.87447190284729	-1.3514993241750815	0.0	0.0	0.0	0.0
15.933607339859009	1781696479.0	1781696479.901881	6	12.0	14.0	32.0	34.0	NeuronSpectrum 17.06.2026 14:10:28	EEG	checkup_155_17.06.2026 14:10:28	500.0	499.6666666666667	True	0.5	40.0	4	True	50.0	30.0	-983.4816284179688	-441.0466230412222	0.015315668657422066	-1.6823787991665635	0.3394787609577179	-0.658308390742108	-1.9729022979736328	-0.8293115165302183	0.12373679876327515	-2.5283085183723517	-4.516332149505615	-2.1879564659034063	4.471996307373047	-0.66326226086091	-1.9321439266204834	-2.71995459795469	0.0	0.0	0.0	0.0
15.934099912643433	1781696479.0	1781696479.9023736	6	12.0	14.0	32.0	34.0	NeuronSpectrum 17.06.2026 14:10:28	EEG	checkup_155_17.06.2026 14:10:28	500.0	499.6666666666667	True	0.5	40.0	4	True	50.0	30.0	-937.3717041015625	-446.95052371690304	-2.340594530105591	-2.4640136827479187	-2.4816527366638184	-1.7929424461043475	-4.674566745758057	-2.105408441566516	-1.8182039260864258	-3.155446023937924	-5.70527982711792	-2.764388768001402	2.28255558013916	-1.6813376018238149	-2.7823123931884766	-4.104142182735677	0.0	0.0	0.0	0.0
15.93410611152649	1781696479.0	1781696479.9023798	6	12.0	14.0	32.0	34.0	NeuronSpectrum 17.06.2026 14:10:28	EEG	checkup_155_17.06.2026 14:10:28	500.0	499.6666666666667	True	0.5	40.0	4	True	50.0	30.0	-851.3705444335938	-441.4831912114409	-5.79502534866333	-3.1352220197353344	-6.135738372802734	-2.679314514837804	-7.636467456817627	-3.1077085676203784	-4.721438884735107	-3.675843551734025	-7.271420955657959	-3.1636695629648655	-0.4883623421192169	-2.507893222478261	-4.752469062805176	-5.421307357897607	0.0	0.0	0.0	0.0
15.93410873413086	1781696479.0	1781696479.9023824	6	12.0	14.0	32.0	34.0	NeuronSpectrum 17.06.2026 14:10:28	EEG	checkup_155_17.06.2026 14:10:28	500.0	499.6666666666667	True	0.5	40.0	4	True	50.0	30.0	-756.1453247070312	-423.0434465267173	-8.510364532470703	-3.6804949751999336	-8.901717185974121	-3.297214722725991	-9.380725860595703	-3.841416647039152	-7.010206699371338	-4.098716131497594	-8.882380485534668	-3.40990201266565	-2.6952836513519287	-3.1770547812630126	-7.518200874328613	-6.597445750169206	0.0	0.0	0.0	0.0
15.934110403060913	1781696479.0	1781696479.902384	6	12.0	14.0	32.0	34.0	NeuronSpectrum 17.06.2026 14:10:28	EEG	checkup_155_17.06.2026 14:10:28	500.0	499.6666666666667	True	0.5	40.0	4	True	50.0	30.0	-701.6699829101562	-392.0494375380646	-8.581306457519531	-4.132256821423768	-8.965812683105469	-3.7047980556608175	-8.502507209777832	-4.4158951551183	-7.114166259765625	-4.471031163828252	-10.206028938293457	-3.588824788391078	-3.0486981868743896	-3.8087507393013693	-10.268898963928223	-7.5796244376432576	0.0	0.0	0.0	0.0
15.934112310409546	1781696479.0	1781696479.902386	6	12.0	14.0	32.0	34.0	NeuronSpectrum 17.06.2026 14:10:28	EEG	checkup_155_17.06.2026 14:10:28	500.0	499.6666666666667	True	0.5	40.0	4	True	50.0	30.0	-723.537353515625	-350.4593491884424	-5.593318939208984	-4.57582803224115	-5.881940841674805	-4.036000487982719	-5.105471134185791	-5.0247595469874184	-4.762604713439941	-4.8791419012245525	-11.03792667388916	-3.8377371810727765	-1.2276248931884766	-4.587320375335783	-12.145158767700195	-8.349563866006273	0.0	0.0	0.0	0.0
15.9341139793396	1781696479.0	1781696479.9023876	6	12.0	14.0	32.0	34.0	NeuronSpectrum 17.06.2026 14:10:28	EEG	checkup_155_17.06.2026 14:10:28	500.0	499.6666666666667	True	0.5	40.0	4	True	50.0	30.0	-805.2003784179688	-301.42857428276733	-1.386152744293213	-5.127406326601809	-1.3705377578735352	-4.466037467635259	-1.39162015914917	-5.891961065407135	-1.517693281173706	-5.428644543896946	-11.159801483154297	-4.315564447622247	1.5184199810028076	-5.710484479653313	-12.654105186462402	-8.931591781089258	0.0	0.0	0.0	0.0
15.934115886688232	1781696479.0	1781696479.9023895	6	12.0	14.0	32.0	34.0	NeuronSpectrum 17.06.2026 14:10:28	EEG	checkup_155_17.06.2026 14:10:28	500.0	499.6666666666667	True	0.5	40.0	4	True	50.0	30.0	-866.4910278320312	-249.10663821249727	0.8220078349113464	-5.887945184701258	1.396994948387146	-5.15048852029144	-0.540152370929718	-7.19448292488965	0.04488091915845871	-6.204712878763522	-10.190691947937012	-5.156554925224314	2.89035701751709	-7.3183552505036955	-11.815081596374512	-9.387988881329381	0.0	0.0	0.0	0.0
15.934126615524292	1781696479.0	1781696479.9024003	6	12.0	14.0	32.0	34.0	NeuronSpectrum 17.06.2026 14:10:28	EEG	checkup_155_17.06.2026 14:10:28	500.0	499.6666666666667	True	0.5	40.0	4	True	50.0	30.0	-796.766845703125	-198.34744532094518	-1.3575870990753174	-6.889768297971219	-0.15611034631729126	-6.157988846122579	-4.326722145080566	-8.98507794106392	-1.870337963104248	-7.226775468472167	-7.782790660858154	-6.417774434408334	1.0045626163482666	-9.423679408319597	-9.989418029785156	-9.798806629598287	0.0	0.0	0.0	0.0
15.934128761291504	1781696479.0	1781696479.9024024	6	12.0	14.0	32.0	34.0	NeuronSpectrum 17.06.2026 14:10:28	EEG	checkup_155_17.06.2026 14:10:28	500.0	499.6666666666667	True	0.5	40.0	4	True	50.0	30.0	-519.6729125976562	-154.08184352241693	-7.4086995124816895	-8.059607001199797	-5.938424587249756	-7.423565570223842	-11.148866653442383	-11.14323711423993	-6.729427337646484	-8.417283319529977	-4.174459934234619	-8.03663833522577	-4.156506061553955	-11.869372640104991	-7.640235900878906	-10.23019170864692	0.0	0.0	0.0	0.0
15.934130430221558	1781696479.0	1781696479.902404	6	12.0	14.0	32.0	34.0	NeuronSpectrum 17.06.2026 14:10:28	EEG	checkup_155_17.06.2026 14:10:28	500.0	499.6666666666667	True	0.5	40.0	4	True	50.0	30.0	-48.779964447021484	-120.3442492394287	-13.590086936950684	-9.217151887655257	-12.653806686401367	-8.744569159431531	-16.18888282775879	-13.376018084825116	-11.564715385437012	-9.600869301496706	-0.6099969148635864	-9.817385097878002	-10.384298324584961	-14.333996160435117	-5.18488073348999	-10.702127443583926	0.0	0.0	0.0	0.0
15.985164642333984	1781696479.0	1781696479.9534383	6	12.0	14.0	32.0	34.0	NeuronSpectrum 17.06.2026 14:10:28	EEG	checkup_155_17.06.2026 14:10:28	500.0	499.6666666666667	True	0.5	40.0	4	True	50.0	30.0	-657.8921508789062	-99.29011668354856	-9.973085403442383	-10.11452108655299	-10.11168098449707	-9.825979681725336	-14.558648109436035	-15.275054104905673	-9.048698425292969	-10.539169047292003	-17.501239776611328	-11.460846366814675	-10.863858222961426	-16.391432579178826	-9.743839263916016	-11.169657383616187	0.0	0.0	0.0	0.0
15.985170602798462	1781696479.0	1781696479.9534442	6	12.0	14.0	32.0	34.0	NeuronSpectrum 17.06.2026 14:10:28	EEG	checkup_155_17.06.2026 14:10:28	500.0	499.6666666666667	True	0.5	40.0	4	True	50.0	30.0	-612.2271728515625	-90.6759565153486	-14.52734088897705	-10.506323635043957	-15.649806022644043	-10.363726350606498	-22.13054847717285	-16.418093287678285	-13.19674015045166	-10.99343192120671	-22.926015853881836	-12.637827944099223	-17.638858795166016	-17.613015835594336	-12.357051849365234	-11.528422223963544	0.0	0.0	0.0	0.0
15.985173225402832	1781696479.0	1781696479.9534469	6	12.0	14.0	32.0	34.0	NeuronSpectrum 17.06.2026 14:10:28	EEG	checkup_155_17.06.2026 14:10:28	500.0	499.6666666666667	True	0.5	40.0	4	True	50.0	30.0	-569.406005859375	-92.04116962543928	-16.23522186279297	-10.228669862025717	-17.993059158325195	-10.140715993213039	-26.064332962036133	-16.488158564077807	-14.974041938781738	-10.796901146109551	-25.521944046020508	-13.086643198988652	-21.129419326782227	-17.68497206450044	-15.13963794708252	-11.646024176475585	0.0	0.0	0.0	0.0
15.985175609588623	1781696479.0	1781696479.9534492	6	12.0	14.0	32.0	34.0	NeuronSpectrum 17.06.2026 14:10:28	EEG	checkup_155_17.06.2026 14:10:28	500.0	499.6666666666667	True	0.5	40.0	4	True	50.0	30.0	-537.6094970703125	-99.4338837617488	-14.092543601989746	-9.26123806577738	-15.766045570373535	-9.104378393958129	-24.125959396362305	-15.374399376720188	-13.412161827087402	-9.914245294218253	-24.025928497314453	-12.700504091493231	-19.46282386779785	-16.50595394450221	-16.79905128479004	-11.4093648726539	0.0	0.0	0.0	0.0
15.985177516937256	1781696479.0	1781696479.9534512	6	12.0	14.0	32.0	34.0	NeuronSpectrum 17.06.2026 14:10:28	EEG	checkup_155_17.06.2026 14:10:28	500.0	499.6666666666667	True	0.5	40.0	4	True	50.0	30.0	-515.3447875976562	-108.30401524146795	-8.759648323059082	-7.7499590738010085	-9.605567932128906	-7.398239679227365	-16.591676712036133	-13.219660979604079	-8.95166015625	-8.467200341894449	-19.01413917541504	-11.570830413684728	-12.946393966674805	-14.231973761886264	-16.256885528564453	-10.770343370749657	0.0	0.0	0.0	0.0
15.985180139541626	1781696479.0	1781696479.9534538	6	12.0	14.0	32.0	34.0	NeuronSpectrum 17.06.2026 14:10:28	EEG	checkup_155_17.06.2026 14:10:28	500.0	499.6666666666667	True	0.5	40.0	4	True	50.0	30.0	-493.62750244140625	-114.25580490927933	-2.3866124153137207	-5.979294164621301	-2.013197183609009	-5.333682241083215	-6.454562187194824	-10.3940023966603	-3.353565216064453	-6.714817093363796	-12.659913063049316	-9.969008466660004	-4.126018524169922	-11.250461145584815	-13.280206680297852	-9.77195036163451	0.0	0.0	0.0	0.0
15.985182285308838	1781696479.0	1781696479.953456	6	12.0	14.0	32.0	34.0	NeuronSpectrum 17.06.2026 14:10:28	EEG	checkup_155_17.06.2026 14:10:28	500.0	499.6666666666667	True	0.5	40.0	4	True	50.0	30.0	-466.74432373046875	-113.55722977220127	2.296515464782715	-4.300325905095738	3.7612197399139404	-3.3086542203130778	1.8559093475341797	-7.398709171586467	1.0528154373168945	-4.991722793701242	-7.566561222076416	-8.272933771495989	3.407386541366577	-8.08820460242846	-8.789671897888184	-8.54400087716635	0.0	0.0	0.0	0.0
15.985183954238892	1781696479.0	1781696479.9534576	6	12.0	14.0	32.0	34.0	NeuronSpectrum 17.06.2026 14:10:28	EEG	checkup_155_17.06.2026 14:10:28	500.0	499.6666666666667	True	0.5	40.0	4	True	50.0	30.0	-442.73565673828125	-103.47127911176102	3.253923177719116	-3.0375701752529802	5.296937942504883	-1.6998652139465606	4.719053268432617	-4.731826026874469	2.4704601764678955	-3.62309673405944	-5.3813910484313965	-6.864370934645298	6.874621391296387	-5.280899524554062	-4.544095516204834	-7.269464446385838	0.0	0.0	0.0	0.0
15.985185861587524	1781696479.0	1781696479.9534595	6	12.0	14.0	32.0	34.0	NeuronSpectrum 17.06.2026 14:10:28	EEG	checkup_155_17.06.2026 14:10:28	500.0	499.6666666666667	True	0.5	40.0	4	True	50.0	30.0	-441.1918029785156	-82.53400587088457	0.17814838886260986	-2.405637572872765	2.2288265228271484	-0.7647553123222819	1.344397783279419	-2.7609886374997603	0.5237489342689514	-2.8436058685057746	-6.111036777496338	-6.031046197828966	5.725286483764648	-3.2448236456532404	-2.2477612495422363	-6.13371819784943	0.0	0.0	0.0	0.0
15.985187530517578	1781696479.0	1781696479.9534612	6	12.0	14.0	32.0	34.0	NeuronSpectrum 17.06.2026 14:10:28	EEG	checkup_155_17.06.2026 14:10:28	500.0	499.6666666666667	True	0.5	40.0	4	True	50.0	30.0	-474.25994873046875	-50.85375568425172	-5.236227035522461	-2.4622557359175437	-3.5191245079040527	-0.584352018953816	-5.617690086364746	-1.6446488677669755	-3.518508195877075	-2.7451759177775594	-8.530231475830078	-5.9019363797127165	1.7638510465621948	-2.1881934769049116	-2.5942325592041016	-5.275237758214145	0.0	0.0	0.0	0.0
15.985189199447632	1781696479.0	1781696479.9534628	6	12.0	14.0	32.0	34.0	NeuronSpectrum 17.06.2026 14:10:28	EEG	checkup_155_17.06.2026 14:10:28	500.0	499.6666666666667	True	0.5	40.0	4	True	50.0	30.0	-522.706787109375	-10.374936461086849	-9.998355865478516	-3.1087969271809333	-8.650650024414062	-1.0605674000482521	-11.415461540222168	-1.321032351929214	-7.329080104827881	-3.266431691537916	-11.241843223571777	-6.429614625074192	-2.063229560852051	-2.0830909730585336	-4.876877784729004	-4.754630950950136	0.0	0.0	0.0	0.0
15.985191106796265	1781696479.0	1781696479.9534647	6	12.0	14.0	32.0	34.0	NeuronSpectrum 17.06.2026 14:10:28	EEG	checkup_155_17.06.2026 14:10:28	500.0	499.6666666666667	True	0.5	40.0	4	True	50.0	30.0	-528.86962890625	35.09216550231482	-11.282830238342285	-4.130905665759109	-10.155926704406738	-1.9602266024360637	-11.905324935913086	-1.556601141904326	-8.680838584899902	-4.2209128850531155	-13.480266571044922	-7.416965393681038	-3.4314448833465576	-2.696836636303208	-7.424680233001709	-4.550527334130215	0.0	0.0	0.0	0.0
15.985193014144897	1781696479.0	1781696479.9534667	6	12.0	14.0	32.0	34.0	NeuronSpectrum 17.06.2026 14:10:28	EEG	checkup_155_17.06.2026 14:10:28	500.0	499.6666666666667	True	0.5	40.0	4	True	50.0	30.0	-420.4803771972656	80.32118687237428	-8.01774787902832	-5.259113519328087	-6.9302849769592285	-2.9833476205837304	-6.166248798370361	-2.026224987274512	-6.657576560974121	-5.3492358970560465	-15.069621086120605	-8.573621483638455	-1.9015530347824097	-3.6642054323821758	-8.58137035369873	-4.579903442048476	0.0	0.0	0.0	0.0
15.985194683074951	1781696479.0	1781696479.9534683	6	12.0	14.0	32.0	34.0	NeuronSpectrum 17.06.2026 14:10:28	EEG	checkup_155_17.06.2026 14:10:28	500.0	499.6666666666667	True	0.5	40.0	4	True	50.0	30.0	-156.18434143066406	119.70608262527591	-1.7707664966583252	-6.22795915283344	-0.5449557900428772	-3.83106812616329	2.5514862537384033	-2.3941299469725017	-2.3172521591186523	-6.377121333841446	-15.75387954711914	-9.583237964535543	0.9792455434799194	-4.5751317618316145	-7.622587203979492	-4.73215526858499	0.0	0.0	0.0	0.0
15.985196352005005	1781696479.0	1781696479.95347	6	12.0	14.0	32.0	34.0	NeuronSpectrum 17.06.2026 14:10:28	EEG	checkup_155_17.06.2026 14:10:28	500.0	499.6666666666667	True	0.5	40.0	4	True	50.0	30.0	237.37191772460938	148.678264219689	3.7218310832977295	-6.820764877732164	5.3334832191467285	-4.257798770823637	8.318418502807617	-2.3762042000673103	1.6396251916885376	-7.066189749649697	-14.684659957885742	-10.165436738382882	2.6859004497528076	-5.0563253698716775	-4.995463848114014	-4.9039116083474354	0.0	0.0	0.0	0.0
15.985198020935059	1781696479.0	1781696479.9534717	6	12.0	14.0	32.0	34.0	NeuronSpectrum 17.06.2026 14:10:28	EEG	checkup_155_17.06.2026 14:10:28	500.0	499.6666666666667	True	0.5	40.0	4	True	50.0	30.0	-273.3533020019531	164.9888319133543	-9.321948051452637	-6.89832297710085	-5.968381404876709	-4.104663825522023	-3.0045814514160156	-1.7799425935285065	-8.903559684753418	-7.252199881184459	-14.563599586486816	-10.12263108356489	-0.32770636677742004	-4.8341560563432	-6.470366477966309	-5.024815719869354	0.0	0.0	0.0	0.0
15.985199689865112	1781696479.0	1781696479.9534733	6	12.0	14.0	32.0	34.0	NeuronSpectrum 17.06.2026 14:10:28	EEG	checkup_155_17.06.2026 14:10:28	500.0	499.6666666666667	True	0.5	40.0	4	True	50.0	30.0	-272.1554260253906	169.29455894278456	-9.302897453308105	-6.4150003457871545	-6.041538238525391	-3.318042397732873	-2.4859049320220947	-0.5269681571371098	-8.864562034606934	-6.86965141783082	-14.533693313598633	-9.368151380244964	0.20990586280822754	-3.7740177827570376	-6.647267818450928	-5.069900732758792	0.0	0.0	0.0	0.0
15.985201358795166	1781696479.0	1781696479.953475	6	12.0	14.0	32.0	34.0	NeuronSpectrum 17.06.2026 14:10:28	EEG	checkup_155_17.06.2026 14:10:28	500.0	499.6666666666667	True	0.5	40.0	4	True	50.0	30.0	-281.5410461425781	164.8030010856907	-8.172046661376953	-5.423280994413781	-5.126762390136719	-1.955361604045569	-1.5681229829788208	1.3384039546335595	-7.644639492034912	-5.960823838401409	-13.452786445617676	-7.935626353838424	1.3803074359893799	-1.8953129444854986	-6.894151210784912	-5.058288329311764	0.0	0.0	0.0	0.0
15.985203504562378	1781696479.0	1781696479.9534771	6	12.0	14.0	32.0	34.0	NeuronSpectrum 17.06.2026 14:10:28	EEG	checkup_155_17.06.2026 14:10:28	500.0	499.6666666666667	True	0.5	40.0	4	True	50.0	30.0	-291.1036376953125	156.19502927393862	-5.977965831756592	-4.063626954281967	-2.976233959197998	-0.1758017351268064	0.29067105054855347	3.656227584328023	-5.393998146057129	-4.665828364965881	-11.144012451171875	-5.970342404683523	3.580313205718994	0.6373827264327686	-6.350849628448486	-5.039908048033047	0.0	0.0	0.0	0.0
15.985204935073853	1781696479.0	1781696479.9534786	6	12.0	14.0	32.0	34.0	NeuronSpectrum 17.06.2026 14:10:28	EEG	checkup_155_17.06.2026 14:10:28	500.0	499.6666666666667	True	0.5	40.0	4	True	50.0	30.0	-286.1623229980469	148.32176949433776	-3.4652483463287354	-2.537543264610507	-0.14897768199443817	1.7866398364613072	2.924790859222412	6.1762581007347	-2.8837242126464844	-3.1929662536467407	-7.944255352020264	-3.703316433374613	6.554950714111328	3.5448147363240468	-4.794126033782959	-5.073350583994558	0.0	0.0	0.0	0.0
15.985207080841064	1781696479.0	1781696479.9534807	6	12.0	14.0	32.0	34.0	NeuronSpectrum 17.06.2026 14:10:28	EEG	checkup_155_17.06.2026 14:10:28	500.0	499.6666666666667	True	0.5	40.0	4	True	50.0	30.0	-254.52545166015625	145.1439843773005	-1.4789302349090576	-1.06782829340024	2.4729766845703125	3.6651568408304116	5.8069329261779785	8.599830972747851	-0.9394171833992004	-1.77504294038307	-4.473243713378906	-1.4103201007076882	9.707910537719727	6.480401000107413	-3.0758962631225586	-5.200302762194725	0.0	0.0	0.0	0.0
15.985208511352539	1781696479.0	1781696479.9534822	6	12.0	14.0	32.0	34.0	NeuronSpectrum 17.06.2026 14:10:28	EEG	checkup_155_17.06.2026 14:10:28	500.0	499.6666666666667	True	0.5	40.0	4	True	50.0	30.0	-196.7872314453125	149.16228848712692	-0.2690015137195587	0.14429450949194497	4.395676136016846	5.208673581979113	8.639261245727539	10.631110303291328	0.17745238542556763	-0.622555278711279	-1.41425621509552	0.6383365632605394	12.634865760803223	9.086996408214302	-2.637739896774292	-5.424701778008508	0.0	0.0	0.0	0.0
15.985210180282593	1781696479.0	1781696479.9534838	6	12.0	14.0	32.0	34.0	NeuronSpectrum 17.06.2026 14:10:28	EEG	checkup_155_17.06.2026 14:10:28	500.0	499.6666666666667	True	0.5	40.0	4	True	50.0	30.0	-132.54800415039062	161.33911708709903	0.6895849704742432	0.9543731521828187	5.830873489379883	6.225811314671553	11.56445026397705	12.027719576029169	0.9115719199180603	0.11464877052294306	0.5749850869178772	2.2273049806525282	15.359039306640625	11.054142830640153	-4.395834445953369	-5.7054921321968575	0.0	0.0	0.0	0.0
15.985211849212646	1781696479.0	1781696479.9534855	6	12.0	14.0	32.0	34.0	NeuronSpectrum 17.06.2026 14:10:28	EEG	checkup_155_17.06.2026 14:10:28	500.0	499.6666666666667	True	0.5	40.0	4	True	50.0	30.0	-93.64291381835938	181.33655094695573	2.0969018936157227	1.2948413696203425	7.282611846923828	6.614812239977335	14.680139541625977	12.641044096669113	1.8809305429458618	0.36925530614308794	0.9459475874900818	3.232799006689928	18.000507354736328	12.166739863045846	-7.8636603355407715	-5.9684658480738015	0.0	0.0	0.0	0.0
15.985214233398438	1781696479.0	1781696479.9534879	6	12.0	14.0	32.0	34.0	NeuronSpectrum 17.06.2026 14:10:28	EEG	checkup_155_17.06.2026 14:10:28	500.0	499.6666666666667	True	0.5	40.0	4	True	50.0	30.0	-103.1207275390625	207.83647361910712	3.881328582763672	1.1775688749824298	8.718761444091797	6.373950093062327	17.24884796142578	12.438414085699028	3.070483446121216	0.1591399704121209	-0.45745667815208435	3.63586254318045	20.172393798828125	12.336819941619133	-11.258258819580078	-6.13505960367388	0.0	0.0	0.0	0.0
15.98521614074707	1781696479.0	1781696479.9534898	6	12.0	14.0	32.0	34.0	NeuronSpectrum 17.06.2026 14:10:28	EEG	checkup_155_17.06.2026 14:10:28	500.0	499.6666666666667	True	0.5	40.0	4	True	50.0	30.0	-151.5662078857422	238.78147993247362	4.765859603881836	0.6800731719910064	9.094836235046387	5.591085256732476	17.49110984802246	11.501814039746604	3.4785258769989014	-0.4277923816898385	-3.0231213569641113	3.508024309978144	20.708463668823242	11.6115463034646	-12.579472541809082	-6.157182360252022	0.0	0.0	0.0	0.0
15.985217809677124	1781696479.0	1781696479.9534914	6	12.0	14.0	32.0	34.0	NeuronSpectrum 17.06.2026 14:10:28	EEG	checkup_155_17.06.2026 14:10:28	500.0	499.6666666666667	True	0.5	40.0	4	True	50.0	30.0	-189.60658264160156	271.5312080740076	2.939091444015503	-0.08150892274860311	6.832884788513184	4.414418764793737	13.528278350830078	10.001129899990552	1.682535171508789	-1.2627577765907756	-5.342428207397461	2.9739182844990495	18.13412094116211	10.153409974801567	-10.891847610473633	-6.042028048655257	0.0	0.0	0.0	0.0
15.985219240188599	1781696479.0	1781696479.9534929	6	12.0	14.0	32.0	34.0	NeuronSpectrum 17.06.2026 14:10:28	EEG	checkup_155_17.06.2026 14:10:28	500.0	499.6666666666667	True	0.5	40.0	4	True	50.0	30.0	-148.2010955810547	303.06849006560265	-2.402904510498047	-0.9879590058269161	1.1458996534347534	3.0099760505575515	5.112813949584961	8.145664560070232	-2.908538818359375	-2.2135845299183594	-5.846247673034668	2.163555003267518	11.743205070495605	8.194184027766829	-6.898133277893066	-5.85322657588999	0.0	0.0	0.0	0.0
15.985221147537231	1781696479.0	1781696479.9534948	6	12.0	14.0	32.0	34.0	NeuronSpectrum 17.06.2026 14:10:28	EEG	checkup_155_17.06.2026 14:10:28	500.0	499.6666666666667	True	0.5	40.0	4	True	50.0	30.0	21.114824295043945	330.4026669453452	-9.732222557067871	-1.9531511220067255	-6.705684661865234	1.515865563460472	-5.1091485023498535	6.125958636844682	-9.016801834106445	-3.1822383782871237	-3.8839190006256104	1.1705419718970782	2.564272403717041	5.972751445123033	-2.4097445011138916	-5.684657183830982	0.0	0.0	0.0	0.0
15.985222578048706	1781696479.0	1781696479.9534962	6	12.0	14.0	32.0	34.0	NeuronSpectrum 17.06.2026 14:10:28	EEG	checkup_155_17.06.2026 14:10:28	500.0	499.6666666666667	True	0.5	40.0	4	True	50.0	30.0	311.2446594238281	351.1675113182181	-15.293214797973633	-2.9491537424709113	-13.35081958770752	0.007705464600655572	-12.122565269470215	4.065625453697821	-13.630441665649414	-4.131174966535617	-0.48328548669815063	0.029787768924479895	-6.613012313842773	3.675751176932947	0.8352153897285461	-5.6163931719828675	0.0	0.0	0.0	0.0
16.036112546920776	1781696479.0	1781696480.0043862	6	12.0	14.0	32.0	34.0	NeuronSpectrum 17.06.2026 14:10:28	EEG	checkup_155_17.06.2026 14:10:28	500.0	499.6666666666667	True	0.5	40.0	4	True	50.0	30.0	-68.35627746582031	364.2019244442862	-3.5679097175598145	-4.008141628056891	-1.7319051027297974	-1.5102963429566625	2.3526558876037598	2.0036147944334712	-4.577847003936768	-5.08743959531035	-8.416731834411621	-1.2794078510357352	5.452438831329346	1.4032108342318261	-3.2644431591033936	-5.671748292300585	0.0	0.0	0.0	0.0
16.036118984222412	1781696479.0	1781696480.0043926	6	12.0	14.0	32.0	34.0	NeuronSpectrum 17.06.2026 14:10:28	EEG	checkup_155_17.06.2026 14:10:28	500.0	499.6666666666667	True	0.5	40.0	4	True	50.0	30.0	-36.1759147644043	369.8255657011762	-2.2062273025512695	-5.196138254370538	-0.5370375514030457	-3.082223608662501	3.43411922454834	-0.08362708320163867	-3.110187292098999	-6.11988483145012	-7.100464344024658	-2.807505480449737	6.725198268890381	-0.8265091766413059	-6.324932098388672	-5.7948458503194304	0.0	0.0	0.0	0.0
16.036121368408203	1781696479.0	1781696480.004395	6	12.0	14.0	32.0	34.0	NeuronSpectrum 17.06.2026 14:10:28	EEG	checkup_155_17.06.2026 14:10:28	500.0	499.6666666666667	True	0.5	40.0	4	True	50.0	30.0	-3.328787326812744	369.67316506715247	-1.7338002920150757	-6.566885434595874	-0.21479381620883942	-4.753554674324387	3.526515483856201	-2.2298414459877973	-2.3694424629211426	-7.296514285095779	-6.381805419921875	-4.595088220471318	7.1022844314575195	-3.035850259128864	-8.90229606628418	-5.859091299030647	0.0	0.0	0.0	0.0
16.036123275756836	1781696479.0	1781696480.004397	6	12.0	14.0	32.0	34.0	NeuronSpectrum 17.06.2026 14:10:28	EEG	checkup_155_17.06.2026 14:10:28	500.0	499.6666666666667	True	0.5	40.0	4	True	50.0	30.0	23.19820213317871	366.20113247066564	-3.174769401550293	-8.115468087378538	-1.8762753009796143	-6.521422442898216	1.435430645942688	-4.422073544376991	-3.4297831058502197	-8.639175152580455	-7.523327350616455	-6.632265850738759	5.181149959564209	-5.232402075748784	-9.77233600616455	-5.703487827117491	0.0	0.0	0.0	0.0
16.03612494468689	1781696479.0	1781696480.0043986	6	12.0	14.0	32.0	34.0	NeuronSpectrum 17.06.2026 14:10:28	EEG	checkup_155_17.06.2026 14:10:28	500.0	499.6666666666667	True	0.5	40.0	4	True	50.0	30.0	42.32716751098633	362.11394356767175	-6.5712761878967285	-9.75266227871769	-5.5888214111328125	-8.305020849089773	-2.8660154342651367	-6.566802057327391	-6.4256134033203125	-10.094779310776042	-10.959257125854492	-8.83153852115165	0.7592359185218811	-7.366121881711019	-8.828794479370117	-5.1829906014149385	0.0	0.0	0.0	0.0
16.0361270904541	1781696479.0	1781696480.0044007	6	12.0	14.0	32.0	34.0	NeuronSpectrum 17.06.2026 14:10:28	EEG	checkup_155_17.06.2026 14:10:28	500.0	499.6666666666667	True	0.5	40.0	4	True	50.0	30.0	58.31863021850586	359.9087026184292	-10.904480934143066	-11.3116271330921	-10.25600814819336	-9.949509133276035	-8.19767951965332	-8.494473893282427	-10.438623428344727	-11.534876516730808	-15.903215408325195	-11.026118675763621	-4.981701850891113	-9.319164966908302	-6.745596885681152	-4.215418761184017	0.0	0.0	0.0	0.0
16.036128997802734	1781696479.0	1781696480.0044026	6	12.0	14.0	32.0	34.0	NeuronSpectrum 17.06.2026 14:10:28	EEG	checkup_155_17.06.2026 14:10:28	500.0	499.6666666666667	True	0.5	40.0	4	True	50.0	30.0	74.65092468261719	361.6012021323765	-14.71545124053955	-12.58465732587233	-14.261147499084473	-11.26176029815128	-12.879239082336426	-9.999895781096113	-14.075246810913086	-12.78344022137482	-20.62168312072754	-12.997747320875867	-10.090897560119629	-10.931579043390167	-4.273962497711182	-2.810667034271093	0.0	0.0	0.0	0.0
16.036130905151367	1781696479.0	1781696480.0044045	6	12.0	14.0	32.0	34.0	NeuronSpectrum 17.06.2026 14:10:28	EEG	checkup_155_17.06.2026 14:10:28	500.0	499.6666666666667	True	0.5	40.0	4	True	50.0	30.0	87.62117767333984	368.5856905548356	-16.97147560119629	-13.376375035684621	-16.43480682373047	-12.063709569016194	-15.691490173339844	-10.901569778163212	-16.3068790435791	-13.66219298751984	-23.296955108642578	-14.526690499000068	-12.894085884094238	-12.050111305368599	-1.7888468503952026	-1.0750341226515228	0.0	0.0	0.0	0.0
16.03613257408142	1781696479.0	1781696480.0044062	6	12.0	14.0	32.0	34.0	NeuronSpectrum 17.06.2026 14:10:28	EEG	checkup_155_17.06.2026 14:10:28	500.0	499.6666666666667	True	0.5	40.0	4	True	50.0	30.0	87.16207122802734	381.537813154241	-17.517580032348633	-13.555079634995359	-16.6353702545166	-12.243710561769038	-16.383853912353516	-11.09746615265336	-16.946603775024414	-14.037650524438606	-23.048627853393555	-15.4472757459502	-12.839058876037598	-12.578767939806028	0.6566104888916016	0.8089455284726521	0.0	0.0	0.0	0.0
16.036134719848633	1781696479.0	1781696480.0044084	6	12.0	14.0	32.0	34.0	NeuronSpectrum 17.06.2026 14:10:28	EEG	checkup_155_17.06.2026 14:10:28	500.0	499.6666666666667	True	0.5	40.0	4	True	50.0	30.0	67.4367904663086	400.29763739750354	-16.77763557434082	-13.086443292642839	-15.509153366088867	-11.789017464843832	-15.377731323242188	-10.598340641909571	-16.42037582397461	-13.85522364660995	-20.505741119384766	-15.689940156574501	-10.638726234436035	-12.511191597950788	3.005061149597168	2.620844153883843	0.0	0.0	0.0	0.0
16.036136388778687	1781696479.0	1781696480.00441	6	12.0	14.0	32.0	34.0	NeuronSpectrum 17.06.2026 14:10:28	EEG	checkup_155_17.06.2026 14:10:28	500.0	499.6666666666667	True	0.5	40.0	4	True	50.0	30.0	40.37997817993164	423.74916852269075	-15.024015426635742	-12.04102954244173	-13.663888931274414	-10.790761164626588	-13.039571762084961	-9.529424590391248	-15.083404541015625	-13.151503074542937	-17.483592987060547	-15.296511222485996	-7.664918422698975	-11.934448804887369	4.984350681304932	4.1489275669497925	0.0	0.0	0.0	0.0
16.03613829612732	1781696479.0	1781696480.004412	6	12.0	14.0	32.0	34.0	NeuronSpectrum 17.06.2026 14:10:28	EEG	checkup_155_17.06.2026 14:10:28	500.0	499.6666666666667	True	0.5	40.0	4	True	50.0	30.0	39.52273178100586	449.80257194909643	-11.970943450927734	-10.575797326500949	-11.0354585647583	-9.422482480985856	-9.318742752075195	-8.102552770335455	-12.758995056152344	-12.043321313802911	-15.833782196044922	-14.40620981226028	-5.0617218017578125	-11.00625362160164	6.198145866394043	5.233709096461244	0.0	0.0	0.0	0.0
16.036139965057373	1781696479.0	1781696480.0044136	6	12.0	14.0	32.0	34.0	NeuronSpectrum 17.06.2026 14:10:28	EEG	checkup_155_17.06.2026 14:10:28	500.0	499.6666666666667	True	0.5	40.0	4	True	50.0	30.0	106.05909729003906	475.62235685429005	-7.237483024597168	-8.897074378162543	-7.13133430480957	-7.900956620910938	-4.2558441162109375	-6.5696590443775165	-9.034289360046387	-10.698804872675344	-16.14358139038086	-13.220189444650206	-3.246734619140625	-9.917257893751543	6.405162334442139	5.798016032719234	0.0	0.0	0.0	0.0
16.036141633987427	1781696479.0	1781696480.0044153	6	12.0	14.0	32.0	34.0	NeuronSpectrum 17.06.2026 14:10:28	EEG	checkup_155_17.06.2026 14:10:28	500.0	499.6666666666667	True	0.5	40.0	4	True	50.0	30.0	262.6258544921875	498.1737389762294	-1.396609902381897	-7.217068653319323	-2.045626163482666	-6.442074141330817	1.0190328359603882	-5.172991344995502	-4.1484150886535645	-9.300102940211934	-17.154680252075195	-11.957757821220122	-2.1202473640441895	-8.853230949018645	5.69659423828125	5.856184034690442	0.0	0.0	0.0	0.0
16.03614330291748	1781696479.0	1781696480.004417	6	12.0	14.0	32.0	34.0	NeuronSpectrum 17.06.2026 14:10:28	EEG	checkup_155_17.06.2026 14:10:28	500.0	499.6666666666667	True	0.5	40.0	4	True	50.0	30.0	492.2665100097656	514.9844954482883	3.3839447498321533	-5.717108527845469	2.67220401763916	-5.224651323948115	3.877401113510132	-4.106660822589494	0.3474001884460449	-8.009194839053578	-16.390336990356445	-10.816596185586793	-1.6948907375335693	-7.968505735441037	4.454459190368652	5.50018100533351	0.0	0.0	0.0	0.0
16.036145210266113	1781696479.0	1781696480.0044188	6	12.0	14.0	32.0	34.0	NeuronSpectrum 17.06.2026 14:10:28	EEG	checkup_155_17.06.2026 14:10:28	500.0	499.6666666666667	True	0.5	40.0	4	True	50.0	30.0	201.540771484375	524.8413857912902	-10.580613136291504	-4.527437930560723	-10.902124404907227	-4.371027311868058	-10.997157096862793	-3.4981292939810116	-10.706884384155273	-6.946258990715402	-16.652986526489258	-9.944549820332393	-8.046464920043945	-7.374499757958991	0.49823683500289917	4.866946619107622	0.0	0.0	0.0	0.0
16.036146879196167	1781696479.0	1781696480.0044205	6	12.0	14.0	32.0	34.0	NeuronSpectrum 17.06.2026 14:10:28	EEG	checkup_155_17.06.2026 14:10:28	500.0	499.6666666666667	True	0.5	40.0	4	True	50.0	30.0	202.45895385742188	528.1090504767291	-8.121562004089355	-3.725382549965008	-8.405360221862793	-3.945540182249196	-8.025616645812988	-3.4084331567190365	-8.777952194213867	-6.1841064033922954	-14.740891456604004	-9.425380420261602	-5.501861572265625	-7.139350939188073	-0.02159336768090725	4.097273372398325	0.0	0.0	0.0	0.0
16.0361487865448	1781696479.0	1781696480.0044224	6	12.0	14.0	32.0	34.0	NeuronSpectrum 17.06.2026 14:10:28	EEG	checkup_155_17.06.2026 14:10:28	500.0	499.6666666666667	True	0.5	40.0	4	True	50.0	30.0	196.5843963623047	526.5335574104708	-4.950469970703125	-3.344649850899814	-5.415437698364258	-3.963821944031872	-4.543878078460693	-3.8414021520962818	-6.504460334777832	-5.754599818542894	-12.933950424194336	-9.277511493859292	-2.56032657623291	-7.2908365967611815	0.7063891887664795	3.2996980207234397	0.0	0.0	0.0	0.0
16.036150455474854	1781696479.0	1781696480.004424	6	12.0	14.0	32.0	34.0	NeuronSpectrum 17.06.2026 14:10:28	EEG	checkup_155_17.06.2026 14:10:28	500.0	499.6666666666667	True	0.5	40.0	4	True	50.0	30.0	190.7368927001953	522.6508939534851	-2.9421470165252686	-3.3850269363370966	-3.9665310382843018	-4.403107890496524	-3.202146530151367	-4.751379068728534	-5.299816131591797	-5.658940096330839	-12.630082130432129	-9.46343722932821	-1.488998293876648	-7.817041893019929	2.030376434326172	2.531055002247885	0.0	0.0	0.0	0.0
16.036152362823486	1781696479.0	1781696480.004426	6	12.0	14.0	32.0	34.0	NeuronSpectrum 17.06.2026 14:10:28	EEG	checkup_155_17.06.2026 14:10:28	500.0	499.6666666666667	True	0.5	40.0	4	True	50.0	30.0	193.9628448486328	519.0754354855816	-3.3598310947418213	-3.816648329193373	-5.203821182250977	-5.208619636583982	-5.379262924194336	-6.046815410280621	-5.92316198348999	-5.875922036622573	-14.092063903808594	-9.906880102067982	-3.3786604404449463	-8.665657788971073	3.0395684242248535	1.7986378148827533	0.0	0.0	0.0	0.0
16.0361545085907	1781696479.0	1781696480.0044281	6	12.0	14.0	32.0	34.0	NeuronSpectrum 17.06.2026 14:10:28	EEG	checkup_155_17.06.2026 14:10:28	500.0	499.6666666666667	True	0.5	40.0	4	True	50.0	30.0	213.407958984375	517.9255896269641	-5.906469821929932	-4.581141414179194	-8.505873680114746	-6.298389729959328	-10.097206115722656	-7.595938639762562	-7.849916934967041	-6.367434850027713	-16.177400588989258	-10.513765078035927	-7.30402946472168	-9.747531348756395	3.0227949619293213	1.0802098044365673	0.0	0.0	0.0	0.0
16.036156177520752	1781696479.0	1781696480.0044298	6	12.0	14.0	32.0	34.0	NeuronSpectrum 17.06.2026 14:10:28	EEG	checkup_155_17.06.2026 14:10:28	500.0	499.6666666666667	True	0.5	40.0	4	True	50.0	30.0	248.6172332763672	520.5209174705769	-8.830483436584473	-5.595499713552776	-11.833282470703125	-7.5714177157247144	-14.566186904907227	-9.241810845902092	-9.581279754638672	-7.083130465368953	-17.30207633972168	-11.191753181826101	-10.919857025146484	-10.9486995417564	1.740809679031372	0.35151602531982523	0.0	0.0	0.0	0.0
16.036158084869385	1781696479.0	1781696480.0044317	6	12.0	14.0	32.0	34.0	NeuronSpectrum 17.06.2026 14:10:28	EEG	checkup_155_17.06.2026 14:10:28	500.0	499.6666666666667	True	0.5	40.0	4	True	50.0	30.0	288.4026184082031	527.349195953623	-10.086597442626953	-6.761207701712305	-13.104375839233398	-8.92019595427411	-16.03421974182129	-10.826794409795498	-9.722675323486328	-7.964773051446282	-16.86901092529297	-11.863009962889521	-12.078911781311035	-12.148818804950727	-0.5104328989982605	-0.3907004491918703	0.0	0.0	0.0	0.0
16.03615975379944	1781696479.0	1781696480.0044334	6	12.0	14.0	32.0	34.0	NeuronSpectrum 17.06.2026 14:10:28	EEG	checkup_155_17.06.2026 14:10:28	500.0	499.6666666666667	True	0.5	40.0	4	True	50.0	30.0	314.8168640136719	538.2065835455068	-8.806717872619629	-7.975334750011045	-11.669759750366211	-10.243135838629076	-13.716955184936523	-12.217758112407582	-8.08088493347168	-8.948377998667754	-15.877168655395508	-12.467487525476049	-10.322244644165039	-13.238297120915805	-3.0420868396759033	-1.1186631293745293	0.0	0.0	0.0	0.0
16.03616166114807	1781696479.0	1781696480.0044353	6	12.0	14.0	32.0	34.0	NeuronSpectrum 17.06.2026 14:10:28	EEG	checkup_155_17.06.2026 14:10:28	500.0	499.6666666666667	True	0.5	40.0	4	True	50.0	30.0	314.5943298339844	552.3834788011678	-6.090991497039795	-9.137910286907125	-8.889107704162598	-11.450916600002184	-9.527832984924316	-13.320999168253872	-5.986234188079834	-9.962461429364739	-16.0551815032959	-12.958621532359205	-7.22078800201416	-14.126547139333212	-4.99948787689209	-1.7784138494278465	0.0	0.0	0.0	0.0
16.036163330078125	1781696479.0	1781696480.004437	6	12.0	14.0	32.0	34.0	NeuronSpectrum 17.06.2026 14:10:28	EEG	checkup_155_17.06.2026 14:10:28	500.0	499.6666666666667	True	0.5	40.0	4	True	50.0	30.0	291.77447509765625	568.8066452261396	-4.473551273345947	-10.153156316980752	-7.356120586395264	-12.464943200143955	-7.000523567199707	-14.081920593161707	-5.526529312133789	-10.924153887686792	-18.136377334594727	-13.297145169730163	-5.345950603485107	-14.739953739104058	-5.674896240234375	-2.3050139298536205	0.0	0.0	0.0	0.0
16.036165237426758	1781696479.0	1781696480.0044389	6	12.0	14.0	32.0	34.0	NeuronSpectrum 17.06.2026 14:10:28	EEG	checkup_155_17.06.2026 14:10:28	500.0	499.6666666666667	True	0.5	40.0	4	True	50.0	30.0	271.6702880859375	586.1302811208371	-6.262419700622559	-10.928275027460787	-9.194913864135742	-13.21261090611289	-8.94721794128418	-14.47432613825665	-8.115506172180176	-11.738731861903666	-20.780961990356445	-13.448819065413545	-6.581014156341553	-15.015880532873332	-4.8087968826293945	-2.640111736127706	0.0	0.0	0.0	0.0
16.036166667938232	1781696479.0	1781696480.0044403	6	12.0	14.0	32.0	34.0	NeuronSpectrum 17.06.2026 14:10:28	EEG	checkup_155_17.06.2026 14:10:28	500.0	499.6666666666667	True	0.5	40.0	4	True	50.0	30.0	290.3080139160156	602.8426038014836	-11.731745719909668	-11.376967051210324	-14.458678245544434	-13.627372062889597	-15.268820762634277	-14.49015260911345	-13.297093391418457	-12.308365793844967	-21.258487701416016	-13.38802285093319	-10.869017601013184	-14.902306410641152	-2.7412827014923096	-2.7447418695350594	0.0	0.0	0.0	0.0
16.036168575286865	1781696479.0	1781696480.0044422	6	12.0	14.0	32.0	34.0	NeuronSpectrum 17.06.2026 14:10:28	EEG	checkup_155_17.06.2026 14:10:28	500.0	499.6666666666667	True	0.5	40.0	4	True	50.0	30.0	373.53558349609375	617.4636122491713	-18.359817504882812	-11.431946734121372	-20.643497467041016	-13.658311952661954	-22.351890563964844	-14.137857244467748	-18.58662223815918	-12.550946439202667	-17.555498123168945	-13.10437535126343	-16.13935089111328	-14.368414789225671	-0.2933361530303955	-2.604506545689295	0.0	0.0	0.0	0.0
16.03617024421692	1781696479.0	1781696480.004444	6	12.0	14.0	32.0	34.0	NeuronSpectrum 17.06.2026 14:10:28	EEG	checkup_155_17.06.2026 14:10:28	500.0	499.6666666666667	True	0.5	40.0	4	True	50.0	30.0	518.8513793945312	628.8354773259426	-21.802995681762695	-11.062850809202416	-23.740859985351562	-13.285880610615266	-24.680152893066406	-13.448595546297222	-20.578432083129883	-12.422300260031715	-10.294224739074707	-12.607639222006528	-19.424907684326172	-13.422116849710905	1.627204418182373	-2.229307752772436	0.0	0.0	0.0	0.0
16.08702778816223	1781696479.0	1781696480.0553014	6	12.0	14.0	32.0	34.0	NeuronSpectrum 17.06.2026 14:10:28	EEG	checkup_155_17.06.2026 14:10:28	500.0	499.6666666666667	True	0.5	40.0	4	True	50.0	30.0	333.0208435058594	636.4018455109725	-11.643655776977539	-10.289309599887925	-14.99332046508789	-12.533810760499478	-14.729681015014648	-12.481357608131304	-13.544739723205566	-11.93046004803251	-21.55010986328125	-11.927968823172435	-10.491665840148926	-12.122896300930249	-3.7998299598693848	-1.6522159402719303	0.0	0.0	0.0	0.0
16.087035179138184	1781696479.0	1781696480.0553088	6	12.0	14.0	32.0	34.0	NeuronSpectrum 17.06.2026 14:10:28	EEG	checkup_155_17.06.2026 14:10:28	500.0	499.6666666666667	True	0.5	40.0	4	True	50.0	30.0	352.89373779296875	640.3337621069034	-7.734913349151611	-9.179761469076052	-10.811073303222656	-11.467984637436226	-10.152987480163574	-11.318372552881403	-9.295577049255371	-11.13330925680743	-16.779293060302734	-11.111325921464484	-4.950260162353516	-10.578949609598466	-5.244584560394287	-0.9299495194283174	0.0	0.0	0.0	0.0
16.08703875541687	1781696479.0	1781696480.0553124	6	12.0	14.0	32.0	34.0	NeuronSpectrum 17.06.2026 14:10:28	EEG	checkup_155_17.06.2026 14:10:28	500.0	499.6666666666667	True	0.5	40.0	4	True	50.0	30.0	375.64935302734375	641.4360279037274	-4.162777900695801	-7.835093699567912	-7.046536445617676	-10.181247647716607	-6.159089088439941	-10.050317447681781	-5.709323883056641	-10.12000727907291	-12.656143188476562	-10.211264422656386	-0.30639132857322693	-8.926891841771903	-4.873018264770508	-0.14228255697916328	0.0	0.0	0.0	0.0
16.08704137802124	1781696479.0	1781696480.055315	6	12.0	14.0	32.0	34.0	NeuronSpectrum 17.06.2026 14:10:28	EEG	checkup_155_17.06.2026 14:10:28	500.0	499.6666666666667	True	0.5	40.0	4	True	50.0	30.0	396.49859619140625	640.8937823210036	-2.508739709854126	-6.36571252335468	-5.3868021965026855	-8.772508900051717	-4.576879978179932	-8.759839937660066	-4.405080795288086	-8.985939520239768	-11.009492874145508	-9.279328660335485	1.3925672769546509	-7.3036283856383735	-2.2782888412475586	0.6158735950023011	0.0	0.0	0.0	0.0
16.08704423904419	1781696479.0	1781696480.0553179	6	12.0	14.0	32.0	34.0	NeuronSpectrum 17.06.2026 14:10:28	EEG	checkup_155_17.06.2026 14:10:28	500.0	499.6666666666667	True	0.5	40.0	4	True	50.0	30.0	412.6384582519531	639.986505871059	-2.906026601791382	-4.8736986488177525	-5.9603142738342285	-7.331604863559598	-5.471754550933838	-7.51388951730114	-5.414159297943115	-7.81393388312573	-12.056758880615234	-8.358257240504887	0.052444979548454285	-5.824794551149194	1.5340765714645386	1.253861313703995	0.0	0.0	0.0	0.0
16.08704662322998	1781696479.0	1781696480.0553203	6	12.0	14.0	32.0	34.0	NeuronSpectrum 17.06.2026 14:10:28	EEG	checkup_155_17.06.2026 14:10:28	500.0	499.6666666666667	True	0.5	40.0	4	True	50.0	30.0	423.8857421875	639.8706889943817	-4.116121292114258	-3.446697064938066	-7.400867462158203	-5.9364390601322485	-7.309377670288086	-6.369059639759106	-7.303197383880615	-6.669447444164193	-14.35096263885498	-7.482673604067483	-2.565704584121704	-4.579108790143236	4.699720859527588	1.7129002021033262	0.0	0.0	0.0	0.0
16.087048530578613	1781696480.0	1781696480.0553222	6	12.0	14.0	32.0	34.0	NeuronSpectrum 17.06.2026 14:10:28	EEG	checkup_155_17.06.2026 14:10:28	500.0	499.6666666666667	True	0.5	40.0	4	True	50.0	30.0	431.0320739746094	641.4618495897478	-4.626458168029785	-2.1616282954762145	-8.00910758972168	-4.660017912663377	-8.313934326171875	-5.384698078284431	-8.324845314025879	-5.60819544765822	-15.76635456085205	-6.688038722843493	-4.201920509338379	-3.636961765102644	5.634498119354248	1.9908987831749143	0.0	0.0	0.0	0.0
16.087050199508667	1781696480.0	1781696480.0553238	6	12.0	14.0	32.0	34.0	NeuronSpectrum 17.06.2026 14:10:28	EEG	checkup_155_17.06.2026 14:10:28	500.0	499.6666666666667	True	0.5	40.0	4	True	50.0	30.0	433.67138671875	645.3881293249605	-3.8609683513641357	-1.0901218415676295	-7.08838415145874	-3.5782839705834304	-7.900542259216309	-4.632503203946175	-7.702988147735596	-4.687196290254825	-14.86378288269043	-6.021928503652659	-3.6810576915740967	-3.061983369331673	4.008044242858887	2.1507976312170065	0.0	0.0	0.0	0.0
16.087074518203735	1781696480.0	1781696480.0553482	6	12.0	14.0	32.0	34.0	NeuronSpectrum 17.06.2026 14:10:28	EEG	checkup_155_17.06.2026 14:10:28	500.0	499.6666666666667	True	0.5	40.0	4	True	50.0	30.0	430.21533203125	651.9649673485853	-2.502392053604126	-0.29712122677389785	-5.382791519165039	-2.769008258110361	-6.963070392608643	-4.192277849258948	-6.058733940124512	-3.9685913845687475	-11.785472869873047	-5.547497532676173	-1.582817792892456	-2.912087126775658	0.9401545524597168	2.303947379380956	0.0	0.0	0.0	0.0
16.087077617645264	1781696480.0	1781696480.0553513	6	12.0	14.0	32.0	34.0	NeuronSpectrum 17.06.2026 14:10:28	EEG	checkup_155_17.06.2026 14:10:28	500.0	499.6666666666667	True	0.5	40.0	4	True	50.0	30.0	421.1620788574219	661.153901546136	-1.659066081047058	0.17107946309618746	-4.246954441070557	-2.2973249764569568	-6.744067668914795	-4.130551141037547	-4.661413192749023	-3.5101970937372036	-8.153932571411133	-5.3312857199288555	0.4311090111732483	-3.222772574802056	-1.6760228872299194	2.5709943562223345	0.0	0.0	0.0	0.0
16.087088584899902	1781696480.0	1781696480.0553622	6	12.0	14.0	32.0	34.0	NeuronSpectrum 17.06.2026 14:10:28	EEG	checkup_155_17.06.2026 14:10:28	500.0	499.6666666666667	True	0.5	40.0	4	True	50.0	30.0	413.25689697265625	672.5079233842769	-1.6167027950286865	0.30639186053112794	-4.241833686828613	-2.1912534247951294	-7.3186798095703125	-4.46767394826751	-4.152678489685059	-3.3444049659648787	-6.045097827911377	-5.415674959736094	1.0336259603500366	-3.9764905218833713	-2.2737958431243896	3.0340713568271775	0.0	0.0	0.0	0.0
16.087090492248535	1781696480.0	1781696480.0553641	6	12.0	14.0	32.0	34.0	NeuronSpectrum 17.06.2026 14:10:28	EEG	checkup_155_17.06.2026 14:10:28	500.0	499.6666666666667	True	0.5	40.0	4	True	50.0	30.0	420.0766906738281	685.1500570645114	-1.3598778247833252	0.15827281326622378	-4.415693759918213	-2.4164069888573065	-7.1851091384887695	-5.145231002478795	-3.8798248767852783	-3.4534951815069554	-6.651723861694336	-5.785693939318615	0.24939674139022827	-5.071484409886863	-0.48271089792251587	3.699781636590919	0.0	0.0	0.0	0.0
16.087092399597168	1781696480.0	1781696480.055366	6	12.0	14.0	32.0	34.0	NeuronSpectrum 17.06.2026 14:10:28	EEG	checkup_155_17.06.2026 14:10:28	500.0	499.6666666666667	True	0.5	40.0	4	True	50.0	30.0	456.29150390625	697.8521156884848	0.5428723692893982	-0.15612740381949863	-3.042052984237671	-2.8607102426117006	-4.596038818359375	-6.007213092784786	-2.5026071071624756	-3.752024030898094	-9.426339149475098	-6.3451149590160245	-0.7330363392829895	-6.306928809406778	2.7343716621398926	4.489283851568568	0.0	0.0	0.0	0.0
16.08709406852722	1781696480.0	1781696480.0553677	6	12.0	14.0	32.0	34.0	NeuronSpectrum 17.06.2026 14:10:28	EEG	checkup_155_17.06.2026 14:10:28	500.0	499.6666666666667	True	0.5	40.0	4	True	50.0	30.0	527.9025268554688	709.2530742604442	4.295792579650879	-0.45820749929252064	0.6451886892318726	-3.337925133246924	0.3219483494758606	-6.806243058930443	0.543853759765625	-4.08572254780639	-12.221148490905762	-6.9150945301644375	-0.7707213163375854	-7.397338973118879	5.705718040466309	5.26098710322013	0.0	0.0	0.0	0.0
16.087095737457275	1781696480.0	1781696480.0553694	6	12.0	14.0	32.0	34.0	NeuronSpectrum 17.06.2026 14:10:28	EEG	checkup_155_17.06.2026 14:10:28	500.0	499.6666666666667	True	0.5	40.0	4	True	50.0	30.0	625.0900268554688	718.1830821613651	7.91170072555542	-0.5344804573952984	5.164918899536133	-3.614862466475885	4.577383041381836	-7.241616554649578	3.996058702468872	-4.252641386715187	-12.361054420471191	-7.261146857627598	0.04821019619703293	-8.02033575460918	6.996272087097168	5.85788290620126	0.0	0.0	0.0	0.0
16.13797378540039	1781696480.0	1781696480.1062474	6	12.0	14.0	32.0	34.0	NeuronSpectrum 17.06.2026 14:10:28	EEG	checkup_155_17.06.2026 14:10:28	500.0	499.6666666666667	True	0.5	40.0	4	True	50.0	30.0	517.5372314453125	723.9811657199867	-2.81183123588562	-0.18263135130398495	-6.996062278747559	-3.4616364345905972	-11.094328880310059	-7.02840864813555	-6.87990140914917	-4.046575306597088	-12.670783996582031	-7.14472646213409	-6.3063178062438965	-7.891042985395797	11.706060409545898	6.161262676236505	0.0	0.0	0.0	0.0
16.13797879219055	1781696480.0	1781696480.1062524	6	12.0	14.0	32.0	34.0	NeuronSpectrum 17.06.2026 14:10:28	EEG	checkup_155_17.06.2026 14:10:28	500.0	499.6666666666667	True	0.5	40.0	4	True	50.0	30.0	521.2390747070312	726.6736244650604	-3.8871147632598877	0.7309912946413684	-8.182580947875977	-2.716226312596957	-12.693034172058105	-5.985131937165144	-7.915135860443115	-3.314752974002491	-14.033513069152832	-6.3875673941922715	-7.921905517578125	-6.8461025613630975	9.159042358398438	6.1296384159867525	0.0	0.0	0.0	0.0
16.137981176376343	1781696480.0	1781696480.1062548	6	12.0	14.0	32.0	34.0	NeuronSpectrum 17.06.2026 14:10:28	EEG	checkup_155_17.06.2026 14:10:28	500.0	499.6666666666667	True	0.5	40.0	4	True	50.0	30.0	518.2215576171875	726.9415574308999	-3.5244903564453125	2.218726386953834	-7.957528591156006	-1.3453382958695452	-12.593050956726074	-4.114273460878282	-7.372514247894287	-2.013153221923483	-14.07962417602539	-4.931732263067786	-7.8836517333984375	-4.912960861298604	4.807298183441162	5.807369854713036	0.0	0.0	0.0	0.0
16.137983322143555	1781696480.0	1781696480.106257	6	12.0	14.0	32.0	34.0	NeuronSpectrum 17.06.2026 14:10:28	EEG	checkup_155_17.06.2026 14:10:28	500.0	499.6666666666667	True	0.5	40.0	4	True	50.0	30.0	512.5139770507812	725.905284049998	-1.1769877672195435	4.143952271235316	-5.699240684509277	0.5211908468435422	-9.834590911865234	-1.6438779964453376	-4.8629961013793945	-0.23881916394485203	-12.051103591918945	-2.8766726660701787	-5.229342460632324	-2.3391276294984644	0.8264704942703247	5.3000358207119485	0.0	0.0	0.0	0.0
16.13798499107361	1781696480.0	1781696480.1062586	6	12.0	14.0	32.0	34.0	NeuronSpectrum 17.06.2026 14:10:28	EEG	checkup_155_17.06.2026 14:10:28	500.0	499.6666666666667	True	0.5	40.0	4	True	50.0	30.0	509.7557373046875	724.8199613573535	2.8409218788146973	6.233428063535481	-1.5827703475952148	2.6000280868186403	-4.401090621948242	0.9936953351173822	-0.8137661814689636	1.7763368968589126	-7.742564678192139	-0.47768237030444427	0.08446376770734787	0.4357683108720816	-0.9631763696670532	4.728002285667995	0.0	0.0	0.0	0.0
16.13798689842224	1781696480.0	1781696480.1062605	6	12.0	14.0	32.0	34.0	NeuronSpectrum 17.06.2026 14:10:28	EEG	checkup_155_17.06.2026 14:10:28	500.0	499.6666666666667	True	0.5	40.0	4	True	50.0	30.0	514.8729248046875	724.7835117457299	7.353841304779053	8.131565787654672	3.273073196411133	4.5113703706344905	2.3754966259002686	3.249294620831499	3.6128907203674316	3.712839678765386	-1.944664478302002	1.900878254577197	6.704659938812256	2.8661067054364833	-0.07866969704627991	4.17903566307577	0.0	0.0	0.0	0.0
16.137988328933716	1781696480.0	1781696480.106262	6	12.0	14.0	32.0	34.0	NeuronSpectrum 17.06.2026 14:10:28	EEG	checkup_155_17.06.2026 14:10:28	500.0	499.6666666666667	True	0.5	40.0	4	True	50.0	30.0	529.4739379882812	726.5274945972544	10.985089302062988	9.483921236616666	7.338768005371094	5.87010602787023	8.289931297302246	4.590544034604943	7.145382404327393	5.2402586356837295	3.5928099155426025	3.8703387361158086	12.320558547973633	4.426489638161029	2.458883762359619	3.6801929048395436	0.0	0.0	0.0	0.0
16.13799023628235	1781696480.0	1781696480.1062639	6	12.0	14.0	32.0	34.0	NeuronSpectrum 17.06.2026 14:10:28	EEG	checkup_155_17.06.2026 14:10:28	500.0	499.6666666666667	True	0.5	40.0	4	True	50.0	30.0	550.5155029296875	730.3224878475122	12.958028793334961	10.02723693787865	9.508867263793945	6.385954495185708	11.340185165405273	4.64410668152737	9.097225189208984	6.1015939889605555	6.789796829223633	5.118810546097093	14.811760902404785	4.744978838932707	4.79720401763916	3.1990474189241036	0.0	0.0	0.0	0.0
16.137991666793823	1781696480.0	1781696480.1062653	6	12.0	14.0	32.0	34.0	NeuronSpectrum 17.06.2026 14:10:28	EEG	checkup_155_17.06.2026 14:10:28	500.0	499.6666666666667	True	0.5	40.0	4	True	50.0	30.0	571.4816284179688	735.9950983356404	13.346452713012695	9.661168413396567	9.575613021850586	5.944138649633735	10.62847900390625	3.304647041480787	9.561750411987305	6.181810242661382	6.248692512512207	5.498190109020511	13.340067863464355	3.705285350320969	5.366596221923828	2.6702649791374222	0.0	0.0	0.0	0.0
16.137993335723877	1781696480.0	1781696480.106267	6	12.0	14.0	32.0	34.0	NeuronSpectrum 17.06.2026 14:10:28	EEG	checkup_155_17.06.2026 14:10:28	500.0	499.6666666666667	True	0.5	40.0	4	True	50.0	30.0	585.918701171875	743.0290071377275	12.524725914001465	8.482002596784664	7.945382118225098	4.643704979997065	6.446193695068359	0.7774675616700353	8.929744720458984	5.541906131120262	2.1300485134124756	5.068357987581538	8.616125106811523	1.487206539516611	3.7285478115081787	2.032910831185192	0.0	0.0	0.0	0.0
16.13799500465393	1781696480.0	1781696480.1062686	6	12.0	14.0	32.0	34.0	NeuronSpectrum 17.06.2026 14:10:28	EEG	checkup_155_17.06.2026 14:10:28	500.0	499.6666666666667	True	0.5	40.0	4	True	50.0	30.0	591.3967895507812	750.7111500548996	10.404593467712402	6.768688524858098	4.961375713348389	2.782467027371745	-0.26587969064712524	-2.4588764725959713	7.2421770095825195	4.409470383533563	-3.6350412368774414	4.082804847448533	2.2648940086364746	-1.4677826341106137	0.7131003141403198	1.2614234487256628	0.0	0.0	0.0	0.0
16.137997150421143	1781696480.0	1781696480.1062708	6	12.0	14.0	32.0	34.0	NeuronSpectrum 17.06.2026 14:10:28	EEG	checkup_155_17.06.2026 14:10:28	500.0	499.6666666666667	True	0.5	40.0	4	True	50.0	30.0	591.3152465820312	758.2865412828169	6.327331066131592	4.9233050433115695	0.5726224780082703	0.7918356020671744	-8.367836952209473	-5.760288528536285	4.075295925140381	3.127705907730114	-8.115619659423828	2.9196683847454663	-4.141115665435791	-4.556955805858747	-2.179410457611084	0.37896751171954335	0.0	0.0	0.0	0.0
16.137998819351196	1781696480.0	1781696480.1062725	6	12.0	14.0	32.0	34.0	NeuronSpectrum 17.06.2026 14:10:28	EEG	checkup_155_17.06.2026 14:10:28	500.0	499.6666666666667	True	0.5	40.0	4	True	50.0	30.0	593.0850830078125	765.0959357938452	-0.04204795882105827	3.3794177959144953	-5.195405960083008	-0.8621040561186908	-16.380586624145508	-8.465158718434289	-0.7853215336799622	2.075111659338379	-8.890633583068848	1.9807084113485596	-9.621203422546387	-7.1549890734135495	-3.6766927242279053	-0.5482898289158108	0.0	0.0	0.0	0.0
16.13800048828125	1781696480.0	1781696480.1062741	6	12.0	14.0	32.0	34.0	NeuronSpectrum 17.06.2026 14:10:28	EEG	checkup_155_17.06.2026 14:10:28	500.0	499.6666666666667	True	0.5	40.0	4	True	50.0	30.0	603.6436157226562	770.6805630371459	-7.486950874328613	2.5010148098900458	-11.342588424682617	-1.7856754750296504	-22.035354614257812	-10.041368516822558	-6.416961669921875	1.5759063829961244	-5.5182929039001465	1.5902370238372814	-13.631296157836914	-8.752843615862583	-3.390983819961548	-1.4291959839235666	0.0	0.0	0.0	0.0
16.138002157211304	1781696480.0	1781696480.1062758	6	12.0	14.0	32.0	34.0	NeuronSpectrum 17.06.2026 14:10:28	EEG	checkup_155_17.06.2026 14:10:28	500.0	499.6666666666667	True	0.5	40.0	4	True	50.0	30.0	625.1650390625	774.8419019972905	-12.917106628417969	2.499561410063576	-15.526294708251953	-1.7441277483132114	-22.391395568847656	-10.192146591291825	-10.52528190612793	1.8251207481254788	-0.016015909612178802	1.9229227385261587	-15.605364799499512	-9.060153690774206	-1.8723424673080444	-2.168376014340018	0.0	0.0	0.0	0.0
16.138003826141357	1781696480.0	1781696480.1062775	6	12.0	14.0	32.0	34.0	NeuronSpectrum 17.06.2026 14:10:28	EEG	checkup_155_17.06.2026 14:10:28	500.0	499.6666666666667	True	0.5	40.0	4	True	50.0	30.0	590.6815795898438	777.6457835781373	5.794092655181885	3.39354257852341	0.8004943132400513	-0.7041077576680925	-4.7813568115234375	-8.894946395921677	4.5331010818481445	2.849422222532828	-2.489534616470337	2.976474623996943	-1.6729562282562256	-8.046764792759017	-0.5418224334716797	-2.6830798847317863	0.0	0.0	0.0	0.0
16.13800549507141	1781696480.0	1781696480.1062791	6	12.0	14.0	32.0	34.0	NeuronSpectrum 17.06.2026 14:10:28	EEG	checkup_155_17.06.2026 14:10:28	500.0	499.6666666666667	True	0.5	40.0	4	True	50.0	30.0	605.880615234375	779.3691376949118	9.268157958984375	5.021343109852734	4.237184524536133	1.1771543256227472	-1.0241100788116455	-6.370991804593479	7.805952072143555	4.513531926574965	1.3262592554092407	4.589594552968984	1.8414946794509888	-5.919038032799719	-1.9638209342956543	-2.914766366973959	0.0	0.0	0.0	0.0
16.138007402420044	1781696480.0	1781696480.106281	6	12.0	14.0	32.0	34.0	NeuronSpectrum 17.06.2026 14:10:28	EEG	checkup_155_17.06.2026 14:10:28	500.0	499.6666666666667	True	0.5	40.0	4	True	50.0	30.0	624.7312622070312	780.4065415528406	11.483867645263672	7.098546546875495	6.52460241317749	3.6065843881328865	0.9749069213867188	-3.0063120031605575	10.046966552734375	6.565851890515475	3.8461408615112305	6.493738040701479	3.857923746109009	-3.0469885078627192	-4.326005458831787	-2.837543775683832	0.0	0.0	0.0	0.0
16.138009071350098	1781696480.0	1781696480.1062827	6	12.0	14.0	32.0	34.0	NeuronSpectrum 17.06.2026 14:10:28	EEG	checkup_155_17.06.2026 14:10:28	500.0	499.6666666666667	True	0.5	40.0	4	True	50.0	30.0	642.4266357421875	781.1689059272928	12.15922737121582	9.295514344773624	7.6575798988342285	6.231145442862143	2.0507547855377197	0.7434841561687109	10.970268249511719	8.704193246823683	4.835298538208008	8.381461530178996	4.893547058105469	0.12966694977218068	-6.122993469238281	-2.4648945808286102	0.0	0.0	0.0	0.0
16.13801074028015	1781696480.0	1781696480.1062844	6	12.0	14.0	32.0	34.0	NeuronSpectrum 17.06.2026 14:10:28	EEG	checkup_155_17.06.2026 14:10:28	500.0	499.6666666666667	True	0.5	40.0	4	True	50.0	30.0	654.4481201171875	782.0038839221789	12.016226768493652	11.309265629085532	8.41447639465332	8.710923484449928	3.7014811038970947	4.43747718070898	11.1533784866333	10.640329284926455	4.849551200866699	9.973657045947194	6.048544883728027	3.189683048090939	-6.001683235168457	-1.8525641658778553	0.0	0.0	0.0	0.0
16.138012409210205	1781696480.0	1781696480.106286	6	12.0	14.0	32.0	34.0	NeuronSpectrum 17.06.2026 14:10:28	EEG	checkup_155_17.06.2026 14:10:28	500.0	499.6666666666667	True	0.5	40.0	4	True	50.0	30.0	658.1574096679688	783.1500954696095	12.136603355407715	12.913722325687278	9.64797592163086	10.77453425657655	6.8189802169799805	7.710414285003831	11.488306045532227	12.149438856858358	4.743939399719238	11.07156804603032	8.065465927124023	5.796574221637935	-3.656888246536255	-1.0928884697253187	0.0	0.0	0.0	0.0
16.13801407814026	1781696480.0	1781696480.1062877	6	12.0	14.0	32.0	34.0	NeuronSpectrum 17.06.2026 14:10:28	EEG	checkup_155_17.06.2026 14:10:28	500.0	499.6666666666667	True	0.5	40.0	4	True	50.0	30.0	654.1096801757812	784.7208993235288	13.028264999389648	13.985127458138491	11.49227237701416	12.252818880794397	10.82873249053955	10.31101828107736	12.38414478302002	13.100176308006825	5.124392032623291	11.585800219981468	10.71245288848877	7.738638248579497	-0.0846540629863739	-0.29731826338946127	0.0	0.0	0.0	0.0
16.138015747070312	1781696480.0	1781696480.1062894	6	12.0	14.0	32.0	34.0	NeuronSpectrum 17.06.2026 14:10:28	EEG	checkup_155_17.06.2026 14:10:28	500.0	499.6666666666667	True	0.5	40.0	4	True	50.0	30.0	646.393798828125	786.7085757848458	14.167173385620117	14.507060571548081	13.131294250488281	13.09278744163105	13.931429862976074	12.122298211691866	13.383347511291504	13.46693199770482	6.078710079193115	11.54126993569061	12.94052791595459	8.944786665182296	3.010206699371338	0.4305649579443643	0.0	0.0	0.0	0.0
16.138017416000366	1781696480.0	1781696480.106291	6	12.0	14.0	32.0	34.0	NeuronSpectrum 17.06.2026 14:10:28	EEG	checkup_155_17.06.2026 14:10:28	500.0	499.6666666666667	True	0.5	40.0	4	True	50.0	30.0	641.2831420898438	789.0043380271069	14.439644813537598	14.560310916235373	13.384294509887695	13.354072408978405	14.395567893981934	13.165103055247657	13.534607887268066	13.326556709549129	7.216437816619873	11.061709675717378	13.669453620910645	9.47894114739657	4.233710289001465	1.022898039900731	0.0	0.0	0.0	0.0
16.13801908493042	1781696480.0	1781696480.1062927	6	12.0	14.0	32.0	34.0	NeuronSpectrum 17.06.2026 14:10:28	EEG	checkup_155_17.06.2026 14:10:28	500.0	499.6666666666667	True	0.5	40.0	4	True	50.0	30.0	644.253173828125	791.4350325385351	13.211484909057617	14.300148518760727	11.75126838684082	13.188238230850235	12.05746841430664	13.581704186997944	12.2823486328125	12.840064385291901	7.871381759643555	10.339038233372694	12.627984046936035	9.514213033109055	3.292536973953247	1.4646818031174957	0.0	0.0	0.0	0.0
16.138020992279053	1781696480.0	1781696480.1062946	6	12.0	14.0	32.0	34.0	NeuronSpectrum 17.06.2026 14:10:28	EEG	checkup_155_17.06.2026 14:10:28	500.0	499.6666666666667	True	0.5	40.0	4	True	50.0	30.0	656.6573486328125	793.8164194536879	11.139436721801758	13.92178991362536	9.10402774810791	12.80132575800819	8.821162223815918	13.596568044060781	10.146687507629395	12.21929599363203	7.351762771606445	9.592630007514154	10.622315406799316	9.288309639840726	1.0782270431518555	1.7915996868440842	0.0	0.0	0.0	0.0
16.138022661209106	1781696480.0	1781696480.1062963	6	12.0	14.0	32.0	34.0	NeuronSpectrum 17.06.2026 14:10:28	EEG	checkup_155_17.06.2026 14:10:28	500.0	499.6666666666667	True	0.5	40.0	4	True	50.0	30.0	674.13525390625	796.0142939264839	9.923934936523438	13.616663521427158	7.352856636047363	12.403751011563303	7.5404205322265625	13.457926860433659	8.550169944763184	11.68123938920514	5.257349491119385	9.023295769656231	9.022486686706543	9.045265709129653	-0.9819825887680054	2.0677720244446136	0.0	0.0	0.0	0.0
16.13802456855774	1781696480.0	1781696480.1062982	6	12.0	14.0	32.0	34.0	NeuronSpectrum 17.06.2026 14:10:28	EEG	checkup_155_17.06.2026 14:10:28	500.0	499.6666666666667	True	0.5	40.0	4	True	50.0	30.0	688.17041015625	797.9944490769252	10.96048355102539	13.526509272551722	8.110225677490234	12.157322785800226	9.827653884887695	13.3724124401134	8.757213592529297	11.397670903189809	1.847767949104309	8.768137240579163	8.7794189453125	8.974168805933093	-1.793818712234497	2.3517370233248522	0.0	0.0	0.0	0.0
16.138026237487793	1781696480.0	1781696480.1062999	6	12.0	14.0	32.0	34.0	NeuronSpectrum 17.06.2026 14:10:28	EEG	checkup_155_17.06.2026 14:10:28	500.0	499.6666666666667	True	0.5	40.0	4	True	50.0	30.0	690.313232421875	799.8403253616314	13.838098526000977	13.706019976838517	11.23388671875	12.132777008132857	14.330292701721191	13.450080486208918	10.665739059448242	11.451877465870536	-1.7073252201080322	8.865187101448862	9.656301498413086	9.159639259051747	-1.1764707565307617	2.6646326106757776	0.0	0.0	0.0	0.0
16.138028383255005	1781696480.0	1781696480.106302	6	12.0	14.0	32.0	34.0	NeuronSpectrum 17.06.2026 14:10:28	EEG	checkup_155_17.06.2026 14:10:28	500.0	499.6666666666667	True	0.5	40.0	4	True	50.0	30.0	676.686279296875	801.7287430662145	15.918914794921875	14.104661107632836	14.35887622833252	12.28990038593016	16.903156280517578	13.675306524506077	12.403573989868164	11.814538233999976	-3.5471839904785156	9.23866573322396	10.197975158691406	9.558454269992952	0.22222672402858734	2.974152540870909	0.0	0.0	0.0	0.0
16.188968896865845	1781696480.0	1781696480.1572425	6	12.0	14.0	32.0	34.0	NeuronSpectrum 17.06.2026 14:10:28	EEG	checkup_155_17.06.2026 14:10:28	500.0	499.6666666666667	True	0.5	40.0	4	True	50.0	30.0	715.3304443359375	803.8735450571713	12.873372077941895	14.574146822210405	10.562203407287598	12.486352068380373	12.080632209777832	13.911635363369921	10.832694053649902	12.346767443355288	6.366771221160889	9.71345650367816	13.69623851776123	10.010947802825875	2.1130332946777344	3.201607042157752	0.0	0.0	0.0	0.0
16.188974857330322	1781696480.0	1781696480.1572485	6	12.0	14.0	32.0	34.0	NeuronSpectrum 17.06.2026 14:10:28	EEG	checkup_155_17.06.2026 14:10:28	500.0	499.6666666666667	True	0.5	40.0	4	True	50.0	30.0	711.8523559570312	806.4593502919151	14.900739669799805	14.90174253224065	12.07711124420166	12.513672991300185	14.243391036987305	13.939733895376525	12.85479736328125	12.831468027770947	8.391562461853027	10.059214335365219	15.777649879455566	10.286061109062132	5.016454219818115	3.250070879092433	0.0	0.0	0.0	0.0
16.188977479934692	1781696480.0	1781696480.1572511	6	12.0	14.0	32.0	34.0	NeuronSpectrum 17.06.2026 14:10:28	EEG	checkup_155_17.06.2026 14:10:28	500.0	499.6666666666667	True	0.5	40.0	4	True	50.0	30.0	706.2463989257812	809.5838442448782	15.9763822555542	14.863051184915847	12.653243064880371	12.152404662457732	15.191009521484375	13.519812540036456	14.05716323852539	13.026681849981209	8.886798858642578	10.053007679306164	16.20403289794922	10.148284240143006	6.53585958480835	3.0429098739273934	0.0	0.0	0.0	0.0
16.188979625701904	1781696480.0	1781696480.1572533	6	12.0	14.0	32.0	34.0	NeuronSpectrum 17.06.2026 14:10:28	EEG	checkup_155_17.06.2026 14:10:28	500.0	499.6666666666667	True	0.5	40.0	4	True	50.0	30.0	702.8372192382812	813.2150612728108	15.581977844238281	14.282137459506792	11.869731903076172	11.233458576008973	14.326526641845703	12.463491707615166	13.948060989379883	12.728175519866777	7.6103434562683105	9.54116243633362	14.687946319580078	9.427172650413462	5.691409587860107	2.557357811013534	0.0	0.0	0.0	0.0
16.188981533050537	1781696480.0	1781696480.1572552	6	12.0	14.0	32.0	34.0	NeuronSpectrum 17.06.2026 14:10:28	EEG	checkup_155_17.06.2026 14:10:28	500.0	499.6666666666667	True	0.5	40.0	4	True	50.0	30.0	703.9295654296875	817.164673456302	13.567658424377441	13.083046322527698	9.593588829040527	9.690196646911442	11.411600112915039	10.695801567110127	12.377816200256348	11.824751271459082	5.069881439208984	8.481354848387928	11.50339412689209	8.06892295610472	2.5989787578582764	1.8393670626913108	0.0	0.0	0.0	0.0
16.18898367881775	1781696480.0	1781696480.1572573	6	12.0	14.0	32.0	34.0	NeuronSpectrum 17.06.2026 14:10:28	EEG	checkup_155_17.06.2026 14:10:28	500.0	499.6666666666667	True	0.5	40.0	4	True	50.0	30.0	709.2590942382812	821.0828229921002	10.200897216796875	11.317402928526343	6.04833459854126	7.58664963225806	6.782900333404541	8.288680604278033	9.551968574523926	10.330713307865782	2.129822015762329	6.954304937619112	7.351222038269043	6.155467542662335	-1.3871608972549438	0.9935064598036407	0.0	0.0	0.0	0.0
16.188985586166382	1781696480.0	1781696480.1572592	6	12.0	14.0	32.0	34.0	NeuronSpectrum 17.06.2026 14:10:28	EEG	checkup_155_17.06.2026 14:10:28	500.0	499.6666666666667	True	0.5	40.0	4	True	50.0	30.0	717.5289916992188	824.4861758679235	6.288604259490967	9.159301298087962	1.962378740310669	5.113274012938796	1.5878278017044067	5.455176628044549	6.10513162612915	8.386341101526167	-0.5216829180717468	5.145265441855794	3.2390263080596924	3.8874384727586015	-4.365302562713623	0.15223313673822225	0.0	0.0	0.0	0.0
16.188987493515015	1781696480.0	1781696480.1572611	6	12.0	14.0	32.0	34.0	NeuronSpectrum 17.06.2026 14:10:28	EEG	checkup_155_17.06.2026 14:10:28	500.0	499.6666666666667	True	0.5	40.0	4	True	50.0	30.0	728.5154418945312	826.8306683617536	3.1313278675079346	6.869300416572319	-1.4530415534973145	2.5513819310026227	-2.3765127658843994	2.5066114325668596	3.075324058532715	6.227229927559426	-2.684251546859741	3.3036840855209935	0.29408684372901917	1.5389006550129212	-4.9952497482299805	-0.5624772392688709	0.0	0.0	0.0	0.0
16.18898916244507	1781696480.0	1781696480.1572628	6	12.0	14.0	32.0	34.0	NeuronSpectrum 17.06.2026 14:10:28	EEG	checkup_155_17.06.2026 14:10:28	500.0	499.6666666666667	True	0.5	40.0	4	True	50.0	30.0	743.33837890625	827.6312255266379	1.9913383722305298	4.739470814957885	-2.9908087253570557	0.21700817161370922	-3.534715175628662	-0.2124755316334333	1.51711106300354	4.132947306093595	-4.532421588897705	1.6928274977218551	-0.6440218687057495	-0.6004240475744058	-3.3520522117614746	-1.0697046553924412	0.0	0.0	0.0	0.0
16.18899130821228	1781696480.0	1781696480.157265	6	12.0	14.0	32.0	34.0	NeuronSpectrum 17.06.2026 14:10:28	EEG	checkup_155_17.06.2026 14:10:28	500.0	499.6666666666667	True	0.5	40.0	4	True	50.0	30.0	761.8511352539062	826.6127136112626	3.177431583404541	3.0363593252111563	-2.28959321975708	-1.5997568436190441	-1.7637829780578613	-2.390783730276589	1.80326509475708	2.3705947989275034	-6.1575798988342285	0.5405312585890272	0.43575727939605713	-2.278421729973311	-0.8455702662467957	-1.3418372510421877	0.0	0.0	0.0	0.0
16.188992977142334	1781696480.0	1781696480.1572666	6	12.0	14.0	32.0	34.0	NeuronSpectrum 17.06.2026 14:10:28	EEG	checkup_155_17.06.2026 14:10:28	500.0	499.6666666666667	True	0.5	40.0	4	True	50.0	30.0	778.995849609375	823.8527385065045	5.41496467590332	1.956321153488929	-0.418581485748291	-2.6852225843989372	1.0172053575515747	-3.8005758990977117	3.0986149311065674	1.1476199729439456	-7.152050018310547	-0.0003996252397951497	2.4232583045959473	-3.3175717215700256	0.7632840871810913	-1.3974282207961475	0.0	0.0	0.0	0.0
16.188994884490967	1781696480.0	1781696480.1572685	6	12.0	14.0	32.0	34.0	NeuronSpectrum 17.06.2026 14:10:28	EEG	checkup_155_17.06.2026 14:10:28	500.0	499.6666666666667	True	0.5	40.0	4	True	50.0	30.0	783.8931274414062	819.8574598041358	6.252201557159424	1.5997349460737083	0.4596119821071625	-2.9341519493552948	1.7322252988815308	-4.3245440250049185	3.596033811569214	0.5818678616540426	-6.688690662384033	0.12340428478223625	3.4310243129730225	-3.6327205481045906	0.5523839592933655	-1.28234330063033	0.0	0.0	0.0	0.0
16.18899655342102	1781696480.0	1781696480.1572702	6	12.0	14.0	32.0	34.0	NeuronSpectrum 17.06.2026 14:10:28	EEG	checkup_155_17.06.2026 14:10:28	500.0	499.6666666666667	True	0.5	40.0	4	True	50.0	30.0	764.1660766601562	815.5129205412949	3.6432878971099854	1.9622222111574958	-1.517978549003601	-2.3628076290756455	-1.6531492471694946	-3.962609689761433	1.678361177444458	0.6893667581251252	-4.1573333740234375	0.8593405117258348	1.8498709201812744	-3.234348811234271	-1.0165427923202515	-1.0503895884318002	0.0	0.0	0.0	0.0
16.188998222351074	1781696480.0	1781696480.1572719	6	12.0	14.0	32.0	34.0	NeuronSpectrum 17.06.2026 14:10:28	EEG	checkup_155_17.06.2026 14:10:28	500.0	499.6666666666667	True	0.5	40.0	4	True	50.0	30.0	713.8975219726562	811.8909213463529	-2.2268357276916504	2.9373996681033603	-6.286484718322754	-1.1063554837308331	-8.05473804473877	-2.8267733175430614	-2.6623125076293945	1.386087234650661	0.0371905080974102	2.0596855078005065	-2.4627115726470947	-2.224323447684598	-2.5584609508514404	-0.7516335519418933	0.0	0.0	0.0	0.0
16.188999891281128	1781696480.0	1781696480.1572735	6	12.0	14.0	32.0	34.0	NeuronSpectrum 17.06.2026 14:10:28	EEG	checkup_155_17.06.2026 14:10:28	500.0	499.6666666666667	True	0.5	40.0	4	True	50.0	30.0	639.8448486328125	809.9558877024144	-8.338180541992188	4.328459791876776	-11.268927574157715	0.5972539937247259	-13.0861234664917	-1.1289127320744283	-7.272145748138428	2.5006036561408367	4.187389850616455	3.505972789305436	-7.735006809234619	-0.7873251570322031	-2.8320834636688232	-0.42976840954686457	0.0	0.0	0.0	0.0
16.18900179862976	1781696480.0	1781696480.1572754	6	12.0	14.0	32.0	34.0	NeuronSpectrum 17.06.2026 14:10:28	EEG	checkup_155_17.06.2026 14:10:28	500.0	499.6666666666667	True	0.5	40.0	4	True	50.0	30.0	747.4235229492188	810.2823699158838	6.486329078674316	5.870930373455734	2.0807907581329346	2.4380047514390237	-0.5744961500167847	0.8401983919035615	4.006358623504639	3.7975930533419264	-2.684445858001709	4.940847539950771	2.641213893890381	0.8249009050732693	-2.819701671600342	-0.12375496954770356	0.0	0.0	0.0	0.0
16.189003229141235	1781696480.0	1781696480.1572769	6	12.0	14.0	32.0	34.0	NeuronSpectrum 17.06.2026 14:10:28	EEG	checkup_155_17.06.2026 14:10:28	500.0	499.6666666666667	True	0.5	40.0	4	True	50.0	30.0	759.0379028320312	812.9013440058949	8.132073402404785	7.269650668617889	4.239075183868408	4.07979523943035	1.666417121887207	2.7450582398474253	5.448011875152588	5.012555781118332	-0.830064058303833	6.10201386644598	4.55218505859375	2.32157919406678	-0.4757799208164215	0.13286085041874726	0.0	0.0	0.0	0.0
16.189005136489868	1781696480.0	1781696480.1572788	6	12.0	14.0	32.0	34.0	NeuronSpectrum 17.06.2026 14:10:28	EEG	checkup_155_17.06.2026 14:10:28	500.0	499.6666666666667	True	0.5	40.0	4	True	50.0	30.0	774.8458862304688	817.3293197366528	9.672865867614746	8.247003257479463	6.084426403045654	5.216434564777268	4.534043312072754	4.252814014853802	6.685099124908447	5.894126009824234	1.0412956476211548	6.755759748204455	6.505039215087891	3.414051940516493	1.5425755977630615	0.3184153055281077	0.0	0.0	0.0	0.0
16.189006567001343	1781696480.0	1781696480.1572802	6	12.0	14.0	32.0	34.0	NeuronSpectrum 17.06.2026 14:10:28	EEG	checkup_155_17.06.2026 14:10:28	500.0	499.6666666666667	True	0.5	40.0	4	True	50.0	30.0	790.5928344726562	822.7412689240103	10.373149871826172	8.591952125283123	6.830070495605469	5.625696012916338	6.890863418579102	5.086621859122983	7.137923717498779	6.245463696220344	2.099621057510376	6.729257767361562	7.6341328620910645	3.863575964062111	2.093899965286255	0.4331485794056454	0.0	0.0	0.0	0.0
16.189008235931396	1781696480.0	1781696480.1572819	6	12.0	14.0	32.0	34.0	NeuronSpectrum 17.06.2026 14:10:28	EEG	checkup_155_17.06.2026 14:10:28	500.0	499.6666666666667	True	0.5	40.0	4	True	50.0	30.0	800.4954223632812	828.1929045773761	9.828048706054688	8.197326084237332	6.1595072746276855	5.208097666870451	7.891946315765381	5.073853635602747	6.554230213165283	5.955375669310021	1.726920247077942	5.939097744580922	7.445210933685303	3.5249100354019323	1.0430164337158203	0.5061973909513313	0.0	0.0	0.0	0.0
16.18900966644287	1781696480.0	1781696480.1572833	6	12.0	14.0	32.0	34.0	NeuronSpectrum 17.06.2026 14:10:28	EEG	checkup_155_17.06.2026 14:10:28	500.0	499.6666666666667	True	0.5	40.0	4	True	50.0	30.0	799.6795043945312	832.8051084001105	8.204615592956543	7.07708272206789	4.407134532928467	4.001958486851111	7.332249641418457	4.179064834344252	5.176507472991943	5.013552040944216	-0.07011181861162186	4.4102190821768	6.062397480010986	2.3756364351799	-0.7316463589668274	0.5929862439800173	0.0	0.0	0.0	0.0
16.189011573791504	1781696480.0	1781696480.1572852	6	12.0	14.0	32.0	34.0	NeuronSpectrum 17.06.2026 14:10:28	EEG	checkup_155_17.06.2026 14:10:28	500.0	499.6666666666667	True	0.5	40.0	4	True	50.0	30.0	788.0835571289062	835.8700030079461	5.943432807922363	5.3617097122252355	2.1452784538269043	2.173353125477441	5.361526966094971	2.5150203983392605	3.4245026111602783	3.509205615262633	-2.663172721862793	2.2785137487264313	3.9441542625427246	0.525113489503316	-1.9539088010787964	0.7610021991251353	0.0	0.0	0.0	0.0
16.18901300430298	1781696480.0	1781696480.1572866	6	12.0	14.0	32.0	34.0	NeuronSpectrum 17.06.2026 14:10:28	EEG	checkup_155_17.06.2026 14:10:28	500.0	499.6666666666667	True	0.5	40.0	4	True	50.0	30.0	773.0413208007812	836.8898931543898	3.244489908218384	3.274572395696186	-0.4223908483982086	-0.015081306386588167	2.0076005458831787	0.3284721682705235	1.3985702991485596	1.6154505685234084	-5.233902454376221	-0.22648103770092703	1.373842716217041	-1.7987377599969054	-1.721816062927246	1.0682179915412173	0.0	0.0	0.0	0.0
16.189014434814453	1781696480.0	1781696480.157288	6	12.0	14.0	32.0	34.0	NeuronSpectrum 17.06.2026 14:10:28	EEG	checkup_155_17.06.2026 14:10:28	500.0	499.6666666666667	True	0.5	40.0	4	True	50.0	30.0	766.982666015625	835.5934178056561	-0.054484833031892776	1.0941490932643116	-3.5876693725585938	-2.2500057475041277	-2.791940212249756	-2.0392502315145897	-1.227602243423462	-0.43743411619407674	-7.32921838760376	-2.816872290993573	-1.7359496355056763	-4.2831799985671	0.004673026502132416	1.5425409027308188	0.0	0.0	0.0	0.0
16.189016342163086	1781696480.0	1781696480.15729	6	12.0	14.0	32.0	34.0	NeuronSpectrum 17.06.2026 14:10:28	EEG	checkup_155_17.06.2026 14:10:28	500.0	499.6666666666667	True	0.5	40.0	4	True	50.0	30.0	779.439697265625	831.9739144740857	-3.944587230682373	-0.8920019356385256	-7.512901782989502	-4.220561381025032	-8.490466117858887	-4.212425122734613	-4.672574043273926	-2.3967059706618055	-9.124828338623047	-5.19279900132425	-5.469557762145996	-6.5805475615704	2.4423251152038574	2.1702170122364266	0.0	0.0	0.0	0.0
16.18901824951172	1781696480.0	1781696480.157292	6	12.0	14.0	32.0	34.0	NeuronSpectrum 17.06.2026 14:10:28	EEG	checkup_155_17.06.2026 14:10:28	500.0	499.6666666666667	True	0.5	40.0	4	True	50.0	30.0	807.5950927734375	826.3606742982801	-7.513359546661377	-2.434580799550941	-11.355132102966309	-5.670718396997528	-13.289939880371094	-5.851871363416122	-8.27520751953125	-4.025847933674954	-11.148238182067871	-7.090558034485578	-9.273164749145508	-8.367090165004482	4.45355749130249	2.8966017522904184	0.0	0.0	0.0	0.0
16.18902015686035	1781696480.0	1781696480.1572938	6	12.0	14.0	32.0	34.0	NeuronSpectrum 17.06.2026 14:10:28	EEG	checkup_155_17.06.2026 14:10:28	500.0	499.6666666666667	True	0.5	40.0	4	True	50.0	30.0	832.73388671875	819.4807355299331	-8.916332244873047	-3.362690286242694	-13.126871109008789	-6.441421432583869	-14.575353622436523	-6.721251065359906	-10.343085289001465	-5.141231500324201	-13.632384300231934	-8.323265993996234	-11.760980606079102	-9.400600612812143	5.156872749328613	3.6369807058733636	0.0	0.0	0.0	0.0
16.189021825790405	1781696480.0	1781696480.1572955	6	12.0	14.0	32.0	34.0	NeuronSpectrum 17.06.2026 14:10:28	EEG	checkup_155_17.06.2026 14:10:28	500.0	499.6666666666667	True	0.5	40.0	4	True	50.0	30.0	827.5302734375	812.4322456253694	-6.521979331970215	-3.6078610230768873	-10.840536117553711	-6.492999686026185	-10.656187057495117	-6.731508110646517	-9.11389446258545	-5.638983778390486	-15.978883743286133	-8.806648400464054	-11.412088394165039	-9.564601568822251	4.3505473136901855	4.291549814368294	0.0	0.0	0.0	0.0
16.18902325630188	1781696480.0	1781696480.157297	6	12.0	14.0	32.0	34.0	NeuronSpectrum 17.06.2026 14:10:28	EEG	checkup_155_17.06.2026 14:10:28	500.0	499.6666666666667	True	0.5	40.0	4	True	50.0	30.0	771.60400390625	806.5074226709926	-0.5903036594390869	-3.2058568821442694	-4.328880310058594	-5.901555468790922	-2.70110821723938	-5.950742906050254	-4.321876049041748	-5.505241424163646	-16.763185501098633	-8.56508739632726	-7.8020710945129395	-8.887767801955036	2.545293092727661	4.759057640275889	0.0	0.0	0.0	0.0
16.189025163650513	1781696480.0	1781696480.1572988	6	12.0	14.0	32.0	34.0	NeuronSpectrum 17.06.2026 14:10:28	EEG	checkup_155_17.06.2026 14:10:28	500.0	499.6666666666667	True	0.5	40.0	4	True	50.0	30.0	665.7158203125	802.8820781188532	5.913661003112793	-2.2766118542211933	3.706343412399292	-4.83033815085147	4.862710952758789	-4.577415513015581	1.8784173727035522	-4.807689190345494	-14.394652366638184	-7.716339713055317	-2.4170420169830322	-7.532399063632501	0.6291467547416687	4.947183322942566	0.0	0.0	0.0	0.0
16.23987340927124	1781696480.0	1781696480.208147	6	12.0	14.0	32.0	34.0	NeuronSpectrum 17.06.2026 14:10:28	EEG	checkup_155_17.06.2026 14:10:28	500.0	499.6666666666667	True	0.5	40.0	4	True	50.0	30.0	821.955078125	802.2844288832453	-2.8388867378234863	-0.9897454856378304	-5.831926345825195	-3.4853449664891283	-3.421924114227295	-2.8865856240053285	-5.881418704986572	-3.6725695940734435	-10.361832618713379	-6.437756230578428	-3.1196939945220947	-5.754013204466952	3.101170301437378	4.781559957767454	0.0	0.0	0.0	0.0
16.23987913131714	1781696480.0	1781696480.2081528	6	12.0	14.0	32.0	34.0	NeuronSpectrum 17.06.2026 14:10:28	EEG	checkup_155_17.06.2026 14:10:28	500.0	499.6666666666667	True	0.5	40.0	4	True	50.0	30.0	818.7826538085938	804.7900064848608	-0.5373749732971191	0.47370348561097714	-3.299790143966675	-2.068364421252376	-0.33266934752464294	-1.1655510990134426	-3.82736873626709	-2.2550222836743856	-8.063236236572266	-4.921875020430303	0.2437983602285385	-3.8421635845071633	4.626797676086426	4.216343102028033	0.0	0.0	0.0	0.0
16.23988175392151	1781696480.0	1781696480.2081554	6	12.0	14.0	32.0	34.0	NeuronSpectrum 17.06.2026 14:10:28	EEG	checkup_155_17.06.2026 14:10:28	500.0	499.6666666666667	True	0.5	40.0	4	True	50.0	30.0	815.9273681640625	809.8237270478874	1.4625800848007202	1.9548245228101901	-1.3775643110275269	-0.738314722184712	1.4470655918121338	0.3455230251519418	-1.833447813987732	-0.7097679739667548	-6.28864049911499	-3.332899495307439	2.3040950298309326	-2.057274341371004	5.100613117218018	3.24647995603998	0.0	0.0	0.0	0.0
16.23988366127014	1781696480.0	1781696480.2081573	6	12.0	14.0	32.0	34.0	NeuronSpectrum 17.06.2026 14:10:28	EEG	checkup_155_17.06.2026 14:10:28	500.0	499.6666666666667	True	0.5	40.0	4	True	50.0	30.0	815.933837890625	816.3372399491725	3.06341290473938	3.34105573405933	-0.11927474290132523	0.4133276239003062	1.881980061531067	1.4968692538927333	0.021715687587857246	0.8335432139546214	-4.953897476196289	-1.7755887735494646	3.011826276779175	-0.5787960679211843	3.6447014808654785	1.917680618782059	0.0	0.0	0.0	0.0
16.239885330200195	1781696480.0	1781696480.208159	6	12.0	14.0	32.0	34.0	NeuronSpectrum 17.06.2026 14:10:28	EEG	checkup_155_17.06.2026 14:10:28	500.0	499.6666666666667	True	0.5	40.0	4	True	50.0	30.0	817.7498168945312	823.0593681321666	4.173109531402588	4.5780922619223094	0.521265983581543	1.3702393663009804	1.3300485610961914	2.2489013858387543	1.6216561794281006	2.28696326647196	-3.7337634563446045	-0.2841256797189487	2.7837839126586914	0.5229164436272298	0.5669757723808289	0.32822435052725224	0.0	0.0	0.0	0.0
16.239887475967407	1781696480.0	1781696480.208161	6	12.0	14.0	32.0	34.0	NeuronSpectrum 17.06.2026 14:10:28	EEG	checkup_155_17.06.2026 14:10:28	500.0	499.6666666666667	True	0.5	40.0	4	True	50.0	30.0	817.7535400390625	828.7240788534532	4.603609085083008	5.666403054978519	0.5052238702774048	2.1802671901603805	0.23592177033424377	2.664245523644625	2.683929443359375	3.6089337053347728	-2.5026257038116455	1.1674644706530737	2.0592706203460693	1.284274683112306	-2.854698657989502	-1.3809875054713001	0.0	0.0	0.0	0.0
16.23988914489746	1781696480.0	1781696480.2081628	6	12.0	14.0	32.0	34.0	NeuronSpectrum 17.06.2026 14:10:28	EEG	checkup_155_17.06.2026 14:10:28	500.0	499.6666666666667	True	0.5	40.0	4	True	50.0	30.0	814.2544555664062	832.2319863172254	4.366138935089111	6.641039281061163	-0.07500419020652771	2.926169671342256	-0.8756906390190125	2.872968585024558	3.017157554626465	4.794100553850674	-1.5256308317184448	2.6372458601542594	1.172005534172058	1.8168076060884462	-5.286683082580566	-3.0467099790388996	0.0	0.0	0.0	0.0
16.239891052246094	1781696480.0	1781696480.2081647	6	12.0	14.0	32.0	34.0	NeuronSpectrum 17.06.2026 14:10:28	EEG	checkup_155_17.06.2026 14:10:28	500.0	499.6666666666667	True	0.5	40.0	4	True	50.0	30.0	811.7050170898438	832.7546411105151	4.0771355628967285	7.5386262905913215	-0.609943151473999	3.6837614958825835	-1.2341586351394653	3.019703545881806	2.9423766136169434	5.8496027502038075	-1.1971492767333984	4.177190293567021	0.5636851191520691	2.2557529132556486	-6.222301959991455	-4.508121076678031	0.0	0.0	0.0	0.0
16.23989248275757	1781696480.0	1781696480.2081661	6	12.0	14.0	32.0	34.0	NeuronSpectrum 17.06.2026 14:10:28	EEG	checkup_155_17.06.2026 14:10:28	500.0	499.6666666666667	True	0.5	40.0	4	True	50.0	30.0	819.4762573242188	829.8209367044844	4.844324111938477	8.361901620882557	-0.024409372359514236	4.479374209010739	0.003972870763391256	3.208540137307382	3.320171356201172	6.765248752846426	-1.5274021625518799	5.794379750454269	0.905254602432251	2.704818597460802	-6.181934356689453	-5.6290762897165365	0.0	0.0	0.0	0.0
16.2398943901062	1781696480.0	1781696480.208168	6	12.0	14.0	32.0	34.0	NeuronSpectrum 17.06.2026 14:10:28	EEG	checkup_155_17.06.2026 14:10:28	500.0	499.6666666666667	True	0.5	40.0	4	True	50.0	30.0	843.5913696289062	823.4196659059173	7.394630432128906	9.055834775789315	2.450542688369751	5.2618833867550565	3.035351037979126	3.464021191242403	4.90798282623291	7.489487438013455	-1.8180557489395142	7.421982431142324	2.7413814067840576	3.1948450499376366	-6.108945369720459	-6.313253387637767	0.0	0.0	0.0	0.0
16.239895820617676	1781696480.0	1781696480.2081695	6	12.0	14.0	32.0	34.0	NeuronSpectrum 17.06.2026 14:10:28	EEG	checkup_155_17.06.2026 14:10:28	500.0	499.6666666666667	True	0.5	40.0	4	True	50.0	30.0	876.4590454101562	814.1107316873724	11.022602081298828	9.507061865300024	6.266493797302246	5.901886041238244	6.687145709991455	3.722001315081004	7.454009056091309	7.922892232062679	-0.8939277529716492	8.910035475541449	5.807119369506836	3.6700282817001866	-6.518769264221191	-6.511528323208396	0.0	0.0	0.0	0.0
16.23989772796631	1781696480.0	1781696480.2081714	6	12.0	14.0	32.0	34.0	NeuronSpectrum 17.06.2026 14:10:28	EEG	checkup_155_17.06.2026 14:10:28	500.0	499.6666666666667	True	0.5	40.0	4	True	50.0	30.0	893.728271484375	803.0797210528913	13.44533920288086	9.56995672580082	9.31812572479248	6.221691304248328	8.62992000579834	3.853510910760551	9.420735359191895	7.935072553682838	2.137760639190674	10.043228274656034	8.688064575195312	4.006173596066434	-7.083034515380859	-6.223699062850805	0.0	0.0	0.0	0.0
16.239899396896362	1781696480.0	1781696480.208173	6	12.0	14.0	32.0	34.0	NeuronSpectrum 17.06.2026 14:10:28	EEG	checkup_155_17.06.2026 14:10:28	500.0	499.6666666666667	True	0.5	40.0	4	True	50.0	30.0	864.1109008789062	792.0384670380989	12.13728141784668	9.111718178600007	9.0867919921875	6.047973882400327	6.885702610015869	3.7124909442792577	8.88194751739502	7.401654447128585	7.054102420806885	10.586282063201041	9.416271209716797	4.054208502696391	-6.959670543670654	-5.496883629013014	0.0	0.0	0.0	0.0
16.239901065826416	1781696480.0	1781696480.2081747	6	12.0	14.0	32.0	34.0	NeuronSpectrum 17.06.2026 14:10:28	EEG	checkup_155_17.06.2026 14:10:28	500.0	499.6666666666667	True	0.5	40.0	4	True	50.0	30.0	768.4437866210938	782.9112100679283	6.465389728546143	8.060934372042293	4.638962268829346	5.269780788511576	1.7851237058639526	3.1899099832805877	5.155847072601318	6.249560587640043	12.219432830810547	10.347626157525012	6.833455562591553	3.6933691615723188	-5.535436153411865	-4.421275802937166	0.0	0.0	0.0	0.0
16.23990273475647	1781696480.0	1781696480.2081764	6	12.0	14.0	32.0	34.0	NeuronSpectrum 17.06.2026 14:10:28	EEG	checkup_155_17.06.2026 14:10:28	500.0	499.6666666666667	True	0.5	40.0	4	True	50.0	30.0	615.5818481445312	777.3573869410504	-1.0496766567230225	6.443062754024829	-2.0366363525390625	3.88244318903412	-3.289381980895996	2.2557698936149357	-0.11699703335762024	4.495132487549833	15.149231910705566	9.24228335615479	1.7350205183029175	2.875737895929364	-2.9666144847869873	-3.1224228432034065	0.0	0.0	0.0	0.0
16.291857481002808	1781696480.0	1781696480.2601311	6	12.0	14.0	32.0	34.0	NeuronSpectrum 17.06.2026 14:10:28	EEG	checkup_155_17.06.2026 14:10:28	500.0	499.6666666666667	True	0.5	40.0	4	True	50.0	30.0	830.644775390625	776.3046711793301	10.506969451904297	4.391388935580604	6.740367412567139	2.0029965647201093	5.505845069885254	0.9759394955550904	7.13856315612793	2.2615574944710852	5.873603343963623	7.330813447909967	7.664266586303711	1.6477276166880679	-1.3838289976119995	-1.7492897941445127	0.0	0.0	0.0	0.0
16.291863203048706	1781696480.0	1781696480.2601368	6	12.0	14.0	32.0	34.0	NeuronSpectrum 17.06.2026 14:10:28	EEG	checkup_155_17.06.2026 14:10:28	500.0	499.6666666666667	True	0.5	40.0	4	True	50.0	30.0	835.3834228515625	779.6964265451539	3.0819995403289795	2.129191842007171	-0.9701309204101562	-0.14850604984552407	-1.607025384902954	-0.5010346920337103	-0.27012452483177185	-0.23225017033406392	-1.5241402387619019	4.817384802014937	0.8956891894340515	0.1422137380538899	0.4941788911819458	-0.45895382023377024	0.0	0.0	0.0	0.0
16.291866064071655	1781696480.0	1781696480.2601397	6	12.0	14.0	32.0	34.0	NeuronSpectrum 17.06.2026 14:10:28	EEG	checkup_155_17.06.2026 14:10:28	500.0	499.6666666666667	True	0.5	40.0	4	True	50.0	30.0	846.425048828125	786.5519491959109	-4.17645788192749	-0.07435028958916153	-8.175846099853516	-2.297868405383487	-7.716662406921387	-1.9832920735431068	-7.540336608886719	-2.711311203921352	-8.66915512084961	2.0057059969109448	-5.1857380867004395	-1.4555339276537242	0.8318948149681091	0.5996162178711164	0.0	0.0	0.0	0.0
16.291868448257446	1781696480.0	1781696480.260142	6	12.0	14.0	32.0	34.0	NeuronSpectrum 17.06.2026 14:10:28	EEG	checkup_155_17.06.2026 14:10:28	500.0	499.6666666666667	True	0.5	40.0	4	True	50.0	30.0	860.7964477539062	795.2745950437431	-8.437074661254883	-1.964329066467697	-11.986082077026367	-4.182212134913987	-10.089421272277832	-3.2882548703480734	-11.921435356140137	-4.903123076603036	-12.894697189331055	-0.7708902945476771	-7.992175579071045	-2.9558499362000763	-0.013859855942428112	1.300010769819279	0.0	0.0	0.0	0.0
16.291870594024658	1781696480.0	1781696480.2601442	6	12.0	14.0	32.0	34.0	NeuronSpectrum 17.06.2026 14:10:28	EEG	checkup_155_17.06.2026 14:10:28	500.0	499.6666666666667	True	0.5	40.0	4	True	50.0	30.0	871.3052368164062	804.0469838797726	-8.305256843566895	-3.3580825756513457	-11.180971145629883	-5.610519698095225	-7.809518814086914	-4.2882676536291005	-12.076519966125488	-6.596387525651823	-13.202472686767578	-3.219143732780129	-6.657952308654785	-4.208143355514338	-0.9840026497840881	1.549801075933876	0.0	0.0	0.0	0.0
16.29187250137329	1781696480.0	1781696480.2601461	6	12.0	14.0	32.0	34.0	NeuronSpectrum 17.06.2026 14:10:28	EEG	checkup_155_17.06.2026 14:10:28	500.0	499.6666666666667	True	0.5	40.0	4	True	50.0	30.0	869.9918212890625	811.1681730422557	-4.609875679016113	-4.179963810719079	-6.89071798324585	-6.497189610552872	-2.4454352855682373	-4.9296984520051765	-8.800037384033203	-7.6787967982734955	-10.672073364257812	-5.132276866798127	-2.5400784015655518	-5.122561295397089	-1.1363945007324219	1.2996611561163478	0.0	0.0	0.0	0.0
16.291874408721924	1781696480.0	1781696480.260148	6	12.0	14.0	32.0	34.0	NeuronSpectrum 17.06.2026 14:10:28	EEG	checkup_155_17.06.2026 14:10:28	500.0	499.6666666666667	True	0.5	40.0	4	True	50.0	30.0	854.8599243164062	815.2670297032615	-0.025625959038734436	-4.460022443864601	-2.036621332168579	-6.857273106046839	2.6178886890411377	-5.218028526476942	-4.612378120422363	-8.141191445028738	-7.621507167816162	-6.403314990053474	1.5430994033813477	-5.6631896506825985	-0.3720179498195648	0.5517249863852228	0.0	0.0	0.0	0.0
16.291876077651978	1781696480.0	1781696480.2601497	6	12.0	14.0	32.0	34.0	NeuronSpectrum 17.06.2026 14:10:28	EEG	checkup_155_17.06.2026 14:10:28	500.0	499.6666666666667	True	0.5	40.0	4	True	50.0	30.0	834.9378051757812	815.4068030457136	2.353060007095337	-4.300429791842789	0.22464433312416077	-6.770252009457481	3.972038507461548	-5.180143360174849	-2.3971848487854004	-8.051550182096525	-6.112971305847168	-7.011466117570365	2.9273571968078613	-5.821680013343263	0.47551974654197693	-0.6327675756218932	0.0	0.0	0.0	0.0
16.29187798500061	1781696480.0	1781696480.2601516	6	12.0	14.0	32.0	34.0	NeuronSpectrum 17.06.2026 14:10:28	EEG	checkup_155_17.06.2026 14:10:28	500.0	499.6666666666667	True	0.5	40.0	4	True	50.0	30.0	827.4714965820312	811.1431498992863	0.7632059454917908	-3.8291515576246136	-1.7535159587860107	-6.33463559607658	0.21414776146411896	-4.829059611492116	-3.784954309463501	-7.516840120262237	-6.8387932777404785	-6.998278305298067	0.6220005750656128	-5.591604449150803	0.24618220329284668	-2.129571233795549	0.0	0.0	0.0	0.0
16.291879653930664	1781696480.0	1781696480.2601533	6	12.0	14.0	32.0	34.0	NeuronSpectrum 17.06.2026 14:10:28	EEG	checkup_155_17.06.2026 14:10:28	500.0	499.6666666666667	True	0.5	40.0	4	True	50.0	30.0	845.708984375	802.5955853822871	-4.096419811248779	-3.1653617280777047	-7.08546257019043	-5.638948717997457	-6.926335334777832	-4.156190782919417	-8.140253067016602	-6.654935784137608	-9.055609703063965	-6.4508140376346566	-4.131612777709961	-4.963829789531794	-1.6966427564620972	-3.756700495927973	0.0	0.0	0.0	0.0
16.291881322860718	1781696480.0	1781696480.260155	6	12.0	14.0	32.0	34.0	NeuronSpectrum 17.06.2026 14:10:28	EEG	checkup_155_17.06.2026 14:10:28	500.0	499.6666666666667	True	0.5	40.0	4	True	50.0	30.0	884.1346435546875	790.5399774872117	-9.28596305847168	-2.4122105589180505	-12.676116943359375	-4.763538383048749	-13.234942436218262	-3.160755181453698	-12.774941444396973	-5.590027153127801	-11.424707412719727	-5.500301689396371	-8.58073616027832	-3.9510438195446627	-4.9386210441589355	-5.293572915463177	0.0	0.0	0.0	0.0
16.29188299179077	1781696480.0	1781696480.2601566	6	12.0	14.0	32.0	34.0	NeuronSpectrum 17.06.2026 14:10:28	EEG	checkup_155_17.06.2026 14:10:28	500.0	499.6666666666667	True	0.5	40.0	4	True	50.0	30.0	913.1224365234375	776.4532107248951	-11.238519668579102	-1.6749368820956296	-14.842580795288086	-3.8081618939489705	-14.354500770568848	-1.9031739079687502	-14.395613670349121	-4.468328684752478	-12.958197593688965	-4.3319375867850605	-10.034950256347656	-2.631517935955906	-8.197678565979004	-6.514338063623466	0.0	0.0	0.0	0.0
16.291884899139404	1781696480.0	1781696480.2601585	6	12.0	14.0	32.0	34.0	NeuronSpectrum 17.06.2026 14:10:28	EEG	checkup_155_17.06.2026 14:10:28	500.0	499.6666666666667	True	0.5	40.0	4	True	50.0	30.0	890.8143920898438	762.3940218547568	-7.9873833656311035	-1.0862907953080845	-11.474802017211914	-2.9236121071552175	-8.634714126586914	-0.5521929639386313	-11.097331047058105	-3.4763363773801577	-13.338155746459961	-3.1915034467175056	-7.419105529785156	-1.1879430385084515	-10.055014610290527	-7.229449330624961	0.0	0.0	0.0	0.0
16.29188632965088	1781696480.0	1781696480.26016	6	12.0	14.0	32.0	34.0	NeuronSpectrum 17.06.2026 14:10:28	EEG	checkup_155_17.06.2026 14:10:28	500.0	499.6666666666667	True	0.5	40.0	4	True	50.0	30.0	787.826416015625	750.6416900462675	-0.712471067905426	-0.8162015250390149	-3.544701337814331	-2.321356510472716	1.275167465209961	0.6058665485009668	-3.778318166732788	-2.840149605735274	-12.511707305908203	-2.3721725882285702	-1.9439201354980469	0.08546224296846142	-9.746246337890625	-7.324742580065254	0.0	0.0	0.0	0.0
16.29188847541809	1781696480.0	1781696480.260162	6	12.0	14.0	32.0	34.0	NeuronSpectrum 17.06.2026 14:10:28	EEG	checkup_155_17.06.2026 14:10:28	500.0	499.6666666666667	True	0.5	40.0	4	True	50.0	30.0	609.087158203125	743.1454055067576	6.483423709869385	-1.0512712633284145	5.032008171081543	-2.245798808072744	9.362689018249512	1.2116748491478304	3.974414587020874	-2.7938110735141164	-10.140046119689941	-2.1715803316975126	3.4775888919830322	0.823549449040302	-7.519587516784668	-6.786618510258388	0.0	0.0	0.0	0.0
16.291889905929565	1781696480.0	1781696480.2601635	6	12.0	14.0	32.0	34.0	NeuronSpectrum 17.06.2026 14:10:28	EEG	checkup_155_17.06.2026 14:10:28	500.0	499.6666666666667	True	0.5	40.0	4	True	50.0	30.0	870.3729858398438	740.9855798974966	-1.973615288734436	-1.9462659372037956	-2.6241025924682617	-2.912930989551804	4.2969865798950195	0.9230930901970357	-3.888136148452759	-3.5214562793098048	-3.0120556354522705	-2.822574857350694	6.162468910217285	0.6750189197285256	-7.64644193649292	-5.705708796326119	0.0	0.0	0.0	0.0
16.29189157485962	1781696480.0	1781696480.2601652	6	12.0	14.0	32.0	34.0	NeuronSpectrum 17.06.2026 14:10:28	EEG	checkup_155_17.06.2026 14:10:28	500.0	499.6666666666667	True	0.5	40.0	4	True	50.0	30.0	867.6326904296875	744.0876562691955	-0.6742997169494629	-3.564357463875793	-1.1975716352462769	-4.435878481667597	6.273065090179443	-0.4773278908298436	-2.775043249130249	-5.0923770524090255	-2.1462290287017822	-4.4159562239984735	8.116077423095703	-0.5917930155869506	-5.275053024291992	-4.25760897682713	0.0	0.0	0.0	0.0
16.291893243789673	1781696480.0	1781696480.260167	6	12.0	14.0	32.0	34.0	NeuronSpectrum 17.06.2026 14:10:28	EEG	checkup_155_17.06.2026 14:10:28	500.0	499.6666666666667	True	0.5	40.0	4	True	50.0	30.0	865.7818603515625	751.3035579553045	-1.6529685258865356	-5.82876127056305	-2.477044105529785	-6.764473310167016	4.076903343200684	-2.9938797071633347	-4.0347900390625	-7.41308533167933	-4.429713726043701	-6.843297506466783	5.976290702819824	-2.9970860157247206	-2.54130482673645	-2.6652460384170498	0.0	0.0	0.0	0.0
16.291895151138306	1781696480.0	1781696480.2601688	6	12.0	14.0	32.0	34.0	NeuronSpectrum 17.06.2026 14:10:28	EEG	checkup_155_17.06.2026 14:10:28	500.0	499.6666666666667	True	0.5	40.0	4	True	50.0	30.0	866.3648681640625	760.7804975489046	-5.3983635902404785	-8.505775344386743	-6.836181163787842	-9.66231235344089	-2.36397385597229	-6.379911779582143	-8.086504936218262	-10.216251449108892	-9.84133243560791	-9.786758845491006	-0.3172524869441986	-6.306158972294286	0.16182346642017365	-1.1517305890531584	0.0	0.0	0.0	0.0
16.29189658164978	1781696480.0	1781696480.2601702	6	12.0	14.0	32.0	34.0	NeuronSpectrum 17.06.2026 14:10:28	EEG	checkup_155_17.06.2026 14:10:28	500.0	499.6666666666667	True	0.5	40.0	4	True	50.0	30.0	866.5645141601562	770.4232565155419	-11.535005569458008	-11.231227931134864	-13.698073387145996	-12.734496984133497	-11.733101844787598	-10.1684327361694	-14.442562103271484	-13.09660105240349	-17.153215408325195	-12.769206191429964	-9.432844161987305	-10.055677915932486	2.232511043548584	0.10521088960272397	0.0	0.0	0.0	0.0
16.291898488998413	1781696480.0	1781696480.2601721	6	12.0	14.0	32.0	34.0	NeuronSpectrum 17.06.2026 14:10:28	EEG	checkup_155_17.06.2026 14:10:28	500.0	499.6666666666667	True	0.5	40.0	4	True	50.0	30.0	861.1643676757812	778.2781640593054	-18.47979164123535	-13.580436219014691	-21.27618408203125	-15.50499366834373	-21.343481063842773	-13.768834061841227	-21.40621566772461	-15.590788948182375	-24.088171005249023	-15.25680792443799	-18.789846420288086	-13.648958540465319	3.0863170623779297	1.0061900444567426	0.0	0.0	0.0	0.0
16.291899919509888	1781696480.0	1781696480.2601736	6	12.0	14.0	32.0	34.0	NeuronSpectrum 17.06.2026 14:10:28	EEG	checkup_155_17.06.2026 14:10:28	500.0	499.6666666666667	True	0.5	40.0	4	True	50.0	30.0	848.888671875	782.7657786883659	-23.666549682617188	-15.16706122041889	-26.897415161132812	-17.526363065009654	-27.809396743774414	-16.605674327770657	-26.404861450195312	-17.28367022965599	-28.187196731567383	-16.786502402133383	-25.307750701904297	-16.495810664711474	2.537932872772217	1.542283567629806	0.0	0.0	0.0	0.0
16.291901350021362	1781696480.0	1781696480.260175	6	12.0	14.0	32.0	34.0	NeuronSpectrum 17.06.2026 14:10:28	EEG	checkup_155_17.06.2026 14:10:28	500.0	499.6666666666667	True	0.5	40.0	4	True	50.0	30.0	837.88232421875	782.7877891616147	-24.599000930786133	-15.743058718380016	-28.103382110595703	-18.491156856454037	-28.452136993408203	-18.259018600900298	-27.11928367614746	-17.911565577529217	-28.074949264526367	-17.080573721276632	-26.682872772216797	-18.155770798056917	1.0489258766174316	1.7835431237073205	0.0	0.0	0.0	0.0
16.291903257369995	1781696480.0	1781696480.260177	6	12.0	14.0	32.0	34.0	NeuronSpectrum 17.06.2026 14:10:28	EEG	checkup_155_17.06.2026 14:10:28	500.0	499.6666666666667	True	0.5	40.0	4	True	50.0	30.0	843.2794189453125	777.7888547310171	-20.34877586364746	-15.267019514952496	-24.092775344848633	-18.310027731504018	-22.888504028320312	-18.56256038694049	-22.907743453979492	-17.430095139119388	-24.28510284423828	-16.11403510801701	-22.622272491455078	-18.440931772327513	-0.43816542625427246	1.8478071056360228	0.0	0.0	0.0	0.0
16.29190468788147	1781696480.0	1781696480.2601783	6	12.0	14.0	32.0	34.0	NeuronSpectrum 17.06.2026 14:10:28	EEG	checkup_155_17.06.2026 14:10:28	500.0	499.6666666666667	True	0.5	40.0	4	True	50.0	30.0	874.8189086914062	767.8475081916893	-12.534046173095703	-13.916071161305995	-16.557701110839844	-17.13042345086289	-13.759283065795898	-17.62902420866994	-15.545397758483887	-16.023437775676896	-18.891891479492188	-14.115956925718736	-15.218926429748535	-17.44788525840341	-1.0376290082931519	1.8595318482913332	0.0	0.0	0.0	0.0
16.291906356811523	1781696480.0	1781696480.26018	6	12.0	14.0	32.0	34.0	NeuronSpectrum 17.06.2026 14:10:28	EEG	checkup_155_17.06.2026 14:10:28	500.0	499.6666666666667	True	0.5	40.0	4	True	50.0	30.0	921.8319091796875	753.8031735835108	-4.892256736755371	-12.035669309339916	-9.133838653564453	-15.289593332008286	-5.7514848709106445	-15.797929677110263	-8.562738418579102	-14.051225348822427	-14.076630592346191	-11.506931541462908	-8.037978172302246	-15.512662543395466	-0.4563215672969818	1.9110790394386987	0.0	0.0	0.0	0.0
16.291908025741577	1781696480.0	1781696480.2601817	6	12.0	14.0	32.0	34.0	NeuronSpectrum 17.06.2026 14:10:28	EEG	checkup_155_17.06.2026 14:10:28	500.0	499.6666666666667	True	0.5	40.0	4	True	50.0	30.0	948.6902465820312	737.3318145332055	-1.3521186113357544	-10.044294613748558	-5.499481678009033	-13.218646575792048	-3.0659408569335938	-13.528034018274154	-5.3283562660217285	-11.950984618458465	-10.67227840423584	-8.793454871364327	-4.268970966339111	-13.108179414524612	0.8653110861778259	2.0374650859529764	0.0	0.0	0.0	0.0
16.29190969467163	1781696480.0	1781696480.2601833	6	12.0	14.0	32.0	34.0	NeuronSpectrum 17.06.2026 14:10:28	EEG	checkup_155_17.06.2026 14:10:28	500.0	499.6666666666667	True	0.5	40.0	4	True	50.0	30.0	909.1015625	720.8255181351567	-3.602699041366577	-8.325880520008813	-7.143463134765625	-11.330467557693929	-6.7008843421936035	-11.273626229330707	-6.96840238571167	-10.12852741417453	-7.870919227600098	-6.4500963892646945	-4.987947940826416	-10.720198414249191	2.120013952255249	2.2106627954030773	0.0	0.0	0.0	0.0
16.291910886764526	1781696480.0	1781696480.2601845	6	12.0	14.0	32.0	34.0	NeuronSpectrum 17.06.2026 14:10:28	EEG	checkup_155_17.06.2026 14:10:28	500.0	499.6666666666667	True	0.5	40.0	4	True	50.0	30.0	773.9027099609375	706.9769901499513	-9.712063789367676	-7.144340648484368	-12.218327522277832	-9.926462976028208	-13.349699974060059	-9.38341207111786	-11.476621627807617	-8.869710146880708	-4.366265773773193	-4.820309998772361	-8.590564727783203	-8.73931458639677	2.702407121658325	2.3532415164648013	0.0	0.0	0.0	0.0
16.29191279411316	1781696480.0	1781696480.2601864	6	12.0	14.0	32.0	34.0	NeuronSpectrum 17.06.2026 14:10:28	EEG	checkup_155_17.06.2026 14:10:28	500.0	499.6666666666667	True	0.5	40.0	4	True	50.0	30.0	554.4713134765625	698.1276596288551	-14.897079467773438	-6.60200778784076	-16.369298934936523	-9.145623067335434	-16.947566986083984	-8.045315218148382	-14.729002952575684	-8.295200483805699	0.012390077114105225	-4.058777874165047	-11.792025566101074	-7.394403758955756	2.575319528579712	2.3658115478308397	0.0	0.0	0.0	0.0
16.342740774154663	1781696480.0	1781696480.3110144	6	12.0	14.0	32.0	34.0	NeuronSpectrum 17.06.2026 14:10:28	EEG	checkup_155_17.06.2026 14:10:28	500.0	499.6666666666667	True	0.5	40.0	4	True	50.0	30.0	858.0064086914062	695.6168238360042	-8.204461097717285	-6.644958656387514	-11.126086235046387	-8.96147296544492	-8.457869529724121	-7.280188740309658	-11.62338638305664	-8.362360906876317	-13.170384407043457	-4.125458323767962	-7.1247663497924805	-6.735020187959987	4.061145782470703	2.15982365446611	0.0	0.0	0.0	0.0
16.34274697303772	1781696480.0	1781696480.3110206	6	12.0	14.0	32.0	34.0	NeuronSpectrum 17.06.2026 14:10:28	EEG	checkup_155_17.06.2026 14:10:28	500.0	499.6666666666667	True	0.5	40.0	4	True	50.0	30.0	859.4210815429688	699.4193182575717	-9.471025466918945	-7.103250194585289	-12.266227722167969	-9.217495379865817	-8.512353897094727	-6.973006969581042	-12.706896781921387	-8.903795914062565	-14.108724594116211	-4.826633995511886	-7.563694477081299	-6.655348759948988	2.9493627548217773	1.6868672415956456	0.0	0.0	0.0	0.0
16.34274911880493	1781696480.0	1781696480.3110228	6	12.0	14.0	32.0	34.0	NeuronSpectrum 17.06.2026 14:10:28	EEG	checkup_155_17.06.2026 14:10:28	500.0	499.6666666666667	True	0.5	40.0	4	True	50.0	30.0	867.7443237304688	708.2147238737036	-9.807330131530762	-7.748324046921873	-12.606243133544922	-9.684542991988401	-8.052042961120605	-6.9255650634921775	-12.904175758361816	-9.685266670084646	-14.082436561584473	-5.88484434388432	-7.816461086273193	-6.945101780565898	1.3961842060089111	0.9571643363990961	0.0	0.0	0.0	0.0
16.342751264572144	1781696480.0	1781696480.311025	6	12.0	14.0	32.0	34.0	NeuronSpectrum 17.06.2026 14:10:28	EEG	checkup_155_17.06.2026 14:10:28	500.0	499.6666666666667	True	0.5	40.0	4	True	50.0	30.0	880.718505859375	719.8027935850198	-9.465348243713379	-8.351208258185274	-12.298100471496582	-10.123301971989134	-7.385368824005127	-6.91612252787915	-12.59814739227295	-10.465688207513335	-13.612717628479004	-7.013128021001178	-7.996046543121338	-7.35180019683274	-0.2671455442905426	0.04298045654506846	0.0	0.0	0.0	0.0
16.342752933502197	1781696480.0	1781696480.3110266	6	12.0	14.0	32.0	34.0	NeuronSpectrum 17.06.2026 14:10:28	EEG	checkup_155_17.06.2026 14:10:28	500.0	499.6666666666667	True	0.5	40.0	4	True	50.0	30.0	890.6470947265625	731.6450074533635	-8.668586730957031	-8.729009538897015	-11.401472091674805	-10.337386760814285	-6.375683784484863	-6.7534877198243475	-12.036585807800293	-11.045567952323834	-13.15391731262207	-7.972808907698755	-7.870537757873535	-7.640515204985117	-1.7926443815231323	-0.933410115875639	0.0	0.0	0.0	0.0
16.34275484085083	1781696480.0	1781696480.3110285	6	12.0	14.0	32.0	34.0	NeuronSpectrum 17.06.2026 14:10:28	EEG	checkup_155_17.06.2026 14:10:28	500.0	499.6666666666667	True	0.5	40.0	4	True	50.0	30.0	888.104248046875	741.3336915802217	-7.601901054382324	-8.771644634835598	-9.990904808044434	-10.20668122928287	-4.820457935333252	-6.31492237720128	-11.315888404846191	-11.29553687567834	-12.885726928710938	-8.605031383621265	-7.162769317626953	-7.639713176274086	-3.0141916275024414	-1.823768327834195	0.0	0.0	0.0	0.0
16.342756748199463	1781696480.0	1781696480.3110304	6	12.0	14.0	32.0	34.0	NeuronSpectrum 17.06.2026 14:10:28	EEG	checkup_155_17.06.2026 14:10:28	500.0	499.6666666666667	True	0.5	40.0	4	True	50.0	30.0	870.2341918945312	746.8992188103991	-6.604694843292236	-8.446331630436331	-8.43714714050293	-9.696466220069757	-3.052341938018799	-5.561222285072215	-10.623083114624023	-11.162901640797273	-12.712340354919434	-8.837350570830806	-5.973536014556885	-7.265857521862656	-3.8240132331848145	-2.4838810512370557	0.0	0.0	0.0	0.0
16.342758417129517	1781696480.0	1781696480.311032	6	12.0	14.0	32.0	34.0	NeuronSpectrum 17.06.2026 14:10:28	EEG	checkup_155_17.06.2026 14:10:28	500.0	499.6666666666667	True	0.5	40.0	4	True	50.0	30.0	847.4524536132812	746.9743551768161	-6.220391750335693	-7.783701032721476	-7.450074672698975	-8.845068696473314	-2.0351829528808594	-4.529105111410042	-10.3593111038208	-10.660357348883178	-12.371888160705566	-8.672984735636074	-4.851065158843994	-6.525063770456244	-4.125744819641113	-2.8024605855369837	0.0	0.0	0.0	0.0
16.34276032447815	1781696480.0	1781696480.311034	6	12.0	14.0	32.0	34.0	NeuronSpectrum 17.06.2026 14:10:28	EEG	checkup_155_17.06.2026 14:10:28	500.0	499.6666666666667	True	0.5	40.0	4	True	50.0	30.0	840.3507690429688	740.8955628061306	-6.870078086853027	-6.854345063192555	-7.664048194885254	-7.738832865100757	-2.6438851356506348	-3.308154621836238	-10.891263008117676	-9.84530678452907	-11.629281997680664	-8.171371633023627	-4.384110450744629	-5.496011532576311	-3.8156089782714844	-2.7224929351179106	0.0	0.0	0.0	0.0
16.342761993408203	1781696480.0	1781696480.3110356	6	12.0	14.0	32.0	34.0	NeuronSpectrum 17.06.2026 14:10:28	EEG	checkup_155_17.06.2026 14:10:28	500.0	499.6666666666667	True	0.5	40.0	4	True	50.0	30.0	864.5211181640625	728.815224050816	-8.301032066345215	-5.745895879480702	-8.984114646911621	-6.4854883930819724	-4.618908882141113	-2.013370131239528	-12.055983543395996	-8.799010013605761	-10.52155590057373	-7.426628213118169	-4.644918441772461	-4.302341202870073	-2.8364884853363037	-2.25042765984681	0.0	0.0	0.0	0.0
16.342763900756836	1781696480.0	1781696480.3110375	6	12.0	14.0	32.0	34.0	NeuronSpectrum 17.06.2026 14:10:28	EEG	checkup_155_17.06.2026 14:10:28	500.0	499.6666666666667	True	0.5	40.0	4	True	50.0	30.0	911.8944702148438	711.8285310631618	-9.302430152893066	-4.547633962762109	-10.233880996704102	-5.194410347323421	-6.189487457275391	-0.7627677010589785	-12.8641939163208	-7.611771217970884	-9.481743812561035	-6.547842853463565	-4.963837146759033	-3.083412602853058	-1.2693657875061035	-1.4514482362195342	0.0	0.0	0.0	0.0
16.34276533126831	1781696480.0	1781696480.311039	6	12.0	14.0	32.0	34.0	NeuronSpectrum 17.06.2026 14:10:28	EEG	checkup_155_17.06.2026 14:10:28	500.0	499.6666666666667	True	0.5	40.0	4	True	50.0	30.0	944.0347290039062	692.0200710788754	-8.174450874328613	-3.3438951682512954	-9.598845481872559	-3.96635554561038	-5.025831699371338	0.33630196743442686	-11.846256256103516	-6.375202265559842	-9.1314115524292	-5.643201315089438	-4.299323558807373	-1.9697933318672065	0.5786004066467285	-0.43248377555977285	0.0	0.0	0.0	0.0
16.342767238616943	1781696480.0	1781696480.3110409	6	12.0	14.0	32.0	34.0	NeuronSpectrum 17.06.2026 14:10:28	EEG	checkup_155_17.06.2026 14:10:28	500.0	499.6666666666667	True	0.5	40.0	4	True	50.0	30.0	907.5407104492188	672.2781099584151	-3.925694227218628	-2.2126214510918105	-5.824073314666748	-2.8896335172009566	-0.12240006774663925	1.1943560166955376	-8.040242195129395	-5.1783284546621875	-9.733985900878906	-4.808828157282045	-2.019214153289795	-1.0660997081781662	2.2052440643310547	0.682115606120144	0.0	0.0	0.0	0.0
16.342768669128418	1781696480.0	1781696480.3110423	6	12.0	14.0	32.0	34.0	NeuronSpectrum 17.06.2026 14:10:28	EEG	checkup_155_17.06.2026 14:10:28	500.0	499.6666666666667	True	0.5	40.0	4	True	50.0	30.0	765.876708984375	655.7801104827823	2.4986753463745117	-1.224384647902994	0.5202033519744873	-2.037888788195915	6.709689617156982	1.7446572826532951	-2.0474905967712402	-4.103626652630154	-10.664766311645508	-4.122351426854609	1.4215956926345825	-0.44122117196089683	3.101853847503662	1.7752449653443911	0.0	0.0	0.0	0.0
16.34277033805847	1781696480.0	1781696480.311044	6	12.0	14.0	32.0	34.0	NeuronSpectrum 17.06.2026 14:10:28	EEG	checkup_155_17.06.2026 14:10:28	500.0	499.6666666666667	True	0.5	40.0	4	True	50.0	30.0	527.2764282226562	645.2297013789052	8.01810073852539	-0.4403639280674253	6.731359958648682	-1.4674957068412566	11.149064064025879	1.947082931461988	3.7308359146118164	-3.222198337904516	-10.377543449401855	-3.6403565276011824	4.46522331237793	-0.12560789342291484	3.0225977897644043	2.7551348508432856	0.0	0.0	0.0	0.0
16.393728017807007	1781696480.0	1781696480.3620017	6	12.0	14.0	32.0	34.0	NeuronSpectrum 17.06.2026 14:10:28	EEG	checkup_155_17.06.2026 14:10:28	500.0	499.6666666666667	True	0.5	40.0	4	True	50.0	30.0	872.0048828125	642.120799805435	-1.9121344089508057	0.08835085435558251	-3.5217556953430176	-1.2167408184038255	1.846301794052124	1.7883155445514638	-5.516671180725098	-2.5909954218120843	-6.264342784881592	-3.39857762374875	0.9508711695671082	-0.1160556684505504	2.952052116394043	3.5624954134226945	0.0	0.0	0.0	0.0
16.39373278617859	1781696480.0	1781696480.3620064	6	12.0	14.0	32.0	34.0	NeuronSpectrum 17.06.2026 14:10:28	EEG	checkup_155_17.06.2026 14:10:28	500.0	499.6666666666667	True	0.5	40.0	4	True	50.0	30.0	870.6846313476562	646.3522415863224	-2.0397093296051025	0.31758981905097555	-3.9221577644348145	-1.3096651498980996	0.7952025532722473	1.275417362896561	-5.8611650466918945	-2.2550694085617353	-7.0523681640625	-3.4142722100162666	-0.5011112093925476	-0.38796089486002727	2.184262275695801	4.166628724789638	0.0	0.0	0.0	0.0
16.3937349319458	1781696480.0	1781696480.3620086	6	12.0	14.0	32.0	34.0	NeuronSpectrum 17.06.2026 14:10:28	EEG	checkup_155_17.06.2026 14:10:28	500.0	499.6666666666667	True	0.5	40.0	4	True	50.0	30.0	871.078857421875	656.3448399391457	-2.2392830848693848	0.20472693118324675	-4.52435302734375	-1.7634059070471273	-1.0779838562011719	0.42418369986234067	-6.143649578094482	-2.2534287701221136	-8.244449615478516	-3.690922571299634	-2.428938388824463	-0.9123426127399965	2.0661802291870117	4.5547909419394	0.0	0.0	0.0	0.0
16.393737077713013	1781696480.0	1781696480.3620107	6	12.0	14.0	32.0	34.0	NeuronSpectrum 17.06.2026 14:10:28	EEG	checkup_155_17.06.2026 14:10:28	500.0	499.6666666666667	True	0.5	40.0	4	True	50.0	30.0	873.9082641601562	669.5499241307978	-2.503666877746582	-0.29324661042274086	-5.25466775894165	-2.5934224769436733	-3.2377636432647705	-0.7517265151612548	-6.223574161529541	-2.6226122984607607	-9.373590469360352	-4.224696149806117	-4.116250038146973	-1.6717376008190254	2.941117286682129	4.7216212414113805	0.0	0.0	0.0	0.0
16.393738746643066	1781696480.0	1781696480.3620124	6	12.0	14.0	32.0	34.0	NeuronSpectrum 17.06.2026 14:10:28	EEG	checkup_155_17.06.2026 14:10:28	500.0	499.6666666666667	True	0.5	40.0	4	True	50.0	30.0	874.8780517578125	683.0861707102914	-3.1042051315307617	-1.2133885434828193	-6.293776512145996	-3.811091086477301	-5.346787452697754	-2.244545427474741	-6.3635149002075195	-3.392343533284208	-10.099011421203613	-5.009896958307681	-5.239285469055176	-2.6681140086907664	4.524838447570801	4.664846220943278	0.0	0.0	0.0	0.0
16.3937406539917	1781696480.0	1781696480.3620143	6	12.0	14.0	32.0	34.0	NeuronSpectrum 17.06.2026 14:10:28	EEG	checkup_155_17.06.2026 14:10:28	500.0	499.6666666666667	True	0.5	40.0	4	True	50.0	30.0	867.1941528320312	694.2711221973746	-4.276432991027832	-2.5724354745766824	-7.791221618652344	-5.4127169193596005	-7.208995819091797	-4.046429645692532	-6.945324420928955	-4.5725331391211315	-10.347071647644043	-6.039111743780909	-5.904595375061035	-3.9182988916374155	6.0096211433410645	4.389744032218046	0.0	0.0	0.0	0.0
16.393742322921753	1781696480.0	1781696480.362016	6	12.0	14.0	32.0	34.0	NeuronSpectrum 17.06.2026 14:10:28	EEG	checkup_155_17.06.2026 14:10:28	500.0	499.6666666666667	True	0.5	40.0	4	True	50.0	30.0	849.4588012695312	700.9459551541776	-5.8473076820373535	-4.34936558652276	-9.527597427368164	-7.363878174936258	-8.523258209228516	-6.1354607539031765	-8.050551414489746	-6.136263936324619	-10.39613151550293	-7.295203706045901	-6.3629279136657715	-5.436909629735226	6.505828857421875	3.9196443999944477	0.0	0.0	0.0	0.0
16.393744230270386	1781696480.0	1781696480.3620179	6	12.0	14.0	32.0	34.0	NeuronSpectrum 17.06.2026 14:10:28	EEG	checkup_155_17.06.2026 14:10:28	500.0	499.6666666666667	True	0.5	40.0	4	True	50.0	30.0	832.4767456054688	701.6239397087929	-7.233601093292236	-6.4712072025138605	-10.942797660827637	-9.585006133703908	-8.895500183105469	-8.457770115185484	-9.3381986618042	-8.005724428661928	-10.877601623535156	-8.736720196331357	-6.773644924163818	-7.211432822209837	5.556203842163086	3.305683217376098	0.0	0.0	0.0	0.0
16.39374566078186	1781696480.0	1781696480.3620193	6	12.0	14.0	32.0	34.0	NeuronSpectrum 17.06.2026 14:10:28	EEG	checkup_155_17.06.2026 14:10:28	500.0	499.6666666666667	True	0.5	40.0	4	True	50.0	30.0	836.0726928710938	695.5675373709746	-7.955547332763672	-8.806729338939787	-11.634949684143066	-11.943267088411083	-8.310943603515625	-10.910810419007626	-10.400700569152832	-10.046919218226785	-12.538376808166504	-10.283173697566927	-7.267040252685547	-9.177359253591748	3.407128095626831	2.6283824687090527	0.0	0.0	0.0	0.0
16.393747568130493	1781696480.0	1781696480.3620212	6	12.0	14.0	32.0	34.0	NeuronSpectrum 17.06.2026 14:10:28	EEG	checkup_155_17.06.2026 14:10:28	500.0	499.6666666666667	True	0.5	40.0	4	True	50.0	30.0	873.3004150390625	682.8927172460712	-8.29389476776123	-11.170185196885484	-11.94398307800293	-14.253967519563275	-7.688032150268555	-13.333282596327221	-11.30159854888916	-12.076031122327551	-15.685547828674316	-11.808830407512884	-8.171600341796875	-11.202360106229436	0.9021130800247192	1.9869491171734004	0.0	0.0	0.0	0.0
16.393749237060547	1781696480.0	1781696480.3620229	6	12.0	14.0	32.0	34.0	NeuronSpectrum 17.06.2026 14:10:28	EEG	checkup_155_17.06.2026 14:10:28	500.0	499.6666666666667	True	0.5	40.0	4	True	50.0	30.0	931.2782592773438	664.714414404415	-9.401552200317383	-13.335734814029777	-12.984185218811035	-16.29327212746202	-8.750140190124512	-15.507663672769517	-12.712759017944336	-13.877383255163735	-19.567548751831055	-13.15122481850169	-10.009547233581543	-13.087143582247208	-0.9613901376724243	1.4779576041860831	0.0	0.0	0.0	0.0
16.39375114440918	1781696480.0	1781696480.3620248	6	12.0	14.0	32.0	34.0	NeuronSpectrum 17.06.2026 14:10:28	EEG	checkup_155_17.06.2026 14:10:28	500.0	499.6666666666667	True	0.5	40.0	4	True	50.0	30.0	965.2532348632812	643.22675041849	-12.509554862976074	-15.062432411846432	-15.850340843200684	-17.82287876698516	-12.869730949401855	-17.180442633272996	-15.347333908081055	-15.230806761017446	-22.280256271362305	-14.134371953365164	-13.074275016784668	-14.58694428223039	-1.54608154296875	1.1704764726687904	0.0	0.0	0.0	0.0
16.393752813339233	1781696480.0	1781696480.3620265	6	12.0	14.0	32.0	34.0	NeuronSpectrum 17.06.2026 14:10:28	EEG	checkup_155_17.06.2026 14:10:28	500.0	499.6666666666667	True	0.5	40.0	4	True	50.0	30.0	916.564697265625	621.5380031830833	-17.599891662597656	-16.128156563927956	-20.40543556213379	-18.62513978312722	-19.46739959716797	-18.101232578356438	-18.987594604492188	-15.944421882028566	-21.59606170654297	-14.59989716143227	-16.8188419342041	-15.451976559613685	-0.8641058206558228	1.08707028077076	0.0	0.0	0.0	0.0
16.393754720687866	1781696480.0	1781696480.3620284	6	12.0	14.0	32.0	34.0	NeuronSpectrum 17.06.2026 14:10:28	EEG	checkup_155_17.06.2026 14:10:28	500.0	499.6666666666667	True	0.5	40.0	4	True	50.0	30.0	747.8003540039062	603.1362521239992	-22.577402114868164	-16.36739571925874	-24.607669830322266	-18.54313125083783	-25.271209716796875	-18.074573102421486	-21.922609329223633	-15.886799830983536	-16.459232330322266	-14.436129209348005	-19.6448974609375	-15.478720081916554	0.5191901922225952	1.1982975562594227	0.0	0.0	0.0	0.0
16.39375615119934	1781696480.0	1781696480.3620298	6	12.0	14.0	32.0	34.0	NeuronSpectrum 17.06.2026 14:10:28	EEG	checkup_155_17.06.2026 14:10:28	500.0	499.6666666666667	True	0.5	40.0	4	True	50.0	30.0	472.5603942871094	591.0589780718228	-23.857452392578125	-15.70346233542468	-25.146377563476562	-17.51559220453331	-25.457958221435547	-17.01023444950159	-21.481613159179688	-15.01070869750689	-8.16470718383789	-13.597452815179713	-19.499923706054688	-14.558627922420662	1.8621928691864014	1.4331256538658712	0.0	0.0	0.0	0.0
16.393758296966553	1781696480.0	1781696480.362032	6	12.0	14.0	32.0	34.0	NeuronSpectrum 17.06.2026 14:10:28	EEG	checkup_155_17.06.2026 14:10:28	500.0	499.6666666666667	True	0.5	40.0	4	True	50.0	30.0	849.4639282226562	587.0646095235276	-17.35987663269043	-14.163892095166899	-20.53380584716797	-15.594677085507813	-20.461196899414062	-14.954143637106373	-18.272491455078125	-13.36086787996155	-22.755233764648438	-12.111391263259957	-18.878498077392578	-12.70920233634079	5.934085845947266	1.7012953318623023	0.0	0.0	0.0	0.0
16.393759727478027	1781696480.0	1781696480.3620334	6	12.0	14.0	32.0	34.0	NeuronSpectrum 17.06.2026 14:10:28	EEG	checkup_155_17.06.2026 14:10:28	500.0	499.6666666666667	True	0.5	40.0	4	True	50.0	30.0	846.7332763671875	591.1682073071221	-12.612638473510742	-11.871607525122291	-15.214446067810059	-12.937931299944125	-14.09292984008789	-12.086371502755643	-13.658905029296875	-11.0617722991516	-18.085987091064453	-10.07405924531061	-12.994128227233887	-10.076016992376076	5.242176055908203	1.9187606914378328	0.0	0.0	0.0	0.0
16.39376163482666	1781696480.0	1781696480.3620353	6	12.0	14.0	32.0	34.0	NeuronSpectrum 17.06.2026 14:10:28	EEG	checkup_155_17.06.2026 14:10:28	500.0	499.6666666666667	True	0.5	40.0	4	True	50.0	30.0	853.0497436523438	601.723857725211	-6.475325584411621	-9.013401914000502	-8.215753555297852	-9.774572778796225	-5.665317058563232	-8.684115797005903	-7.708011150360107	-8.288155533682572	-11.709935188293457	-7.634286128026415	-5.204614639282227	-6.902934898215805	2.863273859024048	2.026240688671572	0.0	0.0	0.0	0.0
16.393763303756714	1781696480.0	1781696480.362037	6	12.0	14.0	32.0	34.0	NeuronSpectrum 17.06.2026 14:10:28	EEG	checkup_155_17.06.2026 14:10:28	500.0	499.6666666666667	True	0.5	40.0	4	True	50.0	30.0	866.5159301757812	615.9502927895901	-0.8639523983001709	-5.796862425527144	-1.8230338096618652	-6.356240015018881	2.002579689025879	-5.0610516699166475	-2.246182441711426	-5.227382527118405	-5.737987995147705	-4.967186585076281	1.8232226371765137	-3.4789546693925573	0.15925848484039307	1.9946581254077276	0.0	0.0	0.0	0.0
16.393765211105347	1781696480.0	1781696480.3620389	6	12.0	14.0	32.0	34.0	NeuronSpectrum 17.06.2026 14:10:28	EEG	checkup_155_17.06.2026 14:10:28	500.0	499.6666666666667	True	0.5	40.0	4	True	50.0	30.0	877.8369140625	630.6250708640358	2.7107772827148438	-2.4117039356611096	2.1511261463165283	-2.908859198467921	6.618104457855225	-1.5035202526893139	1.2369576692581177	-2.04675062211645	-2.1124300956726074	-2.24295993391249	5.889947891235352	-0.07937055852813457	-1.3819382190704346	1.81824776219047	0.0	0.0	0.0	0.0
16.3937668800354	1781696480.0	1781696480.3620405	6	12.0	14.0	32.0	34.0	NeuronSpectrum 17.06.2026 14:10:28	EEG	checkup_155_17.06.2026 14:10:28	500.0	499.6666666666667	True	0.5	40.0	4	True	50.0	30.0	875.0555419921875	642.6953057261354	3.894378662109375	0.9907520621119309	3.2766036987304688	0.39804790839800097	7.5117411613464355	1.7751681868724545	2.3595683574676514	1.1227673303886627	-1.4837522506713867	0.39738041030040305	6.433765888214111	3.0785141913278014	-1.0592572689056396	1.502376596240227	0.0	0.0	0.0	0.0
16.393768548965454	1781696480.0	1781696480.3620422	6	12.0	14.0	32.0	34.0	NeuronSpectrum 17.06.2026 14:10:28	EEG	checkup_155_17.06.2026 14:10:28	500.0	499.6666666666667	True	0.5	40.0	4	True	50.0	30.0	854.0888671875	649.6852528547664	3.531391143798828	4.294324032962873	2.543153762817383	3.455533392455866	5.728934288024902	4.6488329434089435	1.9394739866256714	4.181363263103661	-2.76804256439209	2.8481018579081776	4.707854270935059	5.851287797733421	0.5996818542480469	1.0547490437378721	0.0	0.0	0.0	0.0
16.393770217895508	1781696480.0	1781696480.3620439	6	12.0	14.0	32.0	34.0	NeuronSpectrum 17.06.2026 14:10:28	EEG	checkup_155_17.06.2026 14:10:28	500.0	499.6666666666667	True	0.5	40.0	4	True	50.0	30.0	827.1555786132812	649.915133889496	3.060422897338867	7.39582342410442	1.6050126552581787	6.195010703000918	3.218309164047241	7.060662271101946	1.4135348796844482	7.038195572626216	-3.7379255294799805	5.024494633527842	2.9080543518066406	8.156121506732813	2.198974847793579	0.4848587514772622	0.0	0.0	0.0	0.0
16.39377188682556	1781696480.0	1781696480.3620455	6	12.0	14.0	32.0	34.0	NeuronSpectrum 17.06.2026 14:10:28	EEG	checkup_155_17.06.2026 14:10:28	500.0	499.6666666666667	True	0.5	40.0	4	True	50.0	30.0	819.0029907226562	642.6237166598714	3.7290022373199463	10.177535637075456	1.825347661972046	8.55622262182233	1.804229736328125	8.986485045664352	2.026928663253784	9.584752758377201	-2.394568920135498	6.838471839793372	2.8664677143096924	9.940827188457432	2.390062093734741	-0.18989270190999213	0.0	0.0	0.0	0.0
16.393773317337036	1781696480.0	1781696480.362047	6	12.0	14.0	32.0	34.0	NeuronSpectrum 17.06.2026 14:10:28	EEG	checkup_155_17.06.2026 14:10:28	500.0	499.6666666666667	True	0.5	40.0	4	True	50.0	30.0	848.3114624023438	628.0856229745815	6.1179118156433105	12.49092749107594	3.743346929550171	10.46095336177125	2.5966672897338867	10.39941171881031	4.304473400115967	11.679599371584281	1.6666048765182495	8.181752688777747	5.132199764251709	11.156922747002938	0.7506100535392761	-0.9377218199991365	0.0	0.0	0.0	0.0
16.393775463104248	1781696480.0	1781696480.362049	6	12.0	14.0	32.0	34.0	NeuronSpectrum 17.06.2026 14:10:28	EEG	checkup_155_17.06.2026 14:10:28	500.0	499.6666666666667	True	0.5	40.0	4	True	50.0	30.0	905.0262451171875	607.7340040054114	10.113679885864258	14.164070109540912	7.1563520431518555	11.807323627051998	5.9106292724609375	11.254631248871718	8.018073081970215	13.156602468413052	6.8073272705078125	8.931714323475886	8.916119575500488	11.752535566568897	-1.9634524583816528	-1.7119978594698182	0.0	0.0	0.0	0.0
16.3937771320343	1781696480.0	1781696480.3620508	6	12.0	14.0	32.0	34.0	NeuronSpectrum 17.06.2026 14:10:28	EEG	checkup_155_17.06.2026 14:10:28	500.0	499.6666666666667	True	0.5	40.0	4	True	50.0	30.0	942.4470825195312	584.1820415589326	15.072548866271973	15.035213556645262	11.477276802062988	12.490086148218488	11.2900972366333	11.503078538792737	12.443587303161621	13.859072888270708	10.2411527633667	8.983052755059783	12.745744705200195	11.690711424998671	-4.320611000061035	-2.4587532121368865	0.0	0.0	0.0	0.0
16.393778800964355	1781696480.0	1781696480.3620524	6	12.0	14.0	32.0	34.0	NeuronSpectrum 17.06.2026 14:10:28	EEG	checkup_155_17.06.2026 14:10:28	500.0	499.6666666666667	True	0.5	40.0	4	True	50.0	30.0	896.207275390625	560.9673875537235	19.876724243164062	15.002655467160517	15.912548065185547	12.440003808464553	17.347719192504883	11.128092867060984	16.57712173461914	13.690227007552137	9.84652042388916	8.293581038415345	15.272391319274902	10.984499281526851	-5.145107746124268	-3.1284541220586743	0.0	0.0	0.0	0.0
16.39378023147583	1781696480.0	1781696480.3620539	6	12.0	14.0	32.0	34.0	NeuronSpectrum 17.06.2026 14:10:28	EEG	checkup_155_17.06.2026 14:10:28	500.0	499.6666666666667	True	0.5	40.0	4	True	50.0	30.0	722.9309692382812	541.9088825952192	22.8799991607666	14.071410972973068	19.325143814086914	11.66512527042164	21.628164291381836	10.186178854150008	19.182939529418945	12.660794907217044	5.759282112121582	6.923014889593102	15.717474937438965	9.729836598276867	-4.196867942810059	-3.685298417889623	0.0	0.0	0.0	0.0
16.393782138824463	1781696480.0	1781696480.3620558	6	12.0	14.0	32.0	34.0	NeuronSpectrum 17.06.2026 14:10:28	EEG	checkup_155_17.06.2026 14:10:28	500.0	499.6666666666667	True	0.5	40.0	4	True	50.0	30.0	433.7076721191406	530.176495890231	22.094633102416992	12.374823775099008	20.140336990356445	10.273194177272698	21.087970733642578	8.82784660475855	18.889617919921875	10.911954130329098	0.623285174369812	5.04457822151862	13.863387107849121	8.115756861078808	-2.2138330936431885	-4.1090407791832675	0.0	0.0	0.0	0.0
16.444669008255005	1781696480.0	1781696480.4129426	6	12.0	14.0	32.0	34.0	NeuronSpectrum 17.06.2026 14:10:28	EEG	checkup_155_17.06.2026 14:10:28	500.0	499.6666666666667	True	0.5	40.0	4	True	50.0	30.0	845.6370239257812	527.4105342197668	5.668222904205322	10.156854587489857	3.217486619949341	8.460434441268035	2.7847554683685303	7.281351255848702	3.5435266494750977	8.698708506130885	-2.6045398712158203	2.919963740507488	2.1123974323272705	6.400037903264273	-2.0739972591400146	-4.389613896484294	0.0	0.0	0.0	0.0
16.44467544555664	1781696480.0	1781696480.412949	6	12.0	14.0	32.0	34.0	NeuronSpectrum 17.06.2026 14:10:28	EEG	checkup_155_17.06.2026 14:10:28	500.0	499.6666666666667	True	0.5	40.0	4	True	50.0	30.0	846.7509155273438	533.2829413453294	0.8812241554260254	7.716931725723034	-0.8789988160133362	6.466714733542179	-1.0829949378967285	5.799760638479453	-1.4960250854492188	6.334280812377963	-7.318197250366211	0.8430310491667944	-1.8268986940383911	4.853913544614884	-3.232887029647827	-4.519868118506587	0.0	0.0	0.0	0.0
16.44467806816101	1781696480.0	1781696480.4129517	6	12.0	14.0	32.0	34.0	NeuronSpectrum 17.06.2026 14:10:28	EEG	checkup_155_17.06.2026 14:10:28	500.0	499.6666666666667	True	0.5	40.0	4	True	50.0	30.0	851.9057006835938	545.6840579583961	-1.139984130859375	5.3367413614646475	-2.160949945449829	4.513986055475745	-1.6972066164016724	4.59150536468131	-3.9715137481689453	4.113591524785253	-9.43394660949707	-0.9300742123750889	-2.776242256164551	3.694667471669589	-5.099507808685303	-4.492941135066506	0.0	0.0	0.0	0.0
16.4446804523468	1781696480.0	1781696480.412954	6	12.0	14.0	32.0	34.0	NeuronSpectrum 17.06.2026 14:10:28	EEG	checkup_155_17.06.2026 14:10:28	500.0	499.6666666666667	True	0.5	40.0	4	True	50.0	30.0	859.7228393554688	561.3949966595354	-0.7144707441329956	3.2168716206990964	-1.1603279113769531	2.753601831201902	0.3611031472682953	3.7640089693074836	-3.9128053188323975	2.2437130669195557	-8.975306510925293	-2.241488866090232	-1.083958625793457	3.031512578738878	-6.3803253173828125	-4.307213582362468	0.0	0.0	0.0	0.0
16.444682359695435	1781696480.0	1781696480.412956	6	12.0	14.0	32.0	34.0	NeuronSpectrum 17.06.2026 14:10:28	EEG	checkup_155_17.06.2026 14:10:28	500.0	499.6666666666667	True	0.5	40.0	4	True	50.0	30.0	862.6915283203125	576.9138055150485	0.5879098773002625	1.445232844640408	0.4320971965789795	1.242612082993531	3.1778197288513184	3.3027360546501536	-2.5361878871917725	0.805295279890283	-6.950706481933594	-3.063299446354658	1.6978880167007446	2.8442172608921616	-6.135992527008057	-3.9760216836186135	0.0	0.0	0.0	0.0
16.444684267044067	1781696480.0	1781696480.412958	6	12.0	14.0	32.0	34.0	NeuronSpectrum 17.06.2026 14:10:28	EEG	checkup_155_17.06.2026 14:10:28	500.0	499.6666666666667	True	0.5	40.0	4	True	50.0	30.0	851.2938232421875	589.1332919941042	1.104177713394165	0.0030642944957234713	0.9510191082954407	-0.04650437314370123	4.857514381408691	3.089629741550165	-1.3272948265075684	-0.24565987135031056	-4.686975002288818	-3.4910746450813	3.838636636734009	2.999298201718161	-4.376694202423096	-3.5352779332973765	0.0	0.0	0.0	0.0
16.4446861743927	1781696480.0	1781696480.4129598	6	12.0	14.0	32.0	34.0	NeuronSpectrum 17.06.2026 14:10:28	EEG	checkup_155_17.06.2026 14:10:28	500.0	499.6666666666667	True	0.5	40.0	4	True	50.0	30.0	824.1084594726562	595.7292219384318	0.18328219652175903	-1.2014689260829807	-0.18288227915763855	-1.1933829902250546	4.763925075531006	2.947799284900735	-1.1187080144882202	-1.0425099905390338	-3.3064091205596924	-3.703499926620989	4.438688278198242	3.293866081896106	-1.9951030015945435	-3.0425571566709855	0.0	0.0	0.0	0.0
16.444687843322754	1781696480.0	1781696480.4129615	6	12.0	14.0	32.0	34.0	NeuronSpectrum 17.06.2026 14:10:28	EEG	checkup_155_17.06.2026 14:10:28	500.0	499.6666666666667	True	0.5	40.0	4	True	50.0	30.0	795.8544921875	595.2872216928512	-1.5427825450897217	-2.289573679338575	-2.250117063522339	-2.291864297467694	3.756441354751587	2.69240700693355	-1.7915503978729248	-1.7559015284080448	-3.5507400035858154	-3.9036868433711356	3.766827344894409	3.509494894654849	-0.1594027429819107	-2.5657492653645035	0.0	0.0	0.0	0.0
16.444689750671387	1781696480.0	1781696480.4129634	6	12.0	14.0	32.0	34.0	NeuronSpectrum 17.06.2026 14:10:28	EEG	checkup_155_17.06.2026 14:10:28	500.0	499.6666666666667	True	0.5	40.0	4	True	50.0	30.0	792.8340454101562	587.303216382967	-2.906975746154785	-3.373427192699723	-3.9955084323883057	-3.420709211598362	3.2152061462402344	2.1716793435354487	-2.742522954940796	-2.5427493791143103	-5.733917713165283	-4.262554514203148	2.751887321472168	3.459629235088265	0.37402579188346863	-2.165240376783102	0.0	0.0	0.0	0.0
16.44469141960144	1781696480.0	1781696480.412965	6	12.0	14.0	32.0	34.0	NeuronSpectrum 17.06.2026 14:10:28	EEG	checkup_155_17.06.2026 14:10:28	500.0	499.6666666666667	True	0.5	40.0	4	True	50.0	30.0	833.0693969726562	572.2009911987437	-3.3907310962677	-4.530974872975994	-4.782685279846191	-4.6285172595012165	3.579601764678955	1.2913578199755682	-3.670003890991211	-3.5087656441716044	-9.541703224182129	-4.881408508772482	2.0614230632781982	3.0210555671362673	-0.4133400022983551	-1.8772989786738743	0.0	0.0	0.0	0.0
16.444693326950073	1781696480.0	1781696480.412967	6	12.0	14.0	32.0	34.0	NeuronSpectrum 17.06.2026 14:10:28	EEG	checkup_155_17.06.2026 14:10:28	500.0	499.6666666666667	True	0.5	40.0	4	True	50.0	30.0	902.624267578125	551.4177552959042	-3.760067939758301	-5.794494773419678	-5.215837478637695	-5.930588305518195	3.658433198928833	0.024015434455747012	-4.975061416625977	-4.6896207825422485	-13.753215789794922	-5.78125322211025	1.510374665260315	2.1478645497568483	-1.9068076610565186	-1.7058789679423754	0.0	0.0	0.0	0.0
16.444694995880127	1781696480.0	1781696480.4129686	6	12.0	14.0	32.0	34.0	NeuronSpectrum 17.06.2026 14:10:28	EEG	checkup_155_17.06.2026 14:10:28	500.0	499.6666666666667	True	0.5	40.0	4	True	50.0	30.0	948.1502075195312	527.4612059381275	-5.523684024810791	-7.149781042025583	-6.667103290557861	-7.3120347061902935	1.4770543575286865	-1.5921503351365673	-7.373457431793213	-6.049838957075777	-16.361207962036133	-6.914898611402323	0.27086371183395386	0.8713023206924141	-3.258892774581909	-1.625827473299407	0.0	0.0	0.0	0.0
16.44469666481018	1781696480.0	1781696480.4129703	6	12.0	14.0	32.0	34.0	NeuronSpectrum 17.06.2026 14:10:28	EEG	checkup_155_17.06.2026 14:10:28	500.0	499.6666666666667	True	0.5	40.0	4	True	50.0	30.0	898.41455078125	503.7381947032024	-9.474335670471191	-8.542539522371664	-9.954404830932617	-8.73238434064604	-3.7791635990142822	-3.4613455155176367	-10.954564094543457	-7.495220453172668	-15.43549633026123	-8.189954632002381	-2.2565248012542725	-0.7099643369765037	-3.7937569618225098	-1.5949238949893925	0.0	0.0	0.0	0.0
16.444698333740234	1781696480.0	1781696480.412972	6	12.0	14.0	32.0	34.0	NeuronSpectrum 17.06.2026 14:10:28	EEG	checkup_155_17.06.2026 14:10:28	500.0	499.6666666666667	True	0.5	40.0	4	True	50.0	30.0	706.6565551757812	483.99972467725615	-14.40024185180664	-9.889410968421664	-14.154797554016113	-10.129629727407437	-10.216075897216797	-5.44306195043709	-14.459977149963379	-8.893394765178732	-10.443565368652344	-9.490274554382948	-5.604179382324219	-2.445824825099438	-3.2551229000091553	-1.5682315522674803	0.0	0.0	0.0	0.0
16.444700002670288	1781696480.0	1781696480.4129736	6	12.0	14.0	32.0	34.0	NeuronSpectrum 17.06.2026 14:10:28	EEG	checkup_155_17.06.2026 14:10:28	500.0	499.6666666666667	True	0.5	40.0	4	True	50.0	30.0	386.7051086425781	471.46217346201246	-17.13233184814453	-11.091215094382157	-16.583770751953125	-11.423812137173286	-13.550033569335938	-7.3683048025604965	-15.51639461517334	-10.097249644473559	-3.1030797958374023	-10.690219967866286	-8.160067558288574	-4.155054836501424	-1.8352614641189575	-1.50784989889243	0.0	0.0	0.0	0.0
16.444701671600342	1781696480.0	1781696480.4129753	6	12.0	14.0	32.0	34.0	NeuronSpectrum 17.06.2026 14:10:28	EEG	checkup_155_17.06.2026 14:10:28	500.0	499.6666666666667	True	0.5	40.0	4	True	50.0	30.0	819.0972290039062	467.92317052268277	-10.10262680053711	-12.046128326799892	-10.92717170715332	-12.521467928802217	-5.302353382110596	-9.057701982810265	-11.609217643737793	-10.967342442147832	-16.412893295288086	-11.6651112389882	-4.934637069702148	-5.648959547184243	0.33001264929771423	-1.3843704785421371	0.0	0.0	0.0	0.0
16.444703340530396	1781696480.0	1781696480.412977	6	12.0	14.0	32.0	34.0	NeuronSpectrum 17.06.2026 14:10:28	EEG	checkup_155_17.06.2026 14:10:28	500.0	499.6666666666667	True	0.5	40.0	4	True	50.0	30.0	816.3198852539062	473.27328543069166	-11.043450355529785	-12.662045309019286	-12.199861526489258	-13.323421157369946	-7.859898567199707	-10.341435874353287	-12.28938102722168	-11.391804407843194	-16.95269775390625	-12.305045409049177	-7.29071569442749	-6.757647096985378	1.544699788093567	-1.1714368732636862	0.0	0.0	0.0	0.0
16.44470524787903	1781696480.0	1781696480.412979	6	12.0	14.0	32.0	34.0	NeuronSpectrum 17.06.2026 14:10:28	EEG	checkup_155_17.06.2026 14:10:28	500.0	499.6666666666667	True	0.5	40.0	4	True	50.0	30.0	822.5540771484375	485.60853718057945	-12.111909866333008	-12.869643605602024	-13.697495460510254	-13.73893930617915	-10.215535163879395	-11.082673030858901	-12.93540096282959	-11.304207375697908	-17.4495792388916	-12.534878575430959	-9.371681213378906	-7.357808091874982	1.9725559949874878	-0.8391416891184154	0.0	0.0	0.0	0.0
16.44470715522766	1781696480.0	1781696480.4129808	6	12.0	14.0	32.0	34.0	NeuronSpectrum 17.06.2026 14:10:28	EEG	checkup_155_17.06.2026 14:10:28	500.0	499.6666666666667	True	0.5	40.0	4	True	50.0	30.0	835.6290893554688	501.8263930535395	-12.960559844970703	-12.637626423807221	-14.97070026397705	-13.70707134512037	-11.590086936950684	-11.20467008957334	-13.234769821166992	-10.6992808197074	-17.712921142578125	-12.335318532679418	-10.469361305236816	-7.398767043956454	1.512866497039795	-0.3532581676704809	0.0	0.0	0.0	0.0
16.444708585739136	1781696480.0	1781696480.4129822	6	12.0	14.0	32.0	34.0	NeuronSpectrum 17.06.2026 14:10:28	EEG	checkup_155_17.06.2026 14:10:28	500.0	499.6666666666667	True	0.5	40.0	4	True	50.0	30.0	845.5901489257812	518.3938732739739	-13.002145767211914	-11.987845857747766	-15.318717956542969	-13.22063727063661	-11.309480667114258	-10.71608267407367	-12.675095558166504	-9.643192641800203	-17.455055236816406	-11.756057122851255	-10.097308158874512	-6.92032514599835	0.4597852826118469	0.3153186450475945	0.0	0.0	0.0	0.0
16.444710731506348	1781696480.0	1781696480.4129844	6	12.0	14.0	32.0	34.0	NeuronSpectrum 17.06.2026 14:10:28	EEG	checkup_155_17.06.2026 14:10:28	500.0	499.6666666666667	True	0.5	40.0	4	True	50.0	30.0	839.9595336914062	532.0044294456646	-11.787413597106934	-11.003512916503706	-14.198480606079102	-12.343220936452934	-9.28060245513916	-9.72375990478212	-10.908150672912598	-8.27233344705821	-16.42171859741211	-10.914006857883669	-8.288430213928223	-6.054370995438518	-0.5408215522766113	1.1719691064695608	0.0	0.0	0.0	0.0
16.444712162017822	1781696480.0	1781696480.4129858	6	12.0	14.0	32.0	34.0	NeuronSpectrum 17.06.2026 14:10:28	EEG	checkup_155_17.06.2026 14:10:28	500.0	499.6666666666667	True	0.5	40.0	4	True	50.0	30.0	815.18701171875	539.9952463807493	-9.506319999694824	-9.823139274641449	-11.758996963500977	-11.209169724636585	-6.32161283493042	-8.423200363086695	-8.196711540222168	-6.775637750924099	-14.548035621643066	-9.975050203507811	-5.715887546539307	-5.005151803131224	-0.71128910779953	2.1773951519472265	0.0	0.0	0.0	0.0
16.444714069366455	1781696480.0	1781696480.4129877	6	12.0	14.0	32.0	34.0	NeuronSpectrum 17.06.2026 14:10:28	EEG	checkup_155_17.06.2026 14:10:28	500.0	499.6666666666667	True	0.5	40.0	4	True	50.0	30.0	785.60595703125	540.5532048221075	-7.191590785980225	-8.617845956635653	-9.078211784362793	-10.002446352226475	-3.999037265777588	-7.064850461472647	-5.574963092803955	-5.361103530760478	-12.112093925476074	-9.122934543549887	-3.5242109298706055	-4.010194238955204	0.4600476324558258	3.2344993354542946	0.0	0.0	0.0	0.0
16.44471549987793	1781696480.0	1781696480.4129891	6	12.0	14.0	32.0	34.0	NeuronSpectrum 17.06.2026 14:10:28	EEG	checkup_155_17.06.2026 14:10:28	500.0	499.6666666666667	True	0.5	40.0	4	True	50.0	30.0	778.8636474609375	532.827306426986	-6.227146625518799	-7.557483820307103	-7.689655780792236	-8.919304603612824	-3.7826545238494873	-5.904982393819711	-4.384567737579346	-4.214532735157028	-9.77827262878418	-8.522664514761003	-2.825385093688965	-3.2917120848452184	2.8622512817382812	4.192408101654023	0.0	0.0	0.0	0.0
16.444717407226562	1781696480.0	1781696480.412991	6	12.0	14.0	32.0	34.0	NeuronSpectrum 17.06.2026 14:10:28	EEG	checkup_155_17.06.2026 14:10:28	500.0	499.6666666666667	True	0.5	40.0	4	True	50.0	30.0	815.0181274414062	517.0595462558284	-7.315317630767822	-6.776801037990164	-8.52082633972168	-8.127034200898377	-5.915553092956543	-5.156630139094793	-5.338371753692627	-3.4632312005790222	-8.462447166442871	-8.287524238522908	-4.063650131225586	-3.01267795959538	5.687437057495117	4.871682588844408	0.0	0.0	0.0	0.0
16.444719076156616	1781696480.0	1781696480.4129927	6	12.0	14.0	32.0	34.0	NeuronSpectrum 17.06.2026 14:10:28	EEG	checkup_155_17.06.2026 14:10:28	500.0	499.6666666666667	True	0.5	40.0	4	True	50.0	30.0	881.3312377929688	494.74714348604266	-9.609529495239258	-6.352967210423375	-10.920777320861816	-7.732292414041075	-8.835227012634277	-4.955091938636622	-7.722497463226318	-3.156277970256318	-8.949141502380371	-8.458288940943108	-6.591736793518066	-3.250069911810688	7.794651508331299	5.106876974415562	0.0	0.0	0.0	0.0
16.44472074508667	1781696480.0	1781696480.4129944	6	12.0	14.0	32.0	34.0	NeuronSpectrum 17.06.2026 14:10:28	EEG	checkup_155_17.06.2026 14:10:28	500.0	499.6666666666667	True	0.5	40.0	4	True	50.0	30.0	923.8090209960938	468.70744188416256	-10.868484497070312	-6.299991652131859	-12.660042762756348	-7.767249733403971	-9.868302345275879	-5.344786907015351	-9.484187126159668	-3.266136944287635	-11.351275444030762	-9.00002937451739	-8.81719970703125	-3.990869686250343	8.311480522155762	4.795188173408102	0.0	0.0	0.0	0.0
16.444722175598145	1781696480.0	1781696480.4129958	6	12.0	14.0	32.0	34.0	NeuronSpectrum 17.06.2026 14:10:28	EEG	checkup_155_17.06.2026 14:10:28	500.0	499.6666666666667	True	0.5	40.0	4	True	50.0	30.0	869.0497436523438	442.8324298711648	-8.868646621704102	-6.577700899492999	-11.235512733459473	-8.193502156009515	-7.070984840393066	-6.284988793471245	-8.436622619628906	-3.7075977557820217	-14.701565742492676	-9.816725109602828	-9.011478424072266	-5.147876196327915	7.116386413574219	3.9360487581080608	0.0	0.0	0.0	0.0
16.444724082946777	1781696480.0	1781696480.4129977	6	12.0	14.0	32.0	34.0	NeuronSpectrum 17.06.2026 14:10:28	EEG	checkup_155_17.06.2026 14:10:28	500.0	499.6666666666667	True	0.5	40.0	4	True	50.0	30.0	668.1944580078125	421.39349607860987	-3.290790557861328	-7.108180592082547	-5.8104143142700195	-8.917887631335136	-1.096388578414917	-7.667049138622589	-3.9402897357940674	-4.364492924809755	-17.04326820373535	-10.778353269554694	-6.428616523742676	-6.586833033134457	4.8691582679748535	2.6477921173230468	0.0	0.0	0.0	0.0
16.444725513458252	1781696480.0	1781696480.4129992	6	12.0	14.0	32.0	34.0	NeuronSpectrum 17.06.2026 14:10:28	EEG	checkup_155_17.06.2026 14:10:28	500.0	499.6666666666667	True	0.5	40.0	4	True	50.0	30.0	334.8326721191406	408.00189760930834	3.366250991821289	-7.793579517766927	1.6222450733184814	-9.814121546889336	4.436312198638916	-9.337184077090974	2.1749722957611084	-5.115235857669192	-16.154451370239258	-11.751528243745984	-2.0006067752838135	-8.15609297884252	2.570643424987793	1.1535342079397761	0.0	0.0	0.0	0.0
16.495248079299927	1781696480.0	1781696480.4635217	6	12.0	14.0	32.0	34.0	NeuronSpectrum 17.06.2026 14:10:28	EEG	checkup_155_17.06.2026 14:10:28	500.0	499.6666666666667	True	0.5	40.0	4	True	50.0	30.0	807.8475952148438	404.60418968600374	-13.071919441223145	-8.53332150384014	-16.595327377319336	-10.747297357555357	-16.35101318359375	-11.122802559769033	-11.633153915405273	-5.85290903245258	-18.577985763549805	-12.62474693472565	-16.0712833404541	-9.713250681471841	-0.5563743710517883	-0.2629027631969259	0.0	0.0	0.0	0.0
16.495253801345825	1781696480.0	1781696480.4635274	6	12.0	14.0	32.0	34.0	NeuronSpectrum 17.06.2026 14:10:28	EEG	checkup_155_17.06.2026 14:10:28	500.0	499.6666666666667	True	0.5	40.0	4	True	50.0	30.0	807.888427734375	410.96179455420963	-12.729897499084473	-9.240505987677468	-16.355077743530273	-11.599205018968906	-16.789403915405273	-12.860518413990649	-11.192496299743652	-6.499139364403105	-17.749710083007812	-13.322496268857195	-16.329139709472656	-11.145550762783069	-3.3689844608306885	-1.3214533323390503	0.0	0.0	0.0	0.0
16.495256185531616	1781696480.0	1781696480.4635298	6	12.0	14.0	32.0	34.0	NeuronSpectrum 17.06.2026 14:10:28	EEG	checkup_155_17.06.2026 14:10:28	500.0	499.6666666666667	True	0.5	40.0	4	True	50.0	30.0	812.5733642578125	424.82868673843905	-11.765556335449219	-9.854661563934437	-15.130826950073242	-12.289133455632335	-16.06569480895996	-14.419596475202386	-10.39858341217041	-7.010697357977856	-16.590702056884766	-13.80693439402572	-15.612606048583984	-12.380605132259824	-5.173835277557373	-1.8145331340298836	0.0	0.0	0.0	0.0
16.49525809288025	1781696480.0	1781696480.4635317	6	12.0	14.0	32.0	34.0	NeuronSpectrum 17.06.2026 14:10:28	EEG	checkup_155_17.06.2026 14:10:28	500.0	499.6666666666667	True	0.5	40.0	4	True	50.0	30.0	820.4064331054688	442.67556721519634	-10.896707534790039	-10.345684934160543	-13.826075553894043	-12.782391321541025	-15.223111152648926	-15.712266743932103	-9.8157320022583	-7.376760698542547	-15.841343879699707	-14.069629150654846	-14.846571922302246	-13.384147168298723	-5.221809387207031	-1.6612650227413974	0.0	0.0	0.0	0.0
16.495260000228882	1781696480.0	1781696480.4635336	6	12.0	14.0	32.0	34.0	NeuronSpectrum 17.06.2026 14:10:28	EEG	checkup_155_17.06.2026 14:10:28	500.0	499.6666666666667	True	0.5	40.0	4	True	50.0	30.0	823.0597534179688	460.5929246376028	-10.75218677520752	-10.706711347902436	-13.267181396484375	-13.08266756788783	-15.334653854370117	-16.687677242815305	-9.82523250579834	-7.607113115019824	-15.723915100097656	-14.11800261554853	-14.881065368652344	-14.145575932211818	-3.1519381999969482	-0.9309003119590293	0.0	0.0	0.0	0.0
16.495261907577515	1781696480.0	1781696480.4635355	6	12.0	14.0	32.0	34.0	NeuronSpectrum 17.06.2026 14:10:28	EEG	checkup_155_17.06.2026 14:10:28	500.0	499.6666666666667	True	0.5	40.0	4	True	50.0	30.0	810.0971069335938	475.0406386493665	-11.423503875732422	-10.940025161731983	-13.658529281616211	-13.212570785621368	-16.664804458618164	-17.31571788294426	-10.362933158874512	-7.71609068756212	-15.881338119506836	-13.961498062119272	-15.901178359985352	-14.658007695839435	0.5689297318458557	0.173207875609648	0.0	0.0	0.0	0.0
16.495263814926147	1781696480.0	1781696480.4635375	6	12.0	14.0	32.0	34.0	NeuronSpectrum 17.06.2026 14:10:28	EEG	checkup_155_17.06.2026 14:10:28	500.0	499.6666666666667	True	0.5	40.0	4	True	50.0	30.0	780.18212890625	483.2924553108294	-12.277337074279785	-11.043831526698693	-14.395112037658691	-13.19223282100298	-18.293338775634766	-17.572017921192934	-10.877828598022461	-7.709287085076768	-15.801128387451172	-13.601378324867301	-17.255615234375	-14.902311307466949	4.603664398193359	1.3664346120766981	0.0	0.0	0.0	0.0
16.4952654838562	1781696480.0	1781696480.4635391	6	12.0	14.0	32.0	34.0	NeuronSpectrum 17.06.2026 14:10:28	EEG	checkup_155_17.06.2026 14:10:28	500.0	499.6666666666667	True	0.5	40.0	4	True	50.0	30.0	749.7833862304688	483.60940793001515	-12.27358341217041	-11.005790785458395	-14.434556007385254	-13.024891592991029	-18.606393814086914	-17.432253536296738	-10.626287460327148	-7.577804837269638	-15.368341445922852	-13.02636161919196	-17.877788543701172	-14.841820945358435	7.3348493576049805	2.358316397349913	0.0	0.0	0.0	0.0
16.495267152786255	1781696480.0	1781696480.4635408	6	12.0	14.0	32.0	34.0	NeuronSpectrum 17.06.2026 14:10:28	EEG	checkup_155_17.06.2026 14:10:28	500.0	499.6666666666667	True	0.5	40.0	4	True	50.0	30.0	747.8318481445312	475.28735782812265	-10.70320987701416	-10.804065643917806	-13.05378532409668	-12.692964679279491	-16.47174644470215	-16.87607168853745	-9.195255279541016	-7.300302473114803	-14.990478515625	-12.21488289969678	-17.030487060546875	-14.428441101167492	7.733264446258545	2.9287106414144977	0.0	0.0	0.0	0.0
16.49526882171631	1781696480.0	1781696480.4635425	6	12.0	14.0	32.0	34.0	NeuronSpectrum 17.06.2026 14:10:28	EEG	checkup_155_17.06.2026 14:10:28	500.0	499.6666666666667	True	0.5	40.0	4	True	50.0	30.0	793.5844116210938	458.72522824855173	-7.936477184295654	-10.412668056365208	-10.541646957397461	-12.162915189214578	-12.35568618774414	-15.894891715674214	-6.971814155578613	-6.849742114187723	-15.105042457580566	-11.143725637573286	-14.880568504333496	-13.615862492234049	5.903661251068115	2.9821948767389777	0.0	0.0	0.0	0.0
16.49527072906494	1781696480.0	1781696480.4635444	6	12.0	14.0	32.0	34.0	NeuronSpectrum 17.06.2026 14:10:28	EEG	checkup_155_17.06.2026 14:10:28	500.0	499.6666666666667	True	0.5	40.0	4	True	50.0	30.0	870.5980224609375	435.55253495587965	-5.521768569946289	-9.807721346348625	-8.246272087097168	-11.395324894042886	-8.404772758483887	-14.49758062598401	-5.126330375671387	-6.201503378953072	-15.427282333374023	-9.801479714109051	-12.440348625183105	-12.374270154875065	2.9308202266693115	2.5652571736813745	0.0	0.0	0.0	0.0
16.495272636413574	1781696480.0	1781696480.4635463	6	12.0	14.0	32.0	34.0	NeuronSpectrum 17.06.2026 14:10:28	EEG	checkup_155_17.06.2026 14:10:28	500.0	499.6666666666667	True	0.5	40.0	4	True	50.0	30.0	918.9706420898438	408.6930619305324	-5.345091819763184	-8.974028151507957	-7.798342227935791	-10.357852355490298	-7.165843486785889	-12.712579276782861	-4.967097759246826	-5.341631111523238	-14.72756576538086	-8.20342849730103	-10.904144287109375	-10.702960217855267	0.16691863536834717	1.8429725902169989	0.0	0.0	0.0	0.0
16.495274305343628	1781696480.0	1781696480.463548	6	12.0	14.0	32.0	34.0	NeuronSpectrum 17.06.2026 14:10:28	EEG	checkup_155_17.06.2026 14:10:28	500.0	499.6666666666667	True	0.5	40.0	4	True	50.0	30.0	859.7031860351562	382.1366023918778	-8.178568840026855	-7.913689136994968	-9.855879783630371	-9.04040434163393	-9.580107688903809	-10.58976696047264	-6.928697109222412	-4.2758328675156765	-11.560179710388184	-6.402910762964395	-10.768692970275879	-8.640122033076807	-1.5115617513656616	1.04452744201721	0.0	0.0	0.0	0.0
16.49527597427368	1781696480.0	1781696480.4635496	6	12.0	14.0	32.0	34.0	NeuronSpectrum 17.06.2026 14:10:28	EEG	checkup_155_17.06.2026 14:10:28	500.0	499.6666666666667	True	0.5	40.0	4	True	50.0	30.0	641.8281860351562	360.2554231965266	-12.581981658935547	-6.657406878239075	-13.200608253479004	-7.471107904335937	-13.654400825500488	-8.20557864836137	-9.865677833557129	-3.039179812630199	-5.576709747314453	-4.49459107489939	-11.3446626663208	-6.269987712508247	-1.969916582107544	0.3956397778378082	0.0	0.0	0.0	0.0
16.495277881622314	1781696480.0	1781696480.4635515	6	12.0	14.0	32.0	34.0	NeuronSpectrum 17.06.2026 14:10:28	EEG	checkup_155_17.06.2026 14:10:28	500.0	499.6666666666667	True	0.5	40.0	4	True	50.0	30.0	282.15423583984375	346.75526520824917	-15.130712509155273	-5.274752851602534	-14.9608736038208	-5.728453415631082	-15.022658348083496	-5.670139064538028	-11.293621063232422	-1.7034727502421931	1.6046805381774902	-2.60811347271851	-11.0433931350708	-3.7259380716345003	-1.6021361351013184	0.0581164682632156	0.0	0.0	0.0	0.0
16.495279550552368	1781696480.0	1781696480.4635532	6	12.0	14.0	32.0	34.0	NeuronSpectrum 17.06.2026 14:10:28	EEG	checkup_155_17.06.2026 14:10:28	500.0	499.6666666666667	True	0.5	40.0	4	True	50.0	30.0	776.0628662109375	343.64332418339535	-2.691962242126465	-3.8761307587632494	-4.165026664733887	-3.942545742007674	-2.173438549041748	-3.129945910012743	-2.4671921730041504	-0.3768610453427744	-6.6121697425842285	-0.8945029427039115	-4.750471591949463	-1.1859620880853168	0.022594094276428223	0.09264184048708192	0.0	0.0	0.0	0.0
16.495281457901	1781696480.0	1781696480.463555	6	12.0	14.0	32.0	34.0	NeuronSpectrum 17.06.2026 14:10:28	EEG	checkup_155_17.06.2026 14:10:28	500.0	499.6666666666667	True	0.5	40.0	4	True	50.0	30.0	773.9573974609375	350.67952564301004	-0.22717005014419556	-2.601010298296372	-0.9859607815742493	-2.2806121290209234	1.6428788900375366	-0.7595221671580711	0.02953401766717434	0.8081576105167397	-3.6989095211029053	0.4908308246548776	-0.8091309070587158	1.1429582706182912	1.7219511270523071	0.45260040233985965	0.0	0.0	0.0	0.0
16.495283126831055	1781696480.0	1781696480.4635568	6	12.0	14.0	32.0	34.0	NeuronSpectrum 17.06.2026 14:10:28	EEG	checkup_155_17.06.2026 14:10:28	500.0	499.6666666666667	True	0.5	40.0	4	True	50.0	30.0	780.8585815429688	365.5408737080104	1.2583481073379517	-1.5941444723710128	1.3334589004516602	-0.9187905614008061	4.7502055168151855	1.258709410156878	1.780733585357666	1.716792773457343	-1.3222312927246094	1.4064201855420149	2.6303462982177734	3.0513871948250353	3.2196104526519775	1.0073093231408214	0.0	0.0	0.0	0.0
16.49528479576111	1781696480.0	1781696480.4635584	6	12.0	14.0	32.0	34.0	NeuronSpectrum 17.06.2026 14:10:28	EEG	checkup_155_17.06.2026 14:10:28	500.0	499.6666666666667	True	0.5	40.0	4	True	50.0	30.0	794.4893188476562	384.5515869268901	1.2288434505462646	-0.9781722705946628	1.9989840984344482	-0.00887384781955201	6.200884819030762	2.760546530358513	2.1233835220336914	2.237255874388198	-0.37639734148979187	1.7442317999548267	4.39513635635376	4.3598962684825535	4.1342034339904785	1.5852684739595397	0.0	0.0	0.0	0.0
16.495286464691162	1781696480.0	1781696480.46356	6	12.0	14.0	32.0	34.0	NeuronSpectrum 17.06.2026 14:10:28	EEG	checkup_155_17.06.2026 14:10:28	500.0	499.6666666666667	True	0.5	40.0	4	True	50.0	30.0	804.1727294921875	403.6068966477177	0.07940442115068436	-0.8316885974856805	1.197541356086731	0.3499331460770045	6.114227294921875	3.6246498317337745	1.2037729024887085	2.301529114180799	-1.1424915790557861	1.4490272110835114	4.201808452606201	4.949634214814137	4.246720790863037	2.023824888005421	0.0	0.0	0.0	0.0
16.495288372039795	1781696480.0	1781696480.463562	6	12.0	14.0	32.0	34.0	NeuronSpectrum 17.06.2026 14:10:28	EEG	checkup_155_17.06.2026 14:10:28	500.0	499.6666666666667	True	0.5	40.0	4	True	50.0	30.0	796.384765625	418.95237894921195	-1.1784237623214722	-1.177020974840915	-0.09433665126562119	0.12816856038198726	5.45098876953125	3.791368214440505	-0.1666470468044281	1.8971878390725436	-3.088395595550537	0.5333555262409784	2.7726023197174072	4.7838894166433885	3.6201133728027344	2.2116337282907295	0.0	0.0	0.0	0.0
16.49529004096985	1781696480.0	1781696480.4635637	6	12.0	14.0	32.0	34.0	NeuronSpectrum 17.06.2026 14:10:28	EEG	checkup_155_17.06.2026 14:10:28	500.0	499.6666666666667	True	0.5	40.0	4	True	50.0	30.0	767.3805541992188	427.66328993336026	-1.8277766704559326	-1.97670856414806	-1.000651478767395	-0.6286736293646241	4.982673168182373	3.2749754676709597	-1.2338311672210693	1.0700501656776864	-5.195359706878662	-0.9170845085317494	1.1544214487075806	3.9165962984788685	2.6084506511688232	2.1138609994966138	0.0	0.0	0.0	0.0
16.49529194831848	1781696480.0	1781696480.4635656	6	12.0	14.0	32.0	34.0	NeuronSpectrum 17.06.2026 14:10:28	EEG	checkup_155_17.06.2026 14:10:28	500.0	499.6666666666667	True	0.5	40.0	4	True	50.0	30.0	733.2391967773438	427.8546448757394	-2.198392152786255	-3.136104895037035	-1.601895809173584	-1.805063396484059	4.3892645835876465	2.1690894854484313	-2.0193111896514893	-0.08060361883075512	-6.6238813400268555	-2.7506387891274247	-0.19226835668087006	2.486981389121963	1.6841703653335571	1.7756956991904773	0.0	0.0	0.0	0.0
16.495294094085693	1781696480.0	1781696480.4635677	6	12.0	14.0	32.0	34.0	NeuronSpectrum 17.06.2026 14:10:28	EEG	checkup_155_17.06.2026 14:10:28	500.0	499.6666666666667	True	0.5	40.0	4	True	50.0	30.0	724.8509521484375	418.7626043164121	-3.476808547973633	-4.511602565649888	-2.9090638160705566	-3.2291820803732034	2.479642629623413	0.6428874496843364	-3.3255414962768555	-1.4131625883391152	-7.266736030578613	-4.768478191841611	-1.7068618535995483	0.7015381014292316	1.1639868021011353	1.3055656475077122	0.0	0.0	0.0	0.0
16.495296239852905	1781696480.0	1781696480.4635699	6	12.0	14.0	32.0	34.0	NeuronSpectrum 17.06.2026 14:10:28	EEG	checkup_155_17.06.2026 14:10:28	500.0	499.6666666666667	True	0.5	40.0	4	True	50.0	30.0	764.6207275390625	400.8373373867681	-6.525938034057617	-5.926555681348952	-5.800419330596924	-4.695625282934332	-1.4363336563110352	-1.0759459147313064	-5.87487268447876	-2.7614469357261457	-7.80238151550293	-6.751055000588508	-4.114100456237793	-1.1945834694917041	1.0656551122665405	0.8439082337592728	0.0	0.0	0.0	0.0
16.495298147201538	1781696480.0	1781696480.4635718	6	12.0	14.0	32.0	34.0	NeuronSpectrum 17.06.2026 14:10:28	EEG	checkup_155_17.06.2026 14:10:28	500.0	499.6666666666667	True	0.5	40.0	4	True	50.0	30.0	838.3399047851562	375.87818230591927	-10.615131378173828	-7.196553021403956	-9.730518341064453	-5.996586226811746	-6.197693824768066	-2.7335332217448522	-9.231016159057617	-3.958947847224578	-9.163252830505371	-8.487378251560811	-7.371318817138672	-2.9535961590748623	1.1485155820846558	0.5256348917131657	0.0	0.0	0.0	0.0
16.495299816131592	1781696480.0	1781696480.4635735	6	12.0	14.0	32.0	34.0	NeuronSpectrum 17.06.2026 14:10:28	EEG	checkup_155_17.06.2026 14:10:28	500.0	499.6666666666667	True	0.5	40.0	4	True	50.0	30.0	885.8164672851562	347.0802102106398	-13.29294490814209	-8.16127737675146	-12.444803237915039	-6.957322119434663	-8.923954010009766	-4.093127962771713	-11.53079891204834	-4.866300495112565	-11.720403671264648	-9.80261392579659	-10.149599075317383	-4.36312526528874	1.1448591947555542	0.44465260516227173	0.0	0.0	0.0	0.0
16.495301485061646	1781696480.0	1781696480.4635751	6	12.0	14.0	32.0	34.0	NeuronSpectrum 17.06.2026 14:10:28	EEG	checkup_155_17.06.2026 14:10:28	500.0	499.6666666666667	True	0.5	40.0	4	True	50.0	30.0	825.34716796875	318.7597284259598	-11.905057907104492	-8.71454420103538	-11.301814079284668	-7.4670940284446194	-7.009358882904053	-4.97825174807944	-10.563892364501953	-5.394909911095267	-14.730825424194336	-10.579959910832729	-10.500699996948242	-5.278430491269179	0.9544280767440796	0.6276578107813535	0.0	0.0	0.0	0.0
16.4953031539917	1781696480.0	1781696480.4635768	6	12.0	14.0	32.0	34.0	NeuronSpectrum 17.06.2026 14:10:28	EEG	checkup_155_17.06.2026 14:10:28	500.0	499.6666666666667	True	0.5	40.0	4	True	50.0	30.0	602.7221069335938	295.5995863231551	-5.872467994689941	-8.822071090178921	-5.463664531707764	-7.495538948905006	-0.6657360196113586	-5.302134128066961	-5.609574317932129	-5.518690921383357	-16.456562042236328	-10.772910471782447	-7.363370895385742	-5.640606611006707	0.6869724988937378	1.0225928478738622	0.0	0.0	0.0	0.0
16.495305061340332	1781696480.0	1781696480.4635787	6	12.0	14.0	32.0	34.0	NeuronSpectrum 17.06.2026 14:10:28	EEG	checkup_155_17.06.2026 14:10:28	500.0	499.6666666666667	True	0.5	40.0	4	True	50.0	30.0	233.28677368164062	281.5211121982849	2.0773794651031494	-8.520901860196108	2.760319232940674	-7.0891955306062755	6.165370941162109	-5.0749739943145675	1.4095933437347412	-5.269990131278056	-14.951672554016113	-10.404874138504429	-1.7284637689590454	-5.476228714706808	0.5195651650428772	1.5048924871306657	0.0	0.0	0.0	0.0
16.546165227890015	1781696480.0	1781696480.5144389	6	12.0	14.0	32.0	34.0	NeuronSpectrum 17.06.2026 14:10:28	EEG	checkup_155_17.06.2026 14:10:28	500.0	499.6666666666667	True	0.5	40.0	4	True	50.0	30.0	752.6671752929688	278.592488054527	-9.455620765686035	-7.902708695106725	-7.784650802612305	-6.35134793017434	-4.103105068206787	-4.389925984233433	-7.674473762512207	-4.7229030978062205	-11.162778854370117	-9.555874825575163	-7.7874755859375	-4.880395585066947	2.4138762950897217	1.9017093512283898	0.0	0.0	0.0	0.0
16.54617166519165	1781696480.0	1781696480.5144453	6	12.0	14.0	32.0	34.0	NeuronSpectrum 17.06.2026 14:10:28	EEG	checkup_155_17.06.2026 14:10:28	500.0	499.6666666666667	True	0.5	40.0	4	True	50.0	30.0	753.2902221679688	286.46534160392207	-7.519407749176025	-7.089144705498516	-5.944041728973389	-5.414379456181932	-2.391167640686035	-3.3957860852769906	-6.55369758605957	-3.972109794069554	-9.626321792602539	-8.340447531641981	-6.721736431121826	-3.990394081619346	3.0792179107666016	2.0304790057388455	0.0	0.0	0.0	0.0
16.54617428779602	1781696480.0	1781696480.514448	6	12.0	14.0	32.0	34.0	NeuronSpectrum 17.06.2026 14:10:28	EEG	checkup_155_17.06.2026 14:10:28	500.0	499.6666666666667	True	0.5	40.0	4	True	50.0	30.0	760.049072265625	302.5773591098377	-6.456845760345459	-6.207248279142892	-5.2127509117126465	-4.413525530218684	-1.9068961143493652	-2.2652131106169135	-6.200517654418945	-3.114633351593462	-8.840335845947266	-6.8843482457967164	-6.463564395904541	-2.9580235494013047	3.6009411811828613	1.7440016419273496	0.0	0.0	0.0	0.0
16.546176433563232	1781696480.0	1781696480.51445	6	12.0	14.0	32.0	34.0	NeuronSpectrum 17.06.2026 14:10:28	EEG	checkup_155_17.06.2026 14:10:28	500.0	499.6666666666667	True	0.5	40.0	4	True	50.0	30.0	770.4661254882812	322.9582775818985	-6.197844982147217	-5.369227143413745	-5.231966018676758	-3.4666161173719536	-2.0594706535339355	-1.1644068252694582	-6.255136966705322	-2.2376478121012013	-8.370662689208984	-5.307472848205454	-6.437650203704834	-1.925809835122322	3.5773706436157227	0.971139164241178	0.0	0.0	0.0	0.0
16.546178579330444	1781696480.0	1781696480.5144522	6	12.0	14.0	32.0	34.0	NeuronSpectrum 17.06.2026 14:10:28	EEG	checkup_155_17.06.2026 14:10:28	500.0	499.6666666666667	True	0.5	40.0	4	True	50.0	30.0	774.7904052734375	343.23727612508736	-6.1624674797058105	-4.658527182421367	-5.124128818511963	-2.661002642792046	-1.7797259092330933	-0.22800601323814274	-5.99636697769165	-1.4120610488150374	-7.263878345489502	-3.7160823198567012	-5.738879680633545	-1.0092272587745983	2.585247755050659	-0.25813834548426184	0.0	0.0	0.0	0.0
16.546180725097656	1781696480.0	1781696480.5144544	6	12.0	14.0	32.0	34.0	NeuronSpectrum 17.06.2026 14:10:28	EEG	checkup_155_17.06.2026 14:10:28	500.0	499.6666666666667	True	0.5	40.0	4	True	50.0	30.0	761.4102172851562	359.48473214757144	-5.779306411743164	-4.12370755535166	-4.253393173217773	-2.0478850759583525	-0.4589702785015106	0.4574525202074743	-4.945607662200928	-0.6906570456414982	-4.92350435256958	-2.202009866933406	-4.001302719116211	-0.28557500836821004	0.4308541715145111	-1.8115503744698693	0.0	0.0	0.0	0.0
16.54618263244629	1781696480.0	1781696480.5144563	6	12.0	14.0	32.0	34.0	NeuronSpectrum 17.06.2026 14:10:28	EEG	checkup_155_17.06.2026 14:10:28	500.0	499.6666666666667	True	0.5	40.0	4	True	50.0	30.0	728.8358764648438	368.71615249052684	-4.831874370574951	-3.7808802202120173	-2.668419361114502	-1.6439205198408395	1.623592734336853	0.8588252175993463	-3.2066609859466553	-0.10967605052452283	-1.8133091926574707	-0.8438124567452119	-1.8028056621551514	0.2100069335578708	-2.618062973022461	-3.479341057079288	0.0	0.0	0.0	0.0
16.546184539794922	1781696480.0	1781696480.5144582	6	12.0	14.0	32.0	34.0	NeuronSpectrum 17.06.2026 14:10:28	EEG	checkup_155_17.06.2026 14:10:28	500.0	499.6666666666667	True	0.5	40.0	4	True	50.0	30.0	694.7938232421875	369.0882121670932	-3.457195997238159	-3.623259190195745	-0.943884551525116	-1.4390888479344157	3.644979953765869	0.9896667387477998	-1.3308018445968628	0.30735241091815785	0.6225049495697021	0.2936097316106691	-0.26868075132369995	0.4807348141646628	-5.789841175079346	-5.01994376879469	0.0	0.0	0.0	0.0
16.546186447143555	1781696480.0	1781696480.51446	6	12.0	14.0	32.0	34.0	NeuronSpectrum 17.06.2026 14:10:28	EEG	checkup_155_17.06.2026 14:10:28	500.0	499.6666666666667	True	0.5	40.0	4	True	50.0	30.0	690.3933715820312	359.93991365215777	-2.000356435775757	-3.634045165331898	0.28806355595588684	-1.4087167544825614	4.863437652587891	0.8934053931017971	0.05996336787939072	0.5448438787975812	0.8896766901016235	1.1603952846297398	-0.23647943139076233	0.556323975863889	-8.093986511230469	-6.214698409966933	0.0	0.0	0.0	0.0
16.546188592910767	1781696480.0	1781696480.5144622	6	12.0	14.0	32.0	34.0	NeuronSpectrum 17.06.2026 14:10:28	EEG	checkup_155_17.06.2026 14:10:28	500.0	499.6666666666667	True	0.5	40.0	4	True	50.0	30.0	736.5780029296875	341.8381188305589	-0.984341025352478	-3.798064407351663	0.6235371232032776	-1.5268996593220927	4.876905918121338	0.6205845547030571	0.5146053433418274	0.5907132974145777	-1.3609355688095093	1.7208554568528114	-1.6908495426177979	0.47446467407951587	-8.787819862365723	-6.916498556315937	0.0	0.0	0.0	0.0
16.5461905002594	1781696480.0	1781696480.5144641	6	12.0	14.0	32.0	34.0	NeuronSpectrum 17.06.2026 14:10:28	EEG	checkup_155_17.06.2026 14:10:28	500.0	499.6666666666667	True	0.5	40.0	4	True	50.0	30.0	816.4742431640625	316.67589836019346	-1.140211820602417	-4.108649486596571	-0.17756183445453644	-1.7783277850871038	3.43957781791687	0.2060287357077558	-0.2491699755191803	0.4333619968952178	-4.752134799957275	1.9484362023561865	-3.8810348510742188	0.2599632045443115	-7.799990177154541	-7.0787237359247275	0.0	0.0	0.0	0.0
16.546192407608032	1781696480.0	1781696480.514466	6	12.0	14.0	32.0	34.0	NeuronSpectrum 17.06.2026 14:10:28	EEG	checkup_155_17.06.2026 14:10:28	500.0	499.6666666666667	True	0.5	40.0	4	True	50.0	30.0	867.037841796875	287.70260361329935	-3.174661874771118	-4.568281932119635	-2.3025104999542236	-2.1654807027047087	0.3594669997692108	-0.3473967635475627	-2.3528735637664795	0.06126199223167823	-6.779210090637207	1.8193929567535825	-5.915478229522705	-0.09114743265899561	-5.753387451171875	-6.756993587055668	0.0	0.0	0.0	0.0
16.546194314956665	1781696480.0	1781696480.514468	6	12.0	14.0	32.0	34.0	NeuronSpectrum 17.06.2026 14:10:28	EEG	checkup_155_17.06.2026 14:10:28	500.0	499.6666666666667	True	0.5	40.0	4	True	50.0	30.0	804.6676025390625	259.2530539792813	-7.108536243438721	-5.18311880588222	-5.649993896484375	-2.70821663519439	-4.06158447265625	-1.07200897454907	-5.5135579109191895	-0.5334280181342156	-5.357973575592041	1.312429462796319	-7.240017414093018	-0.6143260247298603	-3.5973618030548096	-6.085070152577242	0.0	0.0	0.0	0.0
16.546196222305298	1781696480.0	1781696480.5144699	6	12.0	14.0	32.0	34.0	NeuronSpectrum 17.06.2026 14:10:28	EEG	checkup_155_17.06.2026 14:10:28	500.0	499.6666666666667	True	0.5	40.0	4	True	50.0	30.0	575.031494140625	236.00920521624687	-11.562799453735352	-5.951968408354235	-9.302355766296387	-3.4332844456392655	-8.294781684875488	-2.020847078365811	-8.662630081176758	-1.345745106541244	-0.36652871966362	0.4208498240970699	-7.6179327964782715	-1.3607186368338051	-2.063434362411499	-5.234307760751809	0.0	0.0	0.0	0.0
16.54619812965393	1781696480.0	1781696480.5144718	6	12.0	14.0	32.0	34.0	NeuronSpectrum 17.06.2026 14:10:28	EEG	checkup_155_17.06.2026 14:10:28	500.0	499.6666666666667	True	0.5	40.0	4	True	50.0	30.0	195.28387451171875	221.89146945003293	-13.755789756774902	-6.850448295778385	-11.28825569152832	-4.353187491783296	-9.480719566345215	-3.235077143629635	-9.913405418395996	-2.343035202505194	5.914853572845459	-0.8234767087890782	-6.787195205688477	-2.364185675815099	-1.3031256198883057	-4.37030584224157	0.0	0.0	0.0	0.0
16.597127437591553	1781696480.0	1781696480.565401	6	12.0	14.0	32.0	34.0	NeuronSpectrum 17.06.2026 14:10:28	EEG	checkup_155_17.06.2026 14:10:28	500.0	499.6666666666667	True	0.5	40.0	4	True	50.0	30.0	720.536376953125	218.9818628675678	-0.37874212861061096	-7.813112826848076	2.000840663909912	-5.438347996728212	6.948180198669434	-4.700402919139624	0.37801629304885864	-3.4475222805658383	-0.5251008868217468	-2.3249517693169177	0.8745655417442322	-3.6012475397909136	-3.105430841445923	-3.619393831118293	0.0	0.0	0.0	0.0
16.597134351730347	1781696480.0	1781696480.565408	6	12.0	14.0	32.0	34.0	NeuronSpectrum 17.06.2026 14:10:28	EEG	checkup_155_17.06.2026 14:10:28	500.0	499.6666666666667	True	0.5	40.0	4	True	50.0	30.0	716.8373413085938	226.96604822186544	-2.488978147506714	-8.72112620349508	-0.23892875015735626	-6.593251780452039	3.4394001960754395	-6.309174137857298	-1.6668128967285156	-4.524796950691793	-3.2895946502685547	-3.9138379646854893	-2.2580928802490234	-4.961136484674753	-3.1468358039855957	-3.052135492129783	0.0	0.0	0.0	0.0
16.597137212753296	1781696480.0	1781696480.5654109	6	12.0	14.0	32.0	34.0	NeuronSpectrum 17.06.2026 14:10:28	EEG	checkup_155_17.06.2026 14:10:28	500.0	499.6666666666667	True	0.5	40.0	4	True	50.0	30.0	721.9290161132812	243.32949759048157	-6.324439525604248	-9.40703616439606	-4.644538402557373	-7.651890283126163	-2.6387667655944824	-7.850263888647032	-5.360518932342529	-5.389890664504934	-7.445052623748779	-5.3625247509094045	-7.300586700439453	-6.243869250576931	-2.4681379795074463	-2.6840333677014354	0.0	0.0	0.0	0.0
16.597139596939087	1781696480.0	1781696480.5654132	6	12.0	14.0	32.0	34.0	NeuronSpectrum 17.06.2026 14:10:28	EEG	checkup_155_17.06.2026 14:10:28	500.0	499.6666666666667	True	0.5	40.0	4	True	50.0	30.0	734.3307495117188	264.1456344466755	-10.117501258850098	-9.68508767510722	-9.224614143371582	-8.404040833979469	-8.601567268371582	-9.042268954793839	-9.0219144821167	-5.838691355071059	-11.234118461608887	-6.4289727125472265	-12.013367652893066	-7.195489717130072	-1.5488837957382202	-2.488403176311165	0.0	0.0	0.0	0.0
16.5971417427063	1781696480.0	1781696480.5654154	6	12.0	14.0	32.0	34.0	NeuronSpectrum 17.06.2026 14:10:28	EEG	checkup_155_17.06.2026 14:10:28	500.0	499.6666666666667	True	0.5	40.0	4	True	50.0	30.0	743.7757568359375	285.05986737804784	-12.093404769897461	-9.403560093984131	-11.995333671569824	-8.650389663824605	-12.062849998474121	-9.60664914048281	-11.006304740905762	-5.700796028136157	-13.312670707702637	-6.915771066748668	-14.610712051391602	-7.573765628503237	-1.095485806465149	-2.4148103908551826	0.0	0.0	0.0	0.0
16.59714412689209	1781696480.0	1781696480.5654178	6	12.0	14.0	32.0	34.0	NeuronSpectrum 17.06.2026 14:10:28	EEG	checkup_155_17.06.2026 14:10:28	500.0	499.6666666666667	True	0.5	40.0	4	True	50.0	30.0	736.6141967773438	302.1131955568134	-11.422207832336426	-8.501680481161783	-12.012442588806152	-8.268598625536415	-12.129084587097168	-9.356494291616029	-10.556921005249023	-4.896968475271395	-13.30473518371582	-6.726305226339814	-14.534819602966309	-7.222769716764848	-1.3895964622497559	-2.4078238936045846	0.0	0.0	0.0	0.0
16.597146034240723	1781696480.0	1781696480.5654197	6	12.0	14.0	32.0	34.0	NeuronSpectrum 17.06.2026 14:10:28	EEG	checkup_155_17.06.2026 14:10:28	500.0	499.6666666666667	True	0.5	40.0	4	True	50.0	30.0	708.6795043945312	312.24357015694613	-8.578418731689453	-7.047583296466783	-9.701823234558105	-7.2645249207523745	-9.572429656982422	-8.266904957144064	-8.063617706298828	-3.478747641046481	-11.5597562789917	-5.8996195544118715	-12.351323127746582	-6.129201752319025	-2.074885606765747	-2.4229826263249286	0.0	0.0	0.0	0.0
16.597148180007935	1781696480.0	1781696480.5654218	6	12.0	14.0	32.0	34.0	NeuronSpectrum 17.06.2026 14:10:28	EEG	checkup_155_17.06.2026 14:10:28	500.0	499.6666666666667	True	0.5	40.0	4	True	50.0	30.0	675.7350463867188	313.4988341960157	-4.991146564483643	-5.239737396899618	-6.446645736694336	-5.787596805657943	-6.098007678985596	-6.499666323791496	-4.7061662673950195	-1.6330180498116795	-8.580875396728516	-4.6116219760430655	-9.118776321411133	-4.4395492981483535	-2.502415418624878	-2.438163096257854	0.0	0.0	0.0	0.0
16.597150564193726	1781696480.0	1781696480.5654242	6	12.0	14.0	32.0	34.0	NeuronSpectrum 17.06.2026 14:10:28	EEG	checkup_155_17.06.2026 14:10:28	500.0	499.6666666666667	True	0.5	40.0	4	True	50.0	30.0	668.648681640625	305.1091078162911	-2.22141170501709	-3.3685316247578547	-3.7598748207092285	-4.103399800111183	-3.2495405673980713	-4.3729294069557145	-1.7721803188323975	0.3526805936197639	-4.7963080406188965	-3.139905941996764	-5.802477836608887	-2.4313720743740705	-2.3319294452667236	-2.458886509927576	0.0	0.0	0.0	0.0
16.59715247154236	1781696480.0	1781696480.565426	6	12.0	14.0	32.0	34.0	NeuronSpectrum 17.06.2026 14:10:28	EEG	checkup_155_17.06.2026 14:10:28	500.0	499.6666666666667	True	0.5	40.0	4	True	50.0	30.0	709.8632202148438	287.56605813334517	-1.0868109464645386	-1.7495859591970044	-2.472120761871338	-2.532148436211288	-1.5575724840164185	-2.2861906658813873	-0.00788092240691185	2.1543530945422904	-0.8611001968383789	-1.7998264709218847	-3.0196776390075684	-0.44739307514520577	-1.7878661155700684	-2.5164324447703916	0.0	0.0	0.0	0.0
16.59715461730957	1781696480.0	1781696480.5654283	6	12.0	14.0	32.0	34.0	NeuronSpectrum 17.06.2026 14:10:28	EEG	checkup_155_17.06.2026 14:10:28	500.0	499.6666666666667	True	0.5	40.0	4	True	50.0	30.0	784.8228149414062	262.74443519851917	-1.1571041345596313	-0.6491542701644075	-2.275172710418701	-1.3720199074241133	-0.3380711078643799	-0.6238115481541431	0.736767053604126	3.4864903419639486	2.0399980545043945	-0.8679037954749694	-0.9958173632621765	1.1880612860698436	-1.4012534618377686	-2.6587104905479535	0.0	0.0	0.0	0.0
16.597156286239624	1781696480.0	1781696480.56543	6	12.0	14.0	32.0	34.0	NeuronSpectrum 17.06.2026 14:10:28	EEG	checkup_155_17.06.2026 14:10:28	500.0	499.6666666666667	True	0.5	40.0	4	True	50.0	30.0	832.4000854492188	233.93594993585396	-0.9708219170570374	-0.22226021419143865	-1.8809818029403687	-0.8284701319729336	1.7010937929153442	0.3363828261704843	1.3820464611053467	4.167452705965495	2.536031484603882	-0.5129694155509954	0.4379453659057617	2.247083112633564	-1.4804415702819824	-2.9356186252955307	0.0	0.0	0.0	0.0
16.597158432006836	1781696480.0	1781696480.565432	6	12.0	14.0	32.0	34.0	NeuronSpectrum 17.06.2026 14:10:28	EEG	checkup_155_17.06.2026 14:10:28	500.0	499.6666666666667	True	0.5	40.0	4	True	50.0	30.0	769.7557373046875	205.5615586526047	0.9662320613861084	-0.47814853089781795	0.13543115556240082	-0.9663316989398016	5.285925388336182	0.48720437164880553	2.9671413898468018	4.159593847823415	0.08139908313751221	-0.754227604718579	1.749634861946106	2.6505225709269187	-1.823045253753662	-3.382351433569266	0.0	0.0	0.0	0.0
16.59715986251831	1781696480.0	1781696480.5654335	6	12.0	14.0	32.0	34.0	NeuronSpectrum 17.06.2026 14:10:28	EEG	checkup_155_17.06.2026 14:10:28	500.0	499.6666666666667	True	0.5	40.0	4	True	50.0	30.0	542.1755981445312	182.40192027989215	4.861964225769043	-1.2797400058242137	4.147331237792969	-1.694754339820172	9.476553916931152	-0.08556889918768051	5.738316535949707	3.575660789548889	-4.131676197052002	-1.4583425307444062	3.3641178607940674	2.481832192439062	-1.9085279703140259	-4.005071225069971	0.0	0.0	0.0	0.0
16.597161769866943	1781696480.0	1781696480.5654354	6	12.0	14.0	32.0	34.0	NeuronSpectrum 17.06.2026 14:10:28	EEG	checkup_155_17.06.2026 14:10:28	500.0	499.6666666666667	True	0.5	40.0	4	True	50.0	30.0	165.79420471191406	168.45485316211014	8.888161659240723	-2.377210425488793	8.6906099319458	-2.788795323707461	11.511330604553223	-1.1285786574032919	8.556417465209961	2.6500619692981364	-7.31653356552124	-2.376529206606048	5.157924652099609	1.9588141390075662	-1.3878263235092163	-4.773177068801947	0.0	0.0	0.0	0.0
16.597163200378418	1781696480.0	1781696480.5654368	6	12.0	14.0	32.0	34.0	NeuronSpectrum 17.06.2026 14:10:28	EEG	checkup_155_17.06.2026 14:10:28	500.0	499.6666666666667	True	0.5	40.0	4	True	50.0	30.0	698.7152709960938	165.83453609683187	-8.109743118286133	-3.4700407096460832	-8.706390380859375	-3.945118684833876	-6.078425407409668	-2.290102495399327	-4.654595851898193	1.6802524692418024	-7.710291385650635	-3.2110697837365376	-7.240039348602295	1.369660647374495	-5.88427734375	-5.620982844086445	0.0	0.0	0.0	0.0
16.59716486930847	1781696480.0	1781696480.5654385	6	12.0	14.0	32.0	34.0	NeuronSpectrum 17.06.2026 14:10:28	EEG	checkup_155_17.06.2026 14:10:28	500.0	499.6666666666667	True	0.5	40.0	4	True	50.0	30.0	698.80078125	174.20800723533395	-10.193593978881836	-4.284489542629073	-11.424444198608398	-4.860460993812108	-9.18783950805664	-3.216897796562577	-6.826641082763672	0.9509976664324618	-9.839215278625488	-3.6926378297857188	-9.5012788772583	0.9899486373211897	-6.836153507232666	-6.458935237824408	0.0	0.0	0.0	0.0
16.597166538238525	1781696480.0	1781696480.5654402	6	12.0	14.0	32.0	34.0	NeuronSpectrum 17.06.2026 14:10:28	EEG	checkup_155_17.06.2026 14:10:28	500.0	499.6666666666667	True	0.5	40.0	4	True	50.0	30.0	704.6594848632812	191.0049177048198	-9.869729995727539	-4.645440317976654	-11.495596885681152	-5.311497395763168	-9.356861114501953	-3.6507617509337194	-6.95044469833374	0.6615138338975411	-9.539710998535156	-3.647476673893101	-8.760106086730957	1.0052522551924228	-7.296245098114014	-7.191225117816856	0.0	0.0	0.0	0.0
16.597168445587158	1781696480.0	1781696480.565442	6	12.0	14.0	32.0	34.0	NeuronSpectrum 17.06.2026 14:10:28	EEG	checkup_155_17.06.2026 14:10:28	500.0	499.6666666666667	True	0.5	40.0	4	True	50.0	30.0	714.3204345703125	212.23114206088934	-7.435413837432861	-4.519278229880441	-9.056685447692871	-5.21036627235955	-6.672855854034424	-3.4936599135327424	-5.107868671417236	0.8775177864030721	-6.943795204162598	-3.0367491664294266	-5.381739139556885	1.464602741732476	-7.279314041137695	-7.7344065878041395	0.0	0.0	0.0	0.0
16.597170114517212	1781696480.0	1781696480.5654438	6	12.0	14.0	32.0	34.0	NeuronSpectrum 17.06.2026 14:10:28	EEG	checkup_155_17.06.2026 14:10:28	500.0	499.6666666666667	True	0.5	40.0	4	True	50.0	30.0	718.4239501953125	233.47855075491384	-4.139710903167725	-4.012998963765372	-5.414285659790039	-4.617366439894226	-2.5562551021575928	-2.820697438951796	-2.220085382461548	1.5230972766352093	-3.0738003253936768	-1.9580429046702916	-0.9788388013839722	2.2799439352847792	-6.91280460357666	-8.03184978887667	0.0	0.0	0.0	0.0
16.597172021865845	1781696480.0	1781696480.5654457	6	12.0	14.0	32.0	34.0	NeuronSpectrum 17.06.2026 14:10:28	EEG	checkup_155_17.06.2026 14:10:28	500.0	499.6666666666667	True	0.5	40.0	4	True	50.0	30.0	705.409423828125	250.76417680942706	-1.4365893602371216	-3.331038878514262	-2.220625400543213	-3.708708518915895	1.1564390659332275	-1.8400067364582038	0.5246976613998413	2.4134331097155153	0.7036598920822144	-0.6094789011816492	2.544896125793457	3.2695693557468046	-6.429811954498291	-8.061215983296178	0.0	0.0	0.0	0.0
16.5971736907959	1781696480.0	1781696480.5654473	6	12.0	14.0	32.0	34.0	NeuronSpectrum 17.06.2026 14:10:28	EEG	checkup_155_17.06.2026 14:10:28	500.0	499.6666666666667	True	0.5	40.0	4	True	50.0	30.0	673.5236206054688	261.03215970878875	-0.0960668995976448	-2.706264223708743	-0.43459248542785645	-2.7134409462095403	3.3807008266448975	-0.8171789012489008	2.385413885116577	3.315920882452351	3.2584474086761475	0.7723591700232247	4.0983686447143555	4.2278033145389475	-6.074835300445557	-7.834969873676324	0.0	0.0	0.0	0.0
16.59717559814453	1781696480.0	1781696480.5654492	6	12.0	14.0	32.0	34.0	NeuronSpectrum 17.06.2026 14:10:28	EEG	checkup_155_17.06.2026 14:10:28	500.0	499.6666666666667	True	0.5	40.0	4	True	50.0	30.0	640.1688842773438	262.35466705100276	0.1844201534986496	-2.3281079090484176	0.18886789679527283	-1.841965367480513	4.352856159210205	0.00911204386907695	3.4166488647460938	4.020024504459515	4.033077716827393	1.9817768711331123	3.9287710189819336	4.995984921305125	-5.938772678375244	-7.39572981590724	0.0	0.0	0.0	0.0
16.597177267074585	1781696480.0	1781696480.565451	6	12.0	14.0	32.0	34.0	NeuronSpectrum 17.06.2026 14:10:28	EEG	checkup_155_17.06.2026 14:10:28	500.0	499.6666666666667	True	0.5	40.0	4	True	50.0	30.0	636.3383178710938	253.98742055708587	0.32636919617652893	-2.2881171547525616	0.6671550869941711	-1.2272289331329762	5.10660982131958	0.4955615917722276	4.165730953216553	4.396514351016771	3.1177151203155518	2.8999556120539576	3.221059799194336	5.512736405113447	-5.877082824707031	-6.808552470987837	0.0	0.0	0.0	0.0
16.59717893600464	1781696480.0	1781696480.5654526	6	12.0	14.0	32.0	34.0	NeuronSpectrum 17.06.2026 14:10:28	EEG	checkup_155_17.06.2026 14:10:28	500.0	499.6666666666667	True	0.5	40.0	4	True	50.0	30.0	683.0790405273438	236.43632279066043	0.8666660189628601	-2.5549365341833625	1.7010021209716797	-0.8921249806696702	6.208729267120361	0.6308783201537819	4.933567047119141	4.4322216188696375	1.195583701133728	3.521821354391461	3.066439628601074	5.831178256633449	-5.602036476135254	-6.151515682593619	0.0	0.0	0.0	0.0
16.59718084335327	1781696480.0	1781696480.5654545	6	12.0	14.0	32.0	34.0	NeuronSpectrum 17.06.2026 14:10:28	EEG	checkup_155_17.06.2026 14:10:28	500.0	499.6666666666667	True	0.5	40.0	4	True	50.0	30.0	763.5736083984375	211.5765541404214	1.232903242111206	-2.981837454371827	2.8106625080108643	-0.747822556897559	6.86168909072876	0.5349897462823413	5.228990077972412	4.233633846701765	-0.5927330255508423	3.947752725873957	3.5765960216522217	6.101828231302541	-4.918125629425049	-5.505100832161441	0.0	0.0	0.0	0.0
16.597182989120483	1781696480.0	1781696480.5654566	6	12.0	14.0	32.0	34.0	NeuronSpectrum 17.06.2026 14:10:28	EEG	checkup_155_17.06.2026 14:10:28	500.0	499.6666666666667	True	0.5	40.0	4	True	50.0	30.0	814.4835815429688	182.69453039462948	0.028890781104564667	-3.343230109779075	2.502154588699341	-0.6209677894021453	5.327633380889893	0.42339099038029193	3.9816832542419434	3.999307897508772	-0.9937657713890076	4.3450486792877125	3.816000461578369	6.528281128297536	-3.8824446201324463	-4.940696091341497	0.0	0.0	0.0	0.0
16.597184896469116	1781696480.0	1781696480.5654585	6	12.0	14.0	32.0	34.0	NeuronSpectrum 17.06.2026 14:10:28	EEG	checkup_155_17.06.2026 14:10:28	500.0	499.6666666666667	True	0.5	40.0	4	True	50.0	30.0	751.552734375	154.21368066330592	-3.6618857383728027	-3.3920699530384772	-0.4564242660999298	-0.30311528569151	0.6216294169425964	0.5453154651178089	0.5350109934806824	3.9669502273367607	0.7625182271003723	4.892430175806633	2.665968656539917	7.30737140600194	-2.7803988456726074	-4.509286884674371	0.0	0.0	0.0	0.0
16.59718656539917	1781696480.0	1781696480.5654602	6	12.0	14.0	32.0	34.0	NeuronSpectrum 17.06.2026 14:10:28	EEG	checkup_155_17.06.2026 14:10:28	500.0	499.6666666666667	True	0.5	40.0	4	True	50.0	30.0	519.822021484375	130.93608973546176	-8.880858421325684	-2.9260532738889635	-5.539763450622559	0.38837305940488914	-5.789567470550537	1.1100240007047075	-4.287588119506836	4.3468219383640125	4.332930088043213	5.72400259080626	-0.02033139578998089	8.567750642589868	-1.897767424583435	-4.232545897592524	0.0	0.0	0.0	0.0
16.597188234329224	1781696480.0	1781696480.5654619	6	12.0	14.0	32.0	34.0	NeuronSpectrum 17.06.2026 14:10:28	EEG	checkup_155_17.06.2026 14:10:28	500.0	499.6666666666667	True	0.5	40.0	4	True	50.0	30.0	136.36941528320312	116.9023465841982	-12.566949844360352	-1.846659704556505	-10.029656410217285	1.5529902544190686	-9.896924018859863	2.2205873144412354	-8.015578269958496	5.258362050607946	8.057788848876953	6.8868749005712	-2.9163033962249756	10.321943964031673	-1.2940113544464111	-4.099043232800771	0.0	0.0	0.0	0.0
16.648117780685425	1781696480.0	1781696480.6163914	6	12.0	14.0	32.0	34.0	NeuronSpectrum 17.06.2026 14:10:28	EEG	checkup_155_17.06.2026 14:10:28	500.0	499.6666666666667	True	0.5	40.0	4	True	50.0	30.0	666.9384765625	114.2820294877413	0.8750095367431641	-0.1940972114376866	3.84794020652771	3.170188639366846	6.771127700805664	3.835565749757918	4.003464698791504	6.688687613600764	4.971940517425537	8.321270930971941	8.70400333404541	12.445969952826564	-5.595621109008789	-4.06723791713904	0.0	0.0	0.0	0.0
16.648123741149902	1781696480.0	1781696480.6163974	6	12.0	14.0	32.0	34.0	NeuronSpectrum 17.06.2026 14:10:28	EEG	checkup_155_17.06.2026 14:10:28	500.0	499.6666666666667	True	0.5	40.0	4	True	50.0	30.0	662.8413696289062	122.792892413241	3.5347158908843994	1.8534316447250105	6.242191791534424	5.095372437078452	9.48967456817627	5.7718464016991025	6.442702293395996	8.486576506858947	7.297422409057617	9.866488541040196	11.786592483520508	14.695009298035892	-4.76803731918335	-4.074324320631516	0.0	0.0	0.0	0.0
16.64812660217285	1781696480.0	1781696480.6164002	6	12.0	14.0	32.0	34.0	NeuronSpectrum 17.06.2026 14:10:28	EEG	checkup_155_17.06.2026 14:10:28	500.0	499.6666666666667	True	0.5	40.0	4	True	50.0	30.0	667.7183837890625	139.89063657379597	6.448375701904297	4.016405657392681	8.872908592224121	7.090396103926966	12.224123001098633	7.747701249725045	9.26584243774414	10.39413237540072	9.795756340026855	11.291706148964357	14.82902717590332	16.753217580632498	-2.8057620525360107	-4.047486703409974	0.0	0.0	0.0	0.0
16.648128747940063	1781696480.0	1781696480.6164024	6	12.0	14.0	32.0	34.0	NeuronSpectrum 17.06.2026 14:10:28	EEG	checkup_155_17.06.2026 14:10:28	500.0	499.6666666666667	True	0.5	40.0	4	True	50.0	30.0	680.0230712890625	161.56708645874912	9.192045211791992	5.975414483879746	11.388031005859375	8.878636544923205	14.582026481628418	9.451561312172867	11.99908447265625	12.106160884755813	11.955158233642578	12.346278191905682	17.21141815185547	18.304895580394557	-0.8741777539253235	-3.913919667496276	0.0	0.0	0.0	0.0
16.648130655288696	1781696480.0	1781696480.6164043	6	12.0	14.0	32.0	34.0	NeuronSpectrum 17.06.2026 14:10:28	EEG	checkup_155_17.06.2026 14:10:28	500.0	499.6666666666667	True	0.5	40.0	4	True	50.0	30.0	689.4666748046875	183.3555377927576	11.350984573364258	7.44049095458018	13.398244857788086	10.208668342594843	16.24042510986328	10.616299721758557	14.082009315490723	13.340297333454105	13.123377799987793	12.818918446716658	18.365318298339844	19.108186968387866	-0.15478959679603577	-3.608607894289828	0.0	0.0	0.0	0.0
16.64813232421875	1781696480.0	1781696480.616406	6	12.0	14.0	32.0	34.0	NeuronSpectrum 17.06.2026 14:10:28	EEG	checkup_155_17.06.2026 14:10:28	500.0	499.6666666666667	True	0.5	40.0	4	True	50.0	30.0	682.4423217773438	201.18009079806592	12.491560935974121	8.212144812431402	14.48235034942627	10.91090049263414	16.850543975830078	11.08103624504869	14.944710731506348	13.900297182552324	12.788365364074707	12.590827988297415	17.95876693725586	19.052869212430544	-0.9008508920669556	-3.081924606364379	0.0	0.0	0.0	0.0
16.648134231567383	1781696480.0	1781696480.6164079	6	12.0	14.0	32.0	34.0	NeuronSpectrum 17.06.2026 14:10:28	EEG	checkup_155_17.06.2026 14:10:28	500.0	499.6666666666667	True	0.5	40.0	4	True	50.0	30.0	654.8435668945312	211.8811340968836	12.137727737426758	8.22149347377172	14.194518089294434	10.93493948931728	15.962152481079102	10.827807022523034	14.125988006591797	13.71810676687706	10.922430038452148	11.667591928988722	15.973413467407227	18.188657400944805	-2.1844482421875	-2.309477953371027	0.0	0.0	0.0	0.0
16.648135662078857	1781696480.0	1781696480.6164093	6	12.0	14.0	32.0	34.0	NeuronSpectrum 17.06.2026 14:10:28	EEG	checkup_155_17.06.2026 14:10:28	500.0	499.6666666666667	True	0.5	40.0	4	True	50.0	30.0	622.44189453125	213.44668173949924	9.914679527282715	7.541168853928243	12.205280303955078	10.35956800840836	13.207980155944824	9.985722897841868	11.468113899230957	12.865363546212158	8.147785186767578	10.180035387209404	12.724761962890625	16.717500155295646	-2.56239652633667	-1.3036302866374707	0.0	0.0	0.0	0.0
16.64813733100891	1781696480.0	1781696480.616411	6	12.0	14.0	32.0	34.0	NeuronSpectrum 17.06.2026 14:10:28	EEG	checkup_155_17.06.2026 14:10:28	500.0	499.6666666666667	True	0.5	40.0	4	True	50.0	30.0	616.00048828125	205.09519969178206	5.929271221160889	6.363966065889151	8.63424015045166	9.372278965935948	8.808855056762695	8.800838203705528	7.366333484649658	11.531597152434628	5.495386600494385	8.353596959440688	8.877346992492676	14.95141466098401	-1.1414982080459595	-0.12214258092068109	0.0	0.0	0.0	0.0
16.648138999938965	1781696480.0	1781696480.6164126	6	12.0	14.0	32.0	34.0	NeuronSpectrum 17.06.2026 14:10:28	EEG	checkup_155_17.06.2026 14:10:28	500.0	499.6666666666667	True	0.5	40.0	4	True	50.0	30.0	657.7157592773438	187.35643871849737	1.1824767589569092	4.953291167060757	4.400938510894775	8.222038157419574	4.06268310546875	7.577108133645742	2.9247663021087646	9.974460759138065	3.7977027893066406	6.45545764093422	5.417487144470215	13.245426466709363	1.7602097988128662	1.132184861397087	0.0	0.0	0.0	0.0
16.648141145706177	1781696480.0	1781696480.6164148	6	12.0	14.0	32.0	34.0	NeuronSpectrum 17.06.2026 14:10:28	EEG	checkup_155_17.06.2026 14:10:28	500.0	499.6666666666667	True	0.5	40.0	4	True	50.0	30.0	732.6383666992188	162.1853942002973	-2.4201931953430176	3.5775396638677828	1.2219444513320923	7.156628128947947	1.1991629600524902	6.601961802772337	-0.21249206364154816	8.455287784825904	3.1068012714385986	4.734837793484466	3.4551966190338135	11.921504559295776	4.8450212478637695	2.3245276686565073	0.0	0.0	0.0	0.0
16.64814257621765	1781696480.0	1781696480.6164162	6	12.0	14.0	32.0	34.0	NeuronSpectrum 17.06.2026 14:10:28	EEG	checkup_155_17.06.2026 14:10:28	500.0	499.6666666666667	True	0.5	40.0	4	True	50.0	30.0	779.1458129882812	132.97975705649867	-2.8059403896331787	2.4466787642043193	0.9603883028030396	6.361870798650845	2.2674710750579834	6.076183341273922	-0.4998207688331604	7.17827148897369	2.6459155082702637	3.37245237064233	3.795067310333252	11.20204137337161	6.729822158813477	3.31204939966802	0.0	0.0	0.0	0.0
16.648144721984863	1781696480.0	1781696480.6164184	6	12.0	14.0	32.0	34.0	NeuronSpectrum 17.06.2026 14:10:28	EEG	checkup_155_17.06.2026 14:10:28	500.0	499.6666666666667	True	0.5	40.0	4	True	50.0	30.0	713.9436645507812	104.26853327790897	0.9524450898170471	1.6697869440150104	4.469218730926514	5.920776687162843	7.514542579650879	6.068108789855227	2.577810287475586	6.250712625755612	1.473427653312683	2.45064048206063	6.414691925048828	11.168994021366652	6.807320594787598	3.9723046298868887	0.0	0.0	0.0	0.0
16.648146152496338	1781696480.0	1781696480.6164198	6	12.0	14.0	32.0	34.0	NeuronSpectrum 17.06.2026 14:10:28	EEG	checkup_155_17.06.2026 14:10:28	500.0	499.6666666666667	True	0.5	40.0	4	True	50.0	30.0	482.13983154296875	80.91585799879265	7.526922225952148	1.2451391776930787	10.595189094543457	5.804291669137335	14.385771751403809	6.504721655580835	7.813460826873779	5.6741541514492555	-0.5420703887939453	1.94874052877948	10.186898231506348	11.757420951913222	5.473291397094727	4.227760837580506	0.0	0.0	0.0	0.0
16.64814805984497	1781696480.0	1781696480.6164217	6	12.0	14.0	32.0	34.0	NeuronSpectrum 17.06.2026 14:10:28	EEG	checkup_155_17.06.2026 14:10:28	500.0	499.6666666666667	True	0.5	40.0	4	True	50.0	30.0	100.20030212402344	66.95635808404104	13.3756742477417	1.0817804007246512	16.169374465942383	5.893598404080763	18.1958065032959	7.199478153098674	12.424201011657715	5.364438261522755	-2.2265965938568115	1.7616873470823509	13.15036678314209	12.782093909671206	3.6792831420898438	4.060432019660057	0.0	0.0	0.0	0.0
16.648149490356445	1781696480.0	1781696480.6164231	6	12.0	14.0	32.0	34.0	NeuronSpectrum 17.06.2026 14:10:28	EEG	checkup_155_17.06.2026 14:10:28	500.0	499.6666666666667	True	0.5	40.0	4	True	50.0	30.0	640.9489135742188	64.48580054454274	1.016235113143921	1.0398344435267202	6.0245256423950195	6.0225769773789235	9.708369255065918	7.904842950878303	1.9228368997573853	5.188579702559394	2.3311569690704346	1.734974920043893	10.443377494812012	13.98696244086242	4.815795421600342	3.514886345192948	0.0	0.0	0.0	0.0
16.648151397705078	1781696480.0	1781696480.616425	6	12.0	14.0	32.0	34.0	NeuronSpectrum 17.06.2026 14:10:28	EEG	checkup_155_17.06.2026 14:10:28	500.0	499.6666666666667	True	0.5	40.0	4	True	50.0	30.0	642.3709106445312	73.1083530080237	0.6849933862686157	0.9728761849326248	5.964973449707031	6.024302496028282	10.40997314453125	8.37247385630145	1.142438292503357	5.003462669209737	1.7399944067001343	1.7060839298378951	11.278630256652832	15.10290140291443	4.529987335205078	2.6912400375047763	0.0	0.0	0.0	0.0
16.64815330505371	1781696480.0	1781696480.616427	6	12.0	14.0	32.0	34.0	NeuronSpectrum 17.06.2026 14:10:28	EEG	checkup_155_17.06.2026 14:10:28	500.0	499.6666666666667	True	0.5	40.0	4	True	50.0	30.0	649.3759155273438	90.17414247877036	0.38771653175354004	0.7607494574400753	5.61391544342041	5.768882949079534	10.5084228515625	8.406435150399853	0.6061118245124817	4.6863228737256835	0.9332473278045654	1.5414377192179962	11.729860305786133	15.900109064489163	4.004601955413818	1.730604303118011	0.0	0.0	0.0	0.0
16.648155450820923	1781696480.0	1781696480.616429	6	12.0	14.0	32.0	34.0	NeuronSpectrum 17.06.2026 14:10:28	EEG	checkup_155_17.06.2026 14:10:28	500.0	499.6666666666667	True	0.5	40.0	4	True	50.0	30.0	659.6611938476562	111.62690088160429	0.044148921966552734	0.3293181637028159	4.868992805480957	5.1868218759732745	9.723747253417969	7.900114765503088	0.25987228751182556	4.1543496828745345	0.01250041276216507	1.15998820661218	11.658584594726562	16.225572854472944	2.902681589126587	0.7946771085104015	0.0	0.0	0.0	0.0
16.648157119750977	1781696480.0	1781696480.6164308	6	12.0	14.0	32.0	34.0	NeuronSpectrum 17.06.2026 14:10:28	EEG	checkup_155_17.06.2026 14:10:28	500.0	499.6666666666667	True	0.5	40.0	4	True	50.0	30.0	663.5595703125	133.0396970245204	-0.63081294298172	-0.34183593673519463	3.5762624740600586	4.276844653897675	7.839655876159668	6.851461159495039	-0.2602374255657196	3.3746429537025957	-0.873224139213562	0.5398035841992304	10.922720909118652	16.020571278478073	1.3566207885742188	0.0408522592594457	0.0	0.0	0.0	0.0
16.64815902709961	1781696480.0	1781696480.6164327	6	12.0	14.0	32.0	34.0	NeuronSpectrum 17.06.2026 14:10:28	EEG	checkup_155_17.06.2026 14:10:28	500.0	499.6666666666667	True	0.5	40.0	4	True	50.0	30.0	649.2100830078125	150.46112546624337	-1.7629228830337524	-1.2224853536249596	1.8181318044662476	3.098931536131316	5.123107433319092	5.354215346296992	-1.2223398685455322	2.3655280273832284	-1.5169496536254883	-0.2897479254534856	9.619563102722168	15.317393624030622	-0.09103419631719589	-0.4044885420746828	0.0	0.0	0.0	0.0
16.648160457611084	1781696480.0	1781696480.616434	6	12.0	14.0	32.0	34.0	NeuronSpectrum 17.06.2026 14:10:28	EEG	checkup_155_17.06.2026 14:10:28	500.0	499.6666666666667	True	0.5	40.0	4	True	50.0	30.0	614.90087890625	160.9024494946169	-3.0012946128845215	-2.2445068726896675	0.10001099854707718	1.7548825070554015	2.5186514854431152	3.5675776813097713	-2.451446771621704	1.1893116293826203	-1.8509544134140015	-1.263726616275043	8.198927879333496	14.218638431225278	-0.8217920064926147	-0.46957820390248306	0.0	0.0	0.0	0.0
16.648162603378296	1781696480.0	1781696480.6164362	6	12.0	14.0	32.0	34.0	NeuronSpectrum 17.06.2026 14:10:28	EEG	checkup_155_17.06.2026 14:10:28	500.0	499.6666666666667	True	0.5	40.0	4	True	50.0	30.0	578.8106689453125	162.5077785545653	-3.6127967834472656	-3.321461796997525	-0.8249313831329346	0.3615308843792583	1.2633099555969238	1.67313842905653	-3.3827929496765137	-0.06251807747493014	-2.198939800262451	-2.298788190448597	7.256426811218262	12.866201065855376	-0.47629794478416443	-0.15133871625095208	0.0	0.0	0.0	0.0
16.64816403388977	1781696480.0	1781696480.6164377	6	12.0	14.0	32.0	34.0	NeuronSpectrum 17.06.2026 14:10:28	EEG	checkup_155_17.06.2026 14:10:28	500.0	499.6666666666667	True	0.5	40.0	4	True	50.0	30.0	573.35009765625	154.5752243379838	-3.060070753097534	-4.369617770306779	-0.4981118440628052	-0.975759985060532	1.983122706413269	-0.16744976367456416	-3.544041633605957	-1.288408813787828	-3.2200675010681152	-3.3082539139152902	7.0851240158081055	11.40895914014043	0.922481894493103	0.48567350829533756	0.0	0.0	0.0	0.0
16.648165941238403	1781696480.0	1781696480.6164396	6	12.0	14.0	32.0	34.0	NeuronSpectrum 17.06.2026 14:10:28	EEG	checkup_155_17.06.2026 14:10:28	500.0	499.6666666666667	True	0.5	40.0	4	True	50.0	30.0	620.8190307617188	137.59968097050916	-1.687865972518921	-5.324306589636706	0.6809881925582886	-2.1818016354218472	3.8728318214416504	-1.8412151958786176	-3.109776020050049	-2.3954807645437532	-5.366235733032227	-4.2148831418662445	7.3189215660095215	9.976999112827542	3.0222902297973633	1.3274230289344577	0.0	0.0	0.0	0.0
16.648167610168457	1781696480.0	1781696480.6164412	6	12.0	14.0	32.0	34.0	NeuronSpectrum 17.06.2026 14:10:28	EEG	checkup_155_17.06.2026 14:10:28	500.0	499.6666666666667	True	0.5	40.0	4	True	50.0	30.0	704.4146118164062	113.38889529762423	-0.8834406137466431	-6.14795034137472	1.3780248165130615	-3.218559894107303	4.769550800323486	-3.2927087508694073	-3.0173211097717285	-3.3139353019289306	-8.181456565856934	-4.9625058801780835	7.014911651611328	8.66624856365798	5.274712562561035	2.242132568992637	0.0	0.0	0.0	0.0
16.64816951751709	1781696480.0	1781696480.6164432	6	12.0	14.0	32.0	34.0	NeuronSpectrum 17.06.2026 14:10:28	EEG	checkup_155_17.06.2026 14:10:28	500.0	499.6666666666667	True	0.5	40.0	4	True	50.0	30.0	759.0860595703125	85.1250228880994	-2.339816093444824	-6.830463266070888	0.0008585360483266413	-4.081879971604677	2.4212229251861572	-4.515761904839624	-4.407242298126221	-4.005723567261516	-10.156379699707031	-5.526338722988684	5.209500789642334	7.532565216532452	7.054838180541992	3.1167857910421937	0.0	0.0	0.0	0.0
16.648171186447144	1781696480.0	1781696480.6164448	6	12.0	14.0	32.0	34.0	NeuronSpectrum 17.06.2026 14:10:28	EEG	checkup_155_17.06.2026 14:10:28	500.0	499.6666666666667	True	0.5	40.0	4	True	50.0	30.0	697.835693359375	57.12484177229994	-6.68179178237915	-7.385978483234252	-4.1017231941223145	-4.793343107341347	-3.6433637142181396	-5.5373469336859635	-7.631955623626709	-4.4684025358647865	-9.526371955871582	-5.919304332005855	1.6787809133529663	6.591415628103051	7.805595397949219	3.8867853585406094	0.0	0.0	0.0	0.0
16.648173093795776	1781696480.0	1781696480.6164467	6	12.0	14.0	32.0	34.0	NeuronSpectrum 17.06.2026 14:10:28	EEG	checkup_155_17.06.2026 14:10:28	500.0	499.6666666666667	True	0.5	40.0	4	True	50.0	30.0	463.5163879394531	34.11695680474265	-12.389294624328613	-7.849382149567018	-9.693578720092773	-5.39243499291201	-10.97373104095459	-6.402506901274856	-11.532195091247559	-4.735362060660818	-5.6652727127075195	-6.190762197868499	-2.6341073513031006	5.819953198088072	7.235038757324219	4.54843721074672	0.0	0.0	0.0	0.0
16.64817476272583	1781696480.0	1781696480.6164484	6	12.0	14.0	32.0	34.0	NeuronSpectrum 17.06.2026 14:10:28	EEG	checkup_155_17.06.2026 14:10:28	500.0	499.6666666666667	True	0.5	40.0	4	True	50.0	30.0	73.03427124023438	20.125492464194767	-15.985421180725098	-8.27237063638192	-13.760950088500977	-5.930231339626986	-14.889915466308594	-7.163436913299427	-13.632874488830566	-4.871811014509272	-0.014224952086806297	-6.416364366490994	-5.8758544921875	5.1617571292364826	5.510876655578613	5.149346905977386	0.0	0.0	0.0	0.0
16.699018001556396	1781696480.0	1781696480.6672916	6	12.0	14.0	32.0	34.0	NeuronSpectrum 17.06.2026 14:10:28	EEG	checkup_155_17.06.2026 14:10:28	500.0	499.6666666666667	True	0.5	40.0	4	True	50.0	30.0	613.985107421875	17.366249390941807	-6.189608097076416	-8.715457680394515	-4.784774303436279	-6.461777990517479	-4.084064483642578	-7.869792092328244	-7.492924213409424	-4.964392113336141	-10.01545524597168	-6.681773455776306	0.04801774024963379	4.53745771232008	5.95209264755249	5.759632417050833	0.0	0.0	0.0	0.0
16.699024200439453	1781696480.0	1781696480.6672978	6	12.0	14.0	32.0	34.0	NeuronSpectrum 17.06.2026 14:10:28	EEG	checkup_155_17.06.2026 14:10:28	500.0	499.6666666666667	True	0.5	40.0	4	True	50.0	30.0	606.4647827148438	25.653848069226537	-5.912766933441162	-9.233596381419193	-4.712749004364014	-7.034456440579821	-3.8703224658966064	-8.556848379699055	-6.574060916900635	-5.103656769752641	-8.848613739013672	-7.065096787163042	0.8363074660301208	3.8635563792582577	5.264382362365723	6.434088925221644	0.0	0.0	0.0	0.0
16.699027061462402	1781696480.0	1781696480.6673007	6	12.0	14.0	32.0	34.0	NeuronSpectrum 17.06.2026 14:10:28	EEG	checkup_155_17.06.2026 14:10:28	500.0	499.6666666666667	True	0.5	40.0	4	True	50.0	30.0	607.259521484375	42.56589495103134	-6.202503204345703	-9.858566880531123	-4.936606407165527	-7.674112125319836	-3.8790016174316406	-9.233311232286349	-5.980872631072998	-5.3627301465149735	-7.90046501159668	-7.621522595374202	1.3162004947662354	3.076736867548219	5.757267475128174	7.179170993114114	0.0	0.0	0.0	0.0
16.699028968811035	1781696480.0	1781696480.6673026	6	12.0	14.0	32.0	34.0	NeuronSpectrum 17.06.2026 14:10:28	EEG	checkup_155_17.06.2026 14:10:28	500.0	499.6666666666667	True	0.5	40.0	4	True	50.0	30.0	616.41552734375	64.20777211211106	-7.268726825714111	-10.585828992320351	-5.718862056732178	-8.37500014229923	-4.497876167297363	-9.875389973351737	-6.2130126953125	-5.778980239368972	-7.854538917541504	-8.371487698075464	0.7699047923088074	2.155636570073929	7.746694564819336	7.937390461026542	0.0	0.0	0.0	0.0
16.699030876159668	1781696480.0	1781696480.6673045	6	12.0	14.0	32.0	34.0	NeuronSpectrum 17.06.2026 14:10:28	EEG	checkup_155_17.06.2026 14:10:28	500.0	499.6666666666667	True	0.5	40.0	4	True	50.0	30.0	624.6539306640625	86.18493875649375	-8.819528579711914	-11.372543335592056	-6.944483280181885	-9.099220007433667	-5.693436145782471	-10.43285076998111	-7.2729082107543945	-6.345210608454571	-9.045283317565918	-9.293932997362836	-1.0368528366088867	1.130776117792104	10.659470558166504	8.595804393939074	0.0	0.0	0.0	0.0
16.6990327835083	1781696480.0	1781696480.6673064	6	12.0	14.0	32.0	34.0	NeuronSpectrum 17.06.2026 14:10:28	EEG	checkup_155_17.06.2026 14:10:28	500.0	499.6666666666667	True	0.5	40.0	4	True	50.0	30.0	618.507568359375	104.42984664292118	-10.286272048950195	-12.147878662804123	-8.244032859802246	-9.786735908491211	-7.142539024353027	-10.846953949094452	-8.719416618347168	-7.013086813376875	-11.248952865600586	-10.327850955233416	-3.748145818710327	0.07718378253570449	13.188218116760254	9.01658063075972	0.0	0.0	0.0	0.0
16.699034929275513	1781696480.0	1781696480.6673086	6	12.0	14.0	32.0	34.0	NeuronSpectrum 17.06.2026 14:10:28	EEG	checkup_155_17.06.2026 14:10:28	500.0	499.6666666666667	True	0.5	40.0	4	True	50.0	30.0	593.2274780273438	115.72444978253061	-11.32277774810791	-12.831280277577187	-9.343832015991211	-10.372321564417149	-8.575346946716309	-11.074385475816474	-10.079376220703125	-7.707043144910357	-13.704609870910645	-11.38484130206388	-6.632277488708496	-0.909141884297353	13.999383926391602	9.07927353298486	0.0	0.0	0.0	0.0
16.699036598205566	1781696480.0	1781696480.6673102	6	12.0	14.0	32.0	34.0	NeuronSpectrum 17.06.2026 14:10:28	EEG	checkup_155_17.06.2026 14:10:28	500.0	499.6666666666667	True	0.5	40.0	4	True	50.0	30.0	563.4850463867188	117.95060597514892	-12.174663543701172	-13.352437558444079	-10.363309860229492	-10.80380014492715	-10.024297714233398	-11.108972502044763	-11.289151191711426	-8.344214744174796	-15.44631576538086	-12.371427373845563	-8.989410400390625	-1.7435796223993862	12.582984924316406	8.719898858300903	0.0	0.0	0.0	0.0
16.69903874397278	1781696480.0	1781696480.6673124	6	12.0	14.0	32.0	34.0	NeuronSpectrum 17.06.2026 14:10:28	EEG	checkup_155_17.06.2026 14:10:28	500.0	499.6666666666667	True	0.5	40.0	4	True	50.0	30.0	558.9414672851562	110.20834538741386	-13.471880912780762	-13.66806617250707	-11.701937675476074	-11.056762566286388	-11.647385597229004	-10.994125841896448	-12.701242446899414	-8.855426783706886	-15.832530975341797	-13.214686483904956	-10.4573974609375	-2.3831296279287604	9.6172456741333	7.953368874621956	0.0	0.0	0.0	0.0
16.69904065132141	1781696480.0	1781696480.6673143	6	12.0	14.0	32.0	34.0	NeuronSpectrum 17.06.2026 14:10:28	EEG	checkup_155_17.06.2026 14:10:28	500.0	499.6666666666667	True	0.5	40.0	4	True	50.0	30.0	601.113037109375	92.93659219638852	-15.46338939666748	-13.772934705952151	-13.479637145996094	-11.142751193088257	-13.1901216506958	-10.82171853473706	-14.541890144348145	-9.202884891061338	-14.991223335266113	-13.881784434844068	-11.009115219116211	-2.8437247634013807	6.561229228973389	6.8727591451903045	0.0	0.0	0.0	0.0
16.699042320251465	1781696480.0	1781696480.667316	6	12.0	14.0	32.0	34.0	NeuronSpectrum 17.06.2026 14:10:28	EEG	checkup_155_17.06.2026 14:10:28	500.0	499.6666666666667	True	0.5	40.0	4	True	50.0	30.0	675.052490234375	68.05795012779652	-17.271514892578125	-13.703620182585851	-14.938220977783203	-11.109054278633547	-13.596308708190918	-10.715917638065045	-16.22655487060547	-9.390710813192323	-13.815218925476074	-14.38538088920846	-10.666369438171387	-3.197375662861928	4.730567932128906	5.627894216374614	0.0	0.0	0.0	0.0
16.699044466018677	1781696480.0	1781696480.667318	6	12.0	14.0	32.0	34.0	NeuronSpectrum 17.06.2026 14:10:28	EEG	checkup_155_17.06.2026 14:10:28	500.0	499.6666666666667	True	0.5	40.0	4	True	50.0	30.0	719.8095092773438	39.007815303424664	-16.970836639404297	-13.533068625244544	-14.45201587677002	-11.028671273137505	-11.378674507141113	-10.803246290177391	-16.244417190551758	-9.464704943832343	-13.3567476272583	-14.77219095029429	-9.221781730651855	-3.5480584170402474	4.497114181518555	4.392553275282075	0.0	0.0	0.0	0.0
16.69904613494873	1781696480.0	1781696480.6673198	6	12.0	14.0	32.0	34.0	NeuronSpectrum 17.06.2026 14:10:28	EEG	checkup_155_17.06.2026 14:10:28	500.0	499.6666666666667	True	0.5	40.0	4	True	50.0	30.0	653.1428833007812	10.411935311078905	-12.81921100616455	-13.354239121594702	-10.49445915222168	-10.980274737165399	-5.8358893394470215	-11.17399989916668	-13.030580520629883	-9.499029240207422	-13.94898796081543	-15.09876849313849	-6.343780040740967	-3.992546825683279	5.168328285217285	3.3313642150590477	0.0	0.0	0.0	0.0
16.699048042297363	1781696480.0	1781696480.6673217	6	12.0	14.0	32.0	34.0	NeuronSpectrum 17.06.2026 14:10:28	EEG	checkup_155_17.06.2026 14:10:28	500.0	499.6666666666667	True	0.5	40.0	4	True	50.0	30.0	421.1484680175781	-12.740257913299699	-4.9731903076171875	-13.254428074836815	-3.1024487018585205	-11.021849874669806	1.6406768560409546	-11.845623900955797	-6.402667999267578	-9.571518075293534	-14.665338516235352	-15.403768526869662	-2.0916056632995605	-4.579110411475938	5.578780174255371	2.5743200412724256	0.0	0.0	0.0	0.0
16.699049711227417	1781696480.0	1781696480.6673234	6	12.0	14.0	32.0	34.0	NeuronSpectrum 17.06.2026 14:10:28	EEG	checkup_155_17.06.2026 14:10:28	500.0	499.6666666666667	True	0.5	40.0	4	True	50.0	30.0	40.8057861328125	-26.301912134320816	3.6681931018829346	-13.288070083990336	5.279243469238281	-11.167381780801035	7.382892608642578	-12.743442980976383	1.5443408489227295	-9.735533114442127	-13.621612548828125	-15.68748417845396	2.5761168003082275	-5.2806705012722155	4.911273002624512	2.2015738890151253	0.0	0.0	0.0	0.0
16.69905161857605	1781696480.0	1781696480.6673253	6	12.0	14.0	32.0	34.0	NeuronSpectrum 17.06.2026 14:10:28	EEG	checkup_155_17.06.2026 14:10:28	500.0	499.6666666666667	True	0.5	40.0	4	True	50.0	30.0	575.5372314453125	-28.120000482232197	-17.087139129638672	-13.460155498461145	-15.79157829284668	-11.37882288872931	-18.133037567138672	-13.71267656724893	-16.938438415527344	-10.000499108758625	-18.92963409423828	-15.906821602400811	-16.19550132751465	-5.996297789583762	3.579148292541504	2.2371223346387374	0.0	0.0	0.0	0.0
16.699053287506104	1781696480.0	1781696480.667327	6	12.0	14.0	32.0	34.0	NeuronSpectrum 17.06.2026 14:10:28	EEG	checkup_155_17.06.2026 14:10:28	500.0	499.6666666666667	True	0.5	40.0	4	True	50.0	30.0	577.11474609375	-18.61831378524393	-17.27645492553711	-13.72891106073013	-16.384536743164062	-11.58022248800602	-20.527353286743164	-14.56371423960429	-17.23468780517578	-10.330246247929825	-19.790821075439453	-15.987868209502034	-18.439577102661133	-6.583891034075853	3.567932367324829	2.648933207121317	0.0	0.0	0.0	0.0
16.699055194854736	1781696480.0	1781696480.6673288	6	12.0	14.0	32.0	34.0	NeuronSpectrum 17.06.2026 14:10:28	EEG	checkup_155_17.06.2026 14:10:28	500.0	499.6666666666667	True	0.5	40.0	4	True	50.0	30.0	586.5025634765625	-0.5671274617610589	-16.150285720825195	-14.025330336077129	-15.099536895751953	-11.688369493507139	-19.639633178710938	-15.134452013052574	-16.28983497619629	-10.658211695107973	-18.870866775512695	-15.850960000840605	-17.658445358276367	-6.9113198307396395	4.256073474884033	3.3542986019327947	0.0	0.0	0.0	0.0
16.69905686378479	1781696480.0	1781696480.6673305	6	12.0	14.0	32.0	34.0	NeuronSpectrum 17.06.2026 14:10:28	EEG	checkup_155_17.06.2026 14:10:28	500.0	499.6666666666667	True	0.5	40.0	4	True	50.0	30.0	600.4977416992188	21.78767669654602	-14.39733600616455	-14.277419068985433	-12.689861297607422	-11.644134123457132	-16.28548812866211	-15.342171437050714	-14.76904010772705	-10.909285467334865	-16.694610595703125	-15.438006240444546	-14.548820495605469	-6.903153061136484	5.473291873931885	4.230580565884235	0.0	0.0	0.0	0.0
16.699058771133423	1781696480.0	1781696480.6673324	6	12.0	14.0	32.0	34.0	NeuronSpectrum 17.06.2026 14:10:28	EEG	checkup_155_17.06.2026 14:10:28	500.0	499.6666666666667	True	0.5	40.0	4	True	50.0	30.0	608.0177001953125	43.81259734054549	-13.094941139221191	-14.42713411990688	-10.503572463989258	-11.429723991863261	-12.512901306152344	-15.202869333857993	-13.635976791381836	-11.017374502335896	-14.192431449890137	-14.731548408260881	-10.930989265441895	-6.563133763197651	6.812204837799072	5.131494720801984	0.0	0.0	0.0	0.0
16.699060440063477	1781696480.0	1781696480.667334	6	12.0	14.0	32.0	34.0	NeuronSpectrum 17.06.2026 14:10:28	EEG	checkup_155_17.06.2026 14:10:28	500.0	499.6666666666667	True	0.5	40.0	4	True	50.0	30.0	595.95166015625	61.40087180190571	-12.918219566345215	-14.436350660661388	-9.546309471130371	-11.067516110298806	-10.207077026367188	-14.814014031544682	-13.455109596252441	-10.934539504008029	-12.111405372619629	-13.759502440431147	-8.546483993530273	-5.966339085545498	7.905736446380615	5.907652373371486	0.0	0.0	0.0	0.0
16.69906234741211	1781696480.0	1781696480.667336	6	12.0	14.0	32.0	34.0	NeuronSpectrum 17.06.2026 14:10:28	EEG	checkup_155_17.06.2026 14:10:28	500.0	499.6666666666667	True	0.5	40.0	4	True	50.0	30.0	561.8410034179688	71.52141493576093	-13.558497428894043	-14.286043900294223	-9.759306907653809	-10.60646177113352	-9.860224723815918	-14.31392701592039	-13.926058769226074	-10.63428991186249	-10.744028091430664	-12.58590374328619	-8.001547813415527	-5.22941018609434	8.578469276428223	6.428342348424159	0.0	0.0	0.0	0.0
16.699064016342163	1781696480.0	1781696480.6673377	6	12.0	14.0	32.0	34.0	NeuronSpectrum 17.06.2026 14:10:28	EEG	checkup_155_17.06.2026 14:10:28	500.0	499.6666666666667	True	0.5	40.0	4	True	50.0	30.0	523.5241088867188	72.42042548728645	-13.851445198059082	-13.97434655001973	-10.068582534790039	-10.105368163493656	-10.39639663696289	-13.837419876673964	-14.033883094787598	-10.113076654031968	-10.063077926635742	-11.293017552542944	-8.565964698791504	-4.474073440984892	8.78604793548584	6.600563897965557	0.0	0.0	0.0	0.0
16.699065923690796	1781696480.0	1781696480.6673396	6	12.0	14.0	32.0	34.0	NeuronSpectrum 17.06.2026 14:10:28	EEG	checkup_155_17.06.2026 14:10:28	500.0	499.6666666666667	True	0.5	40.0	4	True	50.0	30.0	513.3768310546875	63.62731905694284	-12.651439666748047	-13.515347732057645	-9.2476224899292	-9.619004070842543	-10.227526664733887	-13.482601874381272	-12.803009033203125	-9.391007056550604	-9.961078643798828	-9.96212706808499	-8.923323631286621	-3.7970441509159523	8.529227256774902	6.381575306802453	0.0	0.0	0.0	0.0
16.69906735420227	1781696480.0	1781696480.667341	6	12.0	14.0	32.0	34.0	NeuronSpectrum 17.06.2026 14:10:28	EEG	checkup_155_17.06.2026 14:10:28	500.0	499.6666666666667	True	0.5	40.0	4	True	50.0	30.0	554.328369140625	45.93477213286089	-9.900050163269043	-12.936308541081319	-7.027849197387695	-9.18777528179402	-8.77846622467041	-13.294143698171437	-10.175392150878906	-8.509437936410801	-10.251688003540039	-8.659075975483255	-8.280915260314941	-3.2523644927698774	7.821390628814697	5.782528430179616	0.0	0.0	0.0	0.0
16.699069261550903	1781696480.0	1781696480.667343	6	12.0	14.0	32.0	34.0	NeuronSpectrum 17.06.2026 14:10:28	EEG	checkup_155_17.06.2026 14:10:28	500.0	499.6666666666667	True	0.5	40.0	4	True	50.0	30.0	631.5286865234375	21.421996122222566	-7.012383937835693	-12.270373123957636	-4.57625150680542	-8.829247610384215	-7.207204818725586	-13.260716072387998	-7.309213161468506	-7.52279788224778	-10.418258666992188	-7.427287260910308	-6.979991436004639	-2.8456993167081595	6.728030204772949	4.862627171961648	0.0	0.0	0.0	0.0
16.699070692062378	1781696480.0	1781696480.6673443	6	12.0	14.0	32.0	34.0	NeuronSpectrum 17.06.2026 14:10:28	EEG	checkup_155_17.06.2026 14:10:28	500.0	499.6666666666667	True	0.5	40.0	4	True	50.0	30.0	683.3538818359375	-6.574840792966719	-6.103148460388184	-11.545225823849377	-3.8567209243774414	-8.531313844417287	-7.582276821136475	-13.322116987076376	-5.950106143951416	-6.485125068477585	-9.547158241271973	-6.287222082097454	-6.175039291381836	-2.5373838100189596	5.378879070281982	3.715168020284418	0.0	0.0	0.0	0.0
16.69907259941101	1781696480.0	1781696480.6673462	6	12.0	14.0	32.0	34.0	NeuronSpectrum 17.06.2026 14:10:28	EEG	checkup_155_17.06.2026 14:10:28	500.0	499.6666666666667	True	0.5	40.0	4	True	50.0	30.0	626.581298828125	-33.75706344334821	-8.360429763793945	-10.772336345321419	-6.127490520477295	-8.249861537980006	-10.933839797973633	-13.383218423670158	-7.131753921508789	-5.4357654442165915	-6.772327423095703	-5.238944940440499	-6.79744291305542	-2.2518168150348266	3.9147088527679443	2.448416490240516	0.0	0.0	0.0	0.0
16.699074268341064	1781696480.0	1781696480.667348	6	12.0	14.0	32.0	34.0	NeuronSpectrum 17.06.2026 14:10:28	EEG	checkup_155_17.06.2026 14:10:28	500.0	499.6666666666667	True	0.5	40.0	4	True	50.0	30.0	406.0175476074219	-55.581882156365324	-12.67568588256836	-9.942484241621518	-10.591790199279785	-7.914628902209069	-15.644360542297363	-13.33336592446495	-10.0874605178833	-4.3900653443498205	-2.1070339679718018	-4.2648895378852085	-8.601677894592285	-1.8924541631164093	2.4371654987335205	1.1653170499842624	0.0	0.0	0.0	0.0
16.699075937271118	1781696480.0	1781696480.6673496	6	12.0	14.0	32.0	34.0	NeuronSpectrum 17.06.2026 14:10:28	EEG	checkup_155_17.06.2026 14:10:28	500.0	499.6666666666667	True	0.5	40.0	4	True	50.0	30.0	36.84346389770508	-68.31715663517205	-15.685955047607422	-9.029899292748215	-14.290607452392578	-7.443909086188991	-17.645381927490234	-13.068934515603479	-12.263383865356445	-3.338449234524807	3.0062499046325684	-3.3327431444786613	-10.041604042053223	-1.3617717871271937	1.0341986417770386	-0.05359236766339495	0.0	0.0	0.0	0.0
16.74932312965393	1781696480.0	1781696480.7175968	6	12.0	14.0	32.0	34.0	NeuronSpectrum 17.06.2026 14:10:28	EEG	checkup_155_17.06.2026 14:10:28	500.0	499.6666666666667	True	0.5	40.0	4	True	50.0	30.0	545.8131713867188	-70.05316972054476	-4.383685111999512	-8.002482081412264	-4.210731029510498	-6.764171691063825	-7.950116157531738	-12.514767422727116	-3.1061925888061523	-2.253132217091731	-2.857781171798706	-2.4011798152153028	-4.39997673034668	-0.5839808378763023	-1.035483956336975	-1.1600535422396296	0.0	0.0	0.0	0.0
16.749330282211304	1781696480.0	1781696480.717604	6	12.0	14.0	32.0	34.0	NeuronSpectrum 17.06.2026 14:10:28	EEG	checkup_155_17.06.2026 14:10:28	500.0	499.6666666666667	True	0.5	40.0	4	True	50.0	30.0	541.881591796875	-61.208791448204856	-3.8051490783691406	-6.833575038504423	-3.978339433670044	-5.828616566776546	-7.96074914932251	-11.64018252007355	-2.662161350250244	-1.0993961522114584	-2.3504321575164795	-1.4308954507477007	-4.525613784790039	0.473379675481275	-1.517527461051941	-2.1379535340195237	0.0	0.0	0.0	0.0
16.749332666397095	1781696480.0	1781696480.7176063	6	12.0	14.0	32.0	34.0	NeuronSpectrum 17.06.2026 14:10:28	EEG	checkup_155_17.06.2026 14:10:28	500.0	499.6666666666667	True	0.5	40.0	4	True	50.0	30.0	545.38720703125	-44.31069972524298	-3.3754119873046875	-5.512611397792394	-3.5781259536743164	-4.63044322977022	-7.575925350189209	-10.467477190974243	-2.3726706504821777	0.15115869374448518	-1.878817081451416	-0.3994249373176506	-4.360577583312988	1.7834754698419613	-1.1462525129318237	-2.99264838841427	0.0	0.0	0.0	0.0
16.749334812164307	1781696480.0	1781696480.7176085	6	12.0	14.0	32.0	34.0	NeuronSpectrum 17.06.2026 14:10:28	EEG	checkup_155_17.06.2026 14:10:28	500.0	499.6666666666667	True	0.5	40.0	4	True	50.0	30.0	554.9071655273438	-23.207319336650766	-2.774259567260742	-4.053994432067329	-2.7132341861724854	-3.209138359981151	-6.442659854888916	-9.072433898152749	-1.8841924667358398	1.5073000601756266	-1.157706379890442	0.6861962163135351	-3.472208261489868	3.2544377571816123	-0.3689413368701935	-3.732512611531977	0.0	0.0	0.0	0.0
16.74933695793152	1781696480.0	1781696480.7176106	6	12.0	14.0	32.0	34.0	NeuronSpectrum 17.06.2026 14:10:28	EEG	checkup_155_17.06.2026 14:10:28	500.0	499.6666666666667	True	0.5	40.0	4	True	50.0	30.0	561.5065307617188	-2.1045795555399307	-1.4965263605117798	-2.502474474190174	-1.0444890260696411	-1.648297691496575	-4.365665912628174	-7.5754326421864215	-0.7154149413108826	2.9481239070012375	-0.005087836179882288	1.7857301205267082	-1.5867950916290283	4.738322751156688	0.018247125670313835	-4.349016645575052	0.0	0.0	0.0	0.0
16.749338626861572	1781696480.0	1781696480.7176123	6	12.0	14.0	32.0	34.0	NeuronSpectrum 17.06.2026 14:10:28	EEG	checkup_155_17.06.2026 14:10:28	500.0	499.6666666666667	True	0.5	40.0	4	True	50.0	30.0	553.6324462890625	15.229502218022933	0.7557163238525391	-0.9308389261311194	1.4979604482650757	-0.0626553512417666	-1.5807641744613647	-6.120900924674991	1.4061683416366577	4.4215256720618585	1.5567337274551392	2.834412251747526	1.149181842803955	6.057427297676406	-0.6695542335510254	-4.803655922775533	0.0	0.0	0.0	0.0
16.749340534210205	1781696480.0	1781696480.7176142	6	12.0	14.0	32.0	34.0	NeuronSpectrum 17.06.2026 14:10:28	EEG	checkup_155_17.06.2026 14:10:28	500.0	499.6666666666667	True	0.5	40.0	4	True	50.0	30.0	528.3082885742188	25.935021525246434	3.6245498657226562	0.5737110080686153	4.398341655731201	1.4263592707290504	1.0558549165725708	-4.8455766279912105	4.178447723388672	5.855252765442595	3.352222442626953	3.762273482614762	3.9942078590393066	7.045627534795983	-2.462961196899414	-5.02879430995165	0.0	0.0	0.0	0.0
16.749342441558838	1781696480.0	1781696480.717616	6	12.0	14.0	32.0	34.0	NeuronSpectrum 17.06.2026 14:10:28	EEG	checkup_155_17.06.2026 14:10:28	500.0	499.6666666666667	True	0.5	40.0	4	True	50.0	30.0	500.00054931640625	28.240286264040314	6.039820671081543	1.9330152750531824	6.593343257904053	2.722099201318384	2.2884299755096436	-3.842328647265681	6.687034606933594	7.179305430553768	5.2038984298706055	4.51817808604426	5.784604549407959	7.595314301001293	-4.556031703948975	-4.94454812084364	0.0	0.0	0.0	0.0
16.74934434890747	1781696480.0	1781696480.717618	6	12.0	14.0	32.0	34.0	NeuronSpectrum 17.06.2026 14:10:28	EEG	checkup_155_17.06.2026 14:10:28	500.0	499.6666666666667	True	0.5	40.0	4	True	50.0	30.0	496.01129150390625	21.498665811986346	6.8057427406311035	3.103018356427872	7.03591775894165	3.7810858156946145	1.214442491531372	-3.1319276980043207	7.88209867477417	8.351700537374342	6.981104850769043	5.090683920321862	5.514333724975586	7.69496544388505	-5.679632663726807	-4.4869203626831835	0.0	0.0	0.0	0.0
16.749346017837524	1781696480.0	1781696480.7176197	6	12.0	14.0	32.0	34.0	NeuronSpectrum 17.06.2026 14:10:28	EEG	checkup_155_17.06.2026 14:10:28	500.0	499.6666666666667	True	0.5	40.0	4	True	50.0	30.0	535.4824829101562	6.229998974712668	5.568193435668945	4.088631417948073	5.530572891235352	4.62619846056818	-1.7903437614440918	-2.655440609921922	7.3527398109436035	9.375711181181666	8.45205020904541	5.51825740777397	3.0570766925811768	7.442303410830641	-4.84731912612915	-3.636704453735942	0.0	0.0	0.0	0.0
16.749348163604736	1781696480.0	1781696480.7176218	6	12.0	14.0	32.0	34.0	NeuronSpectrum 17.06.2026 14:10:28	EEG	checkup_155_17.06.2026 14:10:28	500.0	499.6666666666667	True	0.5	40.0	4	True	50.0	30.0	604.1581420898438	-15.791411026162377	3.4401166439056396	4.939359724254193	3.2244579792022705	5.336807360901289	-4.761154651641846	-2.293057235159313	5.839510917663574	10.298669894603202	9.100122451782227	5.883874166555521	-0.4690130949020386	7.0248788325591365	-2.027108669281006	-2.437292888644423	0.0	0.0	0.0	0.0
16.74934983253479	1781696480.0	1781696480.7176235	6	12.0	14.0	32.0	34.0	NeuronSpectrum 17.06.2026 14:10:28	EEG	checkup_155_17.06.2026 14:10:28	500.0	499.6666666666667	True	0.5	40.0	4	True	50.0	30.0	646.2340698242188	-41.51672508794192	2.598726272583008	5.725186486535693	2.1989591121673584	6.017327191239815	-5.038451671600342	-1.903888529496299	4.96637487411499	11.190077047052222	8.243918418884277	6.293193183285233	-3.0719118118286133	6.6716961002645325	1.7538727521896362	-0.9935810756736266	0.0	0.0	0.0	0.0
16.749351978302002	1781696480.0	1781696480.7176256	6	12.0	14.0	32.0	34.0	NeuronSpectrum 17.06.2026 14:10:28	EEG	checkup_155_17.06.2026 14:10:28	500.0	499.6666666666667	True	0.5	40.0	4	True	50.0	30.0	586.9667358398438	-66.8850892482708	4.822170734405518	6.502054565049186	4.155813694000244	6.755567064908959	-1.126798152923584	-1.3716374046274449	6.15944766998291	12.106506837969143	5.566216945648193	6.840822504781897	-2.9606189727783203	6.591030419130671	4.940879821777344	0.5480585866016974	0.0	0.0	0.0	0.0
16.749353408813477	1781696480.0	1781696480.717627	6	12.0	14.0	32.0	34.0	NeuronSpectrum 17.06.2026 14:10:28	EEG	checkup_155_17.06.2026 14:10:28	500.0	499.6666666666667	True	0.5	40.0	4	True	50.0	30.0	377.53363037109375	-87.51946061781436	9.830838203430176	7.281765678458699	8.946305274963379	7.5872435430349405	5.653321743011475	-0.6387697582382947	9.389819145202637	13.057575084935515	1.7322441339492798	7.574690592305905	0.2522760033607483	6.915220084002513	6.290872573852539	2.0310441183805548	0.0	0.0	0.0	0.0
16.74935555458069	1781696480.0	1781696480.7176292	6	12.0	14.0	32.0	34.0	NeuronSpectrum 17.06.2026 14:10:28	EEG	checkup_155_17.06.2026 14:10:28	500.0	499.6666666666667	True	0.5	40.0	4	True	50.0	30.0	33.35732650756836	-99.761943119837	14.733473777770996	8.019004341050302	14.051945686340332	8.480175495392677	11.132564544677734	0.28167744022382124	12.702295303344727	13.987441327709455	-1.4845948219299316	8.472008485631914	5.034280776977539	7.669975322557995	5.507009983062744	3.319547794882592	0.0	0.0	0.0	0.0
16.749357223510742	1781696480.0	1781696480.7176309	6	12.0	14.0	32.0	34.0	NeuronSpectrum 17.06.2026 14:10:28	EEG	checkup_155_17.06.2026 14:10:28	500.0	499.6666666666667	True	0.5	40.0	4	True	50.0	30.0	516.2559204101562	-101.67458035681973	10.678735733032227	8.620083280830395	11.714325904846191	9.342721678792818	5.398866176605225	1.3165044652531326	12.887904167175293	14.779998105098954	13.12368106842041	9.438516228927735	5.354742527008057	8.775313805184963	7.202449798583984	4.3191527295605745	0.0	0.0	0.0	0.0
16.749359130859375	1781696480.0	1781696480.7176328	6	12.0	14.0	32.0	34.0	NeuronSpectrum 17.06.2026 14:10:28	EEG	checkup_155_17.06.2026 14:10:28	500.0	499.6666666666667	True	0.5	40.0	4	True	50.0	30.0	516.0841064453125	-93.55487055042468	12.781598091125488	8.968953054014852	13.853392601013184	10.05111809980761	7.204040050506592	2.3562173189459408	15.470701217651367	15.286378822192239	15.479547500610352	10.33376364243312	7.747051239013672	10.073072923788024	5.99857234954834	4.98267986006169	0.0	0.0	0.0	0.0
16.749361276626587	1781696480.0	1781696480.717635	6	12.0	14.0	32.0	34.0	NeuronSpectrum 17.06.2026 14:10:28	EEG	checkup_155_17.06.2026 14:10:28	500.0	499.6666666666667	True	0.5	40.0	4	True	50.0	30.0	521.9276123046875	-77.74825563527813	12.809746742248535	8.96034669590248	13.857719421386719	10.484219490872503	6.987966060638428	3.2813501847642095	15.659789085388184	15.364938395322953	15.445086479187012	11.01236485455752	7.982771396636963	11.367802395654786	5.250735759735107	5.302957485432238	0.0	0.0	0.0	0.0
16.74936318397522	1781696480.0	1781696480.7176368	6	12.0	14.0	32.0	34.0	NeuronSpectrum 17.06.2026 14:10:28	EEG	checkup_155_17.06.2026 14:10:28	500.0	499.6666666666667	True	0.5	40.0	4	True	50.0	30.0	531.6959838867188	-57.90680824477937	10.74387264251709	8.528614707901466	11.9324312210083	10.55320050660047	5.393134117126465	3.9829986170323455	13.390290260314941	14.919499577285364	13.331384658813477	11.362874028642782	6.641975402832031	12.466429010354538	5.474976062774658	5.29868335261174	0.0	0.0	0.0	0.0
16.749364852905273	1781696480.0	1781696480.7176385	6	12.0	14.0	32.0	34.0	NeuronSpectrum 17.06.2026 14:10:28	EEG	checkup_155_17.06.2026 14:10:28	500.0	499.6666666666667	True	0.5	40.0	4	True	50.0	30.0	536.800048828125	-38.060946801229754	7.538565158843994	7.662980197865121	9.170496940612793	10.217086152329815	3.7313082218170166	4.373713228934213	9.74780559539795	13.922818714905603	10.626993179321289	11.328620925719024	5.167923927307129	13.206536658455823	6.4668803215026855	5.000612989718369	0.0	0.0	0.0	0.0
16.749366521835327	1781696480.0	1781696480.7176402	6	12.0	14.0	32.0	34.0	NeuronSpectrum 17.06.2026 14:10:28	EEG	checkup_155_17.06.2026 14:10:28	500.0	499.6666666666667	True	0.5	40.0	4	True	50.0	30.0	526.7443237304688	-21.83761730060141	4.551947116851807	6.405045286717775	6.882815837860107	9.481139286990771	3.1582541465759277	4.3892387641411315	6.276963233947754	12.418556591029486	8.962884902954102	10.906350770951345	4.822750091552734	13.470400745543547	7.432177543640137	4.4430451443603465	0.0	0.0	0.0	0.0
16.74936866760254	1781696480.0	1781696480.7176423	6	12.0	14.0	32.0	34.0	NeuronSpectrum 17.06.2026 14:10:28	EEG	checkup_155_17.06.2026 14:10:28	500.0	499.6666666666667	True	0.5	40.0	4	True	50.0	30.0	499.5035095214844	-11.982225746231611	2.8625619411468506	4.831361187515694	5.926894664764404	8.382200191882069	4.06865119934082	3.985321242872838	4.134098052978516	10.503965684143036	8.953534126281738	10.130226142217062	5.849846363067627	13.188371839806186	7.4529876708984375	3.6613082943231365	0.0	0.0	0.0	0.0
16.800899267196655	1781696480.0	1781696480.769173	6	12.0	14.0	32.0	34.0	NeuronSpectrum 17.06.2026 14:10:28	EEG	checkup_155_17.06.2026 14:10:28	500.0	499.6666666666667	True	0.5	40.0	4	True	50.0	30.0	469.5687255859375	-10.162652579176225	2.8143417835235596	3.0298970428111103	6.385030269622803	6.970125981645175	6.013203144073486	3.1356384595286553	3.5702011585235596	8.302822319766332	9.754459381103516	9.05346298465235	7.384681701660156	12.337859411672815	6.041263103485107	2.692173042872993	0.0	0.0	0.0	0.0
16.80090570449829	1781696480.0	1781696480.7691793	6	12.0	14.0	32.0	34.0	NeuronSpectrum 17.06.2026 14:10:28	EEG	checkup_155_17.06.2026 14:10:28	500.0	499.6666666666667	True	0.5	40.0	4	True	50.0	30.0	463.319091796875	-16.92660680542584	3.8910443782806396	1.0810248541914718	7.615923881530762	5.294942105228518	7.977370738983154	1.8354140910558714	3.9264450073242188	5.940323833056179	9.71357536315918	7.736454261587271	8.079228401184082	10.942317734879035	3.4569811820983887	1.5731298417127713	0.0	0.0	0.0	0.0
16.80090856552124	1781696480.0	1781696480.7691822	6	12.0	14.0	32.0	34.0	NeuronSpectrum 17.06.2026 14:10:28	EEG	checkup_155_17.06.2026 14:10:28	500.0	499.6666666666667	True	0.5	40.0	4	True	50.0	30.0	499.20147705078125	-31.677098925654928	4.855838298797607	-0.9499790104530873	8.489529609680176	3.4048852628996897	8.692242622375488	0.1107534330216478	4.002061367034912	3.52808693038825	7.687564849853516	6.242762714326184	6.920592784881592	9.07028980311688	0.5855247974395752	0.338809396970477	0.0	0.0	0.0	0.0
16.800910472869873	1781696480.0	1781696480.769184	6	12.0	14.0	32.0	34.0	NeuronSpectrum 17.06.2026 14:10:28	EEG	checkup_155_17.06.2026 14:10:28	500.0	499.6666666666667	True	0.5	40.0	4	True	50.0	30.0	564.17626953125	-52.62229732179944	4.152267932891846	-3.0089548356755884	7.705837726593018	1.3535663812938354	6.927139759063721	-1.9714483866036792	2.581655263900757	1.1605101820853148	4.0631327629089355	4.638496693246874	3.716170072555542	6.831054173841019	-1.5459864139556885	-0.9832133720107514	0.0	0.0	0.0	0.0
16.800912857055664	1781696480.0	1781696480.7691865	6	12.0	14.0	32.0	34.0	NeuronSpectrum 17.06.2026 14:10:28	EEG	checkup_155_17.06.2026 14:10:28	500.0	499.6666666666667	True	0.5	40.0	4	True	50.0	30.0	606.2268676757812	-76.79576424670806	0.6218584775924683	-5.0438728544837765	4.283305644989014	-0.791156124627325	2.003783941268921	-4.300866694453142	-0.9965919852256775	-1.0823543134004545	0.6625805497169495	2.9897735045726175	-0.921235978603363	4.363201348066767	-2.338183879852295	-2.3723002981950736	0.0	0.0	0.0	0.0
16.800915002822876	1781696480.0	1781696480.7691886	6	12.0	14.0	32.0	34.0	NeuronSpectrum 17.06.2026 14:10:28	EEG	checkup_155_17.06.2026 14:10:28	500.0	499.6666666666667	True	0.5	40.0	4	True	50.0	30.0	555.4696044921875	-100.33404787239562	-5.607477188110352	-6.999316147758845	-1.764466643333435	-2.945050813809382	-5.434234142303467	-6.7342525902888575	-6.337955474853516	-3.1323279164540145	-0.5040170550346375	1.3565331374230563	-5.8724684715271	1.8156891451030797	-1.9137394428253174	-3.8062612596158556	0.0	0.0	0.0	0.0
16.800917387008667	1781696480.0	1781696480.769191	6	12.0	14.0	32.0	34.0	NeuronSpectrum 17.06.2026 14:10:28	EEG	checkup_155_17.06.2026 14:10:28	500.0	499.6666666666667	True	0.5	40.0	4	True	50.0	30.0	365.8509521484375	-119.14215076725152	-12.544782638549805	-8.81922656231679	-8.86199951171875	-5.016200130856777	-12.863221168518066	-9.118681644921645	-11.771053314208984	-4.935174647974846	1.2038288116455078	-0.2148628529102889	-9.815847396850586	-0.6744846012680812	-0.9710782766342163	-5.245066187216243	0.0	0.0	0.0	0.0
16.80091905593872	1781696480.0	1781696480.7691927	6	12.0	14.0	32.0	34.0	NeuronSpectrum 17.06.2026 14:10:28	EEG	checkup_155_17.06.2026 14:10:28	500.0	499.6666666666667	True	0.5	40.0	4	True	50.0	30.0	50.789405822753906	-129.85716770251386	-16.726655960083008	-10.455777366345018	-14.008877754211426	-6.921215349717573	-16.329307556152344	-11.319839677035024	-14.741003036499023	-6.456053538803023	4.325536251068115	-1.6965043859431297	-11.483485221862793	-3.0008674795321815	-0.3093850314617157	-6.613414502862715	0.0	0.0	0.0	0.0
16.80092144012451	1781696480.0	1781696480.769195	6	12.0	14.0	32.0	34.0	NeuronSpectrum 17.06.2026 14:10:28	EEG	checkup_155_17.06.2026 14:10:28	500.0	499.6666666666667	True	0.5	40.0	4	True	50.0	30.0	486.44384765625	-130.76700986771237	-9.456266403198242	-11.877133643866072	-6.74129056930542	-8.600291823340038	-9.199324607849121	-13.244092469213284	-10.582877159118652	-7.683355764478263	-4.29164457321167	-3.079307044230531	-10.369413375854492	-5.095980348823144	-3.674273729324341	-7.792662255423294	0.0	0.0	0.0	0.0
16.800923109054565	1781696480.0	1781696480.7691967	6	12.0	14.0	32.0	34.0	NeuronSpectrum 17.06.2026 14:10:28	EEG	checkup_155_17.06.2026 14:10:28	500.0	499.6666666666667	True	0.5	40.0	4	True	50.0	30.0	482.8221740722656	-122.27228995815446	-9.94746208190918	-13.067697930708615	-7.816036701202393	-10.023058019605902	-10.730250358581543	-14.84615988520802	-10.837806701660156	-8.626486851177798	-4.796293258666992	-4.369039455083731	-11.602937698364258	-6.927438032180137	-6.52894401550293	-8.631160840803668	0.0	0.0	0.0	0.0
16.8009250164032	1781696480.0	1781696480.7691987	6	12.0	14.0	32.0	34.0	NeuronSpectrum 17.06.2026 14:10:28	EEG	checkup_155_17.06.2026 14:10:28	500.0	499.6666666666667	True	0.5	40.0	4	True	50.0	30.0	486.3546142578125	-106.69262799758984	-10.102189064025879	-14.020485386893437	-8.410272598266602	-11.183347814440733	-11.58420181274414	-16.121806166468662	-10.641385078430176	-9.30745764954565	-4.937369346618652	-5.578655892232873	-12.641907691955566	-8.48498087316943	-8.808418273925781	-8.975073617296081	0.0	0.0	0.0	0.0
16.80092692375183	1781696480.0	1781696480.7692006	6	12.0	14.0	32.0	34.0	NeuronSpectrum 17.06.2026 14:10:28	EEG	checkup_155_17.06.2026 14:10:28	500.0	499.6666666666667	True	0.5	40.0	4	True	50.0	30.0	496.2075500488281	-87.55509870235711	-10.345823287963867	-14.72719382521738	-8.785984992980957	-12.087560359887359	-11.751233100891113	-17.091360987255253	-10.514398574829102	-9.750423914895794	-5.173682689666748	-6.717715902687401	-13.61455249786377	-9.764979270264286	-9.47044849395752	-8.712392169708384	0.0	0.0	0.0	0.0
16.800928592681885	1781696480.0	1781696480.7692022	6	12.0	14.0	32.0	34.0	NeuronSpectrum 17.06.2026 14:10:28	EEG	checkup_155_17.06.2026 14:10:28	500.0	499.6666666666667	True	0.5	40.0	4	True	50.0	30.0	504.4293212890625	-68.7045804297913	-10.978914260864258	-15.172646215712712	-9.293944358825684	-12.743390912755014	-11.646637916564941	-17.78135078635327	-10.850175857543945	-9.974295938286918	-6.1244659423828125	-7.781376545504636	-14.748579978942871	-10.758815739395061	-8.307147979736328	-7.8159425442766945	0.0	0.0	0.0	0.0
16.800930500030518	1781696480.0	1781696480.7692041	6	12.0	14.0	32.0	34.0	NeuronSpectrum 17.06.2026 14:10:28	EEG	checkup_155_17.06.2026 14:10:28	500.0	499.6666666666667	True	0.5	40.0	4	True	50.0	30.0	500.1321105957031	-53.54958647893362	-11.951149940490723	-15.33683052829205	-10.118083000183105	-13.153409446740545	-11.875126838684082	-18.20941391922876	-11.629993438720703	-9.991238367443888	-8.051328659057617	-8.743691201203236	-16.115781784057617	-11.448809563640157	-5.879848480224609	-6.369974490498813	0.0	0.0	0.0	0.0
16.80093240737915	1781696480.0	1781696480.769206	6	12.0	14.0	32.0	34.0	NeuronSpectrum 17.06.2026 14:10:28	EEG	checkup_155_17.06.2026 14:10:28	500.0	499.6666666666667	True	0.5	40.0	4	True	50.0	30.0	479.5075988769531	-44.59902187412259	-12.906042098999023	-15.20332625823136	-11.143275260925293	-13.31448067072979	-12.846205711364746	-18.375463462315718	-12.447543144226074	-9.810598395444872	-10.40181827545166	-9.559727921367656	-17.44340705871582	-11.8119789862657	-3.0136396884918213	-4.569662802645445	0.0	0.0	0.0	0.0
16.800933837890625	1781696480.0	1781696480.7692075	6	12.0	14.0	32.0	34.0	NeuronSpectrum 17.06.2026 14:10:28	EEG	checkup_155_17.06.2026 14:10:28	500.0	499.6666666666667	True	0.5	40.0	4	True	50.0	30.0	454.0147705078125	-43.28061521760002	-13.510184288024902	-14.770305672884465	-12.10401725769043	-13.22179284035726	-14.558165550231934	-18.261044500137892	-12.882226943969727	-9.445570772650973	-11.943158149719238	-10.177213373783681	-18.272384643554688	-11.829340859524407	-0.30340686440467834	-2.691164759992351	0.0	0.0	0.0	0.0
16.800935745239258	1781696480.0	1781696480.7692094	6	12.0	14.0	32.0	34.0	NeuronSpectrum 17.06.2026 14:10:28	EEG	checkup_155_17.06.2026 14:10:28	500.0	499.6666666666667	True	0.5	40.0	4	True	50.0	30.0	446.9039611816406	-49.927964868685116	-13.741796493530273	-14.060019792652783	-12.84472942352295	-12.875534543670742	-16.597496032714844	-17.8378136006509	-12.889107704162598	-8.919400025937028	-11.59915542602539	-10.553209741010834	-18.361665725708008	-11.497129289642485	2.0160272121429443	-1.038544339719541	0.0	0.0	0.0	0.0
16.800937175750732	1781696480.0	1781696480.7692108	6	12.0	14.0	32.0	34.0	NeuronSpectrum 17.06.2026 14:10:28	EEG	checkup_155_17.06.2026 14:10:28	500.0	499.6666666666667	True	0.5	40.0	4	True	50.0	30.0	475.4682312011719	-63.8078865036273	-13.749897003173828	-13.123774172216029	-13.322399139404297	-12.288195895193263	-18.159067153930664	-17.08370854159466	-12.749192237854004	-8.268733388349439	-9.417977333068848	-10.668321775963793	-17.878952026367188	-10.836205972443816	3.8008158206939697	0.11971930371624522	0.0	0.0	0.0	0.0
16.800939083099365	1781696480.0	1781696480.7692127	6	12.0	14.0	32.0	34.0	NeuronSpectrum 17.06.2026 14:10:28	EEG	checkup_155_17.06.2026 14:10:28	500.0	499.6666666666667	True	0.5	40.0	4	True	50.0	30.0	529.3810424804688	-83.13394560233264	-13.341607093811035	-12.040682423395632	-13.271931648254395	-11.490346861649279	-18.088340759277344	-16.00190421371947	-12.549147605895996	-7.542973865514646	-6.835673809051514	-10.53230593545325	-17.104827880859375	-9.89666477550326	4.768284797668457	0.6091036699133945	0.0	0.0	0.0	0.0
16.80094051361084	1781696480.0	1781696480.7692142	6	12.0	14.0	32.0	34.0	NeuronSpectrum 17.06.2026 14:10:28	EEG	checkup_155_17.06.2026 14:10:28	500.0	499.6666666666667	True	0.5	40.0	4	True	50.0	30.0	563.2816772460938	-105.13424480404777	-11.67506217956543	-10.90941642347056	-11.934779167175293	-10.53252420784953	-15.21134090423584	-14.63495694846566	-11.713096618652344	-6.799413408695088	-5.816341876983643	-10.179894943294482	-15.895525932312012	-8.755772631224179	4.554665565490723	0.387739254707538	0.0	0.0	0.0	0.0
16.800942420959473	1781696480.0	1781696480.769216	6	12.0	14.0	32.0	34.0	NeuronSpectrum 17.06.2026 14:10:28	EEG	checkup_155_17.06.2026 14:10:28	500.0	499.6666666666667	True	0.5	40.0	4	True	50.0	30.0	515.2681274414062	-126.32606290648941	-7.746816635131836	-9.833251988812377	-8.389447212219238	-9.481291987595064	-9.137837409973145	-13.067035364603406	-9.226548194885254	-6.09459874392113	-7.346271991729736	-9.660789558097923	-13.529486656188965	-7.5087955115986835	3.076061487197876	-0.4447721325209881	0.0	0.0	0.0	0.0
16.800943851470947	1781696480.0	1781696480.7692175	6	12.0	14.0	32.0	34.0	NeuronSpectrum 17.06.2026 14:10:28	EEG	checkup_155_17.06.2026 14:10:28	500.0	499.6666666666667	True	0.5	40.0	4	True	50.0	30.0	344.23095703125	-143.10713329731698	-1.5956438779830933	-8.900885064480418	-2.546259880065918	-8.409541655695495	-1.2341963052749634	-11.41190502873111	-4.6459736824035645	-5.4735128119279155	-10.408023834228516	-9.029589188569465	-9.326680183410645	-6.2541549317418905	0.7898528575897217	-1.6717018857256294	0.0	0.0	0.0	0.0
16.800945520401	1781696480.0	1781696480.7692192	6	12.0	14.0	32.0	34.0	NeuronSpectrum 17.06.2026 14:10:28	EEG	checkup_155_17.06.2026 14:10:28	500.0	499.6666666666667	True	0.5	40.0	4	True	50.0	30.0	61.967308044433594	-152.58561666415835	4.7544755935668945	-8.168573054248593	3.950166940689087	-7.384380696782768	5.140152931213379	-9.791483464967081	0.8880916833877563	-4.95996618660542	-12.3066987991333	-8.339020065124696	-3.629904270172119	-5.07669444241448	-1.4328924417495728	-3.011775447162674	0.0	0.0	0.0	0.0
16.85184597969055	1781696480.0	1781696480.8201196	6	12.0	14.0	32.0	34.0	NeuronSpectrum 17.06.2026 14:10:28	EEG	checkup_155_17.06.2026 14:10:28	500.0	499.6666666666667	True	0.5	40.0	4	True	50.0	30.0	460.927490234375	-153.3522923716225	-9.928914070129395	-7.650639419751776	-9.2278470993042	-6.458079143344585	-8.981889724731445	-8.31453904798891	-10.919286727905273	-4.552576201997665	-7.6930975914001465	-7.635718819980569	-12.767682075500488	-4.034346593087385	-5.804950714111328	-4.187339845715699	0.0	0.0	0.0	0.0
16.851852416992188	1781696480.0	1781696480.820126	6	12.0	14.0	32.0	34.0	NeuronSpectrum 17.06.2026 14:10:28	EEG	checkup_155_17.06.2026 14:10:28	500.0	499.6666666666667	True	0.5	40.0	4	True	50.0	30.0	461.9373779296875	-145.84240260958975	-8.393070220947266	-7.3222438907543435	-7.19332218170166	-5.665561810357668	-6.706925868988037	-7.063248250130705	-9.518450736999512	-4.22859206535837	-5.990611553192139	-6.955878814807236	-10.566450119018555	-3.1522730687830123	-7.0055060386657715	-4.990341592190105	0.0	0.0	0.0	0.0
16.85185432434082	1781696480.0	1781696480.820128	6	12.0	14.0	32.0	34.0	NeuronSpectrum 17.06.2026 14:10:28	EEG	checkup_155_17.06.2026 14:10:28	500.0	499.6666666666667	True	0.5	40.0	4	True	50.0	30.0	467.20770263671875	-132.12699747473357	-6.398401737213135	-7.131508991042909	-4.6502275466918945	-5.026559957015593	-4.019806861877441	-6.088233789202023	-7.679415702819824	-3.9530514698890227	-4.19929838180542	-6.319770510777218	-8.323437690734863	-2.4247321378953637	-5.883558750152588	-5.3278772604138345	0.0	0.0	0.0	0.0
16.85185670852661	1781696480.0	1781696480.8201303	6	12.0	14.0	32.0	34.0	NeuronSpectrum 17.06.2026 14:10:28	EEG	checkup_155_17.06.2026 14:10:28	500.0	499.6666666666667	True	0.5	40.0	4	True	50.0	30.0	475.00738525390625	-115.27087815271281	-4.95762825012207	-7.01349933639371	-2.754509449005127	-4.547083686020812	-2.105775833129883	-5.4073869639364425	-6.316020965576172	-3.687651893015684	-3.1786887645721436	-5.72729810107523	-7.028481960296631	-1.821760518424406	-3.1826364994049072	-5.234516589288472	0.0	0.0	0.0	0.0
16.851858377456665	1781696480.0	1781696480.820132	6	12.0	14.0	32.0	34.0	NeuronSpectrum 17.06.2026 14:10:28	EEG	checkup_155_17.06.2026 14:10:28	500.0	499.6666666666667	True	0.5	40.0	4	True	50.0	30.0	478.4792175292969	-98.5652717762392	-4.665083408355713	-6.900610234750265	-2.2096409797668457	-4.217346524002793	-1.682807445526123	-5.005202489081909	-5.912761688232422	-3.3956946556213623	-3.0565133094787598	-5.158010692184839	-6.929717063903809	-1.2979788413128053	-0.35643306374549866	-4.849010986043867	0.0	0.0	0.0	0.0
16.851861238479614	1781696480.0	1781696480.8201349	6	12.0	14.0	32.0	34.0	NeuronSpectrum 17.06.2026 14:10:28	EEG	checkup_155_17.06.2026 14:10:28	500.0	499.6666666666667	True	0.5	40.0	4	True	50.0	30.0	469.2923583984375	-84.9071548131763	-5.303032875061035	-6.729858228586391	-2.8374123573303223	-4.008964401625678	-2.4683070182800293	-4.834541750402164	-6.246951580047607	-3.044343859963432	-3.2197961807250977	-4.57727313447298	-7.407844066619873	-0.8030172109021896	1.2140259742736816	-4.364703719491844	0.0	0.0	0.0	0.0
16.851863145828247	1781696480.0	1781696480.8201368	6	12.0	14.0	32.0	34.0	NeuronSpectrum 17.06.2026 14:10:28	EEG	checkup_155_17.06.2026 14:10:28	500.0	499.6666666666667	True	0.5	40.0	4	True	50.0	30.0	446.0736999511719	-76.44520193769617	-5.943783760070801	-6.450915839795379	-3.7101030349731445	-3.8770439310883966	-3.3277876377105713	-4.824995670619468	-6.5586724281311035	-2.6081222320857744	-2.9456946849823	-3.9472561711466594	-7.475162982940674	-0.29376721217195123	0.9291279911994934	-3.971010976567097	0.0	0.0	0.0	0.0
16.85186529159546	1781696480.0	1781696480.820139	6	12.0	14.0	32.0	34.0	NeuronSpectrum 17.06.2026 14:10:28	EEG	checkup_155_17.06.2026 14:10:28	500.0	499.6666666666667	True	0.5	40.0	4	True	50.0	30.0	420.993896484375	-74.4615471902179	-5.482341289520264	-6.036770811567712	-3.724092721939087	-3.770131117328403	-2.993637800216675	-4.898843210224283	-6.021552085876465	-2.0758605433910975	-2.0886733531951904	-3.2393451074069337	-6.480439186096191	0.2530551769823064	-0.8101769089698792	-3.8043690537871724	0.0	0.0	0.0	0.0
16.851867198944092	1781696480.0	1781696480.8201408	6	12.0	14.0	32.0	34.0	NeuronSpectrum 17.06.2026 14:10:28	EEG	checkup_155_17.06.2026 14:10:28	500.0	499.6666666666667	True	0.5	40.0	4	True	50.0	30.0	415.9535217285156	-79.37084735819515	-3.374772310256958	-5.49435665753635	-2.3158650398254395	-3.6456213296035718	-0.9742027521133423	-4.990259587688368	-4.287121295928955	-1.4593850124775438	-1.1990737915039062	-2.444635989295328	-4.5472564697265625	0.8316011537728235	-2.9218966960906982	-3.9211207579052476	0.0	0.0	0.0	0.0
16.851868867874146	1781696480.0	1781696480.8201425	6	12.0	14.0	32.0	34.0	NeuronSpectrum 17.06.2026 14:10:28	EEG	checkup_155_17.06.2026 14:10:28	500.0	499.6666666666667	True	0.5	40.0	4	True	50.0	30.0	446.2176208496094	-90.71648251730446	-0.2097688615322113	-4.869835183467029	0.04493686929345131	-3.4845344303115597	1.8754152059555054	-5.060701175132766	-1.8395037651062012	-0.7995892186171796	-0.9368305802345276	-1.5808038641878464	-2.5076680183410645	1.4044480504743126	-4.3110222816467285	-4.295248095420904	0.0	0.0	0.0	0.0
16.851871013641357	1781696480.0	1781696480.8201447	6	12.0	14.0	32.0	34.0	NeuronSpectrum 17.06.2026 14:10:28	EEG	checkup_155_17.06.2026 14:10:28	500.0	499.6666666666667	True	0.5	40.0	4	True	50.0	30.0	500.92803955078125	-107.12451259820138	2.288973093032837	-4.2446716200879955	1.8852766752243042	-3.2999228685272968	3.546957492828369	-5.105376971692384	0.058805085718631744	-0.16605707637398975	-1.3076540231704712	-0.695107495893509	-1.449310302734375	1.9083321649461211	-4.455821514129639	-4.835261386964378	0.0	0.0	0.0	0.0
16.85187315940857	1781696480.0	1781696480.8201468	6	12.0	14.0	32.0	34.0	NeuronSpectrum 17.06.2026 14:10:28	EEG	checkup_155_17.06.2026 14:10:28	500.0	499.6666666666667	True	0.5	40.0	4	True	50.0	30.0	536.8974609375	-126.29666320962785	2.084780693054199	-3.7229366915558426	1.4415634870529175	-3.1366484915549124	2.0021729469299316	-5.1505451267874065	-0.032644640654325485	0.3507241103599027	-1.4519298076629639	0.13670053132322887	-2.126007318496704	2.266344478833442	-3.5984630584716797	-5.41043579344961	0.0	0.0	0.0	0.0
16.851874589920044	1781696480.0	1781696480.8201482	6	12.0	14.0	32.0	34.0	NeuronSpectrum 17.06.2026 14:10:28	EEG	checkup_155_17.06.2026 14:10:28	500.0	499.6666666666667	True	0.5	40.0	4	True	50.0	30.0	496.1019592285156	-145.20290562979613	-1.7656768560409546	-3.4137949871247035	-2.1547207832336426	-3.0636486563671657	-3.239208698272705	-5.244938563197702	-2.7559831142425537	0.6528198499608345	-0.29196539521217346	0.8169991519168825	-4.483866214752197	2.4032985572823544	-2.4651482105255127	-5.877718510199958	0.0	0.0	0.0	0.0
16.851876258850098	1781696480.0	1781696480.82015	6	12.0	14.0	32.0	34.0	NeuronSpectrum 17.06.2026 14:10:28	EEG	checkup_155_17.06.2026 14:10:28	500.0	499.6666666666667	True	0.5	40.0	4	True	50.0	30.0	340.24237060546875	-160.59005949482852	-7.936257839202881	-3.4129663886831225	-7.866286277770996	-3.160405061695177	-10.024153709411621	-5.448041158946622	-7.144781589508057	0.6517792195963665	2.394408941268921	1.2405355372915012	-7.5042290687561035	2.261717008436178	-1.741734266281128	-6.104989696455098	0.0	0.0	0.0	0.0
16.85187792778015	1781696480.0	1781696480.8201516	6	12.0	14.0	32.0	34.0	NeuronSpectrum 17.06.2026 14:10:28	EEG	checkup_155_17.06.2026 14:10:28	500.0	499.6666666666667	True	0.5	40.0	4	True	50.0	30.0	80.28872680664062	-169.74171155541086	-12.865017890930176	-3.7837007611404414	-12.708317756652832	-3.4975316448299285	-14.003604888916016	-5.8144626924640965	-10.649896621704102	0.288244178730399	5.3647589683532715	1.316644208236533	-9.490583419799805	1.8176313969654943	-1.6577178239822388	-5.990515998762481	0.0	0.0	0.0	0.0
16.90277338027954	1781696480.0	1781696480.871047	6	12.0	14.0	32.0	34.0	NeuronSpectrum 17.06.2026 14:10:28	EEG	checkup_155_17.06.2026 14:10:28	500.0	499.6666666666667	True	0.5	40.0	4	True	50.0	30.0	439.64801025390625	-171.21464668225693	3.707218647003174	-4.5359767056380225	3.6189632415771484	-4.111081364208891	4.043186187744141	-6.372435425104175	1.759313702583313	-0.4463380134354737	4.49309778213501	0.995825854523948	0.6070951819419861	1.095409328346512	-5.767656326293945	-5.479554771685173	0.0	0.0	0.0	0.0
16.902777910232544	1781696480.0	1781696480.8710515	6	12.0	14.0	32.0	34.0	NeuronSpectrum 17.06.2026 14:10:28	EEG	checkup_155_17.06.2026 14:10:28	500.0	499.6666666666667	True	0.5	40.0	4	True	50.0	30.0	434.67987060546875	-165.21782412335355	3.3534133434295654	-5.6065215957389185	3.5332229137420654	-4.975014021118215	3.9305806159973145	-7.099652415742641	1.2545692920684814	-1.4901482348517643	4.8080878257751465	0.2929594826274343	-0.18395105004310608	0.17757950286615803	-6.292109966278076	-4.576641163458921	0.0	0.0	0.0	0.0
16.902780294418335	1781696480.0	1781696480.871054	6	12.0	14.0	32.0	34.0	NeuronSpectrum 17.06.2026 14:10:28	EEG	checkup_155_17.06.2026 14:10:28	500.0	499.6666666666667	True	0.5	40.0	4	True	50.0	30.0	434.52716064453125	-153.47220987869665	0.3550455868244171	-6.849849107317664	0.6241879463195801	-5.984064472256578	0.7286816835403442	-7.908255991524403	-1.5212141275405884	-2.703449474528984	2.969167709350586	-0.7020988161579163	-3.5580337047576904	-0.7983341939922795	-4.191225528717041	-3.34858127406874	0.0	0.0	0.0	0.0
16.902782201766968	1781696480.0	1781696480.8710558	6	12.0	14.0	32.0	34.0	NeuronSpectrum 17.06.2026 14:10:28	EEG	checkup_155_17.06.2026 14:10:28	500.0	499.6666666666667	True	0.5	40.0	4	True	50.0	30.0	439.24603271484375	-138.66254699135513	-4.433671951293945	-8.053228122429482	-4.188010215759277	-6.961626259202013	-4.277462959289551	-8.65319596227676	-5.7680206298828125	-3.8839461778281184	-0.4439797103404999	-1.833395274062741	-8.195940017700195	-1.6630321981444542	0.03780074790120125	-1.9126191322621775	0.0	0.0	0.0	0.0
16.9027841091156	1781696480.0	1781696480.8710577	6	12.0	14.0	32.0	34.0	NeuronSpectrum 17.06.2026 14:10:28	EEG	checkup_155_17.06.2026 14:10:28	500.0	499.6666666666667	True	0.5	40.0	4	True	50.0	30.0	443.2967529296875	-123.75344323493937	-8.953095436096191	-8.980117297475672	-8.696065902709961	-7.698286911582245	-8.474853515625	-9.168452256987456	-9.710127830505371	-4.807970406790473	-4.083469390869141	-2.9083299887109666	-11.8178071975708	-2.257286724635313	4.601161003112793	-0.4089317153973442	0.0	0.0	0.0	0.0
16.902786016464233	1781696480.0	1781696480.8710597	6	12.0	14.0	32.0	34.0	NeuronSpectrum 17.06.2026 14:10:28	EEG	checkup_155_17.06.2026 14:10:28	500.0	499.6666666666667	True	0.5	40.0	4	True	50.0	30.0	438.62615966796875	-111.41622219617068	-11.099955558776855	-9.431266919372922	-10.6866455078125	-8.010618957569484	-9.61031436920166	-9.319353744977368	-11.57493782043457	-5.287223827229497	-6.54946756362915	-3.7414416057515094	-12.57501220703125	-2.4794994881465495	7.517538547515869	1.0354511032015283	0.0	0.0	0.0	0.0
16.902787923812866	1781696480.0	1781696480.8710616	6	12.0	14.0	32.0	34.0	NeuronSpectrum 17.06.2026 14:10:28	EEG	checkup_155_17.06.2026 14:10:28	500.0	499.6666666666667	True	0.5	40.0	4	True	50.0	30.0	422.49652099609375	-103.68125514735978	-10.061239242553711	-9.301296548376262	-9.350685119628906	-7.797786737212667	-7.379004955291748	-9.04859319953072	-10.689772605895996	-5.221253809778674	-7.0100321769714355	-4.200103373724242	-10.266083717346191	-2.3199005610264813	7.829232215881348	2.3381579238064965	0.0	0.0	0.0	0.0
16.90278959274292	1781696480.0	1781696480.8710632	6	12.0	14.0	32.0	34.0	NeuronSpectrum 17.06.2026 14:10:28	EEG	checkup_155_17.06.2026 14:10:28	500.0	499.6666666666667	True	0.5	40.0	4	True	50.0	30.0	403.9881896972656	-101.79764314252314	-6.881474494934082	-8.608782666860149	-5.839076519012451	-7.073358288284528	-3.713750123977661	-8.396008924115621	-7.940052509307861	-4.6261283745410235	-5.424011707305908	-4.2375237843403175	-6.531340599060059	-1.8663681055781227	6.167037487030029	3.475575879116138	0.0	0.0	0.0	0.0
16.902791500091553	1781696480.0	1781696480.8710651	6	12.0	14.0	32.0	34.0	NeuronSpectrum 17.06.2026 14:10:28	EEG	checkup_155_17.06.2026 14:10:28	500.0	499.6666666666667	True	0.5	40.0	4	True	50.0	30.0	401.26458740234375	-106.20333567820842	-3.7651124000549316	-7.489149737194939	-2.4931914806365967	-5.960935828509098	-1.4093137979507446	-7.4854921367409215	-5.192611217498779	-3.629408856583626	-2.4289064407348633	-3.9017890902020187	-3.8294105529785156	-1.2790112281746018	4.284304618835449	4.473903370414103	0.0	0.0	0.0	0.0
16.902793169021606	1781696480.0	1781696480.8710668	6	12.0	14.0	32.0	34.0	NeuronSpectrum 17.06.2026 14:10:28	EEG	checkup_155_17.06.2026 14:10:28	500.0	499.6666666666667	True	0.5	40.0	4	True	50.0	30.0	427.39849853515625	-116.50475066327127	-2.4891326427459717	-6.155076296157753	-1.191825270652771	-4.657846991576166	-1.9658679962158203	-6.487670209747624	-3.986353874206543	-2.434837357700366	0.8823204040527344	-3.3176776726401846	-3.820389747619629	-0.743953467344411	3.9178361892700195	5.381939978989142	0.0	0.0	0.0	0.0
16.90279507637024	1781696480.0	1781696480.8710687	6	12.0	14.0	32.0	34.0	NeuronSpectrum 17.06.2026 14:10:28	EEG	checkup_155_17.06.2026 14:10:28	500.0	499.6666666666667	True	0.5	40.0	4	True	50.0	30.0	473.0328369140625	-131.43343674685357	-3.015913724899292	-4.840513774162628	-1.9379888772964478	-3.382721070441157	-4.260454177856445	-5.575476400070987	-4.361146450042725	-1.2703244310322244	3.2251198291778564	-2.6475619210369814	-6.199589729309082	-0.42400634025732165	5.707306861877441	6.238411613324018	0.0	0.0	0.0	0.0
16.902796983718872	1781696480.0	1781696480.8710706	6	12.0	14.0	32.0	34.0	NeuronSpectrum 17.06.2026 14:10:28	EEG	checkup_155_17.06.2026 14:10:28	500.0	499.6666666666667	True	0.5	40.0	4	True	50.0	30.0	500.5664367675781	-148.8514950967689	-3.422585964202881	-3.747017461150244	-2.77748441696167	-2.3253457490887808	-5.237409591674805	-4.887956973367837	-4.745593070983887	-0.3357641245481246	3.522437810897827	-2.0449938492629296	-8.801931381225586	-0.4220662833010473	8.834159851074219	7.048090289779436	0.0	0.0	0.0	0.0
16.902798891067505	1781696480.0	1781696480.8710725	6	12.0	14.0	32.0	34.0	NeuronSpectrum 17.06.2026 14:10:28	EEG	checkup_155_17.06.2026 14:10:28	500.0	499.6666666666667	True	0.5	40.0	4	True	50.0	30.0	459.3808288574219	-165.94560275082523	-1.4033308029174805	-3.0058773473913836	-1.275272250175476	-1.6117146950347094	-2.337869167327881	-4.509273372606862	-3.14396595954895	0.236462428202614	1.4601190090179443	-1.6164821458726482	-9.006661415100098	-0.7647285728345651	11.537206649780273	7.775607992498721	0.0	0.0	0.0	0.0
16.90280055999756	1781696480.0	1781696480.8710742	6	12.0	14.0	32.0	34.0	NeuronSpectrum 17.06.2026 14:10:28	EEG	checkup_155_17.06.2026 14:10:28	500.0	499.6666666666667	True	0.5	40.0	4	True	50.0	30.0	316.3494873046875	-179.70836047029675	3.6154141426086426	-2.6616352642488517	3.394495725631714	-1.28897410717309	4.025959014892578	-4.46203267272317	1.1168913841247559	0.4016305960980903	-2.0572221279144287	-1.4026830034920867	-5.572961330413818	-1.4049251517874743	12.170357704162598	8.357212047856358	0.0	0.0	0.0	0.0
16.90280246734619	1781696480.0	1781696480.871076	6	12.0	14.0	32.0	34.0	NeuronSpectrum 17.06.2026 14:10:28	EEG	checkup_155_17.06.2026 14:10:28	500.0	499.6666666666667	True	0.5	40.0	4	True	50.0	30.0	81.9993896484375	-187.64297849174397	9.354626655578613	-2.676798676965546	9.277633666992188	-1.3292318149893263	9.928704261779785	-4.711658714502697	6.379260540008545	0.20167552261376903	-4.9999470710754395	-1.3817690526737758	0.3172696530818939	-2.2383329584926916	10.134321212768555	8.723616113466658	0.0	0.0	0.0	0.0
16.902804136276245	1781696480.0	1781696480.8710778	6	12.0	14.0	32.0	34.0	NeuronSpectrum 17.06.2026 14:10:28	EEG	checkup_155_17.06.2026 14:10:28	500.0	499.6666666666667	True	0.5	40.0	4	True	50.0	30.0	409.587890625	-188.43966864315308	-4.22456169128418	-2.9545223935498943	-2.830703020095825	-1.6488044668485438	-3.9776597023010254	-5.180067567389015	-6.584557056427002	-0.2555274911956822	-0.5855680704116821	-1.4892855460039935	-11.436042785644531	-3.128808898011625	12.806578636169434	8.824541304456227	0.0	0.0	0.0	0.0
16.902806043624878	1781696480.0	1781696480.8710797	6	12.0	14.0	32.0	34.0	NeuronSpectrum 17.06.2026 14:10:28	EEG	checkup_155_17.06.2026 14:10:28	500.0	499.6666666666667	True	0.5	40.0	4	True	50.0	30.0	409.6050720214844	-182.3208614336223	-4.448919773101807	-3.372865551474802	-3.212636947631836	-2.1374754207604854	-4.722658634185791	-5.767018395740275	-7.107102870941162	-0.8311903751810473	-1.1655939817428589	-1.644379497661196	-12.326062202453613	-3.9388402433545244	11.493512153625488	8.647120207291273	0.0	0.0	0.0	0.0
16.90280795097351	1781696480.0	1781696480.8710816	6	12.0	14.0	32.0	34.0	NeuronSpectrum 17.06.2026 14:10:28	EEG	checkup_155_17.06.2026 14:10:28	500.0	499.6666666666667	True	0.5	40.0	4	True	50.0	30.0	414.50494384765625	-170.9095172350646	-4.186399459838867	-3.8199337964125384	-3.3762729167938232	-2.689030463553082	-5.447602272033691	-6.37383531713477	-6.9524664878845215	-1.3942213343012846	-1.263451099395752	-1.772998575232524	-12.830909729003906	-4.558942911040142	10.415387153625488	8.223695249124432	0.0	0.0	0.0	0.0
16.902809858322144	1781696480.0	1781696480.8710835	6	12.0	14.0	32.0	34.0	NeuronSpectrum 17.06.2026 14:10:28	EEG	checkup_155_17.06.2026 14:10:28	500.0	499.6666666666667	True	0.5	40.0	4	True	50.0	30.0	422.52294921875	-156.7220991414097	-3.4184961318969727	-4.217576530864512	-3.081770896911621	-3.2226812878427578	-5.5055718421936035	-6.9208999414303305	-6.149463653564453	-1.8500879043625968	-0.6441643834114075	-1.8222241646861557	-12.505898475646973	-4.927527643058927	9.819835662841797	7.627848518752693	0.0	0.0	0.0	0.0
16.902811765670776	1781696480.0	1781696480.8710854	6	12.0	14.0	32.0	34.0	NeuronSpectrum 17.06.2026 14:10:28	EEG	checkup_155_17.06.2026 14:10:28	500.0	499.6666666666667	True	0.5	40.0	4	True	50.0	30.0	427.2847595214844	-142.534221008499	-2.4315218925476074	-4.526169849568488	-2.418429136276245	-3.68866315496194	-4.763918399810791	-7.352548669973686	-5.061574459075928	-2.150746844835211	0.6063899993896484	-1.7635313719139825	-11.334599494934082	-5.034489353602715	9.413220405578613	6.9601620295197195	0.0	0.0	0.0	0.0
16.90281343460083	1781696480.0	1781696480.871087	6	12.0	14.0	32.0	34.0	NeuronSpectrum 17.06.2026 14:10:28	EEG	checkup_155_17.06.2026 14:10:28	500.0	499.6666666666667	True	0.5	40.0	4	True	50.0	30.0	421.1260681152344	-130.84442555575615	-1.7542409896850586	-4.732335468764051	-1.8719617128372192	-4.05907599527221	-3.782635450363159	-7.630028777458547	-4.26262092590332	-2.2856397496828493	1.9898014068603516	-1.5857717060388237	-9.869368553161621	-4.908091789189422	8.733903884887695	6.32704863972095	0.0	0.0	0.0	0.0
16.902815341949463	1781696480.0	1781696480.871089	6	12.0	14.0	32.0	34.0	NeuronSpectrum 17.06.2026 14:10:28	EEG	checkup_155_17.06.2026 14:10:28	500.0	499.6666666666667	True	0.5	40.0	4	True	50.0	30.0	402.3504638671875	-123.54330505228215	-1.7058318853378296	-4.828994027219262	-1.8771566152572632	-4.311736376895176	-3.2266993522644043	-7.71950461198547	-4.095776081085205	-2.261972694790331	2.8205857276916504	-1.2816372490954304	-8.820656776428223	-4.591644019726796	7.617007255554199	5.81698499961774	0.0	0.0	0.0	0.0
16.902817010879517	1781696480.0	1781696480.8710907	6	12.0	14.0	32.0	34.0	NeuronSpectrum 17.06.2026 14:10:28	EEG	checkup_155_17.06.2026 14:10:28	500.0	499.6666666666667	True	0.5	40.0	4	True	50.0	30.0	380.8232421875	-121.77528060274798	-1.9517478942871094	-4.798715332464925	-2.259322166442871	-4.416569103941383	-3.078004837036133	-7.583601376474605	-4.289560794830322	-2.0852901639896	2.650240659713745	-0.8339312750871497	-8.462584495544434	-4.12001624656525	6.417457103729248	5.478970113501385	0.0	0.0	0.0	0.0
16.90281891822815	1781696480.0	1781696480.8710926	6	12.0	14.0	32.0	34.0	NeuronSpectrum 17.06.2026 14:10:28	EEG	checkup_155_17.06.2026 14:10:28	500.0	499.6666666666667	True	0.5	40.0	4	True	50.0	30.0	374.82293701171875	-125.90832660769297	-1.604291558265686	-4.607395136300329	-2.188662052154541	-4.330943915259423	-2.5083720684051514	-7.181617090790819	-4.0629448890686035	-1.748582158849625	1.6395944356918335	-0.2086394571552202	-8.392328262329102	-3.5049660643060525	5.771058082580566	5.308291899529453	0.0	0.0	0.0	0.0
16.902820587158203	1781696480.0	1781696480.8710942	6	12.0	14.0	32.0	34.0	NeuronSpectrum 17.06.2026 14:10:28	EEG	checkup_155_17.06.2026 14:10:28	500.0	499.6666666666667	True	0.5	40.0	4	True	50.0	30.0	397.44842529296875	-135.52157671003306	-0.046444788575172424	-4.20932094319589	-0.9347783327102661	-4.005126343772847	-0.7778634428977966	-6.478205964850535	-2.836954116821289	-1.2326805047505283	0.5840992331504822	0.6405285725348742	-7.946249008178711	-2.7337541451798204	6.133449554443359	5.244258370695311	0.0	0.0	0.0	0.0
16.902822494506836	1781696480.0	1781696480.8710961	6	12.0	14.0	32.0	34.0	NeuronSpectrum 17.06.2026 14:10:28	EEG	checkup_155_17.06.2026 14:10:28	500.0	499.6666666666667	True	0.5	40.0	4	True	50.0	30.0	440.42193603515625	-149.38047419886638	2.161083936691284	-3.5603066150054494	1.1628888845443726	-3.3948822351808294	1.6277141571044922	-5.456422905673805	-0.994587242603302	-0.5158790621529358	0.5488781332969666	1.7562586246006033	-6.899735450744629	-1.7800751013408465	7.349714279174805	5.182574804958742	0.0	0.0	0.0	0.0
16.90282392501831	1781696480.0	1781696480.8710976	6	12.0	14.0	32.0	34.0	NeuronSpectrum 17.06.2026 14:10:28	EEG	checkup_155_17.06.2026 14:10:28	500.0	499.6666666666667	True	0.5	40.0	4	True	50.0	30.0	468.80718994140625	-165.46119145831778	3.2324976921081543	-2.6343501435798764	2.471259355545044	-2.476915582707904	2.8480522632598877	-4.130233791237835	0.06690675020217896	0.4115687969634047	2.242666482925415	3.15575883255545	-5.815257549285889	-0.62223820839674	8.646489143371582	5.00125331215088	0.0	0.0	0.0	0.0
16.902825832366943	1781696480.0	1781696480.8710995	6	12.0	14.0	32.0	34.0	NeuronSpectrum 17.06.2026 14:10:28	EEG	checkup_155_17.06.2026 14:10:28	500.0	499.6666666666667	True	0.5	40.0	4	True	50.0	30.0	435.22161865234375	-181.1460236305191	1.3832226991653442	-1.4399793177811013	1.1181036233901978	-1.2633910317517936	1.0428451299667358	-2.5529410977556823	-1.0905431509017944	1.532624715090441	5.4637298583984375	4.811385823555347	-5.609958171844482	0.7381727497577149	9.032625198364258	4.594343978238512	0.0	0.0	0.0	0.0
16.902827262878418	1781696480.0	1781696480.871101	6	12.0	14.0	32.0	34.0	NeuronSpectrum 17.06.2026 14:10:28	EEG	checkup_155_17.06.2026 14:10:28	500.0	499.6666666666667	True	0.5	40.0	4	True	50.0	30.0	308.1081848144531	-193.67360420638332	-3.3903391361236572	-0.03250521339107659	-3.2688252925872803	0.18800958216806912	-3.5662477016448975	-0.8189144843363727	-4.533737659454346	2.7928175000239994	8.941459655761719	6.641868894026474	-6.6253581047058105	2.263679315167675	7.881016254425049	3.904386759509835	0.0	0.0	0.0	0.0
16.90282917022705	1781696480.0	1781696480.8711028	6	12.0	14.0	32.0	34.0	NeuronSpectrum 17.06.2026 14:10:28	EEG	checkup_155_17.06.2026 14:10:28	500.0	499.6666666666667	True	0.5	40.0	4	True	50.0	30.0	95.99092102050781	-200.781435542089	-8.444852828979492	1.4831548423010346	-8.528541564941406	1.7732564960730148	-7.783425807952881	0.9445209625518084	-8.259872436523438	4.09885030077373	10.75532054901123	8.518642186573587	-7.971545696258545	3.8794030017583876	5.319631576538086	2.9441272737503565	0.0	0.0	0.0	0.0
16.953790426254272	1781696480.0	1781696480.922064	6	12.0	14.0	32.0	34.0	NeuronSpectrum 17.06.2026 14:10:28	EEG	checkup_155_17.06.2026 14:10:28	500.0	499.6666666666667	True	0.5	40.0	4	True	50.0	30.0	394.93499755859375	-201.31126570569995	9.76447582244873	2.9648988038245667	9.697975158691406	3.3553841870576013	12.631903648376465	2.5977243078935293	6.061345100402832	5.330939431030329	14.016494750976562	10.286729035141827	3.0181915760040283	5.4849245104771525	3.4060890674591064	1.8010934584440395	0.0	0.0	0.0	0.0
16.953797101974487	1781696480.0	1781696480.9220707	6	12.0	14.0	32.0	34.0	NeuronSpectrum 17.06.2026 14:10:28	EEG	checkup_155_17.06.2026 14:10:28	500.0	499.6666666666667	True	0.5	40.0	4	True	50.0	30.0	390.8297119140625	-195.5059616877458	10.984356880187988	4.262248781214603	10.939425468444824	4.7926460562166815	13.271976470947266	4.019531416695964	7.107277870178223	6.36879709066271	15.5191068649292	11.79494494299411	4.1970672607421875	6.976894085180992	2.463437795639038	0.6236417507703892	0.0	0.0	0.0	0.0
16.953799724578857	1781696480.0	1781696480.9220734	6	12.0	14.0	32.0	34.0	NeuronSpectrum 17.06.2026 14:10:28	EEG	checkup_155_17.06.2026 14:10:28	500.0	499.6666666666667	True	0.5	40.0	4	True	50.0	30.0	389.6122741699219	-184.8730162820516	11.283312797546387	5.253432484413453	11.196599960327148	5.973112389552273	12.653942108154297	5.1375189828336785	7.320760250091553	7.123405941133323	16.23747444152832	12.92711391563164	4.6805219650268555	8.27419129117821	2.138533115386963	-0.4082479561781083	0.0	0.0	0.0	0.0
16.95380187034607	1781696480.0	1781696480.9220755	6	12.0	14.0	32.0	34.0	NeuronSpectrum 17.06.2026 14:10:28	EEG	checkup_155_17.06.2026 14:10:28	500.0	499.6666666666667	True	0.5	40.0	4	True	50.0	30.0	391.792724609375	-171.71473635927728	10.789794921875	5.875915387889849	10.715201377868652	6.841249713799101	11.465052604675293	5.943147765343697	6.764407634735107	7.561540229060213	16.208667755126953	13.62524131782441	4.69388484954834	9.33504937685051	1.6526738405227661	-1.1213002842308337	0.0	0.0	0.0	0.0
16.953803777694702	1781696480.0	1781696480.9220774	6	12.0	14.0	32.0	34.0	NeuronSpectrum 17.06.2026 14:10:28	EEG	checkup_155_17.06.2026 14:10:28	500.0	499.6666666666667	True	0.5	40.0	4	True	50.0	30.0	393.7513122558594	-158.55413890207342	9.79976749420166	6.137939424762305	9.864924430847168	7.404897346345164	10.358687400817871	6.483416696296698	5.697567939758301	7.712501703346355	15.379544258117676	13.897585431700717	4.427494525909424	10.159175960502422	0.523256778717041	-1.3890536496057586	0.0	0.0	0.0	0.0
16.953805685043335	1781696480.0	1781696480.9220793	6	12.0	14.0	32.0	34.0	NeuronSpectrum 17.06.2026 14:10:28	EEG	checkup_155_17.06.2026 14:10:28	500.0	499.6666666666667	True	0.5	40.0	4	True	50.0	30.0	389.769775390625	-147.65880978042983	8.736669540405273	6.108414979688077	9.084943771362305	7.721255311666369	9.766698837280273	6.833285616016128	4.58173131942749	7.65528408061823	13.875509262084961	13.809130885248697	4.126672267913818	10.775542529593235	-0.7993072867393494	-1.1657810972246165	0.0	0.0	0.0	0.0
16.95380735397339	1781696480.0	1781696480.922081	6	12.0	14.0	32.0	34.0	NeuronSpectrum 17.06.2026 14:10:28	EEG	checkup_155_17.06.2026 14:10:28	500.0	499.6666666666667	True	0.5	40.0	4	True	50.0	30.0	377.8835754394531	-140.75280074925524	7.95088005065918	5.892209757559418	8.722246170043945	7.87039720297583	9.782367706298828	7.0628358725983755	3.875445604324341	7.493102920537484	12.294331550598145	13.457914996216354	4.114480018615723	11.22319774849704	-1.1267496347427368	-0.5058841865767998	0.0	0.0	0.0	0.0
16.95380926132202	1781696480.0	1781696480.922083	6	12.0	14.0	32.0	34.0	NeuronSpectrum 17.06.2026 14:10:28	EEG	checkup_155_17.06.2026 14:10:28	500.0	499.6666666666667	True	0.5	40.0	4	True	50.0	30.0	364.9683837890625	-138.89720702159318	7.475963115692139	5.601921864530967	8.817704200744629	7.928672531016732	10.128622055053711	7.2142048617870085	3.7289037704467773	7.326066749391136	11.639632225036621	12.945934743281821	4.623203277587891	11.534641148998	0.5159653425216675	0.4385679362728501	0.0	0.0	0.0	0.0
16.953810691833496	1781696480.0	1781696480.9220843	6	12.0	14.0	32.0	34.0	NeuronSpectrum 17.06.2026 14:10:28	EEG	checkup_155_17.06.2026 14:10:28	500.0	499.6666666666667	True	0.5	40.0	4	True	50.0	30.0	364.7600402832031	-142.45848039856628	7.021286964416504	5.335251870615884	9.060851097106934	7.951659737756103	10.338769912719727	7.296773396942982	3.8708934783935547	7.2310282287897465	12.72099781036377	12.35558288763837	5.556682586669922	11.72866591911568	3.910381555557251	1.4454617748877674	0.0	0.0	0.0	0.0
16.95381259918213	1781696480.0	1781696480.9220862	6	12.0	14.0	32.0	34.0	NeuronSpectrum 17.06.2026 14:10:28	EEG	checkup_155_17.06.2026 14:10:28	500.0	499.6666666666667	True	0.5	40.0	4	True	50.0	30.0	386.8526611328125	-151.08456107186427	6.336970806121826	5.162012085625521	9.069473266601562	7.970030315855471	10.177099227905273	7.2996873586399955	3.8824336528778076	7.252592327370149	15.327683448791504	11.740055162381369	6.455545902252197	11.814085105705425	7.4933929443359375	2.271438542565436	0.0	0.0	0.0	0.0
16.953814029693604	1781696480.0	1781696480.9220877	6	12.0	14.0	32.0	34.0	NeuronSpectrum 17.06.2026 14:10:28	EEG	checkup_155_17.06.2026 14:10:28	500.0	499.6666666666667	True	0.5	40.0	4	True	50.0	30.0	423.0674133300781	-163.6678048759904	5.72384786605835	5.120057440181962	8.867555618286133	7.995533801399954	10.029361724853516	7.213392502411003	3.7167000770568848	7.404014245333366	17.88666343688965	11.129295270968106	6.830760955810547	11.800189225639757	9.255107879638672	2.7096279227873503	0.0	0.0	0.0	0.0
16.953815937042236	1781696480.0	1781696480.9220896	6	12.0	14.0	32.0	34.0	NeuronSpectrum 17.06.2026 14:10:28	EEG	checkup_155_17.06.2026 14:10:28	500.0	499.6666666666667	True	0.5	40.0	4	True	50.0	30.0	442.9014892578125	-178.3582844126588	6.125359535217285	5.217071922663702	9.096227645874023	8.030971848350207	10.770379066467285	7.0491316556088846	3.962101459503174	7.6736852765033206	18.126495361328125	10.544854073461492	6.637672424316406	11.706655194887515	8.064427375793457	2.63902689630273	0.0	0.0	0.0	0.0
16.95381760597229	1781696480.0	1781696480.9220912	6	12.0	14.0	32.0	34.0	NeuronSpectrum 17.06.2026 14:10:28	EEG	checkup_155_17.06.2026 14:10:28	500.0	499.6666666666667	True	0.5	40.0	4	True	50.0	30.0	405.7605895996094	-192.742563206983	8.428256034851074	5.43516818553926	10.55469799041748	8.078094583228477	12.917652130126953	6.847221355208218	5.4256439208984375	8.032703879758431	14.535530090332031	10.01225446760044	6.409536361694336	11.566176100969859	4.445450305938721	2.049911213366648	0.0	0.0	0.0	0.0
16.953819513320923	1781696480.0	1781696480.9220932	6	12.0	14.0	32.0	34.0	NeuronSpectrum 17.06.2026 14:10:28	EEG	checkup_155_17.06.2026 14:10:28	500.0	499.6666666666667	True	0.5	40.0	4	True	50.0	30.0	285.4892883300781	-204.26357905525128	12.314985275268555	5.736179128940874	13.240707397460938	8.139639374927995	15.567902565002441	6.669552481400439	8.206161499023438	8.440626825949874	7.696746349334717	9.56170138011704	6.800769329071045	11.416807932635152	0.19631436467170715	1.0383074510049555	0.0	0.0	0.0	0.0
16.953820943832397	1781696480.0	1781696480.9220946	6	12.0	14.0	32.0	34.0	NeuronSpectrum 17.06.2026 14:10:28	EEG	checkup_155_17.06.2026 14:10:28	500.0	499.6666666666667	True	0.5	40.0	4	True	50.0	30.0	91.39482879638672	-210.81986172887264	15.596267700195312	6.066190855087025	15.623185157775879	8.214706234052075	16.077898025512695	6.577404610513621	10.975348472595215	8.848475241123664	0.4074500799179077	9.216716157311804	7.8047661781311035	11.286170460706483	-2.7994019985198975	-0.22568203737481798	0.0	0.0	0.0	0.0
16.95382285118103	1781696480.0	1781696480.9220965	6	12.0	14.0	32.0	34.0	NeuronSpectrum 17.06.2026 14:10:28	EEG	checkup_155_17.06.2026 14:10:28	500.0	499.6666666666667	True	0.5	40.0	4	True	50.0	30.0	365.09857177734375	-211.32886468701	4.623718738555908	6.358805022221241	5.212221145629883	8.289800842965208	2.607370376586914	6.601702740964122	2.3041486740112305	9.19998575803066	9.792553901672363	8.979846815296886	-0.6354251503944397	11.174277215389328	0.9226599335670471	-1.542032013364284	0.0	0.0	0.0	0.0
16.953824281692505	1781696480.0	1781696480.922098	6	12.0	14.0	32.0	34.0	NeuronSpectrum 17.06.2026 14:10:28	EEG	checkup_155_17.06.2026 14:10:28	500.0	499.6666666666667	True	0.5	40.0	4	True	50.0	30.0	366.89093017578125	-206.00257613325573	6.618869781494141	6.538908240033728	7.346815586090088	8.331121551633421	5.759003639221191	6.718372638858596	4.7156572341918945	9.434122477900663	11.654685020446777	8.82755949336731	2.341498851776123	11.044287057323574	0.6651598215103149	-2.7222060681636577	0.0	0.0	0.0	0.0
16.953826189041138	1781696480.0	1781696480.9220998	6	12.0	14.0	32.0	34.0	NeuronSpectrum 17.06.2026 14:10:28	EEG	checkup_155_17.06.2026 14:10:28	500.0	499.6666666666667	True	0.5	40.0	4	True	50.0	30.0	371.7922668457031	-196.2203155562036	9.204886436462402	6.531067612246584	10.425358772277832	8.285287608556617	10.61893367767334	6.842953181881062	7.536380290985107	9.492854983906142	13.807143211364746	8.719961902578104	6.461310386657715	10.828997890921366	-0.05587679520249367	-3.618096697184426	0.0	0.0	0.0	0.0
16.953827619552612	1781696480.0	1781696480.9221013	6	12.0	14.0	32.0	34.0	NeuronSpectrum 17.06.2026 14:10:28	EEG	checkup_155_17.06.2026 14:10:28	500.0	499.6666666666667	True	0.5	40.0	4	True	50.0	30.0	378.2118835449219	-184.09205531081275	10.90457820892334	6.275357941811788	12.630777359008789	8.092574426940478	14.424690246582031	6.851751059020296	9.20998764038086	9.335730378102292	14.780534744262695	8.620278759454596	9.147544860839844	10.454094063566503	-1.1500914096832275	-4.136608008216772	0.0	0.0	0.0	0.0
16.953829050064087	1781696480.0	1781696480.9221027	6	12.0	14.0	32.0	34.0	NeuronSpectrum 17.06.2026 14:10:28	EEG	checkup_155_17.06.2026 14:10:28	500.0	499.6666666666667	True	0.5	40.0	4	True	50.0	30.0	381.259765625	-171.92553897055228	10.565927505493164	5.747321241676297	12.50484561920166	7.708775786112945	14.910256385803223	6.622788531262998	8.679128646850586	8.956815203311606	13.826530456542969	8.512343725850704	8.572925567626953	9.869245562894328	-2.028877019882202	-4.24319201746716	0.0	0.0	0.0	0.0
16.95383095741272	1781696480.0	1781696480.9221046	6	12.0	14.0	32.0	34.0	NeuronSpectrum 17.06.2026 14:10:28	EEG	checkup_155_17.06.2026 14:10:28	500.0	499.6666666666667	True	0.5	40.0	4	True	50.0	30.0	375.1619873046875	-161.78643549448677	8.06762981414795	4.972563649258218	9.845170021057129	7.124561394544087	11.722047805786133	6.077611113802186	6.02915096282959	8.394685988125207	11.350924491882324	8.40585021915962	4.81310510635376	9.071643939552908	-2.208587646484375	-3.9586336646455758	0.0	0.0	0.0	0.0
16.953832387924194	1781696480.0	1781696480.922106	6	12.0	14.0	32.0	34.0	NeuronSpectrum 17.06.2026 14:10:28	EEG	checkup_155_17.06.2026 14:10:28	500.0	499.6666666666667	True	0.5	40.0	4	True	50.0	30.0	358.9575500488281	-155.23666041542933	4.553239345550537	4.026443833598886	5.962419033050537	6.3711037901470675	6.735597610473633	5.204136421201106	2.569033145904541	7.727412584146751	8.60796070098877	8.326562992828322	-0.1644888073205948	8.109178953941884	-1.6811330318450928	-3.351844443750837	0.0	0.0	0.0	0.0
16.953834056854248	1781696480.0	1781696480.9221077	6	12.0	14.0	32.0	34.0	NeuronSpectrum 17.06.2026 14:10:28	EEG	checkup_155_17.06.2026 14:10:28	500.0	499.6666666666667	True	0.5	40.0	4	True	50.0	30.0	340.9842224121094	-153.2329398784856	1.9818830490112305	3.016585883211213	3.082982301712036	5.508725181647952	3.006061553955078	4.052178542983332	0.25500571727752686	7.052161920907717	6.92575740814209	8.297173595148697	-3.676436185836792	7.061507185357321	-0.782792866230011	-2.5296472419743856	0.0	0.0	0.0	0.0
16.9538357257843	1781696480.0	1781696480.9221094	6	12.0	14.0	32.0	34.0	NeuronSpectrum 17.06.2026 14:10:28	EEG	checkup_155_17.06.2026 14:10:28	500.0	499.6666666666667	True	0.5	40.0	4	True	50.0	30.0	336.3076477050781	-156.10828524668017	2.0333008766174316	2.0556445036695603	3.066490650177002	4.605860773890243	2.840261936187744	2.709068028604454	0.6153784990310669	6.458111854387247	6.981908798217773	8.319531777725814	-3.96401047706604	6.009768668485889	0.2074519395828247	-1.6236575866924199	0.0	0.0	0.0	0.0
16.953837394714355	1781696480.0	1781696480.922111	6	12.0	14.0	32.0	34.0	NeuronSpectrum 17.06.2026 14:10:28	EEG	checkup_155_17.06.2026 14:10:28	500.0	499.6666666666667	True	0.5	40.0	4	True	50.0	30.0	355.57708740234375	-163.55827408829984	4.882912635803223	1.237078018219321	6.090769290924072	3.7213464140363444	6.117370128631592	1.2724174277472766	3.694162130355835	6.005541231656352	8.571613311767578	8.368249031847276	-1.289044737815857	5.011663746671335	1.2674072980880737	-0.7744439112343172	0.0	0.0	0.0	0.0
16.95383882522583	1781696480.0	1781696480.9221125	6	12.0	14.0	32.0	34.0	NeuronSpectrum 17.06.2026 14:10:28	EEG	checkup_155_17.06.2026 14:10:28	500.0	499.6666666666667	True	0.5	40.0	4	True	50.0	30.0	391.7218933105469	-174.60845740942665	8.655580520629883	0.6238682601117539	10.143630981445312	2.8998418614509833	10.021387100219727	-0.16518831539593978	7.678781986236572	5.720166567498632	10.889156341552734	8.399648462773104	2.1867551803588867	4.094349291125924	2.4271910190582275	-0.1138306359915943	0.0	0.0	0.0	0.0
16.953840732574463	1781696480.0	1781696480.9221144	6	12.0	14.0	32.0	34.0	NeuronSpectrum 17.06.2026 14:10:28	EEG	checkup_155_17.06.2026 14:10:28	500.0	499.6666666666667	True	0.5	40.0	4	True	50.0	30.0	415.6219482421875	-187.6192952432063	10.223852157592773	0.2509254106940277	11.91102409362793	2.180074157030001	10.663552284240723	-1.5165340947126786	9.68960952758789	5.602181204911041	13.012436866760254	8.371802390780589	3.7095963954925537	3.265975817547494	3.4602975845336914	0.252822854205266	0.0	0.0	0.0	0.0
16.953842163085938	1781696480.0	1781696480.9221158	6	12.0	14.0	32.0	34.0	NeuronSpectrum 17.06.2026 14:10:28	EEG	checkup_155_17.06.2026 14:10:28	500.0	499.6666666666667	True	0.5	40.0	4	True	50.0	30.0	387.88299560546875	-200.43580918235804	7.188723564147949	0.13267755269426634	8.809980392456055	1.6054827928903912	5.805231094360352	-2.69455762099459	7.517073154449463	5.64025044807262	14.20939826965332	8.265087734441595	1.6696736812591553	2.5350482637996823	3.8558850288391113	0.26156866208465335	0.0	0.0	0.0	0.0
16.95384383201599	1781696480.0	1781696480.9221175	6	12.0	14.0	32.0	34.0	NeuronSpectrum 17.06.2026 14:10:28	EEG	checkup_155_17.06.2026 14:10:28	500.0	499.6666666666667	True	0.5	40.0	4	True	50.0	30.0	282.2552490234375	-210.7559593699665	-0.09221841394901276	0.2648873150814404	1.028449535369873	1.2242461470733423	-3.0287365913391113	-3.6150929911635585	1.344563603401184	5.818337605963451	13.946332931518555	8.091523400894669	-3.2672202587127686	1.9224284283678155	3.184328079223633	-0.10124742907757664	0.0	0.0	0.0	0.0
16.953845262527466	1781696480.0	1781696480.922119	6	12.0	14.0	32.0	34.0	NeuronSpectrum 17.06.2026 14:10:28	EEG	checkup_155_17.06.2026 14:10:28	500.0	499.6666666666667	True	0.5	40.0	4	True	50.0	30.0	105.75690460205078	-216.66687586589873	-7.970848083496094	0.6162817183603454	-7.903457164764404	1.0731525620731557	-10.704992294311523	-4.213974654629232	-5.8006978034973145	6.109727337985607	11.766529083251953	7.886072585439064	-8.370463371276855	1.4563241590442462	1.5310709476470947	-0.7988864539104898	0.0	0.0	0.0	0.0
16.95384669303894	1781696480.0	1781696480.9221203	6	12.0	14.0	32.0	34.0	NeuronSpectrum 17.06.2026 14:10:28	EEG	checkup_155_17.06.2026 14:10:28	500.0	499.6666666666667	True	0.5	40.0	4	True	50.0	30.0	353.1463623046875	-217.1561278067746	2.21596097946167	1.116305808684268	0.8577153086662292	1.152385310860708	-3.4743499755859375	-4.472153154915008	1.404671311378479	6.463542310416221	4.444464206695557	7.682362932875345	-9.749966621398926	1.1523983862282345	0.5413758754730225	-1.753717425887312	0.0	0.0	0.0	0.0
16.953848600387573	1781696480.0	1781696480.9221222	6	12.0	14.0	32.0	34.0	NeuronSpectrum 17.06.2026 14:10:28	EEG	checkup_155_17.06.2026 14:10:28	500.0	499.6666666666667	True	0.5	40.0	4	True	50.0	30.0	349.669921875	-212.36860275450422	2.721689224243164	1.6515616683041296	0.7449496388435364	1.4066740793986436	-3.4486002922058105	-4.433912249092702	1.6110310554504395	6.79630887620356	4.341001987457275	7.484800739378982	-9.595403671264648	0.991727565040717	-2.2844889163970947	-2.864336792587576	0.0	0.0	0.0	0.0
16.953850030899048	1781696480.0	1781696480.9221237	6	12.0	14.0	32.0	34.0	NeuronSpectrum 17.06.2026 14:10:28	EEG	checkup_155_17.06.2026 14:10:28	500.0	499.6666666666667	True	0.5	40.0	4	True	50.0	30.0	348.0816345214844	-203.50151118547348	5.03230094909668	2.080293760557756	3.011418104171753	1.726430161945949	-0.7086187601089478	-4.204819483227263	3.7912144660949707	6.999504550493554	6.829586982727051	7.2534438181338174	-6.522657871246338	0.9123003659901039	-4.140575885772705	-4.025647270249978	0.0	0.0	0.0	0.0
16.95385217666626	1781696480.0	1781696480.9221258	6	12.0	14.0	32.0	34.0	NeuronSpectrum 17.06.2026 14:10:28	EEG	checkup_155_17.06.2026 14:10:28	500.0	499.6666666666667	True	0.5	40.0	4	True	50.0	30.0	349.2114562988281	-192.41886322440362	7.876810550689697	2.26468316273587	6.257899761199951	1.972664799455651	3.0484437942504883	-3.9254832278109864	6.628275394439697	6.9653735197615	10.259322166442871	6.9133410071155055	-2.490581512451172	0.8234672994522771	-4.472720623016357	-5.1459074693619495	0.0	0.0	0.0	0.0
16.953853607177734	1781696480.0	1781696480.9221272	6	12.0	14.0	32.0	34.0	NeuronSpectrum 17.06.2026 14:10:28	EEG	checkup_155_17.06.2026 14:10:28	500.0	499.6666666666667	True	0.5	40.0	4	True	50.0	30.0	350.39129638671875	-181.17645680453563	9.65451717376709	2.1116993969963755	8.63024616241455	2.01863485611336	5.812838077545166	-3.7280119423803946	8.429210662841797	6.623703664538287	12.358177185058594	6.387571804213295	0.1968982219696045	0.6408554512356808	-3.648839235305786	-6.1557853421919635	0.0	0.0	0.0	0.0
16.953855276107788	1781696480.0	1781696480.922129	6	12.0	14.0	32.0	34.0	NeuronSpectrum 17.06.2026 14:10:28	EEG	checkup_155_17.06.2026 14:10:28	500.0	499.6666666666667	True	0.5	40.0	4	True	50.0	30.0	346.98309326171875	-171.62784425688042	9.392653465270996	1.60897502016437	8.935382843017578	1.7942508586118509	6.366827011108398	-3.6894874859096554	8.144213676452637	5.976376994709641	11.674422264099121	5.639884075767458	0.2496517151594162	0.3280605350107589	-2.696432590484619	-7.007961453536588	0.0	0.0	0.0	0.0
16.953856945037842	1781696480.0	1781696480.9221306	6	12.0	14.0	32.0	34.0	NeuronSpectrum 17.06.2026 14:10:28	EEG	checkup_155_17.06.2026 14:10:28	500.0	499.6666666666667	True	0.5	40.0	4	True	50.0	30.0	337.341796875	-165.18849362925283	7.155336856842041	0.8427977031904323	7.148313522338867	1.3176620499999918	4.667886734008789	-3.799017167298319	5.844805717468262	5.115851451684976	8.520587921142578	4.706760595023953	-2.0598130226135254	-0.0734642762659182	-2.6443800926208496	-7.670448785890479	0.0	0.0	0.0	0.0
16.953858613967896	1781696480.0	1781696480.9221323	6	12.0	14.0	32.0	34.0	NeuronSpectrum 17.06.2026 14:10:28	EEG	checkup_155_17.06.2026 14:10:28	500.0	499.6666666666667	True	0.5	40.0	4	True	50.0	30.0	327.23223876953125	-162.74279728518496	3.7512407302856445	-0.010115194739149902	4.096271991729736	0.7019062202395582	1.4809709787368774	-3.9516111913175407	2.450728178024292	4.218102334059414	4.777499675750732	3.703416449350498	-5.378379821777344	-0.4411953012078004	-3.8914172649383545	-8.119970248100561	0.0	0.0	0.0	0.0
16.95386028289795	1781696480.0	1781696480.922134	6	12.0	14.0	32.0	34.0	NeuronSpectrum 17.06.2026 14:10:28	EEG	checkup_155_17.06.2026 14:10:28	500.0	499.6666666666667	True	0.5	40.0	4	True	50.0	30.0	328.20159912109375	-164.62509355569327	0.1920347511768341	-0.7179735128041447	0.8050323724746704	0.13208680312825316	-2.137986898422241	-3.9739212582547383	-0.8956913948059082	3.508589901048468	2.650413990020752	2.8004586399711173	-8.233551025390625	-0.5994923684004774	-5.982937335968018	-8.341350239503415	0.0	0.0	0.0	0.0
16.953862190246582	1781696480.0	1781696480.9221358	6	12.0	14.0	32.0	34.0	NeuronSpectrum 17.06.2026 14:10:28	EEG	checkup_155_17.06.2026 14:10:28	500.0	499.6666666666667	True	0.5	40.0	4	True	50.0	30.0	348.2179870605469	-170.60498006034717	-2.5667812824249268	-1.048921598922537	-1.8587990999221802	-0.18205286382977923	-4.993025302886963	-3.6761661307746722	-3.246640682220459	3.2088684684589834	3.1691811084747314	2.18053921351852	-9.699974060058594	-0.3710115233515443	-7.913288593292236	-8.334842745272539	0.0	0.0	0.0	0.0
16.953863620758057	1781696480.0	1781696480.9221373	6	12.0	14.0	32.0	34.0	NeuronSpectrum 17.06.2026 14:10:28	EEG	checkup_155_17.06.2026 14:10:28	500.0	499.6666666666667	True	0.5	40.0	4	True	50.0	30.0	380.0978698730469	-179.8559859133819	-3.5428647994995117	-0.8314164396135525	-3.0869147777557373	-0.06510830588507299	-5.682975769042969	-2.915005468901258	-3.867751359939575	3.4783397014190087	5.441604137420654	1.9908232951962488	-9.420553207397461	0.3650230331683524	-8.71583366394043	-8.127790979360796	0.0	0.0	0.0	0.0
16.95386552810669	1781696480.0	1781696480.9221392	6	12.0	14.0	32.0	34.0	NeuronSpectrum 17.06.2026 14:10:28	EEG	checkup_155_17.06.2026 14:10:28	500.0	499.6666666666667	True	0.5	40.0	4	True	50.0	30.0	397.74188232421875	-190.95863227823526	-1.7757333517074585	-0.0028835578128260098	-2.0218613147735596	0.5707601736353487	-2.9377310276031494	-1.6473087290335988	-2.185183525085449	4.367977981974115	7.220563888549805	2.3054668742716755	-7.285325527191162	1.6267555989845173	-7.989362716674805	-7.783142056328045	0.0	0.0	0.0	0.0
16.953866958618164	1781696480.0	1781696480.9221406	6	12.0	14.0	32.0	34.0	NeuronSpectrum 17.06.2026 14:10:28	EEG	checkup_155_17.06.2026 14:10:28	500.0	499.6666666666667	True	0.5	40.0	4	True	50.0	30.0	366.6927185058594	-202.03434500566695	3.0601274967193604	1.367870456230949	1.8160313367843628	1.6944608518450113	3.363696336746216	0.043029836013224965	1.9075393676757812	5.799766884370207	6.456925392150879	3.1056787564306245	-3.3474607467651367	3.3106456140052507	-6.068428993225098	-7.3974286920766055	0.0	0.0	0.0	0.0
16.953868627548218	1781696480.0	1781696480.9221423	6	12.0	14.0	32.0	34.0	NeuronSpectrum 17.06.2026 14:10:28	EEG	checkup_155_17.06.2026 14:10:28	500.0	499.6666666666667	True	0.5	40.0	4	True	50.0	30.0	265.02301025390625	-211.07597181370727	9.734024047851562	3.0913075326389885	7.662866592407227	3.1559886860474338	11.116133689880371	1.9540722795693939	7.446849822998047	7.577973568692468	2.827488422393799	4.278753009209927	1.8278188705444336	5.205200585504479	-3.768634080886841	-7.085029742166898	0.0	0.0	0.0	0.0
16.95387029647827	1781696480.0	1781696480.922144	6	12.0	14.0	32.0	34.0	NeuronSpectrum 17.06.2026 14:10:28	EEG	checkup_155_17.06.2026 14:10:28	500.0	499.6666666666667	True	0.5	40.0	4	True	50.0	30.0	101.04402923583984	-216.42688600848118	15.151450157165527	4.897287778242182	13.025869369506836	4.717421435404922	16.063650131225586	3.8070090040817304	12.129892349243164	9.42877712196028	-1.818058729171753	5.634985732561941	6.806797981262207	7.032812115767598	-1.9215126037597656	-6.951755063336939	0.0	0.0	0.0	0.0
17.055877447128296	1781696480.0	1781696481.024151	6	12.0	14.0	32.0	34.0	NeuronSpectrum 17.06.2026 14:10:28	EEG	checkup_155_17.06.2026 14:10:28	500.0	499.6666666666667	True	0.5	40.0	4	True	50.0	30.0	330.9528503417969	-217.23206172797634	10.897984504699707	6.49227511561696	10.210394859313965	6.10502282730563	10.666718482971191	5.305661357834192	10.439225196838379	11.056743538350771	13.498717308044434	6.941043326261906	4.875477313995361	8.506884909473762	-4.358610153198242	-7.065904206529486	0.0	0.0	0.0	0.0
17.055883646011353	1781696480.0	1781696481.0241573	6	12.0	14.0	32.0	34.0	NeuronSpectrum 17.06.2026 14:10:28	EEG	checkup_155_17.06.2026 14:10:28	500.0	499.6666666666667	True	0.5	40.0	4	True	50.0	30.0	331.20843505859375	-213.6527095777138	11.819317817687988	7.6179542540250385	11.125152587890625	7.067563952602488	11.477945327758789	6.197128239367419	11.345799446105957	12.203303880419714	14.362648010253906	7.965779852472057	5.3576154708862305	9.388593612390256	-4.097034454345703	-7.436482389652675	0.0	0.0	0.0	0.0
17.055886030197144	1781696480.0	1781696481.0241597	6	12.0	14.0	32.0	34.0	NeuronSpectrum 17.06.2026 14:10:28	EEG	checkup_155_17.06.2026 14:10:28	500.0	499.6666666666667	True	0.5	40.0	4	True	50.0	30.0	332.04461669921875	-206.7488392599841	11.37338924407959	8.09849134122337	10.449600219726562	7.426825766153241	10.603561401367188	6.320156539174731	10.948369026184082	12.69432035035462	13.99543285369873	8.52865626302723	4.567956924438477	9.53043984371932	-4.289650917053223	-8.005972862921839	0.0	0.0	0.0	0.0
17.055888175964355	1781696480.0	1781696481.0241618	6	12.0	14.0	32.0	34.0	NeuronSpectrum 17.06.2026 14:10:28	EEG	checkup_155_17.06.2026 14:10:28	500.0	499.6666666666667	True	0.5	40.0	4	True	50.0	30.0	332.6551208496094	-198.10662413647117	10.08323860168457	7.869348599729877	8.743049621582031	7.1108312397832485	8.639326095581055	5.634267064912473	9.681771278381348	12.468687650930208	12.697406768798828	8.536760535237034	3.0011024475097656	8.899757599092416	-5.2071404457092285	-8.66072871171394	0.0	0.0	0.0	0.0
17.05589008331299	1781696480.0	1781696481.0241637	6	12.0	14.0	32.0	34.0	NeuronSpectrum 17.06.2026 14:10:28	EEG	checkup_155_17.06.2026 14:10:28	500.0	499.6666666666667	True	0.5	40.0	4	True	50.0	30.0	332.5303039550781	-189.38668453922702	8.563719749450684	6.985166206087856	6.807473659515381	6.165407858508789	6.428370475769043	4.22742916319252	8.053666114807129	11.584775123467773	10.902822494506836	7.99931789185592	1.1829968690872192	7.580993705136302	-6.928877830505371	-9.25754976937692	0.0	0.0	0.0	0.0
17.0558922290802	1781696480.0	1781696481.0241659	6	12.0	14.0	32.0	34.0	NeuronSpectrum 17.06.2026 14:10:28	EEG	checkup_155_17.06.2026 14:10:28	500.0	499.6666666666667	True	0.5	40.0	4	True	50.0	30.0	331.50506591796875	-181.95173533714532	7.153836250305176	5.606888271937488	5.18007230758667	4.743723335182006	4.556233882904053	2.302547171547561	6.367395877838135	10.20523319147124	8.922996520996094	7.017481516895941	-0.625328540802002	5.759256049211969	-9.05677604675293	-9.660945597133106	0.0	0.0	0.0	0.0
17.055894374847412	1781696480.0	1781696481.024168	6	12.0	14.0	32.0	34.0	NeuronSpectrum 17.06.2026 14:10:28	EEG	checkup_155_17.06.2026 14:10:28	500.0	499.6666666666667	True	0.5	40.0	4	True	50.0	30.0	329.63153076171875	-176.65343241613843	5.878465175628662	3.970512451263756	3.951577663421631	3.0767652317224568	3.1408159732818604	0.14505978423029725	4.7306671142578125	8.563758303946907	6.938432693481445	5.756125783340021	-2.404423952102661	3.689563607740185	-10.73562240600586	-9.78197226216619	0.0	0.0	0.0	0.0
17.055896043777466	1781696480.0	1781696481.0241697	6	12.0	14.0	32.0	34.0	NeuronSpectrum 17.06.2026 14:10:28	EEG	checkup_155_17.06.2026 14:10:28	500.0	499.6666666666667	True	0.5	40.0	4	True	50.0	30.0	327.0816955566406	-173.7841917615356	4.7070088386535645	2.3426685562873715	2.9865362644195557	1.430692820213912	2.0382769107818604	-1.923329665148025	3.2749171257019043	6.9202996256545966	5.173943996429443	4.408690600117534	-4.112258434295654	1.6573037355961213	-11.012115478515625	-9.607242727570888	0.0	0.0	0.0	0.0
17.0558979511261	1781696480.0	1781696481.0241716	6	12.0	14.0	32.0	34.0	NeuronSpectrum 17.06.2026 14:10:28	EEG	checkup_155_17.06.2026 14:10:28	500.0	499.6666666666667	True	0.5	40.0	4	True	50.0	30.0	324.1998596191406	-173.15554213388378	3.7851688861846924	0.9712775127085806	2.2409379482269287	0.05928568455300566	1.171173334121704	-3.596890789550389	2.2792553901672363	5.513545058769667	3.9804790019989014	3.165245836650039	-5.51115083694458	-0.06394019469218143	-9.40088176727295	-9.207470402674705	0.0	0.0	0.0	0.0
17.055899620056152	1781696480.0	1781696481.0241733	6	12.0	14.0	32.0	34.0	NeuronSpectrum 17.06.2026 14:10:28	EEG	checkup_155_17.06.2026 14:10:28	500.0	499.6666666666667	True	0.5	40.0	4	True	50.0	30.0	321.58636474609375	-174.2484113382361	3.3845255374908447	0.04151590835016116	1.8559287786483765	-0.8392388589847052	0.6442482471466064	-4.634318235021024	2.026334285736084	4.520445330592834	3.6692099571228027	2.189744473596375	-6.2776198387146	-1.2508329810999614	-6.30893087387085	-8.719904848405791	0.0	0.0	0.0	0.0
17.055901288986206	1781696480.0	1781696481.024175	6	12.0	14.0	32.0	34.0	NeuronSpectrum 17.06.2026 14:10:28	EEG	checkup_155_17.06.2026 14:10:28	500.0	499.6666666666667	True	0.5	40.0	4	True	50.0	30.0	320.009521484375	-176.38364843045338	3.623119354248047	-0.35313697541395805	1.9700307846069336	-1.152543601497852	0.5900112986564636	-4.893903644312324	2.507831573486328	4.031146055130767	4.2336649894714355	1.6073285979090495	-6.284678936004639	-1.7592893653901107	-3.0023555755615234	-8.307562579613998	0.0	0.0	0.0	0.0
17.05590271949768	1781696480.0	1781696481.0241764	6	12.0	14.0	32.0	34.0	NeuronSpectrum 17.06.2026 14:10:28	EEG	checkup_155_17.06.2026 14:10:28	500.0	499.6666666666667	True	0.5	40.0	4	True	50.0	30.0	320.1603088378906	-178.8740701053834	4.264145851135254	-0.21852443970242355	2.5007283687591553	-0.8660248791591719	0.9941242933273315	-4.348808647327517	3.3018100261688232	4.043773118150125	5.255849838256836	1.4985667592851488	-5.755123615264893	-1.5401311039277876	-1.073846697807312	-8.107339858842671	0.0	0.0	0.0	0.0
17.055904626846313	1781696480.0	1781696481.0241783	6	12.0	14.0	32.0	34.0	NeuronSpectrum 17.06.2026 14:10:28	EEG	checkup_155_17.06.2026 14:10:28	500.0	499.6666666666667	True	0.5	40.0	4	True	50.0	30.0	321.7646789550781	-181.1355624151588	4.841242790222168	0.3541755601028592	3.167684555053711	-0.05522562764491279	1.717793345451355	-3.0808452267407733	3.8134655952453613	4.4779721934351855	6.12544059753418	1.8959321377301723	-5.053491115570068	-0.6402945905579469	-1.6065579652786255	-8.184834146653008	0.0	0.0	0.0	0.0
17.055906295776367	1781696480.0	1781696481.02418	6	12.0	14.0	32.0	34.0	NeuronSpectrum 17.06.2026 14:10:28	EEG	checkup_155_17.06.2026 14:10:28	500.0	499.6666666666667	True	0.5	40.0	4	True	50.0	30.0	323.5107727050781	-182.75005402423403	5.011013507843018	1.2179750638331703	3.7321739196777344	1.1371115355011283	2.677381753921509	-1.2568125236606325	3.704141139984131	5.20089652598472	6.490595817565918	2.7790858459850662	-4.330238342285156	0.80857158319252	-4.517106056213379	-8.51273622278407	0.0	0.0	0.0	0.0
17.055908203125	1781696480.0	1781696481.0241818	6	12.0	14.0	32.0	34.0	NeuronSpectrum 17.06.2026 14:10:28	EEG	checkup_155_17.06.2026 14:10:28	500.0	499.6666666666667	True	0.5	40.0	4	True	50.0	30.0	323.6843566894531	-183.48516000493015	4.819676399230957	2.2048887683020846	4.205132961273193	2.531605999925778	3.9617257118225098	0.9043787905762964	3.147555351257324	6.05661194462977	6.527109146118164	4.068980773461554	-3.3791632652282715	2.6102694066600747	-8.480705261230469	-8.981497561777674	0.0	0.0	0.0	0.0
17.055909633636475	1781696480.0	1781696481.0241833	6	12.0	14.0	32.0	34.0	NeuronSpectrum 17.06.2026 14:10:28	EEG	checkup_155_17.06.2026 14:10:28	500.0	499.6666666666667	True	0.5	40.0	4	True	50.0	30.0	321.6041564941406	-183.28268328108308	4.648784160614014	3.155641363133454	4.810415744781494	3.9418729705923385	5.718462944030762	3.1644960449545914	2.688840627670288	6.890798433332627	6.822450637817383	5.624804057495778	-1.8919258117675781	4.5286833968561355	-11.57962703704834	-9.438617960863418	0.0	0.0	0.0	0.0
17.055911540985107	1781696480.0	1781696481.0241852	6	12.0	14.0	32.0	34.0	NeuronSpectrum 17.06.2026 14:10:28	EEG	checkup_155_17.06.2026 14:10:28	500.0	499.6666666666667	True	0.5	40.0	4	True	50.0	30.0	318.5406188964844	-182.2306018676266	4.90678071975708	3.937796394399691	5.752944469451904	5.197040801913638	7.916128158569336	5.291800952457322	2.8330159187316895	7.566613630113627	7.939634323120117	7.250142968433729	0.1248457133769989	6.31351576606823	-12.343021392822266	-9.741661225945814	0.0	0.0	0.0	0.0
17.05591320991516	1781696480.0	1781696481.0241868	6	12.0	14.0	32.0	34.0	NeuronSpectrum 17.06.2026 14:10:28	EEG	checkup_155_17.06.2026 14:10:28	500.0	499.6666666666667	True	0.5	40.0	4	True	50.0	30.0	316.8686828613281	-180.53154774139173	5.752035140991211	4.4519482195903395	7.029943943023682	6.155323200275902	10.267760276794434	7.077737184425419	3.7063403129577637	7.972609105430111	9.961504936218262	8.713740455737383	2.194774866104126	7.725226266012241	-10.57683277130127	-9.80508542375543	0.0	0.0	0.0	0.0
17.055915117263794	1781696480.0	1781696481.0241888	6	12.0	14.0	32.0	34.0	NeuronSpectrum 17.06.2026 14:10:28	EEG	checkup_155_17.06.2026 14:10:28	500.0	499.6666666666667	True	0.5	40.0	4	True	50.0	30.0	317.6338806152344	-178.47688632700806	7.036267280578613	4.631046972942399	8.439992904663086	6.711129870350895	12.407940864562988	8.347209658617988	5.017085075378418	8.027200483926899	12.31529712677002	9.785558449371496	3.663386344909668	8.558430046063256	-7.4118547439575195	-9.6243916462094	0.0	0.0	0.0	0.0
17.055916786193848	1781696480.0	1781696481.0241904	6	12.0	14.0	32.0	34.0	NeuronSpectrum 17.06.2026 14:10:28	EEG	checkup_155_17.06.2026 14:10:28	500.0	499.6666666666667	True	0.5	40.0	4	True	50.0	30.0	318.6690673828125	-176.43063506987713	8.42048168182373	4.440149205784797	9.716404914855957	6.800460580341248	14.099481582641602	8.9679401146746	6.2656378746032715	7.684735290980124	14.020807266235352	10.282303734393082	4.176627159118652	8.663389994784952	-4.571460723876953	-9.271109862586892	0.0	0.0	0.0	0.0
17.0559184551239	1781696480.0	1781696481.024192	6	12.0	14.0	32.0	34.0	NeuronSpectrum 17.06.2026 14:10:28	EEG	checkup_155_17.06.2026 14:10:28	500.0	499.6666666666667	True	0.5	40.0	4	True	50.0	30.0	315.7774963378906	-174.82116409626772	9.467477798461914	3.8818896442616637	10.588549613952637	6.408480049704939	15.19483757019043	8.86363416225671	6.95660924911499	6.945549160151203	14.246113777160645	10.111139213914658	3.8621957302093506	7.96481110761703	-3.332124710083008	-8.863849934762289	0.0	0.0	0.0	0.0
17.055920124053955	1781696480.0	1781696481.0241938	6	12.0	14.0	32.0	34.0	NeuronSpectrum 17.06.2026 14:10:28	EEG	checkup_155_17.06.2026 14:10:28	500.0	499.6666666666667	True	0.5	40.0	4	True	50.0	30.0	307.1421813964844	-174.12963839984042	9.633378028869629	3.007697999203425	10.693085670471191	5.579582933113766	15.353209495544434	8.031543339775842	6.6580891609191895	5.8679143961305495	12.847677230834961	9.298848003831454	2.977781057357788	6.476061549605196	-3.878325939178467	-8.528735130986325	0.0	0.0	0.0	0.0
17.05592179298401	1781696480.0	1781696481.0241954	6	12.0	14.0	32.0	34.0	NeuronSpectrum 17.06.2026 14:10:28	EEG	checkup_155_17.06.2026 14:10:28	500.0	499.6666666666667	True	0.5	40.0	4	True	50.0	30.0	297.42926025390625	-174.85405258750515	8.343979835510254	1.9288085176267598	9.552428245544434	4.4256703160874595	13.912731170654297	6.559270228033071	5.030949592590332	4.575702952859817	10.558760643005371	7.997258344372639	1.3931174278259277	4.30555512152554	-5.448997497558594	-8.364006256421153	0.0	0.0	0.0	0.0
17.055923461914062	1781696480.0	1781696481.024197	6	12.0	14.0	32.0	34.0	NeuronSpectrum 17.06.2026 14:10:28	EEG	checkup_155_17.06.2026 14:10:28	500.0	499.6666666666667	True	0.5	40.0	4	True	50.0	30.0	296.6533508300781	-177.42415945822512	5.360110282897949	0.8176128557737097	6.863901615142822	3.1252816562633123	10.327853202819824	4.631384478594229	2.0313830375671387	3.254130134745353	8.6192045211792	6.462755468765979	-1.476089596748352	1.6511039221035326	-7.031243324279785	-8.418986386129214	0.0	0.0	0.0	0.0
17.055925130844116	1781696480.0	1781696481.0241988	6	12.0	14.0	32.0	34.0	NeuronSpectrum 17.06.2026 14:10:28	EEG	checkup_155_17.06.2026 14:10:28	500.0	499.6666666666667	True	0.5	40.0	4	True	50.0	30.0	312.1769714355469	-182.05717346909552	1.30221688747406	-0.10874402356324964	3.0216355323791504	1.906848990479381	5.023293972015381	2.51654520573615	-1.7460178136825562	2.1283866358691306	7.952919960021973	5.014914570528769	-6.030655860900879	-1.2212012088011317	-8.043171882629395	-8.690185065426258	0.0	0.0	0.0	0.0
17.05592679977417	1781696480.0	1781696481.0242004	6	12.0	14.0	32.0	34.0	NeuronSpectrum 17.06.2026 14:10:28	EEG	checkup_155_17.06.2026 14:10:28	500.0	499.6666666666667	True	0.5	40.0	4	True	50.0	30.0	338.5603942871094	-188.58225173716184	-2.1364541053771973	-0.6242545489826703	-0.5680953860282898	1.0142631634902721	-0.10212565958499908	0.5314388009720776	-4.903425216674805	1.4258756136698745	8.41796875	3.983563071154469	-11.584038734436035	-4.013644472929787	-8.485584259033203	-9.130901087471909	0.0	0.0	0.0	0.0
17.055928230285645	1781696480.0	1781696481.0242019	6	12.0	14.0	32.0	34.0	NeuronSpectrum 17.06.2026 14:10:28	EEG	checkup_155_17.06.2026 14:10:28	500.0	499.6666666666667	True	0.5	40.0	4	True	50.0	30.0	353.9913024902344	-196.31025368452214	-2.797689437866211	-0.5423498825386693	-1.9099124670028687	0.6603961012800033	-2.3533105850219727	-1.013088554262712	-5.673481464385986	1.3298298237395156	8.738077163696289	3.653911032613498	-16.090538024902344	-6.443604358569481	-8.61422348022461	-9.667606584005902	0.0	0.0	0.0	0.0
17.055930137634277	1781696480.0	1781696481.0242038	6	12.0	14.0	32.0	34.0	NeuronSpectrum 17.06.2026 14:10:28	EEG	checkup_155_17.06.2026 14:10:28	500.0	499.6666666666667	True	0.5	40.0	4	True	50.0	30.0	329.0556335449219	-204.04986841083797	0.5628356337547302	0.23728096430776788	0.371843159198761	0.980554084436294	-0.05486707389354706	-1.870387071708311	-2.9685916900634766	1.9368728658984047	7.348544120788574	4.217468667861035	-17.057785034179688	-8.28971698128185	-8.483499526977539	-10.216839729834701	0.0	0.0	0.0	0.0
17.055931568145752	1781696480.0	1781696481.0242052	6	12.0	14.0	32.0	34.0	NeuronSpectrum 17.06.2026 14:10:28	EEG	checkup_155_17.06.2026 14:10:28	500.0	499.6666666666667	True	0.5	40.0	4	True	50.0	30.0	244.5832977294922	-210.3342582115994	6.9362359046936035	1.6982028418375488	5.722352027893066	1.9994420171855176	5.649852752685547	-1.9052371946143112	2.537722587585449	3.230863348879357	3.6929128170013428	5.735222117029861	-13.2376070022583	-9.42558591245824	-7.867288112640381	-10.69891995037566	0.0	0.0	0.0	0.0
17.055933237075806	1781696480.0	1781696481.0242069	6	12.0	14.0	32.0	34.0	NeuronSpectrum 17.06.2026 14:10:28	EEG	checkup_155_17.06.2026 14:10:28	500.0	499.6666666666667	True	0.5	40.0	4	True	50.0	30.0	106.99253845214844	-213.81870952901568	12.871037483215332	3.702345932478546	11.281982421875	3.621021463243689	10.584129333496094	-1.1188102586806112	8.172325134277344	5.079997195399292	-0.9877640008926392	8.120236600501983	-5.888859272003174	-9.83347971289837	-6.521709442138672	-11.047709251567538	0.0	0.0	0.0	0.0
17.05593490600586	1781696480.0	1781696481.0242085	6	12.0	14.0	32.0	34.0	NeuronSpectrum 17.06.2026 14:10:28	EEG	checkup_155_17.06.2026 14:10:28	500.0	499.6666666666667	True	0.5	40.0	4	True	50.0	30.0	297.6239318847656	-213.69539376466705	8.868043899536133	6.01125026661617	7.166483402252197	5.64321626752314	2.2283594608306885	0.35210962352616343	4.07267427444458	7.256722063996003	16.859329223632812	11.147058198163164	-17.067251205444336	-9.597979659155177	-9.642064094543457	-11.217383693497029	0.0	0.0	0.0	0.0
17.055936574935913	1781696480.0	1781696481.0242102	6	12.0	14.0	32.0	34.0	NeuronSpectrum 17.06.2026 14:10:28	EEG	checkup_155_17.06.2026 14:10:28	500.0	499.6666666666667	True	0.5	40.0	4	True	50.0	30.0	297.0337219238281	-209.93884910136055	12.01154613494873	8.327075593830077	10.238309860229492	7.793085710893595	5.261508464813232	2.2594138536979953	7.0872368812561035	9.474730336780873	20.663467407226562	14.49066449997038	-15.050353050231934	-8.884856220511976	-9.81986141204834	-11.187012800675284	0.0	0.0	0.0	0.0
17.055938005447388	1781696480.0	1781696481.0242116	6	12.0	14.0	32.0	34.0	NeuronSpectrum 17.06.2026 14:10:28	EEG	checkup_155_17.06.2026 14:10:28	500.0	499.6666666666667	True	0.5	40.0	4	True	50.0	30.0	299.84576416015625	-203.28592216650296	14.284071922302246	10.344270318100262	12.76591968536377	9.775044252067818	8.230945587158203	4.287199531742582	9.593690872192383	11.43575115031029	23.65189552307129	17.78776595614233	-13.060216903686523	-7.910607747068484	-9.596720695495605	-10.962189438768357	0.0	0.0	0.0	0.0
17.05593991279602	1781696480.0	1781696481.0242136	6	12.0	14.0	32.0	34.0	NeuronSpectrum 17.06.2026 14:10:28	EEG	checkup_155_17.06.2026 14:10:28	500.0	499.6666666666667	True	0.5	40.0	4	True	50.0	30.0	304.9478454589844	-194.99733745273306	15.62356948852539	11.802455699857996	14.542348861694336	11.323508635627931	10.74061393737793	6.10872409083235	11.371530532836914	12.878918792424379	25.84394073486328	20.704064374726894	-11.43160343170166	-6.905991810822199	-9.033177375793457	-10.571753929776055	0.0	0.0	0.0	0.0
17.055941581726074	1781696480.0	1781696481.0242152	6	12.0	14.0	32.0	34.0	NeuronSpectrum 17.06.2026 14:10:28	EEG	checkup_155_17.06.2026 14:10:28	500.0	499.6666666666667	True	0.5	40.0	4	True	50.0	30.0	308.2811584472656	-186.53397922054387	15.961435317993164	12.53078773170974	15.313904762268066	12.250035258183079	12.352753639221191	7.44709810905523	12.138644218444824	13.624688243526379	27.365156173706055	22.989521745679347	-10.274124145507812	-6.07715409862009	-8.180914878845215	-10.05839974869395	0.0	0.0	0.0	0.0
17.055943250656128	1781696480.0	1781696481.024217	6	12.0	14.0	32.0	34.0	NeuronSpectrum 17.06.2026 14:10:28	EEG	checkup_155_17.06.2026 14:10:28	500.0	499.6666666666667	True	0.5	40.0	4	True	50.0	30.0	304.993896484375	-179.2704570296267	15.152841567993164	12.474381973055173	14.79439926147461	12.474448722348477	12.649171829223633	8.12597874739793	11.598915100097656	13.604304720218272	28.15573501586914	24.5100761903831	-9.667383193969727	-5.570826471300993	-7.106944561004639	-9.464517424478226	0.0	0.0	0.0	0.0
17.05594491958618	1781696480.0	1781696481.0242186	6	12.0	14.0	32.0	34.0	NeuronSpectrum 17.06.2026 14:10:28	EEG	checkup_155_17.06.2026 14:10:28	500.0	499.6666666666667	True	0.5	40.0	4	True	50.0	30.0	293.89453125	-174.3045054624834	13.31701946258545	11.696571273166613	13.060361862182617	12.032152968363047	11.632017135620117	8.09691456889694	9.801440238952637	12.867416631984684	28.009353637695312	25.253202552760378	-9.690827369689941	-5.45184544658937	-5.977382659912109	-8.817417619555258	0.0	0.0	0.0	0.0
17.055946826934814	1781696480.0	1781696481.0242205	6	12.0	14.0	32.0	34.0	NeuronSpectrum 17.06.2026 14:10:28	EEG	checkup_155_17.06.2026 14:10:28	500.0	499.6666666666667	True	0.5	40.0	4	True	50.0	30.0	280.7945556640625	-172.35713219395336	11.202217102050781	10.357246557994781	10.922525405883789	11.05637745936446	10.065959930419922	7.436525289903543	7.449486255645752	11.565685367742665	26.9068603515625	25.31154322573867	-10.29610824584961	-5.699299488813503	-5.056290149688721	-8.11941871419269	0.0	0.0	0.0	0.0
17.05594825744629	1781696480.0	1781696481.024222	6	12.0	14.0	32.0	34.0	NeuronSpectrum 17.06.2026 14:10:28	EEG	checkup_155_17.06.2026 14:10:28	500.0	499.6666666666667	True	0.5	40.0	4	True	50.0	30.0	276.5859069824219	-173.72230023806904	10.00875473022461	8.674883294305886	9.716039657592773	9.742105538169449	9.209310531616211	6.3165876254836055	5.712962627410889	9.917403493788393	25.33740234375	24.852299276721663	-11.199736595153809	-6.222456917315291	-4.5280561447143555	-7.347406810250225	0.0	0.0	0.0	0.0
17.055949926376343	1781696480.0	1781696481.0242236	6	12.0	14.0	32.0	34.0	NeuronSpectrum 17.06.2026 14:10:28	EEG	checkup_155_17.06.2026 14:10:28	500.0	499.6666666666667	True	0.5	40.0	4	True	50.0	30.0	289.1561279296875	-178.2254166538184	10.488252639770508	6.884423640457869	10.346840858459473	8.303930710371205	9.808016777038574	4.9583947076677	5.430208206176758	8.163779191097552	24.2152099609375	24.080881676561646	-12.01017951965332	-6.89157905911608	-4.312533855438232	-6.463539299726505	0.0	0.0	0.0	0.0
17.055951833724976	1781696480.0	1781696481.0242255	6	12.0	14.0	32.0	34.0	NeuronSpectrum 17.06.2026 14:10:28	EEG	checkup_155_17.06.2026 14:10:28	500.0	499.6666666666667	True	0.5	40.0	4	True	50.0	30.0	313.82855224609375	-185.18476887686944	11.951251983642578	5.202397654347925	12.229966163635254	6.940097709570193	11.085482597351074	3.585522412712753	6.246029853820801	6.528788572363461	24.322681427001953	23.206284450215072	-12.520343780517578	-7.574283464442732	-4.049203872680664	-5.434717025374974	0.0	0.0	0.0	0.0
17.05595374107361	1781696481.0	1781696481.0242274	6	12.0	14.0	32.0	34.0	NeuronSpectrum 17.06.2026 14:10:28	EEG	checkup_155_17.06.2026 14:10:28	500.0	499.6666666666667	True	0.5	40.0	4	True	50.0	30.0	330.2615051269531	-193.41993384745345	12.228611946105957	3.8048749481202537	13.170912742614746	5.809494011064949	10.848515510559082	2.385750848851217	6.5349555015563965	5.190790898687714	25.622596740722656	22.413233146049162	-12.860295295715332	-8.166978520953828	-3.3285014629364014	-4.2547817921806645	0.0	0.0	0.0	0.0
17.055955410003662	1781696481.0	1781696481.024229	6	12.0	14.0	32.0	34.0	NeuronSpectrum 17.06.2026 14:10:28	EEG	checkup_155_17.06.2026 14:10:28	500.0	499.6666666666667	True	0.5	40.0	4	True	50.0	30.0	310.7644958496094	-201.37946141291403	9.05115795135498	2.816631621264439	10.682540893554688	5.02084469766106	7.07466459274292	1.4864785058424475	4.472668647766113	4.2678461431720125	26.95291519165039	21.843004050320722	-13.284219741821289	-8.61334227260021	-1.9976311922073364	-2.961619635244555	0.0	0.0	0.0	0.0
17.055957078933716	1781696481.0	1781696481.0242307	6	12.0	14.0	32.0	34.0	NeuronSpectrum 17.06.2026 14:10:28	EEG	checkup_155_17.06.2026 14:10:28	500.0	499.6666666666667	True	0.5	40.0	4	True	50.0	30.0	236.80882263183594	-207.43048635936813	2.117772102355957	2.3061134382395903	4.067156791687012	4.628867030032081	0.06504112482070923	0.9432282395443126	-0.32724472880363464	3.813831962814109	26.423603057861328	21.58211388375894	-13.680265426635742	-8.906741558733675	-0.32847005128860474	-1.642329885017278	0.0	0.0	0.0	0.0
17.05595850944519	1781696481.0	1781696481.0242321	6	12.0	14.0	32.0	34.0	NeuronSpectrum 17.06.2026 14:10:28	EEG	checkup_155_17.06.2026 14:10:28	500.0	499.6666666666667	True	0.5	40.0	4	True	50.0	30.0	113.17247772216797	-210.26178489658201	-5.789377689361572	2.2827163924155607	-4.324618339538574	4.633435584355947	-6.6526641845703125	0.7402103070007862	-5.900146007537842	3.8216155942906997	22.349428176879883	21.657215554055657	-13.260599136352539	-9.078941326610215	1.1430175304412842	-0.42309965140712713	0.0	0.0	0.0	0.0
17.10758924484253	1781696481.0	1781696481.075863	6	12.0	14.0	32.0	34.0	NeuronSpectrum 17.06.2026 14:10:28	EEG	checkup_155_17.06.2026 14:10:28	500.0	499.6666666666667	True	0.5	40.0	4	True	50.0	30.0	289.31024169921875	-209.25291012634537	8.799443244934082	2.6978304338466375	10.373188018798828	4.98247930205374	9.791953086853027	0.8030884482258821	4.435375213623047	4.231588772515813	26.5716552734375	22.03568997211866	-12.47778606414795	-9.181508628052777	2.154217004776001	0.5548716059213601	0.0	0.0	0.0	0.0
17.107594966888428	1781696481.0	1781696481.0758686	6	12.0	14.0	32.0	34.0	NeuronSpectrum 17.06.2026 14:10:28	EEG	checkup_155_17.06.2026 14:10:28	500.0	499.6666666666667	True	0.5	40.0	4	True	50.0	30.0	289.2073974609375	-204.64172707140332	7.977038860321045	3.453215377479035	9.321396827697754	5.581578951627045	8.094820976257324	1.0225309775528415	3.525076150894165	4.945149533850353	25.736238479614258	22.632903815868683	-13.941730499267578	-9.267591099876181	3.4542040824890137	1.1677368207756682	0.0	0.0	0.0	0.0
17.10759735107422	1781696481.0	1781696481.075871	6	12.0	14.0	32.0	34.0	NeuronSpectrum 17.06.2026 14:10:28	EEG	checkup_155_17.06.2026 14:10:28	500.0	499.6666666666667	True	0.5	40.0	4	True	50.0	30.0	290.023193359375	-197.41700834956356	7.528903484344482	4.417214557641486	8.525433540344238	6.310384149944448	5.999057292938232	1.282302436371165	3.02984881401062	5.84143673230989	25.16510581970215	23.326894313979675	-15.415960311889648	-9.379724619518898	4.586076259613037	1.3412569937707306	0.0	0.0	0.0	0.0
17.10759973526001	1781696481.0	1781696481.0758734	6	12.0	14.0	32.0	34.0	NeuronSpectrum 17.06.2026 14:10:28	EEG	checkup_155_17.06.2026 14:10:28	500.0	499.6666666666667	True	0.5	40.0	4	True	50.0	30.0	291.1202392578125	-189.00422516613824	8.122722625732422	5.445178086649788	8.660975456237793	7.041963248582248	4.766028881072998	1.483002646132474	3.587202548980713	6.7941924273862915	25.4495849609375	23.979284340596593	-15.948726654052734	-9.544849148280173	5.08400821685791	1.0739062687062915	0.0	0.0	0.0	0.0
17.107601642608643	1781696481.0	1781696481.0758753	6	12.0	14.0	32.0	34.0	NeuronSpectrum 17.06.2026 14:10:28	EEG	checkup_155_17.06.2026 14:10:28	500.0	499.6666666666667	True	0.5	40.0	4	True	50.0	30.0	290.1732177734375	-180.89472960603192	9.944114685058594	6.4001666137439255	9.96541976928711	7.661060574074557	5.239095211029053	1.5563575287156153	5.3484063148498535	7.686778269457576	26.496915817260742	24.459142011006705	-15.033697128295898	-9.773273342753136	4.40218448638916	0.44338485915403236	0.0	0.0	0.0	0.0
17.107603549957275	1781696481.0	1781696481.0758772	6	12.0	14.0	32.0	34.0	NeuronSpectrum 17.06.2026 14:10:28	EEG	checkup_155_17.06.2026 14:10:28	500.0	499.6666666666667	True	0.5	40.0	4	True	50.0	30.0	284.5480651855469	-174.3525140658174	12.42505168914795	7.172565807522994	11.969922065734863	8.080166241787776	7.149467468261719	1.47177210914342	7.769314765930176	8.425782044080526	27.542421340942383	24.665419026825028	-13.029389381408691	-10.056920127886423	2.406994581222534	-0.4070591307449158	0.0	0.0	0.0	0.0
17.10760521888733	1781696481.0	1781696481.0758789	6	12.0	14.0	32.0	34.0	NeuronSpectrum 17.06.2026 14:10:28	EEG	checkup_155_17.06.2026 14:10:28	500.0	499.6666666666667	True	0.5	40.0	4	True	50.0	30.0	274.4317321777344	-170.25932340155555	14.36402702331543	7.698034218316022	13.580954551696777	8.25361802003351	9.030496597290039	1.2396336125721616	9.751091003417969	8.953858177386545	27.756818771362305	24.54362410445638	-11.13437557220459	-10.365029337159493	-0.30530068278312683	-1.3004801044194436	0.0	0.0	0.0	0.0
17.107607126235962	1781696481.0	1781696481.0758808	6	12.0	14.0	32.0	34.0	NeuronSpectrum 17.06.2026 14:10:28	EEG	checkup_155_17.06.2026 14:10:28	500.0	499.6666666666667	True	0.5	40.0	4	True	50.0	30.0	265.1601257324219	-169.0829803987121	14.501155853271484	7.970626927146309	13.591276168823242	8.187761465919735	8.985118865966797	0.9124058639941649	10.15657901763916	9.259680947906352	27.007471084594727	24.093525202481725	-10.81342601776123	-10.640693825749162	-2.6055939197540283	-2.068251072530786	0.0	0.0	0.0	0.0
17.107608795166016	1781696481.0	1781696481.0758824	6	12.0	14.0	32.0	34.0	NeuronSpectrum 17.06.2026 14:10:28	EEG	checkup_155_17.06.2026 14:10:28	500.0	499.6666666666667	True	0.5	40.0	4	True	50.0	30.0	265.40008544921875	-170.9072542081999	12.344313621520996	8.044980014703295	11.452310562133789	7.942190498227947	6.027113437652588	0.5792197702080799	8.514811515808105	9.37994350851488	26.06934356689453	23.36690168446804	-12.88175106048584	-10.805159591312796	-3.4892995357513428	-2.5901087265562546	0.0	0.0	0.0	0.0
17.10761070251465	1781696481.0	1781696481.0758843	6	12.0	14.0	32.0	34.0	NeuronSpectrum 17.06.2026 14:10:28	EEG	checkup_155_17.06.2026 14:10:28	500.0	499.6666666666667	True	0.5	40.0	4	True	50.0	30.0	280.3724060058594	-175.45796166417762	8.760967254638672	8.022065430995735	7.8637566566467285	7.6171350492120045	1.1554840803146362	0.34839255846139244	5.5092926025390625	9.38857288765156	25.92886734008789	22.456852317018352	-16.75545883178711	-10.775296804586736	-2.718780517578125	-2.8199111760265194	0.0	0.0	0.0	0.0
17.107612371444702	1781696481.0	1781696481.075886	6	12.0	14.0	32.0	34.0	NeuronSpectrum 17.06.2026 14:10:28	EEG	checkup_155_17.06.2026 14:10:28	500.0	499.6666666666667	True	0.5	40.0	4	True	50.0	30.0	304.06732177734375	-182.09828459866213	5.823604583740234	8.01850343746078	4.693930149078369	7.326625653587735	-2.7695956230163574	0.3175126990985272	2.8505280017852783	9.372780176656217	26.63753318786621	21.481469620106278	-20.411714553833008	-10.492722453089073	-0.9731427431106567	-2.789227394641553	0.0	0.0	0.0	0.0
17.107614278793335	1781696481.0	1781696481.075888	6	12.0	14.0	32.0	34.0	NeuronSpectrum 17.06.2026 14:10:28	EEG	checkup_155_17.06.2026 14:10:28	500.0	499.6666666666667	True	0.5	40.0	4	True	50.0	30.0	317.1861877441406	-189.82567052494807	5.742816925048828	8.127241418168257	4.056419849395752	7.1640565043918265	-2.639003038406372	0.5394227955079236	2.4182121753692627	9.402082311942024	26.751781463623047	20.564154137366398	-21.260047912597656	-9.954298602436998	0.6205062866210938	-2.588440696576233	0.0	0.0	0.0	0.0
17.10761594772339	1781696481.0	1781696481.0758896	6	12.0	14.0	32.0	34.0	NeuronSpectrum 17.06.2026 14:10:28	EEG	checkup_155_17.06.2026 14:10:28	500.0	499.6666666666667	True	0.5	40.0	4	True	50.0	30.0	295.0166931152344	-197.34401635893505	9.326687812805176	8.382819712432456	6.906297206878662	7.171829242694017	2.5965023040771484	0.9982433065705241	5.028156757354736	9.501000218976396	24.081968307495117	19.81168082532629	-17.600317001342773	-9.2289301959489	1.2170069217681885	-2.3326210726076626	0.0	0.0	0.0	0.0
17.107617616653442	1781696481.0	1781696481.0758913	6	12.0	14.0	32.0	34.0	NeuronSpectrum 17.06.2026 14:10:28	EEG	checkup_155_17.06.2026 14:10:28	500.0	499.6666666666667	True	0.5	40.0	4	True	50.0	30.0	222.23956298828125	-203.26920330570786	14.93631362915039	8.743645063170934	12.021178245544434	7.326191673185525	10.490270614624023	1.6073556081436153	9.581451416015625	9.635521651817399	17.446884155273438	19.29174631083364	-9.831427574157715	-8.449189728370246	0.7229090929031372	-2.1238639737544407	0.0	0.0	0.0	0.0
17.107619285583496	1781696481.0	1781696481.075893	6	12.0	14.0	32.0	34.0	NeuronSpectrum 17.06.2026 14:10:28	EEG	checkup_155_17.06.2026 14:10:28	500.0	499.6666666666667	True	0.5	40.0	4	True	50.0	30.0	105.18231964111328	-206.4465413797435	18.804996490478516	9.096721168041142	16.157251358032227	7.541966669535816	15.795812606811523	2.23130530581217	13.256980895996094	9.717587702047476	8.102645874023438	19.015036735274744	-0.6079421639442444	-7.777852441225724	-0.2837810814380646	-2.0216770761654193	0.0	0.0	0.0	0.0
17.158560276031494	1781696481.0	1781696481.126834	6	12.0	14.0	32.0	34.0	NeuronSpectrum 17.06.2026 14:10:28	EEG	checkup_155_17.06.2026 14:10:28	500.0	499.6666666666667	True	0.5	40.0	4	True	50.0	30.0	265.0652770996094	-206.26382782493408	14.046899795532227	9.28139017970592	12.016605377197266	7.69345297195646	9.32966136932373	2.722123421029716	8.762290954589844	9.624394977943648	27.491962432861328	18.92982197050604	-9.274762153625488	-7.362538606390606	2.3974452018737793	-2.029263805973411	0.0	0.0	0.0	0.0
17.158564567565918	1781696481.0	1781696481.1268382	6	12.0	14.0	32.0	34.0	NeuronSpectrum 17.06.2026 14:10:28	EEG	checkup_155_17.06.2026 14:10:28	500.0	499.6666666666667	True	0.5	40.0	4	True	50.0	30.0	264.8158874511719	-202.81460392342464	13.018046379089355	9.123197903321426	10.782597541809082	7.642644762232925	8.10531997680664	2.9552228109926864	7.696784496307373	9.22487702850515	26.124998092651367	18.934532382645244	-10.752187728881836	-7.297556286647639	1.4268699884414673	-2.098486812889569	0.0	0.0	0.0	0.0
17.15856695175171	1781696481.0	1781696481.1268406	6	12.0	14.0	32.0	34.0	NeuronSpectrum 17.06.2026 14:10:28	EEG	checkup_155_17.06.2026 14:10:28	500.0	499.6666666666667	True	0.5	40.0	4	True	50.0	30.0	267.7508239746094	-196.83968075007866	11.087519645690918	8.469089581464555	8.728682518005371	7.2664557642054435	5.7380547523498535	2.85345921883526	5.8256072998046875	8.406242030557024	23.88591957092285	18.905071123154208	-13.2333984375	-7.606638727501118	-0.438111275434494	-2.1515428994189483	0.0	0.0	0.0	0.0
17.15856909751892	1781696481.0	1781696481.1268427	6	12.0	14.0	32.0	34.0	NeuronSpectrum 17.06.2026 14:10:28	EEG	checkup_155_17.06.2026 14:10:28	500.0	499.6666666666667	True	0.5	40.0	4	True	50.0	30.0	272.533203125	-189.49377344015906	9.090218544006348	7.218196674993481	6.947444438934326	6.47856344812191	3.742124557495117	2.3959016368251778	3.913076400756836	7.096598538131252	21.93254280090332	18.725733861928823	-15.171027183532715	-8.248196383452369	-2.5634024143218994	-2.113110030099193	0.0	0.0	0.0	0.0
17.158570766448975	1781696481.0	1781696481.1268444	6	12.0	14.0	32.0	34.0	NeuronSpectrum 17.06.2026 14:10:28	EEG	checkup_155_17.06.2026 14:10:28	500.0	499.6666666666667	True	0.5	40.0	4	True	50.0	30.0	275.4155578613281	-182.05453370450118	7.306957721710205	5.3446851198231995	5.85982608795166	5.2447045324264865	2.8126821517944336	1.6140587064397502	2.2407901287078857	5.281878429427409	20.93724822998047	18.312715385844026	-15.731635093688965	-9.134808442772426	-3.818687677383423	-1.9429857965169541	0.0	0.0	0.0	0.0
17.158572912216187	1781696481.0	1781696481.1268466	6	12.0	14.0	32.0	34.0	NeuronSpectrum 17.06.2026 14:10:28	EEG	checkup_155_17.06.2026 14:10:28	500.0	499.6666666666667	True	0.5	40.0	4	True	50.0	30.0	272.1294250488281	-175.67986214587773	5.368292331695557	2.9094540499353188	4.991438865661621	3.59090181771317	2.5381429195404053	0.5802032144252435	0.4931042194366455	3.0152536226623745	20.654396057128906	17.625992459709526	-15.22169017791748	-10.156061796384316	-3.2708544731140137	-1.6574808476482037	0.0	0.0	0.0	0.0
17.15857481956482	1781696481.0	1781696481.1268485	6	12.0	14.0	32.0	34.0	NeuronSpectrum 17.06.2026 14:10:28	EEG	checkup_155_17.06.2026 14:10:28	500.0	499.6666666666667	True	0.5	40.0	4	True	50.0	30.0	261.71630859375	-171.26187970157392	2.8103840351104736	0.0576448476473887	3.5739927291870117	1.6033835098313916	2.1228318214416504	-0.6083524034840475	-1.7871671915054321	0.41657162147559235	20.190217971801758	16.671752386450812	-14.65329647064209	-11.197361968465811	-0.9013155102729797	-1.3301576130384671	0.0	0.0	0.0	0.0
17.158576488494873	1781696481.0	1781696481.1268501	6	12.0	14.0	32.0	34.0	NeuronSpectrum 17.06.2026 14:10:28	EEG	checkup_155_17.06.2026 14:10:28	500.0	499.6666666666667	True	0.5	40.0	4	True	50.0	30.0	249.39959716796875	-169.36818054800617	-0.25015386939048767	-2.9991942854609412	1.4212549924850464	-0.5809952434325338	1.3863773345947266	-1.8461051157146489	-4.605664253234863	-2.3400102825563027	18.75966453552246	15.49920450180784	-14.862558364868164	-12.152850949038479	2.211040735244751	-1.0694235097992033	0.0	0.0	0.0	0.0
17.15858817100525	1781696481.0	1781696481.1268618	6	12.0	14.0	32.0	34.0	NeuronSpectrum 17.06.2026 14:10:28	EEG	checkup_155_17.06.2026 14:10:28	500.0	499.6666666666667	True	0.5	40.0	4	True	50.0	30.0	244.8965606689453	-170.22703972895476	-3.0226950645446777	-6.0137043434912645	-0.7665128707885742	-2.7931727718535697	1.0109834671020508	-3.0343852627886463	-7.367421627044678	-5.049386269195207	16.36589241027832	14.193867486576394	-15.900361061096191	-12.934365592670835	4.459586143493652	-0.9797701563805299	0.0	0.0	0.0	0.0
17.158590078353882	1781696481.0	1781696481.1268637	6	12.0	14.0	32.0	34.0	NeuronSpectrum 17.06.2026 14:10:28	EEG	checkup_155_17.06.2026 14:10:28	500.0	499.6666666666667	True	0.5	40.0	4	True	50.0	30.0	255.34803771972656	-173.71227760635318	-4.741626262664795	-8.739522422394481	-2.0569770336151123	-4.855614330842279	1.6754026412963867	-4.091330245510759	-9.37462043762207	-7.505471921921317	13.88359546661377	12.867582729713634	-17.135862350463867	-13.478766826410373	4.671722888946533	-1.1209985524961177	0.0	0.0	0.0	0.0
17.158591747283936	1781696481.0	1781696481.1268654	6	12.0	14.0	32.0	34.0	NeuronSpectrum 17.06.2026 14:10:28	EEG	checkup_155_17.06.2026 14:10:28	500.0	499.6666666666667	True	0.5	40.0	4	True	50.0	30.0	276.93798828125	-179.31469337426887	-5.557005405426025	-10.965827335326908	-2.3508458137512207	-6.605896986606567	2.898366689682007	-4.954598465586712	-10.528846740722656	-9.530835598280163	12.482963562011719	11.645379987882576	-17.86402130126953	-13.753716385005287	2.790924072265625	-1.481759524144314	0.0	0.0	0.0	0.0
17.158594131469727	1781696481.0	1781696481.1268678	6	12.0	14.0	32.0	34.0	NeuronSpectrum 17.06.2026 14:10:28	EEG	checkup_155_17.06.2026 14:10:28	500.0	499.6666666666667	True	0.5	40.0	4	True	50.0	30.0	292.1195373535156	-186.1340579731578	-6.683990478515625	-12.542526210879828	-2.811509370803833	-7.915245701155479	2.8869664669036865	-5.577584247631129	-11.525398254394531	-10.999100988397954	12.759958267211914	10.650447933826204	-17.833635330200195	-13.759505434826481	-0.14093580842018127	-1.9787774876360638	0.0	0.0	0.0	0.0
17.15859580039978	1781696481.0	1781696481.1268694	6	12.0	14.0	32.0	34.0	NeuronSpectrum 17.06.2026 14:10:28	EEG	checkup_155_17.06.2026 14:10:28	500.0	499.6666666666667	True	0.5	40.0	4	True	50.0	30.0	276.7999572753906	-192.95635636550432	-9.40811824798584	-13.392765730225882	-5.031736850738525	-8.699813149696924	-0.08329780399799347	-5.923365468528576	-13.202875137329102	-11.845936775132706	14.15184211730957	9.98929024908473	-17.22191047668457	-13.524193948602605	-2.6734142303466797	-2.4831795691957983	0.0	0.0	0.0	0.0
17.158597469329834	1781696481.0	1781696481.126871	6	12.0	14.0	32.0	34.0	NeuronSpectrum 17.06.2026 14:10:28	EEG	checkup_155_17.06.2026 14:10:28	500.0	499.6666666666667	True	0.5	40.0	4	True	50.0	30.0	214.6983184814453	-198.46222573138957	-13.574979782104492	-13.513176186200948	-9.408918380737305	-8.925155650670586	-5.65915060043335	-5.961774065384523	-15.476045608520508	-12.068250884430121	15.03186321258545	9.738792584286768	-16.127490997314453	-13.09177859844594	-3.784090518951416	-2.8647848206897586	0.0	0.0	0.0	0.0
17.15859889984131	1781696481.0	1781696481.1268725	6	12.0	14.0	32.0	34.0	NeuronSpectrum 17.06.2026 14:10:28	EEG	checkup_155_17.06.2026 14:10:28	500.0	499.6666666666667	True	0.5	40.0	4	True	50.0	30.0	109.6891860961914	-201.53873732192457	-16.884063720703125	-12.964053577029238	-14.084617614746094	-8.60507293728327	-10.574789047241211	-5.672320162305335	-16.804519653320312	-11.714259197058455	13.455280303955078	9.93597286486827	-14.125065803527832	-12.506999004091172	-3.339294910430908	-3.038465202849379	0.0	0.0	0.0	0.0
17.15860080718994	1781696481.0	1781696481.1268744	6	12.0	14.0	32.0	34.0	NeuronSpectrum 17.06.2026 14:10:28	EEG	checkup_155_17.06.2026 14:10:28	500.0	499.6666666666667	True	0.5	40.0	4	True	50.0	30.0	255.31565856933594	-201.58150388119182	-6.125959873199463	-11.852141107097621	-3.436286449432373	-7.7953147174156765	-0.2413526326417923	-5.051200936456666	-11.574533462524414	-10.86869995272456	13.594293594360352	10.570868919700636	-16.163679122924805	-11.803159771625415	-4.864206314086914	-2.996078567067511	0.0	0.0	0.0	0.0
17.158602237701416	1781696481.0	1781696481.1268759	6	12.0	14.0	32.0	34.0	NeuronSpectrum 17.06.2026 14:10:28	EEG	checkup_155_17.06.2026 14:10:28	500.0	499.6666666666667	True	0.5	40.0	4	True	50.0	30.0	251.41622924804688	-198.65050926160265	-5.308790683746338	-10.309877629003138	-2.941171884536743	-6.583099885560098	-0.07700517028570175	-4.11835066944673	-11.223182678222656	-9.638019847666772	14.066630363464355	11.583629315674957	-15.964203834533691	-10.998809066939886	-2.8098742961883545	-2.81249453225738	0.0	0.0	0.0	0.0
17.15860414505005	1781696481.0	1781696481.1268778	6	12.0	14.0	32.0	34.0	NeuronSpectrum 17.06.2026 14:10:28	EEG	checkup_155_17.06.2026 14:10:28	500.0	499.6666666666667	True	0.5	40.0	4	True	50.0	30.0	248.95980834960938	-193.4136775927678	-4.309309959411621	-8.477047663509307	-2.1338729858398438	-5.075675274197183	1.1411056518554688	-2.9220192600064405	-10.424591064453125	-8.139905047048087	15.224950790405273	12.86732377431519	-15.02275562286377	-10.10506095073004	-0.4479995369911194	-2.622684751851132	0.0	0.0	0.0	0.0
17.158605813980103	1781696481.0	1781696481.1268795	6	12.0	14.0	32.0	34.0	NeuronSpectrum 17.06.2026 14:10:28	EEG	checkup_155_17.06.2026 14:10:28	500.0	499.6666666666667	True	0.5	40.0	4	True	50.0	30.0	248.6022186279297	-186.92374481342577	-2.9821455478668213	-6.490649672305077	-0.916922926902771	-3.392353895453089	3.1508591175079346	-1.5407716827106812	-9.050196647644043	-6.499254857769167	16.83353614807129	14.277142356164898	-13.47303295135498	-9.139995743579801	1.4854806661605835	-2.576211768690539	0.0	0.0	0.0	0.0
17.158607721328735	1781696481.0	1781696481.1268814	6	12.0	14.0	32.0	34.0	NeuronSpectrum 17.06.2026 14:10:28	EEG	checkup_155_17.06.2026 14:10:28	500.0	499.6666666666667	True	0.5	40.0	4	True	50.0	30.0	248.58749389648438	-180.34023585544057	-1.2568656206130981	-4.484338061203626	0.6671164035797119	-1.6618195720128914	5.343183994293213	-0.08274032074271434	-7.133119106292725	-4.848701039725913	18.266700744628906	15.644776180754517	-11.696001052856445	-8.143027732963986	2.3365304470062256	-2.783194672866987	0.0	0.0	0.0	0.0
17.15860939025879	1781696481.0	1781696481.126883	6	12.0	14.0	32.0	34.0	NeuronSpectrum 17.06.2026 14:10:28	EEG	checkup_155_17.06.2026 14:10:28	500.0	499.6666666666667	True	0.5	40.0	4	True	50.0	30.0	245.87002563476562	-174.6982855847742	0.8197322487831116	-2.5925252875618088	2.489905834197998	-0.021581948464052092	7.147090435028076	1.3198430250695627	-4.854799270629883	-3.328345602114692	18.9801082611084	16.79533587476309	-9.999823570251465	-7.182108624215164	1.6902645826339722	-3.26940145013363	0.0	0.0	0.0	0.0
17.158611297607422	1781696481.0	1781696481.126885	6	12.0	14.0	32.0	34.0	NeuronSpectrum 17.06.2026 14:10:28	EEG	checkup_155_17.06.2026 14:10:28	500.0	499.6666666666667	True	0.5	40.0	4	True	50.0	30.0	239.30056762695312	-170.77239035204707	2.9379570484161377	-0.9510689506908467	4.268935680389404	1.3863192786352212	8.171548843383789	2.5231824480830034	-2.6462297439575195	-2.0792208115142747	18.9854679107666	17.5644145419769	-8.574918746948242	-6.349704938852537	-0.4017353355884552	-3.9558785377591863	0.0	0.0	0.0	0.0
17.158612966537476	1781696481.0	1781696481.1268866	6	12.0	14.0	32.0	34.0	NeuronSpectrum 17.06.2026 14:10:28	EEG	checkup_155_17.06.2026 14:10:28	500.0	499.6666666666667	True	0.5	40.0	4	True	50.0	30.0	232.37252807617188	-169.02816930261403	4.442526340484619	0.31130062625099675	5.4764862060546875	2.427608714677186	8.11900806427002	3.3915312256537624	-1.2612090110778809	-1.2285256464409635	18.924123764038086	17.81471798146538	-7.706884384155273	-5.747970029896238	-3.262446641921997	-4.670927259941147	0.0	0.0	0.0	0.0
17.15861463546753	1781696481.0	1781696481.1268883	6	12.0	14.0	32.0	34.0	NeuronSpectrum 17.06.2026 14:10:28	EEG	checkup_155_17.06.2026 14:10:28	500.0	499.6666666666667	True	0.5	40.0	4	True	50.0	30.0	232.21702575683594	-169.6214135788789	4.584323883056641	1.0908741737182055	5.487874507904053	2.99558582748338	6.82328462600708	3.820454385775709	-1.5334631204605103	-0.8697681548223676	19.557968139648438	17.45347539710334	-7.875753879547119	-5.467531839639829	-5.758244514465332	-5.191859731641045	0.0	0.0	0.0	0.0
17.158616304397583	1781696481.0	1781696481.12689	6	12.0	14.0	32.0	34.0	NeuronSpectrum 17.06.2026 14:10:28	EEG	checkup_155_17.06.2026 14:10:28	500.0	499.6666666666667	True	0.5	40.0	4	True	50.0	30.0	243.88265991210938	-172.4002453084899	3.1581149101257324	1.3307341893458082	4.093047142028809	3.0333611813626193	4.628665447235107	3.7581968472475547	-3.729355812072754	-1.0443653654013092	20.97264862060547	16.451550810671346	-9.398611068725586	-5.566271299939309	-6.790091514587402	-5.304473760191184	0.0	0.0	0.0	0.0
17.158618450164795	1781696481.0	1781696481.126892	6	12.0	14.0	32.0	34.0	NeuronSpectrum 17.06.2026 14:10:28	EEG	checkup_155_17.06.2026 14:10:28	500.0	499.6666666666667	True	0.5	40.0	4	True	50.0	30.0	263.25714111328125	-176.89318267058098	1.0487396717071533	1.0388149817877217	1.9981694221496582	2.551600357143413	2.7108795642852783	3.220099321374834	-6.936666488647461	-1.7309190406232675	22.070497512817383	14.861935596657432	-11.826452255249023	-6.053634251537757	-5.880619049072266	-4.862880766642451	0.0	0.0	0.0	0.0
17.15862011909485	1781696481.0	1781696481.1268938	6	12.0	14.0	32.0	34.0	NeuronSpectrum 17.06.2026 14:10:28	EEG	checkup_155_17.06.2026 14:10:28	500.0	499.6666666666667	True	0.5	40.0	4	True	50.0	30.0	274.70556640625	-182.30904120457927	0.05857057124376297	0.29647342303852803	0.759790301322937	1.636419941024556	2.720576524734497	2.2934517630411757	-9.134086608886719	-2.844654078609259	20.939424514770508	12.830693473718176	-13.680342674255371	-6.883034654042666	-3.467792272567749	-3.8328516537778894	0.0	0.0	0.0	0.0
17.15862202644348	1781696481.0	1781696481.1268957	6	12.0	14.0	32.0	34.0	NeuronSpectrum 17.06.2026 14:10:28	EEG	checkup_155_17.06.2026 14:10:28	500.0	499.6666666666667	True	0.5	40.0	4	True	50.0	30.0	257.3545227050781	-187.6046064654813	1.7457467317581177	-0.7445283276900494	1.8404408693313599	0.4453678010764819	5.5509934425354	1.132502626792196	-8.290576934814453	-4.2451831327138425	16.057828903198242	10.59109030416667	-13.077041625976562	-7.951824646285875	-0.6674055457115173	-2.3075232507285364	0.0	0.0	0.0	0.0
17.158623695373535	1781696481.0	1781696481.1268973	6	12.0	14.0	32.0	34.0	NeuronSpectrum 17.06.2026 14:10:28	EEG	checkup_155_17.06.2026 14:10:28	500.0	499.6666666666667	True	0.5	40.0	4	True	50.0	30.0	197.6858673095703	-191.66219204577376	5.925894260406494	-1.8762307461104522	5.283000469207764	-0.8081596280475075	9.995455741882324	-0.05630070498441746	-3.939755916595459	-5.74928283557965	7.654395580291748	8.434949738321238	-9.026102066040039	-9.107537618322414	1.3672136068344116	-0.49249448528973283	0.0	0.0	0.0	0.0
17.158625602722168	1781696481.0	1781696481.1268992	6	12.0	14.0	32.0	34.0	NeuronSpectrum 17.06.2026 14:10:28	EEG	checkup_155_17.06.2026 14:10:28	500.0	499.6666666666667	True	0.5	40.0	4	True	50.0	30.0	100.31021881103516	-193.55532642076025	10.029631614685059	-2.8594435687104363	9.033782958984375	-1.8813376780138147	12.556482315063477	-1.0399843660056876	1.9272440671920776	-7.147860673782072	-1.8096340894699097	6.664214133705591	-2.4911630153656006	-10.161292942606973	2.074284553527832	1.3351142926368043	0.0	0.0	0.0	0.0
17.20948886871338	1781696481.0	1781696481.1777625	6	12.0	14.0	32.0	34.0	NeuronSpectrum 17.06.2026 14:10:28	EEG	checkup_155_17.06.2026 14:10:28	500.0	499.6666666666667	True	0.5	40.0	4	True	50.0	30.0	236.13003540039062	-192.8054892855922	-2.5702764987945557	-3.459362835136343	-2.658393621444702	-2.5384004282608594	-1.0909675359725952	-1.5964844068789266	-12.066689491271973	-8.229711828244975	9.981843948364258	5.5353497136126935	-16.766752243041992	-10.911605541048909	5.081479549407959	2.8841150202812473	0.0	0.0	0.0	0.0
17.209495067596436	1781696481.0	1781696481.1777687	6	12.0	14.0	32.0	34.0	NeuronSpectrum 17.06.2026 14:10:28	EEG	checkup_155_17.06.2026 14:10:28	500.0	499.6666666666667	True	0.5	40.0	4	True	50.0	30.0	235.1077880859375	-189.51164952644461	-2.893928050994873	-3.488937767860802	-2.919250011444092	-2.593730117058963	-1.226846694946289	-1.5599935357861379	-12.764973640441895	-8.813921196078338	9.421527862548828	5.212681873038379	-17.08907699584961	-11.179854912140671	6.646498680114746	3.911346373273017	0.0	0.0	0.0	0.0
17.209497690200806	1781696481.0	1781696481.1777713	6	12.0	14.0	32.0	34.0	NeuronSpectrum 17.06.2026 14:10:28	EEG	checkup_155_17.06.2026 14:10:28	500.0	499.6666666666667	True	0.5	40.0	4	True	50.0	30.0	236.40773010253906	-184.2967141274409	-2.1428699493408203	-2.8511665553297565	-1.997808575630188	-1.9527930014450874	0.09190764278173447	-0.863045794849686	-12.675317764282227	-8.786531298985986	9.730093955993652	5.741514965894145	-16.341468811035156	-10.851448102745065	7.946990966796875	4.275790907587547	0.0	0.0	0.0	0.0
17.209499835968018	1781696481.0	1781696481.1777735	6	12.0	14.0	32.0	34.0	NeuronSpectrum 17.06.2026 14:10:28	EEG	checkup_155_17.06.2026 14:10:28	500.0	499.6666666666667	True	0.5	40.0	4	True	50.0	30.0	239.30950927734375	-178.1126377856167	-0.4492747485637665	-1.567493901766722	-0.1164403110742569	-0.6388342493868824	2.353753089904785	0.4392618364145599	-11.82075023651123	-8.130585341515303	10.761430740356445	7.0430483109493185	-14.752082824707031	-9.909762458731857	8.287753105163574	3.972597557947818	0.0	0.0	0.0	0.0
17.20950198173523	1781696481.0	1781696481.1777756	6	12.0	14.0	32.0	34.0	NeuronSpectrum 17.06.2026 14:10:28	EEG	checkup_155_17.06.2026 14:10:28	500.0	499.6666666666667	True	0.5	40.0	4	True	50.0	30.0	240.97837829589844	-172.00166209191545	1.6931966543197632	0.2178954376305539	2.1234145164489746	1.2039184102899991	4.658663272857666	2.1726097714589345	-10.45150089263916	-6.938165975921471	12.275578498840332	8.927657294035987	-12.713471412658691	-8.449792865029547	6.981799602508545	3.137438750690348	0.0	0.0	0.0	0.0
17.20950412750244	1781696481.0	1781696481.1777778	6	12.0	14.0	32.0	34.0	NeuronSpectrum 17.06.2026 14:10:28	EEG	checkup_155_17.06.2026 14:10:28	500.0	499.6666666666667	True	0.5	40.0	4	True	50.0	30.0	237.98941040039062	-166.8989538780319	3.7768542766571045	2.260146624410941	4.151327133178711	3.3321461820099665	6.362832069396973	4.073847218980545	-8.829989433288574	-5.398960391311995	14.034693717956543	11.12264898015268	-10.526020050048828	-6.6654027771308835	3.9971859455108643	2.0171682440047363	0.0	0.0	0.0	0.0
17.209506034851074	1781696481.0	1781696481.1777797	6	12.0	14.0	32.0	34.0	NeuronSpectrum 17.06.2026 14:10:28	EEG	checkup_155_17.06.2026 14:10:28	500.0	499.6666666666667	True	0.5	40.0	4	True	50.0	30.0	229.46145629882812	-163.51342965857154	5.728280067443848	4.256643874345184	5.913252353668213	5.444797416641917	7.630810737609863	5.83950570736886	-6.974358081817627	-3.7674400638518977	15.865218162536621	13.311655075790659	-8.247308731079102	-4.813049597863895	0.2566410303115845	0.9110829465997496	0.0	0.0	0.0	0.0
17.209507942199707	1781696481.0	1781696481.1777816	6	12.0	14.0	32.0	34.0	NeuronSpectrum 17.06.2026 14:10:28	EEG	checkup_155_17.06.2026 14:10:28	500.0	499.6666666666667	True	0.5	40.0	4	True	50.0	30.0	219.4355926513672	-162.2773372253473	8.011970520019531	5.9013574314640564	7.971622943878174	7.23497478293068	9.368387222290039	7.180927836002816	-4.658142566680908	-2.315919202596601	17.641517639160156	15.182290608098809	-5.796144485473633	-3.1612055403830523	-2.7158617973327637	0.0963087378182311	0.0	0.0	0.0	0.0
17.20950961112976	1781696481.0	1781696481.1777833	6	12.0	14.0	32.0	34.0	NeuronSpectrum 17.06.2026 14:10:28	EEG	checkup_155_17.06.2026 14:10:28	500.0	499.6666666666667	True	0.5	40.0	4	True	50.0	30.0	215.57127380371094	-163.33002863847048	11.091492652893066	6.940891823490099	10.931107521057129	8.443526233933461	12.34063720703125	7.87640605629382	-1.8100173473358154	-1.282927275828597	19.20541763305664	16.47635439414924	-3.282474994659424	-1.9372411921669017	-3.5831170082092285	-0.242418379241497	0.0	0.0	0.0	0.0
17.20951199531555	1781696481.0	1781696481.1777856	6	12.0	14.0	32.0	34.0	NeuronSpectrum 17.06.2026 14:10:28	EEG	checkup_155_17.06.2026 14:10:28	500.0	499.6666666666667	True	0.5	40.0	4	True	50.0	30.0	223.50880432128906	-166.50302303501036	14.548909187316895	7.223211312411387	14.511889457702637	8.906415098833776	16.027015686035156	7.8131845396651745	0.9720184803009033	-0.8267653154180131	20.32578468322754	17.03416946301345	-1.2655596733093262	-1.2832013552365196	-1.9360179901123047	-0.05746461911230055	0.0	0.0	0.0	0.0
17.209513664245605	1781696481.0	1781696481.1777873	6	12.0	14.0	32.0	34.0	NeuronSpectrum 17.06.2026 14:10:28	EEG	checkup_155_17.06.2026 14:10:28	500.0	499.6666666666667	True	0.5	40.0	4	True	50.0	30.0	240.13304138183594	-171.29971583443233	16.634994506835938	6.7300626057926145	17.039398193359375	8.587770640102699	18.217498779296875	7.012602116480372	2.3097267150878906	-0.9937730015727242	20.736061096191406	16.823414804810547	-0.6499125957489014	-1.2297583155911884	1.5048021078109741	0.5569176559784597	0.0	0.0	0.0	0.0
17.20951557159424	1781696481.0	1781696481.1777892	6	12.0	14.0	32.0	34.0	NeuronSpectrum 17.06.2026 14:10:28	EEG	checkup_155_17.06.2026 14:10:28	500.0	499.6666666666667	True	0.5	40.0	4	True	50.0	30.0	251.31021118164062	-176.89994718310152	14.981304168701172	5.584242675945358	16.080244064331055	7.589983609034868	16.11243438720703	5.630973723543096	0.724940299987793	-1.7093240580167564	20.222084045410156	15.944273111956303	-2.123692035675049	-1.694067857700975	5.294612884521484	1.4015008726139921	0.0	0.0	0.0	0.0
17.20951747894287	1781696481.0	1781696481.177791	6	12.0	14.0	32.0	34.0	NeuronSpectrum 17.06.2026 14:10:28	EEG	checkup_155_17.06.2026 14:10:28	500.0	499.6666666666667	True	0.5	40.0	4	True	50.0	30.0	237.62637329101562	-182.24122234855216	8.311936378479004	4.025850861883673	10.092743873596191	6.134269679491689	8.484212875366211	3.9307399144595294	-4.17446756362915	-2.7955741406728545	18.619401931762695	14.607292073657518	-5.485795497894287	-2.502223407607134	7.992903232574463	2.238319889538339	0.0	0.0	0.0	0.0
17.209519386291504	1781696481.0	1781696481.177793	6	12.0	14.0	32.0	34.0	NeuronSpectrum 17.06.2026 14:10:28	EEG	checkup_155_17.06.2026 14:10:28	500.0	499.6666666666667	True	0.5	40.0	4	True	50.0	30.0	185.95188903808594	-186.20910633270424	-1.9247010946273804	2.3596943996185917	0.08291392028331757	4.512362475925362	-2.5371410846710205	2.224004264912535	-10.799093246459961	-4.0129235434710395	15.715039253234863	13.087252100484667	-9.343388557434082	-3.430915964452036	8.783960342407227	2.8637926881011366	0.0	0.0	0.0	0.0
17.209521532058716	1781696481.0	1781696481.1777952	6	12.0	14.0	32.0	34.0	NeuronSpectrum 17.06.2026 14:10:28	EEG	checkup_155_17.06.2026 14:10:28	500.0	499.6666666666667	True	0.5	40.0	4	True	50.0	30.0	99.44683837890625	-187.90651711053326	-11.427961349487305	0.8873756504864182	-10.098139762878418	3.0211909777548085	-11.669086456298828	0.8022252671530082	-15.837725639343262	-5.11391916285657	11.164170265197754	11.663629100640845	-11.542133331298828	-4.25739300452048	7.694265842437744	3.164361328073606	0.0	0.0	0.0	0.0
17.260496377944946	1781696481.0	1781696481.22877	6	12.0	14.0	32.0	34.0	NeuronSpectrum 17.06.2026 14:10:28	EEG	checkup_155_17.06.2026 14:10:28	500.0	499.6666666666667	True	0.5	40.0	4	True	50.0	30.0	223.73590087890625	-186.90270269413284	3.517336130142212	-0.15425510202937917	4.427161693572998	1.901238551949064	3.814833164215088	-0.12560100011846015	-7.988907814025879	-5.893298265817968	12.210926055908203	10.563178625260855	-8.83996868133545	-4.804371686722527	4.3072638511657715	3.137374562077194	0.0	0.0	0.0	0.0
17.26050305366516	1781696481.0	1781696481.2287767	6	12.0	14.0	32.0	34.0	NeuronSpectrum 17.06.2026 14:10:28	EEG	checkup_155_17.06.2026 14:10:28	500.0	499.6666666666667	True	0.5	40.0	4	True	50.0	30.0	222.01478576660156	-183.34774581709897	4.256959915161133	-0.628823584902834	4.905229091644287	1.2982831915188768	4.576181411743164	-0.4661919664855311	-7.464550971984863	-6.220058471103198	12.125041961669922	9.920073360310345	-8.079755783081055	-4.968903940905519	0.9822291731834412	2.8732682888196295	0.0	0.0	0.0	0.0
17.26050591468811	1781696481.0	1781696481.2287796	6	12.0	14.0	32.0	34.0	NeuronSpectrum 17.06.2026 14:10:28	EEG	checkup_155_17.06.2026 14:10:28	500.0	499.6666666666667	True	0.5	40.0	4	True	50.0	30.0	220.97207641601562	-177.90254894646796	5.318394660949707	-0.5037851637704867	5.726042747497559	1.2563495360624712	5.738350868225098	-0.2399505320985934	-6.526397228240967	-6.0462246435410725	12.785370826721191	9.7630514005355	-6.892431259155273	-4.730426741026178	-0.8217859268188477	2.5094062110211675	0.0	0.0	0.0	0.0
17.260507583618164	1781696481.0	1781696481.2287812	6	12.0	14.0	32.0	34.0	NeuronSpectrum 17.06.2026 14:10:28	EEG	checkup_155_17.06.2026 14:10:28	500.0	499.6666666666667	True	0.5	40.0	4	True	50.0	30.0	220.86367797851562	-171.5304046497605	6.150880813598633	0.17038523914405868	6.326608657836914	1.735219805722572	6.739404201507568	0.4478168242241124	-5.562697887420654	-5.396614434721443	13.711355209350586	10.02946931246116	-5.71327543258667	-4.140081101755373	-0.4275759160518646	2.175471878681817	0.0	0.0	0.0	0.0
17.260509967803955	1781696481.0	1781696481.2287836	6	12.0	14.0	32.0	34.0	NeuronSpectrum 17.06.2026 14:10:28	EEG	checkup_155_17.06.2026 14:10:28	500.0	499.6666666666667	True	0.5	40.0	4	True	50.0	30.0	220.28955078125	-165.25100700505814	6.723734378814697	1.2902278520786623	6.687038898468018	2.638625815418199	7.573050022125244	1.446750813858412	-4.553104877471924	-4.34858663641866	14.423002243041992	10.59740001627392	-4.570836544036865	-3.2977326207185476	1.7535550594329834	1.9512932006930794	0.0	0.0	0.0	0.0
17.260512590408325	1781696481.0	1781696481.2287862	6	12.0	14.0	32.0	34.0	NeuronSpectrum 17.06.2026 14:10:28	EEG	checkup_155_17.06.2026 14:10:28	500.0	499.6666666666667	True	0.5	40.0	4	True	50.0	30.0	217.1024932861328	-159.9456123383572	7.366871356964111	2.7265355818025174	7.1815714836120605	3.841370011207243	8.495287895202637	2.598941218191387	-3.253413438796997	-3.0097605494882416	14.63733196258545	11.32266656778632	-3.2574081420898438	-2.3242681224076662	4.4443864822387695	1.850486412296305	0.0	0.0	0.0	0.0
17.260514736175537	1781696481.0	1781696481.2287884	6	12.0	14.0	32.0	34.0	NeuronSpectrum 17.06.2026 14:10:28	EEG	checkup_155_17.06.2026 14:10:28	500.0	499.6666666666667	True	0.5	40.0	4	True	50.0	30.0	210.88583374023438	-156.25217286070878	8.283590316772461	4.343647443632091	8.053337097167969	5.209851351303052	9.425683975219727	3.7665807942496206	-1.6498881578445435	-1.4984352044798714	14.444358825683594	12.069061164512096	-1.793355107307434	-1.3359830753128263	6.191634654998779	1.8312202213931317	0.0	0.0	0.0	0.0
17.26051664352417	1781696481.0	1781696481.2287903	6	12.0	14.0	32.0	34.0	NeuronSpectrum 17.06.2026 14:10:28	EEG	checkup_155_17.06.2026 14:10:28	500.0	499.6666666666667	True	0.5	40.0	4	True	50.0	30.0	204.97149658203125	-154.539169988617	9.235137939453125	6.010858840846334	9.042372703552246	6.61533516446447	9.713595390319824	4.846743264841049	-0.20959214866161346	0.07094420562992283	14.374839782714844	12.72552190133256	-0.698993444442749	-0.426574963378869	6.116940498352051	1.8244553975581372	0.0	0.0	0.0	0.0
17.260518789291382	1781696481.0	1781696481.2287924	6	12.0	14.0	32.0	34.0	NeuronSpectrum 17.06.2026 14:10:28	EEG	checkup_155_17.06.2026 14:10:28	500.0	499.6666666666667	True	0.5	40.0	4	True	50.0	30.0	205.36634826660156	-154.91712669474484	9.73304557800293	7.607907487405066	9.547743797302246	7.941110301887257	8.639257431030273	5.772539303884416	0.38205084204673767	1.5958491186585122	15.130021095275879	13.210724142796296	-0.7460758090019226	0.33936717694123564	4.370054721832275	1.7649035989773294	0.0	0.0	0.0	0.0
17.260520696640015	1781696481.0	1781696481.2287943	6	12.0	14.0	32.0	34.0	NeuronSpectrum 17.06.2026 14:10:28	EEG	checkup_155_17.06.2026 14:10:28	500.0	499.6666666666667	True	0.5	40.0	4	True	50.0	30.0	215.9303436279297	-157.24554134650322	9.623918533325195	9.026393163179891	9.246587753295898	9.084664166246048	6.3468451499938965	6.501903700395501	-0.12463042140007019	2.9865606546776493	16.952234268188477	13.470140614919398	-2.2703778743743896	0.9201438116114957	1.9746925830841064	1.6121387674272796	0.0	0.0	0.0	0.0
17.260522603988647	1781696481.0	1781696481.2287962	6	12.0	14.0	32.0	34.0	NeuronSpectrum 17.06.2026 14:10:28	EEG	checkup_155_17.06.2026 14:10:28	500.0	499.6666666666667	True	0.5	40.0	4	True	50.0	30.0	232.66282653808594	-161.1194580117514	9.511940002441406	10.168862150255253	8.614885330200195	9.956161800574698	4.306891918182373	6.998577840462925	-1.0445209741592407	4.161070714726874	19.013975143432617	13.471218188774174	-4.583054542541504	1.2809599288718811	0.22196649014949799	1.3565980823178116	0.0	0.0	0.0	0.0
17.26052451133728	1781696481.0	1781696481.2287982	6	12.0	14.0	32.0	34.0	NeuronSpectrum 17.06.2026 14:10:28	EEG	checkup_155_17.06.2026 14:10:28	500.0	499.6666666666667	True	0.5	40.0	4	True	50.0	30.0	242.0525665283203	-165.86025807229183	10.4807767868042	10.948026108181441	8.775984764099121	10.475773540169257	4.585456848144531	7.213845230433966	-0.9677233695983887	5.038159328713402	19.45804214477539	13.199509963943171	-6.058654308319092	1.375977975692433	-0.10772533714771271	1.0132346330641337	0.0	0.0	0.0	0.0
17.260526418685913	1781696481.0	1781696481.2288	6	12.0	14.0	32.0	34.0	NeuronSpectrum 17.06.2026 14:10:28	EEG	checkup_155_17.06.2026 14:10:28	500.0	499.6666666666667	True	0.5	40.0	4	True	50.0	30.0	226.5771026611328	-170.56303872093886	13.10940933227539	11.289377885415844	10.588001251220703	10.57386068314266	8.139215469360352	7.079416677831225	1.2556406259536743	5.5350869691067075	16.393054962158203	12.655309887445682	-5.049056053161621	1.1391200780021506	0.8373626470565796	0.6102142516962417	0.0	0.0	0.0	0.0
17.260528326034546	1781696481.0	1781696481.228802	6	12.0	14.0	32.0	34.0	NeuronSpectrum 17.06.2026 14:10:28	EEG	checkup_155_17.06.2026 14:10:28	500.0	499.6666666666667	True	0.5	40.0	4	True	50.0	30.0	175.24459838867188	-174.24130658144918	16.453685760498047	11.139674554337772	13.572218894958496	10.197752598046774	13.341753005981445	6.518656415627902	5.365088939666748	5.5754499540629965	9.382046699523926	11.849821246407782	-1.1035752296447754	0.49237380565751104	2.1539604663848877	0.17958455621569921	0.0	0.0	0.0	0.0
17.26053023338318	1781696481.0	1781696481.2288039	6	12.0	14.0	32.0	34.0	NeuronSpectrum 17.06.2026 14:10:28	EEG	checkup_155_17.06.2026 14:10:28	500.0	499.6666666666667	True	0.5	40.0	4	True	50.0	30.0	92.39130401611328	-176.05364114471018	17.915321350097656	10.48069282648854	15.579760551452637	9.32572266979082	16.101287841796875	5.475054590933522	9.288666725158691	5.107835139430301	0.32730019092559814	10.802743695904223	4.375265598297119	-0.6272926181651793	2.8166587352752686	-0.2473506058017984	0.0	0.0	0.0	0.0
17.260531902313232	1781696481.0	1781696481.2288055	6	12.0	14.0	32.0	34.0	NeuronSpectrum 17.06.2026 14:10:28	EEG	checkup_155_17.06.2026 14:10:28	500.0	499.6666666666667	True	0.5	40.0	4	True	50.0	30.0	204.20750427246094	-175.53010687558998	15.622926712036133	9.34366883194114	13.292362213134766	7.983951492913783	11.814803123474121	3.947394170815726	5.613853931427002	4.129159253347627	19.41331672668457	9.545632940824461	-0.7700030207633972	-2.2315439460512896	2.053368091583252	-0.6418306949507061	0.0	0.0	0.0	0.0
17.260533809661865	1781696481.0	1781696481.2288074	6	12.0	14.0	32.0	34.0	NeuronSpectrum 17.06.2026 14:10:28	EEG	checkup_155_17.06.2026 14:10:28	500.0	499.6666666666667	True	0.5	40.0	4	True	50.0	30.0	203.8192138671875	-172.69522438643895	13.29732608795166	7.817459050151006	11.004668235778809	6.258652923166081	8.979308128356934	2.0159650759020034	3.809786796569824	2.702193984774812	17.092782974243164	8.132307543903643	-2.936666965484619	-4.250853008825926	-0.026105821132659912	-0.9803992936442225	0.0	0.0	0.0	0.0
17.26053547859192	1781696481.0	1781696481.228809	6	12.0	14.0	32.0	34.0	NeuronSpectrum 17.06.2026 14:10:28	EEG	checkup_155_17.06.2026 14:10:28	500.0	499.6666666666667	True	0.5	40.0	4	True	50.0	30.0	205.64231872558594	-168.03532012862425	9.587372779846191	6.044356135881284	7.226119518280029	4.295537937243822	4.099717617034912	-0.15355774513688988	0.3940851092338562	0.9577252212895804	13.084046363830566	6.649341903781799	-6.97981071472168	-6.526280620794388	-2.0592095851898193	-1.2505776247439075	0.0	0.0	0.0	0.0
17.26053762435913	1781696481.0	1781696481.2288113	6	12.0	14.0	32.0	34.0	NeuronSpectrum 17.06.2026 14:10:28	EEG	checkup_155_17.06.2026 14:10:28	500.0	499.6666666666667	True	0.5	40.0	4	True	50.0	30.0	208.92205810546875	-162.3411648598695	5.575140476226807	4.201248356137516	2.981374979019165	2.282553707281526	-1.3691799640655518	-2.3338377969346626	-3.6089375019073486	-0.9225891817750423	8.58316421508789	5.2144499601686345	-11.777688026428223	-8.829604428632825	-2.8614840507507324	-1.4574290176892877	0.0	0.0	0.0	0.0
17.260540008544922	1781696481.0	1781696481.2288136	6	12.0	14.0	32.0	34.0	NeuronSpectrum 17.06.2026 14:10:28	EEG	checkup_155_17.06.2026 14:10:28	500.0	499.6666666666667	True	0.5	40.0	4	True	50.0	30.0	211.21340942382812	-156.50650958496536	2.1827471256256104	2.4687400646097557	-0.7377834320068359	0.41762564554578097	-5.94957971572876	-4.282494265018475	-7.151569843292236	-2.739489289557649	4.910831451416016	3.9555805174838907	-15.956172943115234	-10.907613098061605	-2.096559762954712	-1.6260139532122497	0.0	0.0	0.0	0.0
17.260541915893555	1781696481.0	1781696481.2288156	6	12.0	14.0	32.0	34.0	NeuronSpectrum 17.06.2026 14:10:28	EEG	checkup_155_17.06.2026 14:10:28	500.0	499.6666666666667	True	0.5	40.0	4	True	50.0	30.0	209.50439453125	-151.35596374680196	-0.1364460438489914	0.995351308738275	-3.3316898345947266	-1.1311799140942556	-8.65776252746582	-5.798589725744698	-9.571903228759766	-4.316607001713297	2.8872780799865723	2.975986529194628	-18.467803955078125	-12.537603414994805	-0.48232096433639526	-1.7952514391649181	0.0	0.0	0.0	0.0
17.260543823242188	1781696481.0	1781696481.2288175	6	12.0	14.0	32.0	34.0	NeuronSpectrum 17.06.2026 14:10:28	EEG	checkup_155_17.06.2026 14:10:28	500.0	499.6666666666667	True	0.5	40.0	4	True	50.0	30.0	202.8383026123047	-147.5366495625799	-1.207795262336731	-0.13317639990222127	-4.513830661773682	-2.2618073931436538	-9.04616641998291	-6.771531052651205	-10.606026649475098	-5.53638850018844	2.542886257171631	2.3206380522647847	-18.904211044311523	-13.577163544608315	0.7615498304367065	-2.0028126211930775	0.0	0.0	0.0	0.0
17.26054573059082	1781696481.0	1781696481.2288194	6	12.0	14.0	32.0	34.0	NeuronSpectrum 17.06.2026 14:10:28	EEG	checkup_155_17.06.2026 14:10:28	500.0	499.6666666666667	True	0.5	40.0	4	True	50.0	30.0	194.4942626953125	-145.46901037087093	-0.7955482006072998	-0.9091271529394821	-4.055653095245361	-2.9587508592204967	-7.040331840515137	-7.20578938970784	-10.179582595825195	-6.360208990204149	3.277035713195801	1.9603869998910788	-17.495920181274414	-13.993016379800073	0.7597305178642273	-2.2659686304781257	0.0	0.0	0.0	0.0
17.260547876358032	1781696481.0	1781696481.2288215	6	12.0	14.0	32.0	34.0	NeuronSpectrum 17.06.2026 14:10:28	EEG	checkup_155_17.06.2026 14:10:28	500.0	499.6666666666667	True	0.5	40.0	4	True	50.0	30.0	191.09246826171875	-145.32927043673826	1.306284785270691	-1.3953430539283456	-1.8554264307022095	-3.289372237524424	-3.049525260925293	-7.21141570949908	-8.391261100769043	-6.825528702794971	4.284048080444336	1.8027056748241828	-14.966794967651367	-13.860313844848383	-0.4702067971229553	-2.5665146620681494	0.0	0.0	0.0	0.0
17.260550022125244	1781696481.0	1781696481.2288237	6	12.0	14.0	32.0	34.0	NeuronSpectrum 17.06.2026 14:10:28	EEG	checkup_155_17.06.2026 14:10:28	500.0	499.6666666666667	True	0.5	40.0	4	True	50.0	30.0	197.8213653564453	-147.03514819539322	4.67808723449707	-1.6943099887214508	1.5857219696044922	-3.374484061250286	1.6555941104888916	-6.961301211977875	-5.770591735839844	-7.019806284425944	5.010866165161133	1.7265136069671865	-12.316205024719238	-13.333065700490188	-2.1433680057525635	-2.8470060970450315	0.0	0.0	0.0	0.0
17.260551929473877	1781696481.0	1781696481.2288256	6	12.0	14.0	32.0	34.0	NeuronSpectrum 17.06.2026 14:10:28	EEG	checkup_155_17.06.2026 14:10:28	500.0	499.6666666666667	True	0.5	40.0	4	True	50.0	30.0	212.4671173095703	-150.2268642567977	7.752048969268799	-1.9017452137844577	4.751326560974121	-3.3408687984079704	4.858151912689209	-6.628223615023213	-3.490436553955078	-7.038772173895689	5.387536525726318	1.6290319927099328	-10.531476020812988	-12.595191474894875	-3.3053948879241943	-3.021059301508231	0.0	0.0	0.0	0.0
17.26055383682251	1781696481.0	1781696481.2288275	6	12.0	14.0	32.0	34.0	NeuronSpectrum 17.06.2026 14:10:28	EEG	checkup_155_17.06.2026 14:10:28	500.0	499.6666666666667	True	0.5	40.0	4	True	50.0	30.0	223.13693237304688	-154.26646004463854	8.1761474609375	-2.0603646905582953	5.450296401977539	-3.271415028413743	4.228668689727783	-6.323254000323686	-3.0488173961639404	-6.942931054190375	5.692290306091309	1.4683109211950576	-10.213380813598633	-11.80707585911683	-3.4163756370544434	-2.994863105633572	0.0	0.0	0.0	0.0
17.260555505752563	1781696481.0	1781696481.2288291	6	12.0	14.0	32.0	34.0	NeuronSpectrum 17.06.2026 14:10:28	EEG	checkup_155_17.06.2026 14:10:28	500.0	499.6666666666667	True	0.5	40.0	4	True	50.0	30.0	212.96371459960938	-158.2983817750385	4.264132022857666	-2.1321002963421556	2.093621253967285	-3.1713262547495744	-1.0554221868515015	-6.057648759061881	-5.324406147003174	-6.7279650826620525	6.125170707702637	1.2868392246395093	-11.207599639892578	-11.062856313840905	-2.560577392578125	-2.6930986849168033	0.0	0.0	0.0	0.0
17.260557651519775	1781696481.0	1781696481.2288313	6	12.0	14.0	32.0	34.0	NeuronSpectrum 17.06.2026 14:10:28	EEG	checkup_155_17.06.2026 14:10:28	500.0	499.6666666666667	True	0.5	40.0	4	True	50.0	30.0	170.10546875	-161.40078366793168	-3.3334946632385254	-2.001445079038079	-4.822017192840576	-2.9636379927741885	-8.970273971557617	-5.741281869266116	-9.58347225189209	-6.320357994944957	6.350279808044434	1.208017589925657	-12.482876777648926	-10.369220213506445	-1.23859441280365	-2.081630431542078	0.0	0.0	0.0	0.0
17.26055932044983	1781696481.0	1781696481.228833	6	12.0	14.0	32.0	34.0	NeuronSpectrum 17.06.2026 14:10:28	EEG	checkup_155_17.06.2026 14:10:28	500.0	499.6666666666667	True	0.5	40.0	4	True	50.0	30.0	96.64421081542969	-162.80616369476502	-11.147229194641113	-1.5098313497264377	-12.243188858032227	-2.5151660477747844	-14.90379524230957	-5.215309851069611	-13.3230619430542	-5.600052216025286	5.368598461151123	1.4058686035550372	-12.464561462402344	-9.649219796564918	-0.0026763365603983402	-1.1811673177129758	0.0	0.0	0.0	0.0
17.311036586761475	1781696481.0	1781696481.2793102	6	12.0	14.0	32.0	34.0	NeuronSpectrum 17.06.2026 14:10:28	EEG	checkup_155_17.06.2026 14:10:28	500.0	499.6666666666667	True	0.5	40.0	4	True	50.0	30.0	199.8542022705078	-162.1117631740113	1.079004168510437	-0.5072223314248416	-1.0195448398590088	-1.6809440376418363	-2.393566370010376	-4.303001459973439	-8.198874473571777	-4.441373041198914	1.1004643440246582	2.0568641560414775	-12.58678913116455	-8.767329250214493	-1.382401943206787	-0.06897809313547022	0.0	0.0	0.0	0.0
17.31104278564453	1781696481.0	1781696481.2793164	6	12.0	14.0	32.0	34.0	NeuronSpectrum 17.06.2026 14:10:28	EEG	checkup_155_17.06.2026 14:10:28	500.0	499.6666666666667	True	0.5	40.0	4	True	50.0	30.0	196.7709503173828	-159.38498376933885	2.385866641998291	1.0993752325698931	0.29323822259902954	-0.3489062494469146	-0.217284694314003	-2.8583990418344296	-7.0844197273254395	-2.7570042191918023	2.2272143363952637	3.2889538576860846	-11.088350296020508	-7.566995686910169	1.1456942558288574	1.1317031013782888	0.0	0.0	0.0	0.0
17.311045169830322	1781696481.0	1781696481.2793188	6	12.0	14.0	32.0	34.0	NeuronSpectrum 17.06.2026 14:10:28	EEG	checkup_155_17.06.2026 14:10:28	500.0	499.6666666666667	True	0.5	40.0	4	True	50.0	30.0	194.6323699951172	-155.1192312126629	5.80132532119751	3.316561405958225	3.3199427127838135	1.5297602544671238	3.295875310897827	-0.7990800069360362	-3.619980812072754	-0.5302097845854234	5.768152713775635	5.144309857719514	-8.135111808776855	-5.910288977925654	3.9233896732330322	2.2728151941875963	0.0	0.0	0.0	0.0
17.311047554016113	1781696481.0	1781696481.2793212	6	12.0	14.0	32.0	34.0	NeuronSpectrum 17.06.2026 14:10:28	EEG	checkup_155_17.06.2026 14:10:28	500.0	499.6666666666667	True	0.5	40.0	4	True	50.0	30.0	193.9741668701172	-150.07357598058437	10.53549575805664	6.060099562965017	7.3044304847717285	3.929882504789862	7.276355743408203	1.8799076613549144	1.456741213798523	2.173711874200706	10.728764533996582	7.567241022903335	-4.385088920593262	-3.710679718709117	5.880143642425537	3.209004161325527	0.0	0.0	0.0	0.0
17.311049699783325	1781696481.0	1781696481.2793233	6	12.0	14.0	32.0	34.0	NeuronSpectrum 17.06.2026 14:10:28	EEG	checkup_155_17.06.2026 14:10:28	500.0	499.6666666666667	True	0.5	40.0	4	True	50.0	30.0	193.56971740722656	-145.07524173162926	15.264791488647461	9.172015030453467	11.183107376098633	6.758639132669641	10.93048095703125	5.106850914121349	6.706470966339111	5.218157960052133	15.349014282226562	10.418519164008888	-0.6603254079818726	-0.9533821766196178	6.263208866119385	3.8249985739581325	0.0	0.0	0.0	0.0
17.311052083969116	1781696481.0	1781696481.2793257	6	12.0	14.0	32.0	34.0	NeuronSpectrum 17.06.2026 14:10:28	EEG	checkup_155_17.06.2026 14:10:28	500.0	499.6666666666667	True	0.5	40.0	4	True	50.0	30.0	191.2624053955078	-140.85602845667094	18.821149826049805	12.451234669084933	14.164023399353027	9.873107370799653	13.875457763671875	8.743800921164548	10.769925117492676	8.422856935964194	18.163759231567383	13.507046436626833	2.541130542755127	2.298443670660509	5.137649059295654	4.055534147671043	0.0	0.0	0.0	0.0
17.31105399131775	1781696481.0	1781696481.2793276	6	12.0	14.0	32.0	34.0	NeuronSpectrum 17.06.2026 14:10:28	EEG	checkup_155_17.06.2026 14:10:28	500.0	499.6666666666667	True	0.5	40.0	4	True	50.0	30.0	186.27203369140625	-137.95577230199703	20.73464584350586	15.688577830281087	16.082937240600586	13.103057365827024	16.171581268310547	12.603442114914172	13.043349266052246	11.598813317298521	19.05269432067871	16.625086075518947	5.277013778686523	5.91045215941033	3.3493595123291016	3.8929000100876725	0.0	0.0	0.0	0.0
17.31105613708496	1781696481.0	1781696481.2793298	6	12.0	14.0	32.0	34.0	NeuronSpectrum 17.06.2026 14:10:28	EEG	checkup_155_17.06.2026 14:10:28	500.0	499.6666666666667	True	0.5	40.0	4	True	50.0	30.0	181.11915588378906	-136.687541921091	21.363956451416016	18.69784446056904	17.372575759887695	16.274233870405524	18.146879196166992	16.470904930001065	13.87471866607666	14.58007230576549	19.500993728637695	19.57635470424074	8.011399269104004	9.69432657307455	1.9552558660507202	3.3819532267692325	0.0	0.0	0.0	0.0
17.311058282852173	1781696481.0	1781696481.279332	6	12.0	14.0	32.0	34.0	NeuronSpectrum 17.06.2026 14:10:28	EEG	checkup_155_17.06.2026 14:10:28	500.0	499.6666666666667	True	0.5	40.0	4	True	50.0	30.0	180.8228302001953	-137.13609122488876	21.63564682006836	21.337404266724217	18.74960708618164	19.228982258399007	20.249849319458008	20.129316694960735	14.248916625976562	17.244557598149505	21.6578369140625	22.194199847479673	11.22258186340332	13.432643524766076	1.574649453163147	2.607021355585207	0.0	0.0	0.0	0.0
17.311060428619385	1781696481.0	1781696481.279334	6	12.0	14.0	32.0	34.0	NeuronSpectrum 17.06.2026 14:10:28	EEG	checkup_155_17.06.2026 14:10:28	500.0	499.6666666666667	True	0.5	40.0	4	True	50.0	30.0	188.80133056640625	-139.15926349043968	22.5895938873291	23.52033959363109	20.841480255126953	21.842512273258126	22.99506378173828	23.38692054130382	15.224008560180664	19.52122647115318	26.610107421875	24.353866566037794	15.044445991516113	16.90823465938378	2.0571305751800537	1.6768728084227864	0.0	0.0	0.0	0.0
17.311062574386597	1781696481.0	1781696481.2793362	6	12.0	14.0	32.0	34.0	NeuronSpectrum 17.06.2026 14:10:28	EEG	checkup_155_17.06.2026 14:10:28	500.0	499.6666666666667	True	0.5	40.0	4	True	50.0	30.0	201.94659423828125	-142.38134737802505	24.906312942504883	25.214379546096062	23.900711059570312	24.033752498427898	26.817203521728516	26.101947850719117	17.421688079833984	21.38556079640171	33.02373123168945	25.983565909669256	19.148658752441406	19.93381958922498	2.6675617694854736	0.7120588868305429	0.0	0.0	0.0	0.0
17.31106424331665	1781696481.0	1781696481.279338	6	12.0	14.0	32.0	34.0	NeuronSpectrum 17.06.2026 14:10:28	EEG	checkup_155_17.06.2026 14:10:28	500.0	499.6666666666667	True	0.5	40.0	4	True	50.0	30.0	209.13406372070312	-146.19751450757877	28.485477447509766	26.43430414921455	27.60280990600586	25.76951704121609	31.609834671020508	28.19989411470415	20.71515655517578	22.847895483236677	37.324546813964844	27.07351449660183	22.866254806518555	22.376259750316752	2.6186461448669434	-0.16511992560416724	0.0	0.0	0.0	0.0
17.311066150665283	1781696481.0	1781696481.2793398	6	12.0	14.0	32.0	34.0	NeuronSpectrum 17.06.2026 14:10:28	EEG	checkup_155_17.06.2026 14:10:28	500.0	499.6666666666667	True	0.5	40.0	4	True	50.0	30.0	195.80499267578125	-149.8286845478745	32.152587890625	27.229056246303173	30.90248680114746	27.060278691144255	36.102195739746094	29.677419296720917	24.130685806274414	23.938792250584633	35.65534210205078	27.675551904626662	25.38789939880371	24.169315834631558	1.5860282182693481	-0.8412067563401074	0.0	0.0	0.0	0.0
17.311067819595337	1781696481.0	1781696481.2793415	6	12.0	14.0	32.0	34.0	NeuronSpectrum 17.06.2026 14:10:28	EEG	checkup_155_17.06.2026 14:10:28	500.0	499.6666666666667	True	0.5	40.0	4	True	50.0	30.0	152.81312561035156	-152.45506774077697	33.73899841308594	27.664728431026834	32.1010627746582	27.946478588069073	37.68308639526367	30.588948946535073	26.02459144592285	24.693892872115175	26.555530548095703	27.885516792682974	25.955415725708008	25.31069770165237	-0.10637576133012772	-1.226347965981682	0.0	0.0	0.0	0.0
17.31106972694397	1781696481.0	1781696481.2793434	6	12.0	14.0	32.0	34.0	NeuronSpectrum 17.06.2026 14:10:28	EEG	checkup_155_17.06.2026 14:10:28	500.0	499.6666666666667	True	0.5	40.0	4	True	50.0	30.0	83.78814697265625	-153.41044167073343	30.726213455200195	27.804761696311303	29.278244018554688	28.476992044292256	33.19489669799805	31.017074899591567	24.57088851928711	25.139569223975275	12.486981391906738	27.809260987405555	24.00164031982422	25.843918180170846	-1.7025787830352783	-1.2736547438870114	0.0	0.0	0.0	0.0
17.311071157455444	1781696481.0	1781696481.2793448	6	12.0	14.0	32.0	34.0	NeuronSpectrum 17.06.2026 14:10:28	EEG	checkup_155_17.06.2026 14:10:28	500.0	499.6666666666667	True	0.5	40.0	4	True	50.0	30.0	179.3939971923828	-152.36585790355477	29.487712860107422	27.69094719093267	28.791242599487305	28.685668434865615	29.62628173828125	31.03534342623026	22.724567413330078	25.28154426289302	31.84627342224121	27.525515683767257	21.906816482543945	25.831681119023873	-5.327696800231934	-0.9983916361528037	0.0	0.0	0.0	0.0
17.311073064804077	1781696481.0	1781696481.2793467	6	12.0	14.0	32.0	34.0	NeuronSpectrum 17.06.2026 14:10:28	EEG	checkup_155_17.06.2026 14:10:28	500.0	499.6666666666667	True	0.5	40.0	4	True	50.0	30.0	179.5747833251953	-149.4176170654409	28.263864517211914	27.33162724904367	28.172937393188477	28.575291711102864	29.380250930786133	30.678444669913052	22.136306762695312	25.100620615284804	30.715120315551758	27.06389711042355	21.76071548461914	25.33221453842207	-3.908921003341675	-0.4879726273070913	0.0	0.0	0.0	0.0
17.31107473373413	1781696481.0	1781696481.2793484	6	12.0	14.0	32.0	34.0	NeuronSpectrum 17.06.2026 14:10:28	EEG	checkup_155_17.06.2026 14:10:28	500.0	499.6666666666667	True	0.5	40.0	4	True	50.0	30.0	181.67076110839844	-145.04052075192263	27.966712951660156	26.703636974999817	28.518247604370117	28.11759871919244	30.83218765258789	29.93493003322147	22.445892333984375	24.559994485247277	30.48598289489746	26.408434307883873	22.976505279541016	24.389714845588088	-0.6464442014694214	0.10637645223633263	0.0	0.0	0.0	0.0
17.311076641082764	1781696481.0	1781696481.2793503	6	12.0	14.0	32.0	34.0	NeuronSpectrum 17.06.2026 14:10:28	EEG	checkup_155_17.06.2026 14:10:28	500.0	499.6666666666667	True	0.5	40.0	4	True	50.0	30.0	184.5347900390625	-139.93877287922953	28.487319946289062	25.77000486297564	29.48342514038086	27.27185930555405	32.96156311035156	28.768606568541	23.272817611694336	23.62513365520066	30.775711059570312	25.522435195993037	24.579265594482422	23.043568449391373	2.857119083404541	0.5998925412053022	0.0	0.0	0.0	0.0
17.31107807159424	1781696481.0	1781696481.2793517	6	12.0	14.0	32.0	34.0	NeuronSpectrum 17.06.2026 14:10:28	EEG	checkup_155_17.06.2026 14:10:28	500.0	499.6666666666667	True	0.5	40.0	4	True	50.0	30.0	185.8616485595703	-134.8678258929054	28.711013793945312	24.50775832398134	29.815420150756836	26.015386407005188	33.69188690185547	27.160071610339983	23.410783767700195	22.29064117101732	30.567283630371094	24.380581670815413	24.888694763183594	21.35076263362411	4.928503036499023	0.820656294621954	0.0	0.0	0.0	0.0
17.31108021736145	1781696481.0	1781696481.2793539	6	12.0	14.0	32.0	34.0	NeuronSpectrum 17.06.2026 14:10:28	EEG	checkup_155_17.06.2026 14:10:28	500.0	499.6666666666667	True	0.5	40.0	4	True	50.0	30.0	183.32688903808594	-130.49158199497094	27.240325927734375	22.93374794424026	28.12596321105957	24.372161587281468	31.20390510559082	25.147790480831958	21.629365921020508	20.6027556791733	28.839265823364258	22.993452439824104	22.58286476135254	19.4074306886408	4.742823123931885	0.6577246191080598	0.0	0.0	0.0	0.0
17.311082124710083	1781696481.0	1781696481.2793558	6	12.0	14.0	32.0	34.0	NeuronSpectrum 17.06.2026 14:10:28	EEG	checkup_155_17.06.2026 14:10:28	500.0	499.6666666666667	True	0.5	40.0	4	True	50.0	30.0	176.6441650390625	-127.30277501664936	23.621469497680664	21.1155911463078	24.076324462890625	22.425028183796158	25.476064682006836	22.846450715975926	17.737112045288086	18.66546989226885	25.29502296447754	21.41509650774626	17.758466720581055	17.354126771599795	2.631887912750244	0.09393574206229444	0.0	0.0	0.0	0.0
17.311083555221558	1781696481.0	1781696481.2793572	6	12.0	14.0	32.0	34.0	NeuronSpectrum 17.06.2026 14:10:28	EEG	checkup_155_17.06.2026 14:10:28	500.0	499.6666666666667	True	0.5	40.0	4	True	50.0	30.0	169.03909301757812	-125.59819541599559	19.100711822509766	19.161145822699062	19.04781723022461	20.303929892751114	18.834875106811523	20.43100987401681	13.067239761352539	16.624343844818274	20.69898223876953	19.73173292302405	12.184369087219238	15.356830320241027	-0.3362433910369873	-0.7889270168254344	0.0	0.0	0.0	0.0
17.31108522415161	1781696481.0	1781696481.2793589	6	12.0	14.0	32.0	34.0	NeuronSpectrum 17.06.2026 14:10:28	EEG	checkup_155_17.06.2026 14:10:28	500.0	499.6666666666667	True	0.5	40.0	4	True	50.0	30.0	166.22003173828125	-125.47959473125793	16.03824806213379	17.19064450794423	15.50450325012207	18.15439267635253	14.721854209899902	18.092541667558816	9.796412467956543	14.632475405860019	16.54109764099121	18.036940163777917	8.371983528137207	13.568412862005294	-3.085824728012085	-1.8349834492554065	0.0	0.0	0.0	0.0
17.311087131500244	1781696481.0	1781696481.2793608	6	12.0	14.0	32.0	34.0	NeuronSpectrum 17.06.2026 14:10:28	EEG	checkup_155_17.06.2026 14:10:28	500.0	499.6666666666667	True	0.5	40.0	4	True	50.0	30.0	172.34002685546875	-126.85115766353834	16.10946273803711	15.30483398770004	15.209484100341797	16.10057563910166	15.208887100219727	15.986809188665587	9.380873680114746	12.812224917233767	14.209357261657715	16.403968012197357	7.933559417724609	12.086512717820233	-5.037100315093994	-2.860904074456483	0.0	0.0	0.0	0.0
17.362398862838745	1781696481.0	1781696481.3306725	6	12.0	14.0	32.0	34.0	NeuronSpectrum 17.06.2026 14:10:28	EEG	checkup_155_17.06.2026 14:10:28	500.0	499.6666666666667	True	0.5	40.0	4	True	50.0	30.0	185.17642211914062	-129.40444266583302	18.575435638427734	13.564434779267371	17.531110763549805	14.219728507670958	19.03584861755371	14.199769211462623	11.224760055541992	11.228774291472803	14.1844482421875	14.866982720888915	10.345793724060059	10.92703933487147	-6.101716995239258	-3.7091227512107454	0.0	0.0	0.0	0.0
17.362410306930542	1781696481.0	1781696481.330684	6	12.0	14.0	32.0	34.0	NeuronSpectrum 17.06.2026 14:10:28	EEG	checkup_155_17.06.2026 14:10:28	500.0	499.6666666666667	True	0.5	40.0	4	True	50.0	30.0	194.45184326171875	-132.61129851010477	20.19908905029297	11.989396548442897	19.333255767822266	12.53806846848256	21.95993995666504	12.74399961870912	12.751604080200195	9.885740209473157	15.730034828186035	13.419193136279507	13.099032402038574	10.025800874717193	-6.362686634063721	-4.291027398690457	0.0	0.0	0.0	0.0
17.362414121627808	1781696481.0	1781696481.3306878	6	12.0	14.0	32.0	34.0	NeuronSpectrum 17.06.2026 14:10:28	EEG	checkup_155_17.06.2026 14:10:28	500.0	499.6666666666667	True	0.5	40.0	4	True	50.0	30.0	185.90676879882812	-135.76477298171747	17.304027557373047	10.575076320071544	16.923221588134766	11.046201529745233	19.609233856201172	11.582843803428599	11.104033470153809	8.742313933677325	17.214147567749023	12.028273721271264	13.2973051071167	9.267747346456321	-5.833105564117432	-4.607555747517192	0.0	0.0	0.0	0.0
17.362417221069336	1781696481.0	1781696481.3306909	6	12.0	14.0	32.0	34.0	NeuronSpectrum 17.06.2026 14:10:28	EEG	checkup_155_17.06.2026 14:10:28	500.0	499.6666666666667	True	0.5	40.0	4	True	50.0	30.0	149.6734619140625	-138.09754336506336	8.742947578430176	9.314204306044083	8.913034439086914	9.723015982232504	11.019914627075195	10.665783557278582	5.404667854309082	7.742259892512847	16.821212768554688	10.661744633179332	9.694930076599121	8.531336737359638	-4.5173845291137695	-4.742087606517623	0.0	0.0	0.0	0.0
17.362420320510864	1781696481.0	1781696481.330694	6	12.0	14.0	32.0	34.0	NeuronSpectrum 17.06.2026 14:10:28	EEG	checkup_155_17.06.2026 14:10:28	500.0	499.6666666666667	True	0.5	40.0	4	True	50.0	30.0	87.6595687866211	-138.96348927320474	-2.4986374378204346	8.213448550669312	-2.1476004123687744	8.555972881823937	0.11872822791337967	9.956766468342261	-2.1457455158233643	6.842433858516295	13.243220329284668	9.310755280509746	3.709176778793335	7.7306598947885155	-2.6355371475219727	-4.828963118665125	0.0	0.0	0.0	0.0
17.36242437362671	1781696481.0	1781696481.330698	6	12.0	14.0	32.0	34.0	NeuronSpectrum 17.06.2026 14:10:28	EEG	checkup_155_17.06.2026 14:10:28	500.0	499.6666666666667	True	0.5	40.0	4	True	50.0	30.0	173.241455078125	-138.01660065547	16.349821090698242	7.299538382691465	15.156346321105957	7.551430003458421	17.22209930419922	9.445403755144095	10.407391548156738	6.031760966513695	14.11536979675293	8.001885407012637	11.65511417388916	6.841132655038933	-2.3747339248657227	-5.007981916255511	0.0	0.0	0.0	0.0
17.3624267578125	1781696481.0	1781696481.3307004	6	12.0	14.0	32.0	34.0	NeuronSpectrum 17.06.2026 14:10:28	EEG	checkup_155_17.06.2026 14:10:28	500.0	499.6666666666667	True	0.5	40.0	4	True	50.0	30.0	170.9810333251953	-135.30593859954803	12.396459579467773	6.6151371340120955	10.944061279296875	6.734246046840061	12.649482727050781	9.140652256892048	6.861922264099121	5.336164270016747	9.746166229248047	6.792019872578127	6.987171173095703	5.901918326209728	-3.1566240787506104	-5.378884298546654	0.0	0.0	0.0	0.0
17.36242914199829	1781696481.0	1781696481.3307028	6	12.0	14.0	32.0	34.0	NeuronSpectrum 17.06.2026 14:10:28	EEG	checkup_155_17.06.2026 14:10:28	500.0	499.6666666666667	True	0.5	40.0	4	True	50.0	30.0	169.84603881835938	-131.24580882673422	8.539027214050293	6.205265825408848	6.99582052230835	6.1373813842078295	9.261049270629883	9.05174049387841	3.299018383026123	4.80785438977769	5.845364093780518	5.748234531001325	2.841726779937744	4.995784126693412	-4.834532737731934	-5.9690199560951935	0.0	0.0	0.0	0.0
17.36243176460266	1781696481.0	1781696481.3307054	6	12.0	14.0	32.0	34.0	NeuronSpectrum 17.06.2026 14:10:28	EEG	checkup_155_17.06.2026 14:10:28	500.0	499.6666666666667	True	0.5	40.0	4	True	50.0	30.0	170.06834411621094	-126.48589108282472	6.216412544250488	6.095300593035602	4.716958522796631	5.782912776338239	8.327672958374023	9.163496592648974	1.0309243202209473	4.500742924291265	3.6707231998443604	4.920392580442077	0.678013026714325	4.213889187577177	-6.741769790649414	-6.722625272235726	0.0	0.0	0.0	0.0
17.36243462562561	1781696481.0	1781696481.3307083	6	12.0	14.0	32.0	34.0	NeuronSpectrum 17.06.2026 14:10:28	EEG	checkup_155_17.06.2026 14:10:28	500.0	499.6666666666667	True	0.5	40.0	4	True	50.0	30.0	170.2833709716797	-121.74601519258447	6.160374164581299	6.266254529304482	4.686059951782227	5.6601284748238	9.917301177978516	9.416393881492764	0.7991068363189697	4.439707027785868	3.4646689891815186	4.317094140107463	0.9598264694213867	3.6186940413785447	-8.236501693725586	-7.51332041569777	0.0	0.0	0.0	0.0
17.362436771392822	1781696481.0	1781696481.3307104	6	12.0	14.0	32.0	34.0	NeuronSpectrum 17.06.2026 14:10:28	EEG	checkup_155_17.06.2026 14:10:28	500.0	499.6666666666667	True	0.5	40.0	4	True	50.0	30.0	168.4710693359375	-117.67568974636167	8.030767440795898	6.639156166789107	6.397994041442871	5.711511926011669	12.8709716796875	9.703193749660013	2.407316207885742	4.596860316247873	4.4428486824035645	3.894659951944898	2.9867446422576904	3.2199421026401245	-9.093494415283203	-8.175096947772017	0.0	0.0	0.0	0.0
17.362438678741455	1781696481.0	1781696481.3307123	6	12.0	14.0	32.0	34.0	NeuronSpectrum 17.06.2026 14:10:28	EEG	checkup_155_17.06.2026 14:10:28	500.0	499.6666666666667	True	0.5	40.0	4	True	50.0	30.0	164.05995178222656	-114.76782140719952	10.547791481018066	7.080437097607818	8.526176452636719	5.836988767134091	15.330384254455566	9.88914642850579	4.7773756980896	4.8873438381601995	5.477851390838623	3.5641571485885506	5.2899370193481445	2.9736886951156576	-9.498274803161621	-8.542972300484688	0.0	0.0	0.0	0.0
17.362441062927246	1781696481.0	1781696481.3307147	6	12.0	14.0	32.0	34.0	NeuronSpectrum 17.06.2026 14:10:28	EEG	checkup_155_17.06.2026 14:10:28	500.0	499.6666666666667	True	0.5	40.0	4	True	50.0	30.0	159.48251342773438	-113.32378966282057	12.114144325256348	7.431959206741081	9.595842361450195	5.9190377315760445	15.624213218688965	9.85177562936707	6.463771343231201	5.189214225858886	5.965333461761475	3.215145646735718	6.3986921310424805	2.804132739271382	-9.670859336853027	-8.493111741336232	0.0	0.0	0.0	0.0
17.36244297027588	1781696481.0	1781696481.3307166	6	12.0	14.0	32.0	34.0	NeuronSpectrum 17.06.2026 14:10:28	EEG	checkup_155_17.06.2026 14:10:28	500.0	499.6666666666667	True	0.5	40.0	4	True	50.0	30.0	159.2445068359375	-113.44674846149935	11.693487167358398	7.557483663363449	8.782413482666016	5.860844407105037	13.194036483764648	9.5256885499471	6.439450263977051	5.381145896316678	6.149688243865967	2.7495581560792544	5.601098537445068	2.6379429165548585	-9.508291244506836	-7.973046090601021	0.0	0.0	0.0	0.0
17.36244535446167	1781696481.0	1781696481.330719	6	12.0	14.0	32.0	34.0	NeuronSpectrum 17.06.2026 14:10:28	EEG	checkup_155_17.06.2026 14:10:28	500.0	499.6666666666667	True	0.5	40.0	4	True	50.0	30.0	166.2346954345703	-115.03777323558415	9.4943265914917	7.389080218161741	6.440248966217041	5.622964460614774	9.102775573730469	8.93415697871012	4.749757766723633	5.383903229495295	6.5940985679626465	2.1164282459082067	3.317107915878296	2.436121144061975	-8.577576637268066	-7.014936959375049	0.0	0.0	0.0	0.0
17.362447500228882	1781696481.0	1781696481.3307211	6	12.0	14.0	32.0	34.0	NeuronSpectrum 17.06.2026 14:10:28	EEG	checkup_155_17.06.2026 14:10:28	500.0	499.6666666666667	True	0.5	40.0	4	True	50.0	30.0	177.5517120361328	-117.78571720554316	6.981839656829834	6.956452897772836	4.011515140533447	5.244394902915942	5.675881862640381	8.194432566553477	2.5995066165924072	5.190513046331287	7.23046875	1.3378486711991058	0.8786439299583435	2.2110531170081162	-6.531693458557129	-5.7283499139344585	0.0	0.0	0.0	0.0
17.362449407577515	1781696481.0	1781696481.330723	6	12.0	14.0	32.0	34.0	NeuronSpectrum 17.06.2026 14:10:28	EEG	checkup_155_17.06.2026 14:10:28	500.0	499.6666666666667	True	0.5	40.0	4	True	50.0	30.0	183.45755004882812	-121.16765366348824	6.054866313934326	6.388912634737285	3.256178855895996	4.840541628693261	5.215477466583252	7.494624506387785	1.7043449878692627	4.875365537468037	6.939964771270752	0.5178192935945156	-0.1680503487586975	2.024074293067523	-3.5673046112060547	-4.273662114869233	0.0	0.0	0.0	0.0
17.362451553344727	1781696481.0	1781696481.3307252	6	12.0	14.0	32.0	34.0	NeuronSpectrum 17.06.2026 14:10:28	EEG	checkup_155_17.06.2026 14:10:28	500.0	499.6666666666667	True	0.5	40.0	4	True	50.0	30.0	171.4986572265625	-124.49442592330637	7.709579944610596	5.8895363685393995	5.090155601501465	4.579165910780967	8.328479766845703	7.050372103449935	3.1507210731506348	4.5804642449901625	4.2276458740234375	-0.1714381505060613	1.0640151500701904	1.9670860080607842	-0.489507257938385	-2.822610598380072	0.0	0.0	0.0	0.0
17.362454652786255	1781696481.0	1781696481.3307283	6	12.0	14.0	32.0	34.0	NeuronSpectrum 17.06.2026 14:10:28	EEG	checkup_155_17.06.2026 14:10:28	500.0	499.6666666666667	True	0.5	40.0	4	True	50.0	30.0	134.0830841064453	-127.02633072327588	10.987906455993652	5.689013496775025	8.68053913116455	4.641590485121656	12.914541244506836	7.05451990183357	6.425679683685303	4.483502258556433	-1.3708148002624512	-0.5257616022602891	4.196394920349121	2.1363879207245438	1.7044782638549805	-1.5171392995659345	0.0	0.0	0.0	0.0
17.362456798553467	1781696481.0	1781696481.3307304	6	12.0	14.0	32.0	34.0	NeuronSpectrum 17.06.2026 14:10:28	EEG	checkup_155_17.06.2026 14:10:28	500.0	499.6666666666667	True	0.5	40.0	4	True	50.0	30.0	74.60181427001953	-128.1439268830414	13.018131256103516	5.990375568695703	11.450360298156738	5.178445059808239	14.723647117614746	7.631826213048647	9.313447952270508	4.755372057532438	-8.309863090515137	-0.36035256840527724	7.590423107147217	2.606692505316853	2.4417216777801514	-0.4394278518503417	0.0	0.0	0.0	0.0
17.413331985473633	1781696481.0	1781696481.3816056	6	12.0	14.0	32.0	34.0	NeuronSpectrum 17.06.2026 14:10:28	EEG	checkup_155_17.06.2026 14:10:28	500.0	499.6666666666667	True	0.5	40.0	4	True	50.0	30.0	155.12095642089844	-127.5124820304954	5.851789951324463	6.916347472022354	4.677533149719238	6.268643792025372	7.956968307495117	8.806852058150872	1.0911494493484497	5.515423128878216	2.599607229232788	0.4384277961215924	2.202174186706543	3.4103762679570027	-0.9289311766624451	0.3970150040776426	0.0	0.0	0.0	0.0
17.413336753845215	1781696481.0	1781696481.3816104	6	12.0	14.0	32.0	34.0	NeuronSpectrum 17.06.2026 14:10:28	EEG	checkup_155_17.06.2026 14:10:28	500.0	499.6666666666667	True	0.5	40.0	4	True	50.0	30.0	155.39361572265625	-125.16592877229489	7.324369430541992	8.470864985518306	5.99172830581665	7.889878708443946	9.831808090209961	10.490504538503773	2.4011054039001465	6.793777162290756	3.478520631790161	1.8768850018729981	3.667518138885498	4.524799141270724	-2.144254684448242	1.0329165107946616	0.0	0.0	0.0	0.0
17.413339376449585	1781696481.0	1781696481.381613	6	12.0	14.0	32.0	34.0	NeuronSpectrum 17.06.2026 14:10:28	EEG	checkup_155_17.06.2026 14:10:28	500.0	499.6666666666667	True	0.5	40.0	4	True	50.0	30.0	156.99916076660156	-121.4752668542415	10.161884307861328	10.525460099618977	8.55348014831543	9.908938317802782	12.649588584899902	12.48941645068972	5.137362957000732	8.511237980298015	5.575714588165283	3.8438877285035637	5.745800495147705	5.870198451089536	-2.1969902515411377	1.532531122863594	0.0	0.0	0.0	0.0
17.413341522216797	1781696481.0	1781696481.3816152	6	12.0	14.0	32.0	34.0	NeuronSpectrum 17.06.2026 14:10:28	EEG	checkup_155_17.06.2026 14:10:28	500.0	499.6666666666667	True	0.5	40.0	4	True	50.0	30.0	159.1554718017578	-117.02745876516964	14.026883125305176	12.837025537911863	12.106582641601562	12.097718236077164	15.909456253051758	14.539123744713262	8.902082443237305	10.485412343503953	8.796891212463379	6.128061545549192	8.20077133178711	7.320157250999657	-0.801021933555603	1.9502265136059829	0.0	0.0	0.0	0.0
17.41334319114685	1781696481.0	1781696481.3816168	6	12.0	14.0	32.0	34.0	NeuronSpectrum 17.06.2026 14:10:28	EEG	checkup_155_17.06.2026 14:10:28	500.0	499.6666666666667	True	0.5	40.0	4	True	50.0	30.0	160.1342010498047	-112.47629638186777	17.875621795654297	15.09463044497125	15.691479682922363	14.173887233879386	18.60660743713379	16.35517872216791	12.640153884887695	12.464284630249109	12.447007179260254	8.456228801768697	10.444437980651855	8.723723358284017	1.5259608030319214	2.3081311449156146	0.0	0.0	0.0	0.0
17.413345098495483	1781696481.0	1781696481.3816187	6	12.0	14.0	32.0	34.0	NeuronSpectrum 17.06.2026 14:10:28	EEG	checkup_155_17.06.2026 14:10:28	500.0	499.6666666666667	True	0.5	40.0	4	True	50.0	30.0	158.0707550048828	-108.41962555674404	20.413286209106445	16.98298654719031	18.08243751525879	15.856356742793768	19.78179359436035	17.689182678956605	15.122496604919434	14.178469225673643	15.461329460144043	10.543564880127613	11.821846961975098	9.93387132470017	3.7923269271850586	2.5925678103039638	0.0	0.0	0.0	0.0
17.413346767425537	1781696481.0	1781696481.3816204	6	12.0	14.0	32.0	34.0	NeuronSpectrum 17.06.2026 14:10:28	EEG	checkup_155_17.06.2026 14:10:28	500.0	499.6666666666667	True	0.5	40.0	4	True	50.0	30.0	152.6759033203125	-105.32652304278619	20.971494674682617	18.24461848925856	18.617700576782227	16.92022659726681	19.305994033813477	18.374460205954424	15.734359741210938	15.396592224620326	16.91339874267578	12.144799550965661	12.09682846069336	10.834347885175276	5.061370372772217	2.7680769282514888	0.0	0.0	0.0	0.0
17.41334867477417	1781696481.0	1781696481.3816223	6	12.0	14.0	32.0	34.0	NeuronSpectrum 17.06.2026 14:10:28	EEG	checkup_155_17.06.2026 14:10:28	500.0	499.6666666666667	True	0.5	40.0	4	True	50.0	30.0	146.5580596923828	-103.50772043403919	20.12706756591797	18.724891712475962	17.782711029052734	17.236990151346028	18.218496322631836	18.35073511042104	14.974332809448242	15.968488676791706	16.49936294555664	13.09602408745411	11.73582649230957	11.358017700827912	4.886870861053467	2.80040951270415	0.0	0.0	0.0	0.0
17.413350343704224	1781696481.0	1781696481.381624	6	12.0	14.0	32.0	34.0	NeuronSpectrum 17.06.2026 14:10:28	EEG	checkup_155_17.06.2026 14:10:28	500.0	499.6666666666667	True	0.5	40.0	4	True	50.0	30.0	144.4296112060547	-103.10558290470883	19.387956619262695	18.392128197698575	16.94174575805664	16.792435918880575	18.09710121154785	17.665896084262336	14.152955055236816	15.847293477656983	14.720024108886719	13.338812754350226	11.664915084838867	11.493829858393866	3.4763853549957275	2.677046495806093	0.0	0.0	0.0	0.0
17.413352251052856	1781696481.0	1781696481.381626	6	12.0	14.0	32.0	34.0	NeuronSpectrum 17.06.2026 14:10:28	EEG	checkup_155_17.06.2026 14:10:28	500.0	499.6666666666667	True	0.5	40.0	4	True	50.0	30.0	149.70852661132812	-104.08078898786644	19.913110733032227	17.33417964538726	17.184886932373047	15.682730949429608	19.64284324645996	16.46045328764283	14.323814392089844	15.089879437164946	12.628849029541016	12.922708250455917	12.527057647705078	11.2838234404936	1.5344295501708984	2.4162504708141332	0.0	0.0	0.0	0.0
17.41335391998291	1781696481.0	1781696481.3816276	6	12.0	14.0	32.0	34.0	NeuronSpectrum 17.06.2026 14:10:28	EEG	checkup_155_17.06.2026 14:10:28	500.0	499.6666666666667	True	0.5	40.0	4	True	50.0	30.0	160.4415283203125	-106.19036446154365	21.179290771484375	15.738125866085566	18.1080265045166	14.094227509657962	21.55916976928711	14.942470260441116	15.204277992248535	13.840881764567593	11.276988983154297	11.987536023143273	13.968364715576172	10.813654638734695	-0.10412836819887161	2.061671217053473	0.0	0.0	0.0	0.0
17.413355588912964	1781696481.0	1781696481.3816292	6	12.0	14.0	32.0	34.0	NeuronSpectrum 17.06.2026 14:10:28	EEG	checkup_155_17.06.2026 14:10:28	500.0	499.6666666666667	True	0.5	40.0	4	True	50.0	30.0	167.9162139892578	-108.97679088778023	20.8454647064209	13.859485291449381	17.647552490234375	12.272857397832205	20.933521270751953	13.357558899311183	15.058387756347656	12.306599461723785	11.122658729553223	10.731516782052692	14.592702865600586	10.199252444697946	-0.8734169602394104	1.6660673357509417	0.0	0.0	0.0	0.0
17.413357257843018	1781696481.0	1781696481.381631	6	12.0	14.0	32.0	34.0	NeuronSpectrum 17.06.2026 14:10:28	EEG	checkup_155_17.06.2026 14:10:28	500.0	499.6666666666667	True	0.5	40.0	4	True	50.0	30.0	160.16888427734375	-111.80374379585808	16.31671142578125	11.984093136924175	13.441976547241211	10.486664022456171	15.304773330688477	11.954208321098426	11.902118682861328	10.722904092765043	11.70274829864502	9.373172127349603	12.828855514526367	9.570077482019043	-0.7195350527763367	1.2719127897032743	0.0	0.0	0.0	0.0
17.41335916519165	1781696481.0	1781696481.3816328	6	12.0	14.0	32.0	34.0	NeuronSpectrum 17.06.2026 14:10:28	EEG	checkup_155_17.06.2026 14:10:28	500.0	499.6666666666667	True	0.5	40.0	4	True	50.0	30.0	129.0650177001953	-113.96389574601447	7.121745586395264	10.38454490993669	4.969045639038086	8.98426569183466	5.15570592880249	10.944669346074889	5.329739093780518	9.31967949096434	11.753889083862305	8.114417576892697	8.23523998260498	9.048907202081399	-0.040790896862745285	0.8970923409473467	0.0	0.0	0.0	0.0
17.413360834121704	1781696481.0	1781696481.3816345	6	12.0	14.0	32.0	34.0	NeuronSpectrum 17.06.2026 14:10:28	EEG	checkup_155_17.06.2026 14:10:28	500.0	499.6666666666667	True	0.5	40.0	4	True	50.0	30.0	76.44042205810547	-114.84554055351158	-3.779888391494751	9.276492203374376	-5.211255073547363	7.955105436944831	-5.234997272491455	10.467330674300824	-2.4813809394836426	8.285774706645201	9.733224868774414	7.110276352528538	2.2444818019866943	8.730536844967222	0.5976815819740295	0.5309622402378813	0.0	0.0	0.0	0.0
17.413362741470337	1781696481.0	1781696481.3816364	6	12.0	14.0	32.0	34.0	NeuronSpectrum 17.06.2026 14:10:28	EEG	checkup_155_17.06.2026 14:10:28	500.0	499.6666666666667	True	0.5	40.0	4	True	50.0	30.0	147.83383178710938	-114.09980172486586	13.599701881408691	8.785019651892824	11.009800910949707	7.501361806559071	14.727349281311035	10.562783837751274	9.209567070007324	7.74137144389387	8.412941932678223	6.448880129088484	10.786247253417969	8.665333326932688	0.3110179901123047	0.1415196055205525	0.0	0.0	0.0	0.0
17.41336441040039	1781696481.0	1781696481.381638	6	12.0	14.0	32.0	34.0	NeuronSpectrum 17.06.2026 14:10:28	EEG	checkup_155_17.06.2026 14:10:28	500.0	499.6666666666667	True	0.5	40.0	4	True	50.0	30.0	145.25621032714844	-111.73592150697931	12.88076114654541	8.931148048381875	10.677141189575195	7.630350831638749	15.407634735107422	11.174449240249116	8.314840316772461	7.724593481032228	7.751703262329102	6.144290013194892	11.223005294799805	8.85406150393523	0.41299736499786377	-0.3096617026300373	0.0	0.0	0.0	0.0
17.413366317749023	1781696481.0	1781696481.38164	6	12.0	14.0	32.0	34.0	NeuronSpectrum 17.06.2026 14:10:28	EEG	checkup_155_17.06.2026 14:10:28	500.0	499.6666666666667	True	0.5	40.0	4	True	50.0	30.0	144.0296630859375	-108.10577548689828	13.114405632019043	9.640768322867835	11.120576858520508	8.26814960836247	16.652307510375977	12.17383067923013	8.351249694824219	8.194260383898044	7.972488880157471	6.143227434311407	12.374863624572754	9.255879702053495	-0.24180015921592712	-0.8503329101824855	0.0	0.0	0.0	0.0
17.413367986679077	1781696481.0	1781696481.3816416	6	12.0	14.0	32.0	34.0	NeuronSpectrum 17.06.2026 14:10:28	EEG	checkup_155_17.06.2026 14:10:28	500.0	499.6666666666667	True	0.5	40.0	4	True	50.0	30.0	144.5087890625	-103.79475920261544	14.235371589660645	10.769012286902404	12.102871894836426	9.285935101829772	17.891128540039062	13.398403980649322	9.260782241821289	9.044704039942749	8.711251258850098	6.344056635788923	13.5458984375	9.804963466955298	-1.646437168121338	-1.4839795562147786	0.0	0.0	0.0	0.0
17.41336989402771	1781696481.0	1781696481.3816435	6	12.0	14.0	32.0	34.0	NeuronSpectrum 17.06.2026 14:10:28	EEG	checkup_155_17.06.2026 14:10:28	500.0	499.6666666666667	True	0.5	40.0	4	True	50.0	30.0	145.583740234375	-99.47202702078478	15.704168319702148	12.129853289172699	13.105443954467773	10.527656422038815	18.570085525512695	14.686577251297349	10.565940856933594	10.12646942418395	9.135982513427734	6.622807296807018	14.00752067565918	10.427858599553788	-3.4202332496643066	-2.183622290848686	0.0	0.0	0.0	0.0
17.413371562957764	1781696481.0	1781696481.3816452	6	12.0	14.0	32.0	34.0	NeuronSpectrum 17.06.2026 14:10:28	EEG	checkup_155_17.06.2026 14:10:28	500.0	499.6666666666667	True	0.5	40.0	4	True	50.0	30.0	145.2646026611328	-95.7525977832052	16.88365364074707	13.524074010302309	13.728548049926758	11.831799797467202	18.517139434814453	15.899976761218406	11.737391471862793	11.268680153627638	8.627190589904785	6.858655519131117	13.595272064208984	11.05515215647709	-4.928991794586182	-2.894015010960316	0.0	0.0	0.0	0.0
17.413373470306396	1781696481.0	1781696481.381647	6	12.0	14.0	32.0	34.0	NeuronSpectrum 17.06.2026 14:10:28	EEG	checkup_155_17.06.2026 14:10:28	500.0	499.6666666666667	True	0.5	40.0	4	True	50.0	30.0	142.4529266357422	-93.10164683645931	17.376787185668945	14.763322600490342	13.910332679748535	13.045966123963519	17.962848663330078	16.93190591922631	12.460404396057129	12.3012927586471	7.372659683227539	6.952007567726006	12.827826499938965	11.625345259685353	-5.624454021453857	-3.5403787852532087	0.0	0.0	0.0	0.0
17.41337513923645	1781696481.0	1781696481.3816488	6	12.0	14.0	32.0	34.0	NeuronSpectrum 17.06.2026 14:10:28	EEG	checkup_155_17.06.2026 14:10:28	500.0	499.6666666666667	True	0.5	40.0	4	True	50.0	30.0	138.5753936767578	-91.78644514171428	17.118671417236328	15.690002755160789	13.822199821472168	14.036488315381542	17.254663467407227	17.70643325763122	12.641369819641113	13.076045690874038	6.363757610321045	6.832307216902933	12.452825546264648	12.083048644716467	-5.380091667175293	-4.040156698041935	0.0	0.0	0.0	0.0
17.413377046585083	1781696481.0	1781696481.3816507	6	12.0	14.0	32.0	34.0	NeuronSpectrum 17.06.2026 14:10:28	EEG	checkup_155_17.06.2026 14:10:28	500.0	499.6666666666667	True	0.5	40.0	4	True	50.0	30.0	137.24913024902344	-91.8638739586992	16.296375274658203	16.192460107609847	13.627583503723145	14.695759914681192	16.617223739624023	18.173874260698945	12.287032127380371	13.484107757313726	6.6694254875183105	6.457815961364396	12.816709518432617	12.375927325091864	-4.5706939697265625	-4.31450335317019	0.0	0.0	0.0	0.0
17.413378477096558	1781696481.0	1781696481.381652	6	12.0	14.0	32.0	34.0	NeuronSpectrum 17.06.2026 14:10:28	EEG	checkup_155_17.06.2026 14:10:28	500.0	499.6666666666667	True	0.5	40.0	4	True	50.0	30.0	141.390380859375	-93.18587239926599	15.285493850708008	16.214204809490035	13.4051513671875	14.948639079119992	16.227214813232422	18.30679699451945	11.496549606323242	13.467770176774744	8.436049461364746	5.81269167310599	13.618639945983887	12.454471091149989	-3.7966244220733643	-4.297953510829085	0.0	0.0	0.0	0.0
17.41338038444519	1781696481.0	1781696481.381654	6	12.0	14.0	32.0	34.0	NeuronSpectrum 17.06.2026 14:10:28	EEG	checkup_155_17.06.2026 14:10:28	500.0	499.6666666666667	True	0.5	40.0	4	True	50.0	30.0	149.463134765625	-95.41302521029998	14.642074584960938	15.75598462650566	13.302550315856934	14.75766168180804	16.434101104736328	18.097998158452672	10.599885940551758	13.023985484042614	10.382686614990234	4.905613748302687	14.240859031677246	12.276146491452993	-3.4536783695220947	-3.946678068153543	0.0	0.0	0.0	0.0
17.413382053375244	1781696481.0	1781696481.3816557	6	12.0	14.0	32.0	34.0	NeuronSpectrum 17.06.2026 14:10:28	EEG	checkup_155_17.06.2026 14:10:28	500.0	499.6666666666667	True	0.5	40.0	4	True	50.0	30.0	154.0477294921875	-98.04281093415722	14.927443504333496	14.870449539479013	13.626843452453613	14.12572694373259	17.636165618896484	17.559596673730223	10.169036865234375	12.199119436658059	10.327190399169922	3.769767725480743	14.310131072998047	11.812338719689837	-3.4740688800811768	-3.2465646421384395	0.0	0.0	0.0	0.0
17.413383722305298	1781696481.0	1781696481.3816574	6	12.0	14.0	32.0	34.0	NeuronSpectrum 17.06.2026 14:10:28	EEG	checkup_155_17.06.2026 14:10:28	500.0	499.6666666666667	True	0.5	40.0	4	True	50.0	30.0	144.86322021484375	-100.47116313548874	16.226133346557617	13.650178882473206	14.572239875793457	13.094593897243794	19.639867782592773	16.721090768438817	10.65720272064209	11.07611760650614	6.592565536499023	2.459770886208656	13.933000564575195	11.054478643795097	-3.4291226863861084	-2.221470716522531	0.0	0.0	0.0	0.0
17.41338539123535	1781696481.0	1781696481.381659	6	12.0	14.0	32.0	34.0	NeuronSpectrum 17.06.2026 14:10:28	EEG	checkup_155_17.06.2026 14:10:28	500.0	499.6666666666667	True	0.5	40.0	4	True	50.0	30.0	115.09201049804688	-102.09959283091813	17.548465728759766	12.210254624407431	15.633625984191895	11.737687127204797	20.921756744384766	15.623987823982514	11.758620262145996	9.756382017186198	-0.6000765562057495	1.0410009690658104	13.34887981414795	10.015800366761175	-2.894909143447876	-0.9399566045218213	0.0	0.0	0.0	0.0
17.413387060165405	1781696481.0	1781696481.3816607	6	12.0	14.0	32.0	34.0	NeuronSpectrum 17.06.2026 14:10:28	EEG	checkup_155_17.06.2026 14:10:28	500.0	499.6666666666667	True	0.5	40.0	4	True	50.0	30.0	66.87359619140625	-102.47170698039436	16.728282928466797	10.666508990857903	15.269233703613281	10.146273233830001	18.68531036376953	14.311585226164771	12.060495376586914	8.338702127293669	-8.769688606262207	-0.4283127913168071	12.361018180847168	8.726991331380498	-1.7895327806472778	0.4830608787083762	0.0	0.0	0.0	0.0
17.464303493499756	1781696481.0	1781696481.4325771	6	12.0	14.0	32.0	34.0	NeuronSpectrum 17.06.2026 14:10:28	EEG	checkup_155_17.06.2026 14:10:28	500.0	499.6666666666667	True	0.5	40.0	4	True	50.0	30.0	134.86622619628906	-101.39038367814064	11.142642974853516	9.111167673072336	9.31561279296875	8.409549640979	13.297958374023438	12.814962212969293	6.4465250968933105	6.897476734207304	2.720057249069214	-1.9156889858337018	10.289497375488281	7.226550476436366	-1.2095717191696167	1.8937304937980233	0.0	0.0	0.0	0.0
17.464309453964233	1781696481.0	1781696481.432583	6	12.0	14.0	32.0	34.0	NeuronSpectrum 17.06.2026 14:10:28	EEG	checkup_155_17.06.2026 14:10:28	500.0	499.6666666666667	True	0.5	40.0	4	True	50.0	30.0	134.88491821289062	-98.96107830625886	7.540322303771973	7.589772208062235	5.484759330749512	6.592101692218017	10.197961807250977	11.139777776421843	3.5460753440856934	5.46348687325296	-0.4537644684314728	-3.425296164244856	7.341783046722412	5.548983080672467	1.0153882503509521	3.1182113546868395	0.0	0.0	0.0	0.0
17.464312076568604	1781696481.0	1781696481.4325857	6	12.0	14.0	32.0	34.0	NeuronSpectrum 17.06.2026 14:10:28	EEG	checkup_155_17.06.2026 14:10:28	500.0	499.6666666666667	True	0.5	40.0	4	True	50.0	30.0	135.93421936035156	-95.54092739711415	4.309397220611572	6.086118231195086	1.9723377227783203	4.715662665588471	7.3032708168029785	9.260999942666455	0.8267796039581299	4.012529268386935	-3.8529975414276123	-4.996880798791788	4.311329364776611	3.715413996870322	3.3849778175354004	3.992272038225058	0.0	0.0	0.0	0.0
17.464314222335815	1781696481.0	1781696481.4325879	6	12.0	14.0	32.0	34.0	NeuronSpectrum 17.06.2026 14:10:28	EEG	checkup_155_17.06.2026 14:10:28	500.0	499.6666666666667	True	0.5	40.0	4	True	50.0	30.0	137.56455993652344	-91.62267586870732	2.3084144592285156	4.522832581799157	-0.3559718132019043	2.7536032559295007	5.176374912261963	7.131636593610467	-0.9921041131019592	2.468136113533812	-6.5585432052612305	-6.693895680891332	1.9627255201339722	1.7312983411671894	5.191978454589844	4.3964556367021235	0.0	0.0	0.0	0.0
17.464316368103027	1781696481.0	1781696481.43259	6	12.0	14.0	32.0	34.0	NeuronSpectrum 17.06.2026 14:10:28	EEG	checkup_155_17.06.2026 14:10:28	500.0	499.6666666666667	True	0.5	40.0	4	True	50.0	30.0	138.29595947265625	-87.70844751210099	1.6733753681182861	2.7820018384737333	-1.3022806644439697	0.6438457184524436	3.809839963912964	4.706303249414247	-1.6852558851242065	0.7221060344745721	-7.904500484466553	-8.58384652585939	0.6835632920265198	-0.4058281712711514	5.832452774047852	4.288067192289672	0.0	0.0	0.0	0.0
17.46431851387024	1781696481.0	1781696481.4325922	6	12.0	14.0	32.0	34.0	NeuronSpectrum 17.06.2026 14:10:28	EEG	checkup_155_17.06.2026 14:10:28	500.0	499.6666666666667	True	0.5	40.0	4	True	50.0	30.0	136.39791870117188	-84.21858295242951	1.6756986379623413	0.7435535078235395	-1.5346996784210205	-1.680672737377181	2.5646779537200928	1.973487163650901	-1.7757983207702637	-1.3292834158121423	-8.05466079711914	-10.713009438391751	0.11232040822505951	-2.6891999710257286	5.039050102233887	3.7199279419750666	0.0	0.0	0.0	0.0
17.464320421218872	1781696481.0	1781696481.432594	6	12.0	14.0	32.0	34.0	NeuronSpectrum 17.06.2026 14:10:28	EEG	checkup_155_17.06.2026 14:10:28	500.0	499.6666666666667	True	0.5	40.0	4	True	50.0	30.0	131.54116821289062	-81.45193363223251	1.2135329246520996	-1.6680948972986345	-2.1555564403533936	-4.252301430713766	0.6859308481216431	-1.0145861294446785	-2.2543978691101074	-3.7421720079781458	-8.134052276611328	-13.078478303756999	-0.6567133069038391	-5.081320117162103	3.0213770866394043	2.8380669123462687	0.0	0.0	0.0	0.0
17.464322566986084	1781696481.0	1781696481.4325962	6	12.0	14.0	32.0	34.0	NeuronSpectrum 17.06.2026 14:10:28	EEG	checkup_155_17.06.2026 14:10:28	500.0	499.6666666666667	True	0.5	40.0	4	True	50.0	30.0	126.05792999267578	-79.5866301088645	-0.4200069010257721	-4.442877329267196	-3.927778482437134	-7.032810169011822	-1.9995118379592896	-4.125935227144631	-3.938582181930542	-6.48817813350447	-9.69836711883545	-15.60432690842189	-2.4040074348449707	-7.496413884610131	0.4114495813846588	1.8560309106766362	0.0	0.0	0.0	0.0
17.464324712753296	1781696481.0	1781696481.4325984	6	12.0	14.0	32.0	34.0	NeuronSpectrum 17.06.2026 14:10:28	EEG	checkup_155_17.06.2026 14:10:28	500.0	499.6666666666667	True	0.5	40.0	4	True	50.0	30.0	124.2309341430664	-78.69518097750843	-3.1293420791625977	-7.462609319314209	-6.781054496765137	-9.8942904589088	-4.895198822021484	-7.153762697188232	-6.964626312255859	-9.436412491849556	-13.732342720031738	-18.132204846301104	-5.18427848815918	-9.795312913537323	-1.9532660245895386	1.010536349574074	0.0	0.0	0.0	0.0
17.46432662010193	1781696481.0	1781696481.4326003	6	12.0	14.0	32.0	34.0	NeuronSpectrum 17.06.2026 14:10:28	EEG	checkup_155_17.06.2026 14:10:28	500.0	499.6666666666667	True	0.5	40.0	4	True	50.0	30.0	129.24227905273438	-78.7487441104004	-6.330523490905762	-10.505300789456324	-10.029300689697266	-12.624805477005959	-7.254607677459717	-9.842567449120388	-10.808473587036133	-12.362198370443615	-19.754037857055664	-20.435516360476587	-8.300543785095215	-11.79765536479064	-3.3082094192504883	0.5092566683692266	0.0	0.0	0.0	0.0
17.46432852745056	1781696481.0	1781696481.4326022	6	12.0	14.0	32.0	34.0	NeuronSpectrum 17.06.2026 14:10:28	EEG	checkup_155_17.06.2026 14:10:28	500.0	499.6666666666667	True	0.5	40.0	4	True	50.0	30.0	139.5010223388672	-79.60180937238887	-9.668511390686035	-13.276824817330521	-13.088382720947266	-14.959125634592128	-9.074615478515625	-11.92931480901499	-14.757833480834961	-14.982206067646024	-25.659740447998047	-22.258874571326405	-10.852731704711914	-13.31018526509857	-3.202953577041626	0.4844109124049914	0.0	0.0	0.0	0.0
17.464330196380615	1781696481.0	1781696481.4326038	6	12.0	14.0	32.0	34.0	NeuronSpectrum 17.06.2026 14:10:28	EEG	checkup_155_17.06.2026 14:10:28	500.0	499.6666666666667	True	0.5	40.0	4	True	50.0	30.0	147.353759765625	-80.97261557292998	-13.378523826599121	-15.463239304195557	-15.988863945007324	-16.62749885645212	-11.282685279846191	-13.190042588591465	-18.344114303588867	-17.00758232477852	-28.61905288696289	-23.373607642007876	-12.375962257385254	-14.16392011785546	-1.680132508277893	0.9644108145494186	0.0	0.0	0.0	0.0
17.46433186531067	1781696481.0	1781696481.4326055	6	12.0	14.0	32.0	34.0	NeuronSpectrum 17.06.2026 14:10:28	EEG	checkup_155_17.06.2026 14:10:28	500.0	499.6666666666667	True	0.5	40.0	4	True	50.0	30.0	142.12686157226562	-82.45157667137174	-17.79744529724121	-16.791830398920048	-19.113372802734375	-17.41047421105072	-14.769554138183594	-13.481789576847305	-21.301393508911133	-18.20121617711474	-26.677515029907227	-23.631640176995457	-13.001781463623047	-14.249557232413096	0.7187007069587708	1.87061408603059	0.0	0.0	0.0	0.0
17.464333295822144	1781696481.0	1781696481.432607	6	12.0	14.0	32.0	34.0	NeuronSpectrum 17.06.2026 14:10:28	EEG	checkup_155_17.06.2026 14:10:28	500.0	499.6666666666667	True	0.5	40.0	4	True	50.0	30.0	116.3756103515625	-83.5645281527573	-22.336074829101562	-17.086352296324293	-22.288330078125	-17.186058233828145	-18.90933609008789	-12.770882025616757	-23.094280242919922	-18.424083408345123	-20.15019416809082	-22.999515043057727	-13.017363548278809	-13.540876119502574	3.1009957790374756	3.039074626660469	0.0	0.0	0.0	0.0
17.464334964752197	1781696481.0	1781696481.4326086	6	12.0	14.0	32.0	34.0	NeuronSpectrum 17.06.2026 14:10:28	EEG	checkup_155_17.06.2026 14:10:28	500.0	499.6666666666667	True	0.5	40.0	4	True	50.0	30.0	71.3929214477539	-83.8863717956545	-24.931385040283203	-16.30229860334039	-24.102558135986328	-15.956875277426763	-20.976924896240234	-11.140493758381014	-22.592435836791992	-17.65883862060957	-11.864496231079102	-21.56270373014504	-12.282402038574219	-12.09964124304213	4.574415683746338	4.260571173391049	0.0	0.0	0.0	0.0
17.46433663368225	1781696481.0	1781696481.4326103	6	12.0	14.0	32.0	34.0	NeuronSpectrum 17.06.2026 14:10:28	EEG	checkup_155_17.06.2026 14:10:28	500.0	499.6666666666667	True	0.5	40.0	4	True	50.0	30.0	132.1014862060547	-83.16205016627897	-9.928153038024902	-14.532394657823351	-10.539325714111328	-13.84977184559276	-3.738525152206421	-8.774090918539226	-13.71449089050293	-16.005691390046337	-17.30575180053711	-19.502842575742417	-3.6862058639526367	-10.06130947205669	4.481506824493408	5.328229306591112	0.0	0.0	0.0	0.0
17.464338541030884	1781696481.0	1781696481.4326122	6	12.0	14.0	32.0	34.0	NeuronSpectrum 17.06.2026 14:10:28	EEG	checkup_155_17.06.2026 14:10:28	500.0	499.6666666666667	True	0.5	40.0	4	True	50.0	30.0	129.590087890625	-81.37758810137461	-7.779775142669678	-11.981434882478037	-8.259020805358887	-11.088458533610613	-1.9727935791015625	-5.9183399261349265	-11.809128761291504	-13.654293297988422	-15.484455108642578	-17.059408819158563	-2.341902256011963	-7.607010849481375	5.795424461364746	6.081495129486679	0.0	0.0	0.0	0.0
17.464340448379517	1781696481.0	1781696481.432614	6	12.0	14.0	32.0	34.0	NeuronSpectrum 17.06.2026 14:10:28	EEG	checkup_155_17.06.2026 14:10:28	500.0	499.6666666666667	True	0.5	40.0	4	True	50.0	30.0	127.93578338623047	-78.74981229613002	-5.6357102394104	-8.920233892149621	-6.036064624786377	-7.948785271719068	-0.47065994143486023	-2.8371298891668233	-9.80569839477539	-10.842582156420665	-13.732502937316895	-14.488259044769709	-1.0145410299301147	-4.931481385915751	6.442762851715088	6.437298720078617	0.0	0.0	0.0	0.0
17.46434235572815	1781696481.0	1781696481.432616	6	12.0	14.0	32.0	34.0	NeuronSpectrum 17.06.2026 14:10:28	EEG	checkup_155_17.06.2026 14:10:28	500.0	499.6666666666667	True	0.5	40.0	4	True	50.0	30.0	127.6085205078125	-75.64845888547856	-2.931408405303955	-5.634608048568187	-3.3047242164611816	-4.711025311755211	1.5737459659576416	0.2284470333047213	-7.186676502227783	-7.815677543811298	-11.466418266296387	-12.02490709087195	1.0875437259674072	-2.216546254506338	6.170702934265137	6.40252292117656	0.0	0.0	0.0	0.0
17.464344263076782	1781696481.0	1781696481.432618	6	12.0	14.0	32.0	34.0	NeuronSpectrum 17.06.2026 14:10:28	EEG	checkup_155_17.06.2026 14:10:28	500.0	499.6666666666667	True	0.5	40.0	4	True	50.0	30.0	127.60086822509766	-72.49287165630119	0.35985878109931946	-2.383154855271142	-0.06396906077861786	-1.6211753044968853	4.344385623931885	3.084366629983443	-3.9813950061798096	-4.794220859567378	-8.88144302368164	-9.856100996527479	3.9693591594696045	0.3846838961870103	4.994521617889404	6.06555020775258	0.0	0.0	0.0	0.0
17.464346170425415	1781696481.0	1781696481.4326198	6	12.0	14.0	32.0	34.0	NeuronSpectrum 17.06.2026 14:10:28	EEG	checkup_155_17.06.2026 14:10:28	500.0	499.6666666666667	True	0.5	40.0	4	True	50.0	30.0	126.19602966308594	-69.66357838283466	3.561061143875122	0.6298859968366759	2.995076894760132	1.1334538700333252	7.184190273284912	5.59168235047126	-0.8361068964004517	-1.9552718466427208	-6.835728168487549	-8.10177065833021	6.845950603485107	2.7534269722478895	3.277616262435913	5.568770107492124	0.0	0.0	0.0	0.0
17.46434783935547	1781696481.0	1781696481.4326215	6	12.0	14.0	32.0	34.0	NeuronSpectrum 17.06.2026 14:10:28	EEG	checkup_155_17.06.2026 14:10:28	500.0	499.6666666666667	True	0.5	40.0	4	True	50.0	30.0	122.75737762451172	-67.44903346019564	5.731640338897705	3.2670540725286226	4.956295967102051	3.4348307578689456	9.031314849853516	7.664185600582288	1.4359374046325684	0.5757662149223688	-6.01205587387085	-6.80910969544672	8.801315307617188	4.80457930167396	1.6493034362792969	5.068448531615773	0.0	0.0	0.0	0.0
17.46434998512268	1781696481.0	1781696481.4326236	6	12.0	14.0	32.0	34.0	NeuronSpectrum 17.06.2026 14:10:28	EEG	checkup_155_17.06.2026 14:10:28	500.0	499.6666666666667	True	0.5	40.0	4	True	50.0	30.0	119.09330749511719	-66.02617820666018	6.3853325843811035	5.4584667457768825	5.370029926300049	5.233722606098174	9.203232765197754	9.262264341578756	2.460434913635254	2.725198891976203	-6.112382411956787	-5.95902225236013	9.556624412536621	6.483964530233354	0.7628476619720459	4.692252017461108	0.0	0.0	0.0	0.0
17.464351654052734	1781696481.0	1781696481.4326253	6	12.0	14.0	32.0	34.0	NeuronSpectrum 17.06.2026 14:10:28	EEG	checkup_155_17.06.2026 14:10:28	500.0	499.6666666666667	True	0.5	40.0	4	True	50.0	30.0	118.78770446777344	-65.45923513195893	5.928400993347168	7.194123581447021	4.631218433380127	6.540925207326782	7.984915256500244	10.386671072952465	2.585573434829712	4.465706811997652	-5.9451189041137695	-5.4820408282272535	9.690130233764648	7.766244979158481	0.9991209506988525	4.506276773975632	0.0	0.0	0.0	0.0
17.464353561401367	1781696481.0	1781696481.4326272	6	12.0	14.0	32.0	34.0	NeuronSpectrum 17.06.2026 14:10:28	EEG	checkup_155_17.06.2026 14:10:28	500.0	499.6666666666667	True	0.5	40.0	4	True	50.0	30.0	124.29238891601562	-65.6987840997452	5.527927398681641	8.510601368362291	3.8237175941467285	7.412985888992042	6.6644792556762695	11.073247379699492	2.6960275173187256	5.807858269356885	-4.46710729598999	-5.2778883634379765	10.171043395996094	8.654823864382921	2.2544631958007812	4.501365268458908	0.0	0.0	0.0	0.0
17.46435546875	1781696481.0	1781696481.432629	6	12.0	14.0	32.0	34.0	NeuronSpectrum 17.06.2026 14:10:28	EEG	checkup_155_17.06.2026 14:10:28	500.0	499.6666666666667	True	0.5	40.0	4	True	50.0	30.0	133.6040802001953	-66.57381608463771	6.465086936950684	9.475458926361476	4.14299201965332	7.9358736859070085	6.8987836837768555	11.388781704227979	3.705327033996582	6.79082346536992	-1.9563369750976562	-5.232509926185433	11.594334602355957	9.183903621671652	3.953610420227051	4.6028599033611135	0.0	0.0	0.0	0.0
17.464357137680054	1781696481.0	1781696481.4326308	6	12.0	14.0	32.0	34.0	NeuronSpectrum 17.06.2026 14:10:28	EEG	checkup_155_17.06.2026 14:10:28	500.0	499.6666666666667	True	0.5	40.0	4	True	50.0	30.0	139.37306213378906	-67.78776404926697	9.34502124786377	10.17293373376746	6.251242637634277	8.210425989227085	9.671865463256836	11.428155191257588	6.0486297607421875	7.474534042839952	-0.1655101478099823	-5.229540358850791	13.743433952331543	9.42142788733316	5.29356050491333	4.700399071571726	0.0	0.0	0.0	0.0
17.464359045028687	1781696481.0	1781696481.4326327	6	12.0	14.0	32.0	34.0	NeuronSpectrum 17.06.2026 14:10:28	EEG	checkup_155_17.06.2026 14:10:28	500.0	499.6666666666667	True	0.5	40.0	4	True	50.0	30.0	132.02908325195312	-68.94278287321164	13.538959503173828	10.693269913413623	9.81877326965332	8.342099058285303	14.338848114013672	11.311889763390573	9.363317489624023	7.93419641574532	-1.1076486110687256	-5.1579618255429	15.725720405578613	9.469760124032431	5.641506671905518	4.687613725802635	0.0	0.0	0.0	0.0
17.46436047554016	1781696481.0	1781696481.432634	6	12.0	14.0	32.0	34.0	NeuronSpectrum 17.06.2026 14:10:28	EEG	checkup_155_17.06.2026 14:10:28	500.0	499.6666666666667	True	0.5	40.0	4	True	50.0	30.0	105.59537506103516	-69.61088166956239	17.131982803344727	11.125127158768858	13.406970977783203	8.434379462577803	18.341869354248047	11.180669776067898	12.43929672241211	8.255539610272175	-5.284007549285889	-4.920514354475041	16.47318458557129	9.459587213018631	4.85033655166626	4.498274791948673	0.0	0.0	0.0	0.0
17.464362382888794	1781696481.0	1781696481.432636	6	12.0	14.0	32.0	34.0	NeuronSpectrum 17.06.2026 14:10:28	EEG	checkup_155_17.06.2026 14:10:28	500.0	499.6666666666667	True	0.5	40.0	4	True	50.0	30.0	62.40524673461914	-69.44271629463668	17.506114959716797	11.547727082733644	14.797752380371094	8.581928525247402	18.012859344482422	11.181425001195462	13.500523567199707	8.526990811198322	-10.790356636047363	-4.44581941932987	15.201478958129883	9.53326701858209	3.3133580684661865	4.126977298288973	0.0	0.0	0.0	0.0
17.51522397994995	1781696481.0	1781696481.4834976	6	12.0	14.0	32.0	34.0	NeuronSpectrum 17.06.2026 14:10:28	EEG	checkup_155_17.06.2026 14:10:28	500.0	499.6666666666667	True	0.5	40.0	4	True	50.0	30.0	121.83985900878906	-68.27187400681994	12.386049270629883	12.019268221962227	7.665750503540039	8.858987801773152	8.794942855834961	11.441447805211881	7.758138179779053	8.8253583784353	-1.6870205402374268	-3.702551656869721	12.53250503540039	9.817523009440855	0.18156389892101288	3.628336858801692	0.0	0.0	0.0	0.0
17.515230178833008	1781696481.0	1781696481.4835038	6	12.0	14.0	32.0	34.0	NeuronSpectrum 17.06.2026 14:10:28	EEG	checkup_155_17.06.2026 14:10:28	500.0	499.6666666666667	True	0.5	40.0	4	True	50.0	30.0	122.26573181152344	-66.16352903946279	11.830816268920898	12.561694697205894	7.131535530090332	9.302326367228806	8.340022087097168	12.033886267462602	7.282411575317383	9.195548197695912	-1.384564995765686	-2.710690709332717	12.304351806640625	10.390936714350978	-1.1155779361724854	3.0966538251286493	0.0	0.0	0.0	0.0
17.5152325630188	1781696481.0	1781696481.4835062	6	12.0	14.0	32.0	34.0	NeuronSpectrum 17.06.2026 14:10:28	EEG	checkup_155_17.06.2026 14:10:28	500.0	499.6666666666667	True	0.5	40.0	4	True	50.0	30.0	123.21331024169922	-63.38455374275182	11.755754470825195	13.146898686977133	7.3309550285339355	9.894027342776079	9.118538856506348	12.946086276250709	7.334829330444336	9.630365884299435	-0.7104614973068237	-1.5456164982140423	13.173449516296387	11.256170843386396	-1.0170302391052246	2.634837366774038	0.0	0.0	0.0	0.0
17.51523494720459	1781696481.0	1781696481.4835086	6	12.0	14.0	32.0	34.0	NeuronSpectrum 17.06.2026 14:10:28	EEG	checkup_155_17.06.2026 14:10:28	500.0	499.6666666666667	True	0.5	40.0	4	True	50.0	30.0	123.97488403320312	-60.3158848631218	12.208988189697266	13.691786513359828	8.198563575744629	10.552938078376002	10.874574661254883	14.065200987861681	7.855253219604492	10.059497863701706	0.21209709346294403	-0.3336532926222957	14.856045722961426	12.327338110575017	0.02613583765923977	2.324240633591093	0.0	0.0	0.0	0.0
17.515236854553223	1781696481.0	1781696481.4835105	6	12.0	14.0	32.0	34.0	NeuronSpectrum 17.06.2026 14:10:28	EEG	checkup_155_17.06.2026 14:10:28	500.0	499.6666666666667	True	0.5	40.0	4	True	50.0	30.0	123.49887084960938	-57.35221981900799	12.882365226745605	14.067216694155833	9.329959869384766	11.141526253069923	12.962142944335938	15.19013597053674	8.581588745117188	10.354743139377579	1.3467156887054443	0.7608592177130664	16.78818702697754	13.438733390186579	1.1358580589294434	2.205015843689005	0.0	0.0	0.0	0.0
17.515239000320435	1781696481.0	1781696481.4835126	6	12.0	14.0	32.0	34.0	NeuronSpectrum 17.06.2026 14:10:28	EEG	checkup_155_17.06.2026 14:10:28	500.0	499.6666666666667	True	0.5	40.0	4	True	50.0	30.0	120.9342269897461	-54.82686365121581	13.36269760131836	14.120437746272785	10.252748489379883	11.488745854780609	14.733839988708496	16.068640210701172	9.22874641418457	10.352782091614456	2.703559398651123	1.5570552366704429	18.438684463500977	14.37436387234791	1.6416397094726562	2.2712289694633796	0.0	0.0	0.0	0.0
17.515240907669067	1781696481.0	1781696481.4835145	6	12.0	14.0	32.0	34.0	NeuronSpectrum 17.06.2026 14:10:28	EEG	checkup_155_17.06.2026 14:10:28	500.0	499.6666666666667	True	0.5	40.0	4	True	50.0	30.0	116.54352569580078	-52.97527777414331	13.457754135131836	13.705953430327842	10.717689514160156	11.42357915251398	15.88834285736084	16.44952375068213	9.618326187133789	9.890743465322311	4.048809051513672	1.8869436790509584	19.517467498779297	14.91151580898595	1.4695520401000977	2.479255159613764	0.0	0.0	0.0	0.0
17.51524257659912	1781696481.0	1781696481.4835162	6	12.0	14.0	32.0	34.0	NeuronSpectrum 17.06.2026 14:10:28	EEG	checkup_155_17.06.2026 14:10:28	500.0	499.6666666666667	True	0.5	40.0	4	True	50.0	30.0	112.30879211425781	-51.928256622749856	13.342964172363281	12.71789279216873	10.820234298706055	10.811122613610978	16.564537048339844	16.136433542141503	9.691261291503906	8.846133913147334	4.6946797370910645	1.6290061144831245	20.010709762573242	14.868144519720614	1.033676028251648	2.7643502919960783	0.0	0.0	0.0	0.0
17.515244245529175	1781696481.0	1781696481.483518	6	12.0	14.0	32.0	34.0	NeuronSpectrum 17.06.2026 14:10:28	EEG	checkup_155_17.06.2026 14:10:28	500.0	499.6666666666667	True	0.5	40.0	4	True	50.0	30.0	111.2807846069336	-51.71452293735388	13.323453903198242	11.117585876881913	10.810525894165039	9.583475202832132	17.030424118041992	15.031034340126451	9.377429008483887	7.171767521097381	3.747011661529541	0.7382868365376464	20.03921127319336	14.143520149522384	0.832736611366272	3.0594693064341296	0.0	0.0	0.0	0.0
17.51524591445923	1781696481.0	1781696481.4835196	6	12.0	14.0	32.0	34.0	NeuronSpectrum 17.06.2026 14:10:28	EEG	checkup_155_17.06.2026 14:10:28	500.0	499.6666666666667	True	0.5	40.0	4	True	50.0	30.0	115.39942932128906	-52.25564214254607	13.277791976928711	8.951390309296306	10.636271476745605	7.7595638307022465	17.084009170532227	13.157191500710896	8.386695861816406	4.9173758264378815	0.7909715175628662	-0.7367634926130732	19.590986251831055	12.743403671570292	1.0678514242172241	3.311535813323992	0.0	0.0	0.0	0.0
17.515247583389282	1781696481.0	1781696481.4835212	6	12.0	14.0	32.0	34.0	NeuronSpectrum 17.06.2026 14:10:28	EEG	checkup_155_17.06.2026 14:10:28	500.0	499.6666666666667	True	0.5	40.0	4	True	50.0	30.0	122.95242309570312	-53.351268856677535	12.230067253112793	6.35456077332792	9.556392669677734	5.4498064542910205	15.648693084716797	10.661480509271248	6.112478733062744	2.231797405149062	-3.491361141204834	-2.658280372375636	18.280736923217773	10.783977906091396	1.571319818496704	3.4921067923239044	0.0	0.0	0.0	0.0
17.515249252319336	1781696481.0	1781696481.483523	6	12.0	14.0	32.0	34.0	NeuronSpectrum 17.06.2026 14:10:28	EEG	checkup_155_17.06.2026 14:10:28	500.0	499.6666666666667	True	0.5	40.0	4	True	50.0	30.0	127.7878646850586	-54.67178118895445	8.637057304382324	3.5374751662830777	6.315607070922852	2.8429792591925875	11.184798240661621	7.788613783696362	1.8953282833099365	-0.6570746557355265	-7.394513130187988	-4.8250990706291494	15.396612167358398	8.472384213409214	2.020171642303467	3.600853340632243	0.0	0.0	0.0	0.0
17.51525068283081	1781696481.0	1781696481.4835243	6	12.0	14.0	32.0	34.0	NeuronSpectrum 17.06.2026 14:10:28	EEG	checkup_155_17.06.2026 14:10:28	500.0	499.6666666666667	True	0.5	40.0	4	True	50.0	30.0	121.7052993774414	-55.78558217844594	1.5486425161361694	0.7527446786848551	0.07015704363584518	0.1750992600309349	3.0123579502105713	4.834548879861053	-4.313640117645264	-3.4826923383004327	-9.115154266357422	-7.014466598639273	10.399532318115234	6.066312783604049	2.1947786808013916	3.661440855928469	0.0	0.0	0.0	0.0
17.515252351760864	1781696481.0	1781696481.483526	6	12.0	14.0	32.0	34.0	NeuronSpectrum 17.06.2026 14:10:28	EEG	checkup_155_17.06.2026 14:10:28	500.0	499.6666666666667	True	0.5	40.0	4	True	50.0	30.0	99.21958923339844	-56.23839443719855	-8.016339302062988	-1.7527144446419867	-8.4166898727417	-2.3151223222027313	-7.243158340454102	2.086339618411057	-11.277348518371582	-5.992665048801538	-8.010163307189941	-9.02744817909471	3.6623616218566895	3.820824089797041	2.067720413208008	3.710630642606378	0.0	0.0	0.0	0.0
17.51525378227234	1781696481.0	1781696481.4835274	6	12.0	14.0	32.0	34.0	NeuronSpectrum 17.06.2026 14:10:28	EEG	checkup_155_17.06.2026 14:10:28	500.0	499.6666666666667	True	0.5	40.0	4	True	50.0	30.0	61.708648681640625	-55.67157791171105	-16.667051315307617	-3.788824531062779	-16.312612533569336	-4.433450191810667	-15.41851806640625	-0.23531792672283372	-16.446979522705078	-8.000403999681307	-5.288928031921387	-10.72578719010434	-3.1458747386932373	1.9361366142718386	1.7245802879333496	3.7829612216196007	0.0	0.0	0.0	0.0
17.566188097000122	1781696481.0	1781696481.5344617	6	12.0	14.0	32.0	34.0	NeuronSpectrum 17.06.2026 14:10:28	EEG	checkup_155_17.06.2026 14:10:28	500.0	499.6666666666667	True	0.5	40.0	4	True	50.0	30.0	116.5899429321289	-53.93372067696448	-4.384871482849121	-5.259813823366135	-6.028319358825684	-6.065216871665716	-0.8192607164382935	-2.0123817030844586	-9.846564292907715	-9.420089018136405	-14.095463752746582	-12.051970015821428	6.2927117347717285	0.5221950872025668	0.9968941807746887	3.8949106678083756	0.0	0.0	0.0	0.0
17.566193342208862	1781696481.0	1781696481.534467	6	12.0	14.0	32.0	34.0	NeuronSpectrum 17.06.2026 14:10:28	EEG	checkup_155_17.06.2026 14:10:28	500.0	499.6666666666667	True	0.5	40.0	4	True	50.0	30.0	117.35468292236328	-51.13205439833778	-4.140679359436035	-6.1742314903807625	-6.284091949462891	-7.186572778870046	-0.7875853776931763	-3.2327993220292535	-9.355923652648926	-10.274019165221727	-13.640764236450195	-13.029323660488613	6.315834999084473	-0.40890646052063484	1.2933497428894043	4.0332924640912875	0.0	0.0	0.0	0.0
17.566195964813232	1781696481.0	1781696481.5344696	6	12.0	14.0	32.0	34.0	NeuronSpectrum 17.06.2026 14:10:28	EEG	checkup_155_17.06.2026 14:10:28	500.0	499.6666666666667	True	0.5	40.0	4	True	50.0	30.0	118.14191436767578	-47.599112541396124	-3.412869930267334	-6.625163423289976	-6.031702995300293	-7.849945751749777	-0.8975354433059692	-3.96330823171605	-8.40017032623291	-10.671441457237966	-12.7149076461792	-13.742915414966628	6.469770431518555	-0.9224444668435744	1.5976988077163696	4.152110425759206	0.0	0.0	0.0	0.0
17.566198348999023	1781696481.0	1781696481.534472	6	12.0	14.0	32.0	34.0	NeuronSpectrum 17.06.2026 14:10:28	EEG	checkup_155_17.06.2026 14:10:28	500.0	499.6666666666667	True	0.5	40.0	4	True	50.0	30.0	118.81087493896484	-43.794493967957074	-2.9424562454223633	-6.750837076067114	-5.844949245452881	-8.152349024494017	-1.511134386062622	-4.30689139901411	-7.755454063415527	-10.768110925187056	-12.142374038696289	-14.305658884554184	6.343796253204346	-1.123292151672161	1.6724385023117065	4.180028788037447	0.0	0.0	0.0	0.0
17.566200017929077	1781696481.0	1781696481.5344737	6	12.0	14.0	32.0	34.0	NeuronSpectrum 17.06.2026 14:10:28	EEG	checkup_155_17.06.2026 14:10:28	500.0	499.6666666666667	True	0.5	40.0	4	True	50.0	30.0	118.61132049560547	-40.188238995034915	-3.2130532264709473	-6.691409036315025	-6.1168928146362305	-8.199806043104413	-2.5673608779907227	-4.363052075178322	-7.872173309326172	-10.720745450977123	-12.606171607971191	-14.818485083210428	5.742074489593506	-1.1161957693663327	1.5177803039550781	4.0376243254488	0.0	0.0	0.0	0.0
17.56620192527771	1781696481.0	1781696481.5344756	6	12.0	14.0	32.0	34.0	NeuronSpectrum 17.06.2026 14:10:28	EEG	checkup_155_17.06.2026 14:10:28	500.0	499.6666666666667	True	0.5	40.0	4	True	50.0	30.0	116.58780670166016	-37.168545856243135	-4.160919189453125	-6.5550259769263155	-6.797608375549316	-8.078826653362157	-3.652188539505005	-4.202609371812049	-8.630620002746582	-10.64917518706956	-14.186379432678223	-15.336816400128829	4.841066837310791	-0.9765136409888612	1.314466118812561	3.660768438161828	0.0	0.0	0.0	0.0
17.566203594207764	1781696481.0	1781696481.5344772	6	12.0	14.0	32.0	34.0	NeuronSpectrum 17.06.2026 14:10:28	EEG	checkup_155_17.06.2026 14:10:28	500.0	499.6666666666667	True	0.5	40.0	4	True	50.0	30.0	112.74549865722656	-34.99425583089208	-5.308661460876465	-6.3997521731955755	-7.5029096603393555	-7.840533527362432	-4.34716796875	-3.8597022764855846	-9.536136627197266	-10.614147425699516	-16.179948806762695	-15.854559007439535	4.112942218780518	-0.7371965631637822	1.1865735054016113	3.0246846172626927	0.0	0.0	0.0	0.0
17.566205501556396	1781696481.0	1781696481.5344791	6	12.0	14.0	32.0	34.0	NeuronSpectrum 17.06.2026 14:10:28	EEG	checkup_155_17.06.2026 14:10:28	500.0	499.6666666666667	True	0.5	40.0	4	True	50.0	30.0	108.98987579345703	-33.7883535289737	-6.251302719116211	-6.23220405365278	-7.951185703277588	-7.498510892343348	-4.627769947052002	-3.3378553891627907	-10.239848136901855	-10.613569771542215	-17.458236694335938	-16.310703601684672	3.998007297515869	-0.39164207410707297	1.0297470092773438	2.1626627897085626	0.0	0.0	0.0	0.0
17.56620717048645	1781696481.0	1781696481.5344808	6	12.0	14.0	32.0	34.0	NeuronSpectrum 17.06.2026 14:10:28	EEG	checkup_155_17.06.2026 14:10:28	500.0	499.6666666666667	True	0.5	40.0	4	True	50.0	30.0	108.53607177734375	-33.552791299924884	-7.00358772277832	-6.020325197177968	-8.273425102233887	-7.038871156636034	-4.868638515472412	-2.6253893126176395	-10.877281188964844	-10.595964814737641	-17.225990295410156	-16.61531280599443	4.574365615844727	0.09158655674051773	0.5451803207397461	1.1739508047266307	0.0	0.0	0.0	0.0
17.566209077835083	1781696481.0	1781696481.5344827	6	12.0	14.0	32.0	34.0	NeuronSpectrum 17.06.2026 14:10:28	EEG	checkup_155_17.06.2026 14:10:28	500.0	499.6666666666667	True	0.5	40.0	4	True	50.0	30.0	113.46715545654297	-34.182303319746744	-7.796933650970459	-5.716105162967314	-8.797959327697754	-6.439654498356496	-5.314953804016113	-1.7161099093996213	-11.814961433410645	-10.487079008623116	-15.686568260192871	-16.685319273863517	5.517200469970703	0.7472670842000296	-0.49425768852233887	0.2169257612417903	0.0	0.0	0.0	0.0
17.566210508346558	1781696481.0	1781696481.5344841	6	12.0	14.0	32.0	34.0	NeuronSpectrum 17.06.2026 14:10:28	EEG	checkup_155_17.06.2026 14:10:28	500.0	499.6666666666667	True	0.5	40.0	4	True	50.0	30.0	121.90729522705078	-35.46630351332125	-8.457043647766113	-5.282955048211307	-9.414464950561523	-5.695273387403031	-5.461737155914307	-0.6315419252300777	-12.951502799987793	-10.223281082239081	-14.068649291992188	-16.478732205113953	6.411384582519531	1.5899481651337486	-2.003305435180664	-0.5136503301258643	0.0	0.0	0.0	0.0
17.56621241569519	1781696481.0	1781696481.534486	6	12.0	14.0	32.0	34.0	NeuronSpectrum 17.06.2026 14:10:28	EEG	checkup_155_17.06.2026 14:10:28	500.0	499.6666666666667	True	0.5	40.0	4	True	50.0	30.0	127.2452621459961	-37.087563375488145	-8.059825897216797	-4.721213150490422	-9.185133934020996	-4.839787925438474	-4.114243030548096	0.5601078056697847	-13.278716087341309	-9.783305194440386	-13.849505424499512	-16.01824324885917	7.134200572967529	2.592539443657414	-3.510624408721924	-0.8227920440087638	0.0	0.0	0.0	0.0
17.566214084625244	1781696481.0	1781696481.5344877	6	12.0	14.0	32.0	34.0	NeuronSpectrum 17.06.2026 14:10:28	EEG	checkup_155_17.06.2026 14:10:28	500.0	499.6666666666667	True	0.5	40.0	4	True	50.0	30.0	120.89227294921875	-38.641482987476756	-5.501419544219971	-4.084484830283184	-6.851299285888672	-3.9612805846068975	-0.4474025368690491	1.734481535551629	-11.378170013427734	-9.208898863318016	-15.63300609588623	-15.399313638722896	7.888590335845947	3.671570151116731	-4.395908355712891	-0.5583625491621413	0.0	0.0	0.0	0.0
17.566215991973877	1781696481.0	1781696481.5344896	6	12.0	14.0	32.0	34.0	NeuronSpectrum 17.06.2026 14:10:28	EEG	checkup_155_17.06.2026 14:10:28	500.0	499.6666666666667	True	0.5	40.0	4	True	50.0	30.0	97.4476318359375	-39.69685729846144	-0.7839980721473694	-3.4807691503151847	-2.1009340286254883	-3.200409422239999	4.59714937210083	2.7168155040890074	-6.7135186195373535	-8.606718570175651	-18.44532585144043	-14.781019165233651	8.792404174804688	4.684228190045089	-4.2403459548950195	0.34856350019559484	0.0	0.0	0.0	0.0
17.56621766090393	1781696481.0	1781696481.5344913	6	12.0	14.0	32.0	34.0	NeuronSpectrum 17.06.2026 14:10:28	EEG	checkup_155_17.06.2026 14:10:28	500.0	499.6666666666667	True	0.5	40.0	4	True	50.0	30.0	58.943382263183594	-39.894455652096475	4.047154426574707	-3.0564125424242006	3.3935725688934326	-2.7304914560627287	7.8757476806640625	3.305014463860433	-0.7222406268119812	-8.129205656167183	-20.03192901611328	-14.359704592252422	9.380193710327148	5.441851186431144	-3.0824763774871826	1.8565924210493219	0.0	0.0	0.0	0.0
17.566219568252563	1781696481.0	1781696481.5344932	6	12.0	14.0	32.0	34.0	NeuronSpectrum 17.06.2026 14:10:28	EEG	checkup_155_17.06.2026 14:10:28	500.0	499.6666666666667	True	0.5	40.0	4	True	50.0	30.0	107.42807006835938	-39.04818013654755	-4.250346660614014	-2.9663719383998104	-4.29968786239624	-2.722765032452852	1.4370068311691284	3.306845315630516	-8.636387825012207	-7.9393521494629935	-11.969590187072754	-14.32775157261419	12.500679016113281	5.741643326524421	0.011284798383712769	3.808668048827437	0.0	0.0	0.0	0.0
17.566221237182617	1781696481.0	1781696481.5344949	6	12.0	14.0	32.0	34.0	NeuronSpectrum 17.06.2026 14:10:28	EEG	checkup_155_17.06.2026 14:10:28	500.0	499.6666666666667	True	0.5	40.0	4	True	50.0	30.0	106.62013244628906	-37.20146419899985	-3.311746597290039	-3.3380360649231147	-3.646488904953003	-3.3053597003046886	2.0262832641601562	2.58380018870706	-7.370975017547607	-8.16938649699389	-11.27902603149414	-14.824477961360563	13.632554054260254	5.412755913645666	3.4164507389068604	5.952145857858597	0.0	0.0	0.0	0.0
17.56622338294983	1781696481.0	1781696481.534497	6	12.0	14.0	32.0	34.0	NeuronSpectrum 17.06.2026 14:10:28	EEG	checkup_155_17.06.2026 14:10:28	500.0	499.6666666666667	True	0.5	40.0	4	True	50.0	30.0	107.75318145751953	-34.612425183864985	-3.355436325073242	-4.2365783808248265	-4.180275917053223	-4.5258474350914675	1.0542957782745361	1.092313789796183	-7.322298049926758	-8.884162817380162	-12.376340866088867	-15.892078953288534	12.960846900939941	4.366149953449672	6.883856296539307	7.9814366691537995	0.0	0.0	0.0	0.0
17.566225290298462	1781696481.0	1781696481.534499	6	12.0	14.0	32.0	34.0	NeuronSpectrum 17.06.2026 14:10:28	EEG	checkup_155_17.06.2026 14:10:28	500.0	499.6666666666667	True	0.5	40.0	4	True	50.0	30.0	110.0874252319336	-31.678667719439915	-4.690231800079346	-5.639266499207241	-6.0423431396484375	-6.326293930573083	-1.4689894914627075	-1.0875619166254245	-8.713415145874023	-10.05789614686652	-15.178068161010742	-17.45186032279645	10.509561538696289	2.63311272723705	9.519173622131348	9.594167949234416	0.0	0.0	0.0	0.0
17.566226959228516	1781696481.0	1781696481.5345006	6	12.0	14.0	32.0	34.0	NeuronSpectrum 17.06.2026 14:10:28	EEG	checkup_155_17.06.2026 14:10:28	500.0	499.6666666666667	True	0.5	40.0	4	True	50.0	30.0	111.86649322509766	-28.837259239097	-7.128437519073486	-7.426067640362276	-8.913849830627441	-8.53841308016763	-5.043120861053467	-3.745868170668358	-11.111746788024902	-11.570368424567866	-18.66268539428711	-19.311174168651092	6.946755886077881	0.3779489350496742	10.582690238952637	10.547967641364899	0.0	0.0	0.0	0.0
17.56622886657715	1781696481.0	1781696481.5345025	6	12.0	14.0	32.0	34.0	NeuronSpectrum 17.06.2026 14:10:28	EEG	checkup_155_17.06.2026 14:10:28	500.0	499.6666666666667	True	0.5	40.0	4	True	50.0	30.0	111.2422866821289	-26.475346990041054	-10.181341171264648	-9.392814643877959	-12.292486190795898	-10.904086094343112	-9.03660774230957	-6.566182957947355	-13.78839111328125	-13.225783086233537	-21.582246780395508	-21.201121223429798	3.068051338195801	-2.123119741021428	9.811358451843262	10.70484756397807	0.0	0.0	0.0	0.0
17.566230535507202	1781696481.0	1781696481.5345042	6	12.0	14.0	32.0	34.0	NeuronSpectrum 17.06.2026 14:10:28	EEG	checkup_155_17.06.2026 14:10:28	500.0	499.6666666666667	True	0.5	40.0	4	True	50.0	30.0	107.66412353515625	-24.871496999148384	-13.2172269821167	-11.288509844293225	-15.637436866760254	-13.121187393068372	-12.810807228088379	-9.179287227511761	-16.0921573638916	-14.792555631375551	-23.339113235473633	-22.83481167563641	-0.5267775654792786	-4.534607191022635	7.593847274780273	10.053826028114178	0.0	0.0	0.0	0.0
17.566232442855835	1781696481.0	1781696481.534506	6	12.0	14.0	32.0	34.0	NeuronSpectrum 17.06.2026 14:10:28	EEG	checkup_155_17.06.2026 14:10:28	500.0	499.6666666666667	True	0.5	40.0	4	True	50.0	30.0	102.76882934570312	-24.17021463094437	-15.47601318359375	-12.870254892391305	-18.281021118164062	-14.906642905671623	-15.561677932739258	-11.237509314730145	-17.56707000732422	-16.05586916144479	-24.311792373657227	-23.970502370387194	-3.330152988433838	-6.533528194765443	4.805960655212402	8.708599057252904	0.0	0.0	0.0	0.0
17.566234588623047	1781696481.0	1781696481.5345082	6	12.0	14.0	32.0	34.0	NeuronSpectrum 17.06.2026 14:10:28	EEG	checkup_155_17.06.2026 14:10:28	500.0	499.6666666666667	True	0.5	40.0	4	True	50.0	30.0	99.76568603515625	-24.379647983122695	-16.197317123413086	-13.961359365699066	-19.435392379760742	-16.061085406504077	-16.3664493560791	-12.491188160626221	-17.93069076538086	-16.86946913942105	-25.349660873413086	-24.464310378157553	-4.738564968109131	-7.881181574902883	2.3829104900360107	6.88352441750344	0.0	0.0	0.0	0.0
17.56623649597168	1781696481.0	1781696481.5345101	6	12.0	14.0	32.0	34.0	NeuronSpectrum 17.06.2026 14:10:28	EEG	checkup_155_17.06.2026 14:10:28	500.0	499.6666666666667	True	0.5	40.0	4	True	50.0	30.0	101.18091583251953	-25.3788792575494	-15.081024169921875	-14.494706376255355	-18.606828689575195	-16.516257404069002	-14.783406257629395	-12.84529202829304	-17.165971755981445	-17.191736173243935	-26.803821563720703	-24.301394378036818	-4.238912582397461	-8.475044836333227	0.8450660109519958	4.855635205740296	0.0	0.0	0.0	0.0
17.566238403320312	1781696481.0	1781696481.534512	6	12.0	14.0	32.0	34.0	NeuronSpectrum 17.06.2026 14:10:28	EEG	checkup_155_17.06.2026 14:10:28	500.0	499.6666666666667	True	0.5	40.0	4	True	50.0	30.0	106.23401641845703	-26.92751965845113	-12.826067924499512	-14.52686836469084	-16.219831466674805	-16.349808802688187	-11.625520706176758	-12.378883058277612	-15.723918914794922	-17.094752147036143	-27.86459732055664	-23.599631000089573	-1.9728038311004639	-8.366419412758223	0.11153056472539902	2.9215394454987877	0.0	0.0	0.0	0.0
17.566240310668945	1781696481.0	1781696481.534514	6	12.0	14.0	32.0	34.0	NeuronSpectrum 17.06.2026 14:10:28	EEG	checkup_155_17.06.2026 14:10:28	500.0	499.6666666666667	True	0.5	40.0	4	True	50.0	30.0	109.90567779541016	-28.682666338053455	-11.115221977233887	-14.217958591500459	-13.791471481323242	-15.7618455826915	-8.977839469909668	-11.321683875032916	-14.519379615783691	-16.742914192209888	-26.853212356567383	-22.584450117211375	0.8687753677368164	-7.7398171768471276	-0.3029053509235382	1.3561980038099168	0.0	0.0	0.0	0.0
17.56624174118042	1781696481.0	1781696481.5345154	6	12.0	14.0	32.0	34.0	NeuronSpectrum 17.06.2026 14:10:28	EEG	checkup_155_17.06.2026 14:10:28	500.0	499.6666666666667	True	0.5	40.0	4	True	50.0	30.0	105.01166534423828	-30.23737872060352	-11.641294479370117	-13.78388921958471	-13.136707305908203	-15.020007474844261	-8.935589790344238	-9.99586459357166	-14.418155670166016	-16.346952092908413	-22.410682678222656	-21.538330894218205	2.4480392932891846	-6.8617712117034095	-0.8555222153663635	0.37742043646307966	0.0	0.0	0.0	0.0
17.566243648529053	1781696481.0	1781696481.5345173	6	12.0	14.0	32.0	34.0	NeuronSpectrum 17.06.2026 14:10:28	EEG	checkup_155_17.06.2026 14:10:28	500.0	499.6666666666667	True	0.5	40.0	4	True	50.0	30.0	86.47686767578125	-31.19054894629921	-14.613112449645996	-13.436485958099933	-14.90549373626709	-14.38990648456502	-11.69668960571289	-8.741346120574413	-15.393767356872559	-16.10663777282489	-14.813361167907715	-20.734849754725662	1.463254451751709	-6.01543273366869	-1.6142151355743408	0.11758317397211715	0.0	0.0	0.0	0.0
17.566245317459106	1781696481.0	1781696481.534519	6	12.0	14.0	32.0	34.0	NeuronSpectrum 17.06.2026 14:10:28	EEG	checkup_155_17.06.2026 14:10:28	500.0	499.6666666666667	True	0.5	40.0	4	True	50.0	30.0	55.10622024536133	-31.23814402474334	-17.91448402404785	-13.329356548163293	-17.55568504333496	-14.071433880873832	-14.581174850463867	-7.845466800654507	-16.041370391845703	-16.158586662237752	-6.404747486114502	-20.37432966430557	-1.7090649604797363	-5.439741137941366	-2.263007402420044	0.6038196899090311	0.0	0.0	0.0	0.0
17.618242740631104	1781696481.0	1781696481.5865164	6	12.0	14.0	32.0	34.0	NeuronSpectrum 17.06.2026 14:10:28	EEG	checkup_155_17.06.2026 14:10:28	500.0	499.6666666666667	True	0.5	40.0	4	True	50.0	30.0	101.40522766113281	-30.252862944647834	-10.09017276763916	-13.523811402041487	-12.111710548400879	-14.158074866142897	-5.908374786376953	-7.493294664445971	-13.062530517578125	-16.543776329447805	-21.05924415588379	-20.541596565420985	4.396286964416504	-5.287961971400112	-3.409796953201294	1.7494538368173145	0.0	0.0	0.0	0.0
17.61825132369995	1781696481.0	1781696481.586525	6	12.0	14.0	32.0	34.0	NeuronSpectrum 17.06.2026 14:10:28	EEG	checkup_155_17.06.2026 14:10:28	500.0	499.6666666666667	True	0.5	40.0	4	True	50.0	30.0	101.36161041259766	-28.314748800283787	-13.617538452148438	-13.982523760565014	-15.846975326538086	-14.628435172801463	-9.76009464263916	-7.747019570364738	-16.4564151763916	-17.203727284194247	-24.202768325805664	-21.200630435893196	0.7797005772590637	-5.612814388104683	-1.7399042844772339	3.361030460542475	0.0	0.0	0.0	0.0
17.61826205253601	1781696481.0	1781696481.5865357	6	12.0	14.0	32.0	34.0	NeuronSpectrum 17.06.2026 14:10:28	EEG	checkup_155_17.06.2026 14:10:28	500.0	499.6666666666667	True	0.5	40.0	4	True	50.0	30.0	100.9638671875	-25.67839093134786	-16.500856399536133	-14.591357986090308	-18.711700439453125	-15.369674687299971	-12.458911895751953	-8.554899568051114	-19.385251998901367	-18.006034658287895	-26.67941665649414	-22.225993879639308	-2.1071953773498535	-6.377461452000382	1.092830777168274	5.16476163784199	0.0	0.0	0.0	0.0
17.61826467514038	1781696481.0	1781696481.5865383	6	12.0	14.0	32.0	34.0	NeuronSpectrum 17.06.2026 14:10:28	EEG	checkup_155_17.06.2026 14:10:28	500.0	499.6666666666667	True	0.5	40.0	4	True	50.0	30.0	100.21739959716797	-22.696059804774883	-17.588655471801758	-15.202169782032907	-19.631864547729492	-16.22334309264437	-13.001906394958496	-9.782877814244587	-20.730266571044922	-18.790667608430656	-27.631515502929688	-23.455183033867527	-3.1966962814331055	-7.484867841841973	4.240408897399902	6.8523189647261535	0.0	0.0	0.0	0.0
17.618266582489014	1781696481.0	1781696481.5865402	6	12.0	14.0	32.0	34.0	NeuronSpectrum 17.06.2026 14:10:28	EEG	checkup_155_17.06.2026 14:10:28	500.0	499.6666666666667	True	0.5	40.0	4	True	50.0	30.0	98.81381225585938	-19.733837906639078	-16.91594886779785	-15.68239221930875	-18.8675537109375	-17.037359037147244	-12.074116706848145	-11.256226507708856	-20.361343383789062	-19.421068241689653	-27.35491180419922	-24.739531407280687	-2.875302791595459	-8.813535869109977	6.842592239379883	8.139533439265684	0.0	0.0	0.0	0.0
17.618268966674805	1781696481.0	1781696481.5865426	6	12.0	14.0	32.0	34.0	NeuronSpectrum 17.06.2026 14:10:28	EEG	checkup_155_17.06.2026 14:10:28	500.0	499.6666666666667	True	0.5	40.0	4	True	50.0	30.0	96.423828125	-17.11072525684877	-15.4493408203125	-15.95445310369828	-17.565265655517578	-17.706714779042123	-11.3743896484375	-12.797415375465095	-18.986419677734375	-19.82236116765072	-26.844444274902344	-25.976536089168743	-2.4571645259857178	-10.24733457919757	8.335158348083496	8.825521076226524	0.0	0.0	0.0	0.0
17.6182758808136	1781696481.0	1781696481.5865495	6	12.0	14.0	32.0	34.0	NeuronSpectrum 17.06.2026 14:10:28	EEG	checkup_155_17.06.2026 14:10:28	500.0	499.6666666666667	True	0.5	40.0	4	True	50.0	30.0	93.43546295166016	-15.07036075401396	-14.372410774230957	-16.012401234175464	-16.906774520874023	-18.19135774063702	-12.398594856262207	-14.251454106366943	-17.620824813842773	-19.99459111742024	-26.89685821533203	-27.11782390271318	-3.111072301864624	-11.691811400755542	8.493412971496582	8.837112080271494	0.0	0.0	0.0	0.0
17.61828112602234	1781696481.0	1781696481.5865548	6	12.0	14.0	32.0	34.0	NeuronSpectrum 17.06.2026 14:10:28	EEG	checkup_155_17.06.2026 14:10:28	500.0	499.6666666666667	True	0.5	40.0	4	True	50.0	30.0	91.44522857666016	-13.776135573822073	-14.483623504638672	-15.9128573678726	-17.534902572631836	-18.509838001430733	-15.581721305847168	-15.498166070972458	-17.121952056884766	-19.999333750274634	-27.565874099731445	-28.15717489544369	-5.109981060028076	-13.076549117466465	7.354531288146973	8.245783553230629	0.0	0.0	0.0	0.0
17.61828303337097	1781696481.0	1781696481.5865567	6	12.0	14.0	32.0	34.0	NeuronSpectrum 17.06.2026 14:10:28	EEG	checkup_155_17.06.2026 14:10:28	500.0	499.6666666666667	True	0.5	40.0	4	True	50.0	30.0	92.63919830322266	-13.31118252719867	-15.942235946655273	-15.747265599854115	-19.45457649230957	-18.71637621627765	-20.152101516723633	-16.456644542102076	-17.937334060668945	-19.928084152518284	-28.38467025756836	-29.108132578879797	-7.849389553070068	-14.348668412424955	5.181346893310547	7.251029092915194	0.0	0.0	0.0	0.0
17.618284940719604	1781696481.0	1781696481.5865586	6	12.0	14.0	32.0	34.0	NeuronSpectrum 17.06.2026 14:10:28	EEG	checkup_155_17.06.2026 14:10:28	500.0	499.6666666666667	True	0.5	40.0	4	True	50.0	30.0	97.96309661865234	-13.66770811056832	-18.218441009521484	-15.607580246736381	-22.10962677001953	-18.87283256743372	-24.463674545288086	-17.087152642007506	-19.91756248474121	-19.865954856944413	-29.03750228881836	-29.980672650562113	-10.381674766540527	-15.463978436341408	2.5223703384399414	6.133123605312776	0.0	0.0	0.0	0.0
17.618286609649658	1781696481.0	1781696481.5865602	6	12.0	14.0	32.0	34.0	NeuronSpectrum 17.06.2026 14:10:28	EEG	checkup_155_17.06.2026 14:10:28	500.0	499.6666666666667	True	0.5	40.0	4	True	50.0	30.0	105.206787109375	-14.723877333160111	-20.095895767211914	-15.556485973727426	-24.362285614013672	-19.024933121551335	-26.48554801940918	-17.39109615367325	-22.111968994140625	-19.862852183748387	-29.74526023864746	-30.76339833933888	-11.893310546875	-16.380078270770483	0.17001742124557495	5.186792563019619	0.0	0.0	0.0	0.0
17.61828851699829	1781696481.0	1781696481.5865622	6	12.0	14.0	32.0	34.0	NeuronSpectrum 17.06.2026 14:10:28	EEG	checkup_155_17.06.2026 14:10:28	500.0	499.6666666666667	True	0.5	40.0	4	True	50.0	30.0	108.75131225585938	-16.224153205721677	-19.904529571533203	-15.608158458981238	-24.560955047607422	-19.18667611715791	-24.472259521484375	-17.404940591473732	-22.818157196044922	-19.91837205549498	-30.90639877319336	-31.414346179544673	-11.835637092590332	-17.052454358469227	-1.1220691204071045	4.6528105485073805	0.0	0.0	0.0	0.0
17.618303775787354	1781696481.0	1781696481.5865774	6	12.0	14.0	32.0	34.0	NeuronSpectrum 17.06.2026 14:10:28	EEG	checkup_155_17.06.2026 14:10:28	500.0	499.6666666666667	True	0.5	40.0	4	True	50.0	30.0	101.93389892578125	-17.78942345007595	-16.299516677856445	-15.720564283081599	-21.163021087646484	-19.33233077369222	-17.930381774902344	-17.183835080571768	-20.28374671936035	-19.98032510815421	-32.29794692993164	-31.861183793654547	-9.927946090698242	-17.4328883074024	-1.0406891107559204	4.665360600089725	0.0	0.0	0.0	0.0
17.618306636810303	1781696481.0	1781696481.5865803	6	12.0	14.0	32.0	34.0	NeuronSpectrum 17.06.2026 14:10:28	EEG	checkup_155_17.06.2026 14:10:28	500.0	499.6666666666667	True	0.5	40.0	4	True	50.0	30.0	81.04530334472656	-18.9761369993449	-9.441598892211914	-15.798752553845166	-13.924971580505371	-19.39506799876448	-8.577653884887695	-16.776891610450342	-13.968231201171875	-19.95395544469521	-32.613067626953125	-32.01046611344559	-6.348463535308838	-17.470303922757523	0.0613507404923439	5.228765858953374	0.0	0.0	0.0	0.0
17.618308782577515	1781696481.0	1781696481.5865824	6	12.0	14.0	32.0	34.0	NeuronSpectrum 17.06.2026 14:10:28	EEG	checkup_155_17.06.2026 14:10:28	500.0	499.6666666666667	True	0.5	40.0	4	True	50.0	30.0	48.390663146972656	-19.378194479537253	-1.7623965740203857	-15.7104089931894	-4.8828959465026855	-19.274613995192812	-0.4470047652721405	-16.204974229806346	-5.557544231414795	-19.7202962730858	-29.920127868652344	-31.7650057298856	-2.0642707347869873	-17.11629106246611	1.3557097911834717	6.229079511649055	0.0	0.0	0.0	0.0
17.618310689926147	1781696481.0	1781696481.5865843	6	12.0	14.0	32.0	34.0	NeuronSpectrum 17.06.2026 14:10:28	EEG	checkup_155_17.06.2026 14:10:28	500.0	499.6666666666667	True	0.5	40.0	4	True	50.0	30.0	90.08992767333984	-18.735964128577884	-22.912425994873047	-15.31575216659763	-26.84560203552246	-18.85849232867491	-23.762174606323242	-15.455640435444174	-25.06517219543457	-19.163939040497635	-36.095821380615234	-31.047319852149286	-13.512537956237793	-16.337917722924274	7.178123950958252	7.476127204615923	0.0	0.0	0.0	0.0
17.6183123588562	1781696481.0	1781696481.586586	6	12.0	14.0	32.0	34.0	NeuronSpectrum 17.06.2026 14:10:28	EEG	checkup_155_17.06.2026 14:10:28	500.0	499.6666666666667	True	0.5	40.0	4	True	50.0	30.0	89.314453125	-17.006504368504537	-21.930164337158203	-14.508692752270337	-26.077404022216797	-18.056711300206885	-23.86092185974121	-14.502188571196882	-23.619049072265625	-18.207550643693374	-34.533260345458984	-29.824765714252223	-12.396571159362793	-15.136633550323277	9.758108139038086	8.762522072066584	0.0	0.0	0.0	0.0
17.618314504623413	1781696481.0	1781696481.5865881	6	12.0	14.0	32.0	34.0	NeuronSpectrum 17.06.2026 14:10:28	EEG	checkup_155_17.06.2026 14:10:28	500.0	499.6666666666667	True	0.5	40.0	4	True	50.0	30.0	90.12661743164062	-14.368322956956769	-18.314247131347656	-13.256499488113132	-22.692058563232422	-16.839125400490822	-21.309322357177734	-13.337713146974595	-19.779674530029297	-16.8429616624002	-30.95610809326172	-28.129059475484414	-9.231311798095703	-13.565704734716812	10.872504234313965	9.920684375722388	0.0	0.0	0.0	0.0
17.618316411972046	1781696481.0	1781696481.58659	6	12.0	14.0	32.0	34.0	NeuronSpectrum 17.06.2026 14:10:28	EEG	checkup_155_17.06.2026 14:10:28	500.0	499.6666666666667	True	0.5	40.0	4	True	50.0	30.0	92.25515747070312	-11.167343918754064	-13.326086044311523	-11.620248354568378	-17.83932113647461	-15.257799857869047	-16.933589935302734	-12.003520029971261	-14.81263542175293	-15.144421295841392	-26.430465698242188	-26.06206720579261	-4.9235758781433105	-11.735554317540007	10.418861389160156	10.859460440702916	0.0	0.0	0.0	0.0
17.6183180809021	1781696481.0	1781696481.5865917	6	12.0	14.0	32.0	34.0	NeuronSpectrum 17.06.2026 14:10:28	EEG	checkup_155_17.06.2026 14:10:28	500.0	499.6666666666667	True	0.5	40.0	4	True	50.0	30.0	94.63309478759766	-7.832647039431434	-8.894325256347656	-9.745356390078406	-13.351273536682129	-13.441992394134418	-12.548317909240723	-10.594596392198069	-10.48731803894043	-13.255608425400473	-22.194055557250977	-23.78333167553657	-0.9409828782081604	-9.800886040783968	8.815834045410156	11.569241466917351	0.0	0.0	0.0	0.0
17.61832046508789	1781696481.0	1781696481.586594	6	12.0	14.0	32.0	34.0	NeuronSpectrum 17.06.2026 14:10:28	EEG	checkup_155_17.06.2026 14:10:28	500.0	499.6666666666667	True	0.5	40.0	4	True	50.0	30.0	95.75366973876953	-4.791358574496489	-6.484076023101807	-7.826440599478474	-10.687884330749512	-11.567737309496314	-9.81954574584961	-9.239830482092211	-8.082914352416992	-11.355065271603802	-19.064481735229492	-21.48163415573642	1.4991674423217773	-7.932909923534973	6.8759026527404785	12.096182904256015	0.0	0.0	0.0	0.0
17.618322134017944	1781696481.0	1781696481.5865958	6	12.0	14.0	32.0	34.0	NeuronSpectrum 17.06.2026 14:10:28	EEG	checkup_155_17.06.2026 14:10:28	500.0	499.6666666666667	True	0.5	40.0	4	True	50.0	30.0	94.6824722290039	-2.4005404636903034	-6.1744489669799805	-6.062265264672114	-10.065262794494629	-9.816255046664578	-9.190361022949219	-8.068814006179101	-7.643033504486084	-9.614861412538142	-17.271730422973633	-19.33914564011493	2.141810894012451	-6.287306961257012	5.539819240570068	12.497623641752009	0.0	0.0	0.0	0.0
17.618338346481323	1781696481.0	1781696481.586612	6	12.0	14.0	32.0	34.0	NeuronSpectrum 17.06.2026 14:10:28	EEG	checkup_155_17.06.2026 14:10:28	500.0	499.6666666666667	True	0.5	40.0	4	True	50.0	30.0	92.085205078125	-0.9012730485113986	-6.5967535972595215	-4.617439488202981	-10.350322723388672	-8.337672245601537	-9.615757942199707	-7.181191658095723	-7.9865264892578125	-8.16792098370375	-16.690839767456055	-17.499181098177715	1.8457279205322266	-4.979076680568763	5.5270795822143555	12.797592494454467	0.0	0.0	0.0	0.0
17.61834192276001	1781696481.0	1781696481.5866156	6	12.0	14.0	32.0	34.0	NeuronSpectrum 17.06.2026 14:10:28	EEG	checkup_155_17.06.2026 14:10:28	500.0	499.6666666666667	True	0.5	40.0	4	True	50.0	30.0	90.2058334350586	-0.3917637983337521	-5.920289039611816	-3.599518861979071	-9.894736289978027	-7.229630406233835	-9.411555290222168	-6.6287295863718105	-7.557666778564453	-7.091918735935217	-17.108793258666992	-16.04651960757436	1.993664264678955	-4.0699278346983	6.98146915435791	12.960854763211053	0.0	0.0	0.0	0.0
17.6183443069458	1781696481.0	1781696481.586618	6	12.0	14.0	32.0	34.0	NeuronSpectrum 17.06.2026 14:10:28	EEG	checkup_155_17.06.2026 14:10:28	500.0	499.6666666666667	True	0.5	40.0	4	True	50.0	30.0	91.26119232177734	-0.8141604074218337	-3.354802370071411	-3.050359859091868	-7.85137414932251	-6.530678741669125	-7.726011276245117	-6.410866800176775	-5.633540630340576	-6.408187650368364	-18.19495964050293	-15.004003481398007	3.4532127380371094	-3.566908012994719	9.30917739868164	12.896519071732047	0.0	0.0	0.0	0.0
17.618346214294434	1781696481.0	1781696481.5866199	6	12.0	14.0	32.0	34.0	NeuronSpectrum 17.06.2026 14:10:28	EEG	checkup_155_17.06.2026 14:10:28	500.0	499.6666666666667	True	0.5	40.0	4	True	50.0	30.0	95.07340240478516	-1.9540097222849202	-0.11232153326272964	-2.945627025459082	-5.064083099365234	-6.222428397889453	-5.534214019775391	-6.4783533980861225	-3.0530359745025635	-6.08866072707156	-19.24104118347168	-14.342933205002785	5.761020660400391	-3.4271251972980323	11.40888786315918	12.490584519312737	0.0	0.0	0.0	0.0
17.618348121643066	1781696481.0	1781696481.5866218	6	12.0	14.0	32.0	34.0	NeuronSpectrum 17.06.2026 14:10:28	EEG	checkup_155_17.06.2026 14:10:28	500.0	499.6666666666667	True	0.5	40.0	4	True	50.0	30.0	97.84781646728516	-3.4590432206183563	1.110167384147644	-3.1982708681492733	-3.7086853981018066	-6.234952039916053	-5.136453151702881	-6.739691029115292	-1.7879058122634888	-6.064665823849019	-19.074146270751953	-14.000090696163122	7.222437381744385	-3.5644544982175965	12.193673133850098	11.655342293374664	0.0	0.0	0.0	0.0
17.6183500289917	1781696481.0	1781696481.5866237	6	12.0	14.0	32.0	34.0	NeuronSpectrum 17.06.2026 14:10:28	EEG	checkup_155_17.06.2026 14:10:28	500.0	499.6666666666667	True	0.5	40.0	4	True	50.0	30.0	93.57484436035156	-4.888398929886395	-1.9341493844985962	-3.6671360567039457	-5.702830791473389	-6.4545197947533675	-8.247076034545898	-7.069333640008541	-3.4714324474334717	-6.236008528228384	-16.525409698486328	-13.893138347815283	6.028282165527344	-3.858047397246679	11.14680004119873	10.37661057954807	0.0	0.0	0.0	0.0
17.618398666381836	1781696481.0	1781696481.5866723	6	12.0	14.0	32.0	34.0	NeuronSpectrum 17.06.2026 14:10:28	EEG	checkup_155_17.06.2026 14:10:28	500.0	499.6666666666667	True	0.5	40.0	4	True	50.0	30.0	77.67548370361328	-5.796966751411795	-8.889613151550293	-4.174749011276026	-10.875153541564941	-6.736452702359538	-13.959283828735352	-7.320058962187083	-7.823948860168457	-6.482531929735948	-11.320331573486328	-13.92953954718485	1.735823392868042	-4.165212432632294	8.563887596130371	8.740016814915892	0.0	0.0	0.0	0.0
17.61840057373047	1781696481.0	1781696481.5866742	6	12.0	14.0	32.0	34.0	NeuronSpectrum 17.06.2026 14:10:28	EEG	checkup_155_17.06.2026 14:10:28	500.0	499.6666666666667	True	0.5	40.0	4	True	50.0	30.0	50.533790588378906	-5.840832923441968	-16.142980575561523	-4.535474215177238	-16.345767974853516	-6.925186698842395	-18.35470199584961	-7.341318760922677	-12.234834671020508	-6.680121416640299	-4.770517826080322	-14.01058738031518	-4.007137298583984	-4.340102196070066	5.3436994552612305	6.924875326308683	0.0	0.0	0.0	0.0
17.669082403182983	1781696481.0	1781696481.637356	6	12.0	14.0	32.0	34.0	NeuronSpectrum 17.06.2026 14:10:28	EEG	checkup_155_17.06.2026 14:10:28	500.0	499.6666666666667	True	0.5	40.0	4	True	50.0	30.0	89.27018737792969	-4.8694057854346084	-3.1251420974731445	-4.5890763843529525	-6.148078918457031	-6.879640558925681	-6.693336009979248	-7.001971624702917	-3.9346988201141357	-6.71990661377321	-16.182727813720703	-14.037397578929292	6.422309398651123	-4.255841216907613	-1.771507978439331	5.166000836637103	0.0	0.0	0.0	0.0
17.669087171554565	1781696481.0	1781696481.6373608	6	12.0	14.0	32.0	34.0	NeuronSpectrum 17.06.2026 14:10:28	EEG	checkup_155_17.06.2026 14:10:28	500.0	499.6666666666667	True	0.5	40.0	4	True	50.0	30.0	89.03556823730469	-2.9659157473267963	-4.385809898376465	-4.231199962091714	-7.60861873626709	-6.498857007736771	-8.049521446228027	-6.213517355806154	-4.883055686950684	-6.526899111668679	-17.251441955566406	-13.925017678605563	5.443410873413086	-3.8252853897593835	-4.220105171203613	3.695800602249756	0.0	0.0	0.0	0.0
17.669089555740356	1781696481.0	1781696481.6373632	6	12.0	14.0	32.0	34.0	NeuronSpectrum 17.06.2026 14:10:28	EEG	checkup_155_17.06.2026 14:10:28	500.0	499.6666666666667	True	0.5	40.0	4	True	50.0	30.0	89.21322631835938	-0.4187857751435684	-4.746347904205322	-3.434141818742131	-8.164746284484863	-5.742935028103947	-8.393589973449707	-4.95026348770076	-5.34998083114624	-6.074513656977439	-17.666545867919922	-13.623538884502441	4.899965763092041	-3.016651615924157	-4.167412757873535	2.686548478477869	0.0	0.0	0.0	0.0
17.669091939926147	1781696481.0	1781696481.6373656	6	12.0	14.0	32.0	34.0	NeuronSpectrum 17.06.2026 14:10:28	EEG	checkup_155_17.06.2026 14:10:28	500.0	499.6666666666667	True	0.5	40.0	4	True	50.0	30.0	89.97576141357422	2.361949741155356	-3.8173060417175293	-2.255092826279895	-7.296573638916016	-4.645480985556501	-6.990137577056885	-3.2631450088880283	-4.982621192932129	-5.392592050326742	-17.024585723876953	-13.137017986196836	5.374750137329102	-1.8624347796705423	-2.439096689224243	2.212457914527579	0.0	0.0	0.0	0.0
17.6690936088562	1781696481.0	1781696481.6373672	6	12.0	14.0	32.0	34.0	NeuronSpectrum 17.06.2026 14:10:28	EEG	checkup_155_17.06.2026 14:10:28	500.0	499.6666666666667	True	0.5	40.0	4	True	50.0	30.0	90.6093521118164	4.948988722645977	-1.6485955715179443	-0.8304580022550418	-5.022451877593994	-3.313799498675532	-3.824188709259033	-1.2823139580068876	-3.6573598384857178	-4.56649433613637	-15.416084289550781	-12.529112617544945	7.00616455078125	-0.4602103055828129	-0.3757404088973999	2.2429809322133365	0.0	0.0	0.0	0.0
17.669095516204834	1781696481.0	1781696481.6373692	6	12.0	14.0	32.0	34.0	NeuronSpectrum 17.06.2026 14:10:28	EEG	checkup_155_17.06.2026 14:10:28	500.0	499.6666666666667	True	0.5	40.0	4	True	50.0	30.0	89.85265350341797	6.989008737125812	1.212393879890442	0.6451812181771106	-1.9482917785644531	-1.9132733963795754	0.26489391922950745	0.7971114890940988	-1.6252856254577637	-3.724612645248626	-13.389838218688965	-11.90996117875328	9.383828163146973	1.0371282192562945	1.0566643476486206	2.666644793641382	0.0	0.0	0.0	0.0
17.669097185134888	1781696481.0	1781696481.6373708	6	12.0	14.0	32.0	34.0	NeuronSpectrum 17.06.2026 14:10:28	EEG	checkup_155_17.06.2026 14:10:28	500.0	499.6666666666667	True	0.5	40.0	4	True	50.0	30.0	87.0622787475586	8.26013509854842	3.76235294342041	1.954571333136777	0.8385224342346191	-0.6358640609130903	3.8033623695373535	2.7477390820164667	0.3787158727645874	-3.0139504093859997	-11.666366577148438	-11.407545153081868	11.706731796264648	2.4432489345909643	1.7153408527374268	3.3343960979538583	0.0	0.0	0.0	0.0
17.66909909248352	1781696481.0	1781696481.6373727	6	12.0	14.0	32.0	34.0	NeuronSpectrum 17.06.2026 14:10:28	EEG	checkup_155_17.06.2026 14:10:28	500.0	499.6666666666667	True	0.5	40.0	4	True	50.0	30.0	83.29457092285156	8.69092081483138	4.797698974609375	2.901365753734386	2.0810394287109375	0.3408105033601888	5.246604919433594	4.354527509182293	1.2693730592727661	-2.5683833142134858	-10.782492637634277	-11.133311544811091	13.135767936706543	3.5701077732897644	2.0956857204437256	4.106737082402232	0.0	0.0	0.0	0.0
17.669100522994995	1781696481.0	1781696481.6373742	6	12.0	14.0	32.0	34.0	NeuronSpectrum 17.06.2026 14:10:28	EEG	checkup_155_17.06.2026 14:10:28	500.0	499.6666666666667	True	0.5	40.0	4	True	50.0	30.0	81.12026977539062	8.349146587185997	3.5063869953155518	3.3501596865553287	0.9485735893249512	0.8917001046111481	3.8263497352600098	5.457765088134947	0.16081738471984863	-2.4788978485319904	-10.872204780578613	-11.1535434552908	13.221872329711914	4.262756707452934	2.698837995529175	4.890305653220762	0.0	0.0	0.0	0.0
17.669102430343628	1781696481.0	1781696481.637376	6	12.0	14.0	32.0	34.0	NeuronSpectrum 17.06.2026 14:10:28	EEG	checkup_155_17.06.2026 14:10:28	500.0	499.6666666666667	True	0.5	40.0	4	True	50.0	30.0	82.79287719726562	7.415222132219504	0.1685810387134552	3.2506409839297485	-2.295747756958008	0.9671477521576124	0.27585697174072266	5.97997802438534	-2.8876149654388428	-2.7759143280279917	-11.733985900878906	-11.474945206441026	12.16446590423584	4.428314208207648	3.577699661254883	5.65477514851611	0.0	0.0	0.0	0.0
17.66910409927368	1781696481.0	1781696481.6373777	6	12.0	14.0	32.0	34.0	NeuronSpectrum 17.06.2026 14:10:28	EEG	checkup_155_17.06.2026 14:10:28	500.0	499.6666666666667	True	0.5	40.0	4	True	50.0	30.0	87.81460571289062	6.152635556936334	-3.543142795562744	2.6388737406495952	-6.006377220153809	0.5934342532741744	-3.1383633613586426	5.929053913541629	-6.463804244995117	-3.4293371207840244	-13.069859504699707	-12.047114864256752	10.741116523742676	4.051752852953281	4.291198253631592	6.427283436397481	0.0	0.0	0.0	0.0
17.669105768203735	1781696481.0	1781696481.6373794	6	12.0	14.0	32.0	34.0	NeuronSpectrum 17.06.2026 14:10:28	EEG	checkup_155_17.06.2026 14:10:28	500.0	499.6666666666667	True	0.5	40.0	4	True	50.0	30.0	91.89737701416016	4.8783244049083825	-5.173702239990234	1.6178133017476901	-7.710651397705078	-0.14629658190838035	-3.6860547065734863	5.380574682269503	-8.269376754760742	-4.364231470910027	-14.635003089904785	-12.778733425549008	9.886178016662598	3.195557717528137	4.302450656890869	7.267314909033982	0.0	0.0	0.0	0.0
17.66910743713379	1781696481.0	1781696481.637381	6	12.0	14.0	32.0	34.0	NeuronSpectrum 17.06.2026 14:10:28	EEG	checkup_155_17.06.2026 14:10:28	500.0	499.6666666666667	True	0.5	40.0	4	True	50.0	30.0	88.65740966796875	3.925912134763495	-2.9619619846343994	0.32683973297996727	-5.503267765045166	-1.140212201624784	-0.007882621139287949	4.450644043314045	-6.460301876068115	-5.483558909649414	-16.126968383789062	-13.560697022388995	10.089009284973145	1.9850917928094005	3.413283109664917	8.229624084390354	0.0	0.0	0.0	0.0
17.669109106063843	1781696481.0	1781696481.6373827	6	12.0	14.0	32.0	34.0	NeuronSpectrum 17.06.2026 14:10:28	EEG	checkup_155_17.06.2026 14:10:28	500.0	499.6666666666667	True	0.5	40.0	4	True	50.0	30.0	73.44185638427734	3.593684129394161	2.6291449069976807	-1.0883162194831777	0.44266822934150696	-2.2732749944437036	6.391903877258301	3.2711939906978817	-1.1191482543945312	-6.688521719915416	-16.921188354492188	-14.289075850487627	10.950895309448242	0.5843160716682922	1.9060614109039307	9.326394402235447	0.0	0.0	0.0	0.0
17.669110774993896	1781696481.0	1781696481.6373844	6	12.0	14.0	32.0	34.0	NeuronSpectrum 17.06.2026 14:10:28	EEG	checkup_155_17.06.2026 14:10:28	500.0	499.6666666666667	True	0.5	40.0	4	True	50.0	30.0	46.82071304321289	4.0810821014092635	8.494987487792969	-2.499054712840407	7.336264133453369	-3.4442714799177936	11.25058650970459	1.9728462401416937	5.229547023773193	-7.892396088271417	-15.993077278137207	-14.883252549773685	11.208169937133789	-0.833385496548561	0.3437120020389557	10.501623560977754	0.0	0.0	0.0	0.0
17.66911244392395	1781696481.0	1781696481.637386	6	12.0	14.0	32.0	34.0	NeuronSpectrum 17.06.2026 14:10:28	EEG	checkup_155_17.06.2026 14:10:28	500.0	499.6666666666667	True	0.5	40.0	4	True	50.0	30.0	82.65321350097656	5.434489448913257	-6.778223037719727	-3.811734747508188	-7.1046037673950195	-4.576924966951341	-1.805510401725769	0.6717987303163971	-9.631231307983398	-9.030686256700756	-16.370868682861328	-15.298234548428608	7.469231128692627	-2.1158201797529053	8.20651912689209	11.628910396242583	0.0	0.0	0.0	0.0
17.669113874435425	1781696481.0	1781696481.6373875	6	12.0	14.0	32.0	34.0	NeuronSpectrum 17.06.2026 14:10:28	EEG	checkup_155_17.06.2026 14:10:28	500.0	499.6666666666667	True	0.5	40.0	4	True	50.0	30.0	81.72766876220703	7.52861044463566	-8.847393035888672	-4.983051948701539	-9.217126846313477	-5.630765639360584	-4.359447956085205	-0.5455389391863421	-11.391613006591797	-10.072300366061512	-17.484127044677734	-15.532707528103652	5.2272820472717285	-3.161089440457965	11.461040496826172	12.536883172971901	0.0	0.0	0.0	0.0
17.669115781784058	1781696481.0	1781696481.6373894	6	12.0	14.0	32.0	34.0	NeuronSpectrum 17.06.2026 14:10:28	EEG	checkup_155_17.06.2026 14:10:28	500.0	499.6666666666667	True	0.5	40.0	4	True	50.0	30.0	81.96414947509766	10.095134034701283	-10.536894798278809	-6.0315944005927	-11.340843200683594	-6.612662560434231	-7.469158172607422	-1.6411157128110385	-12.836853981018066	-11.031172037697067	-18.849477767944336	-15.634143045882979	2.734511613845825	-3.940955510754946	13.3973388671875	13.055808821885098	0.0	0.0	0.0	0.0
17.66911745071411	1781696481.0	1781696481.637391	6	12.0	14.0	32.0	34.0	NeuronSpectrum 17.06.2026 14:10:28	EEG	checkup_155_17.06.2026 14:10:28	500.0	499.6666666666667	True	0.5	40.0	4	True	50.0	30.0	83.49474334716797	12.786730584718768	-11.494668960571289	-7.038503203757376	-12.839014053344727	-7.582633900757515	-10.097480773925781	-2.640112069866142	-13.620949745178223	-11.970972201612389	-19.81148338317871	-15.699304868900988	0.9107215404510498	-4.5124158705137445	13.279300689697266	13.069480154381626	0.0	0.0	0.0	0.0
17.669119358062744	1781696481.0	1781696481.637393	6	12.0	14.0	32.0	34.0	NeuronSpectrum 17.06.2026 14:10:28	EEG	checkup_155_17.06.2026 14:10:28	500.0	499.6666666666667	True	0.5	40.0	4	True	50.0	30.0	85.31988525390625	15.25088788321618	-11.798025131225586	-8.130393568581352	-13.417675971984863	-8.64543160724239	-11.396653175354004	-3.6321113223214745	-13.759293556213379	-12.994608796497882	-19.70781898498535	-15.86524285466214	0.4300832152366638	-5.011321457077319	11.266521453857422	12.553743211412463	0.0	0.0	0.0	0.0
17.669121026992798	1781696481.0	1781696481.6373947	6	12.0	14.0	32.0	34.0	NeuronSpectrum 17.06.2026 14:10:28	EEG	checkup_155_17.06.2026 14:10:28	500.0	499.6666666666667	True	0.5	40.0	4	True	50.0	30.0	85.8404312133789	17.191114849103908	-11.85411262512207	-9.444438708849358	-13.26542854309082	-9.924360384342897	-11.139686584472656	-4.752225174600211	-13.587343215942383	-14.216248452158238	-18.33889389038086	-16.285635248810994	1.2744159698486328	-5.62484286620028	8.18320083618164	11.588482245130772	0.0	0.0	0.0	0.0
17.66912293434143	1781696481.0	1781696481.6373966	6	12.0	14.0	32.0	34.0	NeuronSpectrum 17.06.2026 14:10:28	EEG	checkup_155_17.06.2026 14:10:28	500.0	499.6666666666667	True	0.5	40.0	4	True	50.0	30.0	84.09650421142578	18.40477436112821	-12.07713794708252	-11.083575401305746	-12.903936386108398	-11.521742727000582	-9.796296119689941	-6.143147691036624	-13.53282356262207	-15.721835867938545	-16.377893447875977	-17.09194087428637	2.7090282440185547	-6.545254492551504	5.0500922203063965	10.340320142736617	0.0	0.0	0.0	0.0
17.669124603271484	1781696481.0	1781696481.6373982	6	12.0	14.0	32.0	34.0	NeuronSpectrum 17.06.2026 14:10:28	EEG	checkup_155_17.06.2026 14:10:28	500.0	499.6666666666667	True	0.5	40.0	4	True	50.0	30.0	80.81118774414062	18.798165377542514	-12.64122200012207	-13.074341874695895	-12.904342651367188	-13.476680427825992	-8.278497695922852	-7.906381981930466	-13.913654327392578	-17.52965614957615	-15.362818717956543	-18.346961239171645	3.676912546157837	-7.914127448657134	2.713188409805298	9.023657413128399	0.0	0.0	0.0	0.0
17.669126510620117	1781696481.0	1781696481.6374002	6	12.0	14.0	32.0	34.0	NeuronSpectrum 17.06.2026 14:10:28	EEG	checkup_155_17.06.2026 14:10:28	500.0	499.6666666666667	True	0.5	40.0	4	True	50.0	30.0	78.21432495117188	18.38646175536764	-13.566526412963867	-15.339624658597296	-13.7166166305542	-15.733052094433232	-7.632174968719482	-10.055894276447596	-14.930737495422363	-19.56352894506815	-17.009445190429688	-20.005958572815338	3.3078651428222656	-9.771161287815746	1.6518213748931885	7.853898018538333	0.0	0.0	0.0	0.0
17.66912841796875	1781696481.0	1781696481.637402	6	12.0	14.0	32.0	34.0	NeuronSpectrum 17.06.2026 14:10:28	EEG	checkup_155_17.06.2026 14:10:28	500.0	499.6666666666667	True	0.5	40.0	4	True	50.0	30.0	78.38401794433594	17.287347026289098	-15.023816108703613	-17.69479002507075	-15.654699325561523	-18.128822010982468	-8.821748733520508	-12.488920600911841	-16.76633071899414	-21.648192045342896	-21.98274040222168	-21.902477429004882	1.2353953123092651	-12.02324182415489	1.9537330865859985	7.0070289156788075	0.0	0.0	0.0	0.0
17.669130325317383	1781696481.0	1781696481.637404	6	12.0	14.0	32.0	34.0	NeuronSpectrum 17.06.2026 14:10:28	EEG	checkup_155_17.06.2026 14:10:28	500.0	499.6666666666667	True	0.5	40.0	4	True	50.0	30.0	81.11053466796875	15.712406840088562	-17.48546600341797	-19.870171825440654	-18.90081024169922	-20.412566671533508	-12.525897026062012	-14.985810345028483	-19.575275421142578	-23.530725548734488	-28.87345314025879	-23.769657065048378	-2.3934526443481445	-14.445697277752183	3.2969069480895996	6.594854020976954	0.0	0.0	0.0	0.0
17.669131994247437	1781696481.0	1781696481.6374056	6	12.0	14.0	32.0	34.0	NeuronSpectrum 17.06.2026 14:10:28	EEG	checkup_155_17.06.2026 14:10:28	500.0	499.6666666666667	True	0.5	40.0	4	True	50.0	30.0	82.99055480957031	13.952024025700707	-21.362680435180664	-21.55704344217005	-23.30868148803711	-22.28603730124348	-18.692005157470703	-17.243681634852393	-23.209182739257812	-24.925080539602554	-34.30483627319336	-25.29476679843001	-7.051670074462891	-16.71966397712184	4.999043941497803	6.657759424267814	0.0	0.0	0.0	0.0
17.66913366317749	1781696481.0	1781696481.6374073	6	12.0	14.0	32.0	34.0	NeuronSpectrum 17.06.2026 14:10:28	EEG	checkup_155_17.06.2026 14:10:28	500.0	499.6666666666667	True	0.5	40.0	4	True	50.0	30.0	78.8603515625	12.343700443017905	-26.25014305114746	-22.46863275863436	-28.03936004638672	-23.464217291356608	-25.954269409179688	-18.938608543111556	-26.829790115356445	-25.57041133574677	-34.54270935058594	-26.19110472394127	-11.915962219238281	-18.499102553510955	6.236301898956299	7.170289064168417	0.0	0.0	0.0	0.0
17.669135332107544	1781696481.0	1781696481.637409	6	12.0	14.0	32.0	34.0	NeuronSpectrum 17.06.2026 14:10:28	EEG	checkup_155_17.06.2026 14:10:28	500.0	499.6666666666667	True	0.5	40.0	4	True	50.0	30.0	64.99044036865234	11.217263685834828	-30.357900619506836	-22.40298904744718	-31.34156608581543	-23.738553924559067	-31.4042911529541	-19.800943595464727	-28.778818130493164	-25.289448063563007	-27.855789184570312	-26.264793198667412	-15.8707914352417	-19.491433971311377	6.389368057250977	8.051854105126012	0.0	0.0	0.0	0.0
17.669137239456177	1781696481.0	1781696481.6374109	6	12.0	14.0	32.0	34.0	NeuronSpectrum 17.06.2026 14:10:28	EEG	checkup_155_17.06.2026 14:10:28	500.0	499.6666666666667	True	0.5	40.0	4	True	50.0	30.0	41.949642181396484	10.82485127389408	-30.819683074951172	-21.291989407577407	-30.889158248901367	-23.026845802802143	-31.319698333740234	-19.68228089752938	-27.03055763244629	-24.032102743352286	-16.063758850097656	-25.45816947681988	-17.61625099182129	-19.53026916353077	5.341733455657959	9.176712020282089	0.0	0.0	0.0	0.0
17.721036672592163	1781696481.0	1781696481.6893103	6	12.0	14.0	32.0	34.0	NeuronSpectrum 17.06.2026 14:10:28	EEG	checkup_155_17.06.2026 14:10:28	500.0	499.6666666666667	True	0.5	40.0	4	True	50.0	30.0	76.3453598022461	11.279979196978486	-21.18694305419922	-19.222679951519538	-23.793594360351562	-21.396207902462404	-21.721229553222656	-18.59413048722247	-21.035749435424805	-21.892908884130325	-30.1658878326416	-23.862788663500915	-9.728821754455566	-18.61983280368188	2.153297185897827	10.382754128117654	0.0	0.0	0.0	0.0
17.72104287147522	1781696481.0	1781696481.6893165	6	12.0	14.0	32.0	34.0	NeuronSpectrum 17.06.2026 14:10:28	EEG	checkup_155_17.06.2026 14:10:28	500.0	499.6666666666667	True	0.5	40.0	4	True	50.0	30.0	75.64049530029297	12.533076209746309	-16.669044494628906	-16.42455812864379	-20.027048110961914	-19.053359161946286	-18.132808685302734	-16.708025584427393	-16.81913948059082	-19.09816820143112	-26.161598205566406	-21.704775738744342	-6.472906112670898	-16.938905279031044	3.85360050201416	11.48428094169559	0.0	0.0	0.0	0.0
17.72104549407959	1781696481.0	1781696481.6893191	6	12.0	14.0	32.0	34.0	NeuronSpectrum 17.06.2026 14:10:28	EEG	checkup_155_17.06.2026 14:10:28	500.0	499.6666666666667	True	0.5	40.0	4	True	50.0	30.0	74.87185668945312	14.394150233567057	-12.592672348022461	-13.226875079465758	-16.69918441772461	-16.306089994721244	-15.284263610839844	-14.319942397738574	-13.041998863220215	-15.9670087638901	-22.481443405151367	-19.307908161531643	-3.795233726501465	-14.804472009744869	7.796243190765381	12.29555484962612	0.0	0.0	0.0	0.0
17.72104787826538	1781696481.0	1781696481.6893215	6	12.0	14.0	32.0	34.0	NeuronSpectrum 17.06.2026 14:10:28	EEG	checkup_155_17.06.2026 14:10:28	500.0	499.6666666666667	True	0.5	40.0	4	True	50.0	30.0	74.31442260742188	16.589074929085182	-9.438612937927246	-9.998209711105705	-14.045088768005371	-13.506609585006125	-13.259777069091797	-11.791425396283326	-10.008743286132812	-12.85627673355494	-19.557188034057617	-17.038663223429943	-1.851688027381897	-12.606200774711393	12.155526161193848	12.666940276294516	0.0	0.0	0.0	0.0
17.721049785614014	1781696481.0	1781696481.6893234	6	12.0	14.0	32.0	34.0	NeuronSpectrum 17.06.2026 14:10:28	EEG	checkup_155_17.06.2026 14:10:28	500.0	499.6666666666667	True	0.5	40.0	4	True	50.0	30.0	73.74583435058594	18.823253016199306	-6.887269496917725	-7.082598205924423	-11.623889923095703	-10.989078027324979	-11.312540054321289	-9.481806262747297	-7.367130756378174	-10.100517040663783	-17.30952262878418	-15.239040526781631	-0.22614847123622894	-10.728046657779181	14.412156105041504	12.525736100875953	0.0	0.0	0.0	0.0
17.721052169799805	1781696481.0	1781696481.6893258	6	12.0	14.0	32.0	34.0	NeuronSpectrum 17.06.2026 14:10:28	EEG	checkup_155_17.06.2026 14:10:28	500.0	499.6666666666667	True	0.5	40.0	4	True	50.0	30.0	72.61882019042969	20.830970512967976	-4.441076278686523	-4.743493680850558	-9.009929656982422	-9.011600625764185	-8.834942817687988	-7.682844543093896	-4.7389678955078125	-7.956642763641578	-15.596824645996094	-14.158165650609694	1.4041986465454102	-9.472847939247352	12.961170196533203	11.905559875084911	0.0	0.0	0.0	0.0
17.721054077148438	1781696481.0	1781696481.6893277	6	12.0	14.0	32.0	34.0	NeuronSpectrum 17.06.2026 14:10:28	EEG	checkup_155_17.06.2026 14:10:28	500.0	499.6666666666667	True	0.5	40.0	4	True	50.0	30.0	70.76602935791016	22.402205967220603	-2.2213797569274902	-3.122963980613377	-6.5388641357421875	-7.710852535952558	-6.292617321014404	-6.564372406116252	-2.400524377822876	-6.561054906252787	-14.57802677154541	-13.897902912287146	2.7221832275390625	-9.002974947135602	8.271081924438477	10.947873889209466	0.0	0.0	0.0	0.0
17.72105598449707	1781696481.0	1781696481.6893296	6	12.0	14.0	32.0	34.0	NeuronSpectrum 17.06.2026 14:10:28	EEG	checkup_155_17.06.2026 14:10:28	500.0	499.6666666666667	True	0.5	40.0	4	True	50.0	30.0	69.04353332519531	23.391171966299503	-1.1855782270431519	-2.2215945446491827	-5.403506755828857	-7.077086904405931	-5.25358772277832	-6.139735495062239	-1.3600492477416992	-5.906348395012639	-14.659444808959961	-14.387145957652164	2.8413877487182617	-9.30740606846273	2.726184606552124	9.868923418225258	0.0	0.0	0.0	0.0
17.721058130264282	1781696481.0	1781696481.6893318	6	12.0	14.0	32.0	34.0	NeuronSpectrum 17.06.2026 14:10:28	EEG	checkup_155_17.06.2026 14:10:28	500.0	499.6666666666667	True	0.5	40.0	4	True	50.0	30.0	69.10690307617188	23.71768203413325	-2.386950731277466	-1.9038328904165402	-6.806214332580566	-6.957077792021375	-7.217434883117676	-6.260883317303698	-2.592900276184082	-5.844162135133199	-16.078784942626953	-15.393784955484747	1.0304335355758667	-10.202813488534003	-0.7595288753509521	8.900648854530116	0.0	0.0	0.0	0.0
17.721060276031494	1781696481.0	1781696481.689334	6	12.0	14.0	32.0	34.0	NeuronSpectrum 17.06.2026 14:10:28	EEG	checkup_155_17.06.2026 14:10:28	500.0	499.6666666666667	True	0.5	40.0	4	True	50.0	30.0	72.06184387207031	23.371999127714947	-5.752446174621582	-1.9311450056428174	-10.681729316711426	-7.089399086545499	-11.996131896972656	-6.650416785175915	-5.947739124298096	-6.117685742823229	-18.539688110351562	-16.57427472294574	-2.454841136932373	-11.371538843878952	-0.5137304067611694	8.226826461249567	0.0	0.0	0.0	0.0
17.721062183380127	1781696481.0	1781696481.6893358	6	12.0	14.0	32.0	34.0	NeuronSpectrum 17.06.2026 14:10:28	EEG	checkup_155_17.06.2026 14:10:28	500.0	499.6666666666667	True	0.5	40.0	4	True	50.0	30.0	76.80595397949219	22.42646761204033	-9.419363975524902	-2.0193315498018025	-15.024351119995117	-7.168545046022998	-17.017908096313477	-6.969092717943053	-9.643102645874023	-6.42042619002123	-21.2330379486084	-17.550704639218537	-6.137829303741455	-12.431673939562073	2.9487626552581787	7.9385718255211115	0.0	0.0	0.0	0.0
17.72106385231018	1781696481.0	1781696481.6893375	6	12.0	14.0	32.0	34.0	NeuronSpectrum 17.06.2026 14:10:28	EEG	checkup_155_17.06.2026 14:10:28	500.0	499.6666666666667	True	0.5	40.0	4	True	50.0	30.0	79.51553344726562	21.046343883699247	-10.441251754760742	-1.9078813892462867	-16.60161018371582	-6.92369522057475	-18.48460578918457	-6.904378763919332	-10.973581314086914	-6.46874171176696	-23.186641693115234	-17.997158462616714	-7.992231845855713	-13.025232463210822	7.32746696472168	8.024508417756536	0.0	0.0	0.0	0.0
17.721065759658813	1781696481.0	1781696481.6893394	6	12.0	14.0	32.0	34.0	NeuronSpectrum 17.06.2026 14:10:28	EEG	checkup_155_17.06.2026 14:10:28	500.0	499.6666666666667	True	0.5	40.0	4	True	50.0	30.0	75.19903564453125	19.48454411073124	-6.694758892059326	-1.4228124703557974	-12.89690113067627	-6.189899904799753	-13.943111419677734	-6.25524464929916	-7.985243320465088	-6.068917504921259	-23.607614517211914	-17.713663908792768	-6.675595760345459	-12.90330154684548	9.978811264038086	8.394982701851584	0.0	0.0	0.0	0.0
17.721067905426025	1781696481.0	1781696481.6893415	6	12.0	14.0	32.0	34.0	NeuronSpectrum 17.06.2026 14:10:28	EEG	checkup_155_17.06.2026 14:10:28	500.0	499.6666666666667	True	0.5	40.0	4	True	50.0	30.0	60.72457504272461	18.047636948226966	1.2127412557601929	-0.5149788088527294	-4.119506359100342	-4.949873828264284	-4.572243690490723	-4.987361085201471	-1.0723315477371216	-5.1598597004006015	-21.96739387512207	-16.668762117316327	-2.5382449626922607	-11.9859932872356	9.430465698242188	8.925159507386358	0.0	0.0	0.0	0.0
17.72106957435608	1781696481.0	1781696481.6893432	6	12.0	14.0	32.0	34.0	NeuronSpectrum 17.06.2026 14:10:28	EEG	checkup_155_17.06.2026 14:10:28	500.0	499.6666666666667	True	0.5	40.0	4	True	50.0	30.0	37.35995864868164	17.034990693868558	9.528488159179688	0.73550823249782	6.200261116027832	-3.3348693771871947	4.674004554748535	-3.243039695121362	6.715405464172363	-3.8208750082568166	-17.89504051208496	-15.000277043966681	2.3211004734039307	-10.381345666908228	6.0690083503723145	9.496022137630524	0.0	0.0	0.0	0.0
17.721071481704712	1781696481.0	1781696481.6893451	6	12.0	14.0	32.0	34.0	NeuronSpectrum 17.06.2026 14:10:28	EEG	checkup_155_17.06.2026 14:10:28	500.0	499.6666666666667	True	0.5	40.0	4	True	50.0	30.0	66.16927337646484	16.671052615713275	-0.9251217842102051	2.145911554325436	-5.256817817687988	-1.5879675804591193	-7.728619575500488	-1.3059254391106938	-1.808861494064331	-2.246137533954454	-15.661968231201172	-12.975619763439346	-0.17661665380001068	-8.358617827120751	5.056023120880127	10.017324119627883	0.0	0.0	0.0	0.0
17.721073150634766	1781696481.0	1781696481.6893468	6	12.0	14.0	32.0	34.0	NeuronSpectrum 17.06.2026 14:10:28	EEG	checkup_155_17.06.2026 14:10:28	500.0	499.6666666666667	True	0.5	40.0	4	True	50.0	30.0	63.670509338378906	17.057542131212553	0.8986772298812866	3.4774160277904507	-2.7845797538757324	-0.003821349958630954	-4.014297008514404	0.4673500226614654	0.3303390443325043	-0.6963455222337553	-12.739152908325195	-10.923884012244105	3.770249128341675	-6.283069657283216	3.1678833961486816	10.428417389063837	0.0	0.0	0.0	0.0
17.7210750579834	1781696481.0	1781696481.6893487	6	12.0	14.0	32.0	34.0	NeuronSpectrum 17.06.2026 14:10:28	EEG	checkup_155_17.06.2026 14:10:28	500.0	499.6666666666667	True	0.5	40.0	4	True	50.0	30.0	62.331398010253906	18.160986133640797	2.2392709255218506	4.489420173123638	-0.8401984572410583	1.1390826234011804	-0.8294668197631836	1.7317992545494512	2.086383581161499	0.5597627071142648	-10.505072593688965	-9.158398869735768	7.338855743408203	-4.527955488687654	3.3639469146728516	10.68456668610944	0.0	0.0	0.0	0.0
17.721076726913452	1781696481.0	1781696481.6893504	6	12.0	14.0	32.0	34.0	NeuronSpectrum 17.06.2026 14:10:28	EEG	checkup_155_17.06.2026 14:10:28	500.0	499.6666666666667	True	0.5	40.0	4	True	50.0	30.0	62.44129943847656	19.831669945072285	3.121351957321167	4.99202047730757	0.39458662271499634	1.6405986753571693	1.1250584125518799	2.2377149533231595	3.407518148422241	1.303104828572885	-9.04346752166748	-7.908801152037865	9.795369148254395	-3.384553256457081	5.36749267578125	10.742114165802727	0.0	0.0	0.0	0.0
17.721078634262085	1781696481.0	1781696481.6893523	6	12.0	14.0	32.0	34.0	NeuronSpectrum 17.06.2026 14:10:28	EEG	checkup_155_17.06.2026 14:10:28	500.0	499.6666666666667	True	0.5	40.0	4	True	50.0	30.0	63.45643615722656	21.839023715633367	3.319380044937134	4.888266597294923	0.5458495020866394	1.4246715364850406	1.1008880138397217	1.8950293758635088	3.9863944053649902	1.4113585532133215	-8.326179504394531	-7.2771324869064316	10.377099990844727	-2.992686037361338	7.899972915649414	10.553869976525458	0.0	0.0	0.0	0.0
17.72108006477356	1781696481.0	1781696481.6893537	6	12.0	14.0	32.0	34.0	NeuronSpectrum 17.06.2026 14:10:28	EEG	checkup_155_17.06.2026 14:10:28	500.0	499.6666666666667	True	0.5	40.0	4	True	50.0	30.0	64.36103820800781	23.910569525422382	2.4542384147644043	4.1973528144200465	-0.7642012238502502	0.5586369730382232	-1.2747164964675903	0.8004114691463475	3.3814055919647217	0.885875127415993	-8.356627464294434	-7.225353131853527	8.641855239868164	-3.3108889128579198	9.434638023376465	10.07846676200265	0.0	0.0	0.0	0.0
17.72108221054077	1781696481.0	1781696481.6893559	6	12.0	14.0	32.0	34.0	NeuronSpectrum 17.06.2026 14:10:28	EEG	checkup_155_17.06.2026 14:10:28	500.0	499.6666666666667	True	0.5	40.0	4	True	50.0	30.0	64.47647857666016	25.769436522728896	0.5000805854797363	3.051835740006822	-3.4046592712402344	-0.7605021503770316	-5.402428150177002	-0.7841062084446073	1.512540340423584	-0.14875368178059645	-9.208202362060547	-7.594271318777566	5.00433349609375	-4.135595530058401	8.995266914367676	9.298594089777602	0.0	0.0	0.0	0.0
17.721083641052246	1781696481.0	1781696481.6893573	6	12.0	14.0	32.0	34.0	NeuronSpectrum 17.06.2026 14:10:28	EEG	checkup_155_17.06.2026 14:10:28	500.0	499.6666666666667	True	0.5	40.0	4	True	50.0	30.0	64.11489868164062	27.171200234567156	-1.786460280418396	1.6682816596269614	-6.386352062225342	-2.251296366206488	-9.535417556762695	-2.4979423222407324	-0.9285750389099121	-1.4732451758564458	-10.92930793762207	-8.147641982468592	0.982016921043396	-5.163948710880307	6.575927257537842	8.237654647038687	0.0	0.0	0.0	0.0
17.72108554840088	1781696481.0	1781696481.6893592	6	12.0	14.0	32.0	34.0	NeuronSpectrum 17.06.2026 14:10:28	EEG	checkup_155_17.06.2026 14:10:28	500.0	499.6666666666667	True	0.5	40.0	4	True	50.0	30.0	64.4227294921875	27.941704844967425	-3.1027748584747314	0.29929716954638885	-8.185420989990234	-3.6128529246552166	-11.518707275390625	-3.97491721786042	-2.6749396324157715	-2.822635843834137	-13.325489044189453	-8.630645068219728	-1.3104889392852783	-6.080145791680269	3.0584912300109863	6.964968460735102	0.0	0.0	0.0	0.0
17.721086978912354	1781696481.0	1781696481.6893606	6	12.0	14.0	32.0	34.0	NeuronSpectrum 17.06.2026 14:10:28	EEG	checkup_155_17.06.2026 14:10:28	500.0	499.6666666666667	True	0.5	40.0	4	True	50.0	30.0	66.28401947021484	28.013982529302663	-2.5575051307678223	-0.8187362080634456	-7.737530708312988	-4.590685723894104	-10.212408065795898	-4.932745517567286	-2.732356071472168	-3.9415982359453965	-15.715691566467285	-8.829223109869588	-0.3633505403995514	-6.636967989205786	-0.29658645391464233	5.585405748392828	0.0	0.0	0.0	0.0
17.721089124679565	1781696481.0	1781696481.6893628	6	12.0	14.0	32.0	34.0	NeuronSpectrum 17.06.2026 14:10:28	EEG	checkup_155_17.06.2026 14:10:28	500.0	499.6666666666667	True	0.5	40.0	4	True	50.0	30.0	68.98558807373047	27.456136235865163	-0.6714826226234436	-1.5073573125969764	-5.436120510101318	-5.024342510551822	-6.605552673339844	-5.230847734167056	-1.2984123229980469	-4.630772689757271	-16.889772415161133	-8.616158088398358	3.5342206954956055	-6.706663932519581	-2.458615303039551	4.216871482192721	0.0	0.0	0.0	0.0
17.72109055519104	1781696481.0	1781696481.6893642	6	12.0	14.0	32.0	34.0	NeuronSpectrum 17.06.2026 14:10:28	EEG	checkup_155_17.06.2026 14:10:28	500.0	499.6666666666667	True	0.5	40.0	4	True	50.0	30.0	69.77665710449219	26.476586824681895	0.5869330167770386	-1.6680488315710993	-3.1969096660614014	-4.865323719023947	-3.4795050621032715	-4.881225744745703	0.11504102498292923	-4.773794517333628	-15.479310989379883	-7.972140425215995	8.085015296936035	-6.28832008803542	-3.040559768676758	2.9644487927303143	0.0	0.0	0.0	0.0
17.721092462539673	1781696481.0	1781696481.689366	6	12.0	14.0	32.0	34.0	NeuronSpectrum 17.06.2026 14:10:28	EEG	checkup_155_17.06.2026 14:10:28	500.0	499.6666666666667	True	0.5	40.0	4	True	50.0	30.0	65.0225601196289	25.393430847592874	-0.8936634659767151	-1.2842498480700446	-3.2420058250427246	-4.16548789686031	-3.4910330772399902	-4.015576924644541	-0.3050651550292969	-4.343094358748393	-10.737783432006836	-6.976287328724225	10.185320854187012	-5.476611920501097	-2.34834623336792	1.9007938057073681	0.0	0.0	0.0	0.0
17.721094131469727	1781696481.0	1781696481.6893678	6	12.0	14.0	32.0	34.0	NeuronSpectrum 17.06.2026 14:10:28	EEG	checkup_155_17.06.2026 14:10:28	500.0	499.6666666666667	True	0.5	40.0	4	True	50.0	30.0	52.47557830810547	24.564825869730342	-5.448919296264648	-0.40956755588745675	-6.254794597625732	-3.04592343628173	-6.831294059753418	-2.8267626967645336	-3.0902717113494873	-3.389683441240974	-3.317035675048828	-5.770193027752155	7.958457946777344	-4.410874632842358	-1.1132885217666626	1.0586877504352716	0.0	0.0	0.0	0.0
17.72109580039978	1781696481.0	1781696481.6893694	6	12.0	14.0	32.0	34.0	NeuronSpectrum 17.06.2026 14:10:28	EEG	checkup_155_17.06.2026 14:10:28	500.0	499.6666666666667	True	0.5	40.0	4	True	50.0	30.0	33.170127868652344	24.29584819792678	-10.636836051940918	0.8506178184533432	-10.313028335571289	-1.6596170241195098	-10.343914985656738	-1.507767912315741	-6.584076404571533	-2.024477089433074	4.54189920425415	-4.509631688782241	2.2208945751190186	-3.2271322137124865	-0.09088741987943649	0.43587225430900894	0.0	0.0	0.0	0.0
17.772686004638672	1781696481.0	1781696481.7409596	6	12.0	14.0	32.0	34.0	NeuronSpectrum 17.06.2026 14:10:28	EEG	checkup_155_17.06.2026 14:10:28	500.0	499.6666666666667	True	0.5	40.0	4	True	50.0	30.0	61.830230712890625	24.754181116298874	2.2023987770080566	2.3601443622063387	-0.9135556221008301	-0.15827513034878338	-2.5958409309387207	-0.20630709570459793	2.436126232147217	-0.3965763073477029	-9.517333984375	-3.3229786355593194	8.701105117797852	-2.0286294773460387	-4.489438056945801	0.007650728076588009	0.0	0.0	0.0	0.0
17.772695779800415	1781696481.0	1781696481.7409694	6	12.0	14.0	32.0	34.0	NeuronSpectrum 17.06.2026 14:10:28	EEG	checkup_155_17.06.2026 14:10:28	500.0	499.6666666666667	True	0.5	40.0	4	True	50.0	30.0	63.057735443115234	25.928359575937137	3.1234400272369385	3.974213258815542	-0.48859378695487976	1.3314858146892603	-3.2252981662750244	0.9964886000603441	3.3794400691986084	1.32908789175944	-9.39478588104248	-2.2905966143413314	7.638438701629639	-0.8784023214534511	-4.0062737464904785	-0.2586118059065814	0.0	0.0	0.0	0.0
17.772699117660522	1781696481.0	1781696481.7409728	6	12.0	14.0	32.0	34.0	NeuronSpectrum 17.06.2026 14:10:28	EEG	checkup_155_17.06.2026 14:10:28	500.0	499.6666666666667	True	0.5	40.0	4	True	50.0	30.0	64.12076568603516	27.64336290335809	4.4451823234558105	5.56047777112349	0.5979010462760925	2.7209746587657215	-2.466503620147705	2.083891200281817	5.019749641418457	2.993343961160437	-8.084173202514648	-1.44653789631226	8.412339210510254	0.19225390531026176	-3.2536683082580566	-0.3913962527612115	0.0	0.0	0.0	0.0
17.77270197868347	1781696481.0	1781696481.7409756	6	12.0	14.0	32.0	34.0	NeuronSpectrum 17.06.2026 14:10:28	EEG	checkup_155_17.06.2026 14:10:28	500.0	499.6666666666667	True	0.5	40.0	4	True	50.0	30.0	64.53142547607422	29.621436940808458	6.193303108215332	7.015222726177841	2.3881280422210693	3.9617852942933776	-0.316339373588562	3.084814688804453	7.267091751098633	4.4617897014044985	-5.786555767059326	-0.7919787860459777	10.982473373413086	1.1695283443749447	-2.9308149814605713	-0.4075283713834946	0.0	0.0	0.0	0.0
17.77270483970642	1781696481.0	1781696481.7409785	6	12.0	14.0	32.0	34.0	NeuronSpectrum 17.06.2026 14:10:28	EEG	checkup_155_17.06.2026 14:10:28	500.0	499.6666666666667	True	0.5	40.0	4	True	50.0	30.0	63.914527893066406	31.55958915998129	8.100136756896973	8.271829585348751	4.482566833496094	5.040318326726171	2.4862380027770996	4.048859200722293	9.580958366394043	5.63955376521434	-3.4454257488250732	-0.3074264989794403	14.146921157836914	2.0460637024056116	-3.482868194580078	-0.31045822251442656	0.0	0.0	0.0	0.0
17.772706508636475	1781696481.0	1781696481.7409801	6	12.0	14.0	32.0	34.0	NeuronSpectrum 17.06.2026 14:10:28	EEG	checkup_155_17.06.2026 14:10:28	500.0	499.6666666666667	True	0.5	40.0	4	True	50.0	30.0	62.175960540771484	33.196298974618244	9.687067031860352	9.301879420991396	6.254152774810791	5.96872926901231	4.902713298797607	5.0252423961108	11.214792251586914	6.4808184140664675	-2.1219303607940674	0.0422507589560109	16.33573341369629	2.8177082445855324	-4.640558242797852	-0.09497430189608369	0.0	0.0	0.0	0.0
17.772708654403687	1781696481.0	1781696481.7409823	6	12.0	14.0	32.0	34.0	NeuronSpectrum 17.06.2026 14:10:28	EEG	checkup_155_17.06.2026 14:10:28	500.0	499.6666666666667	True	0.5	40.0	4	True	50.0	30.0	59.78741455078125	34.35223836121889	10.397762298583984	10.111130180011967	7.102689743041992	6.775938403158907	6.040544509887695	6.0511368966040004	11.538530349731445	6.992026785242296	-2.263267755508423	0.3069666666357593	16.5784912109375	3.48680081141971	-5.497613906860352	0.2425970973765098	0.0	0.0	0.0	0.0
17.77271056175232	1781696481.0	1781696481.7409842	6	12.0	14.0	32.0	34.0	NeuronSpectrum 17.06.2026 14:10:28	EEG	checkup_155_17.06.2026 14:10:28	500.0	499.6666666666667	True	0.5	40.0	4	True	50.0	30.0	57.91611099243164	34.943834648100214	9.809962272644043	10.731868201538171	6.681511402130127	7.499634486369907	5.4780073165893555	7.148385361511869	10.326624870300293	7.2269856902353915	-3.36000657081604	0.5476637600450056	15.0668363571167	4.066474382937077	-5.139842987060547	0.6922864281976087	0.0	0.0	0.0	0.0
17.77271318435669	1781696481.0	1781696481.7409868	6	12.0	14.0	32.0	34.0	NeuronSpectrum 17.06.2026 14:10:28	EEG	checkup_155_17.06.2026 14:10:28	500.0	499.6666666666667	True	0.5	40.0	4	True	50.0	30.0	57.99106979370117	34.978332257092255	7.968986988067627	11.211598272992044	5.133290767669678	8.177786187685381	3.546239137649536	8.323076029068618	7.9665703773498535	7.272432963055256	-4.255873680114746	0.8250437900833696	13.025562286376953	4.580212553497359	-3.3603484630584717	1.221873447154068	0.0	0.0	0.0	0.0
17.77271580696106	1781696481.0	1781696481.7409894	6	12.0	14.0	32.0	34.0	NeuronSpectrum 17.06.2026 14:10:28	EEG	checkup_155_17.06.2026 14:10:28	500.0	499.6666666666667	True	0.5	40.0	4	True	50.0	30.0	60.651268005371094	34.54175550538783	5.684688091278076	11.598137038340626	3.260171890258789	8.83823568926844	1.4885883331298828	9.56275134299934	5.489453315734863	7.225248201141356	-3.9644582271575928	1.1822829068153826	11.9923677444458	5.054600708432103	-0.8780568242073059	1.7763807383608274	0.0	0.0	0.0	0.0
17.77271795272827	1781696481.0	1781696481.7409916	6	12.0	14.0	32.0	34.0	NeuronSpectrum 17.06.2026 14:10:28	EEG	checkup_155_17.06.2026 14:10:28	500.0	499.6666666666667	True	0.5	40.0	4	True	50.0	30.0	64.67239379882812	33.78668659572017	4.468291282653809	11.92356371595269	2.430054187774658	9.487649862155342	1.202455759048462	10.830567093997677	4.297815322875977	7.16659645490089	-2.4411377906799316	1.6285429608010404	12.925623893737793	5.508197361507218	1.0876604318618774	2.286719642849388	0.0	0.0	0.0	0.0
17.772720098495483	1781696481.0	1781696481.7409937	6	12.0	14.0	32.0	34.0	NeuronSpectrum 17.06.2026 14:10:28	EEG	checkup_155_17.06.2026 14:10:28	500.0	499.6666666666667	True	0.5	40.0	4	True	50.0	30.0	66.82463073730469	32.91833971285768	5.851379871368408	12.192446636774804	4.012907981872559	10.104384575443262	4.2848639488220215	12.061083357298731	5.538783550262451	7.141461250750694	-0.6982036828994751	2.131272110289903	15.620658874511719	5.942363398715189	1.6148391962051392	2.684076715866924	0.0	0.0	0.0	0.0
17.772722482681274	1781696481.0	1781696481.7409961	6	12.0	14.0	32.0	34.0	NeuronSpectrum 17.06.2026 14:10:28	EEG	checkup_155_17.06.2026 14:10:28	500.0	499.6666666666667	True	0.5	40.0	4	True	50.0	30.0	63.20054626464844	32.171229314722254	10.263384819030762	12.3803679790275	8.448184967041016	10.64066737722355	10.68105411529541	13.164322469468942	9.314945220947266	7.151575485968515	-0.06859242171049118	2.6219417573355788	18.719928741455078	6.338987111883751	0.6224498152732849	2.913873427839491	0.0	0.0	0.0	0.0
17.772724151611328	1781696481.0	1781696481.7409978	6	12.0	14.0	32.0	34.0	NeuronSpectrum 17.06.2026 14:10:28	EEG	checkup_155_17.06.2026 14:10:28	500.0	499.6666666666667	True	0.5	40.0	4	True	50.0	30.0	51.49409484863281	31.77079054605879	16.140596389770508	12.445117270813334	14.458139419555664	11.036100181784484	17.825939178466797	14.041138832693582	14.19115161895752	7.164713774004229	-1.0627554655075073	3.0142988973094798	20.29315185546875	6.666227659471511	-1.1404732465744019	2.943740216170794	0.0	0.0	0.0	0.0
17.77272605895996	1781696481.0	1781696481.7409997	6	12.0	14.0	32.0	34.0	NeuronSpectrum 17.06.2026 14:10:28	EEG	checkup_155_17.06.2026 14:10:28	500.0	499.6666666666667	True	0.5	40.0	4	True	50.0	30.0	32.79636764526367	31.885452805029463	20.092885971069336	12.346235905337318	19.10894012451172	11.238064972698458	21.25358772277832	14.60577459199876	17.485013961791992	7.1356596960736995	-2.661219358444214	3.2294877125089263	18.707077026367188	6.8893815849801605	-2.64652681350708	2.7635288544854366	0.0	0.0	0.0	0.0
17.772728204727173	1781696481.0	1781696481.7410018	6	12.0	14.0	32.0	34.0	NeuronSpectrum 17.06.2026 14:10:28	EEG	checkup_155_17.06.2026 14:10:28	500.0	499.6666666666667	True	0.5	40.0	4	True	50.0	30.0	59.403385162353516	32.58716289038611	11.357401847839355	12.063299555808348	10.364429473876953	11.21955511095721	12.519497871398926	14.806093843461275	10.963191032409668	7.0283873315159315	2.145700454711914	3.220220604905822	20.5989933013916	6.982199834752337	-4.425129413604736	2.379799241894763	0.0	0.0	0.0	0.0
17.772730112075806	1781696481.0	1781696481.7410038	6	12.0	14.0	32.0	34.0	NeuronSpectrum 17.06.2026 14:10:28	EEG	checkup_155_17.06.2026 14:10:28	500.0	499.6666666666667	True	0.5	40.0	4	True	50.0	30.0	59.974700927734375	33.83987265890394	8.320798873901367	11.604025904354922	7.387986660003662	10.985864919483074	9.58413028717041	14.63318190429509	8.083173751831055	6.8292652584098335	-0.79706871509552	2.9865387874422207	17.516874313354492	6.934956803818476	-3.4076995849609375	1.8098917185362642	0.0	0.0	0.0	0.0
17.772732496261597	1781696481.0	1781696481.7410061	6	12.0	14.0	32.0	34.0	NeuronSpectrum 17.06.2026 14:10:28	EEG	checkup_155_17.06.2026 14:10:28	500.0	499.6666666666667	True	0.5	40.0	4	True	50.0	30.0	60.44255828857422	35.52143959323529	5.448108196258545	11.0002099864491	4.733705043792725	10.568746086698424	6.824287414550781	14.119250305136752	5.494132041931152	6.547552028778584	-3.6918740272521973	2.5782722521412604	14.844432830810547	6.758069404120727	-2.00288462638855	1.0800963168315132	0.0	0.0	0.0	0.0
17.772735118865967	1781696481.0	1781696481.7410088	6	12.0	14.0	32.0	34.0	NeuronSpectrum 17.06.2026 14:10:28	EEG	checkup_155_17.06.2026 14:10:28	500.0	499.6666666666667	True	0.5	40.0	4	True	50.0	30.0	60.73925018310547	37.465366496993134	4.2014923095703125	10.297282353540256	3.8712687492370605	10.01466532676746	5.758394241333008	13.33001053852586	4.611333847045898	6.207365444005118	-5.0267558097839355	2.0840236376418257	14.072723388671875	6.482449775163297	-1.3388713598251343	0.22892527912673816	0.0	0.0	0.0	0.0
17.77273678779602	1781696481.0	1781696481.7410104	6	12.0	14.0	32.0	34.0	NeuronSpectrum 17.06.2026 14:10:28	EEG	checkup_155_17.06.2026 14:10:28	500.0	499.6666666666667	True	0.5	40.0	4	True	50.0	30.0	60.810333251953125	39.50045062044344	4.873178005218506	9.545838335042356	5.020694732666016	9.376258303232854	6.610189914703369	12.358881636277781	5.673304557800293	5.838961717363574	-4.176900863647461	1.6119222706462049	15.348115921020508	6.158708487640355	-1.968859314918518	-0.6877079732042916	0.0	0.0	0.0	0.0
17.772738695144653	1781696481.0	1781696481.7410123	6	12.0	14.0	32.0	34.0	NeuronSpectrum 17.06.2026 14:10:28	EEG	checkup_155_17.06.2026 14:10:28	500.0	499.6666666666667	True	0.5	40.0	4	True	50.0	30.0	60.53834533691406	41.473133144171754	6.438320636749268	8.799556048229663	7.0169572830200195	8.71152840627014	8.226207733154297	11.32524259701112	7.630039215087891	5.474740800494721	-1.80193030834198	1.2701286090653254	17.403491973876953	5.85603982026248	-3.6413629055023193	-1.5947440457150368	0.0	0.0	0.0	0.0
17.772740602493286	1781696481.0	1781696481.7410142	6	12.0	14.0	32.0	34.0	NeuronSpectrum 17.06.2026 14:10:28	EEG	checkup_155_17.06.2026 14:10:28	500.0	499.6666666666667	True	0.5	40.0	4	True	50.0	30.0	59.97639465332031	43.25112216099949	7.453986644744873	8.117382166796487	8.246125221252441	8.087874753199959	9.100080490112305	10.37219806557478	9.00769329071045	5.149731424154679	0.5085077881813049	1.1526942995771907	18.58441734313965	5.658821177062702	-5.588898181915283	-2.4037038507031556	0.0	0.0	0.0	0.0
17.77274250984192	1781696481.0	1781696481.7410161	6	12.0	14.0	32.0	34.0	NeuronSpectrum 17.06.2026 14:10:28	EEG	checkup_155_17.06.2026 14:10:28	500.0	499.6666666666667	True	0.5	40.0	4	True	50.0	30.0	59.68394470214844	44.71803964677006	7.278692245483398	7.563666179089549	7.940231800079346	7.5831458752851395	8.6856107711792	9.65623721857316	9.070005416870117	4.901853046943681	1.1454612016677856	1.3304690537878443	18.20796012878418	5.657064914723725	-7.1049065589904785	-3.0261030669681155	0.0	0.0	0.0	0.0
17.772744178771973	1781696481.0	1781696481.7410178	6	12.0	14.0	32.0	34.0	NeuronSpectrum 17.06.2026 14:10:28	EEG	checkup_155_17.06.2026 14:10:28	500.0	499.6666666666667	True	0.5	40.0	4	True	50.0	30.0	60.64945602416992	45.77255845842911	6.550312042236328	7.200632148425288	6.757116794586182	7.276688893478605	7.8396735191345215	9.323909631429615	8.322502136230469	4.766896860681125	-0.536106288433075	1.841952698503398	17.1426944732666	5.928193657759386	-7.905489921569824	-3.3908174758846257	0.0	0.0	0.0	0.0
17.772746324539185	1781696481.0	1781696481.74102	6	12.0	14.0	32.0	34.0	NeuronSpectrum 17.06.2026 14:10:28	EEG	checkup_155_17.06.2026 14:10:28	500.0	499.6666666666667	True	0.5	40.0	4	True	50.0	30.0	63.47849655151367	46.3411161522203	6.4157538414001465	7.072343822753791	6.069352149963379	7.229098733755493	7.8769307136535645	9.477535318611327	7.883791923522949	4.766795011943193	-3.7156519889831543	2.6793530606192832	17.007841110229492	6.512079519257505	-8.102972984313965	-3.4596543670127002	0.0	0.0	0.0	0.0
17.77274799346924	1781696481.0	1781696481.7410216	6	12.0	14.0	32.0	34.0	NeuronSpectrum 17.06.2026 14:10:28	EEG	checkup_155_17.06.2026 14:10:28	500.0	499.6666666666667	True	0.5	40.0	4	True	50.0	30.0	67.291259765625	46.40308517982902	7.140644073486328	7.184857357820834	6.512312889099121	7.456406294643627	9.013202667236328	10.13885701362594	8.240315437316895	4.894669202883637	-6.394562721252441	3.7709941435742635	18.557437896728516	7.386144023820441	-7.893596172332764	-3.2359549228632334	0.0	0.0	0.0	0.0
17.77275013923645	1781696481.0	1781696481.7410238	6	12.0	14.0	32.0	34.0	NeuronSpectrum 17.06.2026 14:10:28	EEG	checkup_155_17.06.2026 14:10:28	500.0	499.6666666666667	True	0.5	40.0	4	True	50.0	30.0	69.32664489746094	46.01614607338083	7.424192428588867	7.490240130996779	7.095576286315918	7.908678507835121	9.722416877746582	11.22263834878219	8.524919509887695	5.103163338418433	-6.405659198760986	4.968878563847474	20.606399536132812	8.449346385060222	-7.282294750213623	-2.7634366425745007	0.0	0.0	0.0	0.0
17.772752046585083	1781696481.0	1781696481.7410257	6	12.0	14.0	32.0	34.0	NeuronSpectrum 17.06.2026 14:10:28	EEG	checkup_155_17.06.2026 14:10:28	500.0	499.6666666666667	True	0.5	40.0	4	True	50.0	30.0	65.97711944580078	45.324067468983536	5.279305458068848	7.881542515955477	5.835742473602295	8.462637559538642	7.8652119636535645	12.530597987643457	7.1041646003723145	5.302258559278089	-2.6838409900665283	6.0539798009988	20.557334899902344	9.522100007304983	-6.11392879486084	-2.1154056825454717	0.0	0.0	0.0	0.0
17.77275562286377	1781696481.0	1781696481.7410293	6	12.0	14.0	32.0	34.0	NeuronSpectrum 17.06.2026 14:10:28	EEG	checkup_155_17.06.2026 14:10:28	500.0	499.6666666666667	True	0.5	40.0	4	True	50.0	30.0	54.93464279174805	44.534341611848056	0.010284423828125	8.20319695508228	1.6247729063034058	8.934211653706551	2.926252841949463	13.77176057971262	3.1707324981689453	5.370174092084288	3.8932266235351562	6.767754715973258	16.345474243164062	10.36543542568138	-4.343693256378174	-1.3770008711112918	0.0	0.0	0.0	0.0
17.77275848388672	1781696481.0	1781696481.7410321	6	12.0	14.0	32.0	34.0	NeuronSpectrum 17.06.2026 14:10:28	EEG	checkup_155_17.06.2026 14:10:28	500.0	499.6666666666667	True	0.5	40.0	4	True	50.0	30.0	37.040245056152344	43.86868443263685	-6.353813171386719	8.278474530924962	-4.178378105163574	9.112190468301938	-2.567840337753296	14.610451449573002	-1.9770209789276123	5.177826199680995	10.637092590332031	6.867171612420642	8.336748123168945	10.719456149565568	-2.2763023376464844	-0.624940916037312	0.0	0.0	0.0	0.0
17.823901414871216	1781696481.0	1781696481.792175	6	12.0	14.0	32.0	34.0	NeuronSpectrum 17.06.2026 14:10:28	EEG	checkup_155_17.06.2026 14:10:28	500.0	499.6666666666667	True	0.5	40.0	4	True	50.0	30.0	62.78806686401367	43.506335087750976	12.540058135986328	7.951886981663633	13.678722381591797	8.808776833774512	19.579519271850586	14.737141785130383	12.801380157470703	4.623746260242614	4.012619495391846	6.188105228485911	28.89708137512207	10.357852552363164	-1.1517270803451538	0.08977090254208081	0.0	0.0	0.0	0.0
17.823907375335693	1781696481.0	1781696481.792181	6	12.0	14.0	32.0	34.0	NeuronSpectrum 17.06.2026 14:10:28	EEG	checkup_155_17.06.2026 14:10:28	500.0	499.6666666666667	True	0.5	40.0	4	True	50.0	30.0	62.13079071044922	43.545198201527356	11.461087226867676	7.137738446930694	12.398390769958496	7.915687504630977	18.644893646240234	13.948223414464996	11.342769622802734	3.6712041952377756	2.3611273765563965	4.695854637365823	27.244478225708008	9.149140273209772	-0.009252212941646576	0.7508644427299226	0.0	0.0	0.0	0.0
17.823909997940063	1781696481.0	1781696481.7921836	6	12.0	14.0	32.0	34.0	NeuronSpectrum 17.06.2026 14:10:28	EEG	checkup_155_17.06.2026 14:10:28	500.0	499.6666666666667	True	0.5	40.0	4	True	50.0	30.0	61.16640853881836	43.99392128713237	8.225296974182129	5.858225695668403	8.905786514282227	6.447428602810444	14.969947814941406	12.21114543937626	8.145556449890137	2.374005186470584	-1.1440482139587402	2.505470745047315	23.203153610229492	7.107046121769202	-0.44469910860061646	1.373914151862309	0.0	0.0	0.0	0.0
17.823911905288696	1781696481.0	1781696481.7921855	6	12.0	14.0	32.0	34.0	NeuronSpectrum 17.06.2026 14:10:28	EEG	checkup_155_17.06.2026 14:10:28	500.0	499.6666666666667	True	0.5	40.0	4	True	50.0	30.0	59.841182708740234	44.789046416078996	3.950030565261841	4.252840404784023	4.379419803619385	4.552902320015512	9.749211311340332	9.689694900576196	4.323490619659424	0.877365102515265	-5.537289142608643	-0.13454962062759127	17.909753799438477	4.4092409438738045	-2.0831103324890137	1.9913179585636194	0.0	0.0	0.0	0.0
17.823914051055908	1781696481.0	1781696481.7921877	6	12.0	14.0	32.0	34.0	NeuronSpectrum 17.06.2026 14:10:28	EEG	checkup_155_17.06.2026 14:10:28	500.0	499.6666666666667	True	0.5	40.0	4	True	50.0	30.0	58.13767623901367	45.82084798007701	0.0395643413066864	2.550429713737018	0.19624684751033783	2.486814474010696	4.41917085647583	6.716145899909118	1.0897296667099	-0.6111672201350207	-9.82461929321289	-2.8902605110162236	12.51042652130127	1.3717950066369076	-3.692664384841919	2.6294252523731543	0.0	0.0	0.0	0.0
17.82391595840454	1781696481.0	1781696481.7921896	6	12.0	14.0	32.0	34.0	NeuronSpectrum 17.06.2026 14:10:28	EEG	checkup_155_17.06.2026 14:10:28	500.0	499.6666666666667	True	0.5	40.0	4	True	50.0	30.0	56.20148468017578	46.95447603120111	-2.4644691944122314	1.0114743741156376	-2.669471025466919	0.5486742949736996	0.021678103134036064	3.717014345161423	-0.7899214029312134	-1.872738403781022	-13.2681303024292	-5.40935476741684	7.780566215515137	-1.6167715944411312	-3.907120943069458	3.2861238560111223	0.0	0.0	0.0	0.0
17.823917865753174	1781696481.0	1781696481.7921915	6	12.0	14.0	32.0	34.0	NeuronSpectrum 17.06.2026 14:10:28	EEG	checkup_155_17.06.2026 14:10:28	500.0	499.6666666666667	True	0.5	40.0	4	True	50.0	30.0	54.54468536376953	48.04301556234359	-3.3808786869049072	-0.1395386050562513	-4.04783821105957	-0.9905017350743067	-3.1712591648101807	1.1153346233148365	-1.3128299713134766	-2.7330302099146846	-15.434858322143555	-7.391511132956751	4.088901042938232	-4.182953972569375	-2.126412868499756	3.918555450587545	0.0	0.0	0.0	0.0
17.823920011520386	1781696481.0	1781696481.7921937	6	12.0	14.0	32.0	34.0	NeuronSpectrum 17.06.2026 14:10:28	EEG	checkup_155_17.06.2026 14:10:28	500.0	499.6666666666667	True	0.5	40.0	4	True	50.0	30.0	54.093021392822266	48.937755974444464	-3.434786319732666	-0.7698792375039335	-4.564793109893799	-1.9514605571543846	-5.574802875518799	-0.7626904870050316	-1.1555712223052979	-3.1053429000512844	-16.14143943786621	-8.646640006965432	1.593612551689148	-6.051957965389987	1.0362225770950317	4.4477435484136345	0.0	0.0	0.0	0.0
17.82392168045044	1781696481.0	1781696481.7921953	6	12.0	14.0	32.0	34.0	NeuronSpectrum 17.06.2026 14:10:28	EEG	checkup_155_17.06.2026 14:10:28	500.0	499.6666666666667	True	0.5	40.0	4	True	50.0	30.0	55.78564453125	49.50402573747316	-3.7150824069976807	-0.8680083858062547	-5.146499156951904	-2.28430218403379	-7.719874858856201	-1.7541921708710748	-1.184409737586975	-3.010119913243131	-15.471461296081543	-9.12910121935178	0.42644935846328735	-7.105227381104956	4.083281517028809	4.780245930944246	0.0	0.0	0.0	0.0
17.823923587799072	1781696481.0	1781696481.7921972	6	12.0	14.0	32.0	34.0	NeuronSpectrum 17.06.2026 14:10:28	EEG	checkup_155_17.06.2026 14:10:28	500.0	499.6666666666667	True	0.5	40.0	4	True	50.0	30.0	59.7216796875	49.64741885019021	-4.754124164581299	-0.5428945595326168	-6.220067501068115	-2.074808284914302	-9.483858108520508	-1.8869850061117197	-1.7728499174118042	-2.5690817474985366	-13.862069129943848	-8.941517872335092	0.7158158421516418	-7.3983510547817115	5.540129661560059	4.839301682474799	0.0	0.0	0.0	0.0
17.823925256729126	1781696481.0	1781696481.792199	6	12.0	14.0	32.0	34.0	NeuronSpectrum 17.06.2026 14:10:28	EEG	checkup_155_17.06.2026 14:10:28	500.0	499.6666666666667	True	0.5	40.0	4	True	50.0	30.0	64.35857391357422	49.34666235677764	-5.843529224395752	0.002229552417381042	-7.122296333312988	-1.5221581465411143	-9.726683616638184	-1.3652286556989273	-2.363063097000122	-1.9787542887113685	-12.088668823242188	-8.308353916075614	2.447564125061035	-7.137043781507151	4.801974773406982	4.593152290853292	0.0	0.0	0.0	0.0
17.82392716407776	1781696481.0	1781696481.7922008	6	12.0	14.0	32.0	34.0	NeuronSpectrum 17.06.2026 14:10:28	EEG	checkup_155_17.06.2026 14:10:28	500.0	499.6666666666667	True	0.5	40.0	4	True	50.0	30.0	66.53701782226562	48.67999842542586	-5.251251697540283	0.5135220422465911	-6.280614376068115	-0.894886083066328	-6.881747722625732	-0.518145281771442	-1.690959095954895	-1.4707398614411678	-10.959466934204102	-7.525673784432009	5.286476135253906	-6.619262741462453	2.404557943344116	4.068877297848179	0.0	0.0	0.0	0.0
17.823928833007812	1781696481.0	1781696481.7922025	6	12.0	14.0	32.0	34.0	NeuronSpectrum 17.06.2026 14:10:28	EEG	checkup_155_17.06.2026 14:10:28	500.0	499.6666666666667	True	0.5	40.0	4	True	50.0	30.0	62.75051498413086	47.82787976452646	-1.4845402240753174	0.7390911455702043	-2.3153839111328125	-0.47350516335904425	-0.3862013816833496	0.27765681404478404	1.2780539989471436	-1.2660353939769897	-10.781229972839355	-6.898234665096564	8.47871208190918	-6.1592678066960005	-0.40153515338897705	3.3459917856736485	0.0	0.0	0.0	0.0
17.823930740356445	1781696481.0	1781696481.7922044	6	12.0	14.0	32.0	34.0	NeuronSpectrum 17.06.2026 14:10:28	EEG	checkup_155_17.06.2026 14:10:28	500.0	499.6666666666667	True	0.5	40.0	4	True	50.0	30.0	51.16737747192383	47.04097593325708	5.119172096252441	0.48149935157508095	4.529722213745117	-0.49005884220289714	7.972384929656982	0.6856786846462926	6.232503890991211	-1.530806200515206	-10.932564735412598	-6.677418100220351	10.907750129699707	-6.013440545529661	-2.427086591720581	2.532305152716421	0.0	0.0	0.0	0.0
17.8239324092865	1781696481.0	1781696481.792206	6	12.0	14.0	32.0	34.0	NeuronSpectrum 17.06.2026 14:10:28	EEG	checkup_155_17.06.2026 14:10:28	500.0	499.6666666666667	True	0.5	40.0	4	True	50.0	30.0	33.15898513793945	46.57848621703717	11.704992294311523	-0.36074825806489674	11.704809188842773	-1.0779377648218942	14.035682678222656	0.48490318495070883	11.068582534790039	-2.3424398632990555	-9.956565856933594	-7.013196827745727	11.337294578552246	-6.327063350377616	-3.146406412124634	1.7312663597493858	0.0	0.0	0.0	0.0
17.87499165534973	1781696481.0	1781696481.8432653	6	12.0	14.0	32.0	34.0	NeuronSpectrum 17.06.2026 14:10:28	EEG	checkup_155_17.06.2026 14:10:28	500.0	499.6666666666667	True	0.5	40.0	4	True	50.0	30.0	54.78388214111328	46.63894741724138	-5.390996932983398	-1.7744812400220145	-4.76923131942749	-2.2465009882112814	-3.4453492164611816	-0.38906359243788957	-1.9646868705749512	-3.6752583916609765	-13.42574691772461	-7.930415085573152	4.667802810668945	-7.115423181331019	-4.992603778839111	1.0125459761350175	0.0	0.0	0.0	0.0
17.874997854232788	1781696481.0	1781696481.8432715	6	12.0	14.0	32.0	34.0	NeuronSpectrum 17.06.2026 14:10:28	EEG	checkup_155_17.06.2026 14:10:28	500.0	499.6666666666667	True	0.5	40.0	4	True	50.0	30.0	54.51529312133789	47.311374391082815	-8.377138137817383	-3.642578651375992	-8.173293113708496	-3.889487031192377	-7.711172580718994	-1.849512237735426	-4.871510982513428	-5.411271424207163	-16.460163116455078	-9.33421190660957	0.42772728204727173	-8.28212220470522	-4.194989204406738	0.3955890885849914	0.0	0.0	0.0	0.0
17.87500023841858	1781696481.0	1781696481.8432739	6	12.0	14.0	32.0	34.0	NeuronSpectrum 17.06.2026 14:10:28	EEG	checkup_155_17.06.2026 14:10:28	500.0	499.6666666666667	True	0.5	40.0	4	True	50.0	30.0	55.47452163696289	48.56317279147123	-11.226428031921387	-5.779652064098629	-11.488061904907227	-5.823597077430254	-11.755024909973145	-3.705507196294561	-7.714294910430908	-7.372492957232964	-19.410932540893555	-11.041940220757258	-3.011399745941162	-9.665318330731411	-3.075561046600342	-0.14920043097617858	0.0	0.0	0.0	0.0
17.87500262260437	1781696481.0	1781696481.8432763	6	12.0	14.0	32.0	34.0	NeuronSpectrum 17.06.2026 14:10:28	EEG	checkup_155_17.06.2026 14:10:28	500.0	499.6666666666667	True	0.5	40.0	4	True	50.0	30.0	57.30215072631836	50.26166330582014	-13.463114738464355	-7.977957178360182	-13.923675537109375	-7.841199656135735	-14.441798210144043	-5.728752271280076	-9.99267578125	-9.362828787451813	-21.630725860595703	-12.83130063733447	-4.758568286895752	-11.093758340179198	-2.2826619148254395	-0.6830406659198162	0.0	0.0	0.0	0.0
17.87500500679016	1781696481.0	1781696481.8432786	6	12.0	14.0	32.0	34.0	NeuronSpectrum 17.06.2026 14:10:28	EEG	checkup_155_17.06.2026 14:10:28	500.0	499.6666666666667	True	0.5	40.0	4	True	50.0	30.0	59.16178512573242	52.21285179023693	-14.921795845031738	-10.046895154990795	-15.10898208618164	-9.757241646232723	-15.35258674621582	-7.714340345752804	-11.449284553527832	-11.205282663672296	-22.572999954223633	-14.489665013754376	-4.777386665344238	-12.432972958472737	-2.1748316287994385	-1.271604072832777	0.0	0.0	0.0	0.0
17.875006914138794	1781696481.0	1781696481.8432806	6	12.0	14.0	32.0	34.0	NeuronSpectrum 17.06.2026 14:10:28	EEG	checkup_155_17.06.2026 14:10:28	500.0	499.6666666666667	True	0.5	40.0	4	True	50.0	30.0	60.09444808959961	54.200338851906594	-15.668636322021484	-11.836068791292737	-15.151327133178711	-11.436453118601989	-14.79631519317627	-9.516815139415563	-12.049283981323242	-12.764791096367096	-22.031938552856445	-15.85015426830259	-3.7323710918426514	-13.608096609496283	-2.7800843715667725	-1.9571760820793	0.0	0.0	0.0	0.0
17.875008821487427	1781696481.0	1781696481.8432825	6	12.0	14.0	32.0	34.0	NeuronSpectrum 17.06.2026 14:10:28	EEG	checkup_155_17.06.2026 14:10:28	500.0	499.6666666666667	True	0.5	40.0	4	True	50.0	30.0	59.67664337158203	56.01464824741325	-15.771452903747559	-13.240924379590917	-14.432952880859375	-12.797345120988192	-13.433503150939941	-11.056111078106158	-11.855196952819824	-13.954206907003995	-20.45355224609375	-16.806142155399556	-2.4895458221435547	-14.599975047888071	-3.9225878715515137	-2.738688470696418	0.0	0.0	0.0	0.0
17.87501072883606	1781696481.0	1781696481.8432844	6	12.0	14.0	32.0	34.0	NeuronSpectrum 17.06.2026 14:10:28	EEG	checkup_155_17.06.2026 14:10:28	500.0	499.6666666666667	True	0.5	40.0	4	True	50.0	30.0	58.54510498046875	57.4721643766391	-15.182352066040039	-14.196228037953347	-13.363739967346191	-13.798467433022104	-11.873723030090332	-12.299617156794223	-10.967723846435547	-14.726830483217327	-19.035572052001953	-17.30515169678579	-1.650529384613037	-15.420976299312567	-5.398955345153809	-3.565169482276148	0.0	0.0	0.0	0.0
17.875012636184692	1781696481.0	1781696481.8432863	6	12.0	14.0	32.0	34.0	NeuronSpectrum 17.06.2026 14:10:28	EEG	checkup_155_17.06.2026 14:10:28	500.0	499.6666666666667	True	0.5	40.0	4	True	50.0	30.0	58.20126724243164	58.429094316771284	-13.886662483215332	-14.664701768136078	-12.27952766418457	-14.417222509783999	-10.567913055419922	-13.233319865975131	-9.597490310668945	-15.062067132564085	-19.226253509521484	-17.331597357584574	-1.3928401470184326	-16.082933641534872	-7.0478515625	-4.344050390343215	0.0	0.0	0.0	0.0
17.875014305114746	1781696481.0	1781696481.843288	6	12.0	14.0	32.0	34.0	NeuronSpectrum 17.06.2026 14:10:28	EEG	checkup_155_17.06.2026 14:10:28	500.0	499.6666666666667	True	0.5	40.0	4	True	50.0	30.0	59.91338348388672	58.797039252502664	-12.25497817993164	-14.627374548450774	-11.555505752563477	-14.632075309845986	-10.03303050994873	-13.836247452526422	-8.223211288452148	-14.951584990236352	-21.684829711914062	-16.891407863346302	-1.6784999370574951	-16.570749887751543	-8.656472206115723	-4.961856460920863	0.0	0.0	0.0	0.0
17.87501621246338	1781696481.0	1781696481.8432899	6	12.0	14.0	32.0	34.0	NeuronSpectrum 17.06.2026 14:10:28	EEG	checkup_155_17.06.2026 14:10:28	500.0	499.6666666666667	True	0.5	40.0	4	True	50.0	30.0	63.32118225097656	58.562178399427744	-11.22585678100586	-14.080216742827854	-11.720830917358398	-14.416217867990888	-11.011360168457031	-14.069281499609112	-7.6125006675720215	-14.392332486327968	-25.342220306396484	-16.00812101216113	-2.5742685794830322	-16.83200900020653	-9.858057975769043	-5.311853933704467	0.0	0.0	0.0	0.0
17.87501811981201	1781696481.0	1781696481.8432918	6	12.0	14.0	32.0	34.0	NeuronSpectrum 17.06.2026 14:10:28	EEG	checkup_155_17.06.2026 14:10:28	500.0	499.6666666666667	True	0.5	40.0	4	True	50.0	30.0	65.85584259033203	57.80194664984612	-11.9476318359375	-13.039111989685814	-13.299388885498047	-13.745817726482283	-14.114465713500977	-13.88322782133933	-8.516700744628906	-13.390122651027886	-27.47522735595703	-14.731117038281972	-4.355515480041504	-16.78698398921027	-10.165657997131348	-5.321591548212176	0.0	0.0	0.0	0.0
17.875019788742065	1781696481.0	1781696481.8432934	6	12.0	14.0	32.0	34.0	NeuronSpectrum 17.06.2026 14:10:28	EEG	checkup_155_17.06.2026 14:10:28	500.0	499.6666666666667	True	0.5	40.0	4	True	50.0	30.0	63.7349967956543	56.686754828780145	-14.87248706817627	-11.551868098502423	-16.286231994628906	-12.619954891662978	-18.961580276489258	-13.243218832853803	-11.066311836242676	-11.973149449471272	-25.12932777404785	-13.147368925206038	-7.210587501525879	-16.356250106663246	-9.201688766479492	-4.9732123227584255	0.0	0.0	0.0	0.0
17.875021934509277	1781696481.0	1781696481.8432956	6	12.0	14.0	32.0	34.0	NeuronSpectrum 17.06.2026 14:10:28	EEG	checkup_155_17.06.2026 14:10:28	500.0	499.6666666666667	True	0.5	40.0	4	True	50.0	30.0	54.19768142700195	55.45576674944914	-18.862287521362305	-9.711603930232407	-19.58888053894043	-11.083485879296218	-23.461593627929688	-12.158824985291526	-14.242377281188965	-10.20933661919894	-17.20162010192871	-11.3845110631713	-10.750737190246582	-15.496178267096433	-7.00079870223999	-4.311079224440729	0.0	0.0	0.0	0.0
17.87502360343933	1781696481.0	1781696481.8432972	6	12.0	14.0	32.0	34.0	NeuronSpectrum 17.06.2026 14:10:28	EEG	checkup_155_17.06.2026 14:10:28	500.0	499.6666666666667	True	0.5	40.0	4	True	50.0	30.0	37.55207824707031	54.36695991399057	-21.107730865478516	-7.662000852413787	-20.98185157775879	-9.240474518848677	-24.101253509521484	-10.704562408587986	-15.916152000427246	-8.216956777865024	-5.709057331085205	-9.597948700648363	-13.757180213928223	-14.227880003387583	-4.131595611572266	-3.4344352602514197	0.0	0.0	0.0	0.0
17.875025272369385	1781696481.0	1781696481.843299	6	12.0	14.0	32.0	34.0	NeuronSpectrum 17.06.2026 14:10:28	EEG	checkup_155_17.06.2026 14:10:28	500.0	499.6666666666667	True	0.5	40.0	4	True	50.0	30.0	59.048030853271484	53.63663334206023	-5.184584617614746	-5.58507942835986	-6.921203136444092	-7.247369998592268	-9.566356658935547	-9.017318227132659	-1.5471327304840088	-6.1580045482043255	-16.36927604675293	-7.944645660821783	0.04001879692077637	-12.64553062783921	-5.550423622131348	-2.4766213613613455	0.0	0.0	0.0	0.0
17.87502694129944	1781696481.0	1781696481.8433006	6	12.0	14.0	32.0	34.0	NeuronSpectrum 17.06.2026 14:10:28	EEG	checkup_155_17.06.2026 14:10:28	500.0	499.6666666666667	True	0.5	40.0	4	True	50.0	30.0	56.57353591918945	53.39079202376483	-1.7424616813659668	-3.669100325520431	-3.0421321392059326	-5.283293037511706	-5.565723419189453	-7.266946926278489	2.2189862728118896	-4.210731052424607	-13.237188339233398	-6.553387843894764	3.6867520809173584	-10.897439834917241	-2.8153698444366455	-1.5756003265366867	0.0	0.0	0.0	0.0
17.87502908706665	1781696481.0	1781696481.8433027	6	12.0	14.0	32.0	34.0	NeuronSpectrum 17.06.2026 14:10:28	EEG	checkup_155_17.06.2026 14:10:28	500.0	499.6666666666667	True	0.5	40.0	4	True	50.0	30.0	54.633827209472656	53.644218790712976	0.09368152916431427	-2.065452743520714	-0.7686180472373962	-3.506504708007898	-3.0399277210235596	-5.609800929113031	4.319680213928223	-2.529030788028267	-11.304191589355469	-5.500941125769201	6.092039585113525	-9.145579094985628	-0.7342382669448853	-0.8425695728133074	0.0	0.0	0.0	0.0
17.875031232833862	1781696481.0	1781696481.8433049	6	12.0	14.0	32.0	34.0	NeuronSpectrum 17.06.2026 14:10:28	EEG	checkup_155_17.06.2026 14:10:28	500.0	499.6666666666667	True	0.5	40.0	4	True	50.0	30.0	54.05910873413086	54.30883702013717	0.4316699206829071	-0.8511847769135255	-0.06935153901576996	-2.0139986407458252	-2.0185132026672363	-4.143823817113529	4.725162982940674	-1.2046098179115394	-10.604528427124023	-4.7985058653118875	7.194749355316162	-7.519498844636099	-0.11732151359319687	-0.33645385727228294	0.0	0.0	0.0	0.0
17.875033378601074	1781696481.0	1781696481.843307	6	12.0	14.0	32.0	34.0	NeuronSpectrum 17.06.2026 14:10:28	EEG	checkup_155_17.06.2026 14:10:28	500.0	499.6666666666667	True	0.5	40.0	4	True	50.0	30.0	54.62344741821289	55.22263930370045	0.10855318605899811	-0.011969670937291867	-0.13168759644031525	-0.819643544711235	-1.764968991279602	-2.882360097647817	4.214753150939941	-0.24701428388151914	-10.716020584106445	-4.389254033972576	7.482408046722412	-6.082297303154655	-1.1433613300323486	-0.05184498570708292	0.0	0.0	0.0	0.0
17.875035524368286	1781696481.0	1781696481.8433092	6	12.0	14.0	32.0	34.0	NeuronSpectrum 17.06.2026 14:10:28	EEG	checkup_155_17.06.2026 14:10:28	500.0	499.6666666666667	True	0.5	40.0	4	True	50.0	30.0	55.18633270263672	56.18818714131633	-0.056387390941381454	0.5493975271300476	-0.10058555752038956	0.14287417275895467	-1.5432003736495972	-1.7543054754839993	3.688021183013916	0.4121616954129485	-11.155479431152344	-4.157222889074935	7.442869663238525	-4.8196126547039935	-3.1595826148986816	0.07463424294304741	0.0	0.0	0.0	0.0
17.87503719329834	1781696481.0	1781696481.8433108	6	12.0	14.0	32.0	34.0	NeuronSpectrum 17.06.2026 14:10:28	EEG	checkup_155_17.06.2026 14:10:28	500.0	499.6666666666667	True	0.5	40.0	4	True	50.0	30.0	54.71855926513672	57.01179155158235	0.08107839524745941	0.984103994703992	0.2661578059196472	0.9961547936551611	-1.248889684677124	-0.6278196883779386	3.5148909091949463	0.894712640012128	-11.590182304382324	-3.9476837827232485	7.248720169067383	-3.6528528063528047	-4.951894760131836	0.14005991342190058	0.0	0.0	0.0	0.0
17.87503933906555	1781696481.0	1781696481.843313	6	12.0	14.0	32.0	34.0	NeuronSpectrum 17.06.2026 14:10:28	EEG	checkup_155_17.06.2026 14:10:28	500.0	499.6666666666667	True	0.5	40.0	4	True	50.0	30.0	53.378822326660156	57.53730950076944	-0.03746958076953888	1.4583683742292675	0.5403305292129517	1.883754201937	-1.3625249862670898	0.6512292683611116	3.4216582775115967	1.3407383703180844	-11.760364532470703	-3.597130011891919	6.929764270782471	-2.470099814314173	-5.381922245025635	0.2402649631797193	0.0	0.0	0.0	0.0
17.875041484832764	1781696481.0	1781696481.8433151	6	12.0	14.0	32.0	34.0	NeuronSpectrum 17.06.2026 14:10:28	EEG	checkup_155_17.06.2026 14:10:28	500.0	499.6666666666667	True	0.5	40.0	4	True	50.0	30.0	52.61326599121094	57.67128951710388	-0.9813550114631653	2.1145853525595664	0.2325715720653534	2.9334118738547312	-2.1819002628326416	2.216238675018021	2.994875192642212	1.873575245018254	-11.334941864013672	-2.9677533003857137	6.79822301864624	-1.1641806150442964	-4.024890422821045	0.43610408619963137	0.0	0.0	0.0	0.0
17.875043392181396	1781696481.0	1781696481.843317	6	12.0	14.0	32.0	34.0	NeuronSpectrum 17.06.2026 14:10:28	EEG	checkup_155_17.06.2026 14:10:28	500.0	499.6666666666667	True	0.5	40.0	4	True	50.0	30.0	53.927310943603516	57.39851106595613	-2.452542543411255	3.040054000064628	-0.425241082906723	4.226563276838183	-2.9717960357666016	4.141512315734802	2.3626022338867188	2.5727167034544425	-10.001358985900879	-1.9785201533466346	7.602055549621582	0.33313603356357946	-1.4356563091278076	0.7327033339320824	0.0	0.0	0.0	0.0
17.87504553794861	1781696481.0	1781696481.8433192	6	12.0	14.0	32.0	34.0	NeuronSpectrum 17.06.2026 14:10:28	EEG	checkup_155_17.06.2026 14:10:28	500.0	499.6666666666667	True	0.5	40.0	4	True	50.0	30.0	57.15867233276367	56.787450774596685	-2.9938416481018066	4.248574056952665	-0.21878722310066223	5.779572001808571	-1.9013692140579224	6.416884384020042	2.44165301322937	3.459541976968851	-7.791055202484131	-0.6243473466182488	10.102607727050781	2.029903456837508	1.1698403358459473	1.0783446096033973	0.0	0.0	0.0	0.0
17.87504744529724	1781696481.0	1781696481.843321	6	12.0	14.0	32.0	34.0	NeuronSpectrum 17.06.2026 14:10:28	EEG	checkup_155_17.06.2026 14:10:28	500.0	499.6666666666667	True	0.5	40.0	4	True	50.0	30.0	59.71788787841797	55.98346659737065	-0.7350834608078003	5.679044408890894	2.408949851989746	7.540626009269705	2.8233802318573	8.942533687488513	4.420808792114258	4.498160255476118	-5.2776994705200195	1.0228228895428797	14.320061683654785	3.8709799461412318	2.599449396133423	1.38181100040848	0.0	0.0	0.0	0.0
17.875048875808716	1781696481.0	1781696481.8433225	6	12.0	14.0	32.0	34.0	NeuronSpectrum 17.06.2026 14:10:28	EEG	checkup_155_17.06.2026 14:10:28	500.0	499.6666666666667	True	0.5	40.0	4	True	50.0	30.0	57.71068572998047	55.185816778683375	5.140598773956299	7.213268905666917	8.108738899230957	9.404201716288918	11.229172706604004	11.547875955145253	8.740787506103516	5.611192742050741	-3.284014940261841	2.8324766833112096	19.065536499023438	5.753306046819437	2.356588840484619	1.5401611697916138	0.0	0.0	0.0	0.0
17.875051021575928	1781696481.0	1781696481.8433247	6	12.0	14.0	32.0	34.0	NeuronSpectrum 17.06.2026 14:10:28	EEG	checkup_155_17.06.2026 14:10:28	500.0	499.6666666666667	True	0.5	40.0	4	True	50.0	30.0	48.41185760498047	54.607097839864416	13.18004035949707	8.710373790798215	15.596165657043457	11.240684254382217	20.517066955566406	14.031477519439642	14.274242401123047	6.7067059919164755	-2.1722781658172607	4.649241644807223	22.2271728515625	7.554132379907584	0.8416769504547119	1.466046573422348	0.0	0.0	0.0	0.0
17.875052452087402	1781696481.0	1781696481.843326	6	12.0	14.0	32.0	34.0	NeuronSpectrum 17.06.2026 14:10:28	EEG	checkup_155_17.06.2026 14:10:28	500.0	499.6666666666667	True	0.5	40.0	4	True	50.0	30.0	32.39316177368164	54.42209298487697	19.712745666503906	10.048107114771744	21.696388244628906	12.932546229778932	25.765186309814453	16.210202970996143	18.40865135192871	7.708088223898389	-1.2836602926254272	6.332850732180811	21.735517501831055	9.163004462390433	-0.9636926054954529	1.1057544639439056	0.0	0.0	0.0	0.0
17.925817012786865	1781696481.0	1781696481.8940907	6	12.0	14.0	32.0	34.0	NeuronSpectrum 17.06.2026 14:10:28	EEG	checkup_155_17.06.2026 14:10:28	500.0	499.6666666666667	True	0.5	40.0	4	True	50.0	30.0	52.77617263793945	54.722719746739	12.682353973388672	11.156013794983046	16.74634552001953	14.403922033311453	19.961610794067383	17.960415693949248	13.968338012695312	8.575992841286284	4.815783500671387	7.792903085294366	26.570812225341797	10.507533542246989	-5.1448540687561035	0.44472372539279414	0.0	0.0	0.0	0.0
17.925822734832764	1781696481.0	1781696481.8940964	6	12.0	14.0	32.0	34.0	NeuronSpectrum 17.06.2026 14:10:28	EEG	checkup_155_17.06.2026 14:10:28	500.0	499.6666666666667	True	0.5	40.0	4	True	50.0	30.0	52.90395736694336	55.497371434457456	10.818102836608887	12.02714340624429	15.031847953796387	15.631801196306156	17.81207847595215	19.236738532732677	11.992178916931152	9.313637666994092	2.95693039894104	9.007505282322128	23.852956771850586	11.56541108420547	-5.730335712432861	-0.4965674485386744	0.0	0.0	0.0	0.0
17.925825119018555	1781696481.0	1781696481.8940988	6	12.0	14.0	32.0	34.0	NeuronSpectrum 17.06.2026 14:10:28	EEG	checkup_155_17.06.2026 14:10:28	500.0	499.6666666666667	True	0.5	40.0	4	True	50.0	30.0	53.901309967041016	56.64195416387324	8.293600082397461	12.70441027041863	12.775487899780273	16.63525796731307	15.247135162353516	20.064241893324947	9.874530792236328	9.95400977933907	0.5687803626060486	10.019051013257117	20.869556427001953	12.359795767333786	-4.744558811187744	-1.669810811788156	0.0	0.0	0.0	0.0
17.925827026367188	1781696481.0	1781696481.8941007	6	12.0	14.0	32.0	34.0	NeuronSpectrum 17.06.2026 14:10:28	EEG	checkup_155_17.06.2026 14:10:28	500.0	499.6666666666667	True	0.5	40.0	4	True	50.0	30.0	55.17776107788086	57.99376766850593	6.880659103393555	13.24958085099046	11.754018783569336	17.449620052609333	14.08979320526123	20.511719125932345	9.142497062683105	10.535999813795474	-0.5638014078140259	10.908301551678942	19.56379508972168	12.94090093943812	-3.343144655227661	-3.0034184886905404	0.0	0.0	0.0	0.0
17.9258291721344	1781696481.0	1781696481.8941028	6	12.0	14.0	32.0	34.0	NeuronSpectrum 17.06.2026 14:10:28	EEG	checkup_155_17.06.2026 14:10:28	500.0	499.6666666666667	True	0.5	40.0	4	True	50.0	30.0	55.83164978027344	59.370485037835536	7.478734493255615	13.709825677663588	12.761443138122559	18.09884537496816	14.91475772857666	20.65996827719003	10.336952209472656	11.081031547165459	0.6292711496353149	11.757091460113253	20.519546508789062	13.361609951697055	-2.9225752353668213	-4.403177878132868	0.0	0.0	0.0	0.0
17.925831079483032	1781696481.0	1781696481.8941047	6	12.0	14.0	32.0	34.0	NeuronSpectrum 17.06.2026 14:10:28	EEG	checkup_155_17.06.2026 14:10:28	500.0	499.6666666666667	True	0.5	40.0	4	True	50.0	30.0	55.305091857910156	60.599519133576514	9.698447227478027	14.09573232121321	15.23977279663086	18.5785373348562	16.94922637939453	20.577509250507322	12.76058292388916	11.5801457638893	3.9229044914245605	12.615307109964064	22.79954719543457	13.656848837932442	-4.230164527893066	-5.7528252364995085	0.0	0.0	0.0	0.0
17.925832986831665	1781696481.0	1781696481.8941066	6	12.0	14.0	32.0	34.0	NeuronSpectrum 17.06.2026 14:10:28	EEG	checkup_155_17.06.2026 14:10:28	500.0	499.6666666666667	True	0.5	40.0	4	True	50.0	30.0	53.903602600097656	61.533032938327196	12.40059757232666	14.377818944968325	17.915830612182617	18.855655059939547	18.983516693115234	20.309778418463466	15.155786514282227	11.995529763516267	7.9204301834106445	13.485321034851218	24.907241821289062	13.833963963304386	-6.919857025146484	-6.920315136175035	0.0	0.0	0.0	0.0
17.925834894180298	1781696481.0	1781696481.8941085	6	12.0	14.0	32.0	34.0	NeuronSpectrum 17.06.2026 14:10:28	EEG	checkup_155_17.06.2026 14:10:28	500.0	499.6666666666667	True	0.5	40.0	4	True	50.0	30.0	52.763492584228516	62.05353676159392	14.65282154083252	14.500251017696892	19.844318389892578	18.883091467906713	20.434017181396484	19.880987789653712	16.713794708251953	12.273849394362346	10.776666641235352	14.327753550804454	26.023380279541016	13.875969789006168	-9.789077758789062	-7.7730710808800945	0.0	0.0	0.0	0.0
17.92583656311035	1781696481.0	1781696481.8941102	6	12.0	14.0	32.0	34.0	NeuronSpectrum 17.06.2026 14:10:28	EEG	checkup_155_17.06.2026 14:10:28	500.0	499.6666666666667	True	0.5	40.0	4	True	50.0	30.0	53.15067672729492	62.079706593530595	16.228038787841797	14.404241346388758	20.929824829101562	18.621523085032276	21.559289932250977	19.30351459420128	17.52813148498535	12.364539425736877	11.158434867858887	15.081671896711365	26.458372116088867	13.754346484146192	-11.537137985229492	-8.200268736827395	0.0	0.0	0.0	0.0
17.925838470458984	1781696481.0	1781696481.894112	6	12.0	14.0	32.0	34.0	NeuronSpectrum 17.06.2026 14:10:28	EEG	checkup_155_17.06.2026 14:10:28	500.0	499.6666666666667	True	0.5	40.0	4	True	50.0	30.0	55.41679763793945	61.57979331009574	17.218584060668945	14.051200863220334	21.481386184692383	18.059016107284	22.623931884765625	18.588515141606383	18.08859634399414	12.23556566288861	8.993823051452637	15.686253946907687	26.948692321777344	13.445207312998411	-11.506124496459961	-8.135609590914036	0.0	0.0	0.0	0.0
17.926090955734253	1781696481.0	1781696481.8943646	6	12.0	14.0	32.0	34.0	NeuronSpectrum 17.06.2026 14:10:28	EEG	checkup_155_17.06.2026 14:10:28	500.0	499.6666666666667	True	0.5	40.0	4	True	50.0	30.0	58.279502868652344	60.591738866425345	17.21210479736328	13.43691842091102	21.26934242248535	17.22049203917025	22.85675048828125	17.752378584067102	18.304027557373047	11.88124325776751	5.628498554229736	16.092666608048297	27.45006561279297	12.942248888217101	-9.969626426696777	-7.572838636688323	0.0	0.0	0.0	0.0
17.92609453201294	1781696481.0	1781696481.8943682	6	12.0	14.0	32.0	34.0	NeuronSpectrum 17.06.2026 14:10:28	EEG	checkup_155_17.06.2026 14:10:28	500.0	499.6666666666667	True	0.5	40.0	4	True	50.0	30.0	59.041526794433594	59.23926676845951	15.017154693603516	12.591759844528069	19.127355575561523	16.16301156774838	20.454912185668945	16.81560616953666	17.071239471435547	11.319912809476898	3.2138404846191406	16.26291926539974	26.590316772460938	12.261181616185702	-7.808436870574951	-6.568925439289364	0.0	0.0	0.0	0.0
17.926096439361572	1781696481.0	1781696481.89437	6	12.0	14.0	32.0	34.0	NeuronSpectrum 17.06.2026 14:10:28	EEG	checkup_155_17.06.2026 14:10:28	500.0	499.6666666666667	True	0.5	40.0	4	True	50.0	30.0	54.863529205322266	57.72835325511422	9.51198673248291	11.56715367392127	13.737044334411621	14.957953496829612	14.009641647338867	15.793861428923597	13.012351036071777	10.582786074353113	3.5192692279815674	16.161592122697254	22.449296951293945	11.433197438203466	-5.866235733032227	-5.234515732851154	0.0	0.0	0.0	0.0
17.926097869873047	1781696481.0	1781696481.8943715	6	12.0	14.0	32.0	34.0	NeuronSpectrum 17.06.2026 14:10:28	EEG	checkup_155_17.06.2026 14:10:28	500.0	499.6666666666667	True	0.5	40.0	4	True	50.0	30.0	44.46232986450195	56.31385424380737	1.1400716304779053	10.414740505703481	5.177571773529053	13.667003178257078	4.411479473114014	14.68582421925742	5.9710564613342285	9.699062498547688	6.763928413391113	15.750896953093958	14.221179008483887	10.489974943507477	-4.498756408691406	-3.7152089083436204	0.0	0.0	0.0	0.0
17.92609977722168	1781696481.0	1781696481.8943734	6	12.0	14.0	32.0	34.0	NeuronSpectrum 17.06.2026 14:10:28	EEG	checkup_155_17.06.2026 14:10:28	500.0	499.6666666666667	True	0.5	40.0	4	True	50.0	30.0	29.174457550048828	55.24110745756322	-7.26236629486084	9.16959896664385	-4.066634178161621	12.32378983892418	-4.483552932739258	13.46757652027009	-1.9833903312683105	8.685729135858326	11.214685440063477	14.996776199594814	3.455399990081787	9.448811557399484	-3.5306594371795654	-2.1686164842594216	0.0	0.0	0.0	0.0
17.926101446151733	1781696481.0	1781696481.894375	6	12.0	14.0	32.0	34.0	NeuronSpectrum 17.06.2026 14:10:28	EEG	checkup_155_17.06.2026 14:10:28	500.0	499.6666666666667	True	0.5	40.0	4	True	50.0	30.0	50.031612396240234	54.68345885666927	12.74495792388916	7.848919490961729	16.55302619934082	10.93306051429752	18.790794372558594	12.10367494200215	16.20537567138672	7.5503177384947495	7.536324501037598	13.885802508753095	25.271833419799805	8.309376797412924	-1.715456485748291	-0.7412151040905695	0.0	0.0	0.0	0.0
17.926103591918945	1781696481.0	1781696481.8943772	6	12.0	14.0	32.0	34.0	NeuronSpectrum 17.06.2026 14:10:28	EEG	checkup_155_17.06.2026 14:10:28	500.0	499.6666666666667	True	0.5	40.0	4	True	50.0	30.0	50.480445861816406	54.701607363357276	12.113131523132324	6.469063751113788	16.139320373535156	9.490783179805641	18.56203842163086	10.576299592287036	15.561259269714355	6.308163985673186	7.253675937652588	12.445014501029032	24.951374053955078	7.068027883879066	1.0766074657440186	0.45248459548628295	0.0	0.0	0.0	0.0
17.926105260849	1781696481.0	1781696481.894379	6	12.0	14.0	32.0	34.0	NeuronSpectrum 17.06.2026 14:10:28	EEG	checkup_155_17.06.2026 14:10:28	500.0	499.6666666666667	True	0.5	40.0	4	True	50.0	30.0	50.89496612548828	55.239393149004876	8.888623237609863	5.070481626258177	13.030747413635254	8.01448728050074	15.229537963867188	8.919234440781159	12.4806489944458	5.004651171239893	4.618330478668213	10.754240086197083	21.93600845336914	5.742725985755193	3.0556952953338623	1.3462429983593862	0.0	0.0	0.0	0.0
17.926106929779053	1781696481.0	1781696481.8943806	6	12.0	14.0	32.0	34.0	NeuronSpectrum 17.06.2026 14:10:28	EEG	checkup_155_17.06.2026 14:10:28	500.0	499.6666666666667	True	0.5	40.0	4	True	50.0	30.0	50.87135696411133	56.151812460827855	4.152788162231445	3.732146499846637	8.17780590057373	6.564282134399103	9.790421485900879	7.23505703501221	7.982900619506836	3.72647149831402	0.40274253487586975	8.943606024347247	17.123720169067383	4.391573987538908	3.2804954051971436	1.9307381708111642	0.0	0.0	0.0	0.0
17.926108360290527	1781696481.0	1781696481.894382	6	12.0	14.0	32.0	34.0	NeuronSpectrum 17.06.2026 14:10:28	EEG	checkup_155_17.06.2026 14:10:28	500.0	499.6666666666667	True	0.5	40.0	4	True	50.0	30.0	50.251075744628906	57.248557109972204	0.04101821780204773	2.5630126718413226	3.681471109390259	5.240021602687718	4.607930660247803	5.681100721594644	4.005749702453613	2.5912157148886252	-3.7744336128234863	7.175186855675443	12.438136100769043	3.1106454984227163	1.834876537322998	2.2510156684443032	0.0	0.0	0.0	0.0
17.92611026763916	1781696481.0	1781696481.894384	6	12.0	14.0	32.0	34.0	NeuronSpectrum 17.06.2026 14:10:28	EEG	checkup_155_17.06.2026 14:10:28	500.0	499.6666666666667	True	0.5	40.0	4	True	50.0	30.0	49.11103057861328	58.33594706061683	-1.6013745069503784	1.6733068302977105	1.4767347574234009	4.155447472752542	1.887678623199463	4.427931610661671	2.213768243789673	1.718187840724445	-6.4061760902404785	5.613947644947081	9.628355979919434	2.010225010215793	-0.11907532066106796	2.391166778128342	0.0	0.0	0.0	0.0
17.926111698150635	1781696481.0	1781696481.8943853	6	12.0	14.0	32.0	34.0	NeuronSpectrum 17.06.2026 14:10:28	EEG	checkup_155_17.06.2026 14:10:28	500.0	499.6666666666667	True	0.5	40.0	4	True	50.0	30.0	47.81523895263672	59.24741231584564	-0.49785545468330383	1.1409884834569428	2.026158332824707	3.40365750229061	2.170642614364624	3.609371050529114	2.9036920070648193	1.194574028555586	-6.9125776290893555	4.396920822294156	9.209187507629395	1.1817483406984575	-1.1285163164138794	2.4489758950214013	0.0	0.0	0.0	0.0
17.926113605499268	1781696481.0	1781696481.8943872	6	12.0	14.0	32.0	34.0	NeuronSpectrum 17.06.2026 14:10:28	EEG	checkup_155_17.06.2026 14:10:28	500.0	499.6666666666667	True	0.5	40.0	4	True	50.0	30.0	47.096397399902344	59.86111330372555	1.7759981155395508	0.9899700787634471	3.964813470840454	3.030949703040996	3.9697046279907227	3.285642078406576	4.798129558563232	1.0524548139257575	-5.81310510635376	3.609522723528273	10.290397644042969	0.6717279481653753	-0.44870591163635254	2.507729349579782	0.0	0.0	0.0	0.0
17.92611527442932	1781696481.0	1781696481.894389	6	12.0	14.0	32.0	34.0	NeuronSpectrum 17.06.2026 14:10:28	EEG	checkup_155_17.06.2026 14:10:28	500.0	499.6666666666667	True	0.5	40.0	4	True	50.0	30.0	47.86661148071289	60.108856006543455	2.8802285194396973	1.1876582051558255	5.087632656097412	3.0282840811979947	4.9712138175964355	3.4316664488464754	5.9840216636657715	1.2643413965882035	-4.225839614868164	3.2742398686631033	11.401890754699707	0.47309827907590385	1.5091273784637451	2.6141752769002253	0.0	0.0	0.0	0.0
17.926116943359375	1781696481.0	1781696481.8943906	6	12.0	14.0	32.0	34.0	NeuronSpectrum 17.06.2026 14:10:28	EEG	checkup_155_17.06.2026 14:10:28	500.0	499.6666666666667	True	0.5	40.0	4	True	50.0	30.0	50.555992126464844	59.98145245082867	1.5046347379684448	1.657591436104002	4.044010162353516	3.3382458750578303	3.9696719646453857	3.948868415413805	5.36274528503418	1.7543454142884862	-3.1694302558898926	3.3516862123731825	11.619924545288086	0.5341066531135671	3.580824136734009	2.769488846461757	0.0	0.0	0.0	0.0
17.92611861228943	1781696481.0	1781696481.8943923	6	12.0	14.0	32.0	34.0	NeuronSpectrum 17.06.2026 14:10:28	EEG	checkup_155_17.06.2026 14:10:28	500.0	499.6666666666667	True	0.5	40.0	4	True	50.0	30.0	54.27289581298828	59.53221123277198	-1.4034936428070068	2.2963936864375296	1.5334861278533936	3.8683247504962255	2.040667772293091	4.689771363258197	3.5708229541778564	2.4156548724728144	-3.12945556640625	3.7501267122283375	11.134121894836426	0.7767078783503325	4.720148086547852	2.9351356347042805	0.0	0.0	0.0	0.0
17.92612051963806	1781696481.0	1781696481.8943942	6	12.0	14.0	32.0	34.0	NeuronSpectrum 17.06.2026 14:10:28	EEG	checkup_155_17.06.2026 14:10:28	500.0	499.6666666666667	True	0.5	40.0	4	True	50.0	30.0	56.53995132446289	58.87467779661113	-3.044044017791748	2.9862741339361856	0.0033039068803191185	4.502238692825641	1.8437011241912842	5.484213809192285	2.596463680267334	3.125796058767286	-4.019327163696289	4.338834344104452	10.85617733001709	1.114338553727256	4.6407976150512695	3.0503541768617906	0.0	0.0	0.0	0.0
17.926122188568115	1781696481.0	1781696481.8943958	6	12.0	14.0	32.0	34.0	NeuronSpectrum 17.06.2026 14:10:28	EEG	checkup_155_17.06.2026 14:10:28	500.0	499.6666666666667	True	0.5	40.0	4	True	50.0	30.0	54.19586944580078	58.167382260155804	-0.7493669986724854	3.601856816066823	1.8892563581466675	5.107581022065207	5.383504390716553	6.161697157047038	4.256772518157959	3.7570765541445055	-5.3170928955078125	4.962856736719365	11.441604614257812	1.462660344052777	3.7846758365631104	3.054919405112645	0.0	0.0	0.0	0.0
17.92612385749817	1781696481.0	1781696481.8943975	6	12.0	14.0	32.0	34.0	NeuronSpectrum 17.06.2026 14:10:28	EEG	checkup_155_17.06.2026 14:10:28	500.0	499.6666666666667	True	0.5	40.0	4	True	50.0	30.0	45.21611404418945	57.58134079586289	5.721048831939697	4.0164966118155405	7.5435309410095215	5.544117091196042	11.82937240600586	6.5700819796911265	8.56779670715332	4.185317693737202	-6.156660079956055	5.459849073440346	12.51019287109375	1.7429626715565734	2.80393385887146	2.910593382299625	0.0	0.0	0.0	0.0
17.926125288009644	1781696481.0	1781696481.894399	6	12.0	14.0	32.0	34.0	NeuronSpectrum 17.06.2026 14:10:28	EEG	checkup_155_17.06.2026 14:10:28	500.0	499.6666666666667	True	0.5	40.0	4	True	50.0	30.0	30.321624755859375	57.255818571775684	13.272642135620117	4.113455232356362	14.362942695617676	5.677671426016487	17.177858352661133	6.592135449392193	13.22658634185791	4.301212494358388	-5.417901992797852	5.68098434454269	12.660184860229492	1.8825552008319282	2.051151752471924	2.6162708320611	0.0	0.0	0.0	0.0
17.97778868675232	1781696481.0	1781696481.9460623	6	12.0	14.0	32.0	34.0	NeuronSpectrum 17.06.2026 14:10:28	EEG	checkup_155_17.06.2026 14:10:28	500.0	499.6666666666667	True	0.5	40.0	4	True	50.0	30.0	50.09955978393555	57.25843802415795	2.568176746368408	3.8022649393479937	5.1703782081604	5.400021325476547	5.493556022644043	6.159142010661876	7.327578544616699	4.025356759455715	-2.573967218399048	5.516051084935674	12.165672302246094	1.8175737437995978	2.1294031143188477	2.2137744235295713	0.0	0.0	0.0	0.0
17.977794647216797	1781696481.0	1781696481.9460683	6	12.0	14.0	32.0	34.0	NeuronSpectrum 17.06.2026 14:10:28	EEG	checkup_155_17.06.2026 14:10:28	500.0	499.6666666666667	True	0.5	40.0	4	True	50.0	30.0	49.35987854003906	57.56758214292201	3.144428014755249	3.0358128862154943	5.813960075378418	4.650299951173581	5.826260089874268	5.259251309340048	7.544172763824463	3.32382830944792	-2.5810439586639404	4.918423357712549	12.499215126037598	1.5012870203372466	2.78054141998291	1.7826780855529138	0.0	0.0	0.0	0.0
17.977797031402588	1781696481.0	1781696481.9460707	6	12.0	14.0	32.0	34.0	NeuronSpectrum 17.06.2026 14:10:28	EEG	checkup_155_17.06.2026 14:10:28	500.0	499.6666666666667	True	0.5	40.0	4	True	50.0	30.0	49.08530044555664	58.084402118693156	2.4811341762542725	1.8230643697739992	5.236637115478516	3.431933169307637	5.5451459884643555	3.93950451776332	6.466927528381348	2.2193994378484447	-3.8539938926696777	3.9216234193335806	12.375683784484863	0.9166858187076364	2.6409683227539062	1.4237198978617187	0.0	0.0	0.0	0.0
17.9777991771698	1781696481.0	1781696481.9460728	6	12.0	14.0	32.0	34.0	NeuronSpectrum 17.06.2026 14:10:28	EEG	checkup_155_17.06.2026 14:10:28	500.0	499.6666666666667	True	0.5	40.0	4	True	50.0	30.0	49.45680618286133	58.66636334278433	0.41979169845581055	0.2343095575862848	3.209437131881714	1.8202916975430443	4.1842169761657715	2.3018777255754	4.1405181884765625	0.7941143281742937	-6.260565280914307	2.6391295080561488	11.457290649414062	0.08788034735555736	1.5307390689849854	1.2323335134120672	0.0	0.0	0.0	0.0
17.97780132293701	1781696481.0	1781696481.946075	6	12.0	14.0	32.0	34.0	NeuronSpectrum 17.06.2026 14:10:28	EEG	checkup_155_17.06.2026 14:10:28	500.0	499.6666666666667	True	0.5	40.0	4	True	50.0	30.0	50.04011917114258	59.165935354087296	-2.7872793674468994	-1.6030523860818935	-0.06900052726268768	-0.042482757801186294	1.4755303859710693	0.49255676834327455	0.9944514036178589	-0.8194236375567842	-9.081783294677734	1.2440776018310769	9.451292037963867	-0.9171302996989922	0.14646117389202118	1.267221163801806	0.0	0.0	0.0	0.0
17.977802991867065	1781696481.0	1781696481.9460766	6	12.0	14.0	32.0	34.0	NeuronSpectrum 17.06.2026 14:10:28	EEG	checkup_155_17.06.2026 14:10:28	500.0	499.6666666666667	True	0.5	40.0	4	True	50.0	30.0	50.00724411010742	59.46051244177014	-6.428828716278076	-3.519741108589156	-3.884225368499756	-1.9673951787960837	-2.1941936016082764	-1.317886756849115	-2.218846321105957	-2.4582887858345788	-11.283567428588867	-0.06673353698574681	6.506115436553955	-1.9976808445615197	-0.4086562991142273	1.522849156331029	0.0	0.0	0.0	0.0
17.977805137634277	1781696481.0	1781696481.9460788	6	12.0	14.0	32.0	34.0	NeuronSpectrum 17.06.2026 14:10:28	EEG	checkup_155_17.06.2026 14:10:28	500.0	499.6666666666667	True	0.5	40.0	4	True	50.0	30.0	48.84014892578125	59.467897634813504	-9.364181518554688	-5.330081274824174	-7.036600112915039	-3.7513216843238157	-5.537923812866211	-2.9636371159467063	-4.5200581550598145	-3.9574756028443554	-12.092025756835938	-1.113810929179616	3.522712469100952	-3.044975811285668	0.5729194283485413	1.9168380006751629	0.0	0.0	0.0	0.0
17.97780680656433	1781696481.0	1781696481.9460804	6	12.0	14.0	32.0	34.0	NeuronSpectrum 17.06.2026 14:10:28	EEG	checkup_155_17.06.2026 14:10:28	500.0	499.6666666666667	True	0.5	40.0	4	True	50.0	30.0	46.9573974609375	59.149611768185494	-10.361553192138672	-6.862560296372871	-8.209367752075195	-5.215003639516349	-6.794606685638428	-4.316292774741467	-4.992583751678467	-5.178638259490888	-11.570452690124512	-1.7686473810477188	1.9275517463684082	-3.971815443210389	2.819162607192993	2.3009165044332356	0.0	0.0	0.0	0.0
17.977808713912964	1781696481.0	1781696481.9460824	6	12.0	14.0	32.0	34.0	NeuronSpectrum 17.06.2026 14:10:28	EEG	checkup_155_17.06.2026 14:10:28	500.0	499.6666666666667	True	0.5	40.0	4	True	50.0	30.0	45.6246223449707	58.50880336662154	-8.796786308288574	-7.986706191846643	-6.69709587097168	-6.234870310037943	-4.857388019561768	-5.309764163688343	-3.301002025604248	-6.030247917690189	-10.692377090454102	-1.9716657679927083	2.8181889057159424	-4.7347284657383435	5.165000915527344	2.496851412940343	0.0	0.0	0.0	0.0
17.97781014442444	1781696481.0	1781696481.9460838	6	12.0	14.0	32.0	34.0	NeuronSpectrum 17.06.2026 14:10:28	EEG	checkup_155_17.06.2026 14:10:28	500.0	499.6666666666667	True	0.5	40.0	4	True	50.0	30.0	45.995269775390625	57.58948154371522	-5.347638130187988	-8.6281498683897	-3.1126670837402344	-6.758477675480649	-0.4327044188976288	-5.946387935778484	-0.1707514226436615	-6.472937092579444	-10.63339900970459	-1.7328454956790396	5.985559940338135	-5.337404578685533	6.260195732116699	2.348953938554798	0.0	0.0	0.0	0.0
17.97781229019165	1781696481.0	1781696481.946086	6	12.0	14.0	32.0	34.0	NeuronSpectrum 17.06.2026 14:10:28	EEG	checkup_155_17.06.2026 14:10:28	500.0	499.6666666666667	True	0.5	40.0	4	True	50.0	30.0	47.89259338378906	56.47926468798594	-2.0753796100616455	-8.76920748983831	0.5143329501152039	-6.80023706336794	3.76609468460083	-6.280869251090093	2.6117210388183594	-6.510528712267002	-11.668326377868652	-1.1196047743182955	9.582509994506836	-5.812807702497231	5.435492038726807	1.7768014482453616	0.0	0.0	0.0	0.0
17.977821350097656	1781696481.0	1781696481.946095	6	12.0	14.0	32.0	34.0	NeuronSpectrum 17.06.2026 14:10:28	EEG	checkup_155_17.06.2026 14:10:28	500.0	499.6666666666667	True	0.5	40.0	4	True	50.0	30.0	49.31941604614258	55.31097451486716	-1.5102556943893433	-8.439784586423741	1.6036834716796875	-6.423386317909918	4.357935905456543	-6.39006615949567	2.949950933456421	-6.174525386141463	-12.587566375732422	-0.2390499156983063	10.89112663269043	-6.192933194991059	3.110325336456299	0.8097135131058136	0.0	0.0	0.0	0.0
17.97782325744629	1781696481.0	1781696481.946097	6	12.0	14.0	32.0	34.0	NeuronSpectrum 17.06.2026 14:10:28	EEG	checkup_155_17.06.2026 14:10:28	500.0	499.6666666666667	True	0.5	40.0	4	True	50.0	30.0	47.309349060058594	54.25359726554183	-5.023064613342285	-7.707922970500988	-1.4107524156570435	-5.720303234378601	-0.3826097846031189	-6.344686711627593	-0.28272509574890137	-5.513100380518098	-11.325596809387207	0.7796164018340873	7.904687881469727	-6.483278007285415	0.4618571996688843	-0.41035148155712475	0.0	0.0	0.0	0.0
17.977824687957764	1781696481.0	1781696481.9460983	6	12.0	14.0	32.0	34.0	NeuronSpectrum 17.06.2026 14:10:28	EEG	checkup_155_17.06.2026 14:10:28	500.0	499.6666666666667	True	0.5	40.0	4	True	50.0	30.0	39.739532470703125	53.4850865429599	-11.467792510986328	-6.677109702138827	-7.734266757965088	-4.801869452338934	-8.720158576965332	-6.197641881836488	-6.188300609588623	-4.591924139931884	-6.582216739654541	1.7995993857737373	0.7655884623527527	-6.657951401815881	-1.3372600078582764	-1.6604798536003273	0.0	0.0	0.0	0.0
17.977826595306396	1781696481.0	1781696481.9461002	6	12.0	14.0	32.0	34.0	NeuronSpectrum 17.06.2026 14:10:28	EEG	checkup_155_17.06.2026 14:10:28	500.0	499.6666666666667	True	0.5	40.0	4	True	50.0	30.0	26.913434982299805	53.14939634331173	-17.183286666870117	-5.489200738033485	-14.098018646240234	-3.7978408208038874	-15.671963691711426	-5.992855185004785	-11.843522071838379	-3.504761748781664	0.7348965406417847	2.6868973915411725	-7.951786041259766	-6.6801447793864135	-1.8022774457931519	-2.694702681720407	0.0	0.0	0.0	0.0
18.02873158454895	1781696481.0	1781696481.9970052	6	12.0	14.0	32.0	34.0	NeuronSpectrum 17.06.2026 14:10:28	EEG	checkup_155_17.06.2026 14:10:28	500.0	499.6666666666667	True	0.5	40.0	4	True	50.0	30.0	44.216880798339844	53.31257550430444	-7.291652202606201	-4.32329742857208	-5.0922770500183105	-2.8598298428420397	-8.00426197052002	-5.784614875829369	-1.9478048086166382	-2.3826154940174233	-13.745137214660645	3.31649497255758	-2.056626558303833	-6.5373465768162635	-4.544248580932617	-3.311412572617082	0.0	0.0	0.0	0.0
18.028738021850586	1781696481.0	1781696481.9970117	6	12.0	14.0	32.0	34.0	NeuronSpectrum 17.06.2026 14:10:28	EEG	checkup_155_17.06.2026 14:10:28	500.0	499.6666666666667	True	0.5	40.0	4	True	50.0	30.0	45.07768249511719	53.937861546131806	-3.623499631881714	-3.379459601916912	-2.009204149246216	-2.1544542201745034	-5.205355167388916	-5.650623152794225	1.587010383605957	-1.3883597773150516	-10.660778045654297	3.5764327373492617	0.25913622975349426	-6.27096575036743	-3.806959629058838	-3.4105708239544645	0.0	0.0	0.0	0.0
18.028740644454956	1781696481.0	1781696481.9970143	6	12.0	14.0	32.0	34.0	NeuronSpectrum 17.06.2026 14:10:28	EEG	checkup_155_17.06.2026 14:10:28	500.0	499.6666666666667	True	0.5	40.0	4	True	50.0	30.0	46.48451614379883	54.891978968771355	0.4410283863544464	-2.8441106574346127	1.711098551750183	-1.8399459029823388	-0.863679051399231	-5.686411056877475	5.242427349090576	-0.6915645520233157	-7.155882835388184	3.375006234500145	4.425466060638428	-5.982391162600921	-2.513596534729004	-3.0236744606739756	0.0	0.0	0.0	0.0
18.028743028640747	1781696481.0	1781696481.9970167	6	12.0	14.0	32.0	34.0	NeuronSpectrum 17.06.2026 14:10:28	EEG	checkup_155_17.06.2026 14:10:28	500.0	499.6666666666667	True	0.5	40.0	4	True	50.0	30.0	47.90282440185547	55.979669866103706	2.728961229324341	-2.8458950017752875	3.9715545177459717	-2.030652837513046	2.3759191036224365	-5.980704319603707	7.1507415771484375	-0.4301393896202438	-5.280923843383789	2.6562605081558734	7.941751480102539	-5.809951790312339	-0.9235749840736389	-2.3070569735496504	0.0	0.0	0.0	0.0
18.02874493598938	1781696481.0	1781696481.9970186	6	12.0	14.0	32.0	34.0	NeuronSpectrum 17.06.2026 14:10:28	EEG	checkup_155_17.06.2026 14:10:28	500.0	499.6666666666667	True	0.5	40.0	4	True	50.0	30.0	48.4585075378418	56.9917815839952	2.1147842407226562	-3.418061214620627	3.537294864654541	-2.7622651766605344	2.7159650325775146	-6.582168094667507	6.461193561553955	-0.673195533034013	-6.257238388061523	1.4227211332796965	8.802634239196777	-5.885487793006068	0.8473973870277405	-1.4996691434747262	0.0	0.0	0.0	0.0
18.028747081756592	1781696481.0	1781696481.9970207	6	12.0	14.0	32.0	34.0	NeuronSpectrum 17.06.2026 14:10:28	EEG	checkup_155_17.06.2026 14:10:28	500.0	499.6666666666667	True	0.5	40.0	4	True	50.0	30.0	47.47276306152344	57.74976214684804	-0.851961612701416	-4.481971756763284	0.7457267642021179	-3.971519938666613	0.2304539531469345	-7.4720273691292745	3.7805609703063965	-1.3989859719009794	-9.724984169006348	-0.2439610449916982	6.680702209472656	-6.287694281334698	2.566545248031616	-0.8569651876386268	0.0	0.0	0.0	0.0
18.028748750686646	1781696481.0	1781696481.9970224	6	12.0	14.0	32.0	34.0	NeuronSpectrum 17.06.2026 14:10:28	EEG	checkup_155_17.06.2026 14:10:28	500.0	499.6666666666667	True	0.5	40.0	4	True	50.0	30.0	45.11431121826172	58.134440809354146	-4.5534138679504395	-5.858160277668558	-2.9444870948791504	-5.498550702211075	-3.5430359840393066	-8.554026254555634	0.5780088305473328	-2.4949185586683122	-14.00391674041748	-2.176786473071595	2.922844886779785	-7.009326874145501	3.747936964035034	-0.5796672051925191	0.0	0.0	0.0	0.0
18.028750896453857	1781696481.0	1781696481.9970245	6	12.0	14.0	32.0	34.0	NeuronSpectrum 17.06.2026 14:10:28	EEG	checkup_155_17.06.2026 14:10:28	500.0	499.6666666666667	True	0.5	40.0	4	True	50.0	30.0	42.64720153808594	58.09533498109371	-7.608591079711914	-7.301516070402355	-6.1515045166015625	-7.111929085066492	-6.987143039703369	-9.666064097058195	-1.9452859163284302	-3.778201381178495	-17.19327735900879	-4.139060149766646	-0.5364933013916016	-7.948545688507849	3.8423099517822266	-0.7578653735790813	0.0	0.0	0.0	0.0
18.02875280380249	1781696481.0	1781696481.9970264	6	12.0	14.0	32.0	34.0	NeuronSpectrum 17.06.2026 14:10:28	EEG	checkup_155_17.06.2026 14:10:28	500.0	499.6666666666667	True	0.5	40.0	4	True	50.0	30.0	41.85672378540039	57.644781972435766	-9.730849266052246	-8.550130958262821	-8.461542129516602	-8.549690583214094	-9.469703674316406	-10.610387936934073	-3.576450824737549	-5.029726205293037	-18.351102828979492	-5.860296729724665	-2.447108030319214	-8.92537422114566	2.628056049346924	-1.3466426299401906	0.0	0.0	0.0	0.0
18.028754711151123	1781696481.0	1781696481.9970284	6	12.0	14.0	32.0	34.0	NeuronSpectrum 17.06.2026 14:10:28	EEG	checkup_155_17.06.2026 14:10:28	500.0	499.6666666666667	True	0.5	40.0	4	True	50.0	30.0	43.7849006652832	56.84566578963139	-11.391073226928711	-9.375118563404527	-10.241034507751465	-9.566368250722162	-11.171066284179688	-11.194153699984055	-4.812295913696289	-6.032010432628701	-17.95026206970215	-7.083156949800876	-2.772691011428833	-9.71683664987394	0.49913451075553894	-2.180304104145818	0.0	0.0	0.0	0.0
18.028756141662598	1781696481.0	1781696481.9970298	6	12.0	14.0	32.0	34.0	NeuronSpectrum 17.06.2026 14:10:28	EEG	checkup_155_17.06.2026 14:10:28	500.0	499.6666666666667	True	0.5	40.0	4	True	50.0	30.0	47.57377624511719	55.800252787118964	-12.65685749053955	-9.620559595954862	-11.60901165008545	-9.976099083105979	-12.013763427734375	-11.270233861937227	-5.897703647613525	-6.603521956117878	-17.335573196411133	-7.609433988458731	-2.248566150665283	-10.101094108745801	-1.6722475290298462	-3.020902777940091	0.0	0.0	0.0	0.0
18.02875804901123	1781696481.0	1781696481.9970317	6	12.0	14.0	32.0	34.0	NeuronSpectrum 17.06.2026 14:10:28	EEG	checkup_155_17.06.2026 14:10:28	500.0	499.6666666666667	True	0.5	40.0	4	True	50.0	30.0	50.37348175048828	54.64153944024499	-12.421531677246094	-9.226414739250755	-11.637614250183105	-9.68367174343752	-10.980663299560547	-10.768610892803624	-6.142961502075195	-6.624294586199305	-17.565689086914062	-7.334877161651072	-1.5009125471115112	-9.901239215161269	-3.0071961879730225	-3.6265851774615343	0.0	0.0	0.0	0.0
18.028759717941284	1781696481.0	1781696481.9970334	6	12.0	14.0	32.0	34.0	NeuronSpectrum 17.06.2026 14:10:28	EEG	checkup_155_17.06.2026 14:10:28	500.0	499.6666666666667	True	0.5	40.0	4	True	50.0	30.0	48.70082092285156	53.5219640839822	-9.021249771118164	-8.231177540577738	-8.772120475769043	-8.697823910039272	-6.821829319000244	-9.710854707338243	-4.315193176269531	-6.049824376629412	-18.458040237426758	-6.266387458076414	-0.5776958465576172	-9.021117437592297	-3.125112533569336	-3.819668878120041	0.0	0.0	0.0	0.0
18.028761863708496	1781696481.0	1781696481.9970355	6	12.0	14.0	32.0	34.0	NeuronSpectrum 17.06.2026 14:10:28	EEG	checkup_155_17.06.2026 14:10:28	500.0	499.6666666666667	True	0.5	40.0	4	True	50.0	30.0	40.55656433105469	52.593005985933345	-1.9971435070037842	-6.755177198002221	-2.3808469772338867	-7.12438219254711	0.21190416812896729	-8.204123359200155	0.055581554770469666	-4.911898378519291	-18.49689292907715	-4.518593693576605	0.7268856167793274	-7.466903181637555	-2.300546646118164	-3.535122208634129	0.0	0.0	0.0	0.0
18.02876353263855	1781696481.0	1781696481.9970372	6	12.0	14.0	32.0	34.0	NeuronSpectrum 17.06.2026 14:10:28	EEG	checkup_155_17.06.2026 14:10:28	500.0	499.6666666666667	True	0.5	40.0	4	True	50.0	30.0	26.920812606811523	51.97556671682367	6.465604305267334	-4.970027303702413	5.82295560836792	-5.141418254712962	7.215994358062744	-6.4166665906652085	5.553028583526611	-3.307110912314679	-15.681689262390137	-2.2897221762256654	2.1454622745513916	-5.349209567807953	-1.2164522409439087	-2.836728278684014	0.0	0.0	0.0	0.0
18.028765201568604	1781696481.0	1781696481.9970388	6	12.0	14.0	32.0	34.0	NeuronSpectrum 17.06.2026 14:10:28	EEG	checkup_155_17.06.2026 14:10:28	500.0	499.6666666666667	True	0.5	40.0	4	True	50.0	30.0	41.83502197265625	51.73084233172092	-3.751528739929199	-3.0632080810553415	-1.9359649419784546	-2.9631975166714994	-1.4079431295394897	-4.541978543533895	0.8773625493049622	-1.3762291393241275	-11.188044548034668	0.17983221795863022	5.969371318817139	-2.862706588655885	0.37135279178619385	-1.8981396776563053	0.0	0.0	0.0	0.0
18.028766632080078	1781696481.0	1781696481.9970403	6	12.0	14.0	32.0	34.0	NeuronSpectrum 17.06.2026 14:10:28	EEG	checkup_155_17.06.2026 14:10:28	500.0	499.6666666666667	True	0.5	40.0	4	True	50.0	30.0	40.99346160888672	51.845687343903165	-0.16787777841091156	-1.2063786361993198	1.8213976621627808	-0.8015350585219275	2.5688509941101074	-2.7606388650425018	4.1736016273498535	0.7211304889024692	-7.166244983673096	2.6581973250636413	10.396700859069824	-0.24490687880283785	3.22607684135437	-0.9559612132825512	0.0	0.0	0.0	0.0
18.02876853942871	1781696481.0	1781696481.9970422	6	12.0	14.0	32.0	34.0	NeuronSpectrum 17.06.2026 14:10:28	EEG	checkup_155_17.06.2026 14:10:28	500.0	499.6666666666667	True	0.5	40.0	4	True	50.0	30.0	41.49103927612305	52.24012905562217	2.5620758533477783	0.4683779617231464	4.662564277648926	1.1686761139427537	5.262683868408203	-1.2071209376628766	6.731487274169922	2.832466700583945	-4.41268253326416	4.969775885344608	13.740731239318848	2.2774533321015635	5.092390060424805	-0.2491567293506019	0.0	0.0	0.0	0.0
18.028770685195923	1781696481.0	1781696481.9970443	6	12.0	14.0	32.0	34.0	NeuronSpectrum 17.06.2026 14:10:28	EEG	checkup_155_17.06.2026 14:10:28	500.0	499.6666666666667	True	0.5	40.0	4	True	50.0	30.0	42.837806701660156	52.792676479518136	3.9965403079986572	1.8843113261493132	6.1697998046875	2.835708031609326	6.066307067871094	0.053407881002863644	8.32323932647705	4.835608460957174	-3.238858222961426	7.027065834927078	15.357451438903809	4.539903688854178	5.457353591918945	0.03823954489804262	0.0	0.0	0.0	0.0
18.028772592544556	1781696481.0	1781696481.9970462	6	12.0	14.0	32.0	34.0	NeuronSpectrum 17.06.2026 14:10:28	EEG	checkup_155_17.06.2026 14:10:28	500.0	499.6666666666667	True	0.5	40.0	4	True	50.0	30.0	44.04741668701172	53.37112445585033	4.321481704711914	3.0277676734055947	6.570192337036133	4.165585698785243	5.384427070617676	1.0336933831953605	9.246292114257812	6.655357551410582	-2.872028112411499	8.837814304284953	15.474710464477539	6.473396437540497	4.545016288757324	-0.18353030239359971	0.0	0.0	0.0	0.0
18.02877426147461	1781696481.0	1781696481.997048	6	12.0	14.0	32.0	34.0	NeuronSpectrum 17.06.2026 14:10:28	EEG	checkup_155_17.06.2026 14:10:28	500.0	499.6666666666667	True	0.5	40.0	4	True	50.0	30.0	44.24180603027344	53.857063486177054	4.043472766876221	3.9456199428996994	6.395091533660889	5.2012530749555275	4.262367248535156	1.8144586487041876	9.913215637207031	8.269381934685496	-2.176987886428833	10.486760105866292	14.853973388671875	8.107878796083225	3.064039945602417	-0.896671537102554	0.0	0.0	0.0	0.0
18.028775930404663	1781696481.0	1781696481.9970496	6	12.0	14.0	32.0	34.0	NeuronSpectrum 17.06.2026 14:10:28	EEG	checkup_155_17.06.2026 14:10:28	500.0	499.6666666666667	True	0.5	40.0	4	True	50.0	30.0	43.24304962158203	54.15848210323815	3.7924323081970215	4.729885314899172	6.247951030731201	6.0445157623611845	3.8821821212768555	2.5160951439779984	10.660400390625	9.701054589975822	-0.5758240222930908	12.099288679963117	14.41577434539795	9.545336157327043	1.6562683582305908	-1.9885091787796698	0.0	0.0	0.0	0.0
18.028777837753296	1781696481.0	1781696481.9970515	6	12.0	14.0	32.0	34.0	NeuronSpectrum 17.06.2026 14:10:28	EEG	checkup_155_17.06.2026 14:10:28	500.0	499.6666666666667	True	0.5	40.0	4	True	50.0	30.0	41.77897262573242	54.21204848028343	4.344813823699951	5.490886767053519	6.832844257354736	6.824014902637279	5.231588840484619	3.2591721502498467	11.894885063171387	11.001137184576308	1.5823780298233032	13.79886698987789	15.08470630645752	10.912736568836262	0.473921000957489	-3.283126822780496	0.0	0.0	0.0	0.0
18.02877950668335	1781696481.0	1781696481.9970531	6	12.0	14.0	32.0	34.0	NeuronSpectrum 17.06.2026 14:10:28	EEG	checkup_155_17.06.2026 14:10:28	500.0	499.6666666666667	True	0.5	40.0	4	True	50.0	30.0	41.08525085449219	53.98155485763818	6.516917705535889	6.325634254720555	8.909856796264648	7.657964959488169	8.805660247802734	4.12656299911771	14.176580429077148	12.22448527362287	3.485034942626953	15.66975638555986	17.64490509033203	12.312630141571544	-0.7507791519165039	-4.58171320413977	0.0	0.0	0.0	0.0
18.02878189086914	1781696481.0	1781696481.9970555	6	12.0	14.0	32.0	34.0	NeuronSpectrum 17.06.2026 14:10:28	EEG	checkup_155_17.06.2026 14:10:28	500.0	499.6666666666667	True	0.5	40.0	4	True	50.0	30.0	41.99696350097656	53.459508838828576	10.55142879486084	7.290989525250001	12.759964942932129	8.62271274452973	14.097254753112793	5.1399918610726685	17.763317108154297	13.409605827565084	4.699894428253174	17.732565352451555	22.239194869995117	13.788942623825488	-2.2339839935302734	-5.701836135203355	0.0	0.0	0.0	0.0
18.028783559799194	1781696481.0	1781696481.9970572	6	12.0	14.0	32.0	34.0	NeuronSpectrum 17.06.2026 14:10:28	EEG	checkup_155_17.06.2026 14:10:28	500.0	499.6666666666667	True	0.5	40.0	4	True	50.0	30.0	44.06349563598633	52.67446462980302	15.319929122924805	8.389296642635852	17.407094955444336	9.735473755178857	19.192672729492188	6.257331097447866	21.83840560913086	14.566664254161896	5.686916351318359	19.935458968173545	27.696788787841797	15.317616041518127	-3.7301297187805176	-6.508566793858724	0.0	0.0	0.0	0.0
18.028785705566406	1781696481.0	1781696481.9970593	6	12.0	14.0	32.0	34.0	NeuronSpectrum 17.06.2026 14:10:28	EEG	checkup_155_17.06.2026 14:10:28	500.0	499.6666666666667	True	0.5	40.0	4	True	50.0	30.0	45.360721588134766	51.699560589193545	18.2364501953125	9.568306006135716	20.43268585205078	10.953024743115463	21.196224212646484	7.3872557969005905	24.255125045776367	15.67454947980009	7.486030578613281	22.160402087918627	31.390361785888672	16.819860592788768	-4.569512844085693	-6.933414458833019	0.0	0.0	0.0	0.0
18.02878737449646	1781696481.0	1781696481.997061	6	12.0	14.0	32.0	34.0	NeuronSpectrum 17.06.2026 14:10:28	EEG	checkup_155_17.06.2026 14:10:28	500.0	499.6666666666667	True	0.5	40.0	4	True	50.0	30.0	43.341495513916016	50.652477697999075	16.528982162475586	10.73115411920039	19.07598114013672	12.181598676256494	17.822824478149414	8.410682139597611	22.503700256347656	16.683172597270385	10.772985458374023	24.24195917132691	30.26372718811035	18.186142156442187	-4.172389984130859	-6.979399225717752	0.0	0.0	0.0	0.0
18.028789043426514	1781696481.0	1781696481.9970627	6	12.0	14.0	32.0	34.0	NeuronSpectrum 17.06.2026 14:10:28	EEG	checkup_155_17.06.2026 14:10:28	500.0	499.6666666666667	True	0.5	40.0	4	True	50.0	30.0	36.35912322998047	49.6783762422003	9.40613842010498	11.750328601058852	12.279862403869629	13.29122649254056	9.427861213684082	9.198668945442103	15.604825973510742	17.516905886639552	15.002215385437012	25.994869833900786	22.76681137084961	19.297415109840138	-2.5693976879119873	-6.712460138721259	0.0	0.0	0.0	0.0
18.028790712356567	1781696481.0	1781696481.9970644	6	12.0	14.0	32.0	34.0	NeuronSpectrum 17.06.2026 14:10:28	EEG	checkup_155_17.06.2026 14:10:28	500.0	499.6666666666667	True	0.5	40.0	4	True	50.0	30.0	24.896106719970703	48.916379814157224	-0.4778083264827728	12.483327207830103	2.219372272491455	14.131711048010994	-0.13821503520011902	9.62415873100397	5.540932655334473	18.079670426490992	18.337779998779297	27.245145184951642	10.412603378295898	20.037695244285132	-0.4801383316516876	-6.241413277051431	0.0	0.0	0.0	0.0
18.08070683479309	1781696481.0	1781696482.0489805	6	12.0	14.0	32.0	34.0	NeuronSpectrum 17.06.2026 14:10:28	EEG	checkup_155_17.06.2026 14:10:28	500.0	499.6666666666667	True	0.5	40.0	4	True	50.0	30.0	40.63343811035156	48.46164804947371	19.044965744018555	12.79292083033845	21.7784423828125	14.553098536120885	18.92829132080078	9.573660628082678	25.59011459350586	18.26724249739377	14.90173625946045	27.85850174071843	31.186325073242188	20.30284358733039	1.838361382484436	-5.69100276386381	0.0	0.0	0.0	0.0
18.080713033676147	1781696481.0	1781696482.0489867	6	12.0	14.0	32.0	34.0	NeuronSpectrum 17.06.2026 14:10:28	EEG	checkup_155_17.06.2026 14:10:28	500.0	499.6666666666667	True	0.5	40.0	4	True	50.0	30.0	41.20741653442383	48.33994179594816	18.223482131958008	12.574632699177547	21.273483276367188	14.433787124194046	18.719690322875977	8.966172167320268	24.91729164123535	17.991096450683074	14.985051155090332	27.760959309925884	30.843799591064453	20.014522169040674	2.5526697635650635	-5.174520424880893	0.0	0.0	0.0	0.0
18.08071517944336	1781696481.0	1781696482.0489888	6	12.0	14.0	32.0	34.0	NeuronSpectrum 17.06.2026 14:10:28	EEG	checkup_155_17.06.2026 14:10:28	500.0	499.6666666666667	True	0.5	40.0	4	True	50.0	30.0	41.771751403808594	48.50507895830889	16.44642448425293	11.78661910989491	19.7564697265625	13.71221771213286	17.869686126708984	7.778374285367573	23.052339553833008	17.20923196009318	14.121164321899414	26.94937629660974	29.614883422851562	19.141501930196615	1.9943268299102783	-4.772849316555948	0.0	0.0	0.0	0.0
18.080717086791992	1781696481.0	1781696482.0489907	6	12.0	14.0	32.0	34.0	NeuronSpectrum 17.06.2026 14:10:28	EEG	checkup_155_17.06.2026 14:10:28	500.0	499.6666666666667	True	0.5	40.0	4	True	50.0	30.0	41.75736999511719	48.85705533005606	14.313363075256348	10.469934073886789	17.70473289489746	12.410479066904006	16.307388305664062	6.065510404040456	20.558504104614258	15.950775524148586	12.486407279968262	25.49253827259939	27.526609420776367	17.71995104418227	0.7711912989616394	-4.524893957884209	0.0	0.0	0.0	0.0
18.080718755722046	1781696481.0	1781696482.0489924	6	12.0	14.0	32.0	34.0	NeuronSpectrum 17.06.2026 14:10:28	EEG	checkup_155_17.06.2026 14:10:28	500.0	499.6666666666667	True	0.5	40.0	4	True	50.0	30.0	40.75216293334961	49.269781197485216	12.406072616577148	8.748455003799359	15.627134323120117	10.638586198878013	14.16151237487793	3.9658306810111297	18.082117080688477	14.321534464521017	10.274581909179688	23.524222225459262	24.704692840576172	15.860627846785917	-0.35638946294784546	-4.430632136733003	0.0	0.0	0.0	0.0
18.08072066307068	1781696481.0	1781696482.0489943	6	12.0	14.0	32.0	34.0	NeuronSpectrum 17.06.2026 14:10:28	EEG	checkup_155_17.06.2026 14:10:28	500.0	499.6666666666667	True	0.5	40.0	4	True	50.0	30.0	38.8604621887207	49.61696811528511	10.93637752532959	6.806845371574081	13.76175594329834	8.576534994361937	11.650349617004395	1.683616880275197	15.978575706481934	12.486805514770065	7.639358043670654	21.228798330076383	21.36432456970215	13.736485871930359	-0.9215326309204102	-4.463972684546801	0.0	0.0	0.0	0.0
18.08072257041931	1781696481.0	1781696482.0489962	6	12.0	14.0	32.0	34.0	NeuronSpectrum 17.06.2026 14:10:28	EEG	checkup_155_17.06.2026 14:10:28	500.0	499.6666666666667	True	0.5	40.0	4	True	50.0	30.0	36.8436164855957	49.79002787810361	9.568543434143066	4.854087060588875	11.912630081176758	6.440249634108075	8.873028755187988	-0.5452204035047321	14.12417221069336	10.637810690368651	4.781513214111328	18.819367263011838	17.81455421447754	11.553158088535437	-0.876555860042572	-4.589903371727534	0.0	0.0	0.0	0.0
18.080724239349365	1781696481.0	1781696482.0489979	6	12.0	14.0	32.0	34.0	NeuronSpectrum 17.06.2026 14:10:28	EEG	checkup_155_17.06.2026 14:10:28	500.0	499.6666666666667	True	0.5	40.0	4	True	50.0	30.0	35.86041259765625	49.708169413319354	7.59857177734375	3.0836529091939457	9.58321762084961	4.441620498491764	5.729757308959961	-2.4957942719148023	12.072011947631836	8.953001059078721	2.0578017234802246	16.509500760242585	14.465599060058594	9.511131447065472	-0.40531840920448303	-4.779902602318905	0.0	0.0	0.0	0.0
18.080726385116577	1781696481.0	1781696482.049	6	12.0	14.0	32.0	34.0	NeuronSpectrum 17.06.2026 14:10:28	EEG	checkup_155_17.06.2026 14:10:28	500.0	499.6666666666667	True	0.5	40.0	4	True	50.0	30.0	36.8187370300293	49.32483635736861	4.539651870727539	1.6395583505938744	6.452796459197998	2.7518889351637212	2.2168033123016357	-3.9952486525394537	9.529884338378906	7.564677601232463	-0.056898459792137146	14.482086449337606	11.819296836853027	7.770295467123777	0.31590333580970764	-5.021012665428816	0.0	0.0	0.0	0.0
18.08072805404663	1781696481.0	1781696482.0490017	6	12.0	14.0	32.0	34.0	NeuronSpectrum 17.06.2026 14:10:28	EEG	checkup_155_17.06.2026 14:10:28	500.0	499.6666666666667	True	0.5	40.0	4	True	50.0	30.0	39.63092803955078	48.63451696852096	0.7878970503807068	0.593778062721362	2.9178993701934814	1.4746249317271454	-1.0646775960922241	-4.953877848510234	6.829712867736816	6.537751896956994	-1.2479350566864014	12.861194685254116	10.354459762573242	6.42574048821318	1.1712493896484375	-5.316468225325052	0.0	0.0	0.0	0.0
18.080730199813843	1781696481.0	1781696482.0490038	6	12.0	14.0	32.0	34.0	NeuronSpectrum 17.06.2026 14:10:28	EEG	checkup_155_17.06.2026 14:10:28	500.0	499.6666666666667	True	0.5	40.0	4	True	50.0	30.0	42.845943450927734	47.67998672345053	-2.13525390625	-0.06224409030370559	0.2874602973461151	0.6320510907786032	-2.6809351444244385	-5.380233853054007	5.015439510345459	5.863760751016572	-1.6593250036239624	11.693723328759194	10.32418155670166	5.499628237528098	1.9871026277542114	-5.6785051301756395	0.0	0.0	0.0	0.0
18.080731868743896	1781696481.0	1781696482.0490055	6	12.0	14.0	32.0	34.0	NeuronSpectrum 17.06.2026 14:10:28	EEG	checkup_155_17.06.2026 14:10:28	500.0	499.6666666666667	True	0.5	40.0	4	True	50.0	30.0	44.047279357910156	46.554795849286734	-2.202899217605591	-0.4105756454162224	0.2655579745769501	0.16697785074710092	-0.9771507382392883	-5.376421075552128	5.315304756164551	5.470453076155847	-1.890383005142212	10.945968178891425	11.53271484375	4.949063173749938	2.4632465839385986	-6.116391767096038	0.0	0.0	0.0	0.0
18.08073377609253	1781696481.0	1781696482.0490074	6	12.0	14.0	32.0	34.0	NeuronSpectrum 17.06.2026 14:10:28	EEG	checkup_155_17.06.2026 14:10:28	500.0	499.6666666666667	True	0.5	40.0	4	True	50.0	30.0	40.97622299194336	45.39344918579907	1.759265661239624	-0.5845115667745985	3.818634033203125	-0.039311968736406244	4.5615057945251465	-5.113447764751459	8.197732925415039	5.244691323289182	-2.5384745597839355	10.51656311693378	13.223764419555664	4.685459746638913	2.2932450771331787	-6.62440929844617	0.0	0.0	0.0	0.0
18.080735206604004	1781696481.0	1781696482.0490088	6	12.0	14.0	32.0	34.0	NeuronSpectrum 17.06.2026 14:10:28	EEG	checkup_155_17.06.2026 14:10:28	500.0	499.6666666666667	True	0.5	40.0	4	True	50.0	30.0	32.83808517456055	44.34554835463989	8.774211883544922	-0.7351857907035901	10.083740234375	-0.13680061382917863	12.092658042907715	-4.792269215320056	12.610302925109863	5.063132392136308	-3.5304746627807617	10.262826181935727	14.209746360778809	4.598163744537288	1.4017565250396729	-7.174942602510212	0.0	0.0	0.0	0.0
18.080737590789795	1781696481.0	1781696482.0490112	6	12.0	14.0	32.0	34.0	NeuronSpectrum 17.06.2026 14:10:28	EEG	checkup_155_17.06.2026 14:10:28	500.0	499.6666666666667	True	0.5	40.0	4	True	50.0	30.0	20.974138259887695	43.539568852176714	15.505025863647461	-0.9966892242484675	16.17093849182129	-0.2728405556305355	17.49924659729004	-4.602244227841187	16.0353946685791	4.821813852027902	-3.7968599796295166	10.034062561247248	13.24533748626709	4.575065694302498	0.0934511348605156	-7.7204616403125765	0.0	0.0	0.0	0.0
18.08073902130127	1781696481.0	1781696482.0490127	6	12.0	14.0	32.0	34.0	NeuronSpectrum 17.06.2026 14:10:28	EEG	checkup_155_17.06.2026 14:10:28	500.0	499.6666666666667	True	0.5	40.0	4	True	50.0	30.0	35.56615447998047	43.05095652985216	0.5266274213790894	-1.4620245171973993	2.699617624282837	-0.5660188358845941	1.9504468441009521	-4.690590229360638	6.696761131286621	4.455029911023432	-4.427361011505127	9.703882963972305	9.501359939575195	4.515924413810409	-6.164268493652344	-8.204761374349278	0.0	0.0	0.0	0.0
18.080740690231323	1781696482.0	1781696482.0490143	6	12.0	14.0	32.0	34.0	NeuronSpectrum 17.06.2026 14:10:28	EEG	checkup_155_17.06.2026 14:10:28	500.0	499.6666666666667	True	0.5	40.0	4	True	50.0	30.0	35.74393844604492	42.88974176761085	-1.095011591911316	-2.1776282857027733	1.0682426691055298	-1.0952449276819713	0.5538641214370728	-5.150359281763528	4.714971542358398	3.9382413176807773	-6.275042533874512	9.19439614162782	7.735590934753418	4.338932438059958	-6.0909576416015625	-8.579251920578097	0.0	0.0	0.0	0.0
18.080742359161377	1781696482.0	1781696482.049016	6	12.0	14.0	32.0	34.0	NeuronSpectrum 17.06.2026 14:10:28	EEG	checkup_155_17.06.2026 14:10:28	500.0	499.6666666666667	True	0.5	40.0	4	True	50.0	30.0	36.340755462646484	43.01240558940734	-1.8929729461669922	-3.153366823237107	0.4814116954803467	-1.9020478035849735	0.5151357054710388	-6.02308018064808	3.5913100242614746	3.277932157890758	-7.382375240325928	8.487900609516222	7.508800983428955	3.984967290156009	-3.596588611602783	-8.816766187360843	0.0	0.0	0.0	0.0
18.08074426651001	1781696482.0	1781696482.049018	6	12.0	14.0	32.0	34.0	NeuronSpectrum 17.06.2026 14:10:28	EEG	checkup_155_17.06.2026 14:10:28	500.0	499.6666666666667	True	0.5	40.0	4	True	50.0	30.0	36.9671630859375	43.34868122986422	-1.6672232151031494	-4.376044716343108	1.0707294940948486	-2.9963871734186287	1.6172288656234741	-7.3045143920052045	3.7464442253112793	2.4976711634611055	-7.432346343994141	7.625434227731931	8.719244003295898	3.424089421137256	-0.15929263830184937	-8.916111993168213	0.0	0.0	0.0	0.0
18.080745697021484	1781696482.0	1781696482.0490193	6	12.0	14.0	32.0	34.0	NeuronSpectrum 17.06.2026 14:10:28	EEG	checkup_155_17.06.2026 14:10:28	500.0	499.6666666666667	True	0.5	40.0	4	True	50.0	30.0	37.27452850341797	43.82698284598881	-1.2727288007736206	-5.815199655930035	1.8041714429855347	-4.3572188924156725	2.4526896476745605	-8.944780544677899	4.474626064300537	1.6291586389168509	-6.855820178985596	6.694645257920081	10.006569862365723	2.6645806261745935	2.2435503005981445	-8.89586407503523	0.0	0.0	0.0	0.0
18.080747604370117	1781696482.0	1781696482.0490212	6	12.0	14.0	32.0	34.0	NeuronSpectrum 17.06.2026 14:10:28	EEG	checkup_155_17.06.2026 14:10:28	500.0	499.6666666666667	True	0.5	40.0	4	True	50.0	30.0	37.0374641418457	44.38593771540794	-1.989096760749817	-7.4191824958680614	1.2220937013626099	-5.927432450171395	1.4509121179580688	-10.844444836731702	4.469189643859863	0.7105675238872925	-6.517225742340088	5.81061932355427	9.673248291015625	1.7590771116063018	2.452415943145752	-8.782300388769189	0.0	0.0	0.0	0.0
18.080749034881592	1781696482.0	1781696482.0490227	6	12.0	14.0	32.0	34.0	NeuronSpectrum 17.06.2026 14:10:28	EEG	checkup_155_17.06.2026 14:10:28	500.0	499.6666666666667	True	0.5	40.0	4	True	50.0	30.0	36.33184051513672	44.969581285264475	-4.3731889724731445	-9.109044151536416	-1.3096567392349243	-7.610925602776078	-1.7493048906326294	-12.856499104851709	2.9698166847229004	-0.2123391630475695	-7.139476299285889	5.0926521713619675	7.0572662353515625	0.7997956603512102	0.8284181952476501	-8.599307040414175	0.0	0.0	0.0	0.0
18.080750703811646	1781696482.0	1781696482.0490243	6	12.0	14.0	32.0	34.0	NeuronSpectrum 17.06.2026 14:10:28	EEG	checkup_155_17.06.2026 14:10:28	500.0	499.6666666666667	True	0.5	40.0	4	True	50.0	30.0	35.70269012451172	45.513601982442935	-7.557295799255371	-10.780478865133613	-4.852422714233398	-9.2809300405303	-5.707250595092773	-14.803592743009927	0.5803638696670532	-1.0888936175644837	-8.898605346679688	4.639027394026593	3.2816479206085205	-0.10160633909037312	-1.1350003480911255	-8.365603804763932	0.0	0.0	0.0	0.0
18.0807523727417	1781696482.0	1781696482.049026	6	12.0	14.0	32.0	34.0	NeuronSpectrum 17.06.2026 14:10:28	EEG	checkup_155_17.06.2026 14:10:28	500.0	499.6666666666667	True	0.5	40.0	4	True	50.0	30.0	36.02371597290039	45.93511937583922	-9.731719017028809	-12.318967097445864	-7.409722328186035	-10.80256921556482	-8.060531616210938	-16.511129697935708	-1.0525257587432861	-1.8729753524457178	-11.38563060760498	4.5022512600963465	0.6377509832382202	-0.8456299893812191	-1.9565441608428955	-8.09893786499093	0.0	0.0	0.0	0.0
18.080754041671753	1781696482.0	1781696482.0490277	6	12.0	14.0	32.0	34.0	NeuronSpectrum 17.06.2026 14:10:28	EEG	checkup_155_17.06.2026 14:10:28	500.0	499.6666666666667	True	0.5	40.0	4	True	50.0	30.0	37.87808609008789	46.1368892650539	-9.59118938446045	-13.624579292485828	-7.4576520919799805	-12.063575171358897	-7.3883161544799805	-17.84629200076704	-0.5962716341018677	-2.536120755916084	-13.779823303222656	4.669208643855829	0.9082571864128113	-1.3759568603298205	-1.1620508432388306	-7.822171898346855	0.0	0.0	0.0	0.0
18.080755710601807	1781696482.0	1781696482.0490294	6	12.0	14.0	32.0	34.0	NeuronSpectrum 17.06.2026 14:10:28	EEG	checkup_155_17.06.2026 14:10:28	500.0	499.6666666666667	True	0.5	40.0	4	True	50.0	30.0	40.77290725708008	46.029126533261895	-7.6431708335876465	-14.636629411641266	-5.356538772583008	-13.001310883972588	-4.632464408874512	-18.74792002065563	1.5985071659088135	-3.0773841488692706	-15.045294761657715	5.052933552368912	3.819064140319824	-1.6956627325345879	0.5399892926216125	-7.565553774851681	0.0	0.0	0.0	0.0
18.08075761795044	1781696482.0	1781696482.0490313	6	12.0	14.0	32.0	34.0	NeuronSpectrum 17.06.2026 14:10:28	EEG	checkup_155_17.06.2026 14:10:28	500.0	499.6666666666667	True	0.5	40.0	4	True	50.0	30.0	42.84417724609375	45.56168589034062	-6.140146255493164	-15.348265728633478	-3.382147789001465	-13.615437881254529	-2.702206611633301	-19.23572933206875	3.3715686798095703	-3.524356985795312	-14.134101867675781	5.502780087216068	6.8980841636657715	-1.860449868678878	1.9393776655197144	-7.362865878388876	0.0	0.0	0.0	0.0
18.080759048461914	1781696482.0	1781696482.0490327	6	12.0	14.0	32.0	34.0	NeuronSpectrum 17.06.2026 14:10:28	EEG	checkup_155_17.06.2026 14:10:28	500.0	499.6666666666667	True	0.5	40.0	4	True	50.0	30.0	41.57081985473633	44.7515604909753	-7.439352512359619	-15.806415282854251	-4.139713287353516	-13.962558343786437	-4.284878730773926	-19.396888150847687	2.196746826171875	-3.924995201203557	-10.398561477661133	5.83582163551055	7.00531530380249	-1.9519023607492851	2.226123094558716	-7.243754471268408	0.0	0.0	0.0	0.0
18.08076024055481	1781696482.0	1781696482.0490339	6	12.0	14.0	32.0	34.0	NeuronSpectrum 17.06.2026 14:10:28	EEG	checkup_155_17.06.2026 14:10:28	500.0	499.6666666666667	True	0.5	40.0	4	True	50.0	30.0	35.249088287353516	43.69064246395376	-11.858495712280273	-16.098994418751264	-8.378586769104004	-14.136979400529029	-9.343135833740234	-19.357103811548935	-2.7151565551757812	-4.334826963727332	-4.179346084594727	5.884307888674255	2.5742785930633545	-2.0432209549211384	1.465676188468933	-7.226898668711006	0.0	0.0	0.0	0.0
18.080762147903442	1781696482.0	1781696482.0490358	6	12.0	14.0	32.0	34.0	NeuronSpectrum 17.06.2026 14:10:28	EEG	checkup_155_17.06.2026 14:10:28	500.0	499.6666666666667	True	0.5	40.0	4	True	50.0	30.0	24.283620834350586	42.52772745842725	-16.74186134338379	-16.334819717256053	-13.887166023254395	-14.245622454352468	-14.337940216064453	-19.24696842505265	-9.28825569152832	-4.804998258101802	2.8147857189178467	5.544942408932811	-5.053321361541748	-2.171892635598433	0.36987417936325073	-7.31730160895481	0.0	0.0	0.0	0.0
18.13160800933838	1781696482.0	1781696482.0998816	6	12.0	14.0	32.0	34.0	NeuronSpectrum 17.06.2026 14:10:28	EEG	checkup_155_17.06.2026 14:10:28	500.0	499.6666666666667	True	0.5	40.0	4	True	50.0	30.0	37.94708251953125	41.431884092356	-10.339098930358887	-16.621512445126093	-6.287890434265137	-14.38422329772151	-4.468129634857178	-19.17245070318324	-1.6008801460266113	-5.373699037841771	-12.838824272155762	4.811222961604366	3.8286752700805664	-2.3281934339044006	2.208404541015625	-7.507325656862377	0.0	0.0	0.0	0.0
18.131613969802856	1781696482.0	1781696482.0998876	6	12.0	14.0	32.0	34.0	NeuronSpectrum 17.06.2026 14:10:28	EEG	checkup_155_17.06.2026 14:10:28	500.0	499.6666666666667	True	0.5	40.0	4	True	50.0	30.0	36.793739318847656	40.55256366351137	-12.037516593933105	-17.045353901906935	-7.708610534667969	-14.619356185937656	-5.4469218254089355	-19.195131172799833	-3.4171648025512695	-6.0605689471137865	-14.366551399230957	3.7751198787526015	2.507739305496216	-2.4606568959190755	2.7883517742156982	-7.778301214582345	0.0	0.0	0.0	0.0
18.131616353988647	1781696482.0	1781696482.09989	6	12.0	14.0	32.0	34.0	NeuronSpectrum 17.06.2026 14:10:28	EEG	checkup_155_17.06.2026 14:10:28	500.0	499.6666666666667	True	0.5	40.0	4	True	50.0	30.0	36.18548583984375	39.989759168972064	-13.131787300109863	-17.656353920399518	-8.648975372314453	-14.979054685313002	-6.113552093505859	-19.325686841831114	-4.638976573944092	-6.863446965211669	-15.356038093566895	2.597881168538718	1.8601772785186768	-2.494830634337098	3.4057018756866455	-8.099876708660716	0.0	0.0	0.0	0.0
18.13161826133728	1781696482.0	1781696482.099892	6	12.0	14.0	32.0	34.0	NeuronSpectrum 17.06.2026 14:10:28	EEG	checkup_155_17.06.2026 14:10:28	500.0	499.6666666666667	True	0.5	40.0	4	True	50.0	30.0	36.039085388183594	39.77869140607128	-13.73403549194336	-18.46063907835598	-9.220354080200195	-15.453059956866475	-6.603122711181641	-19.53159582995369	-5.444222450256348	-7.757824368004385	-16.122852325439453	1.463264884239118	1.5532346963882446	-2.359915346788579	3.5066211223602295	-8.427349713386738	0.0	0.0	0.0	0.0
18.131620168685913	1781696482.0	1781696482.0998938	6	12.0	14.0	32.0	34.0	NeuronSpectrum 17.06.2026 14:10:28	EEG	checkup_155_17.06.2026 14:10:28	500.0	499.6666666666667	True	0.5	40.0	4	True	50.0	30.0	35.775760650634766	39.885993926283405	-13.91873550415039	-19.419266071919857	-9.45224666595459	-16.00034530551339	-6.815460205078125	-19.75503395235659	-6.051127910614014	-8.698742866381878	-16.977569580078125	0.5313660054511189	1.2699592113494873	-2.0164707435500255	2.7336342334747314	-8.700546051540517	0.0	0.0	0.0	0.0
18.131622076034546	1781696482.0	1781696482.0998957	6	12.0	14.0	32.0	34.0	NeuronSpectrum 17.06.2026 14:10:28	EEG	checkup_155_17.06.2026 14:10:28	500.0	499.6666666666667	True	0.5	40.0	4	True	50.0	30.0	34.77878952026367	40.21229620862893	-13.50134563446045	-20.449383230377304	-9.076876640319824	-16.557963687653686	-6.301145076751709	-19.93169360010464	-6.393935680389404	-9.622932188920592	-17.767749786376953	-0.09339221088288865	1.1714187860488892	-1.4768261113454286	1.203023076057434	-8.848864410282255	0.0	0.0	0.0	0.0
18.13162398338318	1781696482.0	1781696482.0998976	6	12.0	14.0	32.0	34.0	NeuronSpectrum 17.06.2026 14:10:28	EEG	checkup_155_17.06.2026 14:10:28	500.0	499.6666666666667	True	0.5	40.0	4	True	50.0	30.0	33.01226806640625	40.59815364543499	-12.401596069335938	-21.423646853339438	-7.896108627319336	-17.04490664205038	-4.781740665435791	-20.00043346699695	-6.300069808959961	-10.448524630264506	-17.935508728027344	-0.3748844307855172	1.7321316003799438	-0.810393209413604	-0.4570213556289673	-8.804834496815829	0.0	0.0	0.0	0.0
18.13162589073181	1781696482.0	1781696482.0998995	6	12.0	14.0	32.0	34.0	NeuronSpectrum 17.06.2026 14:10:28	EEG	checkup_155_17.06.2026 14:10:28	500.0	499.6666666666667	True	0.5	40.0	4	True	50.0	30.0	31.30038070678711	40.833902056469945	-11.223663330078125	-22.168116485243	-6.381653785705566	-17.359026012090904	-2.814802646636963	-19.899219196066767	-5.972385883331299	-11.072238144246091	-17.06453514099121	-0.3401592487511392	3.100095272064209	-0.1302051894607475	-1.2921359539031982	-8.52379652529791	0.0	0.0	0.0	0.0
18.131627798080444	1781696482.0	1781696482.0999014	6	12.0	14.0	32.0	34.0	NeuronSpectrum 17.06.2026 14:10:28	EEG	checkup_155_17.06.2026 14:10:28	500.0	499.6666666666667	True	0.5	40.0	4	True	50.0	30.0	30.89853286743164	40.677306214699236	-11.212474822998047	-22.465073939157257	-5.705386161804199	-17.37199628700251	-1.7137343883514404	-19.55206201666256	-6.117026329040527	-11.368124043155392	-15.39728832244873	-0.06198626258752474	4.679830074310303	0.43634931788927095	-0.4556032717227936	-8.00248618485625	0.0	0.0	0.0	0.0
18.131629943847656	1781696482.0	1781696482.0999036	6	12.0	14.0	32.0	34.0	NeuronSpectrum 17.06.2026 14:10:28	EEG	checkup_155_17.06.2026 14:10:28	500.0	499.6666666666667	True	0.5	40.0	4	True	50.0	30.0	32.512229919433594	39.883744455972604	-13.272506713867188	-22.070849843186966	-6.880200386047363	-16.932418571971652	-2.4916718006134033	-18.859200433922922	-7.38566255569458	-11.19482441590416	-13.863468170166016	0.3641675054441522	5.416676044464111	0.7831960477700092	2.277580499649048	-7.2872941450517885	0.0	0.0	0.0	0.0
18.13163161277771	1781696482.0	1781696482.0999053	6	12.0	14.0	32.0	34.0	NeuronSpectrum 17.06.2026 14:10:28	EEG	checkup_155_17.06.2026 14:10:28	500.0	499.6666666666667	True	0.5	40.0	4	True	50.0	30.0	35.424598693847656	38.25027256768175	-16.6873779296875	-20.755929861428132	-9.556744575500488	-15.886445650293044	-4.599602699279785	-17.703635679139545	-9.487069129943848	-10.41704864482914	-13.506927490234375	0.8423544966409651	4.645904541015625	0.8550828128464171	6.207180500030518	-6.46561375378509	0.0	0.0	0.0	0.0
18.131633520126343	1781696482.0	1781696482.0999072	6	12.0	14.0	32.0	34.0	NeuronSpectrum 17.06.2026 14:10:28	EEG	checkup_155_17.06.2026 14:10:28	500.0	499.6666666666667	True	0.5	40.0	4	True	50.0	30.0	37.46736145019531	35.667427977532746	-18.82457160949707	-18.364751313900925	-11.632896423339844	-14.11756492291272	-5.778420925140381	-15.979757009155195	-10.867250442504883	-8.940951221016102	-14.681882858276367	1.29299813243352	2.7685656547546387	0.6604046550496043	9.882057189941406	-5.64052279842752	0.0	0.0	0.0	0.0
18.131635665893555	1781696482.0	1781696482.0999093	6	12.0	14.0	32.0	34.0	NeuronSpectrum 17.06.2026 14:10:28	EEG	checkup_155_17.06.2026 14:10:28	500.0	499.6666666666667	True	0.5	40.0	4	True	50.0	30.0	36.070072174072266	32.16433717514541	-16.5516300201416	-14.879698893941447	-10.37287712097168	-11.595534531021984	-3.5750296115875244	-13.637437252507189	-9.54239273071289	-6.7545835984005675	-16.5648136138916	1.6627246545190357	1.0868293046951294	0.2636066830172147	11.78012466430664	-4.897119442442368	0.0	0.0	0.0	0.0
18.131637573242188	1781696482.0	1781696482.0999112	6	12.0	14.0	32.0	34.0	NeuronSpectrum 17.06.2026 14:10:28	EEG	checkup_155_17.06.2026 14:10:28	500.0	499.6666666666667	True	0.5	40.0	4	True	50.0	30.0	29.8249568939209	27.928776518162685	-8.723393440246582	-10.46505125588962	-4.547793865203857	-8.415299402319617	2.332789182662964	-10.724305628774063	-4.73926305770874	-3.9581945484940277	-17.374114990234375	1.9284034815839386	0.7717549204826355	-0.23816796557786202	11.09223461151123	-4.274005350460453	0.0	0.0	0.0	0.0
18.131639003753662	1781696482.0	1781696482.0999126	6	12.0	14.0	32.0	34.0	NeuronSpectrum 17.06.2026 14:10:28	EEG	checkup_155_17.06.2026 14:10:28	500.0	499.6666666666667	True	0.5	40.0	4	True	50.0	30.0	19.536216735839844	23.288399024403624	2.125561237335205	-5.468307834699121	4.001490592956543	-4.806074484640338	8.920425415039062	-7.40609189229445	1.9161850214004517	-0.7691899667707434	-15.197494506835938	2.0977760012682363	1.768194317817688	-0.7437068429192024	8.176384925842285	-3.7525220090229805	0.0	0.0	0.0	0.0
