# METADATA
key	value
export_created_at	2026-06-10T15:54:11
record_start_app_timestamp	1781096025.4414172
record_end_app_timestamp	1781096046.6240938
record_samples	1515
record_duration_s	21.182676553726196
stim_sequence_file	C:/Users/laba/Desktop/прога_gсвет/Частоты.txt
record_sequence_steps_json	"[{""step_index"": 1, ""dac0_f1_hz"": 10.0, ""dac0_f2_hz"": 10.0, ""dac1_f1_hz"": 8.0, ""dac1_f2_hz"": 8.0, ""duration_s"": 3.0}, {""step_index"": 2, ""dac0_f1_hz"": 8.0, ""dac0_f2_hz"": 8.0, ""dac1_f1_hz"": 7.0, ""dac1_f2_hz"": 7.0, ""duration_s"": 3.0}, {""step_index"": 3, ""dac0_f1_hz"": 12.0, ""dac0_f2_hz"": 14.0, ""dac1_f1_hz"": 6.0, ""dac1_f2_hz"": 8.0, ""duration_s"": 3.0}, {""step_index"": 4, ""dac0_f1_hz"": 2.0, ""dac0_f2_hz"": 3.0, ""dac1_f1_hz"": 3.0, ""dac1_f2_hz"": 2.0, ""duration_s"": 3.0}, {""step_index"": 5, ""dac0_f1_hz"": 25.0, ""dac0_f2_hz"": 29.0, ""dac1_f1_hz"": 12.0, ""dac1_f2_hz"": 8.0, ""duration_s"": 3.0}, {""step_index"": 6, ""dac0_f1_hz"": 12.0, ""dac0_f2_hz"": 14.0, ""dac1_f1_hz"": 32.0, ""dac1_f2_hz"": 34.0, ""duration_s"": 3.0}, {""step_index"": 7, ""dac0_f1_hz"": 55.0, ""dac0_f2_hz"": 22.0, ""dac1_f1_hz"": 10.0, ""dac1_f2_hz"": 4.0, ""duration_s"": 3.0}]"
stim_events_json	"[{""step_index"": 1, ""dac0_f1_hz"": 10.0, ""dac0_f2_hz"": 10.0, ""dac1_f1_hz"": 8.0, ""dac1_f2_hz"": 8.0, ""app_timestamp"": 1781096025.441424, ""lsl_timestamp"": 12093.2962201}, {""step_index"": 2, ""dac0_f1_hz"": 8.0, ""dac0_f2_hz"": 8.0, ""dac1_f1_hz"": 7.0, ""dac1_f2_hz"": 7.0, ""app_timestamp"": 1781096028.4573853, ""lsl_timestamp"": 12096.3121797}, {""step_index"": 3, ""dac0_f1_hz"": 12.0, ""dac0_f2_hz"": 14.0, ""dac1_f1_hz"": 6.0, ""dac1_f2_hz"": 8.0, ""app_timestamp"": 1781096031.4966228, ""lsl_timestamp"": 12099.3514178}, {""step_index"": 4, ""dac0_f1_hz"": 2.0, ""dac0_f2_hz"": 3.0, ""dac1_f1_hz"": 3.0, ""dac1_f2_hz"": 2.0, ""app_timestamp"": 1781096034.5195117, ""lsl_timestamp"": 12102.3743067}, {""step_index"": 5, ""dac0_f1_hz"": 25.0, ""dac0_f2_hz"": 29.0, ""dac1_f1_hz"": 12.0, ""dac1_f2_hz"": 8.0, ""app_timestamp"": 1781096037.5462792, ""lsl_timestamp"": 12105.4010741}, {""step_index"": 6, ""dac0_f1_hz"": 12.0, ""dac0_f2_hz"": 14.0, ""dac1_f1_hz"": 32.0, ""dac1_f2_hz"": 34.0, ""app_timestamp"": 1781096040.581717, ""lsl_timestamp"": 12108.4365117}, {""step_index"": 7, ""dac0_f1_hz"": 55.0, ""dac0_f2_hz"": 22.0, ""dac1_f1_hz"": 10.0, ""dac1_f2_hz"": 4.0, ""app_timestamp"": 1781096043.6045809, ""lsl_timestamp"": 12111.4593753}]"
lsl_stream_meta_json	"{""name"": ""NeuronSpectrum 10.06.2026 14:49:30"", ""type"": ""EEG"", ""source_id"": ""checkup_149_10.06.2026 14:49:30"", ""uid"": ""b76393ad-4dec-4189-8f95-9556d535c39f"", ""channel_count"": 10, ""nominal_srate_hz"": 500.0, ""channel_format"": 1, ""lsl_protocol_version"": 110, ""lsl_library_version"": 117}"
lsl_channel_names_json	"[""ch_1"", ""ch_2"", ""ch_3"", ""ch_4"", ""ch_5"", ""ch_6"", ""ch_7"", ""ch_8"", ""ch_9"", ""ch_10""]"
filter_config_json	"{""bandpass_enabled"": true, ""bandpass_low_hz"": 0.5, ""bandpass_high_hz"": 40.0, ""bandpass_order"": 4, ""notch_enabled"": true, ""notch_hz"": 50.0, ""notch_q"": 30.0}"
filter_notes_json	"[""bandpass applied with sosfiltfilt"", ""notch applied with filtfilt""]"
arduino_params_json	"{""a1"": 0.5, ""p1"": 0.0, ""a2"": 0.5, ""p2"": 0.0, ""dac0_f1"": 100.0, ""dac0_f2"": 200.0, ""dac1_f1"": 100.0, ""dac1_f2"": 200.0, ""dc"": 2.0, ""sr"": 1000, ""gain_max"": 4.0}"
serial_port	COM12
serial_baud	115200
export_split_by_step	True
export_step_index	5
export_step_total	7
export_step_dac0_f1_hz	25.0
export_step_dac0_f2_hz	29.0
export_step_dac1_f1_hz	12.0
export_step_dac1_f2_hz	8.0
export_step_duration_s	3.0
export_step_records	1515

# DATA
record_elapsed_s	lsl_timestamp	app_timestamp	stim_step_index	stim_dac0_f1_hz	stim_dac0_f2_hz	stim_dac1_f1_hz	stim_dac1_f2_hz	lsl_stream_name	lsl_stream_type	lsl_source_id	lsl_nominal_srate_hz	lsl_effective_srate_hz	bandpass_enabled	bandpass_low_hz	bandpass_high_hz	bandpass_order	notch_enabled	notch_hz	notch_q	raw_ch_1	filtered_ch_1	raw_ch_2	filtered_ch_2	raw_ch_3	filtered_ch_3	raw_ch_4	filtered_ch_4	raw_ch_5	filtered_ch_5	raw_ch_6	filtered_ch_6	raw_ch_7	filtered_ch_7	raw_ch_8	filtered_ch_8	raw_ch_9	filtered_ch_9	raw_ch_10	filtered_ch_10
12.1172776222229	1781096037.0	1781096037.5586948	5	25.0	29.0	12.0	8.0	NeuronSpectrum 10.06.2026 14:49:30	EEG	checkup_149_10.06.2026 14:49:30	500.0	504.6666666666667	True	0.5	40.0	4	True	50.0	30.0	-811.2450561523438	-42.891969737797936	-207.0694122314453	0.07962165110048222	-253.16685485839844	-9.235823437144726	-593.6901245117188	-32.58407593884599	-30.11448097229004	6.423156111446043	-660.349853515625	-32.777687773250726	-185.4551239013672	-9.096378091856621	-60.580020904541016	-9.397999298882038	0.0	0.0	0.0	0.0
12.117282629013062	1781096037.0	1781096037.5586998	5	25.0	29.0	12.0	8.0	NeuronSpectrum 10.06.2026 14:49:30	EEG	checkup_149_10.06.2026 14:49:30	500.0	504.6666666666667	True	0.5	40.0	4	True	50.0	30.0	-811.0743408203125	-46.34715644971422	-205.23841857910156	0.9977729154640935	-251.43431091308594	-8.903814969253602	-591.75341796875	-33.745901701449206	-27.688901901245117	8.218577410092964	-657.5239868164062	-33.59776081847313	-184.07020568847656	-9.679895619933577	-60.758358001708984	-10.033083978749682	0.0	0.0	0.0	0.0
12.117284536361694	1781096037.0	1781096037.5587018	5	25.0	29.0	12.0	8.0	NeuronSpectrum 10.06.2026 14:49:30	EEG	checkup_149_10.06.2026 14:49:30	500.0	504.6666666666667	True	0.5	40.0	4	True	50.0	30.0	-817.1764526367188	-50.23802403328188	-204.95751953125	1.7545940496167116	-251.64015197753906	-8.77331982286349	-594.5075073242188	-35.33072743963653	-25.625505447387695	9.895198730626184	-660.06494140625	-34.88806866634325	-184.73475646972656	-10.465820266555927	-61.50779342651367	-10.758987580680028	0.0	0.0	0.0	0.0
12.117286682128906	1781096037.0	1781096037.558704	5	25.0	29.0	12.0	8.0	NeuronSpectrum 10.06.2026 14:49:30	EEG	checkup_149_10.06.2026 14:49:30	500.0	504.6666666666667	True	0.5	40.0	4	True	50.0	30.0	-828.2705078125	-54.41529239176194	-206.04307556152344	2.3562475193155943	-253.6255340576172	-8.822988080951683	-601.277587890625	-37.28975614433801	-24.134235382080078	11.398060277685522	-667.2160034179688	-36.60485977218637	-187.2918243408203	-11.461670375945749	-62.839820861816406	-11.607668724940497	0.0	0.0	0.0	0.0
12.11728835105896	1781096037.0	1781096037.5587056	5	25.0	29.0	12.0	8.0	NeuronSpectrum 10.06.2026 14:49:30	EEG	checkup_149_10.06.2026 14:49:30	500.0	504.6666666666667	True	0.5	40.0	4	True	50.0	30.0	-836.103271484375	-58.45084672919206	-206.50634765625	2.8927876986777727	-254.98130798339844	-8.917681347459009	-606.1856689453125	-39.33307904964973	-23.086162567138672	12.720198946152657	-672.4035034179688	-38.43720950568277	-189.7709503173828	-12.558889759118937	-64.15174102783203	-12.566020961653539	0.0	0.0	0.0	0.0
12.117290258407593	1781096037.0	1781096037.5587075	5	25.0	29.0	12.0	8.0	NeuronSpectrum 10.06.2026 14:49:30	EEG	checkup_149_10.06.2026 14:49:30	500.0	504.6666666666667	True	0.5	40.0	4	True	50.0	30.0	-829.8633422851562	-61.61961283872946	-203.64315795898438	3.5401359518197237	-252.3540496826172	-8.807821848222067	-601.3179321289062	-40.91806767336106	-22.104793548583984	13.901375679577125	-666.77099609375	-39.79267058186156	-189.4122314453125	-13.531594332898168	-64.55622863769531	-13.56906141115334	0.0	0.0	0.0	0.0
12.117292404174805	1781096037.0	1781096037.5587096	5	25.0	29.0	12.0	8.0	NeuronSpectrum 10.06.2026 14:49:30	EEG	checkup_149_10.06.2026 14:49:30	500.0	504.6666666666667	True	0.5	40.0	4	True	50.0	30.0	-806.76708984375	-62.932911648343065	-196.7263641357422	4.543581940099713	-244.74354553222656	-8.155000562298099	-584.480712890625	-41.288058489398985	-20.92037582397461	15.01192650602743	-647.8087158203125	-39.83881085948924	-185.20802307128906	-14.064657007445359	-63.748191833496094	-14.503516768973398	0.0	0.0	0.0	0.0
12.11729383468628	1781096037.0	1781096037.558711	5	25.0	29.0	12.0	8.0	NeuronSpectrum 10.06.2026 14:49:30	EEG	checkup_149_10.06.2026 14:49:30	500.0	504.6666666666667	True	0.5	40.0	4	True	50.0	30.0	-780.5849609375	-61.25156640551837	-189.2122344970703	6.177654832935061	-236.23587036132812	-6.588709058416097	-565.525390625	-39.57810892332416	-19.726240158081055	16.125113459548352	-626.3909912109375	-37.61907690604143	-180.02508544921875	-13.811634095008785	-62.73292922973633	-15.2240794965175	0.0	0.0	0.0	0.0
12.117295503616333	1781096037.0	1781096037.5587127	5	25.0	29.0	12.0	8.0	NeuronSpectrum 10.06.2026 14:49:30	EEG	checkup_149_10.06.2026 14:49:30	500.0	504.6666666666667	True	0.5	40.0	4	True	50.0	30.0	-777.3984375	-55.52013264520869	-187.71237182617188	8.675265802437494	-234.7942352294922	-3.8007612253235465	-563.3583374023438	-35.01123542249255	-19.156911849975586	17.283858242171547	-623.478271484375	-32.26877019456984	-179.74539184570312	-12.482604410795222	-63.52058029174805	-15.584195985079182	0.0	0.0	0.0	0.0
12.117297649383545	1781096037.0	1781096037.5587149	5	25.0	29.0	12.0	8.0	NeuronSpectrum 10.06.2026 14:49:30	EEG	checkup_149_10.06.2026 14:49:30	500.0	504.6666666666667	True	0.5	40.0	4	True	50.0	30.0	-815.7485961914062	-45.13713070641732	-196.9705047607422	12.126288019078913	-246.15670776367188	0.32498283267268874	-591.4902954101562	-27.188027298684528	-19.73764419555664	18.46949833105882	-654.0989990234375	-23.33450566637595	-188.68862915039062	-9.955193227810941	-67.5330810546875	-15.479885268457993	0.0	0.0	0.0	0.0
12.117299795150757	1781096037.0	1781096037.558717	5	25.0	29.0	12.0	8.0	NeuronSpectrum 10.06.2026 14:49:30	EEG	checkup_149_10.06.2026 14:49:30	500.0	504.6666666666667	True	0.5	40.0	4	True	50.0	30.0	-882.6629638671875	-30.39293377742764	-213.7422332763672	16.366377136920832	-266.3704528808594	5.574656115079382	-640.4840087890625	-16.412685199573207	-21.128952026367188	19.581501294880805	-707.8789672851562	-11.134685963396779	-203.965087890625	-6.3848448001673175	-73.65254974365234	-14.897712676913892	0.0	0.0	0.0	0.0
12.11730146408081	1781096037.0	1781096037.5587187	5	25.0	29.0	12.0	8.0	NeuronSpectrum 10.06.2026 14:49:30	EEG	checkup_149_10.06.2026 14:49:30	500.0	504.6666666666667	True	0.5	40.0	4	True	50.0	30.0	-925.7590942382812	-12.796102047300899	-224.730224609375	20.903512241707656	-279.26104736328125	11.316845648395775	-672.0964965820312	-3.920454720149306	-21.813764572143555	20.437346819467674	-742.5201416015625	2.987643800653594	-213.51498413085938	-2.2688172490760854	-77.56981658935547	-13.949237276351061	0.0	0.0	0.0	0.0
12.117303371429443	1781096037.0	1781096037.5587206	5	25.0	29.0	12.0	8.0	NeuronSpectrum 10.06.2026 14:49:30	EEG	checkup_149_10.06.2026 14:49:30	500.0	504.6666666666667	True	0.5	40.0	4	True	50.0	30.0	-874.4014892578125	4.948339341911552	-211.92066955566406	24.942079304090797	-262.93499755859375	16.53802229261258	-634.67431640625	8.166127181167344	-19.686674118041992	20.79928097730916	-700.8294067382812	16.70987402257751	-200.95269775390625	1.5897677448532195	-73.50960540771484	-12.870649024371831	0.0	0.0	0.0	0.0
12.117305040359497	1781096037.0	1781096037.5587223	5	25.0	29.0	12.0	8.0	NeuronSpectrum 10.06.2026 14:49:30	EEG	checkup_149_10.06.2026 14:49:30	500.0	504.6666666666667	True	0.5	40.0	4	True	50.0	30.0	-681.9407348632812	19.458918324098025	-163.33351135253906	27.539844932473667	-202.89378356933594	20.04253003458162	-494.0323486328125	17.256871234965985	-13.34367847442627	20.42753479318297	-544.9160766601562	27.188565639542386	-155.42544555664062	4.2463259544352505	-57.688636779785156	-11.97504143862608	0.0	0.0	0.0	0.0
12.117307186126709	1781096037.0	1781096037.5587244	5	25.0	29.0	12.0	8.0	NeuronSpectrum 10.06.2026 14:49:30	EEG	checkup_149_10.06.2026 14:49:30	500.0	504.6666666666667	True	0.5	40.0	4	True	50.0	30.0	-361.9659118652344	27.603181371115717	-82.30157470703125	27.869033274469484	-103.34613037109375	20.779750533825815	-260.0234069824219	21.01222650222585	-3.2302956581115723	19.148500166803803	-285.6317443847656	31.84707801586599	-80.15758514404297	4.875659415355883	-31.286115646362305	-11.566480796950701	0.0	0.0	0.0	0.0
12.117308855056763	1781096037.0	1781096037.558726	5	25.0	29.0	12.0	8.0	NeuronSpectrum 10.06.2026 14:49:30	EEG	checkup_149_10.06.2026 14:49:30	500.0	504.6666666666667	True	0.5	40.0	4	True	50.0	30.0	-812.0266723632812	27.46734708194787	-200.0088348388672	25.48309720468806	-247.28663635253906	18.176029235948562	-593.3998413085938	18.084491513246768	-20.8177490234375	16.91642116969478	-654.7849731445312	29.188597098481054	-188.47132873535156	3.033119051415811	-68.87805938720703	-11.84840483156281	0.0	0.0	0.0	0.0
12.117310762405396	1781096037.0	1781096037.558728	5	25.0	29.0	12.0	8.0	NeuronSpectrum 10.06.2026 14:49:30	EEG	checkup_149_10.06.2026 14:49:30	500.0	504.6666666666667	True	0.5	40.0	4	True	50.0	30.0	-811.5555419921875	18.933340694157753	-202.96022033691406	20.471964135109765	-250.7537078857422	12.326681640669356	-596.726318359375	8.55198655202631	-23.944927215576172	13.846036463059145	-657.8240356445312	19.271777924608333	-191.19577026367188	-1.196013711122855	-69.2237319946289	-12.865530940897257	0.0	0.0	0.0	0.0
12.117312669754028	1781096037.0	1781096037.55873	5	25.0	29.0	12.0	8.0	NeuronSpectrum 10.06.2026 14:49:30	EEG	checkup_149_10.06.2026 14:49:30	500.0	504.6666666666667	True	0.5	40.0	4	True	50.0	30.0	-817.3129272460938	3.639506596521896	-208.09426879882812	13.445229101614025	-257.01458740234375	3.973834670683278	-605.3702392578125	-6.123305997687228	-28.026674270629883	10.204308898739267	-666.4866943359375	3.6638921914924687	-195.96734619140625	-7.216419492038163	-70.27137756347656	-14.500344164298728	0.0	0.0	0.0	0.0
12.117314577102661	1781096037.0	1781096037.5587318	5	25.0	29.0	12.0	8.0	NeuronSpectrum 10.06.2026 14:49:30	EEG	checkup_149_10.06.2026 14:49:30	500.0	504.6666666666667	True	0.5	40.0	4	True	50.0	30.0	-828.0709228515625	-15.560921564379539	-214.73959350585938	5.372575650504042	-265.14227294921875	-5.693224466142134	-617.84765625	-23.530154089653784	-32.523738861083984	6.365545766538662	-679.2577514648438	-15.033446179256424	-201.95114135742188	-14.08387830972218	-71.85755157470703	-16.516101111298266	0.0	0.0	0.0	0.0
12.117316246032715	1781096037.0	1781096037.5587335	5	25.0	29.0	12.0	8.0	NeuronSpectrum 10.06.2026 14:49:30	EEG	checkup_149_10.06.2026 14:49:30	500.0	504.6666666666667	True	0.5	40.0	4	True	50.0	30.0	-835.6478271484375	-35.329316029857125	-220.316162109375	-2.6344975163451707	-271.87518310546875	-15.310766276452064	-627.4006958007812	-40.89679390420225	-36.5524787902832	2.7457215182242507	-688.8676147460938	-33.823110945962085	-206.63047790527344	-20.726626616394935	-73.1790771484375	-18.62021334722287	0.0	0.0	0.0	0.0
12.117318391799927	1781096037.0	1781096037.5587356	5	25.0	29.0	12.0	8.0	NeuronSpectrum 10.06.2026 14:49:30	EEG	checkup_149_10.06.2026 14:49:30	500.0	504.6666666666667	True	0.5	40.0	4	True	50.0	30.0	-829.2996826171875	-52.47468648714018	-221.58250427246094	-9.520573702378428	-273.18707275390625	-23.58786562485991	-625.4298706054688	-55.61344414966638	-39.18880081176758	-0.2657557644436752	-686.03369140625	-49.87423873263681	-206.98313903808594	-26.14885937282353	-73.20946502685547	-20.52299029370594	0.0	0.0	0.0	0.0
12.117319822311401	1781096037.0	1781096037.558737	5	25.0	29.0	12.0	8.0	NeuronSpectrum 10.06.2026 14:49:30	EEG	checkup_149_10.06.2026 14:49:30	500.0	504.6666666666667	True	0.5	40.0	4	True	50.0	30.0	-806.2752685546875	-64.36354793753928	-217.51792907714844	-14.424203995314729	-267.8432922363281	-29.478135031794416	-609.5172729492188	-65.58230130887549	-39.993927001953125	-2.362690743464699	-668.25634765625	-60.89337580807864	-202.0884552001953	-29.57416419377678	-71.65428161621094	-21.97899730695435	0.0	0.0	0.0	0.0
12.117321729660034	1781096037.0	1781096037.558739	5	25.0	29.0	12.0	8.0	NeuronSpectrum 10.06.2026 14:49:30	EEG	checkup_149_10.06.2026 14:49:30	500.0	504.6666666666667	True	0.5	40.0	4	True	50.0	30.0	-780.3168334960938	-69.13535057066343	-211.63555908203125	-16.756873909914926	-260.2344970703125	-32.27639629519485	-589.8709716796875	-69.40479176755544	-39.407249450683594	-3.3595067567595143	-646.8703002929688	-65.3203565582433	-195.19461059570312	-30.525035269507455	-69.71369171142578	-22.811170368998702	0.0	0.0	0.0	0.0
12.117323637008667	1781096037.0	1781096037.5587409	5	25.0	29.0	12.0	8.0	NeuronSpectrum 10.06.2026 14:49:30	EEG	checkup_149_10.06.2026 14:49:30	500.0	504.6666666666667	True	0.5	40.0	4	True	50.0	30.0	-777.4169311523438	-65.837240827648	-210.8738555908203	-16.24831097535827	-258.9921875	-31.67121929810498	-586.1821899414062	-66.48325395919044	-38.57571029663086	-3.2079015665650648	-643.5294189453125	-62.43790443012873	-192.70648193359375	-28.85895747551161	-69.70695495605469	-22.925600966736635	0.0	0.0	0.0	0.0
12.11732530593872	1781096037.0	1781096037.5587425	5	25.0	29.0	12.0	8.0	NeuronSpectrum 10.06.2026 14:49:30	EEG	checkup_149_10.06.2026 14:49:30	500.0	504.6666666666667	True	0.5	40.0	4	True	50.0	30.0	-816.0029296875	-54.582114169087454	-220.31292724609375	-12.983857508982855	-270.4710388183594	-27.78570661047818	-612.7664184570312	-57.11337937666132	-38.52046203613281	-1.9952040205299277	-673.800537109375	-52.480932218296154	-199.4308624267578	-24.78502237729312	-73.31221008300781	-22.325152259557992	0.0	0.0	0.0	0.0
12.117327213287354	1781096037.0	1781096037.5587444	5	25.0	29.0	12.0	8.0	NeuronSpectrum 10.06.2026 14:49:30	EEG	checkup_149_10.06.2026 14:49:30	500.0	504.6666666666667	True	0.5	40.0	4	True	50.0	30.0	-883.0223999023438	-36.73495146707266	-236.77137756347656	-7.4369018724843245	-290.8549499511719	-21.211658555282483	-660.5570068359375	-42.57688432758381	-39.11548614501953	0.07236743375930144	-727.3449096679688	-36.75498527626986	-212.8089141845703	-18.867536336769668	-79.4380111694336	-21.122782313317106	0.0	0.0	0.0	0.0
12.117328882217407	1781096037.0	1781096037.558746	5	25.0	29.0	12.0	8.0	NeuronSpectrum 10.06.2026 14:49:30	EEG	checkup_149_10.06.2026 14:49:30	500.0	504.6666666666667	True	0.5	40.0	4	True	50.0	30.0	-926.0935668945312	-14.99544723915824	-246.654296875	-0.46598885603544793	-303.4832763671875	-13.001489015189932	-691.0421752929688	-25.147094497242232	-38.69231033325195	2.700048527280864	-761.3426513671875	-17.663923453670076	-220.92967224121094	-11.995227386232504	-83.51063537597656	-19.54458174107147	0.0	0.0	0.0	0.0
12.117330312728882	1781096037.0	1781096037.5587475	5	25.0	29.0	12.0	8.0	NeuronSpectrum 10.06.2026 14:49:30	EEG	checkup_149_10.06.2026 14:49:30	500.0	504.6666666666667	True	0.5	40.0	4	True	50.0	30.0	-874.66357421875	6.833789926623072	-231.50547790527344	6.773025699893204	-285.64239501953125	-4.55827842297712	-651.8763427734375	-7.863695773017113	-34.793251037597656	5.548296554396583	-717.8613891601562	1.516832196254028	-207.41317749023438	-5.278085721729743	-79.32376098632812	-17.906134108095475	0.0	0.0	0.0	0.0
12.117332220077515	1781096037.0	1781096037.5587494	5	25.0	29.0	12.0	8.0	NeuronSpectrum 10.06.2026 14:49:30	EEG	checkup_149_10.06.2026 14:49:30	500.0	504.6666666666667	True	0.5	40.0	4	True	50.0	30.0	-682.1946411132812	24.52903304619377	-179.1604766845703	13.02956133503106	-222.25265502929688	2.6120689838080646	-508.2889709472656	6.012365444823959	-25.769628524780273	8.287375229922606	-558.6112670898438	17.224780168012284	-161.30812072753906	0.14929926532207147	-62.752201080322266	-16.552126644252084	0.0	0.0	0.0	0.0
12.117334127426147	1781096037.0	1781096037.5587513	5	25.0	29.0	12.0	8.0	NeuronSpectrum 10.06.2026 14:49:30	EEG	checkup_149_10.06.2026 14:49:30	500.0	504.6666666666667	True	0.5	40.0	4	True	50.0	30.0	-362.3371887207031	34.4728700110573	-93.33049774169922	17.24349918994214	-117.66226959228516	7.247497008451107	-270.14862060546875	13.778276161732657	-12.176162719726562	10.653310532321631	-294.7956237792969	26.461828035567812	-85.6390609741211	3.3859527117503716	-34.94842529296875	-15.769259023618345	0.0	0.0	0.0	0.0
12.16868782043457	1781096037.0	1781096037.610105	5	25.0	29.0	12.0	8.0	NeuronSpectrum 10.06.2026 14:49:30	EEG	checkup_149_10.06.2026 14:49:30	500.0	504.6666666666667	True	0.5	40.0	4	True	50.0	30.0	-811.5505981445312	34.65606750883402	-211.83306884765625	18.812890631795018	-262.9021911621094	8.6534833372972	-605.890380859375	14.024526987146277	-28.303268432617188	12.489101046952598	-664.6405029296875	27.606976626658543	-192.34095764160156	3.9945736448614135	-74.5490493774414	-15.704650463035406	0.0	0.0	0.0	0.0
12.168694257736206	1781096037.0	1781096037.6101115	5	25.0	29.0	12.0	8.0	NeuronSpectrum 10.06.2026 14:49:30	EEG	checkup_149_10.06.2026 14:49:30	500.0	504.6666666666667	True	0.5	40.0	4	True	50.0	30.0	-810.70947265625	25.21282047571188	-210.77024841308594	17.728758888012194	-261.9293518066406	6.86316890862247	-606.1317138671875	7.001353992420261	-27.13260269165039	13.756183296305652	-663.46728515625	20.831418942597946	-192.25694274902344	2.1028226541237403	-74.37110900878906	-16.326896861941474	0.0	0.0	0.0	0.0
12.168697118759155	1781096037.0	1781096037.6101143	5	25.0	29.0	12.0	8.0	NeuronSpectrum 10.06.2026 14:49:30	EEG	checkup_149_10.06.2026 14:49:30	500.0	504.6666666666667	True	0.5	40.0	4	True	50.0	30.0	-816.2249755859375	8.273289615259577	-211.27114868164062	14.523800722181411	-262.7795104980469	2.5693696152309538	-610.5632934570312	-5.535600231646605	-26.15350914001465	14.51279646589818	-667.1224975585938	7.945793778416904	-193.42320251464844	-1.6672383487010032	-74.50062561035156	-17.44648372557816	0.0	0.0	0.0	0.0
12.168698787689209	1781096037.0	1781096037.610116	5	25.0	29.0	12.0	8.0	NeuronSpectrum 10.06.2026 14:49:30	EEG	checkup_149_10.06.2026 14:49:30	500.0	504.6666666666667	True	0.5	40.0	4	True	50.0	30.0	-826.9296875	-12.729490348752385	-212.97796630859375	10.076655213501658	-265.026611328125	-3.120092176776493	-618.0791625976562	-20.886793761269562	-25.281442642211914	14.87088104751527	-674.5833129882812	-8.198675619318207	-195.4728240966797	-6.399146109613516	-74.8705825805664	-18.781263227199283	0.0	0.0	0.0	0.0
12.168700933456421	1781096037.0	1781096037.6101182	5	25.0	29.0	12.0	8.0	NeuronSpectrum 10.06.2026 14:49:30	EEG	checkup_149_10.06.2026 14:49:30	500.0	504.6666666666667	True	0.5	40.0	4	True	50.0	30.0	-834.6626586914062	-33.94792074409502	-213.79139709472656	5.369436176057615	-266.1081848144531	-8.983645069669969	-622.6492919921875	-36.10535537062854	-24.25889778137207	14.950849295443785	-679.2572021484375	-24.45899912635008	-196.5057373046875	-11.119420954269366	-74.85371398925781	-20.03466849900593	0.0	0.0	0.0	0.0
12.168703079223633	1781096037.0	1781096037.6101203	5	25.0	29.0	12.0	8.0	NeuronSpectrum 10.06.2026 14:49:30	EEG	checkup_149_10.06.2026 14:49:30	500.0	504.6666666666667	True	0.5	40.0	4	True	50.0	30.0	-828.6547241210938	-51.878277237832044	-211.03004455566406	1.2874580002982372	-262.7324523925781	-13.934293644032222	-616.5423583984375	-48.578736465024846	-22.827255249023438	14.850387377286216	-672.5515747070312	-38.02707021741681	-194.1103515625	-14.98939804098528	-73.61764526367188	-20.957682904410355	0.0	0.0	0.0	0.0
12.168704986572266	1781096037.0	1781096037.6101222	5	25.0	29.0	12.0	8.0	NeuronSpectrum 10.06.2026 14:49:30	EEG	checkup_149_10.06.2026 14:49:30	500.0	504.6666666666667	True	0.5	40.0	4	True	50.0	30.0	-806.08740234375	-63.8297158718382	-204.18028259277344	-1.4966568864406096	-254.2476348876953	-17.162646776887563	-598.0317993164062	-56.373829214616954	-21.11334228515625	14.633848758829004	-652.4512939453125	-46.802460362131825	-187.83335876464844	-17.41213357450275	-71.00645446777344	-21.38129376765855	0.0	0.0	0.0	0.0
12.168707132339478	1781096037.0	1781096037.6101243	5	25.0	29.0	12.0	8.0	NeuronSpectrum 10.06.2026 14:49:30	EEG	checkup_149_10.06.2026 14:49:30	500.0	504.6666666666667	True	0.5	40.0	4	True	50.0	30.0	-780.6085815429688	-68.11881545083703	-197.07164001464844	-2.561306118443623	-245.32276916503906	-18.182444290545796	-577.5503540039062	-58.35927234405143	-19.901439666748047	14.338801400596468	-630.402587890625	-49.52730098309518	-181.1486358642578	-18.060736954989522	-68.25390625	-21.22239482079351	0.0	0.0	0.0	0.0
12.16870903968811	1781096037.0	1781096037.6101263	5	25.0	29.0	12.0	8.0	NeuronSpectrum 10.06.2026 14:49:30	EEG	checkup_149_10.06.2026 14:49:30	500.0	504.6666666666667	True	0.5	40.0	4	True	50.0	30.0	-778.1115112304688	-64.11427114475497	-196.67318725585938	-1.7343351574570132	-244.49449157714844	-16.824540925258333	-574.4518432617188	-54.2045316959074	-20.371747970581055	13.98977372407684	-627.7824096679688	-45.79225900843906	-180.3840789794922	-16.863702286020636	-67.61719512939453	-20.476207452789307	0.0	0.0	0.0	0.0
12.168711185455322	1781096037.0	1781096037.6101284	5	25.0	29.0	12.0	8.0	NeuronSpectrum 10.06.2026 14:49:30	EEG	checkup_149_10.06.2026 14:49:30	500.0	504.6666666666667	True	0.5	40.0	4	True	50.0	30.0	-816.943603515625	-52.26819417413237	-207.7977294921875	0.9073292000256105	-257.6907043457031	-13.230056912783766	-602.3375244140625	-44.36636065309238	-23.221576690673828	13.608241976000157	-659.6599731445312	-36.03349977099648	-189.94325256347656	-13.986924438445152	-70.68630981445312	-19.209385541560813	0.0	0.0	0.0	0.0
12.168712854385376	1781096037.0	1781096037.61013	5	25.0	29.0	12.0	8.0	NeuronSpectrum 10.06.2026 14:49:30	EEG	checkup_149_10.06.2026 14:49:30	500.0	504.6666666666667	True	0.5	40.0	4	True	50.0	30.0	-884.0091552734375	-34.182391521990866	-226.77972412109375	5.020318066873601	-280.4779052734375	-7.863828715893545	-651.435546875	-30.10764600378502	-27.67571449279785	13.21269697579103	-715.2412719726562	-21.567449014316797	-206.57981872558594	-9.830357172080593	-76.34313201904297	-17.55996746768626	0.0	0.0	0.0	0.0
12.168715000152588	1781096037.0	1781096037.6101322	5	25.0	29.0	12.0	8.0	NeuronSpectrum 10.06.2026 14:49:30	EEG	checkup_149_10.06.2026 14:49:30	500.0	504.6666666666667	True	0.5	40.0	4	True	50.0	30.0	-926.9293212890625	-12.617075604163137	-239.46885681152344	9.982939704392635	-295.5809020996094	-1.5210152655375655	-682.9002685546875	-13.48676116379181	-31.232011795043945	12.810895228883208	-751.486572265625	-4.592109525381182	-217.55845642089844	-5.021316213434324	-80.09038543701172	-15.737447566340853	0.0	0.0	0.0	0.0
12.16871690750122	1781096037.0	1781096037.6101341	5	25.0	29.0	12.0	8.0	NeuronSpectrum 10.06.2026 14:49:30	EEG	checkup_149_10.06.2026 14:49:30	500.0	504.6666666666667	True	0.5	40.0	4	True	50.0	30.0	-875.1974487304688	8.746708285042896	-226.93653869628906	14.940265157933789	-279.8518371582031	4.734797525944321	-644.5319213867188	2.8194685537809976	-30.654733657836914	12.393288077917143	-710.4693603515625	11.998623963349756	-205.79556274414062	-0.36038778643667035	-75.85835266113281	-14.007005244314184	0.0	0.0	0.0	0.0
12.168718814849854	1781096037.0	1781096037.610136	5	25.0	29.0	12.0	8.0	NeuronSpectrum 10.06.2026 14:49:30	EEG	checkup_149_10.06.2026 14:49:30	500.0	504.6666666666667	True	0.5	40.0	4	True	50.0	30.0	-682.3560791015625	25.929118527747953	-176.73245239257812	18.946677691965366	-218.05447387695312	9.750346992564753	-501.97222900390625	15.962765912958954	-23.832069396972656	11.936978268297935	-553.9325561523438	25.10338035795905	-160.0461883544922	3.314892698754878	-59.61387252807617	-12.645251166958296	0.0	0.0	0.0	0.0
12.168720960617065	1781096037.0	1781096037.6101382	5	25.0	29.0	12.0	8.0	NeuronSpectrum 10.06.2026 14:49:30	EEG	checkup_149_10.06.2026 14:49:30	500.0	504.6666666666667	True	0.5	40.0	4	True	50.0	30.0	-362.15362548828125	35.57915158937294	-92.48893737792969	21.190219600698025	-114.64225769042969	12.558248343507762	-265.3915100097656	23.58664972868377	-11.321404457092285	11.42184173911672	-292.91363525390625	32.14511937974959	-83.6240463256836	5.33344862177387	-32.46516418457031	-11.872571913706272	0.0	0.0	0.0	0.0
12.16872262954712	1781096037.0	1781096037.6101398	5	25.0	29.0	12.0	8.0	NeuronSpectrum 10.06.2026 14:49:30	EEG	checkup_149_10.06.2026 14:49:30	500.0	504.6666666666667	True	0.5	40.0	4	True	50.0	30.0	-811.22998046875	35.875100834756296	-211.01828002929688	21.215727217300472	-260.06317138671875	12.647369164922491	-595.1396484375	24.466051291776015	-30.182573318481445	10.849783215311286	-660.48828125	31.78020814724406	-190.99156188964844	5.385895393294554	-70.9352798461914	-11.788315450444324	0.0	0.0	0.0	0.0
12.168724536895752	1781096037.0	1781096037.6101418	5	25.0	29.0	12.0	8.0	NeuronSpectrum 10.06.2026 14:49:30	EEG	checkup_149_10.06.2026 14:49:30	500.0	504.6666666666667	True	0.5	40.0	4	True	50.0	30.0	-810.2473754882812	26.993817971332387	-210.20297241210938	19.043381477813565	-259.0567932128906	10.101735447576788	-593.322021484375	18.83032919031473	-30.192123413085938	10.253780186144986	-659.64697265625	24.259648325087817	-190.13436889648438	3.6186623520582613	-70.74402618408203	-12.340992607172002	0.0	0.0	0.0	0.0
12.168726682662964	1781096037.0	1781096037.610144	5	25.0	29.0	12.0	8.0	NeuronSpectrum 10.06.2026 14:49:30	EEG	checkup_149_10.06.2026 14:49:30	500.0	504.6666666666667	True	0.5	40.0	4	True	50.0	30.0	-815.6265869140625	10.954886028725442	-210.99859619140625	15.132470978727135	-259.8583679199219	5.547417614986091	-596.0241088867188	8.230053298653909	-30.22407341003418	9.690048203430567	-663.6415405273438	11.287297789560935	-190.41696166992188	0.5828594797320228	-70.82376098632812	-13.347998760945236	0.0	0.0	0.0	0.0
12.168728828430176	1781096037.0	1781096037.610146	5	25.0	29.0	12.0	8.0	NeuronSpectrum 10.06.2026 14:49:30	EEG	checkup_149_10.06.2026 14:49:30	500.0	504.6666666666667	True	0.5	40.0	4	True	50.0	30.0	-826.1166381835938	-9.023378966419152	-213.31451416015625	10.225055231525602	-262.2642517089844	-0.048755689797974955	-602.33935546875	-4.9499563485884295	-30.34279441833496	9.218311390909907	-671.5582885742188	-4.511846642389505	-191.6154022216797	-2.9288337704338896	-71.08120727539062	-14.551818072193793	0.0	0.0	0.0	0.0
12.168730974197388	1781096037.0	1781096037.6101482	5	25.0	29.0	12.0	8.0	NeuronSpectrum 10.06.2026 14:49:30	EEG	checkup_149_10.06.2026 14:49:30	500.0	504.6666666666667	True	0.5	40.0	4	True	50.0	30.0	-833.49560546875	-29.327271034374945	-215.0845184326172	5.152913839057831	-263.7618713378906	-5.625034483843274	-606.2344360351562	-18.088646800244877	-30.274890899658203	8.881540765721732	-676.7682495117188	-20.245307822086016	-191.89764404296875	-6.079355426502656	-70.91694641113281	-15.684339573564836	0.0	0.0	0.0	0.0
12.168732643127441	1781096037.0	1781096037.6101499	5	25.0	29.0	12.0	8.0	NeuronSpectrum 10.06.2026 14:49:30	EEG	checkup_149_10.06.2026 14:49:30	500.0	504.6666666666667	True	0.5	40.0	4	True	50.0	30.0	-826.975830078125	-46.61938138166837	-213.43016052246094	0.6801602746887796	-260.9194641113281	-10.225088958489758	-599.7801513671875	-28.82354348593564	-29.59096908569336	8.69412724342744	-670.5017700195312	-33.29289271194378	-188.80545043945312	-8.149978794067685	-69.57003021240234	-16.515327411732752	0.0	0.0	0.0	0.0
12.168734788894653	1781096037.0	1781096037.610152	5	25.0	29.0	12.0	8.0	NeuronSpectrum 10.06.2026 14:49:30	EEG	checkup_149_10.06.2026 14:49:30	500.0	504.6666666666667	True	0.5	40.0	4	True	50.0	30.0	-803.7520751953125	-58.25231781352443	-207.56863403320312	-2.5894884759204286	-252.81947326660156	-13.116088141044203	-580.9067993164062	-35.34949403558454	-28.203441619873047	8.64056625699074	-650.4921264648438	-41.63173426165879	-181.65823364257812	-8.638612632607451	-66.93758392333984	-16.876151753879718	0.0	0.0	0.0	0.0
12.168736696243286	1781096037.0	1781096037.610154	5	25.0	29.0	12.0	8.0	NeuronSpectrum 10.06.2026 14:49:30	EEG	checkup_149_10.06.2026 14:49:30	500.0	504.6666666666667	True	0.5	40.0	4	True	50.0	30.0	-777.49365234375	-62.45921218397055	-201.21035766601562	-4.253258369129109	-243.87716674804688	-13.838659107197259	-559.6849975585938	-36.54707436315659	-26.800392150878906	8.680613759790772	-627.9783325195312	-43.97713330932057	-173.53463745117188	-7.300831720051028	-64.21697235107422	-16.664183840105757	0.0	0.0	0.0	0.0
12.168738603591919	1781096037.0	1781096037.6101558	5	25.0	29.0	12.0	8.0	NeuronSpectrum 10.06.2026 14:49:30	EEG	checkup_149_10.06.2026 14:49:30	500.0	504.6666666666667	True	0.5	40.0	4	True	50.0	30.0	-774.1265869140625	-58.44485688303354	-201.47491455078125	-4.131919611488378	-242.5483856201172	-12.229858238424784	-555.3023681640625	-32.03221430987457	-26.693721771240234	8.75417005368595	-624.3114013671875	-39.84189815167804	-170.40354919433594	-4.161016104268027	-63.52998733520508	-15.84084300743591	0.0	0.0	0.0	0.0
12.168740510940552	1781096037.0	1781096037.6101577	5	25.0	29.0	12.0	8.0	NeuronSpectrum 10.06.2026 14:49:30	EEG	checkup_149_10.06.2026 14:49:30	500.0	504.6666666666667	True	0.5	40.0	4	True	50.0	30.0	-812.081298828125	-46.49360032276896	-213.48892211914062	-2.3044528329868275	-254.95249938964844	-8.456000096027342	-581.6117553710938	-22.213658132251176	-28.906803131103516	8.780712848297512	-654.7987060546875	-29.60995524376065	-176.714111328125	0.4805439111210922	-66.32249450683594	-14.435141963820524	0.0	0.0	0.0	0.0
12.168742656707764	1781096037.0	1781096037.6101599	5	25.0	29.0	12.0	8.0	NeuronSpectrum 10.06.2026 14:49:30	EEG	checkup_149_10.06.2026 14:49:30	500.0	504.6666666666667	True	0.5	40.0	4	True	50.0	30.0	-878.4398193359375	-28.111021153408306	-233.7731475830078	0.8437078456473683	-277.07958984375	-3.05889491862977	-629.5743408203125	-8.373076881349062	-33.00363540649414	8.653533021486089	-709.1112060546875	-14.638603209047545	-189.9694061279297	6.04024760156304	-71.46910858154297	-12.555392523520634	0.0	0.0	0.0	0.0
12.168744564056396	1781096037.0	1781096037.6101618	5	25.0	29.0	12.0	8.0	NeuronSpectrum 10.06.2026 14:49:30	EEG	checkup_149_10.06.2026 14:49:30	500.0	504.6666666666667	True	0.5	40.0	4	True	50.0	30.0	-921.0836791992188	-6.076965220332603	-247.97030639648438	4.596028614895636	-292.11968994140625	3.0264807299449035	-661.3251953125	7.318856519572359	-36.61104202270508	8.235917083768916	-744.7282104492188	2.7102991558049223	-198.8053436279297	11.66914077020069	-74.69063568115234	-10.399018686700183	0.0	0.0	0.0	0.0
12.16874647140503	1781096037.0	1781096037.6101637	5	25.0	29.0	12.0	8.0	NeuronSpectrum 10.06.2026 14:49:30	EEG	checkup_149_10.06.2026 14:49:30	500.0	504.6666666666667	True	0.5	40.0	4	True	50.0	30.0	-869.7472534179688	15.795637102762056	-236.54345703125	7.963381207193257	-277.1755676269531	8.551329317086864	-625.3992919921875	21.997878977565296	-36.30012893676758	7.370287109583332	-704.060791015625	19.277741045454864	-187.54290771484375	16.338932494722897	-70.29552459716797	-8.242375211403795	0.0	0.0	0.0	0.0
12.168748378753662	1781096037.0	1781096037.6101656	5	25.0	29.0	12.0	8.0	NeuronSpectrum 10.06.2026 14:49:30	EEG	checkup_149_10.06.2026 14:49:30	500.0	504.6666666666667	True	0.5	40.0	4	True	50.0	30.0	-678.0402221679688	33.33218992147138	-186.3460235595703	9.86489230451563	-216.87152099609375	12.174153995955752	-487.4312744140625	32.609941726388364	-29.535186767578125	5.907646440635125	-548.8421020507812	31.663810214683682	-145.5306396484375	19.02170906402063	-54.578311920166016	-6.397171895534891	0.0	0.0	0.0	0.0
12.168750047683716	1781096037.0	1781096037.6101673	5	25.0	29.0	12.0	8.0	NeuronSpectrum 10.06.2026 14:49:30	EEG	checkup_149_10.06.2026 14:49:30	500.0	504.6666666666667	True	0.5	40.0	4	True	50.0	30.0	-359.5018005371094	42.99954098612014	-100.67583465576172	9.404027007541211	-115.15650177001953	12.790854967499252	-256.67889404296875	36.649295917716465	-16.469303131103516	3.752920054012254	-289.7583312988281	37.05069632887851	-75.29638671875	18.935519577024678	-28.697580337524414	-5.138702423351876	0.0	0.0	0.0	0.0
12.21960973739624	1781096037.0	1781096037.661027	5	25.0	29.0	12.0	8.0	NeuronSpectrum 10.06.2026 14:49:30	EEG	checkup_149_10.06.2026 14:49:30	500.0	504.6666666666667	True	0.5	40.0	4	True	50.0	30.0	-807.3998413085938	42.878842085549685	-227.9849090576172	6.1384801524829875	-264.0392761230469	9.854194915585978	-588.4524536132812	32.86473187344772	-40.60441207885742	0.9084838217358775	-660.1112670898438	33.99464766681923	-179.89349365234375	15.769193423069435	-63.93135070800781	-4.6326385684882565	0.0	0.0	0.0	0.0
12.219615936279297	1781096037.0	1781096037.6610332	5	25.0	29.0	12.0	8.0	NeuronSpectrum 10.06.2026 14:49:30	EEG	checkup_149_10.06.2026 14:49:30	500.0	504.6666666666667	True	0.5	40.0	4	True	50.0	30.0	-806.9647827148438	33.17657009209801	-231.36541748046875	0.22216827051884647	-267.3185119628906	3.539864059060471	-592.6505737304688	21.617858156429225	-43.7471923828125	-2.505730204776915	-663.2173461914062	22.832595783089317	-184.07217407226562	9.786027609650633	-63.23027038574219	-4.8937026703181585	0.0	0.0	0.0	0.0
12.219618797302246	1781096037.0	1781096037.661036	5	25.0	29.0	12.0	8.0	NeuronSpectrum 10.06.2026 14:49:30	EEG	checkup_149_10.06.2026 14:49:30	500.0	504.6666666666667	True	0.5	40.0	4	True	50.0	30.0	-812.8243408203125	16.06390612139187	-236.5781707763672	-7.641055389774385	-272.8754577636719	-5.310925035840859	-601.814208984375	4.741192183092795	-47.30651092529297	-6.266545619245371	-671.6762084960938	5.532154194458495	-190.26605224609375	1.759389262125468	-63.06161117553711	-5.793033423653401	0.0	0.0	0.0	0.0
12.219621419906616	1781096037.0	1781096037.6610386	5	25.0	29.0	12.0	8.0	NeuronSpectrum 10.06.2026 14:49:30	EEG	checkup_149_10.06.2026 14:49:30	500.0	504.6666666666667	True	0.5	40.0	4	True	50.0	30.0	-823.749267578125	-5.01707759485654	-243.05833435058594	-16.394878830886903	-280.06793212890625	-15.427518486299803	-614.6444702148438	-14.999166032915252	-51.007450103759766	-10.089758194387151	-684.1774291992188	-14.89919877402511	-197.6956787109375	-7.224017012782058	-63.421234130859375	-7.104444068639971	0.0	0.0	0.0	0.0
12.219623565673828	1781096037.0	1781096037.6610408	5	25.0	29.0	12.0	8.0	NeuronSpectrum 10.06.2026 14:49:30	EEG	checkup_149_10.06.2026 14:49:30	500.0	504.6666666666667	True	0.5	40.0	4	True	50.0	30.0	-831.5650024414062	-26.233071577852066	-248.2068328857422	-24.882557038977147	-285.89166259765625	-25.409904098797934	-624.6381225585938	-34.57666257786255	-54.149017333984375	-13.682409862236131	-693.6517944335938	-35.15719921702704	-203.85330200195312	-16.006755963399748	-63.73015594482422	-8.564009743077415	0.0	0.0	0.0	0.0
12.219626188278198	1781096037.0	1781096037.6610434	5	25.0	29.0	12.0	8.0	NeuronSpectrum 10.06.2026 14:49:30	EEG	checkup_149_10.06.2026 14:49:30	500.0	504.6666666666667	True	0.5	40.0	4	True	50.0	30.0	-825.529052734375	-44.10538000297833	-248.7257080078125	-32.06297542703276	-286.5173034667969	-33.985819759001494	-623.4652099609375	-51.27319790240747	-55.926666259765625	-16.787567315589012	-690.9747314453125	-52.269686219812	-205.70530700683594	-23.567417185737906	-63.1705322265625	-9.920045692405699	0.0	0.0	0.0	0.0
12.219628810882568	1781096037.0	1781096037.661046	5	25.0	29.0	12.0	8.0	NeuronSpectrum 10.06.2026 14:49:30	EEG	checkup_149_10.06.2026 14:49:30	500.0	504.6666666666667	True	0.5	40.0	4	True	50.0	30.0	-802.855224609375	-55.96786916718697	-243.75221252441406	-37.14550441625562	-280.92572021484375	-40.171713223807075	-608.9743041992188	-63.026266833328336	-56.134620666503906	-19.21197630724865	-673.7769775390625	-63.981321007972596	-202.4300537109375	-29.148605048100794	-61.52476119995117	-10.963537741713717	0.0	0.0	0.0	0.0
12.21963095664978	1781096037.0	1781096037.6610482	5	25.0	29.0	12.0	8.0	NeuronSpectrum 10.06.2026 14:49:30	EEG	checkup_149_10.06.2026 14:49:30	500.0	504.6666666666667	True	0.5	40.0	4	True	50.0	30.0	-777.1979370117188	-60.15556361877673	-237.3640594482422	-39.646844695550726	-273.8150939941406	-43.341771165481774	-591.6006469726562	-68.56630096441472	-55.70365905761719	-20.83640418903604	-653.5158081054688	-68.90776936180521	-197.58470153808594	-32.30638452382961	-59.859127044677734	-11.542061521639146	0.0	0.0	0.0	0.0
12.219632863998413	1781096037.0	1781096037.66105	5	25.0	29.0	12.0	8.0	NeuronSpectrum 10.06.2026 14:49:30	EEG	checkup_149_10.06.2026 14:49:30	500.0	504.6666666666667	True	0.5	40.0	4	True	50.0	30.0	-774.4354248046875	-56.04924101154372	-237.30929565429688	-39.40404459806238	-274.1160583496094	-43.24579060426278	-591.1072387695312	-67.43817317256621	-56.38725280761719	-21.615358790779034	-651.9171752929688	-66.56321703994766	-197.97897338867188	-32.91085567521369	-60.19210433959961	-11.567540441739816	0.0	0.0	0.0	0.0
12.219635248184204	1781096037.0	1781096037.6610525	5	25.0	29.0	12.0	8.0	NeuronSpectrum 10.06.2026 14:49:30	EEG	checkup_149_10.06.2026 14:49:30	500.0	504.6666666666667	True	0.5	40.0	4	True	50.0	30.0	-812.927001953125	-44.110570315400444	-249.13975524902344	-36.58165203610164	-288.16253662109375	-40.02094784903726	-621.545166015625	-60.010271135493504	-59.43641662597656	-21.574609396608274	-684.4484252929688	-57.37480350319763	-208.5508270263672	-31.133810507663252	-63.91701126098633	-11.027588409539007	0.0	0.0	0.0	0.0
12.219637393951416	1781096037.0	1781096037.6610546	5	25.0	29.0	12.0	8.0	NeuronSpectrum 10.06.2026 14:49:30	EEG	checkup_149_10.06.2026 14:49:30	500.0	504.6666666666667	True	0.5	40.0	4	True	50.0	30.0	-879.6746215820312	-25.952841143646484	-269.13995361328125	-31.68640379218577	-311.4790954589844	-34.21332356414178	-673.1361083984375	-47.5092774986674	-64.0342025756836	-20.810617103302974	-740.3848876953125	-42.72491449069809	-226.19261169433594	-27.440393196484266	-69.89678192138672	-10.001889016053104	0.0	0.0	0.0	0.0
12.219639539718628	1781096037.0	1781096037.6610568	5	25.0	29.0	12.0	8.0	NeuronSpectrum 10.06.2026 14:49:30	EEG	checkup_149_10.06.2026 14:49:30	500.0	504.6666666666667	True	0.5	40.0	4	True	50.0	30.0	-922.4892578125	-4.3516789175430555	-281.9969482421875	-25.56309662455063	-326.1151123046875	-26.7779624081136	-706.3348388671875	-32.01367835686539	-66.80804443359375	-19.487907673335453	-776.2567138671875	-24.94609494352142	-237.6935272216797	-22.56791706333969	-73.84793090820312	-8.673169880761687	0.0	0.0	0.0	0.0
12.21964144706726	1781096037.0	1781096037.6610587	5	25.0	29.0	12.0	8.0	NeuronSpectrum 10.06.2026 14:49:30	EEG	checkup_149_10.06.2026 14:49:30	500.0	504.6666666666667	True	0.5	40.0	4	True	50.0	30.0	-871.070068359375	16.99439394050132	-267.02215576171875	-19.318323734391257	-307.9500427246094	-18.99424016388226	-667.8483276367188	-16.26711685718771	-63.24299621582031	-17.82438514275196	-733.4423217773438	-7.114281047545498	-225.1188507080078	-17.450508270689138	-70.05170440673828	-7.314827594128688	0.0	0.0	0.0	0.0
12.219643115997314	1781096037.0	1781096037.6610603	5	25.0	29.0	12.0	8.0	NeuronSpectrum 10.06.2026 14:49:30	EEG	checkup_149_10.06.2026 14:49:30	500.0	504.6666666666667	True	0.5	40.0	4	True	50.0	30.0	-679.0514526367188	34.09110372171342	-210.56898498535156	-14.134042050354767	-241.19549560546875	-12.250942513592317	-522.5529174804688	-3.2105009127380884	-50.44439697265625	-16.05699434886969	-573.263916015625	7.471693724229408	-176.59664916992188	-13.058928440553867	-54.751224517822266	-6.242285100351991	0.0	0.0	0.0	0.0
12.219645023345947	1781096037.0	1781096037.6610622	5	25.0	29.0	12.0	8.0	NeuronSpectrum 10.06.2026 14:49:30	EEG	checkup_149_10.06.2026 14:49:30	500.0	504.6666666666667	True	0.5	40.0	4	True	50.0	30.0	-360.066650390625	43.582288590052656	-116.68047332763672	-10.996087628856872	-130.78201293945312	-7.729342949911616	-280.84674072265625	4.705964619966536	-29.468048095703125	-14.39246253414985	-307.0847473144531	16.056692863705145	-95.60066986083984	-10.17648450462073	-29.06097984313965	-5.734076081842132	0.0	0.0	0.0	0.0
12.27058720588684	1781096037.0	1781096037.7120044	5	25.0	29.0	12.0	8.0	NeuronSpectrum 10.06.2026 14:49:30	EEG	checkup_149_10.06.2026 14:49:30	500.0	504.6666666666667	True	0.5	40.0	4	True	50.0	30.0	-807.8809204101562	43.65512720483294	-248.3966827392578	-10.435855771465725	-283.4392395019531	-6.09837659644764	-619.0824584960938	6.180613778737732	-56.97806930541992	-12.962260122760568	-679.8775024414062	17.16508436223246	-209.02394104003906	-9.192538700966331	-65.1995849609375	-5.950657737631327	0.0	0.0	0.0	0.0
12.270593166351318	1781096037.0	1781096037.7120104	5	25.0	29.0	12.0	8.0	NeuronSpectrum 10.06.2026 14:49:30	EEG	checkup_149_10.06.2026 14:49:30	500.0	504.6666666666667	True	0.5	40.0	4	True	50.0	30.0	-807.121337890625	34.51054436626893	-247.69464111328125	-12.402424292563683	-281.3584289550781	-7.358969033666542	-616.7379150390625	1.38707854375051	-55.223609924316406	-11.804043595719392	-678.0281982421875	10.972090113661361	-207.51649475097656	-10.010236638949	-65.18049621582031	-6.885987811211378	0.0	0.0	0.0	0.0
12.270596504211426	1781096037.0	1781096037.7120137	5	25.0	29.0	12.0	8.0	NeuronSpectrum 10.06.2026 14:49:30	EEG	checkup_149_10.06.2026 14:49:30	500.0	504.6666666666667	True	0.5	40.0	4	True	50.0	30.0	-812.70166015625	18.203678835943602	-248.49249267578125	-16.319104050972037	-281.1375732421875	-10.901536396767359	-618.1710815429688	-8.169880893625965	-53.47695541381836	-10.878017651917945	-680.8087158203125	-0.8460328318861015	-206.7469024658203	-12.110522123324266	-65.70223236083984	-8.370665458114733	0.0	0.0	0.0	0.0
12.270599126815796	1781096037.0	1781096037.7120163	5	25.0	29.0	12.0	8.0	NeuronSpectrum 10.06.2026 14:49:30	EEG	checkup_149_10.06.2026 14:49:30	500.0	504.6666666666667	True	0.5	40.0	4	True	50.0	30.0	-823.370361328125	-2.008478187646024	-250.50254821777344	-21.280566919979904	-282.50982666015625	-15.727226994494249	-622.5684814453125	-20.158715696668487	-51.84349822998047	-10.106456949208829	-687.3026733398438	-15.663458816197817	-206.5347442626953	-14.731402418622785	-66.68013000488281	-10.118649428770878	0.0	0.0	0.0	0.0
12.270601749420166	1781096037.0	1781096037.712019	5	25.0	29.0	12.0	8.0	NeuronSpectrum 10.06.2026 14:49:30	EEG	checkup_149_10.06.2026 14:49:30	500.0	504.6666666666667	True	0.5	40.0	4	True	50.0	30.0	-830.9185791015625	-22.48147099081861	-251.4781951904297	-26.290882150303116	-282.8991394042969	-20.718641854740277	-624.1329956054688	-32.03120695839036	-50.07648468017578	-9.414392007268958	-690.962646484375	-30.57927415897943	-205.19052124023438	-17.075233397934632	-67.46415710449219	-11.793119132786343	0.0	0.0	0.0	0.0
12.270604610443115	1781096037.0	1781096037.7120218	5	25.0	29.0	12.0	8.0	NeuronSpectrum 10.06.2026 14:49:30	EEG	checkup_149_10.06.2026 14:49:30	500.0	504.6666666666667	True	0.5	40.0	4	True	50.0	30.0	-824.5739135742188	-39.86531425096715	-248.45404052734375	-30.45554912765335	-278.85919189453125	-24.860269114426448	-615.2826538085938	-41.51568507714229	-47.77949523925781	-8.75428660046801	-683.183349609375	-42.969895152962735	-200.48312377929688	-18.46959385121409	-67.16658020019531	-13.068455259885193	0.0	0.0	0.0	0.0
12.270606756210327	1781096037.0	1781096037.712024	5	25.0	29.0	12.0	8.0	NeuronSpectrum 10.06.2026 14:49:30	EEG	checkup_149_10.06.2026 14:49:30	500.0	504.6666666666667	True	0.5	40.0	4	True	50.0	30.0	-801.5305786132812	-51.52386510323214	-240.78167724609375	-33.09121290216345	-269.5826110839844	-27.366834204166942	-594.3546752929688	-46.89916862434516	-44.96827697753906	-8.110035740666175	-661.937255859375	-50.81449055388404	-192.02035522460938	-18.451898643722657	-65.4552230834961	-13.67668068078501	0.0	0.0	0.0	0.0
12.270608901977539	1781096037.0	1781096037.7120261	5	25.0	29.0	12.0	8.0	NeuronSpectrum 10.06.2026 14:49:30	EEG	checkup_149_10.06.2026 14:49:30	500.0	504.6666666666667	True	0.5	40.0	4	True	50.0	30.0	-775.43310546875	-55.723827905247845	-232.5840606689453	-33.76612387759108	-259.74267578125	-27.733992787199238	-571.794189453125	-47.12981666076356	-42.53822326660156	-7.486895183520431	-638.7337646484375	-52.82576582224703	-183.16893005371094	-16.790418613378613	-63.20713806152344	-13.437999480519922	0.0	0.0	0.0	0.0
12.270610570907593	1781096037.0	1781096037.7120278	5	25.0	29.0	12.0	8.0	NeuronSpectrum 10.06.2026 14:49:30	EEG	checkup_149_10.06.2026 14:49:30	500.0	504.6666666666667	True	0.5	40.0	4	True	50.0	30.0	-772.1707153320312	-51.717035916169294	-231.51263427734375	-32.31178624640168	-258.0887451171875	-25.756643676503554	-566.9857788085938	-41.84114882347408	-42.026039123535156	-6.899515181878018	-635.110595703125	-48.495070121556104	-180.06251525878906	-13.47749395662111	-62.2354850769043	-12.28132707191328	0.0	0.0	0.0	0.0
12.270612716674805	1781096037.0	1781096037.71203	5	25.0	29.0	12.0	8.0	NeuronSpectrum 10.06.2026 14:49:30	EEG	checkup_149_10.06.2026 14:49:30	500.0	504.6666666666667	True	0.5	40.0	4	True	50.0	30.0	-810.1582641601562	-39.834512576398545	-242.9677276611328	-28.843944220338635	-270.8293151855469	-21.557201929939755	-593.6522216796875	-31.39484068706352	-44.4873046875	-6.368778859235095	-666.3175659179688	-38.15537932586092	-187.04315185546875	-8.728817915275272	-63.875160217285156	-10.26035296083259	0.0	0.0	0.0	0.0
12.270614862442017	1781096037.0	1781096037.712032	5	25.0	29.0	12.0	8.0	NeuronSpectrum 10.06.2026 14:49:30	EEG	checkup_149_10.06.2026 14:49:30	500.0	504.6666666666667	True	0.5	40.0	4	True	50.0	30.0	-876.5159301757812	-21.613519742151006	-263.1123352050781	-23.800676544759018	-293.6182861328125	-15.63152291196256	-642.24462890625	-16.963579773281246	-49.12661361694336	-5.930428043558853	-721.6188354492188	-23.082544530212264	-201.16299438476562	-2.997788272338929	-67.25575256347656	-7.5642578039956705	0.0	0.0	0.0	0.0
12.27061653137207	1781096037.0	1781096037.7120337	5	25.0	29.0	12.0	8.0	NeuronSpectrum 10.06.2026 14:49:30	EEG	checkup_149_10.06.2026 14:49:30	500.0	504.6666666666667	True	0.5	40.0	4	True	50.0	30.0	-919.2185668945312	0.16023595321457762	-276.5631103515625	-17.96230683860829	-308.8883361816406	-8.871435598749713	-674.1510620117188	-0.5680111854871299	-52.8291130065918	-5.648067149759345	-757.80908203125	-5.536929704876166	-210.37298583984375	3.021083038033255	-68.72406005859375	-4.513386997470445	0.0	0.0	0.0	0.0
12.270618677139282	1781096037.0	1781096037.712036	5	25.0	29.0	12.0	8.0	NeuronSpectrum 10.06.2026 14:49:30	EEG	checkup_149_10.06.2026 14:49:30	500.0	504.6666666666667	True	0.5	40.0	4	True	50.0	30.0	-868.1077270507812	21.69740760216774	-262.5554504394531	-12.391118654163096	-292.8861389160156	-2.4930583818441576	-637.2481079101562	15.085067728381823	-51.35194778442383	-5.616252123528627	-716.6197509765625	11.425001570615116	-198.3721923828125	8.447566859452316	-63.354652404785156	-1.5257698247408649	0.0	0.0	0.0	0.0
12.270620346069336	1781096037.0	1781096037.7120376	5	25.0	29.0	12.0	8.0	NeuronSpectrum 10.06.2026 14:49:30	EEG	checkup_149_10.06.2026 14:49:30	500.0	504.6666666666667	True	0.5	40.0	4	True	50.0	30.0	-676.8475952148438	38.871781091140186	-207.28146362304688	-8.24754933608648	-229.78134155273438	2.1777885003244726	-496.9566345214844	27.06955568040912	-41.7493896484375	-5.942041661222717	-559.4762573242188	24.48551298948687	-154.2935333251953	12.3635365621884	-47.9698371887207	0.9529535692046509	0.0	0.0	0.0	0.0
12.270622253417969	1781096037.0	1781096037.7120395	5	25.0	29.0	12.0	8.0	NeuronSpectrum 10.06.2026 14:49:30	EEG	checkup_149_10.06.2026 14:49:30	500.0	504.6666666666667	True	0.5	40.0	4	True	50.0	30.0	-358.9312438964844	48.212112151978275	-114.51679992675781	-6.507799843010874	-123.82857513427734	4.033156781666752	-262.9303283691406	32.94782153938762	-24.502859115600586	-6.7065829466907845	-297.3551025390625	30.87127409547609	-81.02767181396484	14.03337852381937	-23.713476181030273	2.54535372207871	0.0	0.0	0.0	0.0
12.270623683929443	1781096037.0	1781096037.712041	5	25.0	29.0	12.0	8.0	NeuronSpectrum 10.06.2026 14:49:30	EEG	checkup_149_10.06.2026 14:49:30	500.0	504.6666666666667	True	0.5	40.0	4	True	50.0	30.0	-806.5211791992188	47.86075836047753	-247.27976989746094	-7.6858375762533555	-275.8565673828125	2.5042115340535864	-594.4291381835938	31.460803382869837	-51.650386810302734	-7.924140785043981	-668.8549194335938	29.136565112763297	-185.83978271484375	13.116110015993984	-56.05487060546875	3.0332678047335873	0.0	0.0	0.0	0.0
12.270625591278076	1781096037.0	1781096037.7120428	5	25.0	29.0	12.0	8.0	NeuronSpectrum 10.06.2026 14:49:30	EEG	checkup_149_10.06.2026 14:49:30	500.0	504.6666666666667	True	0.5	40.0	4	True	50.0	30.0	-806.333740234375	38.071743669668685	-248.34671020507812	-11.68491563375546	-277.046875	-2.268250830963078	-595.260009765625	22.887773544069226	-52.763973236083984	-9.521285708203397	-670.0423583984375	19.571267263032084	-186.73390197753906	9.771501956112516	-55.965763092041016	2.408864935391578	0.0	0.0	0.0	0.0
12.27062726020813	1781096037.0	1781096037.7120445	5	25.0	29.0	12.0	8.0	NeuronSpectrum 10.06.2026 14:49:30	EEG	checkup_149_10.06.2026 14:49:30	500.0	504.6666666666667	True	0.5	40.0	4	True	50.0	30.0	-812.3739013671875	21.041636315773044	-251.25177001953125	-17.840636732522196	-280.40130615234375	-9.485656490087969	-600.6906127929688	8.9226916668397	-53.95655059814453	-11.34761715060743	-676.3757934570312	4.061467499654696	-189.1691436767578	4.6129137053282685	-56.76924133300781	0.8677686412034078	0.0	0.0	0.0	0.0
12.270629405975342	1781096037.0	1781096037.7120466	5	25.0	29.0	12.0	8.0	NeuronSpectrum 10.06.2026 14:49:30	EEG	checkup_149_10.06.2026 14:49:30	500.0	504.6666666666667	True	0.5	40.0	4	True	50.0	30.0	-823.327880859375	0.21288471473610215	-255.59466552734375	-25.117040625265243	-285.46087646484375	-17.92175081841105	-609.8123779296875	-7.832955433364203	-55.12643814086914	-13.210581162804052	-686.705322265625	-14.484198561718632	-192.7948455810547	-1.4607235081660157	-58.27064895629883	-1.2467622587929068	0.0	0.0	0.0	0.0
12.270631313323975	1781096037.0	1781096037.7120485	5	25.0	29.0	12.0	8.0	NeuronSpectrum 10.06.2026 14:49:30	EEG	checkup_149_10.06.2026 14:49:30	500.0	504.6666666666667	True	0.5	40.0	4	True	50.0	30.0	-830.956298828125	-20.603758251521985	-258.9145812988281	-32.35683981324701	-289.3675537109375	-26.216930740093776	-616.5508422851562	-24.509453320464335	-55.81315231323242	-14.915910599107868	-694.1434936523438	-32.858222383863776	-195.59751892089844	-7.473684138396305	-59.73477554321289	-3.5226504750772003	0.0	0.0	0.0	0.0
12.270633220672607	1781096037.0	1781096037.7120504	5	25.0	29.0	12.0	8.0	NeuronSpectrum 10.06.2026 14:49:30	EEG	checkup_149_10.06.2026 14:49:30	500.0	504.6666666666667	True	0.5	40.0	4	True	50.0	30.0	-824.4931030273438	-37.9699092522988	-257.9998779296875	-38.49517726959839	-288.37017822265625	-33.13147242295297	-612.9044799804688	-38.51010251368807	-55.46651840209961	-16.297644699007456	-689.7225341796875	-48.1668368260521	-194.95448303222656	-12.549775594663423	-60.22136688232422	-5.555269348868131	0.0	0.0	0.0	0.0
12.270634889602661	1781096037.0	1781096037.712052	5	25.0	29.0	12.0	8.0	NeuronSpectrum 10.06.2026 14:49:30	EEG	checkup_149_10.06.2026 14:49:30	500.0	504.6666666666667	True	0.5	40.0	4	True	50.0	30.0	-801.1734008789062	-49.27117417848843	-252.0177459716797	-42.69414563849995	-281.4323425292969	-37.70659352418783	-596.767333984375	-47.84520190519659	-54.07051086425781	-17.231845415154343	-671.1253051757812	-58.206460770677275	-190.18032836914062	-16.021529072007205	-59.36445236206055	-7.006345184996041	0.0	0.0	0.0	0.0
12.270636796951294	1781096037.0	1781096037.712054	5	25.0	29.0	12.0	8.0	NeuronSpectrum 10.06.2026 14:49:30	EEG	checkup_149_10.06.2026 14:49:30	500.0	504.6666666666667	True	0.5	40.0	4	True	50.0	30.0	-774.7097778320312	-52.89957587594857	-245.0218048095703	-44.40456513937081	-273.14080810546875	-39.338695009032904	-578.2476806640625	-51.27446397855337	-52.614437103271484	-17.638268247926902	-649.7044067382812	-61.62003648359484	-184.58364868164062	-17.477451853898565	-58.00577926635742	-7.6424032979126295	0.0	0.0	0.0	0.0
12.270638942718506	1781096037.0	1781096037.7120562	5	25.0	29.0	12.0	8.0	NeuronSpectrum 10.06.2026 14:49:30	EEG	checkup_149_10.06.2026 14:49:30	500.0	504.6666666666667	True	0.5	40.0	4	True	50.0	30.0	-771.0751953125	-48.292544731995925	-244.6722869873047	-43.39104185926298	-272.27777099609375	-37.80659583398898	-576.5537109375	-48.34932836995441	-52.766876220703125	-17.479864743008967	-646.9752197265625	-57.935964821770135	-184.4454345703125	-16.77680118610971	-57.913414001464844	-7.357302173870156	0.0	0.0	0.0	0.0
12.270640850067139	1781096037.0	1781096037.712058	5	25.0	29.0	12.0	8.0	NeuronSpectrum 10.06.2026 14:49:30	EEG	checkup_149_10.06.2026 14:49:30	500.0	504.6666666666667	True	0.5	40.0	4	True	50.0	30.0	-808.76904296875	-35.96276664576371	-256.3498840332031	-39.757187566193714	-285.0970764160156	-33.29374715087068	-605.3370361328125	-39.450715470792815	-55.60847854614258	-16.769081622056206	-678.2548217773438	-47.59875859312774	-194.22634887695312	-14.062492145535538	-60.378387451171875	-6.184779514173242	0.0	0.0	0.0	0.0
12.270643711090088	1781096037.0	1781096037.712061	5	25.0	29.0	12.0	8.0	NeuronSpectrum 10.06.2026 14:49:30	EEG	checkup_149_10.06.2026 14:49:30	500.0	504.6666666666667	True	0.5	40.0	4	True	50.0	30.0	-874.9786376953125	-17.563640951294758	-276.0848693847656	-33.9802200492286	-307.20654296875	-26.417097286464152	-654.9786376953125	-25.850059556126986	-60.164608001708984	-15.582570371573981	-732.9136352539062	-32.026207027584704	-210.7734375	-9.78059612573305	-64.5070571899414	-4.301983198540777	0.0	0.0	0.0	0.0
12.2706458568573	1781096037.0	1781096037.712063	5	25.0	29.0	12.0	8.0	NeuronSpectrum 10.06.2026 14:49:30	EEG	checkup_149_10.06.2026 14:49:30	500.0	504.6666666666667	True	0.5	40.0	4	True	50.0	30.0	-917.7100219726562	4.105002166572558	-288.2861022949219	-26.92242892787428	-320.909423828125	-18.227568115471442	-686.7569580078125	-9.717580948176836	-62.99455642700195	-14.075486444664271	-767.8751220703125	-13.612176685154594	-221.41201782226562	-4.680968795519387	-66.65129089355469	-2.016932998346723	0.0	0.0	0.0	0.0
12.270647525787354	1781096037.0	1781096037.7120647	5	25.0	29.0	12.0	8.0	NeuronSpectrum 10.06.2026 14:49:30	EEG	checkup_149_10.06.2026 14:49:30	500.0	504.6666666666667	True	0.5	40.0	4	True	50.0	30.0	-866.7869873046875	25.340063755598656	-272.0813293457031	-19.76014913573568	-302.39495849609375	-10.116802906254904	-648.4953002929688	6.066244801950679	-59.61009216308594	-12.479602162923921	-725.0382690429688	4.482600670581563	-209.0709228515625	0.24855726779835038	-61.90387725830078	0.27158211504608387	0.0	0.0	0.0	0.0
12.270649433135986	1781096037.0	1781096037.7120667	5	25.0	29.0	12.0	8.0	NeuronSpectrum 10.06.2026 14:49:30	EEG	checkup_149_10.06.2026 14:49:30	500.0	504.6666666666667	True	0.5	40.0	4	True	50.0	30.0	-675.8128662109375	42.16339970961966	-213.8572235107422	-13.788652121805738	-236.0545654296875	-3.5848799319971145	-505.7907409667969	18.397776452742963	-47.17216491699219	-11.072674969992217	-566.0486450195312	18.86419384470978	-162.51934814453125	3.9478509873248235	-47.09016418457031	2.1472176556230353	0.0	0.0	0.0	0.0
12.27065110206604	1781096037.0	1781096037.7120683	5	25.0	29.0	12.0	8.0	NeuronSpectrum 10.06.2026 14:49:30	EEG	checkup_149_10.06.2026 14:49:30	500.0	504.6666666666667	True	0.5	40.0	4	True	50.0	30.0	-358.2033386230469	51.253130762733775	-117.94471740722656	-10.128712090464035	-126.72832489013672	0.100056318349627	-268.8028564453125	24.67193375447982	-26.736791610717773	-10.121184988599456	-302.1275939941406	26.693788683539022	-85.15751647949219	5.528754949762735	-23.325191497802734	3.2707631285524563	0.0	0.0	0.0	0.0
12.32863974571228	1781096037.0	1781096037.770057	5	25.0	29.0	12.0	8.0	NeuronSpectrum 10.06.2026 14:49:30	EEG	checkup_149_10.06.2026 14:49:30	500.0	504.6666666666667	True	0.5	40.0	4	True	50.0	30.0	-805.6422729492188	50.84272704750654	-250.6860809326172	-9.438073880911167	-279.1206970214844	0.23159797865553844	-603.0848388671875	23.483218074540165	-53.879180908203125	-9.816333860957469	-672.5464477539062	26.44966073595486	-194.98342895507812	4.513366828990584	-55.49618911743164	3.4660735338195385	0.0	0.0	0.0	0.0
12.328644514083862	1781096037.0	1781096037.7700617	5	25.0	29.0	12.0	8.0	NeuronSpectrum 10.06.2026 14:49:30	EEG	checkup_149_10.06.2026 14:49:30	500.0	504.6666666666667	True	0.5	40.0	4	True	50.0	30.0	-805.4458618164062	41.18283699089827	-249.89480590820312	-11.752839196791605	-279.1134033203125	-3.158489291286246	-603.8350830078125	14.997262211018631	-53.237117767333984	-10.229915423676989	-672.2461547851562	18.323363100436254	-195.96185302734375	0.9636089650428146	-55.578643798828125	2.763034350614448	0.0	0.0	0.0	0.0
12.328646659851074	1781096037.0	1781096037.7700639	5	25.0	29.0	12.0	8.0	NeuronSpectrum 10.06.2026 14:49:30	EEG	checkup_149_10.06.2026 14:49:30	500.0	504.6666666666667	True	0.5	40.0	4	True	50.0	30.0	-811.400146484375	24.372611418003828	-251.4449005126953	-16.520532030540327	-281.77667236328125	-9.347093029528168	-609.8215942382812	0.8420772202543514	-53.379032135009766	-11.305591972691788	-677.4889526367188	4.086401678425734	-198.84161376953125	-4.549324656120526	-56.5252571105957	1.3809906121428468	0.0	0.0	0.0	0.0
12.328648805618286	1781096037.0	1781096037.770066	5	25.0	29.0	12.0	8.0	NeuronSpectrum 10.06.2026 14:49:30	EEG	checkup_149_10.06.2026 14:49:30	500.0	504.6666666666667	True	0.5	40.0	4	True	50.0	30.0	-822.2769775390625	3.6997176651804686	-255.0165557861328	-22.78647073051363	-286.5931091308594	-17.144815999566248	-620.0239868164062	-16.38240897972694	-54.360023498535156	-12.881672712735602	-687.1836547851562	-13.459640415316485	-203.22256469726562	-11.105289857431488	-58.07830047607422	-0.33674770625841005	0.0	0.0	0.0	0.0
12.328650712966919	1781096037.0	1781096037.770068	5	25.0	29.0	12.0	8.0	NeuronSpectrum 10.06.2026 14:49:30	EEG	checkup_149_10.06.2026 14:49:30	500.0	504.6666666666667	True	0.5	40.0	4	True	50.0	30.0	-829.9485473632812	-17.178205713587346	-258.0830993652344	-29.43583065633111	-290.578369140625	-25.18618429129997	-628.118896484375	-33.73074476265855	-55.6590576171875	-14.729458927216372	-694.40283203125	-31.174161413361706	-206.9604034423828	-17.64602698998403	-59.38427734375	-2.00946758085663	0.0	0.0	0.0	0.0
12.328652620315552	1781096037.0	1781096037.7700698	5	25.0	29.0	12.0	8.0	NeuronSpectrum 10.06.2026 14:49:30	EEG	checkup_149_10.06.2026 14:49:30	500.0	504.6666666666667	True	0.5	40.0	4	True	50.0	30.0	-823.7481079101562	-34.91479593919151	-257.2522277832031	-35.40308061158304	-289.8157653808594	-32.18234736207056	-625.7660522460938	-48.452282355114555	-56.45556640625	-16.59221423584701	-690.0409545898438	-46.16260881518433	-207.23585510253906	-23.163789774444503	-59.379737854003906	-3.298948349213458	0.0	0.0	0.0	0.0
12.328654527664185	1781096037.0	1781096037.7700717	5	25.0	29.0	12.0	8.0	NeuronSpectrum 10.06.2026 14:49:30	EEG	checkup_149_10.06.2026 14:49:30	500.0	504.6666666666667	True	0.5	40.0	4	True	50.0	30.0	-800.957275390625	-46.88858054710423	-251.49253845214844	-39.808289310858456	-283.1103515625	-37.088216128216146	-610.476806640625	-58.342976699449025	-56.33852767944336	-18.217823665886495	-671.5659790039062	-56.14343655068907	-203.08177185058594	-26.83264317860385	-57.6528205871582	-3.965802537075079	0.0	0.0	0.0	0.0
12.328656435012817	1781096037.0	1781096037.7700737	5	25.0	29.0	12.0	8.0	NeuronSpectrum 10.06.2026 14:49:30	EEG	checkup_149_10.06.2026 14:49:30	500.0	504.6666666666667	True	0.5	40.0	4	True	50.0	30.0	-775.2516479492188	-51.382500722750706	-244.75538635253906	-42.02759968933695	-274.9512939453125	-39.19069863037415	-591.9866943359375	-61.925299386312226	-55.9138298034668	-19.385774627499256	-650.0890502929688	-59.619444554834445	-197.43148803710938	-28.084860398085073	-55.152740478515625	-3.897954792874952	0.0	0.0	0.0	0.0
12.328658103942871	1781096037.0	1781096037.7700753	5	25.0	29.0	12.0	8.0	NeuronSpectrum 10.06.2026 14:49:30	EEG	checkup_149_10.06.2026 14:49:30	500.0	504.6666666666667	True	0.5	40.0	4	True	50.0	30.0	-772.4777221679688	-47.65577310780517	-244.74778747558594	-41.73247043936579	-274.1187744140625	-38.1561482890043	-589.2282104492188	-58.54086539008473	-56.61152267456055	-19.932680359682305	-646.9356079101562	-55.95316323544655	-196.18399047851562	-26.65627203923525	-53.924835205078125	-3.116206754969848	0.0	0.0	0.0	0.0
12.328660011291504	1781096037.0	1781096037.7700772	5	25.0	29.0	12.0	8.0	NeuronSpectrum 10.06.2026 14:49:30	EEG	checkup_149_10.06.2026 14:49:30	500.0	504.6666666666667	True	0.5	40.0	4	True	50.0	30.0	-810.9488525390625	-36.03007240177499	-256.984130859375	-38.931168450212965	-286.95001220703125	-34.07440620278504	-615.7947387695312	-48.4381526648954	-59.490325927734375	-19.779135845216526	-677.3721923828125	-45.44388676814022	-203.62503051757812	-22.623977675365666	-55.62942886352539	-1.7652553541792602	0.0	0.0	0.0	0.0
12.328661918640137	1781096037.0	1781096037.7700791	5	25.0	29.0	12.0	8.0	NeuronSpectrum 10.06.2026 14:49:30	EEG	checkup_149_10.06.2026 14:49:30	500.0	504.6666666666667	True	0.5	40.0	4	True	50.0	30.0	-877.6694946289062	-18.014300629881436	-277.5652160644531	-34.01743627164612	-309.16162109375	-27.505087193751887	-662.3311157226562	-32.86828426655086	-63.74552917480469	-18.954752409969565	-730.9124145507812	-29.4256138075763	-216.87644958496094	-16.438677957128174	-59.680458068847656	-0.0953917433434825	0.0	0.0	0.0	0.0
12.328664064407349	1781096037.0	1781096037.7700813	5	25.0	29.0	12.0	8.0	NeuronSpectrum 10.06.2026 14:49:30	EEG	checkup_149_10.06.2026 14:49:30	500.0	504.6666666666667	True	0.5	40.0	4	True	50.0	30.0	-920.5383911132812	3.6483374716914754	-290.7701721191406	-27.790091352759013	-323.1063232421875	-19.48587044845092	-690.7001342773438	-14.101968309040883	-66.18732452392578	-17.61076132371875	-764.788818359375	-10.291505607878877	-224.057861328125	-8.923626898115543	-62.52164840698242	1.5670357516574762	0.0	0.0	0.0	0.0
12.328665971755981	1781096037.0	1781096037.7700832	5	25.0	29.0	12.0	8.0	NeuronSpectrum 10.06.2026 14:49:30	EEG	checkup_149_10.06.2026 14:49:30	500.0	504.6666666666667	True	0.5	40.0	4	True	50.0	30.0	-869.3952026367188	25.2137642482801	-275.38482666015625	-21.382415651581034	-304.90283203125	-11.435149520528476	-649.4641723632812	4.778968008349271	-62.515907287597656	-16.006201931985718	-721.2581176757812	8.719166600550524	-209.1553497314453	-1.1949271099472936	-59.05985641479492	2.8672284869906632	0.0	0.0	0.0	0.0
12.328667640686035	1781096037.0	1781096037.7700849	5	25.0	29.0	12.0	8.0	NeuronSpectrum 10.06.2026 14:49:30	EEG	checkup_149_10.06.2026 14:49:30	500.0	504.6666666666667	True	0.5	40.0	4	True	50.0	30.0	-677.9723510742188	42.58878100874846	-217.3896942138672	-16.060781888890897	-238.75648498535156	-4.905404467369575	-504.8291015625	20.41038378050783	-49.91497802734375	-14.459913565611584	-562.2138061523438	24.08113455077457	-161.73309326171875	5.524361996466552	-45.73359298706055	3.4903041271120823	0.0	0.0	0.0	0.0
12.328669548034668	1781096037.0	1781096037.7700868	5	25.0	29.0	12.0	8.0	NeuronSpectrum 10.06.2026 14:49:30	EEG	checkup_149_10.06.2026 14:49:30	500.0	504.6666666666667	True	0.5	40.0	4	True	50.0	30.0	-359.8617858886719	52.30863282963213	-120.87297821044922	-12.922107859441095	-129.28369140625	-1.2235097217175435	-267.17156982421875	29.91763066832235	-29.289073944091797	-13.276630750888469	-298.903076171875	32.80992197854545	-85.22335815429688	10.168532642404308	-23.24823760986328	3.2386248229919983	0.0	0.0	0.0	0.0
12.328670978546143	1781096037.0	1781096037.7700882	5	25.0	29.0	12.0	8.0	NeuronSpectrum 10.06.2026 14:49:30	EEG	checkup_149_10.06.2026 14:49:30	500.0	504.6666666666667	True	0.5	40.0	4	True	50.0	30.0	-806.5309448242188	52.486791607107264	-256.20428466796875	-12.598731518813816	-282.5978698730469	-1.14365700054744	-596.74072265625	31.660093069006876	-57.15757369995117	-12.672615322277114	-667.7718505859375	33.26042588978064	-188.08677673339844	12.083167470561039	-58.44513702392578	2.090693177789282	0.0	0.0	0.0	0.0
12.328672885894775	1781096037.0	1781096037.77009	5	25.0	29.0	12.0	8.0	NeuronSpectrum 10.06.2026 14:49:30	EEG	checkup_149_10.06.2026 14:49:30	500.0	504.6666666666667	True	0.5	40.0	4	True	50.0	30.0	-805.5618896484375	43.313024013986656	-255.85745239257812	-15.100204000697069	-282.8935852050781	-4.6617695122152005	-595.6084594726562	25.628339800929577	-56.717716217041016	-12.730442137315928	-667.3325805664062	25.545862416103116	-186.80474853515625	11.164874299125422	-60.2243537902832	0.2130184354711494	0.0	0.0	0.0	0.0
12.328674554824829	1781096037.0	1781096037.7700918	5	25.0	29.0	12.0	8.0	NeuronSpectrum 10.06.2026 14:49:30	EEG	checkup_149_10.06.2026 14:49:30	500.0	504.6666666666667	True	0.5	40.0	4	True	50.0	30.0	-810.8544921875	26.894018327376592	-257.4392395019531	-19.85485168562132	-285.756103515625	-11.0638592255298	-599.9617919921875	13.338612063157166	-56.815364837646484	-13.397864517249685	-672.421875	11.40739787463805	-187.6876983642578	7.836240304364878	-62.12779998779297	-2.084130435314101	0.0	0.0	0.0	0.0
12.328676700592041	1781096037.0	1781096037.770094	5	25.0	29.0	12.0	8.0	NeuronSpectrum 10.06.2026 14:49:30	EEG	checkup_149_10.06.2026 14:49:30	500.0	504.6666666666667	True	0.5	40.0	4	True	50.0	30.0	-821.228271484375	6.5740763284877275	-260.62286376953125	-25.90948757526056	-290.6778869628906	-19.16114426345793	-608.77099609375	-2.6731411088831516	-57.39645767211914	-14.52285799478167	-681.9732055664062	-6.3505904370879716	-190.42645263671875	2.888058254137887	-63.825775146484375	-4.428914847913517	0.0	0.0	0.0	0.0
12.328678369522095	1781096037.0	1781096037.7700956	5	25.0	29.0	12.0	8.0	NeuronSpectrum 10.06.2026 14:49:30	EEG	checkup_149_10.06.2026 14:49:30	500.0	504.6666666666667	True	0.5	40.0	4	True	50.0	30.0	-828.5430297851562	-13.922080058826753	-262.9400634765625	-32.183424153050595	-294.6822814941406	-27.592839940347623	-615.7761840820312	-19.50145250537663	-57.93232727050781	-15.903041419394464	-689.1595458984375	-24.575219515873915	-192.96595764160156	-2.729391549335071	-64.60802459716797	-6.475035766239945	0.0	0.0	0.0	0.0
12.328680276870728	1781096037.0	1781096037.7700975	5	25.0	29.0	12.0	8.0	NeuronSpectrum 10.06.2026 14:49:30	EEG	checkup_149_10.06.2026 14:49:30	500.0	504.6666666666667	True	0.5	40.0	4	True	50.0	30.0	-822.0773315429688	-31.21213008828241	-261.1277160644531	-37.68203301743232	-293.8898620605469	-35.086704380442455	-612.79931640625	-34.43028271218532	-57.719051361083984	-17.329025595015867	-685.0349731445312	-40.37012729649616	-192.58148193359375	-8.090136434736483	-63.736297607421875	-7.965370792795831	0.0	0.0	0.0	0.0
12.328681945800781	1781096037.0	1781096037.7700992	5	25.0	29.0	12.0	8.0	NeuronSpectrum 10.06.2026 14:49:30	EEG	checkup_149_10.06.2026 14:49:30	500.0	504.6666666666667	True	0.5	40.0	4	True	50.0	30.0	-799.0550537109375	-42.69720175088638	-254.3776397705078	-41.62541625312026	-287.2496643066406	-40.62393476903288	-597.636962890625	-45.287335494296215	-56.59105682373047	-18.611667556159567	-667.2686767578125	-51.46801745759793	-188.47015380859375	-12.413995050145035	-61.23260498046875	-8.759806338503305	0.0	0.0	0.0	0.0
12.328683853149414	1781096037.0	1781096037.770101	5	25.0	29.0	12.0	8.0	NeuronSpectrum 10.06.2026 14:49:30	EEG	checkup_149_10.06.2026 14:49:30	500.0	504.6666666666667	True	0.5	40.0	4	True	50.0	30.0	-773.1367797851562	-46.74347891408813	-246.9528350830078	-43.499705772787294	-279.5340576171875	-43.51412841604962	-580.4000244140625	-50.607006505526776	-55.484474182128906	-19.594383304150078	-647.1728515625	-56.3889935411191	-183.84666442871094	-15.128777293968538	-58.47386932373047	-8.831593618042405	0.0	0.0	0.0	0.0
12.328685283660889	1781096037.0	1781096037.7701025	5	25.0	29.0	12.0	8.0	NeuronSpectrum 10.06.2026 14:49:30	EEG	checkup_149_10.06.2026 14:49:30	500.0	504.6666666666667	True	0.5	40.0	4	True	50.0	30.0	-770.2186889648438	-42.72961322758449	-246.86766052246094	-43.07008863454066	-279.8318176269531	-43.422610410560154	-580.3314819335938	-49.69267184442635	-56.124114990234375	-20.158762866540616	-646.1788940429688	-54.488615607349494	-184.91978454589844	-15.901289892539399	-57.775840759277344	-8.2472516718202	0.0	0.0	0.0	0.0
12.328687191009521	1781096037.0	1781096037.7701044	5	25.0	29.0	12.0	8.0	NeuronSpectrum 10.06.2026 14:49:30	EEG	checkup_149_10.06.2026 14:49:30	500.0	504.6666666666667	True	0.5	40.0	4	True	50.0	30.0	-808.70556640625	-31.091028359999907	-259.76141357421875	-40.396386087246405	-294.55364990234375	-40.39534551028005	-611.01123046875	-42.6741016425933	-59.656070709228516	-20.232431075130428	-679.4324951171875	-46.00451383203151	-196.05099487304688	-14.667160991436292	-60.765655517578125	-7.146574061852948	0.0	0.0	0.0	0.0
12.328688859939575	1781096037.0	1781096037.770106	5	25.0	29.0	12.0	8.0	NeuronSpectrum 10.06.2026 14:49:30	EEG	checkup_149_10.06.2026 14:49:30	500.0	504.6666666666667	True	0.5	40.0	4	True	50.0	30.0	-875.6736450195312	-13.401123160249744	-281.5158996582031	-35.8637641584748	-319.0106506347656	-34.89538607330837	-662.52783203125	-30.58817234435392	-65.02951049804688	-19.80213198819559	-736.0105590820312	-32.13453999812993	-213.90695190429688	-11.66782753395941	-66.46038055419922	-5.731371524603128	0.0	0.0	0.0	0.0
12.328690767288208	1781096037.0	1781096037.770108	5	25.0	29.0	12.0	8.0	NeuronSpectrum 10.06.2026 14:49:30	EEG	checkup_149_10.06.2026 14:49:30	500.0	504.6666666666667	True	0.5	40.0	4	True	50.0	30.0	-919.0084228515625	7.61061982203886	-295.84991455078125	-30.197649045538434	-334.6790466308594	-27.815910163585247	-695.6661987304688	-15.406533294397873	-68.51287078857422	-18.925463415546144	-772.4547119140625	-15.06275593903731	-225.55279541015625	-7.469172500378914	-70.6456527709961	-4.25828687317461	0.0	0.0	0.0	0.0
12.328692436218262	1781096037.0	1781096037.7701097	5	25.0	29.0	12.0	8.0	NeuronSpectrum 10.06.2026 14:49:30	EEG	checkup_149_10.06.2026 14:49:30	500.0	504.6666666666667	True	0.5	40.0	4	True	50.0	30.0	-868.4328002929688	28.295721042771603	-280.88458251953125	-24.403054194558475	-316.69940185546875	-20.402406853713718	-657.7481079101562	0.13494481411882853	-65.21111297607422	-17.72807727064679	-730.3189086914062	2.2273790581055226	-213.6630401611328	-2.913857948311197	-67.57390594482422	-3.0207780388738206	0.0	0.0	0.0	0.0
12.328694343566895	1781096037.0	1781096037.7701116	5	25.0	29.0	12.0	8.0	NeuronSpectrum 10.06.2026 14:49:30	EEG	checkup_149_10.06.2026 14:49:30	500.0	504.6666666666667	True	0.5	40.0	4	True	50.0	30.0	-677.509033203125	44.715469314183245	-222.2011260986328	-19.58518235909018	-248.77069091796875	-14.035788853121138	-514.1377563476562	13.008262571150627	-51.999576568603516	-16.376316409947812	-571.1069946289062	16.467374196233948	-166.8894805908203	1.0270601267950588	-53.34769821166992	-2.3070636733207532	0.0	0.0	0.0	0.0
12.328696012496948	1781096037.0	1781096037.7701132	5	25.0	29.0	12.0	8.0	NeuronSpectrum 10.06.2026 14:49:30	EEG	checkup_149_10.06.2026 14:49:30	500.0	504.6666666666667	True	0.5	40.0	4	True	50.0	30.0	-359.70013427734375	53.57702815421648	-124.02277374267578	-16.67579492918392	-135.8814697265625	-9.905532405795222	-275.2100524902344	20.604429851040013	-29.988174438476562	-15.029452389646686	-306.2047119140625	24.877076122665787	-88.7387466430664	3.4836274316523643	-28.843669891357422	-2.3367192333365674	0.0	0.0	0.0	0.0
12.328697681427002	1781096037.0	1781096037.770115	5	25.0	29.0	12.0	8.0	NeuronSpectrum 10.06.2026 14:49:30	EEG	checkup_149_10.06.2026 14:49:30	500.0	504.6666666666667	True	0.5	40.0	4	True	50.0	30.0	-807.77978515625	53.137602634202054	-262.56561279296875	-16.167998697359835	-292.88519287109375	-8.691357134996654	-609.55810546875	21.429427217356675	-59.57093811035156	-13.792163806160724	-677.1757202148438	25.916634203231002	-198.35992431640625	3.9153948017474596	-64.53329467773438	-3.1987853742344305	0.0	0.0	0.0	0.0
12.328699350357056	1781096037.0	1781096037.7701166	5	25.0	29.0	12.0	8.0	NeuronSpectrum 10.06.2026 14:49:30	EEG	checkup_149_10.06.2026 14:49:30	500.0	504.6666666666667	True	0.5	40.0	4	True	50.0	30.0	-807.5429077148438	43.667855293222914	-261.4002380371094	-17.983117963404432	-291.1580810546875	-10.396286274492335	-607.8115844726562	15.477512424293003	-57.86612319946289	-12.692033851619437	-675.128662109375	19.678533520771555	-197.46392822265625	2.2389836277234663	-65.06922149658203	-4.821187252986982	0.0	0.0	0.0	0.0
12.328701257705688	1781096037.0	1781096037.7701185	5	25.0	29.0	12.0	8.0	NeuronSpectrum 10.06.2026 14:49:30	EEG	checkup_149_10.06.2026 14:49:30	500.0	504.6666666666667	True	0.5	40.0	4	True	50.0	30.0	-813.2272338867188	27.27949641006218	-261.43365478515625	-21.527318084208908	-291.2412109375	-14.39892742871519	-610.6771240234375	4.132939314074146	-55.99335861206055	-11.692440196374799	-677.82666015625	7.757913714017434	-197.99928283691406	-1.1935807257739777	-66.13101196289062	-6.986501273231531	0.0	0.0	0.0	0.0
12.328702926635742	1781096037.0	1781096037.7701201	5	25.0	29.0	12.0	8.0	NeuronSpectrum 10.06.2026 14:49:30	EEG	checkup_149_10.06.2026 14:49:30	500.0	504.6666666666667	True	0.5	40.0	4	True	50.0	30.0	-823.5529174804688	7.257241909066245	-262.44940185546875	-25.892988199803607	-292.8536071777344	-19.67566147916179	-617.4833984375	-10.299373751152576	-54.063026428222656	-10.729581610977704	-684.4530029296875	-7.283411646298103	-199.87200927734375	-5.733547667897139	-67.66097259521484	-9.384475366543137	0.0	0.0	0.0	0.0
12.328704833984375	1781096037.0	1781096037.770122	5	25.0	29.0	12.0	8.0	NeuronSpectrum 10.06.2026 14:49:30	EEG	checkup_149_10.06.2026 14:49:30	500.0	504.6666666666667	True	0.5	40.0	4	True	50.0	30.0	-830.3963623046875	-12.768718269390867	-262.2507629394531	-30.101183799687895	-293.3857421875	-25.075883365097038	-622.3432006835938	-25.188103858440005	-51.849796295166016	-9.751137066723558	-688.511962890625	-22.582613276888956	-201.28396606445312	-10.61261628495934	-69.00318145751953	-11.677116544111106	0.0	0.0	0.0	0.0
12.329015970230103	1781096037.0	1781096037.7704332	5	25.0	29.0	12.0	8.0	NeuronSpectrum 10.06.2026 14:49:30	EEG	checkup_149_10.06.2026 14:49:30	500.0	504.6666666666667	True	0.5	40.0	4	True	50.0	30.0	-823.1595458984375	-29.50950871939339	-257.9158020019531	-33.29467768880638	-289.3663330078125	-29.547513266058946	-617.375732421875	-38.07551668195064	-49.002994537353516	-8.738824749018484	-681.4011840820312	-35.52565909551474	-199.76849365234375	-15.090098162837203	-69.24027252197266	-13.55472954583154	0.0	0.0	0.0	0.0
12.329025030136108	1781096037.0	1781096037.7704422	5	25.0	29.0	12.0	8.0	NeuronSpectrum 10.06.2026 14:49:30	EEG	checkup_149_10.06.2026 14:49:30	500.0	504.6666666666667	True	0.5	40.0	4	True	50.0	30.0	-799.22802734375	-40.429636017570886	-248.87962341308594	-34.84411616848743	-280.0201721191406	-32.26918055045367	-600.5287475585938	-46.98697115955752	-45.62346267700195	-7.710161329411348	-661.0523071289062	-44.07424907332953	-194.7338409423828	-18.542289563305893	-68.03898620605469	-14.773273114413174	0.0	0.0	0.0	0.0
12.329027891159058	1781096037.0	1781096037.770445	5	25.0	29.0	12.0	8.0	NeuronSpectrum 10.06.2026 14:49:30	EEG	checkup_149_10.06.2026 14:49:30	500.0	504.6666666666667	True	0.5	40.0	4	True	50.0	30.0	-772.3775024414062	-43.916373493772674	-239.42098999023438	-34.3814410632285	-270.1308288574219	-32.70335046806001	-581.9022216796875	-50.57503153387821	-42.73478317260742	-6.706513047452673	-638.8936157226562	-46.8999406396945	-189.5148468017578	-20.505406186338195	-66.3533935546875	-15.174990131333074	0.0	0.0	0.0	0.0
12.32903003692627	1781096037.0	1781096037.7704473	5	25.0	29.0	12.0	8.0	NeuronSpectrum 10.06.2026 14:49:30	EEG	checkup_149_10.06.2026 14:49:30	500.0	504.6666666666667	True	0.5	40.0	4	True	50.0	30.0	-768.5353393554688	-39.33423419454947	-237.38192749023438	-31.80341882604591	-268.5769348144531	-30.61670550255497	-580.6268310546875	-48.191133393880335	-42.01256561279297	-5.780203888213973	-636.3463134765625	-43.43316895381	-190.33041381835938	-20.70402810670886	-66.13335418701172	-14.70049104018409	0.0	0.0	0.0	0.0
12.329032182693481	1781096037.0	1781096037.7704494	5	25.0	29.0	12.0	8.0	NeuronSpectrum 10.06.2026 14:49:30	EEG	checkup_149_10.06.2026 14:49:30	500.0	504.6666666666667	True	0.5	40.0	4	True	50.0	30.0	-806.1030883789062	-27.090501015991816	-248.27261352539062	-27.28588061984447	-281.58209228515625	-26.111383399065144	-610.1832885742188	-39.972738417752744	-44.58962631225586	-4.9915515375132316	-668.5213012695312	-33.93088095511762	-201.4640350341797	-19.09307753406966	-68.8008041381836	-13.399635763173254	0.0	0.0	0.0	0.0
12.329034328460693	1781096037.0	1781096037.7704515	5	25.0	29.0	12.0	8.0	NeuronSpectrum 10.06.2026 14:49:30	EEG	checkup_149_10.06.2026 14:49:30	500.0	504.6666666666667	True	0.5	40.0	4	True	50.0	30.0	-872.2196655273438	-8.741653148922358	-268.1604309082031	-21.317815981072854	-304.5836486816406	-19.675161356617977	-660.6766357421875	-26.959523003954587	-49.609798431396484	-4.418120196103974	-724.5513916015625	-19.58425675620118	-219.47171020507812	-15.914670934652477	-73.3841552734375	-11.441162638457401	0.0	0.0	0.0	0.0
12.329036712646484	1781096037.0	1781096037.770454	5	25.0	29.0	12.0	8.0	NeuronSpectrum 10.06.2026 14:49:30	EEG	checkup_149_10.06.2026 14:49:30	500.0	504.6666666666667	True	0.5	40.0	4	True	50.0	30.0	-914.9623413085938	12.970084972906909	-281.33697509765625	-14.719674598130878	-319.5837097167969	-12.208421412983972	-693.043212890625	-11.146551401553506	-53.74038314819336	-4.167153811656516	-761.1483764648438	-2.5695931553429032	-231.32994079589844	-11.734966918052622	-75.89039611816406	-9.110949950019545	0.0	0.0	0.0	0.0
12.329038619995117	1781096037.0	1781096037.7704558	5	25.0	29.0	12.0	8.0	NeuronSpectrum 10.06.2026 14:49:30	EEG	checkup_149_10.06.2026 14:49:30	500.0	504.6666666666667	True	0.5	40.0	4	True	50.0	30.0	-864.3192749023438	34.349256083295366	-266.6209411621094	-8.582028057518434	-302.3855285644531	-4.954701182386682	-654.8016967773438	4.681672257764951	-52.441619873046875	-4.3748633778227495	-720.0413208007812	14.128318791936314	-219.6587677001953	-7.404791920304447	-70.93534088134766	-6.783402689963351	0.0	0.0	0.0	0.0
12.32904052734375	1781096037.0	1781096037.7704577	5	25.0	29.0	12.0	8.0	NeuronSpectrum 10.06.2026 14:49:30	EEG	checkup_149_10.06.2026 14:49:30	500.0	504.6666666666667	True	0.5	40.0	4	True	50.0	30.0	-674.0272827148438	51.38623897864872	-209.9383087158203	-4.0791189838861825	-236.99270629882812	0.7162063331865964	-511.4139099121094	17.441921040013113	-42.5423583984375	-5.17959514163521	-562.7361450195312	27.238615593145465	-173.04367065429688	-3.905521396936763	-55.01478958129883	-4.856999833431042	0.0	0.0	0.0	0.0
12.329042434692383	1781096037.0	1781096037.7704597	5	25.0	29.0	12.0	8.0	NeuronSpectrum 10.06.2026 14:49:30	EEG	checkup_149_10.06.2026 14:49:30	500.0	504.6666666666667	True	0.5	40.0	4	True	50.0	30.0	-357.46820068359375	60.71380397372375	-115.1416244506836	-2.1813466309927567	-127.95857238769531	3.6434144723390753	-273.15618896484375	24.498370124812073	-24.50630760192871	-6.6709946757857335	-300.3370361328125	34.00036581487667	-94.84435272216797	-2.101467467947959	-29.30581283569336	-3.66417557196959	0.0	0.0	0.0	0.0
12.380476713180542	1781096037.0	1781096037.821894	5	25.0	29.0	12.0	8.0	NeuronSpectrum 10.06.2026 14:49:30	EEG	checkup_149_10.06.2026 14:49:30	500.0	504.6666666666667	True	0.5	40.0	4	True	50.0	30.0	-803.0107421875	60.533805230262146	-249.69386291503906	-3.3709777197003894	-281.2749328613281	3.207349408862411	-607.3942260742188	24.396458803387596	-53.48337936401367	-8.83557296394174	-670.9777221679688	32.94250966080096	-204.7284393310547	-2.4879600735530145	-64.56767272949219	-3.3865043075399326	0.0	0.0	0.0	0.0
12.380482912063599	1781096037.0	1781096037.8219001	5	25.0	29.0	12.0	8.0	NeuronSpectrum 10.06.2026 14:49:30	EEG	checkup_149_10.06.2026 14:49:30	500.0	504.6666666666667	True	0.5	40.0	4	True	50.0	30.0	-802.3995361328125	51.096868807009976	-250.5108642578125	-7.489247404333449	-281.14105224609375	-0.48836641875684655	-606.6285400390625	17.2616507219816	-55.29990005493164	-11.526149972365419	-670.98779296875	24.29744896600222	-204.49240112304688	-5.044863578193257	-64.62374877929688	-4.011022914134462	0.0	0.0	0.0	0.0
12.38048529624939	1781096037.0	1781096037.8219025	5	25.0	29.0	12.0	8.0	NeuronSpectrum 10.06.2026 14:49:30	EEG	checkup_149_10.06.2026 14:49:30	500.0	504.6666666666667	True	0.5	40.0	4	True	50.0	30.0	-807.83251953125	34.53411772731937	-253.37405395507812	-13.780101518665122	-283.2353210449219	-6.660552117260309	-610.5938110351562	4.702069957540358	-57.50925827026367	-14.471339589824092	-675.933349609375	9.875910880344419	-205.80523681640625	-9.25340911982715	-65.3764877319336	-5.344905658330918	0.0	0.0	0.0	0.0
12.38048768043518	1781096037.0	1781096037.821905	5	25.0	29.0	12.0	8.0	NeuronSpectrum 10.06.2026 14:49:30	EEG	checkup_149_10.06.2026 14:49:30	500.0	504.6666666666667	True	0.5	40.0	4	True	50.0	30.0	-818.13916015625	14.179683440428521	-257.82464599609375	-21.094065046246275	-287.1573181152344	-14.073639359450146	-618.3933715820312	-10.689083489284528	-59.90731430053711	-17.320640845149793	-684.8292846679688	-7.4872659157384716	-208.3607177734375	-14.24959989145006	-66.59434509277344	-7.076942335161266	0.0	0.0	0.0	0.0
12.380489587783813	1781096037.0	1781096037.8219068	5	25.0	29.0	12.0	8.0	NeuronSpectrum 10.06.2026 14:49:30	EEG	checkup_149_10.06.2026 14:49:30	500.0	504.6666666666667	True	0.5	40.0	4	True	50.0	30.0	-825.2637939453125	-6.276051587353401	-261.2878723144531	-28.153611461235112	-290.10662841796875	-21.337259268475236	-623.9885864257812	-25.98049466607757	-61.820194244384766	-19.70678506584655	-691.0242309570312	-24.63817962012652	-210.1537322998047	-19.03494653147367	-67.49761199951172	-8.856695761005811	0.0	0.0	0.0	0.0
12.380491495132446	1781096037.0	1781096037.8219087	5	25.0	29.0	12.0	8.0	NeuronSpectrum 10.06.2026 14:49:30	EEG	checkup_149_10.06.2026 14:49:30	500.0	504.6666666666667	True	0.5	40.0	4	True	50.0	30.0	-818.608154296875	-23.494391112816817	-260.3843994140625	-33.78782377129598	-288.3454895019531	-27.168805894240403	-619.3865966796875	-38.466913256691825	-62.40102767944336	-21.306208577551796	-685.7479858398438	-38.70514782018328	-208.5216522216797	-22.668982357443255	-67.14246368408203	-10.363780053624824	0.0	0.0	0.0	0.0
12.380493879318237	1781096037.0	1781096037.821911	5	25.0	29.0	12.0	8.0	NeuronSpectrum 10.06.2026 14:49:30	EEG	checkup_149_10.06.2026 14:49:30	500.0	504.6666666666667	True	0.5	40.0	4	True	50.0	30.0	-795.492431640625	-34.91473820905071	-254.05633544921875	-37.09010794228675	-280.73211669921875	-30.56859815662297	-602.3029174804688	-46.03694371981154	-61.298561096191406	-21.885792637811917	-666.6480712890625	-47.475445235496046	-202.6138153076172	-24.404365549093598	-65.27739715576172	-11.352735676533628	0.0	0.0	0.0	0.0
12.38049578666687	1781096037.0	1781096037.821913	5	25.0	29.0	12.0	8.0	NeuronSpectrum 10.06.2026 14:49:30	EEG	checkup_149_10.06.2026 14:49:30	500.0	504.6666666666667	True	0.5	40.0	4	True	50.0	30.0	-769.5875854492188	-38.92570998191282	-246.1026611328125	-37.500308876019545	-271.5966796875	-30.910041747139562	-582.362548828125	-47.35296402972008	-59.20248794555664	-21.332348578437056	-644.6848754882812	-49.563665393033055	-195.3930206298828	-23.763460425360368	-63.01667022705078	-11.673140502359034	0.0	0.0	0.0	0.0
12.380497694015503	1781096037.0	1781096037.821915	5	25.0	29.0	12.0	8.0	NeuronSpectrum 10.06.2026 14:49:30	EEG	checkup_149_10.06.2026 14:49:30	500.0	504.6666666666667	True	0.5	40.0	4	True	50.0	30.0	-766.709228515625	-34.90836257997191	-243.99827575683594	-34.841428262803774	-269.4037780761719	-27.98025211166914	-578.1175537109375	-41.92540584672355	-57.63019561767578	-19.667036874731753	-640.75048828125	-44.46987112893295	-192.7093505859375	-20.578590729216373	-62.486942291259766	-11.273977242587579	0.0	0.0	0.0	0.0
12.380499362945557	1781096037.0	1781096037.8219166	5	25.0	29.0	12.0	8.0	NeuronSpectrum 10.06.2026 14:49:30	EEG	checkup_149_10.06.2026 14:49:30	500.0	504.6666666666667	True	0.5	40.0	4	True	50.0	30.0	-805.1617431640625	-23.28274437900203	-253.1612091064453	-29.343064617190848	-280.243896484375	-22.008554270871972	-602.8251953125	-30.1679987322338	-57.78435134887695	-17.048399919805835	-669.7198486328125	-32.62918305896992	-198.79168701171875	-15.020112421197425	-65.2311782836914	-10.2031198433016	0.0	0.0	0.0	0.0
12.380501508712769	1781096037.0	1781096037.8219187	5	25.0	29.0	12.0	8.0	NeuronSpectrum 10.06.2026 14:49:30	EEG	checkup_149_10.06.2026 14:49:30	500.0	504.6666666666667	True	0.5	40.0	4	True	50.0	30.0	-872.0048828125	-5.596252579307336	-269.99786376953125	-21.65899422833577	-299.9364929199219	-13.691544814278249	-647.2417602539062	-13.456527105162358	-59.14839172363281	-13.76470275106704	-721.178955078125	-15.48049374558335	-210.78265380859375	-7.6172690735597435	-70.2877426147461	-8.606736703431627	0.0	0.0	0.0	0.0
12.38050365447998	1781096037.0	1781096037.8219209	5	25.0	29.0	12.0	8.0	NeuronSpectrum 10.06.2026 14:49:30	EEG	checkup_149_10.06.2026 14:49:30	500.0	504.6666666666667	True	0.5	40.0	4	True	50.0	30.0	-915.2518920898438	15.44859203688714	-279.5894470214844	-12.848745208795783	-311.4136657714844	-4.179824737659643	-673.9593505859375	5.883886034675718	-58.9951171875	-10.21099844935436	-753.0887451171875	4.530017821783241	-216.9355926513672	0.7526733494233495	-73.54974365234375	-6.722951948866421	0.0	0.0	0.0	0.0
12.380505323410034	1781096037.0	1781096037.8219225	5	25.0	29.0	12.0	8.0	NeuronSpectrum 10.06.2026 14:49:30	EEG	checkup_149_10.06.2026 14:49:30	500.0	504.6666666666667	True	0.5	40.0	4	True	50.0	30.0	-864.847900390625	36.22151882136405	-261.78759765625	-4.270131589611475	-291.6726379394531	5.0353101288898054	-632.6033325195312	24.799427541719087	-53.56455612182617	-6.84364577777397	-708.8186645507812	24.166645456208556	-201.43714904785156	8.949470618979078	-69.43392181396484	-4.856803801546421	0.0	0.0	0.0	0.0
12.380507230758667	1781096037.0	1781096037.8219244	5	25.0	29.0	12.0	8.0	NeuronSpectrum 10.06.2026 14:49:30	EEG	checkup_149_10.06.2026 14:49:30	500.0	504.6666666666667	True	0.5	40.0	4	True	50.0	30.0	-674.5307006835938	52.785643254955886	-203.40768432617188	2.6503419824556484	-225.66546630859375	12.374709966295299	-490.1391906738281	40.0269410509462	-40.4533805847168	-4.1100368690305356	-551.1153564453125	39.950580003798294	-154.02593994140625	15.755706528946815	-54.22799301147461	-3.327354518398255	0.0	0.0	0.0	0.0
12.38050889968872	1781096037.0	1781096037.821926	5	25.0	29.0	12.0	8.0	NeuronSpectrum 10.06.2026 14:49:30	EEG	checkup_149_10.06.2026 14:49:30	500.0	504.6666666666667	True	0.5	40.0	4	True	50.0	30.0	-357.75164794921875	61.82977806502339	-108.67147827148438	6.735445532142232	-118.19065856933594	16.527133963554295	-256.8163146972656	48.838705325455585	-20.654802322387695	-2.3646329812599283	-291.20892333984375	48.96019717839942	-78.21256256103516	20.13687951640289	-28.971710205078125	-2.394315000293721	0.0	0.0	0.0	0.0
12.380510807037354	1781096037.0	1781096037.821928	5	25.0	29.0	12.0	8.0	NeuronSpectrum 10.06.2026 14:49:30	EEG	checkup_149_10.06.2026 14:49:30	500.0	504.6666666666667	True	0.5	40.0	4	True	50.0	30.0	-803.7528076171875	61.573912899832614	-239.20460510253906	7.35510420760418	-266.789794921875	16.78576044300012	-580.10400390625	49.7532503949874	-46.195098876953125	-1.7963459298258118	-653.2091674804688	49.602000249890615	-179.51710510253906	21.48970483668258	-64.43344116210938	-2.1906234744781923	0.0	0.0	0.0	0.0
12.380512714385986	1781096037.0	1781096037.82193	5	25.0	29.0	12.0	8.0	NeuronSpectrum 10.06.2026 14:49:30	EEG	checkup_149_10.06.2026 14:49:30	500.0	504.6666666666667	True	0.5	40.0	4	True	50.0	30.0	-803.1207275390625	52.23932693392067	-239.53282165527344	4.57758298717152	-267.5350341796875	13.221660037983225	-580.0671997070312	42.90428595370641	-46.465545654296875	-2.3943190679042976	-652.8092041015625	42.01296947853603	-178.98104858398438	19.777221556495572	-64.24901580810547	-2.691937732099213	0.0	0.0	0.0	0.0
12.38051462173462	1781096037.0	1781096037.8219318	5	25.0	29.0	12.0	8.0	NeuronSpectrum 10.06.2026 14:49:30	EEG	checkup_149_10.06.2026 14:49:30	500.0	504.6666666666667	True	0.5	40.0	4	True	50.0	30.0	-808.52001953125	35.88690868384121	-242.45924377441406	-0.8860989407369688	-271.3997497558594	6.625173508665213	-586.0297241210938	29.91951771860521	-47.81901931762695	-3.9640525602549204	-658.4722290039062	27.93072796405123	-181.18450927734375	15.500636642663242	-64.45328521728516	-3.7364516674533994	0.0	0.0	0.0	0.0
12.380516529083252	1781096037.0	1781096037.8219337	5	25.0	29.0	12.0	8.0	NeuronSpectrum 10.06.2026 14:49:30	EEG	checkup_149_10.06.2026 14:49:30	500.0	504.6666666666667	True	0.5	40.0	4	True	50.0	30.0	-818.791259765625	15.760998366894963	-247.3300018310547	-7.901704403679633	-277.5478210449219	-1.7374228493860981	-596.6307373046875	13.410750769427882	-49.94563674926758	-6.183595364211825	-668.9578247070312	10.143569631953442	-185.62767028808594	9.538302489617335	-64.9747085571289	-5.081815024444081	0.0	0.0	0.0	0.0
12.380518436431885	1781096037.0	1781096037.8219357	5	25.0	29.0	12.0	8.0	NeuronSpectrum 10.06.2026 14:49:30	EEG	checkup_149_10.06.2026 14:49:30	500.0	504.6666666666667	True	0.5	40.0	4	True	50.0	30.0	-825.8945922851562	-4.528428829423218	-251.36553955078125	-15.190782071431904	-282.6867980957031	-10.434529409942572	-605.224609375	-3.6744883612698893	-52.05165100097656	-8.675963236903916	-677.220947265625	-8.204495865309863	-189.9751739501953	2.9311492817844744	-65.21128845214844	-6.470933189418152	0.0	0.0	0.0	0.0
12.380520105361938	1781096037.0	1781096037.8219373	5	25.0	29.0	12.0	8.0	NeuronSpectrum 10.06.2026 14:49:30	EEG	checkup_149_10.06.2026 14:49:30	500.0	504.6666666666667	True	0.5	40.0	4	True	50.0	30.0	-819.2484741210938	-21.687474190044146	-251.03860473632812	-21.572447666783912	-282.7032775878906	-18.13826985351763	-603.2797241210938	-18.610461315129005	-53.19532012939453	-11.074915004788535	-674.0941162109375	-24.2041828767456	-191.195556640625	-3.3109092639832665	-64.37403106689453	-7.68226693952192	0.0	0.0	0.0	0.0
12.380522012710571	1781096037.0	1781096037.8219392	5	25.0	29.0	12.0	8.0	NeuronSpectrum 10.06.2026 14:49:30	EEG	checkup_149_10.06.2026 14:49:30	500.0	504.6666666666667	True	0.5	40.0	4	True	50.0	30.0	-796.1702880859375	-33.15086120883079	-245.28518676757812	-26.1195021491437	-276.3810729980469	-23.797680871339118	-588.3176879882812	-29.24906236812834	-52.9944953918457	-13.071104081743888	-657.0169067382812	-35.55052469709245	-188.20240783691406	-8.343203628516918	-62.32546615600586	-8.554641440504623	0.0	0.0	0.0	0.0
12.380523681640625	1781096037.0	1781096037.821941	5	25.0	29.0	12.0	8.0	NeuronSpectrum 10.06.2026 14:49:30	EEG	checkup_149_10.06.2026 14:49:30	500.0	504.6666666666667	True	0.5	40.0	4	True	50.0	30.0	-770.2869873046875	-37.256756538905584	-238.08657836914062	-28.23100397599818	-268.3603820800781	-26.719075017786057	-570.2927856445312	-34.18538484745113	-52.182289123535156	-14.436778297159782	-637.0604858398438	-40.71057266741375	-183.99554443359375	-11.560810676122735	-60.24966049194336	-8.990835768438792	0.0	0.0	0.0	0.0
12.380525827407837	1781096037.0	1781096037.821943	5	25.0	29.0	12.0	8.0	NeuronSpectrum 10.06.2026 14:49:30	EEG	checkup_149_10.06.2026 14:49:30	500.0	504.6666666666667	True	0.5	40.0	4	True	50.0	30.0	-767.3362426757812	-33.30997898170827	-237.22518920898438	-27.65514912696599	-267.6712951660156	-26.592624193877143	-568.4974975585938	-32.81871568206189	-52.347042083740234	-15.035132264927572	-635.47998046875	-38.98833277430366	-184.70651245117188	-12.636764730382485	-60.29011154174805	-8.952485434334658	0.0	0.0	0.0	0.0
12.380527973175049	1781096037.0	1781096037.8219452	5	25.0	29.0	12.0	8.0	NeuronSpectrum 10.06.2026 14:49:30	EEG	checkup_149_10.06.2026 14:49:30	500.0	504.6666666666667	True	0.5	40.0	4	True	50.0	30.0	-805.554443359375	-21.657449094060595	-248.36219787597656	-24.500095893783204	-280.8837890625	-23.508308331112303	-596.8941650390625	-25.399473070174302	-54.69048309326172	-14.82282644611495	-667.4716796875	-30.58788760913703	-194.849609375	-11.549953876095952	-63.93040466308594	-8.458697615391918	0.0	0.0	0.0	0.0
12.380529880523682	1781096037.0	1781096037.821947	5	25.0	29.0	12.0	8.0	NeuronSpectrum 10.06.2026 14:49:30	EEG	checkup_149_10.06.2026 14:49:30	500.0	504.6666666666667	True	0.5	40.0	4	True	50.0	30.0	-872.0091552734375	-3.803724935979437	-267.853271484375	-19.245860678461117	-303.82318115234375	-17.975948645798567	-646.3373413085938	-13.088008950214608	-58.52351760864258	-13.850496750386029	-722.5379028320312	-16.700336945149523	-211.52740478515625	-8.609618588905505	-70.05270385742188	-7.592460791918456	0.0	0.0	0.0	0.0
12.380531787872314	1781096037.0	1781096037.821949	5	25.0	29.0	12.0	8.0	NeuronSpectrum 10.06.2026 14:49:30	EEG	checkup_149_10.06.2026 14:49:30	500.0	504.6666666666667	True	0.5	40.0	4	True	50.0	30.0	-914.8319091796875	17.54559986263328	-280.323974609375	-12.731301672540601	-318.7806701660156	-10.918695300831303	-678.5983276367188	2.048058377119673	-60.749855041503906	-12.258657917838004	-757.9863891601562	0.47258837453801417	-222.44415283203125	-4.453339173517469	-74.31241607666016	-6.506591673701392	0.0	0.0	0.0	0.0
12.380533456802368	1781096037.0	1781096037.8219507	5	25.0	29.0	12.0	8.0	NeuronSpectrum 10.06.2026 14:49:30	EEG	checkup_149_10.06.2026 14:49:30	500.0	504.6666666666667	True	0.5	40.0	4	True	50.0	30.0	-864.1627197265625	38.712566146062706	-264.8901672363281	-6.064622097255786	-301.677001953125	-3.579392574863648	-641.8031005859375	17.234998051087146	-57.13632583618164	-10.260775413835118	-716.1874389648438	17.91693350981746	-210.863525390625	0.02352208653868615	-70.87751770019531	-5.412707238976077	0.0	0.0	0.0	0.0
12.380535125732422	1781096037.0	1781096037.8219523	5	25.0	29.0	12.0	8.0	NeuronSpectrum 10.06.2026 14:49:30	EEG	checkup_149_10.06.2026 14:49:30	500.0	504.6666666666667	True	0.5	40.0	4	True	50.0	30.0	-673.9068603515625	55.685233762573745	-207.68360900878906	-0.4228580896363243	-236.47789001464844	2.701699262479371	-501.4773254394531	29.485425194028927	-44.88047409057617	-8.107436674360669	-559.0799560546875	32.335597336831256	-165.63909912109375	3.8338651399506483	-55.878822326660156	-4.540785449505445	0.0	0.0	0.0	0.0
12.380536794662476	1781096037.0	1781096037.821954	5	25.0	29.0	12.0	8.0	NeuronSpectrum 10.06.2026 14:49:30	EEG	checkup_149_10.06.2026 14:49:30	500.0	504.6666666666667	True	0.5	40.0	4	True	50.0	30.0	-357.54364013671875	65.07651405168376	-112.64961242675781	3.2296939139755967	-127.6226806640625	6.805459646230229	-267.2999267578125	36.31102044134203	-24.820449829101562	-6.036809746633012	-297.7993469238281	40.93255458313276	-89.87018585205078	6.134630708042877	-30.36807632446289	-4.0747039915912495	0.0	0.0	0.0	0.0
12.43135690689087	1781096037.0	1781096037.8727741	5	25.0	29.0	12.0	8.0	NeuronSpectrum 10.06.2026 14:49:30	EEG	checkup_149_10.06.2026 14:49:30	500.0	504.6666666666667	True	0.5	40.0	4	True	50.0	30.0	-802.3212280273438	65.05571287605089	-245.9754180908203	4.401181651775519	-280.1938781738281	8.132171837127224	-598.5534057617188	36.39820642173536	-50.920413970947266	-4.229543148345777	-664.8076171875	42.167275126751036	-198.1121826171875	6.447669069391854	-66.7475814819336	-4.089961187968758	0.0	0.0	0.0	0.0
12.43136215209961	1781096037.0	1781096037.8727794	5	25.0	29.0	12.0	8.0	NeuronSpectrum 10.06.2026 14:49:30	EEG	checkup_149_10.06.2026 14:49:30	500.0	504.6666666666667	True	0.5	40.0	4	True	50.0	30.0	-801.5564575195312	55.834975197718606	-244.92523193359375	3.190411061648441	-278.727294921875	6.74271388314859	-598.32568359375	29.942549509211496	-49.16642379760742	-2.7884107486293925	-663.0857543945312	36.14006698180773	-197.88436889648438	4.767893222733331	-66.36810302734375	-4.525606311832706	0.0	0.0	0.0	0.0
12.431364297866821	1781096037.0	1781096037.8727815	5	25.0	29.0	12.0	8.0	NeuronSpectrum 10.06.2026 14:49:30	EEG	checkup_149_10.06.2026 14:49:30	500.0	504.6666666666667	True	0.5	40.0	4	True	50.0	30.0	-806.8910522460938	39.50852484952202	-244.9192352294922	0.2115077907742674	-278.4564514160156	3.282040375208494	-601.8424682617188	18.501086062758596	-47.35033416748047	-1.7492506489316848	-665.7283325195312	24.448988396310583	-198.60226440429688	1.5156788158079901	-66.17652130126953	-5.205189090630041	0.0	0.0	0.0	0.0
12.431366443634033	1781096037.0	1781096037.8727837	5	25.0	29.0	12.0	8.0	NeuronSpectrum 10.06.2026 14:49:30	EEG	checkup_149_10.06.2026 14:49:30	500.0	504.6666666666667	True	0.5	40.0	4	True	50.0	30.0	-817.1260986328125	19.381857233973378	-245.57806396484375	-3.624826963093106	-279.10125732421875	-1.2596289460776176	-608.1849365234375	4.474286800459228	-45.591304779052734	-1.1104751593659141	-671.8753051757812	9.63837935970476	-200.02943420410156	-2.6270402229012855	-66.10189056396484	-5.894404185176171	0.0	0.0	0.0	0.0
12.431368350982666	1781096037.0	1781096037.8727856	5	25.0	29.0	12.0	8.0	NeuronSpectrum 10.06.2026 14:49:30	EEG	checkup_149_10.06.2026 14:49:30	500.0	504.6666666666667	True	0.5	40.0	4	True	50.0	30.0	-824.1854858398438	-0.8707830028634369	-244.731201171875	-7.365241173053905	-278.27728271484375	-5.826507654274847	-611.5794067382812	-9.523539757587372	-43.72471618652344	-0.8594356456119171	-675.2081298828125	-5.478088107869704	-200.4032745361328	-6.910853246318621	-65.55529022216797	-6.367306919576064	0.0	0.0	0.0	0.0
12.431370496749878	1781096037.0	1781096037.8727877	5	25.0	29.0	12.0	8.0	NeuronSpectrum 10.06.2026 14:49:30	EEG	checkup_149_10.06.2026 14:49:30	500.0	504.6666666666667	True	0.5	40.0	4	True	50.0	30.0	-817.4646606445312	-17.913603600750722	-239.66859436035156	-10.208392011508545	-272.90167236328125	-9.512140160656088	-604.580078125	-21.17445249972568	-41.51788330078125	-0.9800953276925816	-667.4746704101562	-18.36764866597843	-197.47525024414062	-10.668370676386559	-63.77261734008789	-6.456136085872178	0.0	0.0	0.0	0.0
12.43137264251709	1781096037.0	1781096037.8727899	5	25.0	29.0	12.0	8.0	NeuronSpectrum 10.06.2026 14:49:30	EEG	checkup_149_10.06.2026 14:49:30	500.0	504.6666666666667	True	0.5	40.0	4	True	50.0	30.0	-794.2715454101562	-29.178524626031265	-230.1014862060547	-11.600421825544831	-262.60491943359375	-11.665628932129863	-585.693359375	-28.74442049690214	-39.21767807006836	-1.4404266826397425	-646.9586791992188	-27.09047345007612	-190.99594116210938	-13.38854416998271	-60.62650680541992	-6.073763249985444	0.0	0.0	0.0	0.0
12.431374311447144	1781096037.0	1781096037.8727915	5	25.0	29.0	12.0	8.0	NeuronSpectrum 10.06.2026 14:49:30	EEG	checkup_149_10.06.2026 14:49:30	500.0	504.6666666666667	True	0.5	40.0	4	True	50.0	30.0	-768.234619140625	-33.04174669405524	-220.47792053222656	-11.24615582092966	-252.4263916015625	-11.907053918958113	-565.44873046875	-31.17448905645703	-37.93979263305664	-2.17048722736105	-625.2380981445312	-30.404035923968667	-184.65472412109375	-14.729368274839512	-57.277400970458984	-5.212050446863335	0.0	0.0	0.0	0.0
12.431376218795776	1781096037.0	1781096037.8727934	5	25.0	29.0	12.0	8.0	NeuronSpectrum 10.06.2026 14:49:30	EEG	checkup_149_10.06.2026 14:49:30	500.0	504.6666666666667	True	0.5	40.0	4	True	50.0	30.0	-765.1060791015625	-28.87325354159133	-218.60986328125	-9.083528002392075	-251.25787353515625	-10.106004209026603	-563.1387329101562	-28.07915421070971	-39.28248977661133	-3.0480055193585915	-623.59033203125	-27.774072798235604	-184.90724182128906	-14.508218042811855	-55.846229553222656	-3.9282116671367677	0.0	0.0	0.0	0.0
12.43137788772583	1781096037.0	1781096037.872795	5	25.0	29.0	12.0	8.0	NeuronSpectrum 10.06.2026 14:49:30	EEG	checkup_149_10.06.2026 14:49:30	500.0	504.6666666666667	True	0.5	40.0	4	True	50.0	30.0	-803.15966796875	-17.088430421902633	-229.8525848388672	-5.269767911540114	-265.14007568359375	-6.377057114780821	-592.21728515625	-19.758044604455968	-44.05158233642578	-3.905554423561104	-656.81103515625	-19.40728963004031	-196.0618133544922	-12.708520392296426	-57.889286041259766	-2.33224727810499	0.0	0.0	0.0	0.0
12.431379795074463	1781096037.0	1781096037.872797	5	25.0	29.0	12.0	8.0	NeuronSpectrum 10.06.2026 14:49:30	EEG	checkup_149_10.06.2026 14:49:30	500.0	504.6666666666667	True	0.5	40.0	4	True	50.0	30.0	-869.5247192382812	0.7613070746463175	-250.1945343017578	-0.19781187659161226	-289.2923889160156	-1.110631026133085	-642.8048706054688	-7.255606623776368	-50.855159759521484	-4.562736754791748	-713.8177490234375	-6.340412740560032	-214.47824096679688	-9.515100933385849	-62.54558563232422	-0.581573684937063	0.0	0.0	0.0	0.0
12.431381464004517	1781096037.0	1781096037.8727987	5	25.0	29.0	12.0	8.0	NeuronSpectrum 10.06.2026 14:49:30	EEG	checkup_149_10.06.2026 14:49:30	500.0	504.6666666666667	True	0.5	40.0	4	True	50.0	30.0	-912.4024658203125	21.96179471051081	-264.0885925292969	5.484594516597672	-305.6271667480469	4.995413057876152	-676.0680541992188	7.6050432994582655	-55.81222152709961	-4.872609557984061	-751.4243774414062	9.500732009981423	-226.809326171875	-5.351293996498372	-65.8954849243164	1.1223287187003028	0.0	0.0	0.0	0.0
12.43138337135315	1781096037.0	1781096037.8728006	5	25.0	29.0	12.0	8.0	NeuronSpectrum 10.06.2026 14:49:30	EEG	checkup_149_10.06.2026 14:49:30	500.0	504.6666666666667	True	0.5	40.0	4	True	50.0	30.0	-861.9747314453125	42.86720496116505	-250.7206268310547	10.91283711430507	-290.0321350097656	10.974390767450446	-639.89599609375	22.360724774013764	-54.102596282958984	-4.761398483825749	-711.7450561523438	25.438823979149287	-215.38897705078125	-0.8639406899645734	-62.531166076660156	2.548698615428006	0.0	0.0	0.0	0.0
12.431385040283203	1781096037.0	1781096037.8728023	5	25.0	29.0	12.0	8.0	NeuronSpectrum 10.06.2026 14:49:30	EEG	checkup_149_10.06.2026 14:49:30	500.0	504.6666666666667	True	0.5	40.0	4	True	50.0	30.0	-672.1298217773438	59.526060679815025	-196.3399658203125	15.148077460472475	-226.66452026367188	15.755217282353122	-499.9459533691406	34.32821505084866	-42.74882888793945	-4.241803297528117	-556.6473388671875	38.503133957581504	-168.71800231933594	3.186547114191083	-48.75583267211914	3.474614532468854	0.0	0.0	0.0	0.0
12.431386947631836	1781096037.0	1781096037.8728042	5	25.0	29.0	12.0	8.0	NeuronSpectrum 10.06.2026 14:49:30	EEG	checkup_149_10.06.2026 14:49:30	500.0	504.6666666666667	True	0.5	40.0	4	True	50.0	30.0	-356.2697448730469	68.61802555030155	-104.777099609375	17.409867204819204	-120.12320709228516	18.434541190477464	-266.1876525878906	41.25308088678705	-22.863296508789062	-3.3944159468504598	-297.2036437988281	46.15101943270533	-90.350341796875	6.119883035244593	-25.371315002441406	3.7402820684784994	0.0	0.0	0.0	0.0
12.483112812042236	1781096037.0	1781096037.92453	5	25.0	29.0	12.0	8.0	NeuronSpectrum 10.06.2026 14:49:30	EEG	checkup_149_10.06.2026 14:49:30	500.0	504.6666666666667	True	0.5	40.0	4	True	50.0	30.0	-800.7066040039062	68.3623998828093	-233.85374450683594	17.309055815188724	-269.93194580078125	18.550785940139257	-593.6685180664062	41.9457730580677	-48.93870162963867	-2.3305289715974404	-660.5120849609375	46.9843319394386	-197.37429809570312	7.537440269572433	-59.64341735839844	3.3001718783799663	0.0	0.0	0.0	0.0
12.483118534088135	1781096037.0	1781096037.9245358	5	25.0	29.0	12.0	8.0	NeuronSpectrum 10.06.2026 14:49:30	EEG	checkup_149_10.06.2026 14:49:30	500.0	504.6666666666667	True	0.5	40.0	4	True	50.0	30.0	-800.1546630859375	58.989232964472954	-232.65774536132812	14.96792786079403	-268.310791015625	16.227163149053936	-591.0798950195312	36.60912817769	-46.3934211730957	-1.158502941773369	-657.1819458007812	41.130335022755126	-194.38197326660156	7.434621974825371	-59.982269287109375	2.2427625756223333	0.0	0.0	0.0	0.0
12.483121395111084	1781096037.0	1781096037.9245386	5	25.0	29.0	12.0	8.0	NeuronSpectrum 10.06.2026 14:49:30	EEG	checkup_149_10.06.2026 14:49:30	500.0	504.6666666666667	True	0.5	40.0	4	True	50.0	30.0	-805.7015991210938	42.576266915303535	-232.8641357421875	10.97206105796251	-268.2038879394531	12.118162963561378	-592.2944946289062	26.714576267914364	-43.78974533081055	0.03218081059404683	-658.2174682617188	30.12540190828738	-192.37728881835938	6.174689509741519	-60.5451774597168	0.7672616434781615	0.0	0.0	0.0	0.0
12.483123540878296	1781096037.0	1781096037.9245408	5	25.0	29.0	12.0	8.0	NeuronSpectrum 10.06.2026 14:49:30	EEG	checkup_149_10.06.2026 14:49:30	500.0	504.6666666666667	True	0.5	40.0	4	True	50.0	30.0	-816.1534423828125	22.388865465064693	-234.43214416503906	6.191365219360327	-269.5208435058594	7.202823075566495	-596.7720947265625	14.527125160140503	-41.55140686035156	1.1711446805240446	-663.1939086914062	16.408446505744518	-191.45877075195312	4.3527307740029375	-61.25628662109375	-0.8701941989436172	0.0	0.0	0.0	0.0
12.483125686645508	1781096037.0	1781096037.924543	5	25.0	29.0	12.0	8.0	NeuronSpectrum 10.06.2026 14:49:30	EEG	checkup_149_10.06.2026 14:49:30	500.0	504.6666666666667	True	0.5	40.0	4	True	50.0	30.0	-823.4337158203125	2.0562519091351694	-235.27639770507812	1.561811726677759	-269.8528747558594	2.5315474669224542	-598.95654296875	2.520824743531038	-39.62948226928711	2.202719884452332	-666.0167236328125	2.6882511961451314	-190.0646514892578	2.624311993693725	-61.576087951660156	-2.4151218895921285	0.0	0.0	0.0	0.0
12.483128070831299	1781096037.0	1781096037.9245453	5	25.0	29.0	12.0	8.0	NeuronSpectrum 10.06.2026 14:49:30	EEG	checkup_149_10.06.2026 14:49:30	500.0	504.6666666666667	True	0.5	40.0	4	True	50.0	30.0	-816.9254150390625	-15.116688151854602	-232.44741821289062	-2.091626971730695	-265.83929443359375	-0.9791431990236087	-591.3566284179688	-7.100553794556825	-37.65599822998047	3.085347617031306	-658.3273315429688	-8.580164234922446	-185.90972900390625	1.564959292378047	-60.80765914916992	-3.6566384515701325	0.0	0.0	0.0	0.0
12.483129739761353	1781096037.0	1781096037.924547	5	25.0	29.0	12.0	8.0	NeuronSpectrum 10.06.2026 14:49:30	EEG	checkup_149_10.06.2026 14:49:30	500.0	504.6666666666667	True	0.5	40.0	4	True	50.0	30.0	-793.9118041992188	-26.56685757865974	-225.12884521484375	-4.1570226665137096	-256.5966491699219	-2.6637713572724637	-572.1071166992188	-12.683904632184714	-35.50909423828125	3.795094199338539	-637.9310913085938	-15.50763872756581	-178.38076782226562	1.5885313798971847	-58.8540153503418	-4.44522870960517	0.0	0.0	0.0	0.0
12.483131885528564	1781096037.0	1781096037.924549	5	25.0	29.0	12.0	8.0	NeuronSpectrum 10.06.2026 14:49:30	EEG	checkup_149_10.06.2026 14:49:30	500.0	504.6666666666667	True	0.5	40.0	4	True	50.0	30.0	-767.99365234375	-30.64918922336159	-217.12257385253906	-4.274096127697451	-246.54937744140625	-2.1497766835499235	-551.1260375976562	-13.234244808871479	-33.84347152709961	4.327454392703498	-615.684814453125	-16.899819598790394	-170.53631591796875	2.915697984614545	-56.8194465637207	-4.692072383115603	0.0	0.0	0.0	0.0
12.483134031295776	1781096037.0	1781096037.9245512	5	25.0	29.0	12.0	8.0	NeuronSpectrum 10.06.2026 14:49:30	EEG	checkup_149_10.06.2026 14:49:30	500.0	504.6666666666667	True	0.5	40.0	4	True	50.0	30.0	-764.908935546875	-26.69692547741578	-215.7498779296875	-2.345828254491725	-244.158935546875	0.6337035318927219	-547.1585083007812	-8.443193838411133	-33.959747314453125	4.690408587140949	-612.24755859375	-12.304952839001752	-168.25689697265625	5.563784172911605	-56.66625213623047	-4.362872138431472	0.0	0.0	0.0	0.0
12.48313570022583	1781096037.0	1781096037.924553	5	25.0	29.0	12.0	8.0	NeuronSpectrum 10.06.2026 14:49:30	EEG	checkup_149_10.06.2026 14:49:30	500.0	504.6666666666667	True	0.5	40.0	4	True	50.0	30.0	-802.947021484375	-15.090381679032028	-226.29934692382812	1.4429555485938246	-255.564453125	5.4401256314297	-573.6058959960938	1.2704285661781531	-36.7911376953125	4.8856043447486615	-642.3466796875	-2.078122032614638	-175.8374481201172	9.331394113197694	-59.727081298828125	-3.47818424966175	0.0	0.0	0.0	0.0
12.483137845993042	1781096037.0	1781096037.924555	5	25.0	29.0	12.0	8.0	NeuronSpectrum 10.06.2026 14:49:30	EEG	checkup_149_10.06.2026 14:49:30	500.0	504.6666666666667	True	0.5	40.0	4	True	50.0	30.0	-869.2884521484375	2.636027217375078	-245.2234344482422	6.59438096208069	-276.7935791015625	11.674963452690191	-621.315673828125	14.687543976646058	-41.587493896484375	4.882259665784575	-695.6605224609375	12.519366507317596	-190.5537872314453	13.773979989387502	-64.9366226196289	-2.123604342169642	0.0	0.0	0.0	0.0
12.483139514923096	1781096037.0	1781096037.9245567	5	25.0	29.0	12.0	8.0	NeuronSpectrum 10.06.2026 14:49:30	EEG	checkup_149_10.06.2026 14:49:30	500.0	504.6666666666667	True	0.5	40.0	4	True	50.0	30.0	-912.2081909179688	23.75806774321665	-257.80517578125	12.287868088782465	-291.0784606933594	18.38796746386989	-652.81201171875	29.765237776891812	-45.40975570678711	4.596600649963803	-730.4362182617188	29.27979988079435	-200.7557373046875	18.198250430732845	-68.28425598144531	-0.4609074602811688	0.0	0.0	0.0	0.0
12.483141422271729	1781096037.0	1781096037.9245586	5	25.0	29.0	12.0	8.0	NeuronSpectrum 10.06.2026 14:49:30	EEG	checkup_149_10.06.2026 14:49:30	500.0	504.6666666666667	True	0.5	40.0	4	True	50.0	30.0	-861.9520263671875	44.594769527167266	-244.03282165527344	17.450161154038025	-275.5462646484375	24.35389203113073	-617.3396606445312	43.8083718534589	-44.20942687988281	3.8930094382837073	-690.2661743164062	45.23197902972058	-190.47967529296875	21.722161127262176	-64.43763732910156	1.276925573278742	0.0	0.0	0.0	0.0
12.483143091201782	1781096037.0	1781096037.9245603	5	25.0	29.0	12.0	8.0	NeuronSpectrum 10.06.2026 14:49:30	EEG	checkup_149_10.06.2026 14:49:30	500.0	504.6666666666667	True	0.5	40.0	4	True	50.0	30.0	-672.4244384765625	61.14665386567722	-190.51051330566406	20.94380549716705	-214.81219482421875	28.28598415535533	-481.1077880859375	53.93652572111023	-35.13285446166992	2.6166391971973413	-537.7495727539062	57.15888826400716	-148.8873748779297	23.431281713589478	-49.91946792602539	2.8202240625649733	0.0	0.0	0.0	0.0
12.483144998550415	1781096037.0	1781096037.9245622	5	25.0	29.0	12.0	8.0	NeuronSpectrum 10.06.2026 14:49:30	EEG	checkup_149_10.06.2026 14:49:30	500.0	504.6666666666667	True	0.5	40.0	4	True	50.0	30.0	-356.9717712402344	70.05021040103499	-100.78658294677734	21.846393015291927	-112.78459167480469	29.15142499339539	-253.37957763671875	57.78095453337917	-18.597965240478516	0.6510876341560506	-283.4778137207031	62.37645740318125	-78.5000228881836	22.608671110869118	-25.80467987060547	3.9233499069709192	0.0	0.0	0.0	0.0
12.483146667480469	1781096037.0	1781096037.924564	5	25.0	29.0	12.0	8.0	NeuronSpectrum 10.06.2026 14:49:30	EEG	checkup_149_10.06.2026 14:49:30	500.0	504.6666666666667	True	0.5	40.0	4	True	50.0	30.0	-801.7918090820312	69.5027635678764	-230.9380645751953	19.718016484748148	-261.0149841308594	26.472847092805406	-580.0185546875	54.157781145456624	-46.768131256103516	-2.022648226161274	-646.2975463867188	59.489523286647206	-184.0222625732422	18.954925633447758	-58.69063186645508	4.4283831895943	0.0	0.0	0.0	0.0
12.483148574829102	1781096037.0	1781096037.9245658	5	25.0	29.0	12.0	8.0	NeuronSpectrum 10.06.2026 14:49:30	EEG	checkup_149_10.06.2026 14:49:30	500.0	504.6666666666667	True	0.5	40.0	4	True	50.0	30.0	-801.6634521484375	59.742472642271004	-233.4495391845703	14.734586609681402	-264.1341857910156	20.47735730404594	-583.9039916992188	43.41239500257635	-49.7181510925293	-5.2948225947436605	-649.2356567382812	48.78421467656651	-188.21788024902344	12.698714570479337	-57.936824798583984	4.302143209757008	0.0	0.0	0.0	0.0
12.483150243759155	1781096037.0	1781096037.9245675	5	25.0	29.0	12.0	8.0	NeuronSpectrum 10.06.2026 14:49:30	EEG	checkup_149_10.06.2026 14:49:30	500.0	504.6666666666667	True	0.5	40.0	4	True	50.0	30.0	-807.5706176757812	42.883487138571354	-238.0620574951172	7.628129635369387	-269.6556396484375	12.026412879229284	-592.651611328125	27.287333307203312	-53.32194519042969	-8.938819156002284	-657.5834350585938	32.091414101198254	-194.4325408935547	4.548711039712067	-57.61136245727539	3.6316063432569154	0.0	0.0	0.0	0.0
12.483152389526367	1781096037.0	1781096037.9245696	5	25.0	29.0	12.0	8.0	NeuronSpectrum 10.06.2026 14:49:30	EEG	checkup_149_10.06.2026 14:49:30	500.0	504.6666666666667	True	0.5	40.0	4	True	50.0	30.0	-818.285400390625	22.244357576308204	-244.12237548828125	-0.5249936143181528	-276.81683349609375	2.3732528405606006	-604.9519653320312	8.414072773679575	-57.2284049987793	-12.659747895282342	-670.0345458984375	12.2322423847268	-201.9636688232422	-4.481795564979603	-57.733184814453125	2.5866545531139935	0.0	0.0	0.0	0.0
12.483154535293579	1781096037.0	1781096037.9245718	5	25.0	29.0	12.0	8.0	NeuronSpectrum 10.06.2026 14:49:30	EEG	checkup_149_10.06.2026 14:49:30	500.0	504.6666666666667	True	0.5	40.0	4	True	50.0	30.0	-825.7311401367188	1.507661942097556	-248.83702087402344	-8.566864314342041	-282.43206787109375	-7.137108773582604	-614.374267578125	-10.322591703474268	-60.50175857543945	-16.158329970926722	-679.555419921875	-7.678730032452191	-208.296630859375	-13.296943980890545	-57.809059143066406	1.3728338651081304	0.0	0.0	0.0	0.0
12.483156442642212	1781096037.0	1781096037.9245737	5	25.0	29.0	12.0	8.0	NeuronSpectrum 10.06.2026 14:49:30	EEG	checkup_149_10.06.2026 14:49:30	500.0	504.6666666666667	True	0.5	40.0	4	True	50.0	30.0	-819.3274536132812	-15.98345193921143	-248.70611572265625	-15.478450879244708	-282.5206298828125	-15.319253799893197	-612.7136840820312	-26.32029087776411	-62.05884552001953	-19.187842303558735	-677.0836791992188	-24.820901444473748	-210.3246307373047	-20.910986857638807	-57.138389587402344	0.19366917850804743	0.0	0.0	0.0	0.0
12.483158349990845	1781096037.0	1781096037.9245756	5	25.0	29.0	12.0	8.0	NeuronSpectrum 10.06.2026 14:49:30	EEG	checkup_149_10.06.2026 14:49:30	500.0	504.6666666666667	True	0.5	40.0	4	True	50.0	30.0	-796.4202270507812	-27.65093800842596	-242.87294006347656	-20.5122659960468	-276.1106262207031	-21.29863537609212	-597.8966064453125	-37.587374665228324	-61.62699890136719	-21.590711194417825	-660.3230590820312	-37.02718921215941	-207.15530395507812	-26.57270718175073	-55.56638717651367	-0.7702386678332688	0.0	0.0	0.0	0.0
12.483160257339478	1781096037.0	1781096037.9245775	5	25.0	29.0	12.0	8.0	NeuronSpectrum 10.06.2026 14:49:30	EEG	checkup_149_10.06.2026 14:49:30	500.0	504.6666666666667	True	0.5	40.0	4	True	50.0	30.0	-770.6737670898438	-31.856564921466433	-235.80636596679688	-23.242451301480607	-268.2802429199219	-24.56909591130716	-580.307861328125	-42.880016280116614	-60.5051155090332	-23.312599395176754	-640.8067016601562	-42.93448808536024	-202.3533172607422	-29.822809598450686	-54.085418701171875	-1.3698478241963008	0.0	0.0	0.0	0.0
12.48316216468811	1781096037.0	1781096037.9245794	5	25.0	29.0	12.0	8.0	NeuronSpectrum 10.06.2026 14:49:30	EEG	checkup_149_10.06.2026 14:49:30	500.0	504.6666666666667	True	0.5	40.0	4	True	50.0	30.0	-767.8518676757812	-27.952179646703637	-235.95053100585938	-23.56953744326773	-268.6104431152344	-24.999435441164454	-579.5689697265625	-41.739769755358644	-61.19087600708008	-24.40053433160436	-640.344970703125	-42.02690707613965	-202.8324737548828	-30.511557847951714	-54.51080322265625	-1.4945861323414824	0.0	0.0	0.0	0.0
12.483163833618164	1781096037.0	1781096037.924581	5	25.0	29.0	12.0	8.0	NeuronSpectrum 10.06.2026 14:49:30	EEG	checkup_149_10.06.2026 14:49:30	500.0	504.6666666666667	True	0.5	40.0	4	True	50.0	30.0	-806.1966552734375	-16.33458612470547	-249.44107055664062	-21.720387086878194	-284.0300598144531	-22.835364307811638	-609.6740112304688	-34.52729236678989	-65.61309814453125	-24.994351097218722	-674.5001220703125	-34.67744163006325	-213.6592559814453	-28.807315380629	-58.03777313232422	-1.0865821217993865	0.0	0.0	0.0	0.0
12.483165979385376	1781096037.0	1781096037.9245832	5	25.0	29.0	12.0	8.0	NeuronSpectrum 10.06.2026 14:49:30	EEG	checkup_149_10.06.2026 14:49:30	500.0	504.6666666666667	True	0.5	40.0	4	True	50.0	30.0	-872.7611083984375	1.4591508355224063	-272.48712158203125	-18.257233089339366	-310.15618896484375	-18.712535185878032	-661.064208984375	-22.480311663101517	-72.95777130126953	-25.315996300115824	-732.6226196289062	-22.218039297940223	-231.7557373046875	-25.20605058790772	-63.528839111328125	-0.16277029933581982	0.0	0.0	0.0	0.0
12.48316764831543	1781096037.0	1781096037.9245849	5	25.0	29.0	12.0	8.0	NeuronSpectrum 10.06.2026 14:49:30	EEG	checkup_149_10.06.2026 14:49:30	500.0	504.6666666666667	True	0.5	40.0	4	True	50.0	30.0	-915.65283203125	22.720559095627834	-288.7760009765625	-14.067312247729154	-328.36865234375	-13.647649778026175	-694.7144775390625	-7.720096148272919	-78.86075592041016	-25.65175845052929	-771.2315673828125	-6.952463619348672	-243.7633056640625	-20.518360433463272	-67.00044250488281	1.1660356750480283	0.0	0.0	0.0	0.0
12.483169555664062	1781096037.0	1781096037.9245868	5	25.0	29.0	12.0	8.0	NeuronSpectrum 10.06.2026 14:49:30	EEG	checkup_149_10.06.2026 14:49:30	500.0	504.6666666666667	True	0.5	40.0	4	True	50.0	30.0	-864.9912719726562	43.7982731902598	-276.0230712890625	-10.276160782214253	-313.30157470703125	-8.94197541789908	-657.90869140625	6.9371277248920284	-77.14666748046875	-26.315671218833668	-731.5394897460938	8.04874453180757	-231.46693420410156	-15.788297408241249	-63.230560302734375	2.697019200019077	0.0	0.0	0.0	0.0
12.483171701431274	1781096037.0	1781096037.924589	5	25.0	29.0	12.0	8.0	NeuronSpectrum 10.06.2026 14:49:30	EEG	checkup_149_10.06.2026 14:49:30	500.0	504.6666666666667	True	0.5	40.0	4	True	50.0	30.0	-674.6795654296875	60.72425545655201	-219.22235107421875	-8.044502066071072	-247.9508056640625	-5.950788946257535	-515.7577514648438	18.464612443898375	-63.483741760253906	-27.586594253275923	-574.5362548828125	19.483723543091013	-182.74227905273438	-12.112836640308727	-48.87071990966797	4.171317893625531	0.0	0.0	0.0	0.0
12.483173370361328	1781096037.0	1781096037.9245906	5	25.0	29.0	12.0	8.0	NeuronSpectrum 10.06.2026 14:49:30	EEG	checkup_149_10.06.2026 14:49:30	500.0	504.6666666666667	True	0.5	40.0	4	True	50.0	30.0	-358.222900390625	70.15343989952412	-122.12968444824219	-8.276730204155378	-136.73724365234375	-5.750035624906083	-278.2687072753906	24.339910598469352	-38.62958908081055	-29.628778237770458	-311.1661682128906	24.61202254499933	-101.00926208496094	-10.387016357949614	-25.065778732299805	5.339601809683618	0.0	0.0	0.0	0.0
12.534051179885864	1781096037.0	1781096037.9754684	5	25.0	29.0	12.0	8.0	NeuronSpectrum 10.06.2026 14:49:30	EEG	checkup_149_10.06.2026 14:49:30	500.0	504.6666666666667	True	0.5	40.0	4	True	50.0	30.0	-802.6128540039062	70.27664126947504	-266.168701171875	-11.34762048918125	-300.72662353515625	-8.821435368214683	-614.2171630859375	23.233183793759366	-80.47843170166016	-32.42549069055987	-687.5833740234375	22.018074562170955	-218.05868530273438	-11.064254290950398	-57.04375076293945	6.032470242285307	0.0	0.0	0.0	0.0
12.534056901931763	1781096037.0	1781096037.975474	5	25.0	29.0	12.0	8.0	NeuronSpectrum 10.06.2026 14:49:30	EEG	checkup_149_10.06.2026 14:49:30	500.0	504.6666666666667	True	0.5	40.0	4	True	50.0	30.0	-801.5886840820312	61.2961496793061	-268.8863525390625	-16.974409293618805	-303.3765869140625	-14.901031500219695	-614.751953125	15.360168244974204	-83.21051788330078	-35.759174359788965	-689.2205810546875	12.001227360148357	-218.26785278320312	-14.03779397048262	-55.95219802856445	6.204283693813398	0.0	0.0	0.0	0.0
12.534059524536133	1781096037.0	1781096037.9754767	5	25.0	29.0	12.0	8.0	NeuronSpectrum 10.06.2026 14:49:30	EEG	checkup_149_10.06.2026 14:49:30	500.0	504.6666666666667	True	0.5	40.0	4	True	50.0	30.0	-806.67431640625	45.266018501844066	-272.80029296875	-24.293102800089862	-307.5648498535156	-23.058775514183235	-619.616455078125	2.351985143431635	-85.87318420410156	-39.25152988496124	-695.4629516601562	-3.57210069508261	-219.7926025390625	-18.692736802633164	-55.251007080078125	5.933667984823026	0.0	0.0	0.0	0.0
12.534061670303345	1781096037.0	1781096037.975479	5	25.0	29.0	12.0	8.0	NeuronSpectrum 10.06.2026 14:49:30	EEG	checkup_149_10.06.2026 14:49:30	500.0	504.6666666666667	True	0.5	40.0	4	True	50.0	30.0	-816.69970703125	25.433698793471557	-277.3699035644531	-32.09170173009756	-312.72802734375	-31.95621628688859	-627.8009033203125	-13.253270676837676	-88.17703247070312	-42.44704691293684	-705.2402954101562	-21.836822842450353	-222.35411071777344	-24.090742721915714	-54.969566345214844	5.388026368074329	0.0	0.0	0.0	0.0
12.534063577651978	1781096037.0	1781096037.9754808	5	25.0	29.0	12.0	8.0	NeuronSpectrum 10.06.2026 14:49:30	EEG	checkup_149_10.06.2026 14:49:30	500.0	504.6666666666667	True	0.5	40.0	4	True	50.0	30.0	-823.6158447265625	5.416540933661882	-280.1061096191406	-39.09113448193996	-316.0254821777344	-40.15928546089396	-633.2627563476562	-28.643592773199614	-89.43029022216797	-44.906532400284696	-711.8487548828125	-39.63545126575804	-224.0049285888672	-29.19864139263933	-54.63749313354492	4.773920409068787	0.0	0.0	0.0	0.0
12.53406572341919	1781096037.0	1781096037.975483	5	25.0	29.0	12.0	8.0	NeuronSpectrum 10.06.2026 14:49:30	EEG	checkup_149_10.06.2026 14:49:30	500.0	504.6666666666667	True	0.5	40.0	4	True	50.0	30.0	-816.8343505859375	-11.486976592788247	-277.8601379394531	-44.1762540459542	-313.8251647949219	-46.3965853379979	-628.1453247070312	-41.26263214706585	-88.85635375976562	-46.28103062091937	-706.5269165039062	-54.10828532059593	-222.1523895263672	-33.08139836317367	-53.56721878051758	4.293340890379177	0.0	0.0	0.0	0.0
12.534067392349243	1781096037.0	1781096037.9754846	5	25.0	29.0	12.0	8.0	NeuronSpectrum 10.06.2026 14:49:30	EEG	checkup_149_10.06.2026 14:49:30	500.0	504.6666666666667	True	0.5	40.0	4	True	50.0	30.0	-793.64892578125	-22.715429087355684	-269.8694152832031	-46.53222570489588	-305.22540283203125	-49.71376484745996	-610.439453125	-49.131557178662234	-86.29786682128906	-46.3521118841258	-687.0155639648438	-63.05190188110906	-216.02752685546875	-35.02243759720029	-51.55484390258789	4.114973173995867	0.0	0.0	0.0	0.0
12.534069538116455	1781096037.0	1781096037.9754868	5	25.0	29.0	12.0	8.0	NeuronSpectrum 10.06.2026 14:49:30	EEG	checkup_149_10.06.2026 14:49:30	500.0	504.6666666666667	True	0.5	40.0	4	True	50.0	30.0	-767.6300048828125	-26.621077135448825	-260.1773376464844	-45.69478388084023	-294.85595703125	-49.53448788360187	-590.1192016601562	-50.983757132470174	-82.75096893310547	-45.04023547248664	-664.429443359375	-65.06924877653071	-208.67718505859375	-34.57654413850455	-49.45426940917969	4.358806751731821	0.0	0.0	0.0	0.0
12.534071922302246	1781096037.0	1781096037.9754891	5	25.0	29.0	12.0	8.0	NeuronSpectrum 10.06.2026 14:49:30	EEG	checkup_149_10.06.2026 14:49:30	500.0	504.6666666666667	True	0.5	40.0	4	True	50.0	30.0	-764.444091796875	-22.530036615592056	-256.3550109863281	-41.55423285894401	-291.4087219238281	-45.673270324663434	-586.0219116210938	-46.30606089268551	-80.03350830078125	-42.39271041108284	-659.7882690429688	-59.615745962028576	-205.9969482421875	-31.585116872933753	-48.91628646850586	5.086526538708682	0.0	0.0	0.0	0.0
12.5340735912323	1781096037.0	1781096037.9754908	5	25.0	29.0	12.0	8.0	NeuronSpectrum 10.06.2026 14:49:30	EEG	checkup_149_10.06.2026 14:49:30	500.0	504.6666666666667	True	0.5	40.0	4	True	50.0	30.0	-802.3065185546875	-10.8106616398586	-263.7515563964844	-34.35449045995455	-301.0013122558594	-38.345901958511725	-611.462646484375	-35.38112525723972	-79.4371566772461	-38.564611341695795	-687.9537963867188	-47.04643743499495	-212.16587829589844	-26.184429372209504	-51.102691650390625	6.2906240468750045	0.0	0.0	0.0	0.0
12.534075498580933	1781096037.0	1781096037.9754927	5	25.0	29.0	12.0	8.0	NeuronSpectrum 10.06.2026 14:49:30	EEG	checkup_149_10.06.2026 14:49:30	500.0	504.6666666666667	True	0.5	40.0	4	True	50.0	30.0	-868.3816528320312	7.019535065539624	-278.62469482421875	-24.701066324082905	-319.2462463378906	-28.190816002907848	-656.9362182617188	-19.356588150094765	-80.15950012207031	-33.80025005805664	-738.3074951171875	-28.691925131632786	-224.1592559814453	-18.816123966262634	-55.12718200683594	7.881667553193473	0.0	0.0	0.0	0.0
12.534077167510986	1781096037.0	1781096037.9754944	5	25.0	29.0	12.0	8.0	NeuronSpectrum 10.06.2026 14:49:30	EEG	checkup_149_10.06.2026 14:49:30	500.0	504.6666666666667	True	0.5	40.0	4	True	50.0	30.0	-911.0221557617188	28.257325785571204	-285.9701843261719	-13.550533345256012	-328.74554443359375	-16.26695832745657	-684.5160522460938	-0.26391183729017476	-78.85106658935547	-28.41310827105158	-768.4996337890625	-6.87632523905973	-230.000732421875	-10.217379975836874	-57.54641342163086	9.682291430372599	0.0	0.0	0.0	0.0
12.53407907485962	1781096037.0	1781096037.9754963	5	25.0	29.0	12.0	8.0	NeuronSpectrum 10.06.2026 14:49:30	EEG	checkup_149_10.06.2026 14:49:30	500.0	504.6666666666667	True	0.5	40.0	4	True	50.0	30.0	-860.6204833984375	49.244581908153826	-265.7242431640625	-2.127318127028755	-306.25604248046875	-3.963386542486332	-643.2726440429688	19.155593890058583	-71.08492279052734	-22.7552435104464	-721.6921997070312	15.282078543081418	-213.69949340820312	-1.3485456683603647	-53.74968719482422	11.441837546773105	0.0	0.0	0.0	0.0
12.534080982208252	1781096037.0	1781096037.9754982	5	25.0	29.0	12.0	8.0	NeuronSpectrum 10.06.2026 14:49:30	EEG	checkup_149_10.06.2026 14:49:30	500.0	504.6666666666667	True	0.5	40.0	4	True	50.0	30.0	-671.2127075195312	66.00286102786646	-204.9505157470703	8.269807571282715	-236.77052307128906	7.223988807480286	-499.8585205078125	35.91649352436643	-54.152259826660156	-17.169741569435725	-560.7430419921875	34.39741223779905	-164.96485900878906	6.769134270313519	-40.72154235839844	12.880839652925786	0.0	0.0	0.0	0.0
12.534082889556885	1781096037.0	1781096037.9755	5	25.0	29.0	12.0	8.0	NeuronSpectrum 10.06.2026 14:49:30	EEG	checkup_149_10.06.2026 14:49:30	500.0	504.6666666666667	True	0.5	40.0	4	True	50.0	30.0	-356.1713562011719	75.18369161043317	-108.16331481933594	16.54499354531888	-125.4505615234375	16.01766140146006	-264.6280822753906	47.4819616212962	-29.36338996887207	-11.93279673364376	-297.3797302246094	47.59649481716562	-87.42385864257812	13.28091846545888	-19.402433395385742	13.758861977691172	0.0	0.0	0.0	0.0
12.534084558486938	1781096037.0	1781096037.9755018	5	25.0	29.0	12.0	8.0	NeuronSpectrum 10.06.2026 14:49:30	EEG	checkup_149_10.06.2026 14:49:30	500.0	504.6666666666667	True	0.5	40.0	4	True	50.0	30.0	-799.4777221679688	74.99010195309543	-232.3673095703125	22.066703063614238	-269.42010498046875	21.669182132758763	-584.8577270507812	52.432006138765026	-54.66767120361328	-7.206717691503257	-655.6915893554688	53.27038059139426	-187.55828857421875	17.708279230607264	-48.643428802490234	13.941555828982644	0.0	0.0	0.0	0.0
12.534086465835571	1781096037.0	1781096037.9755037	5	25.0	29.0	12.0	8.0	NeuronSpectrum 10.06.2026 14:49:30	EEG	checkup_149_10.06.2026 14:49:30	500.0	504.6666666666667	True	0.5	40.0	4	True	50.0	30.0	-798.8619384765625	65.65541997146376	-226.96200561523438	24.79521761805355	-263.756591796875	24.116431448765482	-579.3707275390625	50.80602287218206	-50.01675796508789	-3.0274352442591557	-649.4719848632812	51.459582476536916	-183.42941284179688	20.045172600488147	-48.43592834472656	13.437879701036652	0.0	0.0	0.0	0.0
12.534088134765625	1781096037.0	1781096037.9755054	5	25.0	29.0	12.0	8.0	NeuronSpectrum 10.06.2026 14:49:30	EEG	checkup_149_10.06.2026 14:49:30	500.0	504.6666666666667	True	0.5	40.0	4	True	50.0	30.0	-804.2807006835938	49.27969356898754	-223.43397521972656	25.222250473909273	-260.3236999511719	23.922396062343942	-578.1796875	43.976695602953576	-45.54132080078125	0.6657499780841744	-648.1913452148438	43.71282235171249	-180.67050170898438	20.698935127768856	-48.77247619628906	12.392757836902456	0.0	0.0	0.0	0.0
12.534090042114258	1781096037.0	1781096037.9755073	5	25.0	29.0	12.0	8.0	NeuronSpectrum 10.06.2026 14:49:30	EEG	checkup_149_10.06.2026 14:49:30	500.0	504.6666666666667	True	0.5	40.0	4	True	50.0	30.0	-814.5357666015625	29.160944947783598	-221.54763793945312	24.1673324447322	-258.8521423339844	22.04480877293235	-580.5787353515625	34.159404036430324	-41.289852142333984	3.972966185186679	-651.0637817382812	32.53595934205853	-178.955810546875	20.315263415632916	-49.55833053588867	11.043285433823433	0.0	0.0	0.0	0.0
12.534091711044312	1781096037.0	1781096037.975509	5	25.0	29.0	12.0	8.0	NeuronSpectrum 10.06.2026 14:49:30	EEG	checkup_149_10.06.2026 14:49:30	500.0	504.6666666666667	True	0.5	40.0	4	True	50.0	30.0	-821.5803833007812	8.957691238603514	-219.17405700683594	22.532829944627863	-256.83819580078125	19.553191656296345	-580.9888305664062	23.806439074697348	-37.036312103271484	6.975685040262512	-651.82763671875	20.710241642275825	-176.48101806640625	19.573734165846627	-50.22231674194336	9.660537851935707	0.0	0.0	0.0	0.0
12.534093618392944	1781096038.0	1781096037.9755108	5	25.0	29.0	12.0	8.0	NeuronSpectrum 10.06.2026 14:49:30	EEG	checkup_149_10.06.2026 14:49:30	500.0	504.6666666666667	True	0.5	40.0	4	True	50.0	30.0	-814.84716796875	-8.01281179443307	-213.5115966796875	21.108203573980845	-250.96151733398438	17.398195596155265	-572.0594482421875	15.110095684378653	-32.48464584350586	9.699667070367019	-642.2044677734375	10.730913179027446	-171.00067138671875	19.03077542013391	-50.0052604675293	8.497745600982729	0.0	0.0	0.0	0.0
12.534095048904419	1781096038.0	1781096037.9755123	5	25.0	29.0	12.0	8.0	NeuronSpectrum 10.06.2026 14:49:30	EEG	checkup_149_10.06.2026 14:49:30	500.0	504.6666666666667	True	0.5	40.0	4	True	50.0	30.0	-791.652587890625	-19.200050087444186	-204.0179443359375	20.463953587325165	-240.49822998046875	16.281356270705203	-552.1390380859375	9.716395293578053	-27.78101348876953	12.10718310760836	-620.2550659179688	4.480615233069958	-162.23348999023438	19.04462485957029	-48.648624420166016	7.755466488834881	0.0	0.0	0.0	0.0
12.534096956253052	1781096038.0	1781096037.9755142	5	25.0	29.0	12.0	8.0	NeuronSpectrum 10.06.2026 14:49:30	EEG	checkup_149_10.06.2026 14:49:30	500.0	504.6666666666667	True	0.5	40.0	4	True	50.0	30.0	-765.5830688476562	-22.995569229059623	-194.76463317871094	20.92487043206268	-230.07168579101562	16.615352497654676	-531.2837524414062	8.626995683957835	-23.913715362548828	14.113368751791315	-597.11962890625	3.1134292526038077	-153.75689697265625	19.77286259784679	-46.95724105834961	7.563786272069396	0.0	0.0	0.0	0.0
12.534098625183105	1781096038.0	1781096037.9755158	5	25.0	29.0	12.0	8.0	NeuronSpectrum 10.06.2026 14:49:30	EEG	checkup_149_10.06.2026 14:49:30	500.0	504.6666666666667	True	0.5	40.0	4	True	50.0	30.0	-762.3212280273438	-18.783276084843465	-193.22047424316406	22.581658865670708	-228.2685546875	18.529619792987333	-528.2025146484375	12.192740359003842	-22.44375991821289	15.613496188995594	-593.6409301757812	7.0427245664628195	-151.94613647460938	21.205391054549356	-46.55079650878906	7.974989813908448	0.0	0.0	0.0	0.0
12.53410029411316	1781096038.0	1781096037.9755175	5	25.0	29.0	12.0	8.0	NeuronSpectrum 10.06.2026 14:49:30	EEG	checkup_149_10.06.2026 14:49:30	500.0	504.6666666666667	True	0.5	40.0	4	True	50.0	30.0	-800.1134033203125	-6.992485367758135	-204.660400390625	25.298358456152453	-241.1830291748047	21.87376532396338	-556.1168212890625	20.099531511482894	-24.41928482055664	16.50709500152132	-624.5968017578125	15.92274289629408	-161.31399536132812	23.192327763019858	-48.617279052734375	8.959386452246486	0.0	0.0	0.0	0.0
12.534101963043213	1781096038.0	1781096037.9755192	5	25.0	29.0	12.0	8.0	NeuronSpectrum 10.06.2026 14:49:30	EEG	checkup_149_10.06.2026 14:49:30	500.0	504.6666666666667	True	0.5	40.0	4	True	50.0	30.0	-866.176513671875	10.810959544842152	-225.4059600830078	28.699961879102894	-264.59820556640625	26.201539709085335	-605.6896362304688	31.31485923264785	-29.083974838256836	16.71099019827619	-679.6360473632812	28.588960862888698	-178.90098571777344	25.447819868024617	-52.39146041870117	10.402050724660251	0.0	0.0	0.0	0.0
12.534103870391846	1781096038.0	1781096037.975521	5	25.0	29.0	12.0	8.0	NeuronSpectrum 10.06.2026 14:49:30	EEG	checkup_149_10.06.2026 14:49:30	500.0	504.6666666666667	True	0.5	40.0	4	True	50.0	30.0	-908.9227905273438	31.899300838377094	-240.56399536132812	32.16625645831674	-281.3639831542969	30.765279113171637	-639.3897705078125	44.06618412472423	-33.45502471923828	16.16331029581899	-716.9562377929688	43.03651204843317	-192.38827514648438	27.546218584316712	-54.63795852661133	12.106260917007027	0.0	0.0	0.0	0.0
12.5341055393219	1781096038.0	1781096037.9755228	5	25.0	29.0	12.0	8.0	NeuronSpectrum 10.06.2026 14:49:30	EEG	checkup_149_10.06.2026 14:49:30	500.0	504.6666666666667	True	0.5	40.0	4	True	50.0	30.0	-858.779541015625	52.61690430303819	-229.93348693847656	34.88631739114835	-268.2206115722656	34.58280456862561	-606.5403442382812	55.99053056959947	-33.465389251708984	14.828385016162441	-680.0624389648438	56.591475424640755	-184.96697998046875	28.95329453382032	-50.96586227416992	13.814488315916373	0.0	0.0	0.0	0.0
12.534107446670532	1781096038.0	1781096037.9755247	5	25.0	29.0	12.0	8.0	NeuronSpectrum 10.06.2026 14:49:30	EEG	checkup_149_10.06.2026 14:49:30	500.0	504.6666666666667	True	0.5	40.0	4	True	50.0	30.0	-669.7654418945312	69.00977434143722	-179.88885498046875	36.01450888998148	-209.53175354003906	36.62270980815353	-473.4140930175781	64.5563300748119	-26.24881362915039	12.712053217747812	-531.3289794921875	66.38674557206609	-145.17181396484375	29.127865521027257	-38.47905349731445	15.25383386659365	0.0	0.0	0.0	0.0
12.534108877182007	1781096038.0	1781096037.975526	5	25.0	29.0	12.0	8.0	NeuronSpectrum 10.06.2026 14:49:30	EEG	checkup_149_10.06.2026 14:49:30	500.0	504.6666666666667	True	0.5	40.0	4	True	50.0	30.0	-355.1861572265625	77.7651494125197	-93.66492462158203	34.90786304939825	-109.16141510009766	36.08356825405406	-249.13047790527344	67.7011991063003	-12.12260627746582	9.886698277988096	-280.8982238769531	70.0785890070281	-75.43974304199219	27.68278731927496	-18.056962966918945	16.19889425897012	0.0	0.0	0.0	0.0
12.587406873703003	1781096038.0	1781096038.028824	5	25.0	29.0	12.0	8.0	NeuronSpectrum 10.06.2026 14:49:30	EEG	checkup_149_10.06.2026 14:49:30	500.0	504.6666666666667	True	0.5	40.0	4	True	50.0	30.0	-798.6312866210938	77.12130917375634	-223.04306030273438	31.353040420286245	-258.4062194824219	32.66024506108145	-572.6680908203125	64.44690172312315	-39.58576583862305	6.512135202056359	-641.8988647460938	66.53670367361843	-181.7100830078125	24.5377875185917	-46.392295837402344	16.52950695113975	0.0	0.0	0.0	0.0
12.58741283416748	1781096038.0	1781096038.02883	5	25.0	29.0	12.0	8.0	NeuronSpectrum 10.06.2026 14:49:30	EEG	checkup_149_10.06.2026 14:49:30	500.0	504.6666666666667	True	0.5	40.0	4	True	50.0	30.0	-798.527099609375	67.33823450105665	-226.055908203125	25.67084914435186	-261.3724060058594	26.667813623782703	-574.6767578125	55.20260069342212	-42.72134780883789	2.8342981693655904	-644.3089599609375	56.18514374816018	-184.12158203125	19.980353667403914	-46.22582244873047	16.2574399335653	0.0	0.0	0.0	0.0
12.587415218353271	1781096038.0	1781096038.0288324	5	25.0	29.0	12.0	8.0	NeuronSpectrum 10.06.2026 14:49:30	EEG	checkup_149_10.06.2026 14:49:30	500.0	504.6666666666667	True	0.5	40.0	4	True	50.0	30.0	-804.4327392578125	50.53226710599836	-230.1623077392578	18.645683872078365	-265.7174987792969	18.962794261858306	-580.26220703125	41.61991309375682	-45.92542266845703	-0.8457428857639921	-650.8324584960938	40.842114767861716	-186.886474609375	14.597821571231387	-46.41180419921875	15.510742110172881	0.0	0.0	0.0	0.0
12.587417125701904	1781096038.0	1781096038.0288343	5	25.0	29.0	12.0	8.0	NeuronSpectrum 10.06.2026 14:49:30	EEG	checkup_149_10.06.2026 14:49:30	500.0	504.6666666666667	True	0.5	40.0	4	True	50.0	30.0	-815.1082153320312	30.0119192789835	-234.87510681152344	11.32117614704948	-270.8979187011719	10.710153325393133	-588.55908203125	26.10259582608264	-48.96536636352539	-4.222850202534657	-660.4625244140625	23.174125403422508	-189.77682495117188	9.117474350593024	-46.84714889526367	14.486506892009656	0.0	0.0	0.0	0.0
12.587418794631958	1781096038.0	1781096038.028836	5	25.0	29.0	12.0	8.0	NeuronSpectrum 10.06.2026 14:49:30	EEG	checkup_149_10.06.2026 14:49:30	500.0	504.6666666666667	True	0.5	40.0	4	True	50.0	30.0	-822.50390625	9.448486215998715	-237.80992126464844	4.758344717937719	-274.1736145019531	3.1076898369525625	-593.8007202148438	11.21310227256552	-51.19609832763672	-7.039733187187952	-666.7081298828125	6.0356450221688505	-191.11404418945312	4.232451659069727	-47.0161018371582	13.395380637942152	0.0	0.0	0.0	0.0
12.587421178817749	1781096038.0	1781096038.0288384	5	25.0	29.0	12.0	8.0	NeuronSpectrum 10.06.2026 14:49:30	EEG	checkup_149_10.06.2026 14:49:30	500.0	504.6666666666667	True	0.5	40.0	4	True	50.0	30.0	-816.074951171875	-7.818391856160743	-235.94021606445312	-0.1578919224693084	-272.0675048828125	-2.83332292016499	-588.4445190429688	-0.8086491993310614	-51.8707275390625	-9.123292751307455	-661.1179809570312	-8.06501544856819	-188.74139404296875	0.47882066480337093	-46.276771545410156	12.41831713001354	0.0	0.0	0.0	0.0
12.587423086166382	1781096038.0	1781096038.0288403	5	25.0	29.0	12.0	8.0	NeuronSpectrum 10.06.2026 14:49:30	EEG	checkup_149_10.06.2026 14:49:30	500.0	504.6666666666667	True	0.5	40.0	4	True	50.0	30.0	-793.1402587890625	-19.203753830929152	-228.59678649902344	-2.8256480612991615	-263.8490905761719	-6.408144637720151	-570.7276000976562	-8.319605816233686	-50.85218811035156	-10.398929734682532	-641.7719116210938	-17.26838651259361	-182.4236602783203	-1.8127080050961848	-44.542354583740234	11.684440379129335	0.0	0.0	0.0	0.0
12.587424755096436	1781096038.0	1781096038.028842	5	25.0	29.0	12.0	8.0	NeuronSpectrum 10.06.2026 14:49:30	EEG	checkup_149_10.06.2026 14:49:30	500.0	504.6666666666667	True	0.5	40.0	4	True	50.0	30.0	-767.2225952148438	-23.057223817351467	-219.88226318359375	-2.956446959389824	-254.328125	-7.252141269788621	-550.7644653320312	-10.36708269479847	-49.18020248413086	-10.8863789207678	-620.1080322265625	-20.465629279374095	-175.76341247558594	-2.5074012561240018	-42.82038497924805	11.267064963925648	0.0	0.0	0.0	0.0
12.587426662445068	1781096038.0	1781096038.0288439	5	25.0	29.0	12.0	8.0	NeuronSpectrum 10.06.2026 14:49:30	EEG	checkup_149_10.06.2026 14:49:30	500.0	504.6666666666667	True	0.5	40.0	4	True	50.0	30.0	-763.8778076171875	-18.72423272630061	-217.46275329589844	-0.5676620895981722	-252.4208984375	-5.333696722468992	-547.5046997070312	-6.697725919799089	-48.78456497192383	-10.68665670998563	-617.4531860351562	-17.308911479753878	-175.1386260986328	-1.638713143179559	-42.90778350830078	11.187825748314635	0.0	0.0	0.0	0.0
12.587428569793701	1781096038.0	1781096038.0288458	5	25.0	29.0	12.0	8.0	NeuronSpectrum 10.06.2026 14:49:30	EEG	checkup_149_10.06.2026 14:49:30	500.0	504.6666666666667	True	0.5	40.0	4	True	50.0	30.0	-801.2387084960938	-6.612856934283119	-226.91921997070312	4.02360553993834	-264.5466613769531	-0.9523299964677285	-574.4945678710938	2.222344558532345	-51.150753021240234	-9.96976620813556	-648.9651489257812	-8.238868839432	-185.00527954101562	0.6011629818999615	-46.05713653564453	11.418621522537165	0.0	0.0	0.0	0.0
12.587430477142334	1781096038.0	1781096038.0288477	5	25.0	29.0	12.0	8.0	NeuronSpectrum 10.06.2026 14:49:30	EEG	checkup_149_10.06.2026 14:49:30	500.0	504.6666666666667	True	0.5	40.0	4	True	50.0	30.0	-866.5335693359375	11.70332179983013	-244.8955841064453	10.192674281001226	-286.6437683105469	5.2442380069093355	-622.6498413085938	15.150148516739806	-55.68675231933594	-8.966700134009281	-704.2489624023438	5.4415130054518075	-202.26116943359375	3.8418707283734514	-51.37645721435547	11.877665024438599	0.0	0.0	0.0	0.0
12.587432146072388	1781096038.0	1781096038.0288494	5	25.0	29.0	12.0	8.0	NeuronSpectrum 10.06.2026 14:49:30	EEG	checkup_149_10.06.2026 14:49:30	500.0	504.6666666666667	True	0.5	40.0	4	True	50.0	30.0	-908.3768920898438	33.45463291495132	-256.7691345214844	17.013537164223607	-301.48858642578125	12.258309934411816	-654.5173950195312	30.0482105716363	-59.123958587646484	-7.959937062204547	-740.95166015625	21.534334870782846	-214.40696716308594	7.513524872203297	-55.303707122802734	12.42601954042052	0.0	0.0	0.0	0.0
12.587433815002441	1781096038.0	1781096038.028851	5	25.0	29.0	12.0	8.0	NeuronSpectrum 10.06.2026 14:49:30	EEG	checkup_149_10.06.2026 14:49:30	500.0	504.6666666666667	True	0.5	40.0	4	True	50.0	30.0	-857.5341796875	54.91305778411596	-242.55299377441406	23.334153273658703	-285.6341552734375	18.82143203886934	-619.364501953125	44.25008204739084	-56.82960891723633	-7.26024957647267	-701.8270874023438	37.11907878909475	-204.54684448242188	10.875186744879203	-53.021095275878906	12.877923650531375	0.0	0.0	0.0	0.0
12.587435483932495	1781096038.0	1781096038.0288527	5	25.0	29.0	12.0	8.0	NeuronSpectrum 10.06.2026 14:49:30	EEG	checkup_149_10.06.2026 14:49:30	500.0	504.6666666666667	True	0.5	40.0	4	True	50.0	30.0	-668.33154296875	72.0338275791498	-188.8295440673828	27.960336917011556	-223.37606811523438	23.60202189455961	-483.4407043457031	54.91069995419852	-45.54625701904297	-7.1608236710647475	-548.8668823242188	49.04697309890003	-161.3584747314453	13.133074809723169	-41.28418731689453	13.03508941563385	0.0	0.0	0.0	0.0
12.587437391281128	1781096038.0	1781096038.0288546	5	25.0	29.0	12.0	8.0	NeuronSpectrum 10.06.2026 14:49:30	EEG	checkup_149_10.06.2026 14:49:30	500.0	504.6666666666667	True	0.5	40.0	4	True	50.0	30.0	-354.1661682128906	81.41248866231639	-99.0867691040039	29.925155547897695	-118.82111358642578	25.515025315057443	-256.0469970703125	59.681686378835785	-25.813724517822266	-7.873778629259225	-292.6595764160156	54.69272771161929	-87.67892456054688	13.635590763275513	-20.866445541381836	12.74069813021144	0.0	0.0	0.0	0.0
12.638913869857788	1781096038.0	1781096038.080331	5	25.0	29.0	12.0	8.0	NeuronSpectrum 10.06.2026 14:49:30	EEG	checkup_149_10.06.2026 14:49:30	500.0	504.6666666666667	True	0.5	40.0	4	True	50.0	30.0	-795.4302978515625	81.21321262585508	-227.0671844482422	28.74797324096895	-268.6491394042969	24.021634065179025	-580.4026489257812	57.365665914240964	-57.00244903564453	-9.470788874537762	-656.9647827148438	52.688786167938105	-194.93429565429688	12.069883798820829	-51.465293884277344	11.931745132761094	0.0	0.0	0.0	0.0
12.638919115066528	1781096038.0	1781096038.0803363	5	25.0	29.0	12.0	8.0	NeuronSpectrum 10.06.2026 14:49:30	EEG	checkup_149_10.06.2026 14:49:30	500.0	504.6666666666667	True	0.5	40.0	4	True	50.0	30.0	-794.96923828125	71.65440523763183	-228.28451538085938	24.566856613771623	-269.8187561035156	19.282938368893255	-582.0888061523438	48.2521660724319	-58.56156539916992	-11.854280931412756	-657.7346801757812	43.30793106057915	-195.62571716308594	8.56536328737445	-52.11629104614258	10.663476592535776	0.0	0.0	0.0	0.0
12.638921976089478	1781096038.0	1781096038.0803392	5	25.0	29.0	12.0	8.0	NeuronSpectrum 10.06.2026 14:49:30	EEG	checkup_149_10.06.2026 14:49:30	500.0	504.6666666666667	True	0.5	40.0	4	True	50.0	30.0	-800.8536376953125	54.85086925759513	-231.4063262939453	18.08814072591338	-272.9688415527344	12.10158498405394	-588.040283203125	33.99161690895528	-60.43740463256836	-14.77204437871615	-663.093017578125	28.331772700547646	-197.26724243164062	3.6571949266405444	-53.007930755615234	9.093637325696042	0.0	0.0	0.0	0.0
12.63892388343811	1781096038.0	1781096038.080341	5	25.0	29.0	12.0	8.0	NeuronSpectrum 10.06.2026 14:49:30	EEG	checkup_149_10.06.2026 14:49:30	500.0	504.6666666666667	True	0.5	40.0	4	True	50.0	30.0	-811.8273315429688	34.14747484613976	-236.0160675048828	10.391962117087633	-277.686279296875	3.6966634804922034	-597.3356323242188	17.106790790759433	-62.509483337402344	-17.866487806715426	-672.1651611328125	10.514520102142898	-199.7705078125	-1.8602597742917055	-54.052635192871094	7.436428511241162	0.0	0.0	0.0	0.0
12.638925790786743	1781096038.0	1781096038.080343	5	25.0	29.0	12.0	8.0	NeuronSpectrum 10.06.2026 14:49:30	EEG	checkup_149_10.06.2026 14:49:30	500.0	504.6666666666667	True	0.5	40.0	4	True	50.0	30.0	-819.756591796875	13.278469006892351	-239.7630157470703	2.6885147527629227	-281.3158874511719	-4.577474839602904	-604.143798828125	0.3841628266669901	-64.26213073730469	-20.73716167721567	-678.5808715820312	-7.088303683714845	-201.47647094726562	-7.115171210560092	-54.70596694946289	5.908991917377167	0.0	0.0	0.0	0.0
12.638927936553955	1781096038.0	1781096038.0803452	5	25.0	29.0	12.0	8.0	NeuronSpectrum 10.06.2026 14:49:30	EEG	checkup_149_10.06.2026 14:49:30	500.0	504.6666666666667	True	0.5	40.0	4	True	50.0	30.0	-813.9637451171875	-4.3440519817119085	-239.574951171875	-3.889801071558019	-280.35565185546875	-11.468941104032737	-600.8240356445312	-13.636455726445224	-65.01775360107422	-22.9974573519431	-673.8961181640625	-21.68359599102757	-200.07691955566406	-11.308969262868526	-54.2688102722168	4.690551640811361	0.0	0.0	0.0	0.0
12.638930082321167	1781096038.0	1781096038.0803473	5	25.0	29.0	12.0	8.0	NeuronSpectrum 10.06.2026 14:49:30	EEG	checkup_149_10.06.2026 14:49:30	500.0	504.6666666666667	True	0.5	40.0	4	True	50.0	30.0	-791.6158447265625	-16.07080092746329	-234.56600952148438	-8.42169358509019	-273.8209228515625	-15.977468598116634	-585.3914184570312	-22.974615874476214	-64.50904083251953	-24.316729562306808	-655.8817749023438	-31.087030064831	-194.95213317871094	-13.808197605326884	-52.60930252075195	3.9027200297938633	0.0	0.0	0.0	0.0
12.6389319896698	1781096038.0	1781096038.0803492	5	25.0	29.0	12.0	8.0	NeuronSpectrum 10.06.2026 14:49:30	EEG	checkup_149_10.06.2026 14:49:30	500.0	504.6666666666667	True	0.5	40.0	4	True	50.0	30.0	-766.10302734375	-20.208158091722282	-228.3626251220703	-10.263615086807116	-265.9417419433594	-17.42437152583544	-567.5176391601562	-26.344735149454493	-63.329288482666016	-24.448908243370898	-635.2052001953125	-33.87534291289649	-189.0751953125	-14.186810646349599	-50.73904037475586	3.607687806741654	0.0	0.0	0.0	0.0
12.638933658599854	1781096038.0	1781096038.0803509	5	25.0	29.0	12.0	8.0	NeuronSpectrum 10.06.2026 14:49:30	EEG	checkup_149_10.06.2026 14:49:30	500.0	504.6666666666667	True	0.5	40.0	4	True	50.0	30.0	-762.90673828125	-16.084292701604998	-227.9107666015625	-9.08421361988339	-264.7913513183594	-15.48407180383899	-565.4961547851562	-23.204877257416815	-62.684471130371094	-23.25371353990207	-632.096435546875	-29.444923766878784	-188.07296752929688	-12.24832972677077	-50.509578704833984	3.8139771614396993	0.0	0.0	0.0	0.0
12.638935804367065	1781096038.0	1781096038.080353	5	25.0	29.0	12.0	8.0	NeuronSpectrum 10.06.2026 14:49:30	EEG	checkup_149_10.06.2026 14:49:30	500.0	504.6666666666667	True	0.5	40.0	4	True	50.0	30.0	-800.171875	-4.112403460729338	-238.0226593017578	-4.900253489961193	-275.98162841796875	-10.217428705187533	-592.1953125	-13.809241794949648	-63.327999114990234	-20.715702217396277	-660.796875	-18.07617304452424	-195.81361389160156	-8.054700138120428	-53.237266540527344	4.479266780502043	0.0	0.0	0.0	0.0
12.638937950134277	1781096038.0	1781096038.0803552	5	25.0	29.0	12.0	8.0	NeuronSpectrum 10.06.2026 14:49:30	EEG	checkup_149_10.06.2026 14:49:30	500.0	504.6666666666667	True	0.5	40.0	4	True	50.0	30.0	-865.2269287109375	14.116073589955837	-254.8649139404297	1.879586099580293	-295.12371826171875	-2.1158059331203694	-638.1670532226562	0.7134264281064827	-64.34226989746094	-16.9603420926965	-710.8385620117188	-1.0267786358803774	-209.11334228515625	-1.964983782495883	-58.047760009765625	5.506514864744045	0.0	0.0	0.0	0.0
12.638939619064331	1781096038.0	1781096038.0803568	5	25.0	29.0	12.0	8.0	NeuronSpectrum 10.06.2026 14:49:30	EEG	checkup_149_10.06.2026 14:49:30	500.0	504.6666666666667	True	0.5	40.0	4	True	50.0	30.0	-906.8385620117188	35.812317358429766	-263.9405212402344	10.43605999885487	-305.4767761230469	7.880906912699992	-666.2042846679688	18.334113387325473	-62.861209869384766	-12.258477936736329	-741.001953125	19.434935472591594	-216.09449768066406	5.345757661922054	-61.32938003540039	6.739885956101284	0.0	0.0	0.0	0.0
12.638941287994385	1781096038.0	1781096038.0803585	5	25.0	29.0	12.0	8.0	NeuronSpectrum 10.06.2026 14:49:30	EEG	checkup_149_10.06.2026 14:49:30	500.0	504.6666666666667	True	0.5	40.0	4	True	50.0	30.0	-855.9142456054688	57.23665581103679	-246.0570526123047	19.60328323461992	-284.8338623046875	18.457788976043645	-626.463134765625	36.29301228516719	-55.36411666870117	-7.006565444988103	-696.0676879882812	40.215995915088094	-201.06336975097656	12.936516687520788	-58.1881217956543	7.974096878196922	0.0	0.0	0.0	0.0
12.638942956924438	1781096038.0	1781096038.0803602	5	25.0	29.0	12.0	8.0	NeuronSpectrum 10.06.2026 14:49:30	EEG	checkup_149_10.06.2026 14:49:30	500.0	504.6666666666667	True	0.5	40.0	4	True	50.0	30.0	-666.851318359375	74.34337988214804	-188.974365234375	28.05471179938761	-218.98902893066406	28.135361600598443	-486.4040832519531	51.56320623365993	-39.99300003051758	-1.675138804735683	-539.9949951171875	57.91459197856038	-154.03919982910156	19.752518672748874	-45.35845947265625	8.98775135742501	0.0	0.0	0.0	0.0
12.638944864273071	1781096038.0	1781096038.080362	5	25.0	29.0	12.0	8.0	NeuronSpectrum 10.06.2026 14:49:30	EEG	checkup_149_10.06.2026 14:49:30	500.0	504.6666666666667	True	0.5	40.0	4	True	50.0	30.0	-353.0238342285156	83.73499759053105	-97.21574401855469	34.58646105379242	-113.09976959228516	35.58912718829231	-256.3227233886719	61.545696582076246	-18.3505859375	3.2676676570779106	-284.2174072265625	69.59589050114148	-78.79157257080078	24.85864007139163	-23.710411071777344	9.596684130576987	0.0	0.0	0.0	0.0
12.689909934997559	1781096038.0	1781096038.1313272	5	25.0	29.0	12.0	8.0	NeuronSpectrum 10.06.2026 14:49:30	EEG	checkup_149_10.06.2026 14:49:30	500.0	504.6666666666667	True	0.5	40.0	4	True	50.0	30.0	-793.8761596679688	83.58368271467249	-217.43734741210938	38.40020900712827	-252.0398712158203	39.96651541376751	-571.9288330078125	64.74781854413803	-38.89276123046875	7.435171450853963	-633.565185546875	73.55200015727884	-177.4051055908203	27.6721424420726	-54.40199279785156	9.70614954196067	0.0	0.0	0.0	0.0
12.689916610717773	1781096038.0	1781096038.1313338	5	25.0	29.0	12.0	8.0	NeuronSpectrum 10.06.2026 14:49:30	EEG	checkup_149_10.06.2026 14:49:30	500.0	504.6666666666667	True	0.5	40.0	4	True	50.0	30.0	-793.5050048828125	74.10930809162983	-213.70281982421875	39.26747912314335	-247.56637573242188	41.0662695803445	-568.2896118164062	61.14628456267941	-35.137840270996094	10.577127246897547	-629.2090454101562	69.7133016579949	-174.66864013671875	28.09554186561117	-54.132049560546875	9.335844336795576	0.0	0.0	0.0	0.0
12.689919471740723	1781096038.0	1781096038.1313367	5	25.0	29.0	12.0	8.0	NeuronSpectrum 10.06.2026 14:49:30	EEG	checkup_149_10.06.2026 14:49:30	500.0	504.6666666666667	True	0.5	40.0	4	True	50.0	30.0	-799.480712890625	57.41648507874577	-212.3123016357422	37.51623028217357	-245.6732635498047	39.313580943229425	-569.4166259765625	52.089365324082955	-32.54804229736328	12.59617038141294	-630.5205078125	59.54801715998188	-173.8535919189453	26.49928333251996	-54.03451156616211	8.605933289341936	0.0	0.0	0.0	0.0
12.689922332763672	1781096038.0	1781096038.1313396	5	25.0	29.0	12.0	8.0	NeuronSpectrum 10.06.2026 14:49:30	EEG	checkup_149_10.06.2026 14:49:30	500.0	504.6666666666667	True	0.5	40.0	4	True	50.0	30.0	-810.5122680664062	36.827356241312515	-213.12074279785156	33.87412590476222	-246.151123046875	35.57191876684211	-574.51123046875	39.83405632070246	-31.159000396728516	13.530447174807703	-636.6446533203125	45.554605050296445	-174.66831970214844	23.581677858763843	-54.08490753173828	7.694390908054672	0.0	0.0	0.0	0.0
12.689954996109009	1781096038.0	1781096038.1313722	5	25.0	29.0	12.0	8.0	NeuronSpectrum 10.06.2026 14:49:30	EEG	checkup_149_10.06.2026 14:49:30	500.0	504.6666666666667	True	0.5	40.0	4	True	50.0	30.0	-818.4395751953125	16.04429611585984	-213.96141052246094	29.258009036194036	-246.51214599609375	30.895811859514737	-577.865966796875	26.956643038269373	-30.507461547851562	13.518775204251352	-641.1570434570312	30.610171903565206	-175.2487335205078	20.180478106140797	-53.84729766845703	6.788311498517644	0.0	0.0	0.0	0.0
12.68999719619751	1781096038.0	1781096038.1314144	5	25.0	29.0	12.0	8.0	NeuronSpectrum 10.06.2026 14:49:30	EEG	checkup_149_10.06.2026 14:49:30	500.0	504.6666666666667	True	0.5	40.0	4	True	50.0	30.0	-812.5780029296875	-1.5553519762775059	-211.86460876464844	24.590249171601315	-243.38458251953125	26.318263712779	-571.9518432617188	15.852140742399769	-29.906103134155273	12.763613508670739	-635.52783203125	17.413450267718325	-173.1514892578125	17.1049712527299	-52.745018005371094	6.048245440618866	0.0	0.0	0.0	0.0
12.690001010894775	1781096038.0	1781096038.1314182	5	25.0	29.0	12.0	8.0	NeuronSpectrum 10.06.2026 14:49:30	EEG	checkup_149_10.06.2026 14:49:30	500.0	504.6666666666667	True	0.5	40.0	4	True	50.0	30.0	-790.1221923828125	-13.352866306831483	-206.01885986328125	20.67786129327456	-235.86807250976562	22.714562884604888	-554.8126831054688	8.42147700064146	-29.098787307739258	11.49900704143214	-617.4491577148438	8.132368973823073	-167.66751098632812	15.022103580650018	-50.728759765625	5.592343680022374	0.0	0.0	0.0	0.0
12.690002918243408	1781096038.0	1781096038.1314201	5	25.0	29.0	12.0	8.0	NeuronSpectrum 10.06.2026 14:49:30	EEG	checkup_149_10.06.2026 14:49:30	500.0	504.6666666666667	True	0.5	40.0	4	True	50.0	30.0	-764.5314331054688	-17.6750733491092	-200.1713104248047	18.14578580324825	-228.2459259033203	20.7326524819654	-536.0209350585938	5.927834783547277	-28.80265998840332	9.962650606345019	-597.5645751953125	4.236536150291721	-161.6788330078125	14.394100468310132	-48.804080963134766	5.495364564257075	0.0	0.0	0.0	0.0
12.69000506401062	1781096038.0	1781096038.1314223	5	25.0	29.0	12.0	8.0	NeuronSpectrum 10.06.2026 14:49:30	EEG	checkup_149_10.06.2026 14:49:30	500.0	504.6666666666667	True	0.5	40.0	4	True	50.0	30.0	-761.3839111328125	-13.856880422533667	-201.45840454101562	17.390887462119714	-228.65765380859375	20.75116884571332	-533.7191162109375	8.935234976959343	-30.481544494628906	8.367121593617457	-596.1796875	6.419440552562604	-160.758056640625	15.443839989666479	-48.7200813293457	5.791367315703549	0.0	0.0	0.0	0.0
12.690006732940674	1781096038.0	1781096038.131424	5	25.0	29.0	12.0	8.0	NeuronSpectrum 10.06.2026 14:49:30	EEG	checkup_149_10.06.2026 14:49:30	500.0	504.6666666666667	True	0.5	40.0	4	True	50.0	30.0	-798.9105834960938	-2.3035112151054	-214.8570556640625	18.525666149644902	-242.82061767578125	22.82829938371304	-560.759765625	17.242862300995064	-35.15801239013672	6.866678773285218	-627.7029418945312	14.515864243675153	-168.90220642089844	18.12388552620164	-51.64387512207031	6.469997719892514	0.0	0.0	0.0	0.0
12.690008878707886	1781096038.0	1781096038.131426	5	25.0	29.0	12.0	8.0	NeuronSpectrum 10.06.2026 14:49:30	EEG	checkup_149_10.06.2026 14:49:30	500.0	504.6666666666667	True	0.5	40.0	4	True	50.0	30.0	-864.4679565429688	15.415259807707546	-236.4696044921875	21.30934342987019	-266.4311828613281	26.636560589424526	-607.9645385742188	29.795900667617545	-41.9408073425293	5.522580527476221	-681.8193969726562	27.39496658238285	-183.36666870117188	22.085014583067682	-56.59011459350586	7.464196287715616	0.0	0.0	0.0	0.0
12.690010786056519	1781096038.0	1781096038.131428	5	25.0	29.0	12.0	8.0	NeuronSpectrum 10.06.2026 14:49:30	EEG	checkup_149_10.06.2026 14:49:30	500.0	504.6666666666667	True	0.5	40.0	4	True	50.0	30.0	-906.7640991210938	36.5437878145118	-251.31483459472656	25.104554883698952	-282.6498107910156	31.424302191828346	-638.6127319335938	44.6526603340349	-47.49618911743164	4.2785545374523934	-717.2680053710938	42.91971131857983	-192.93576049804688	26.66960894029383	-59.94075012207031	8.63816222092145	0.0	0.0	0.0	0.0
12.690012693405151	1781096038.0	1781096038.13143	5	25.0	29.0	12.0	8.0	NeuronSpectrum 10.06.2026 14:49:30	EEG	checkup_149_10.06.2026 14:49:30	500.0	504.6666666666667	True	0.5	40.0	4	True	50.0	30.0	-856.5732421875	57.38446225654891	-239.2845458984375	28.922619987522314	-268.80401611328125	36.07296632119508	-603.2307739257812	59.150079171207885	-47.286312103271484	2.9628446949787386	-678.4396362304688	58.13222609598959	-182.42184448242188	30.973442961226375	-56.89836120605469	9.791535978486205	0.0	0.0	0.0	0.0
12.690014362335205	1781096038.0	1781096038.1314316	5	25.0	29.0	12.0	8.0	NeuronSpectrum 10.06.2026 14:49:30	EEG	checkup_149_10.06.2026 14:49:30	500.0	504.6666666666667	True	0.5	40.0	4	True	50.0	30.0	-668.134033203125	73.93955161477251	-187.04527282714844	31.601217640258483	-209.80728149414062	39.29821685920304	-469.1222229003906	70.36570222906506	-38.14041519165039	1.3280356592838687	-528.5625	69.77444098210903	-141.6986083984375	34.00487502507903	-44.321659088134766	10.692089891366608	0.0	0.0	0.0	0.0
12.690016269683838	1781096038.0	1781096038.1314335	5	25.0	29.0	12.0	8.0	NeuronSpectrum 10.06.2026 14:49:30	EEG	checkup_149_10.06.2026 14:49:30	500.0	504.6666666666667	True	0.5	40.0	4	True	50.0	30.0	-354.69732666015625	82.86167389511722	-98.28041076660156	32.09099235040911	-109.72132873535156	39.96811049483555	-245.72515869140625	75.81312413124967	-20.54073143005371	-0.8763549079165543	-278.2181396484375	75.07189590708458	-73.48279571533203	34.91984887118155	-23.132369995117188	11.13360695644409	0.0	0.0	0.0	0.0
12.690018653869629	1781096038.0	1781096038.1314359	5	25.0	29.0	12.0	8.0	NeuronSpectrum 10.06.2026 14:49:30	EEG	checkup_149_10.06.2026 14:49:30	500.0	504.6666666666667	True	0.5	40.0	4	True	50.0	30.0	-796.5330810546875	82.36998331500146	-226.81320190429688	29.750315341020737	-254.56564331054688	37.42539976730302	-561.59521484375	74.1235532136969	-50.60335159301758	-3.8222965194750436	-634.13623046875	72.50152125620464	-171.09783935546875	33.253336161921695	-52.86951446533203	10.997132904403724	0.0	0.0	0.0	0.0
12.690020561218262	1781096038.0	1781096038.1314378	5	25.0	29.0	12.0	8.0	NeuronSpectrum 10.06.2026 14:49:30	EEG	checkup_149_10.06.2026 14:49:30	500.0	504.6666666666667	True	0.5	40.0	4	True	50.0	30.0	-796.3897705078125	72.72130943509903	-228.3824005126953	24.523535745309307	-256.44512939453125	31.675161613531564	-562.74609375	65.41456246443242	-53.30781936645508	-7.543545913425519	-636.0324096679688	62.206647530948075	-172.58477783203125	29.05104455257479	-52.659027099609375	10.287511260597693	0.0	0.0	0.0	0.0
12.690022706985474	1781096038.0	1781096038.13144	5	25.0	29.0	12.0	8.0	NeuronSpectrum 10.06.2026 14:49:30	EEG	checkup_149_10.06.2026 14:49:30	500.0	504.6666666666667	True	0.5	40.0	4	True	50.0	30.0	-802.2229614257812	56.03961933738088	-232.39248657226562	16.936427014784506	-260.85546875	23.365574015605144	-568.9425048828125	51.197910552906194	-56.813987731933594	-11.917141699919732	-643.4099731445312	45.892624560308164	-176.20074462890625	22.85127199500738	-52.89731216430664	9.130051535290931	0.0	0.0	0.0	0.0
12.690024614334106	1781096038.0	1781096038.1314418	5	25.0	29.0	12.0	8.0	NeuronSpectrum 10.06.2026 14:49:30	EEG	checkup_149_10.06.2026 14:49:30	500.0	504.6666666666667	True	0.5	40.0	4	True	50.0	30.0	-812.7767944335938	35.64260896789462	-238.66505432128906	7.9380067156113645	-267.5129089355469	13.597705043047132	-579.3123168945312	33.9176590391843	-61.075435638427734	-16.684523946934053	-655.256591796875	26.30599458127706	-181.6249542236328	15.5412321286775	-53.573692321777344	7.733902300530262	0.0	0.0	0.0	0.0
12.690026998519897	1781096038.0	1781096038.1314442	5	25.0	29.0	12.0	8.0	NeuronSpectrum 10.06.2026 14:49:30	EEG	checkup_149_10.06.2026 14:49:30	500.0	504.6666666666667	True	0.5	40.0	4	True	50.0	30.0	-820.00537109375	15.202032785972808	-244.69688415527344	-1.3234773958974688	-273.61810302734375	3.6660340038121237	-587.8785400390625	16.353102289629536	-65.36946868896484	-21.49658930651377	-664.8629760742188	6.56152864770508	-186.7569580078125	8.158446304712822	-54.172889709472656	6.341962418402595	0.0	0.0	0.0	0.0
12.69002890586853	1781096038.0	1781096038.1314461	5	25.0	29.0	12.0	8.0	NeuronSpectrum 10.06.2026 14:49:30	EEG	checkup_149_10.06.2026 14:49:30	500.0	504.6666666666667	True	0.5	40.0	4	True	50.0	30.0	-813.3870239257812	-1.9583235092305604	-246.96835327148438	-9.707875279191514	-275.3175964355469	-5.175491144474334	-586.6958618164062	1.101471979940309	-68.64198303222656	-25.966009331937496	-663.3450927734375	-10.440509937928255	-188.73358154296875	1.7049174324646663	-53.95412063598633	5.185716642153054	0.0	0.0	0.0	0.0
12.690030574798584	1781096038.0	1781096038.1314478	5	25.0	29.0	12.0	8.0	NeuronSpectrum 10.06.2026 14:49:30	EEG	checkup_149_10.06.2026 14:49:30	500.0	504.6666666666667	True	0.5	40.0	4	True	50.0	30.0	-790.2797241210938	-13.287175306590228	-244.17604064941406	-16.232997290878856	-271.2920227050781	-11.87568121486126	-573.4115600585938	-9.757307409702287	-70.37681579589844	-29.71697938907576	-648.1184692382812	-22.391325167984597	-186.41343688964844	-2.989736690073143	-52.65357971191406	4.453706399149531	0.0	0.0	0.0	0.0
12.690032482147217	1781096038.0	1781096038.1314497	5	25.0	29.0	12.0	8.0	NeuronSpectrum 10.06.2026 14:49:30	EEG	checkup_149_10.06.2026 14:49:30	500.0	504.6666666666667	True	0.5	40.0	4	True	50.0	30.0	-764.2588500976562	-17.179456324133938	-239.903564453125	-20.168855373513075	-265.6990661621094	-15.680232224022602	-557.3951416015625	-14.826571785760025	-71.32405853271484	-32.42997896349313	-629.7598266601562	-27.758754149946288	-182.4440460205078	-5.3533037246168895	-51.07148742675781	4.272728973280264	0.0	0.0	0.0	0.0
12.690033912658691	1781096038.0	1781096038.1314511	5	25.0	29.0	12.0	8.0	NeuronSpectrum 10.06.2026 14:49:30	EEG	checkup_149_10.06.2026 14:49:30	500.0	504.6666666666667	True	0.5	40.0	4	True	50.0	30.0	-760.94140625	-13.02469680195962	-241.48910522460938	-21.102718922089284	-266.86517333984375	-16.190480112656104	-556.8184814453125	-13.470532108888877	-73.22714233398438	-33.88316920221816	-628.717041015625	-25.871518273326682	-182.44070434570312	-5.121821167423448	-50.83479309082031	4.695539807133489	0.0	0.0	0.0	0.0
12.690036058425903	1781096038.0	1781096038.1314533	5	25.0	29.0	12.0	8.0	NeuronSpectrum 10.06.2026 14:49:30	EEG	checkup_149_10.06.2026 14:49:30	500.0	504.6666666666667	True	0.5	40.0	4	True	50.0	30.0	-798.5165405273438	-1.2579792892611117	-254.20687866210938	-19.000433537834475	-280.7503662109375	-13.419037098257634	-584.655029296875	-5.885832583621703	-77.31988525390625	-33.99099450199919	-659.5913696289062	-16.99519048618902	-190.58180236816406	-2.375630046423083	-53.134063720703125	5.689324081131369	0.0	0.0	0.0	0.0
12.690037727355957	1781096038.0	1781096038.131455	5	25.0	29.0	12.0	8.0	NeuronSpectrum 10.06.2026 14:49:30	EEG	checkup_149_10.06.2026 14:49:30	500.0	504.6666666666667	True	0.5	40.0	4	True	50.0	30.0	-864.2420043945312	16.5509990576667	-274.1715087890625	-14.26344101630982	-303.0044250488281	-7.8449643295380485	-631.72802734375	6.815182179787607	-82.49919128417969	-32.83444605750561	-712.113037109375	-2.4202816229913733	-204.1849822998047	2.4372507357368107	-57.168113708496094	7.125205603874732	0.0	0.0	0.0	0.0
12.690039873123169	1781096038.0	1781096038.131457	5	25.0	29.0	12.0	8.0	NeuronSpectrum 10.06.2026 14:49:30	EEG	checkup_149_10.06.2026 14:49:30	500.0	504.6666666666667	True	0.5	40.0	4	True	50.0	30.0	-906.710205078125	37.67410035000454	-285.9886779785156	-7.743736958377879	-316.34832763671875	-0.42807460651988305	-661.1168823242188	22.58789257186266	-84.75630950927734	-30.669611331078627	-744.8646850585938	15.524938549412411	-211.83860778808594	8.514706593140819	-59.608619689941406	8.777411156150167	0.0	0.0	0.0	0.0
12.690041542053223	1781096038.0	1781096038.1314588	5	25.0	29.0	12.0	8.0	NeuronSpectrum 10.06.2026 14:49:30	EEG	checkup_149_10.06.2026 14:49:30	500.0	504.6666666666667	True	0.5	40.0	4	True	50.0	30.0	-856.6041259765625	58.45913023421352	-269.01971435546875	-0.658119765430756	-297.6012878417969	7.483313732268344	-623.1128540039062	38.643766574528904	-78.86167907714844	-27.898306608713344	-702.0582275390625	33.69130096089968	-198.06201171875	14.79044315322333	-55.940731048583984	10.345304275576833	0.0	0.0	0.0	0.0
12.690043449401855	1781096038.0	1781096038.1314607	5	25.0	29.0	12.0	8.0	NeuronSpectrum 10.06.2026 14:49:30	EEG	checkup_149_10.06.2026 14:49:30	500.0	504.6666666666667	True	0.5	40.0	4	True	50.0	30.0	-668.1270751953125	74.95791119096545	-209.8783721923828	5.633597037031427	-231.68804931640625	14.392534899562266	-485.06903076171875	51.936031433560814	-61.64203643798828	-24.993457223033996	-547.0282592773438	48.65809783401038	-152.7411651611328	20.12241780862381	-43.180564880371094	11.506204332840733	0.0	0.0	0.0	0.0
12.69004511833191	1781096038.0	1781096038.1314623	5	25.0	29.0	12.0	8.0	NeuronSpectrum 10.06.2026 14:49:30	EEG	checkup_149_10.06.2026 14:49:30	500.0	504.6666666666667	True	0.5	40.0	4	True	50.0	30.0	-354.5613098144531	83.86276976209946	-113.09540557861328	9.950952373402703	-123.60263061523438	19.00589490016644	-256.9755554199219	59.87291039791393	-34.70655059814453	-22.39263060592019	-290.93609619140625	57.535775905359124	-79.25003814697266	23.549764506887833	-22.22348976135254	11.991003824522675	0.0	0.0	0.0	0.0
12.740885734558105	1781096038.0	1781096038.182303	5	25.0	29.0	12.0	8.0	NeuronSpectrum 10.06.2026 14:49:30	EEG	checkup_149_10.06.2026 14:49:30	500.0	504.6666666666667	True	0.5	40.0	4	True	50.0	30.0	-796.0322265625	83.41259403595457	-246.43386840820312	11.602629135645833	-272.43438720703125	20.571532680714416	-574.9732666015625	61.005170799171154	-68.32098388671875	-20.394554986679154	-647.914794921875	58.73693566264975	-180.75277709960938	24.531232085092974	-51.89592361450195	11.657042960316533	0.0	0.0	0.0	0.0
12.740891456604004	1781096038.0	1781096038.1823087	5	25.0	29.0	12.0	8.0	NeuronSpectrum 10.06.2026 14:49:30	EEG	checkup_149_10.06.2026 14:49:30	500.0	504.6666666666667	True	0.5	40.0	4	True	50.0	30.0	-795.6612548828125	73.86051345399832	-244.70745849609375	10.55178250770986	-270.9021301269531	19.060335789947647	-573.66455078125	55.38669108075193	-66.37617492675781	-19.098092618626303	-646.4890747070312	52.37700427820068	-180.3890838623047	23.065877220515393	-52.427833557128906	10.528110152020895	0.0	0.0	0.0	0.0
12.740893840789795	1781096038.0	1781096038.182311	5	25.0	29.0	12.0	8.0	NeuronSpectrum 10.06.2026 14:49:30	EEG	checkup_149_10.06.2026 14:49:30	500.0	504.6666666666667	True	0.5	40.0	4	True	50.0	30.0	-801.2926635742188	57.3072600505011	-244.81475830078125	7.373471480320066	-271.47454833984375	15.118570402919698	-576.9893188476562	44.46321254708822	-64.9614486694336	-18.40382965418286	-650.1973266601562	40.14208222334086	-181.72171020507812	19.650165852652957	-53.57136535644531	8.786256722729195	0.0	0.0	0.0	0.0
12.740895986557007	1781096038.0	1781096038.1823132	5	25.0	29.0	12.0	8.0	NeuronSpectrum 10.06.2026 14:49:30	EEG	checkup_149_10.06.2026 14:49:30	500.0	504.6666666666667	True	0.5	40.0	4	True	50.0	30.0	-811.7088623046875	37.03740323555312	-246.34576416015625	3.0462182624381198	-273.6620788574219	9.838537846147531	-583.9951782226562	30.588679347665977	-63.98363494873047	-18.068875144013855	-657.919677734375	24.736259188452834	-184.28326416015625	15.106473430786785	-55.140403747558594	6.72354366353274	0.0	0.0	0.0	0.0
12.74089789390564	1781096038.0	1781096038.182315	5	25.0	29.0	12.0	8.0	NeuronSpectrum 10.06.2026 14:49:30	EEG	checkup_149_10.06.2026 14:49:30	500.0	504.6666666666667	True	0.5	40.0	4	True	50.0	30.0	-818.8939819335938	16.691728036220546	-246.89920043945312	-1.3174120742371205	-274.75	4.463095144076583	-588.8020629882812	16.413099253743482	-62.88984298706055	-17.7869550269225	-663.0408325195312	9.183575564216927	-186.08773803710938	10.365758710627045	-56.47758865356445	4.676391230777095	0.0	0.0	0.0	0.0
12.740899562835693	1781096038.0	1781096038.1823168	5	25.0	29.0	12.0	8.0	NeuronSpectrum 10.06.2026 14:49:30	EEG	checkup_149_10.06.2026 14:49:30	500.0	504.6666666666667	True	0.5	40.0	4	True	50.0	30.0	-812.337646484375	-0.42428663631895214	-243.35670471191406	-4.704445664670393	-271.2370300292969	0.1305114669664671	-583.7390747070312	4.363474336338115	-60.9426383972168	-17.2661050095448	-656.9555053710938	-3.764809706949434	-184.64747619628906	6.280357707372984	-56.76038360595703	2.964373054075847	0.0	0.0	0.0	0.0
12.740901708602905	1781096038.0	1781096038.182319	5	25.0	29.0	12.0	8.0	NeuronSpectrum 10.06.2026 14:49:30	EEG	checkup_149_10.06.2026 14:49:30	500.0	504.6666666666667	True	0.5	40.0	4	True	50.0	30.0	-789.372314453125	-11.759311225598253	-234.91580200195312	-6.351398757722173	-262.2385559082031	-2.2884119448439817	-566.8424072265625	-3.678271913302435	-57.88165283203125	-16.28738065975442	-637.4346313476562	-11.99947016035625	-179.34158325195312	3.5045403040800913	-55.702392578125	1.8453907089029675	0.0	0.0	0.0	0.0
12.740903377532959	1781096038.0	1781096038.1823206	5	25.0	29.0	12.0	8.0	NeuronSpectrum 10.06.2026 14:49:30	EEG	checkup_149_10.06.2026 14:49:30	500.0	504.6666666666667	True	0.5	40.0	4	True	50.0	30.0	-763.4984130859375	-15.690567228247058	-225.54246520996094	-5.812827428260326	-252.22447204589844	-2.2650392090004665	-547.8948364257812	-6.516231098729609	-54.48003005981445	-14.740023364847385	-615.3670654296875	-14.213402797200079	-173.30471801757812	2.4407822346464325	-54.117889404296875	1.4885563789687317	0.0	0.0	0.0	0.0
12.74090576171875	1781096038.0	1781096038.182323	5	25.0	29.0	12.0	8.0	NeuronSpectrum 10.06.2026 14:49:30	EEG	checkup_149_10.06.2026 14:49:30	500.0	504.6666666666667	True	0.5	40.0	4	True	50.0	30.0	-760.22802734375	-11.578655062806712	-222.7803955078125	-2.981707900945612	-249.65985107421875	0.3626005259558789	-545.4237670898438	-3.687519561001557	-52.334495544433594	-12.636456791060471	-611.4252319335938	-9.951106076053346	-172.45262145996094	3.225133491919507	-53.660316467285156	1.959380612868625	0.0	0.0	0.0	0.0
12.740907430648804	1781096038.0	1781096038.1823246	5	25.0	29.0	12.0	8.0	NeuronSpectrum 10.06.2026 14:49:30	EEG	checkup_149_10.06.2026 14:49:30	500.0	504.6666666666667	True	0.5	40.0	4	True	50.0	30.0	-797.6728515625	0.1717334830187658	-232.08456420898438	1.9022969439034403	-260.62841796875	5.37510368758783	-572.6360473632812	4.495066382185777	-52.68747329711914	-10.11270470058672	-640.3993530273438	0.3535430971153217	-181.01760864257812	5.722448568948608	-55.552433013916016	3.2109392899924085	0.0	0.0	0.0	0.0
12.740909576416016	1781096038.0	1781096038.1823268	5	25.0	29.0	12.0	8.0	NeuronSpectrum 10.06.2026 14:49:30	EEG	checkup_149_10.06.2026 14:49:30	500.0	504.6666666666667	True	0.5	40.0	4	True	50.0	30.0	-863.1095581054688	18.013028750206853	-249.9369659423828	8.245268666384781	-281.110595703125	12.15487592070024	-620.4115600585938	16.880679859300283	-54.94939041137695	-7.4165397740901415	-692.2462158203125	15.322050015172376	-196.16510009765625	9.521455152594967	-59.04492950439453	5.079627899588955	0.0	0.0	0.0	0.0
12.74091100692749	1781096038.0	1781096038.1823282	5	25.0	29.0	12.0	8.0	NeuronSpectrum 10.06.2026 14:49:30	EEG	checkup_149_10.06.2026 14:49:30	500.0	504.6666666666667	True	0.5	40.0	4	True	50.0	30.0	-905.2731323242188	39.224257427567835	-261.5148620605469	15.119009619486208	-294.3949279785156	19.69899462196869	-651.6636352539062	31.472866150313898	-56.14347839355469	-4.8797520251794495	-725.790283203125	32.63911241192252	-206.20594787597656	13.949816920450214	-60.898338317871094	7.29195448185027	0.0	0.0	0.0	0.0
12.740912914276123	1781096038.0	1781096038.1823301	5	25.0	29.0	12.0	8.0	NeuronSpectrum 10.06.2026 14:49:30	EEG	checkup_149_10.06.2026 14:49:30	500.0	504.6666666666667	True	0.5	40.0	4	True	50.0	30.0	-855.0601806640625	60.143429015281455	-246.6536865234375	21.359716002982577	-277.8074645996094	26.72124710792184	-616.2818603515625	45.61420430740249	-52.09313201904297	-2.867905101423389	-685.3456420898438	49.27347794251128	-195.306396484375	18.148802864246658	-56.71875762939453	9.493547257136328	0.0	0.0	0.0	0.0
12.740914583206177	1781096038.0	1781096038.1823318	5	25.0	29.0	12.0	8.0	NeuronSpectrum 10.06.2026 14:49:30	EEG	checkup_149_10.06.2026 14:49:30	500.0	504.6666666666667	True	0.5	40.0	4	True	50.0	30.0	-666.8389282226562	76.798359679751	-191.88037109375	25.778639943992335	-216.2384796142578	31.882796974925526	-481.0447998046875	56.457332987568215	-39.92230224609375	-1.7063759360075519	-534.0111083984375	62.013852894620754	-152.91912841796875	21.2337152472316	-43.637237548828125	11.306957882372783	0.0	0.0	0.0	0.0
12.74091625213623	1781096038.0	1781096038.1823335	5	25.0	29.0	12.0	8.0	NeuronSpectrum 10.06.2026 14:49:30	EEG	checkup_149_10.06.2026 14:49:30	500.0	504.6666666666667	True	0.5	40.0	4	True	50.0	30.0	-353.8929443359375	85.8494323367726	-100.81756591796875	27.453568901107623	-113.8098373413086	34.11811643900914	-255.34886169433594	61.65602720445738	-20.2681827545166	-1.5958453240896504	-282.30718994140625	68.24380414864638	-81.89588928222656	22.51628678900901	-22.603179931640625	12.409997224776205	0.0	0.0	0.0	0.0
12.740917921066284	1781096038.0	1781096038.1823351	5	25.0	29.0	12.0	8.0	NeuronSpectrum 10.06.2026 14:49:30	EEG	checkup_149_10.06.2026 14:49:30	500.0	504.6666666666667	True	0.5	40.0	4	True	50.0	30.0	-794.17578125	85.50360357955572	-231.0726318359375	25.99709759417555	-259.31427001953125	32.94018703328923	-575.3631591796875	60.02672773212544	-49.05598068237305	-2.5452386375543594	-639.0042724609375	66.67672652970089	-183.607177734375	21.708669562516352	-51.25448989868164	12.60980767812208	0.0	0.0	0.0	0.0
12.740919828414917	1781096038.0	1781096038.182337	5	25.0	29.0	12.0	8.0	NeuronSpectrum 10.06.2026 14:49:30	EEG	checkup_149_10.06.2026 14:49:30	500.0	504.6666666666667	True	0.5	40.0	4	True	50.0	30.0	-793.7199096679688	75.98973331196127	-232.87220764160156	21.679889331960606	-260.5338439941406	28.58785995887816	-576.4739379882812	51.88213339248967	-50.608680725097656	-4.351730396677604	-640.1889038085938	57.71913236386465	-184.1344757080078	19.01495479951958	-51.30970001220703	11.883806734596964	0.0	0.0	0.0	0.0
12.74092149734497	1781096038.0	1781096038.1823387	5	25.0	29.0	12.0	8.0	NeuronSpectrum 10.06.2026 14:49:30	EEG	checkup_149_10.06.2026 14:49:30	500.0	504.6666666666667	True	0.5	40.0	4	True	50.0	30.0	-799.345703125	59.39745368799816	-236.5884552001953	15.3524794140933	-263.8877258300781	21.95036443884307	-581.8419799804688	38.894020667807254	-52.81021499633789	-6.640052280315038	-646.132568359375	43.30516717416331	-185.784912109375	15.06720249512988	-52.15010070800781	10.373243589532152	0.0	0.0	0.0	0.0
12.740923404693604	1781096038.0	1781096038.1823406	5	25.0	29.0	12.0	8.0	NeuronSpectrum 10.06.2026 14:49:30	EEG	checkup_149_10.06.2026 14:49:30	500.0	504.6666666666667	True	0.5	40.0	4	True	50.0	30.0	-809.838134765625	39.015410713195664	-241.4932403564453	8.210392859587905	-268.7268981933594	14.316514132564881	-590.3748168945312	23.586414144799868	-55.192771911621094	-8.947779200185597	-655.5507202148438	26.317803938288534	-188.14697265625	10.74169514415828	-53.652366638183594	8.337811137288918	0.0	0.0	0.0	0.0
12.740925073623657	1781096038.0	1781096038.1823423	5	25.0	29.0	12.0	8.0	NeuronSpectrum 10.06.2026 14:49:30	EEG	checkup_149_10.06.2026 14:49:30	500.0	504.6666666666667	True	0.5	40.0	4	True	50.0	30.0	-817.1802368164062	18.50177508362164	-244.86326599121094	1.508024521782529	-272.1413269042969	7.063811884549054	-596.0796508789062	8.70521353862411	-56.838134765625	-10.826893678667608	-661.7421875	9.873728572567282	-189.26480102539062	6.937949790690027	-55.15751266479492	6.093542357281987	0.0	0.0	0.0	0.0
12.74092698097229	1781096038.0	1781096038.1823442	5	25.0	29.0	12.0	8.0	NeuronSpectrum 10.06.2026 14:49:30	EEG	checkup_149_10.06.2026 14:49:30	500.0	504.6666666666667	True	0.5	40.0	4	True	50.0	30.0	-810.8554077148438	1.1878329055364087	-243.33538818359375	-3.6812646640576934	-270.4261169433594	1.3940998666928626	-591.2131958007812	-3.3114213983556877	-56.74940872192383	-11.931784407561116	-656.0877075195312	-3.27587568634727	-186.6432647705078	4.396233498077113	-55.7913932800293	3.9549106879315983	0.0	0.0	0.0	0.0
12.740928411483765	1781096038.0	1781096038.1823456	5	25.0	29.0	12.0	8.0	NeuronSpectrum 10.06.2026 14:49:30	EEG	checkup_149_10.06.2026 14:49:30	500.0	504.6666666666667	True	0.5	40.0	4	True	50.0	30.0	-788.1726684570312	-10.347024074603732	-236.0335693359375	-6.609823900248345	-262.5444641113281	-1.8306758178599418	-573.7870483398438	-10.655326695945726	-54.6090202331543	-12.074525657170128	-636.3661499023438	-11.108355664700717	-179.64956665039062	3.5912352217789536	-55.23397445678711	2.191985129694584	0.0	0.0	0.0	0.0
12.740930318832397	1781096038.0	1781096038.1823475	5	25.0	29.0	12.0	8.0	NeuronSpectrum 10.06.2026 14:49:30	EEG	checkup_149_10.06.2026 14:49:30	500.0	504.6666666666667	True	0.5	40.0	4	True	50.0	30.0	-762.5836181640625	-14.4552544554771	-227.06968688964844	-6.907508624035555	-252.92779541015625	-2.1548138297346324	-553.616943359375	-12.277571281284962	-51.37614059448242	-11.241845386323016	-613.453125	-12.471779671323631	-171.47195434570312	4.699487966302901	-54.35273361206055	1.0029705168579186	0.0	0.0	0.0	0.0
12.740931987762451	1781096038.0	1781096038.1823492	5	25.0	29.0	12.0	8.0	NeuronSpectrum 10.06.2026 14:49:30	EEG	checkup_149_10.06.2026 14:49:30	500.0	504.6666666666667	True	0.5	40.0	4	True	50.0	30.0	-759.5325317382812	-10.47959995385829	-224.30322265625	-4.5761097556390675	-250.14361572265625	0.4650655457329746	-549.3463134765625	-7.912501121815792	-49.01837921142578	-9.579541514263221	-608.0237426757812	-7.104509828363655	-168.21656799316406	7.612378445622578	-54.931251525878906	0.49608763449823223	0.0	0.0	0.0	0.0
12.740933895111084	1781096038.0	1781096038.182351	5	25.0	29.0	12.0	8.0	NeuronSpectrum 10.06.2026 14:49:30	EEG	checkup_149_10.06.2026 14:49:30	500.0	504.6666666666667	True	0.5	40.0	4	True	50.0	30.0	-797.0715942382812	1.184954419371794	-233.53021240234375	0.0325871136139938	-260.4900207519531	5.671641746301151	-574.4147338867188	1.910620448987757	-49.18163299560547	-7.356131307689254	-635.0192260742188	4.362984443558946	-174.46011352539062	11.962270747378497	-58.27690505981445	0.6745260631826352	0.0	0.0	0.0	0.0
12.740935564041138	1781096038.0	1781096038.1823528	5	25.0	29.0	12.0	8.0	NeuronSpectrum 10.06.2026 14:49:30	EEG	checkup_149_10.06.2026 14:49:30	500.0	504.6666666666667	True	0.5	40.0	4	True	50.0	30.0	-862.4619750976562	18.99301679401207	-251.43223571777344	6.237163974922628	-280.2012634277344	12.719610708212349	-620.0629272460938	15.838791865304998	-51.53643798828125	-4.916726544597803	-684.829345703125	20.38849432857577	-187.7893524169922	17.146964006902582	-63.5113410949707	1.4241666659697518	0.0	0.0	0.0	0.0
12.74093747138977	1781096038.0	1781096038.1823547	5	25.0	29.0	12.0	8.0	NeuronSpectrum 10.06.2026 14:49:30	EEG	checkup_149_10.06.2026 14:49:30	500.0	504.6666666666667	True	0.5	40.0	4	True	50.0	30.0	-904.486328125	40.21974893066494	-263.1618347167969	13.065884157122698	-292.7834777832031	20.515043646942594	-649.6385498046875	31.717109486421624	-53.1251106262207	-2.632207538298884	-716.97509765625	38.5527759421691	-196.86077880859375	22.367336073565514	-66.97850799560547	2.512673193055059	0.0	0.0	0.0	0.0
12.740939378738403	1781096038.0	1781096038.1823566	5	25.0	29.0	12.0	8.0	NeuronSpectrum 10.06.2026 14:49:30	EEG	checkup_149_10.06.2026 14:49:30	500.0	504.6666666666667	True	0.5	40.0	4	True	50.0	30.0	-854.1362915039062	61.194617341096425	-248.36819458007812	19.361836680709175	-275.70703125	27.734756743241434	-613.4072875976562	46.79251950272658	-49.59577178955078	-0.8430747774000295	-676.4757080078125	55.79148389648231	-185.96482849121094	26.71343573808195	-63.70790481567383	3.613748618462649	0.0	0.0	0.0	0.0
12.740941047668457	1781096038.0	1781096038.1823583	5	25.0	29.0	12.0	8.0	NeuronSpectrum 10.06.2026 14:49:30	EEG	checkup_149_10.06.2026 14:49:30	500.0	504.6666666666667	True	0.5	40.0	4	True	50.0	30.0	-665.878173828125	77.93299186374115	-193.40118408203125	23.986130759568642	-213.9462890625	33.060867996779365	-478.3069152832031	58.18999034775474	-37.867774963378906	0.2017621359537057	-526.7509155273438	68.92324543303398	-144.41885375976562	29.32323665026062	-50.39006423950195	4.364993626378158	0.0	0.0	0.0	0.0
12.74094295501709	1781096038.0	1781096038.1823602	5	25.0	29.0	12.0	8.0	NeuronSpectrum 10.06.2026 14:49:30	EEG	checkup_149_10.06.2026 14:49:30	500.0	504.6666666666667	True	0.5	40.0	4	True	50.0	30.0	-353.04901123046875	87.07936115540235	-101.87407684326172	26.09027706386353	-111.68064880371094	35.49607402551787	-253.57925415039062	63.59486724677971	-18.515764236450195	0.4016547028952437	-277.9744873046875	75.40076908481046	-74.78775024414062	29.591508391751013	-27.956348419189453	4.450883833067305	0.0	0.0	0.0	0.0
12.791876792907715	1781096038.0	1781096038.233294	5	25.0	29.0	12.0	8.0	NeuronSpectrum 10.06.2026 14:49:30	EEG	checkup_149_10.06.2026 14:49:30	500.0	504.6666666666667	True	0.5	40.0	4	True	50.0	30.0	-792.5609130859375	86.82227639808262	-233.23965454101562	25.358805074033498	-258.2791748046875	34.646263499143465	-573.2109985351562	61.8957648067448	-48.25087356567383	-0.16398280777742066	-630.750244140625	74.01468802615948	-178.1734161376953	27.35256505803355	-60.60736083984375	3.683459234303207	0.0	0.0	0.0	0.0
12.79188323020935	1781096038.0	1781096038.2333004	5	25.0	29.0	12.0	8.0	NeuronSpectrum 10.06.2026 14:49:30	EEG	checkup_149_10.06.2026 14:49:30	500.0	504.6666666666667	True	0.5	40.0	4	True	50.0	30.0	-791.9989624023438	77.37182836787164	-234.0963592529297	22.107060355008947	-259.49163818359375	30.83926878901101	-574.8333129882812	53.49599669120335	-49.405399322509766	-1.2485297641890467	-632.0475463867188	65.22932902187355	-180.87786865234375	22.94860091310744	-61.51569747924805	2.0482536760981764	0.0	0.0	0.0	0.0
12.7918860912323	1781096038.0	1781096038.2333033	5	25.0	29.0	12.0	8.0	NeuronSpectrum 10.06.2026 14:49:30	EEG	checkup_149_10.06.2026 14:49:30	500.0	504.6666666666667	True	0.5	40.0	4	True	50.0	30.0	-797.6620483398438	60.8018878668347	-236.0522918701172	17.184641983117796	-262.16650390625	25.02247706096706	-580.5025024414062	40.1571552118639	-50.3217887878418	-2.4985022464228352	-637.798583984375	51.001826894815125	-184.4993438720703	17.146264126754733	-63.217777252197266	-0.30110552380080946	0.0	0.0	0.0	0.0
12.79188871383667	1781096038.0	1781096038.233306	5	25.0	29.0	12.0	8.0	NeuronSpectrum 10.06.2026 14:49:30	EEG	checkup_149_10.06.2026 14:49:30	500.0	504.6666666666667	True	0.5	40.0	4	True	50.0	30.0	-808.3269653320312	40.39203504297373	-238.5359344482422	11.734380321886524	-265.57647705078125	18.494117351313644	-589.0636596679688	24.480305764427676	-50.686851501464844	-3.5417694705792373	-646.7206420898438	34.20307088260076	-188.44142150878906	10.941151255149817	-65.56143188476562	-3.0909374338224294	0.0	0.0	0.0	0.0
12.791890621185303	1781096038.0	1781096038.2333078	5	25.0	29.0	12.0	8.0	NeuronSpectrum 10.06.2026 14:49:30	EEG	checkup_149_10.06.2026 14:49:30	500.0	504.6666666666667	True	0.5	40.0	4	True	50.0	30.0	-815.9381713867188	19.80065278613614	-239.2288360595703	6.913848450884319	-267.019287109375	12.587898715267237	-594.6250610351562	9.272085468532087	-50.0121955871582	-4.07286156449204	-652.3080444335938	17.915107595632456	-190.77586364746094	5.333973860964963	-67.77110290527344	-5.993827063997131	0.0	0.0	0.0	0.0
12.791893005371094	1781096038.0	1781096038.2333102	5	25.0	29.0	12.0	8.0	NeuronSpectrum 10.06.2026 14:49:30	EEG	checkup_149_10.06.2026 14:49:30	500.0	504.6666666666667	True	0.5	40.0	4	True	50.0	30.0	-809.9173583984375	2.368785340619111	-235.27066040039062	3.674205422858737	-263.1976013183594	8.418005134128677	-589.637939453125	-2.9817682859109995	-47.86105728149414	-3.9101711510443224	-646.2406005859375	4.851408223557236	-189.20065307617188	1.1523788246437552	-68.83032989501953	-8.68989832289799	0.0	0.0	0.0	0.0
12.791895389556885	1781096038.0	1781096038.2333126	5	25.0	29.0	12.0	8.0	NeuronSpectrum 10.06.2026 14:49:30	EEG	checkup_149_10.06.2026 14:49:30	500.0	504.6666666666667	True	0.5	40.0	4	True	50.0	30.0	-787.4981079101562	-9.30730650974113	-226.1209259033203	2.6396174403489634	-253.44700622558594	6.734501595278468	-572.2513427734375	-10.432491261751522	-44.3664665222168	-3.0148133927964045	-626.5158081054688	-2.986664257314538	-183.28726196289062	-1.0479557079521298	-68.38568878173828	-10.910683557753721	0.0	0.0	0.0	0.0
12.791897058486938	1781096038.0	1781096038.2333143	5	25.0	29.0	12.0	8.0	NeuronSpectrum 10.06.2026 14:49:30	EEG	checkup_149_10.06.2026 14:49:30	500.0	504.6666666666667	True	0.5	40.0	4	True	50.0	30.0	-762.0551147460938	-13.560566007361537	-215.84146118164062	4.078261204257489	-242.30325317382812	7.881061566209534	-552.2196655273438	-11.992247098851475	-40.62039566040039	-1.4758183845488024	-603.978759765625	-4.438705212871104	-176.2562255859375	-1.0101397721175636	-67.48403930664062	-12.46504340483398	0.0	0.0	0.0	0.0
12.79189944267273	1781096038.0	1781096038.2333167	5	25.0	29.0	12.0	8.0	NeuronSpectrum 10.06.2026 14:49:30	EEG	checkup_149_10.06.2026 14:49:30	500.0	504.6666666666667	True	0.5	40.0	4	True	50.0	30.0	-758.9782104492188	-9.716527074417147	-211.8854522705078	7.924043792799475	-238.140625	11.811147175274263	-547.912841796875	-7.356581477655248	-38.37458801269531	0.5241874430353166	-599.0057983398438	0.7985210708850512	-173.99087524414062	1.2372742022431509	-68.24536895751953	-13.254067377075275	0.0	0.0	0.0	0.0
12.791901111602783	1781096038.0	1781096038.2333183	5	25.0	29.0	12.0	8.0	NeuronSpectrum 10.06.2026 14:49:30	EEG	checkup_149_10.06.2026 14:49:30	500.0	504.6666666666667	True	0.5	40.0	4	True	50.0	30.0	-796.3216552734375	1.8411150751958243	-219.6229248046875	13.805137622638746	-247.01963806152344	18.11494371877969	-572.4537353515625	2.980965327570412	-38.906944274902344	2.7468018385448065	-626.160888671875	12.161961515328882	-180.69911193847656	5.399909742949856	-72.22521209716797	-13.282572663597334	0.0	0.0	0.0	0.0
12.791903018951416	1781096038.0	1781096038.2333202	5	25.0	29.0	12.0	8.0	NeuronSpectrum 10.06.2026 14:49:30	EEG	checkup_149_10.06.2026 14:49:30	500.0	504.6666666666667	True	0.5	40.0	4	True	50.0	30.0	-861.4303588867188	19.571439483677363	-235.7417755126953	21.060802312628713	-265.26788330078125	26.03714213719113	-616.9893188476562	17.693393196789707	-41.67401123046875	4.928826908226094	-675.6761474609375	28.18685352023748	-193.71588134765625	10.929896099086518	-78.41307067871094	-12.668442925070027	0.0	0.0	0.0	0.0
12.79190468788147	1781096038.0	1781096038.233322	5	25.0	29.0	12.0	8.0	NeuronSpectrum 10.06.2026 14:49:30	EEG	checkup_149_10.06.2026 14:49:30	500.0	504.6666666666667	True	0.5	40.0	4	True	50.0	30.0	-903.2403564453125	40.7493382560573	-246.046875	28.767977400773383	-276.99371337890625	34.50977878932579	-645.1676635742188	34.63359837530886	-43.84540557861328	6.8060568046604795	-707.329833984375	46.52112685602365	-201.80433654785156	17.048919543021565	-82.54527282714844	-11.64112912786589	0.0	0.0	0.0	0.0
12.791906595230103	1781096038.0	1781096038.2333238	5	25.0	29.0	12.0	8.0	NeuronSpectrum 10.06.2026 14:49:30	EEG	checkup_149_10.06.2026 14:49:30	500.0	504.6666666666667	True	0.5	40.0	4	True	50.0	30.0	-852.9066772460938	61.703309597420485	-231.21409606933594	35.82659476155702	-260.5280456542969	42.254405080487174	-607.86474609375	51.02981616778299	-41.436485290527344	8.137700775122727	-666.7310180664062	64.13706377216803	-189.73837280273438	22.821207720194398	-78.8219223022461	-10.514680079769528	0.0	0.0	0.0	0.0
12.791908502578735	1781096038.0	1781096038.2333257	5	25.0	29.0	12.0	8.0	NeuronSpectrum 10.06.2026 14:49:30	EEG	checkup_149_10.06.2026 14:49:30	500.0	504.6666666666667	True	0.5	40.0	4	True	50.0	30.0	-664.9815063476562	78.45115370953809	-178.33822631835938	41.13956413355584	-201.3751678466797	47.99264554107176	-472.611083984375	63.95566004364724	-31.627456665039062	8.739291890715455	-517.8796997070312	77.84357841695609	-147.42660522460938	27.304484135384783	-63.384212493896484	-9.626509513950282	0.0	0.0	0.0	0.0
12.791910409927368	1781096038.0	1781096038.2333276	5	25.0	29.0	12.0	8.0	NeuronSpectrum 10.06.2026 14:49:30	EEG	checkup_149_10.06.2026 14:49:30	500.0	504.6666666666667	True	0.5	40.0	4	True	50.0	30.0	-352.7470703125	87.64536189365218	-90.8885726928711	43.86477393282362	-103.38875579833984	50.73800353516088	-248.85765075683594	71.01082884262284	-14.811105728149414	8.522116863209828	-271.13531494140625	85.0302070270701	-77.72957611083984	29.759580929670665	-37.3200569152832	-9.25189345167161	0.0	0.0	0.0	0.0
12.791912078857422	1781096038.0	1781096038.2333293	5	25.0	29.0	12.0	8.0	NeuronSpectrum 10.06.2026 14:49:30	EEG	checkup_149_10.06.2026 14:49:30	500.0	504.6666666666667	True	0.5	40.0	4	True	50.0	30.0	-791.690673828125	87.48709528819494	-213.94187927246094	43.64801143179903	-241.90687561035156	50.06483294105475	-562.5394287109375	70.96930761603409	-40.2239875793457	7.524350487060238	-618.69775390625	84.3759373421723	-174.979736328125	29.844579818342474	-75.10717010498047	-9.524948462614308	0.0	0.0	0.0	0.0
12.791913986206055	1781096038.0	1781096038.2333312	5	25.0	29.0	12.0	8.0	NeuronSpectrum 10.06.2026 14:49:30	EEG	checkup_149_10.06.2026 14:49:30	500.0	504.6666666666667	True	0.5	40.0	4	True	50.0	30.0	-791.1563110351562	78.1995349524663	-214.09048461914062	40.72766046859959	-242.64988708496094	46.23038595199211	-562.392578125	64.10433294317885	-41.14837646484375	5.91528133644641	-618.9896850585938	76.20313274833394	-174.8661651611328	27.70502536930507	-75.28085327148438	-10.401458278479705	0.0	0.0	0.0	0.0
12.791915893554688	1781096038.0	1781096038.233333	5	25.0	29.0	12.0	8.0	NeuronSpectrum 10.06.2026 14:49:30	EEG	checkup_149_10.06.2026 14:49:30	500.0	504.6666666666667	True	0.5	40.0	4	True	50.0	30.0	-796.6691284179688	61.8639268696556	-215.76882934570312	35.861286833638225	-245.33079528808594	40.093019917621	-566.66357421875	52.05205722566179	-42.31234359741211	3.9650509173344504	-624.1212158203125	62.324890149588306	-176.1812286376953	23.919273371673047	-75.73890686035156	-11.679598191630369	0.0	0.0	0.0	0.0
12.791917562484741	1781096038.0	1781096038.2333348	5	25.0	29.0	12.0	8.0	NeuronSpectrum 10.06.2026 14:49:30	EEG	checkup_149_10.06.2026 14:49:30	500.0	504.6666666666667	True	0.5	40.0	4	True	50.0	30.0	-806.9882202148438	41.755113683599156	-218.52757263183594	30.11640521450957	-249.38941955566406	32.87411864713631	-574.2942504882812	37.314581460530384	-43.58674240112305	1.9898142343041023	-632.9832763671875	45.497198560702586	-178.54421997070312	19.33206369824351	-76.35350036621094	-13.06525856654736	0.0	0.0	0.0	0.0
12.791919708251953	1781096038.0	1781096038.233337	5	25.0	29.0	12.0	8.0	NeuronSpectrum 10.06.2026 14:49:30	EEG	checkup_149_10.06.2026 14:49:30	500.0	504.6666666666667	True	0.5	40.0	4	True	50.0	30.0	-814.100341796875	21.510225992128586	-220.14486694335938	24.621208185186287	-252.18533325195312	25.872382168241064	-579.4903564453125	22.6437895095259	-44.47696304321289	0.2921590730324458	-639.1757202148438	28.742000377179604	-180.09524536132812	14.852876114645824	-76.46930694580078	-14.25138494831112	0.0	0.0	0.0	0.0
12.791921377182007	1781096038.0	1781096038.2333386	5	25.0	29.0	12.0	8.0	NeuronSpectrum 10.06.2026 14:49:30	EEG	checkup_149_10.06.2026 14:49:30	500.0	504.6666666666667	True	0.5	40.0	4	True	50.0	30.0	-807.516357421875	4.432078194169076	-217.78274536132812	20.360424125209256	-250.35595703125	20.227951063340807	-574.7709350585938	10.524215127594331	-44.35780334472656	-0.8860066342952878	-634.387939453125	14.78097184354886	-178.45689392089844	11.288069852453223	-75.25167083740234	-14.983432984957636	0.0	0.0	0.0	0.0
12.79192328453064	1781096038.0	1781096038.2333405	5	25.0	29.0	12.0	8.0	NeuronSpectrum 10.06.2026 14:49:30	EEG	checkup_149_10.06.2026 14:49:30	500.0	504.6666666666667	True	0.5	40.0	4	True	50.0	30.0	-784.581787109375	-6.9338073591030325	-210.7486114501953	18.054748889343806	-243.04095458984375	16.78143540200539	-558.2061157226562	2.8565481772120496	-43.056915283203125	-1.3905264652603182	-616.4854736328125	5.690666197494585	-172.99859619140625	9.239116408685089	-72.523193359375	-15.09724078404094	0.0	0.0	0.0	0.0
12.791924953460693	1781096038.0	1781096038.2333422	5	25.0	29.0	12.0	8.0	NeuronSpectrum 10.06.2026 14:49:30	EEG	checkup_149_10.06.2026 14:49:30	500.0	504.6666666666667	True	0.5	40.0	4	True	50.0	30.0	-758.7783203125	-10.97470526075942	-202.70738220214844	18.115529235583185	-234.46859741210938	16.019721356188146	-539.2188110351562	0.8249269789696578	-41.333072662353516	-1.1639462442944644	-596.0138549804688	2.758886260534822	-166.6504364013672	9.061863145153097	-69.44059753417969	-14.530379313455663	0.0	0.0	0.0	0.0
12.791927099227905	1781096038.0	1781096038.2333443	5	25.0	29.0	12.0	8.0	NeuronSpectrum 10.06.2026 14:49:30	EEG	checkup_149_10.06.2026 14:49:30	500.0	504.6666666666667	True	0.5	40.0	4	True	50.0	30.0	-755.5762939453125	-7.062721069788243	-200.54489135742188	20.63895404922422	-232.64857482910156	18.068512832237793	-535.64794921875	4.860562951677692	-40.650970458984375	-0.24376281982668763	-592.9408569335938	6.4447019279720905	-164.99085998535156	10.859221347711031	-68.16094970703125	-13.31737075599925	0.0	0.0	0.0	0.0
12.791929006576538	1781096038.0	1781096038.2333462	5	25.0	29.0	12.0	8.0	NeuronSpectrum 10.06.2026 14:49:30	EEG	checkup_149_10.06.2026 14:49:30	500.0	504.6666666666667	True	0.5	40.0	4	True	50.0	30.0	-793.0687255859375	4.3904080937098655	-209.15118408203125	25.403429959402587	-243.31332397460938	22.689963358226183	-560.1661376953125	14.611478992395563	-42.087100982666016	1.2425960034361783	-621.4732055664062	16.34249218117595	-172.01205444335938	14.47828984676317	-70.26424407958984	-11.580593410678963	0.0	0.0	0.0	0.0
12.791930913925171	1781096038.0	1781096038.2333481	5	25.0	29.0	12.0	8.0	NeuronSpectrum 10.06.2026 14:49:30	EEG	checkup_149_10.06.2026 14:49:30	500.0	504.6666666666667	True	0.5	40.0	4	True	50.0	30.0	-858.5872802734375	21.841324895061028	-225.14503479003906	31.859180586046016	-262.61004638671875	29.27202460753366	-603.9195556640625	28.89193898031171	-44.99820327758789	3.0838703839867025	-671.7316284179688	31.122261512823098	-185.0129852294922	19.502434142716968	-74.83454132080078	-9.522194678279563	0.0	0.0	0.0	0.0
12.791932582855225	1781096038.0	1781096038.2333498	5	25.0	29.0	12.0	8.0	NeuronSpectrum 10.06.2026 14:49:30	EEG	checkup_149_10.06.2026 14:49:30	500.0	504.6666666666667	True	0.5	40.0	4	True	50.0	30.0	-901.0003051757812	42.58927972373702	-234.83370971679688	39.13690694761976	-274.6932067871094	36.83920725381165	-631.1841430664062	45.681559969588704	-46.574554443359375	4.9976014725074025	-703.721435546875	48.526311003176936	-192.92068481445312	25.25875754044897	-77.8016357421875	-7.411659029184048	0.0	0.0	0.0	0.0
12.791934251785278	1781096038.0	1781096038.2333515	5	25.0	29.0	12.0	8.0	NeuronSpectrum 10.06.2026 14:49:30	EEG	checkup_149_10.06.2026 14:49:30	500.0	504.6666666666667	True	0.5	40.0	4	True	50.0	30.0	-851.3516235351562	63.00870670782333	-219.79098510742188	46.126525599466206	-258.1632080078125	44.14247158939025	-593.8621826171875	62.30626222151202	-43.00355529785156	6.659331067118977	-663.5095825195312	65.57140785300774	-180.79893493652344	30.880913112096987	-73.5853500366211	-5.556431637591044	0.0	0.0	0.0	0.0
12.791936159133911	1781096038.0	1781096038.2333534	5	25.0	29.0	12.0	8.0	NeuronSpectrum 10.06.2026 14:49:30	EEG	checkup_149_10.06.2026 14:49:30	500.0	504.6666666666667	True	0.5	40.0	4	True	50.0	30.0	-664.0684204101562	79.17467125778627	-167.93687438964844	51.66122650689348	-198.91732788085938	49.8684234581958	-460.3290710449219	75.89293321778763	-31.804262161254883	7.754426604103828	-515.5057373046875	79.05969244447085	-138.84266662597656	35.45501429883788	-58.431068420410156	-4.247045356453205	0.0	0.0	0.0	0.0
12.791938066482544	1781096038.0	1781096038.2333553	5	25.0	29.0	12.0	8.0	NeuronSpectrum 10.06.2026 14:49:30	EEG	checkup_149_10.06.2026 14:49:30	500.0	504.6666666666667	True	0.5	40.0	4	True	50.0	30.0	-352.3362121582031	87.7958405436885	-83.0047836303711	54.78226327069068	-101.16749572753906	52.93980876600356	-240.12033081054688	84.03589410495263	-13.826091766357422	8.045352368750319	-270.1521301269531	86.32843471537801	-70.08708190917969	38.228953863590036	-33.303340911865234	-3.6849179853737724	0.0	0.0	0.0	0.0
12.791940212249756	1781096038.0	1781096038.2333574	5	25.0	29.0	12.0	8.0	NeuronSpectrum 10.06.2026 14:49:30	EEG	checkup_149_10.06.2026 14:49:30	500.0	504.6666666666667	True	0.5	40.0	4	True	50.0	30.0	-791.6547241210938	87.11731333741481	-200.763916015625	54.99138564247793	-238.1162567138672	52.80098421895635	-545.6580200195312	85.43702013544964	-39.631256103515625	7.43242797981232	-614.196533203125	85.97055910807225	-165.2052459716797	38.81097976554276	-69.40049743652344	-3.920025938191069	0.0	0.0	0.0	0.0
12.79194188117981	1781096038.0	1781096038.233359	5	25.0	29.0	12.0	8.0	NeuronSpectrum 10.06.2026 14:49:30	EEG	checkup_149_10.06.2026 14:49:30	500.0	504.6666666666667	True	0.5	40.0	4	True	50.0	30.0	-791.43115234375	77.38702378937748	-200.72779846191406	52.37930331163096	-238.27606201171875	49.56111775052949	-543.81396484375	80.23407188341248	-40.6373291015625	5.982465851991893	-614.2106323242188	78.2044430000141	-164.45681762695312	37.26895379831186	-69.71311950683594	-4.829721353088	0.0	0.0	0.0	0.0
12.791943788528442	1781096038.0	1781096038.233361	5	25.0	29.0	12.0	8.0	NeuronSpectrum 10.06.2026 14:49:30	EEG	checkup_149_10.06.2026 14:49:30	500.0	504.6666666666667	True	0.5	40.0	4	True	50.0	30.0	-797.1857299804688	60.69058797874262	-202.82656860351562	47.57618384652882	-240.68121337890625	43.93442436719549	-546.5916137695312	69.88062602116278	-42.4337272644043	3.9128179794636373	-619.399169921875	64.73840453129803	-165.22732543945312	34.08820654306493	-70.31790924072266	-6.15152719443243	0.0	0.0	0.0	0.0
12.791945934295654	1781096038.0	1781096038.2333632	5	25.0	29.0	12.0	8.0	NeuronSpectrum 10.06.2026 14:49:30	EEG	checkup_149_10.06.2026 14:49:30	500.0	504.6666666666667	True	0.5	40.0	4	True	50.0	30.0	-807.7086181640625	40.29115503195419	-206.5697784423828	41.561034769965175	-244.82162475585938	37.021126160768304	-553.0927124023438	56.674329156497436	-44.71643829345703	1.5390470696494618	-628.5952758789062	48.237542556053356	-167.2461700439453	30.01858190201829	-71.01143646240234	-7.5550457883912445	0.0	0.0	0.0	0.0
12.791948080062866	1781096038.0	1781096038.2333653	5	25.0	29.0	12.0	8.0	NeuronSpectrum 10.06.2026 14:49:30	EEG	checkup_149_10.06.2026 14:49:30	500.0	504.6666666666667	True	0.5	40.0	4	True	50.0	30.0	-815.013427734375	19.80612169917926	-209.5499725341797	35.42135557279211	-247.99534606933594	30.03476548683453	-557.6013793945312	43.16801108908721	-46.72344207763672	-0.7924562461084917	-635.2377319335938	31.656168395122684	-168.7193603515625	25.884230622028564	-71.11776733398438	-8.722247451802032	0.0	0.0	0.0	0.0
12.79194974899292	1781096038.0	1781096038.233367	5	25.0	29.0	12.0	8.0	NeuronSpectrum 10.06.2026 14:49:30	EEG	checkup_149_10.06.2026 14:49:30	500.0	504.6666666666667	True	0.5	40.0	4	True	50.0	30.0	-808.6301879882812	2.5195174657862003	-208.67117309570312	30.147290409385064	-246.70962524414062	24.072025327061187	-552.6341552734375	31.675876439465583	-47.56507110595703	-2.765894907948359	-630.8250732421875	17.67506499539177	-167.27154541015625	22.42301113081418	-69.83534240722656	-9.408899104456372	0.0	0.0	0.0	0.0
12.791951656341553	1781096038.0	1781096038.2333689	5	25.0	29.0	12.0	8.0	NeuronSpectrum 10.06.2026 14:49:30	EEG	checkup_149_10.06.2026 14:49:30	500.0	504.6666666666667	True	0.5	40.0	4	True	50.0	30.0	-785.9096069335938	-9.033785193314257	-203.02598571777344	26.501578597112506	-239.99205017089844	19.970748461192656	-536.2258911132812	23.97332927488464	-46.90309143066406	-4.139124191531402	-613.0974731445312	8.355900435925363	-162.20901489257812	20.187400682967205	-67.03414916992188	-9.474582320806864	0.0	0.0	0.0	0.0
12.791953325271606	1781096038.0	1781096038.2333705	5	25.0	29.0	12.0	8.0	NeuronSpectrum 10.06.2026 14:49:30	EEG	checkup_149_10.06.2026 14:49:30	500.0	504.6666666666667	True	0.5	40.0	4	True	50.0	30.0	-760.31884765625	-13.240150039330793	-196.2140655517578	24.961900958099722	-232.0618438720703	18.250036324439215	-517.8087768554688	21.173283222558705	-45.48268127441406	-4.765877835540326	-592.6138305664062	4.995306624714166	-156.3645782470703	19.50316457300273	-63.8828125	-8.883943755986623	0.0	0.0	0.0	0.0
12.79195523262024	1781096038.0	1781096038.2333724	5	25.0	29.0	12.0	8.0	NeuronSpectrum 10.06.2026 14:49:30	EEG	checkup_149_10.06.2026 14:49:30	500.0	504.6666666666667	True	0.5	40.0	4	True	50.0	30.0	-757.2924194335938	-9.460154434804437	-195.2366485595703	25.70446177189431	-231.0415802001953	19.094806591915287	-515.3361206054688	23.692666305835445	-44.89128875732422	-4.601929503152366	-589.4979858398438	8.083048818873259	-155.2543182373047	20.460423330866732	-62.502506256103516	-7.6915334732040215	0.0	0.0	0.0	0.0
12.791956901550293	1781096038.0	1781096038.233374	5	25.0	29.0	12.0	8.0	NeuronSpectrum 10.06.2026 14:49:30	EEG	checkup_149_10.06.2026 14:49:30	500.0	504.6666666666667	True	0.5	40.0	4	True	50.0	30.0	-794.8770141601562	1.9121107711189174	-205.19822692871094	28.594885326182915	-242.81878662109375	22.345085913217073	-541.6824340820312	31.220208972193745	-46.38401794433594	-3.702438356216561	-618.175537109375	17.26500091021041	-162.92391967773438	22.910138800857993	-64.43978118896484	-6.024221739010058	0.0	0.0	0.0	0.0
12.791958570480347	1781096038.0	1781096038.2333758	5	25.0	29.0	12.0	8.0	NeuronSpectrum 10.06.2026 14:49:30	EEG	checkup_149_10.06.2026 14:49:30	500.0	504.6666666666667	True	0.5	40.0	4	True	50.0	30.0	-860.3704223632812	19.350837723134255	-222.86849975585938	33.17506624716231	-263.5937805175781	27.477602949481266	-588.1654052734375	42.659807162883915	-49.446815490722656	-2.2148112514365446	-668.922607421875	31.281750606696534	-176.87588500976562	26.45724949071715	-68.82972717285156	-4.068601333917078	0.0	0.0	0.0	0.0
12.79196047782898	1781096038.0	1781096038.2333777	5	25.0	29.0	12.0	8.0	NeuronSpectrum 10.06.2026 14:49:30	EEG	checkup_149_10.06.2026 14:49:30	500.0	504.6666666666667	True	0.5	40.0	4	True	50.0	30.0	-902.64453125	40.1669638650454	-234.49252319335938	38.670291326541	-277.35748291015625	33.60939687653754	-619.0321044921875	56.11962240320264	-51.273529052734375	-0.36510335541441263	-701.7359619140625	47.96056600399197	-186.3207244873047	30.469877395166808	-71.77694702148438	-2.059605573102488	0.0	0.0	0.0	0.0
12.791962385177612	1781096038.0	1781096038.2333796	5	25.0	29.0	12.0	8.0	NeuronSpectrum 10.06.2026 14:49:30	EEG	checkup_149_10.06.2026 14:49:30	500.0	504.6666666666667	True	0.5	40.0	4	True	50.0	30.0	-852.7922973632812	60.73717788088371	-221.3362579345703	44.0645320087202	-262.3377380371094	39.58068350330951	-585.8431396484375	69.07933147395589	-47.91981506347656	1.5687632067172856	-662.5037231445312	64.40795151710589	-176.50692749023438	34.14232946267697	-67.93756103515625	-0.25826740227158107	0.0	0.0	0.0	0.0
12.791964054107666	1781096038.0	1781096038.2333813	5	25.0	29.0	12.0	8.0	NeuronSpectrum 10.06.2026 14:49:30	EEG	checkup_149_10.06.2026 14:49:30	500.0	504.6666666666667	True	0.5	40.0	4	True	50.0	30.0	-665.3147583007812	77.12881172241048	-170.88839721679688	48.277029878535664	-203.997802734375	44.156649532186556	-456.36328125	78.82843819207936	-36.6951904296875	3.3013388289122005	-515.3843383789062	77.50582088290868	-137.5092315673828	36.637500777265835	-53.706703186035156	1.091062898784922	0.0	0.0	0.0	0.0
12.791965961456299	1781096038.0	1781096038.2333832	5	25.0	29.0	12.0	8.0	NeuronSpectrum 10.06.2026 14:49:30	EEG	checkup_149_10.06.2026 14:49:30	500.0	504.6666666666667	True	0.5	40.0	4	True	50.0	30.0	-353.45428466796875	86.03504592705735	-86.54301452636719	50.415485570121476	-106.26486206054688	46.31996425945606	-239.46331787109375	83.11579243269952	-18.255075454711914	4.5952155603365945	-270.6424560546875	84.64355120837867	-71.84188079833984	37.28830719874397	-29.974185943603516	1.818941941891652	0.0	0.0	0.0	0.0
12.84270977973938	1781096038.0	1781096038.284127	5	25.0	29.0	12.0	8.0	NeuronSpectrum 10.06.2026 14:49:30	EEG	checkup_149_10.06.2026 14:49:30	500.0	504.6666666666667	True	0.5	40.0	4	True	50.0	30.0	-792.22607421875	85.68174271441514	-206.6043701171875	50.01491421055329	-246.0653533935547	45.548108594137226	-549.5718383789062	80.7749079715712	-43.385894775390625	5.309270596537226	-615.66162109375	84.42214441914064	-167.91751098632812	35.78542747263093	-63.78743362426758	1.8817297580719472	0.0	0.0	0.0	0.0
12.842716217041016	1781096038.0	1781096038.2841334	5	25.0	29.0	12.0	8.0	NeuronSpectrum 10.06.2026 14:49:30	EEG	checkup_149_10.06.2026 14:49:30	500.0	504.6666666666667	True	0.5	40.0	4	True	50.0	30.0	-791.5775756835938	76.29822904848798	-206.95272827148438	47.15455410698259	-246.728271484375	41.949773377144155	-551.374267578125	72.04243646298112	-42.844703674316406	5.419022096957989	-615.2227172851562	77.01440251047666	-169.46310424804688	32.26578462606261	-63.65303039550781	1.378067603009772	0.0	0.0	0.0	0.0
12.842718601226807	1781096038.0	1781096038.2841358	5	25.0	29.0	12.0	8.0	NeuronSpectrum 10.06.2026 14:49:30	EEG	checkup_149_10.06.2026 14:49:30	500.0	504.6666666666667	True	0.5	40.0	4	True	50.0	30.0	-796.89111328125	59.955567327564694	-208.74520874023438	42.40364831736678	-248.99435424804688	36.202361030072275	-557.2116088867188	58.43541642311751	-42.55124282836914	5.001675478190301	-619.2992553710938	64.03129573364306	-172.1951141357422	27.262956620624216	-63.61794662475586	0.5200700940437444	0.0	0.0	0.0	0.0
12.842720985412598	1781096038.0	1781096038.2841382	5	25.0	29.0	12.0	8.0	NeuronSpectrum 10.06.2026 14:49:30	EEG	checkup_149_10.06.2026 14:49:30	500.0	504.6666666666667	True	0.5	40.0	4	True	50.0	30.0	-806.98583984375	39.907962040473166	-211.64822387695312	36.636862262448716	-252.47232055664062	29.337337386263233	-566.1874389648438	42.28499030383717	-42.501399993896484	4.197178084962005	-627.0350341796875	48.00431203776864	-175.72422790527344	21.55247662384857	-63.59431457519531	-0.42706540816681715	0.0	0.0	0.0	0.0
12.84272289276123	1781096038.0	1781096038.28414	5	25.0	29.0	12.0	8.0	NeuronSpectrum 10.06.2026 14:49:30	EEG	checkup_149_10.06.2026 14:49:30	500.0	504.6666666666667	True	0.5	40.0	4	True	50.0	30.0	-813.9136962890625	19.768904250950424	-213.5274658203125	30.81172980342843	-254.69839477539062	22.480549717222388	-572.6509399414062	26.16005688656603	-42.33091735839844	3.1661531843489636	-632.3191528320312	31.74502211452691	-178.2073516845703	15.966365520122537	-63.0933952331543	-1.209908375752557	0.0	0.0	0.0	0.0
12.842724800109863	1781096038.0	1781096038.284142	5	25.0	29.0	12.0	8.0	NeuronSpectrum 10.06.2026 14:49:30	EEG	checkup_149_10.06.2026 14:49:30	500.0	504.6666666666667	True	0.5	40.0	4	True	50.0	30.0	-807.2349243164062	2.8213088138886055	-211.61996459960938	25.78923757509781	-252.4862060546875	16.641914336129446	-569.236083984375	12.389514091280457	-41.55472183227539	2.061140827338022	-627.1091918945312	17.814839261425824	-177.3247528076172	11.242553342927081	-61.50464630126953	-1.6333640760643382	0.0	0.0	0.0	0.0
12.842726707458496	1781096038.0	1781096038.284144	5	25.0	29.0	12.0	8.0	NeuronSpectrum 10.06.2026 14:49:30	EEG	checkup_149_10.06.2026 14:49:30	500.0	504.6666666666667	True	0.5	40.0	4	True	50.0	30.0	-784.2940673828125	-8.401229412519434	-205.35755920410156	22.232021391365645	-245.18743896484375	12.594995492083847	-554.1783447265625	2.776028782544283	-40.17548370361328	1.0156591518599403	-609.4710693359375	8.208374916824958	-172.59918212890625	7.937724855213974	-58.78683090209961	-1.5803498337434925	0.0	0.0	0.0	0.0
12.842728614807129	1781096038.0	1781096038.2841458	5	25.0	29.0	12.0	8.0	NeuronSpectrum 10.06.2026 14:49:30	EEG	checkup_149_10.06.2026 14:49:30	500.0	504.6666666666667	True	0.5	40.0	4	True	50.0	30.0	-758.500244140625	-12.28902977717854	-198.6212615966797	20.568286049044193	-237.29640197753906	10.833292166253264	-537.1923217773438	-1.5219567934359477	-39.158573150634766	0.14450696369075328	-590.0464477539062	4.2240954860889826	-167.24169921875	6.394803942446003	-56.01636505126953	-1.009618367185433	0.0	0.0	0.0	0.0
12.842730522155762	1781096038.0	1781096038.2841477	5	25.0	29.0	12.0	8.0	NeuronSpectrum 10.06.2026 14:49:30	EEG	checkup_149_10.06.2026 14:49:30	500.0	504.6666666666667	True	0.5	40.0	4	True	50.0	30.0	-755.200439453125	-8.210461684051648	-198.53863525390625	20.98304211981439	-237.05691528320312	11.559244509576585	-536.4702758789062	-0.030656623579620734	-40.1182861328125	-0.45681554241777694	-588.7605590820312	6.421013704115118	-167.16036987304688	6.7345912874428056	-55.066650390625	0.05552804623872923	0.0	0.0	0.0	0.0
12.842732191085815	1781096038.0	1781096038.2841494	5	25.0	29.0	12.0	8.0	NeuronSpectrum 10.06.2026 14:49:30	EEG	checkup_149_10.06.2026 14:49:30	500.0	504.6666666666667	True	0.5	40.0	4	True	50.0	30.0	-792.3882446289062	3.429307855809768	-210.0740966796875	23.399493035665554	-250.2014617919922	14.663257258379318	-564.8397216796875	6.986958844199723	-44.05651092529297	-0.7237864781751163	-619.6127319335938	14.56168165719801	-176.51376342773438	8.841730422207643	-57.229496002197266	1.5351365671598785	0.0	0.0	0.0	0.0
12.842734098434448	1781096038.0	1781096038.2841513	5	25.0	29.0	12.0	8.0	NeuronSpectrum 10.06.2026 14:49:30	EEG	checkup_149_10.06.2026 14:49:30	500.0	504.6666666666667	True	0.5	40.0	4	True	50.0	30.0	-857.4091796875	21.092005394071837	-229.54177856445312	27.4415780614333	-272.4451599121094	19.68246779421572	-613.0905151367188	18.44676617716109	-49.88988494873047	-0.64699516985922	-672.360595703125	27.517603001157816	-192.36880493164062	12.337853540997235	-61.570491790771484	3.2923906456462793	0.0	0.0	0.0	0.0
12.842735767364502	1781096038.0	1781096038.284153	5	25.0	29.0	12.0	8.0	NeuronSpectrum 10.06.2026 14:49:30	EEG	checkup_149_10.06.2026 14:49:30	500.0	504.6666666666667	True	0.5	40.0	4	True	50.0	30.0	-899.298095703125	42.07697498140716	-242.51939392089844	32.40967408880941	-287.07830810546875	25.77621965345372	-644.5332641601562	32.406814189652025	-54.033931732177734	-0.29815441322059816	-706.5630493164062	43.22444078719925	-202.95863342285156	16.568094765023353	-64.40554809570312	5.131974685693118	0.0	0.0	0.0	0.0
12.842737674713135	1781096038.0	1781096038.284155	5	25.0	29.0	12.0	8.0	NeuronSpectrum 10.06.2026 14:49:30	EEG	checkup_149_10.06.2026 14:49:30	500.0	504.6666666666667	True	0.5	40.0	4	True	50.0	30.0	-849.3568725585938	62.75165830500549	-229.6628875732422	37.327979609791875	-271.7105712890625	31.78561548253748	-609.8070068359375	46.222375324215825	-51.83497619628906	0.1604787399659691	-667.8928833007812	58.84534744752317	-192.42759704589844	20.648781058444175	-60.78551483154297	6.811541644140758	0.0	0.0	0.0	0.0
12.84273910522461	1781096038.0	1781096038.2841563	5	25.0	29.0	12.0	8.0	NeuronSpectrum 10.06.2026 14:49:30	EEG	checkup_149_10.06.2026 14:49:30	500.0	504.6666666666667	True	0.5	40.0	4	True	50.0	30.0	-662.2230224609375	79.17646661725381	-178.2261962890625	41.10645395629903	-211.62095642089844	36.426067897201044	-476.3537292480469	56.994175552682954	-40.30550003051758	0.4985736900642134	-520.563232421875	71.254502372882	-150.28651428222656	23.61113998512592	-47.43198013305664	8.077804157471475	0.0	0.0	0.0	0.0
12.842741012573242	1781096038.0	1781096038.2841582	5	25.0	29.0	12.0	8.0	NeuronSpectrum 10.06.2026 14:49:30	EEG	checkup_149_10.06.2026 14:49:30	500.0	504.6666666666667	True	0.5	40.0	4	True	50.0	30.0	-351.11041259765625	88.03872311527506	-91.91305541992188	42.797729990121404	-111.16950988769531	38.58915818176146	-253.67970275878906	62.25094317281422	-20.418447494506836	0.4718437313427163	-275.0950012207031	77.77720463831854	-79.53726196289062	24.624263455070107	-25.25234031677246	8.723617629710597	0.0	0.0	0.0	0.0
12.893697500228882	1781096038.0	1781096038.3351147	5	25.0	29.0	12.0	8.0	NeuronSpectrum 10.06.2026 14:49:30	EEG	checkup_149_10.06.2026 14:49:30	500.0	504.6666666666667	True	0.5	40.0	4	True	50.0	30.0	-788.7755126953125	87.55818173113303	-214.4394989013672	41.85660125249345	-253.1468963623047	37.64570288661764	-568.220703125	60.62287959702105	-48.9614372253418	-0.11164794780246019	-620.2307739257812	76.92049875072772	-180.05197143554688	23.220114368123674	-56.269203186035156	8.644345377526566	0.0	0.0	0.0	0.0
12.89370346069336	1781096038.0	1781096038.3351207	5	25.0	29.0	12.0	8.0	NeuronSpectrum 10.06.2026 14:49:30	EEG	checkup_149_10.06.2026 14:49:30	500.0	504.6666666666667	True	0.5	40.0	4	True	50.0	30.0	-788.4004516601562	77.95786353871848	-214.7307586669922	38.287391415902235	-253.51278686523438	33.61637673286345	-568.7532348632812	52.209537246329454	-49.1180305480957	-1.3405648417897154	-619.7783813476562	68.77035283631675	-181.16249084472656	19.42418436301247	-56.31551742553711	7.8662888318380615	0.0	0.0	0.0	0.0
12.89370608329773	1781096038.0	1781096038.3351233	5	25.0	29.0	12.0	8.0	NeuronSpectrum 10.06.2026 14:49:30	EEG	checkup_149_10.06.2026 14:49:30	500.0	504.6666666666667	True	0.5	40.0	4	True	50.0	30.0	-794.1058349609375	61.304424632507995	-216.94171142578125	32.620420926935076	-256.1270751953125	27.14160351640066	-574.1080322265625	38.49379315144802	-49.93647766113281	-3.182115840025199	-624.4901123046875	54.89449006375267	-184.09323120117188	13.740700519486879	-56.87511444091797	6.534098114179814	0.0	0.0	0.0	0.0
12.893707990646362	1781096038.0	1781096038.3351252	5	25.0	29.0	12.0	8.0	NeuronSpectrum 10.06.2026 14:49:30	EEG	checkup_149_10.06.2026 14:49:30	500.0	504.6666666666667	True	0.5	40.0	4	True	50.0	30.0	-804.6738891601562	40.85318451914536	-220.86119079589844	25.749432644279057	-260.67108154296875	19.28815513375931	-583.4862670898438	21.890209917414648	-51.488800048828125	-5.494809333944692	-633.5575561523438	37.84968321537239	-188.54132080078125	7.015919379798445	-57.857303619384766	4.866794816179199	0.0	0.0	0.0	0.0
12.893709897994995	1781096038.0	1781096038.335127	5	25.0	29.0	12.0	8.0	NeuronSpectrum 10.06.2026 14:49:30	EEG	checkup_149_10.06.2026 14:49:30	500.0	504.6666666666667	True	0.5	40.0	4	True	50.0	30.0	-812.1244506835938	20.228059700380356	-224.2723846435547	18.71622955737971	-264.5357971191406	11.293459273388812	-591.06591796875	5.1577361754420705	-53.27888870239258	-8.058227168241835	-640.6688842773438	20.546987713272646	-192.5609130859375	0.24898411587285585	-58.66781997680664	3.105239873506863	0.0	0.0	0.0	0.0
12.893711805343628	1781096038.0	1781096038.335129	5	25.0	29.0	12.0	8.0	NeuronSpectrum 10.06.2026 14:49:30	EEG	checkup_149_10.06.2026 14:49:30	500.0	504.6666666666667	True	0.5	40.0	4	True	50.0	30.0	-805.9959106445312	2.734178054387476	-224.1403350830078	12.52132451154088	-264.19873046875	4.340196020404122	-589.065673828125	-9.112665719351448	-54.52336883544922	-10.60666173102269	-637.3797607421875	5.705531945477429	-193.53570556640625	-5.5842332588388	-58.535911560058594	1.471035033666092	0.0	0.0	0.0	0.0
12.89371371269226	1781096038.0	1781096038.335131	5	25.0	29.0	12.0	8.0	NeuronSpectrum 10.06.2026 14:49:30	EEG	checkup_149_10.06.2026 14:49:30	500.0	504.6666666666667	True	0.5	40.0	4	True	50.0	30.0	-783.6138916015625	-9.06076038860628	-219.51620483398438	7.997090134174909	-258.5594177246094	-0.5953535848808161	-575.1376953125	-18.835658184630706	-54.872249603271484	-12.861053401977768	-621.2572021484375	-4.497978465073244	-190.5178985595703	-9.661355869110388	-57.280853271484375	0.14491724460264319	0.0	0.0	0.0	0.0
12.893715381622314	1781096038.0	1781096038.3351326	5	25.0	29.0	12.0	8.0	NeuronSpectrum 10.06.2026 14:49:30	EEG	checkup_149_10.06.2026 14:49:30	500.0	504.6666666666667	True	0.5	40.0	4	True	50.0	30.0	-758.3544921875	-13.50373623915246	-213.90493774414062	5.737526559513174	-251.65142822265625	-2.8271324765123382	-558.36767578125	-22.606761111542735	-55.01190185546875	-14.56054659378622	-602.4813232421875	-8.60146726868844	-186.13824462890625	-11.397780123983988	-55.91591262817383	-0.7391931104590339	0.0	0.0	0.0	0.0
12.893717288970947	1781096038.0	1781096038.3351345	5	25.0	29.0	12.0	8.0	NeuronSpectrum 10.06.2026 14:49:30	EEG	checkup_149_10.06.2026 14:49:30	500.0	504.6666666666667	True	0.5	40.0	4	True	50.0	30.0	-755.5098876953125	-9.915630410642112	-214.16331481933594	6.054765951465994	-251.3721160888672	-2.00946151218029	-556.4404296875	-19.79290158841724	-56.42659378051758	-15.497549504511113	-600.6871948242188	-5.941213439008933	-185.75631713867188	-10.503826577846258	-56.3184814453125	-1.095129231380347	0.0	0.0	0.0	0.0
12.893718957901001	1781096038.0	1781096038.3351362	5	25.0	29.0	12.0	8.0	NeuronSpectrum 10.06.2026 14:49:30	EEG	checkup_149_10.06.2026 14:49:30	500.0	504.6666666666667	True	0.5	40.0	4	True	50.0	30.0	-793.0103759765625	1.3434804093645016	-225.14376831054688	8.933872354301789	-263.33514404296875	1.813451784478677	-581.9844970703125	-10.615853218526981	-60.123374938964844	-15.557450438939279	-629.8536987304688	3.2638883120592865	-193.2299346923828	-7.032957334178445	-59.77574920654297	-0.8905927222128203	0.0	0.0	0.0	0.0
12.893721103668213	1781096038.0	1781096038.3351383	5	25.0	29.0	12.0	8.0	NeuronSpectrum 10.06.2026 14:49:30	EEG	checkup_149_10.06.2026 14:49:30	500.0	504.6666666666667	True	0.5	40.0	4	True	50.0	30.0	-858.1654663085938	18.771314685115037	-243.20755004882812	13.983446904391249	-283.42767333984375	8.155062837119544	-626.0366821289062	3.7577541569342108	-65.08201599121094	-14.756852493037638	-680.0153198242188	17.810517305673763	-205.78184509277344	-1.4200664250762447	-65.25408172607422	-0.16104423764964315	0.0	0.0	0.0	0.0
12.893722772598267	1781096038.0	1781096038.33514	5	25.0	29.0	12.0	8.0	NeuronSpectrum 10.06.2026 14:49:30	EEG	checkup_149_10.06.2026 14:49:30	500.0	504.6666666666667	True	0.5	40.0	4	True	50.0	30.0	-900.0337524414062	39.68854873824768	-254.1048126220703	20.4165648196021	-295.3731384277344	16.06981507052572	-652.5977783203125	21.19987739501546	-67.7684326171875	-13.265812237012753	-711.2405395507812	35.480058246153554	-212.31613159179688	5.51830828783279	-68.8593521118164	0.9771405602597132	0.0	0.0	0.0	0.0
12.89372444152832	1781096038.0	1781096038.3351417	5	25.0	29.0	12.0	8.0	NeuronSpectrum 10.06.2026 14:49:30	EEG	checkup_149_10.06.2026 14:49:30	500.0	504.6666666666667	True	0.5	40.0	4	True	50.0	30.0	-850.0037841796875	60.46582028075512	-238.7460479736328	27.11850762001521	-277.3372802734375	24.236119183062918	-613.2482299804688	38.81498880692103	-63.561485290527344	-11.396308396035618	-669.7971801757812	53.232279011944755	-197.96533203125	12.66473294148423	-65.41338348388672	2.330186618133588	0.0	0.0	0.0	0.0
12.893726110458374	1781096038.0	1781096038.3351433	5	25.0	29.0	12.0	8.0	NeuronSpectrum 10.06.2026 14:49:30	EEG	checkup_149_10.06.2026 14:49:30	500.0	504.6666666666667	True	0.5	40.0	4	True	50.0	30.0	-662.8215942382812	77.1476679489794	-184.6810302734375	32.83820139051058	-215.07421875	31.18058555608294	-476.2926330566406	53.43438131715348	-49.54745864868164	-9.546951263140732	-520.3997192382812	67.72682265685731	-153.12864685058594	18.787379112772385	-51.54290771484375	3.6594152804197373	0.0	0.0	0.0	0.0
12.893728017807007	1781096038.0	1781096038.3351452	5	25.0	29.0	12.0	8.0	NeuronSpectrum 10.06.2026 14:49:30	EEG	checkup_149_10.06.2026 14:49:30	500.0	504.6666666666667	True	0.5	40.0	4	True	50.0	30.0	-351.7671203613281	86.38812813697089	-95.9090347290039	36.47566365891718	-113.1610107421875	35.61128610382106	-251.7031707763672	62.339813036423735	-26.87774085998535	-8.112893226558965	-273.8376159667969	76.09886646703895	-81.16552734375	22.80400000743918	-28.300052642822266	4.739030401576118	0.0	0.0	0.0	0.0
12.89372968673706	1781096038.0	1781096038.335147	5	25.0	29.0	12.0	8.0	NeuronSpectrum 10.06.2026 14:49:30	EEG	checkup_149_10.06.2026 14:49:30	500.0	504.6666666666667	True	0.5	40.0	4	True	50.0	30.0	-788.4511108398438	86.36025846554386	-217.33070373535156	37.36515337051476	-252.62701416015625	36.74490713632792	-561.6017456054688	63.96418034188272	-56.21113204956055	-7.390160286581728	-617.1558837890625	76.71476055733359	-177.44741821289062	24.037026518583765	-60.12277603149414	5.416656796205704	0.0	0.0	0.0	0.0
12.893731355667114	1781096038.0	1781096038.3351486	5	25.0	29.0	12.0	8.0	NeuronSpectrum 10.06.2026 14:49:30	EEG	checkup_149_10.06.2026 14:49:30	500.0	504.6666666666667	True	0.5	40.0	4	True	50.0	30.0	-787.4700317382812	77.2328353967693	-216.5481414794922	35.43398159564409	-251.6164093017578	34.490343914175675	-560.29638671875	58.26919489216188	-55.480018615722656	-7.509698399112734	-616.4638671875	69.57937969470923	-177.11192321777344	22.358934270354617	-59.04655075073242	5.6483298280446865	0.0	0.0	0.0	0.0
12.893733024597168	1781096038.0	1781096038.3351502	5	25.0	29.0	12.0	8.0	NeuronSpectrum 10.06.2026 14:49:30	EEG	checkup_149_10.06.2026 14:49:30	500.0	504.6666666666667	True	0.5	40.0	4	True	50.0	30.0	-792.6043701171875	61.01760778700972	-218.07078552246094	31.176980824973594	-253.31761169433594	29.42026946083976	-564.5379028320312	46.65361498960554	-55.684165954589844	-8.421527672651763	-621.4383544921875	56.234526295619666	-179.37765502929688	18.17725157378718	-58.15055465698242	5.4940622071939895	0.0	0.0	0.0	0.0
12.8937349319458	1781096038.0	1781096038.3351521	5	25.0	29.0	12.0	8.0	NeuronSpectrum 10.06.2026 14:49:30	EEG	checkup_149_10.06.2026 14:49:30	500.0	504.6666666666667	True	0.5	40.0	4	True	50.0	30.0	-802.7235107421875	40.92110837141973	-221.45144653320312	25.4815802906195	-257.2728576660156	22.570915728307586	-573.2471923828125	31.48619986163746	-56.75517654418945	-9.924735545301589	-631.0035400390625	39.25138388210649	-183.76019287109375	12.287156315053126	-57.522003173828125	5.083104153957764	0.0	0.0	0.0	0.0
12.893736600875854	1781096038.0	1781096038.3351538	5	25.0	29.0	12.0	8.0	NeuronSpectrum 10.06.2026 14:49:30	EEG	checkup_149_10.06.2026 14:49:30	500.0	504.6666666666667	True	0.5	40.0	4	True	50.0	30.0	-809.9047241210938	20.53013539266493	-224.23658752441406	19.395795040364675	-260.7046813964844	15.175677134902916	-580.34033203125	15.501384243235893	-58.02250671386719	-11.722840455425594	-638.599365234375	21.57718606593152	-188.0070037841797	5.668036877338535	-56.79833984375	4.570927902514676	0.0	0.0	0.0	0.0
12.893738508224487	1781096038.0	1781096038.3351557	5	25.0	29.0	12.0	8.0	NeuronSpectrum 10.06.2026 14:49:30	EEG	checkup_149_10.06.2026 14:49:30	500.0	504.6666666666667	True	0.5	40.0	4	True	50.0	30.0	-803.7031860351562	3.1278955072746486	-223.2483673095703	13.924684246009377	-259.971435546875	8.430050892022344	-577.9099731445312	1.2761992008860172	-58.54916000366211	-13.48330836648259	-635.64794921875	5.973792417334428	-189.2132110595703	-0.7031672237915689	-55.421260833740234	4.106489588427391	0.0	0.0	0.0	0.0
12.893740177154541	1781096038.0	1781096038.3351574	5	25.0	29.0	12.0	8.0	NeuronSpectrum 10.06.2026 14:49:30	EEG	checkup_149_10.06.2026 14:49:30	500.0	504.6666666666667	True	0.5	40.0	4	True	50.0	30.0	-781.4267578125	-8.723396060367511	-217.55946350097656	9.89688490529268	-253.98033142089844	3.3350149376955933	-563.7068481445312	-9.106514217848417	-57.90654754638672	-14.888568156839408	-619.7852783203125	-5.3395688250929645	-186.3963623046875	-5.9835857757106545	-53.30952072143555	3.816140683845975	0.0	0.0	0.0	0.0
12.893741846084595	1781096038.0	1781096038.335159	5	25.0	29.0	12.0	8.0	NeuronSpectrum 10.06.2026 14:49:30	EEG	checkup_149_10.06.2026 14:49:30	500.0	504.6666666666667	True	0.5	40.0	4	True	50.0	30.0	-756.4168701171875	-13.360641543161979	-210.8717803955078	7.897159135446127	-246.92393493652344	0.6139920212921677	-547.1373291015625	-14.220429266967825	-56.80821228027344	-15.675479178815765	-601.4779663085938	-10.855452004646805	-182.5644989013672	-9.540032807212176	-51.407257080078125	3.799241405054095	0.0	0.0	0.0	0.0
12.893743515014648	1781096038.0	1781096038.3351607	5	25.0	29.0	12.0	8.0	NeuronSpectrum 10.06.2026 14:49:30	EEG	checkup_149_10.06.2026 14:49:30	500.0	504.6666666666667	True	0.5	40.0	4	True	50.0	30.0	-753.9302978515625	-10.081630841400363	-210.34434509277344	8.233098213311054	-246.93772888183594	0.6674086576041613	-546.2909545898438	-13.366024750281639	-56.86076354980469	-15.66636354688385	-600.7450561523438	-9.85182655854178	-183.735595703125	-10.991528537155798	-51.39471435546875	4.124941816357435	0.0	0.0	0.0	0.0
12.893745422363281	1781096038.0	1781096038.3351626	5	25.0	29.0	12.0	8.0	NeuronSpectrum 10.06.2026 14:49:30	EEG	checkup_149_10.06.2026 14:49:30	500.0	504.6666666666667	True	0.5	40.0	4	True	50.0	30.0	-791.8640747070312	0.7859537506152878	-221.1021270751953	10.902576493341437	-259.79473876953125	3.5278894228956865	-574.0409545898438	-6.634821971672853	-59.23857879638672	-14.795460999159987	-631.8034057617188	-2.464914570790542	-194.2407684326172	-10.244525798947063	-54.373695373535156	4.8212736097514926	0.0	0.0	0.0	0.0
12.893747091293335	1781096038.0	1781096038.3351643	5	25.0	29.0	12.0	8.0	NeuronSpectrum 10.06.2026 14:49:30	EEG	checkup_149_10.06.2026 14:49:30	500.0	504.6666666666667	True	0.5	40.0	4	True	50.0	30.0	-857.4849853515625	17.77717299855767	-239.60972595214844	15.553352842536421	-281.3057556152344	8.808162624498474	-621.2811279296875	5.009615466956802	-63.069854736328125	-13.12980675848463	-684.5386352539062	10.215486745152168	-211.0382080078125	-7.527676157096552	-59.29684829711914	5.855918250648239	0.0	0.0	0.0	0.0
12.893748998641968	1781096038.0	1781096038.3351662	5	25.0	29.0	12.0	8.0	NeuronSpectrum 10.06.2026 14:49:30	EEG	checkup_149_10.06.2026 14:49:30	500.0	504.6666666666667	True	0.5	40.0	4	True	50.0	30.0	-899.7885131835938	38.250496294686876	-251.48532104492188	21.464321771181247	-294.8420104980469	15.677534264021531	-651.424560546875	19.707374902686606	-64.90927124023438	-10.875927035193406	-718.4198608398438	26.112386036638327	-221.82489013671875	-3.402549678996956	-62.488529205322266	7.118894227996316	0.0	0.0	0.0	0.0
12.893750429153442	1781096038.0	1781096038.3351676	5	25.0	29.0	12.0	8.0	NeuronSpectrum 10.06.2026 14:49:30	EEG	checkup_149_10.06.2026 14:49:30	500.0	504.6666666666667	True	0.5	40.0	4	True	50.0	30.0	-850.0868530273438	58.610687196498844	-237.32640075683594	27.6027765680008	-278.0793151855469	22.930670698404164	-615.2128295898438	34.86994836767779	-60.16963195800781	-8.35947027799627	-678.87548828125	42.342474150425716	-210.02081298828125	1.2930691485463175	-59.11278533935547	8.424003128619715	0.0	0.0	0.0	0.0
12.893752336502075	1781096038.0	1781096038.3351696	5	25.0	29.0	12.0	8.0	NeuronSpectrum 10.06.2026 14:49:30	EEG	checkup_149_10.06.2026 14:49:30	500.0	504.6666666666667	True	0.5	40.0	4	True	50.0	30.0	-663.0675048828125	74.92951501468434	-184.33863830566406	32.79622517660583	-216.4007568359375	29.19295102182658	-480.2239074707031	47.633680598262615	-45.95560073852539	-5.970257614542401	-529.9422607421875	55.71732524204992	-164.7413787841797	5.5987218183989285	-46.03501892089844	9.54141477910777	0.0	0.0	0.0	0.0
12.89375376701355	1781096038.0	1781096038.335171	5	25.0	29.0	12.0	8.0	NeuronSpectrum 10.06.2026 14:49:30	EEG	checkup_149_10.06.2026 14:49:30	500.0	504.6666666666667	True	0.5	40.0	4	True	50.0	30.0	-352.0086669921875	83.87941693463449	-96.30438232421875	35.996002468259526	-114.3479232788086	33.23461990624856	-256.14581298828125	55.535737467195574	-23.45490264892578	-4.081113672085978	-282.25042724609375	63.49575923510932	-89.35299682617188	8.659280223014145	-24.247634887695312	10.25738921903891	0.0	0.0	0.0	0.0
12.944606304168701	1781096038.0	1781096038.3860235	5	25.0	29.0	12.0	8.0	NeuronSpectrum 10.06.2026 14:49:30	EEG	checkup_149_10.06.2026 14:49:30	500.0	504.6666666666667	True	0.5	40.0	4	True	50.0	30.0	-789.217041015625	83.64257240470462	-219.3710174560547	36.53924754708877	-255.52066040039062	34.28340635056929	-568.3446044921875	57.170052739693375	-52.963069915771484	-2.966275707694263	-628.9967651367188	64.11796736153613	-194.0810089111328	9.9460694615604	-54.289695739746094	10.438204439071706	0.0	0.0	0.0	0.0
12.9446120262146	1781096038.0	1781096038.3860292	5	25.0	29.0	12.0	8.0	NeuronSpectrum 10.06.2026 14:49:30	EEG	checkup_149_10.06.2026 14:49:30	500.0	504.6666666666667	True	0.5	40.0	4	True	50.0	30.0	-788.3244018554688	74.38859452073106	-218.5735626220703	34.29616066402935	-253.99867248535156	32.202130129728374	-565.7255249023438	52.53275872070651	-52.08745193481445	-2.7495263296095542	-627.3086547851562	57.597495697657905	-192.3218231201172	9.374789296069354	-53.78078079223633	10.069223417811205	0.0	0.0	0.0	0.0
12.944614887237549	1781096038.0	1781096038.386032	5	25.0	29.0	12.0	8.0	NeuronSpectrum 10.06.2026 14:49:30	EEG	checkup_149_10.06.2026 14:49:30	500.0	504.6666666666667	True	0.5	40.0	4	True	50.0	30.0	-793.4418334960938	58.1239747155109	-219.70974731445312	29.647621479697225	-254.72412109375	27.465163424525528	-567.1211547851562	42.91813084132651	-51.892425537109375	-3.3972475283078394	-630.355712890625	45.41421854443491	-191.53042602539062	7.275280241400546	-53.67789077758789	9.25360286527396	0.0	0.0	0.0	0.0
12.94461727142334	1781096038.0	1781096038.3860345	5	25.0	29.0	12.0	8.0	NeuronSpectrum 10.06.2026 14:49:30	EEG	checkup_149_10.06.2026 14:49:30	500.0	504.6666666666667	True	0.5	40.0	4	True	50.0	30.0	-803.4534301757812	38.04682063740937	-222.73886108398438	23.329554930696055	-257.6025085449219	20.973954625077344	-571.9572143554688	30.462863899016707	-52.38911056518555	-4.748653647416323	-637.4251098632812	30.01376418073331	-191.6693572998047	4.247193394358778	-53.97229766845703	8.177538424355108	0.0	0.0	0.0	0.0
12.944619178771973	1781096038.0	1781096038.3860364	5	25.0	29.0	12.0	8.0	NeuronSpectrum 10.06.2026 14:49:30	EEG	checkup_149_10.06.2026 14:49:30	500.0	504.6666666666667	True	0.5	40.0	4	True	50.0	30.0	-810.4822387695312	17.73527046455502	-225.5570831298828	16.233096122850817	-260.2049865722656	13.814287876193532	-574.8558349609375	17.57501944841175	-53.09907913208008	-6.5622121009477885	-642.4097900390625	14.173159419825776	-191.19009399414062	0.9807493118875064	-54.18453598022461	7.062446189112597	0.0	0.0	0.0	0.0
12.944621324539185	1781096038.0	1781096038.3860385	5	25.0	29.0	12.0	8.0	NeuronSpectrum 10.06.2026 14:49:30	EEG	checkup_149_10.06.2026 14:49:30	500.0	504.6666666666667	True	0.5	40.0	4	True	50.0	30.0	-804.14111328125	0.4656612742944457	-225.2136993408203	9.238480662852886	-259.12908935546875	7.0472732230200155	-568.6211547851562	6.45909715917672	-53.32504653930664	-8.559669566507296	-637.1480712890625	0.46630148200440935	-187.96461486816406	-1.8882640998745146	-53.63811492919922	6.122749394706623	0.0	0.0	0.0	0.0
12.944623470306396	1781096038.0	1781096038.3860407	5	25.0	29.0	12.0	8.0	NeuronSpectrum 10.06.2026 14:49:30	EEG	checkup_149_10.06.2026 14:49:30	500.0	504.6666666666667	True	0.5	40.0	4	True	50.0	30.0	-781.76513671875	-11.204534952066815	-220.99493408203125	3.1141145132778254	-253.42381286621094	1.5745612988052695	-551.5451049804688	-1.1683436246682646	-52.849117279052734	-10.459928274354656	-619.5507202148438	-9.065197349633936	-181.6206817626953	-3.860566168660037	-52.12998962402344	5.537720304866463	0.0	0.0	0.0	0.0
12.94462513923645	1781096038.0	1781096038.3860424	5	25.0	29.0	12.0	8.0	NeuronSpectrum 10.06.2026 14:49:30	EEG	checkup_149_10.06.2026 14:49:30	500.0	504.6666666666667	True	0.5	40.0	4	True	50.0	30.0	-756.6583862304688	-15.616425779338963	-216.93865966796875	-1.5330463515467665	-247.39964294433594	-1.932632869558633	-533.3221435546875	-4.195325294431207	-52.50412368774414	-12.005230257083836	-600.1716918945312	-13.058769650858258	-175.4281768798828	-4.603307519389054	-50.475154876708984	5.43574987273558	0.0	0.0	0.0	0.0
12.944627285003662	1781096038.0	1781096038.3860445	5	25.0	29.0	12.0	8.0	NeuronSpectrum 10.06.2026 14:49:30	EEG	checkup_149_10.06.2026 14:49:30	500.0	504.6666666666667	True	0.5	40.0	4	True	50.0	30.0	-753.9844970703125	-12.07441359522444	-220.57681274414062	-4.293995787556584	-249.3013458251953	-3.079304671216584	-532.0995483398438	-2.153950978820043	-53.8886833190918	-12.987035011516678	-598.9515991210938	-10.89250730644854	-175.30799865722656	-3.960377132920742	-50.24808120727539	5.88392797794568	0.0	0.0	0.0	0.0
12.944629192352295	1781096038.0	1781096038.3860464	5	25.0	29.0	12.0	8.0	NeuronSpectrum 10.06.2026 14:49:30	EEG	checkup_149_10.06.2026 14:49:30	500.0	504.6666666666667	True	0.5	40.0	4	True	50.0	30.0	-791.5578002929688	-0.918237005485143	-237.0406951904297	-5.014672243652257	-264.8790283203125	-1.8027984373575854	-560.6553955078125	4.7279809295764785	-58.03313064575195	-13.277079031163327	-629.9302368164062	-2.7573158325671354	-185.31854248046875	-1.9735273890927332	-52.54351043701172	6.876453674385888	0.0	0.0	0.0	0.0
12.944630861282349	1781096038.0	1781096038.386048	5	25.0	29.0	12.0	8.0	NeuronSpectrum 10.06.2026 14:49:30	EEG	checkup_149_10.06.2026 14:49:30	500.0	504.6666666666667	True	0.5	40.0	4	True	50.0	30.0	-856.66015625	16.368025740474884	-261.9510192871094	-3.8748672045417143	-289.5892639160156	1.5580569520674357	-609.6915893554688	15.442453394471764	-63.80252456665039	-12.861076038170111	-682.7922973632812	10.239875108318149	-202.23165893554688	1.0798588976500716	-56.48374557495117	8.321753351188233	0.0	0.0	0.0	0.0
12.944632530212402	1781096038.0	1781096038.3860497	5	25.0	29.0	12.0	8.0	NeuronSpectrum 10.06.2026 14:49:30	EEG	checkup_149_10.06.2026 14:49:30	500.0	504.6666666666667	True	0.5	40.0	4	True	50.0	30.0	-898.4426879882812	37.11745975491551	-279.13372802734375	-1.4461554400441063	-306.0356140136719	6.224384799284778	-642.3350830078125	28.163353657121263	-67.41376495361328	-11.862268201414917	-716.8388061523438	26.031233662691196	-213.79220581054688	4.661308505297116	-58.744483947753906	10.036955820232407	0.0	0.0	0.0	0.0
12.944634437561035	1781096038.0	1781096038.3860517	5	25.0	29.0	12.0	8.0	NeuronSpectrum 10.06.2026 14:49:30	EEG	checkup_149_10.06.2026 14:49:30	500.0	504.6666666666667	True	0.5	40.0	4	True	50.0	30.0	-848.4600830078125	57.70671314571302	-267.04559326171875	1.3407809828714994	-290.9131774902344	11.040371517483324	-608.9268798828125	40.39835773029914	-63.93881607055664	-10.536561960685008	-677.3961181640625	41.759821329386504	-203.60260009765625	8.008832737310165	-54.90755081176758	11.763369809400816	0.0	0.0	0.0	0.0
12.94463586807251	1781096038.0	1781096038.386053	5	25.0	29.0	12.0	8.0	NeuronSpectrum 10.06.2026 14:49:30	EEG	checkup_149_10.06.2026 14:49:30	500.0	504.6666666666667	True	0.5	40.0	4	True	50.0	30.0	-661.5931396484375	74.18217672467087	-211.51145935058594	3.368375892635253	-228.86102294921875	14.685872223186166	-476.5635681152344	49.430705283347905	-50.22488021850586	-9.227053034652693	-528.481689453125	54.277644021908266	-160.7991943359375	10.273878117134586	-42.12373352050781	13.21170447604012	0.0	0.0	0.0	0.0
12.944637775421143	1781096038.0	1781096038.386055	5	25.0	29.0	12.0	8.0	NeuronSpectrum 10.06.2026 14:49:30	EEG	checkup_149_10.06.2026 14:49:30	500.0	504.6666666666667	True	0.5	40.0	4	True	50.0	30.0	-351.12921142578125	83.19977454719383	-116.63702392578125	3.6205474214795097	-124.35552978515625	16.00785911714612	-254.49462890625	52.99045722593525	-27.360767364501953	-8.28402310161095	-280.7926025390625	60.901307479755644	-88.33956146240234	10.739932032657128	-21.370548248291016	14.130274927990687	0.0	0.0	0.0	0.0
12.995581150054932	1781096038.0	1781096038.4369984	5	25.0	29.0	12.0	8.0	NeuronSpectrum 10.06.2026 14:49:30	EEG	checkup_149_10.06.2026 14:49:30	500.0	504.6666666666667	True	0.5	40.0	4	True	50.0	30.0	-786.92822265625	82.93937960099984	-253.90696716308594	1.4809839403458882	-273.90191650390625	14.351298056837171	-571.4924926757812	49.910661713925926	-58.07786560058594	-7.977080367924291	-628.9573974609375	60.15298228447504	-192.42201232910156	9.042555959024678	-49.58463668823242	14.372160521203515	0.0	0.0	0.0	0.0
12.99558687210083	1781096038.0	1781096038.437004	5	25.0	29.0	12.0	8.0	NeuronSpectrum 10.06.2026 14:49:30	EEG	checkup_149_10.06.2026 14:49:30	500.0	504.6666666666667	True	0.5	40.0	4	True	50.0	30.0	-786.1700439453125	73.58562908481179	-254.93319702148438	-3.0902141180225073	-274.965087890625	9.744854604611689	-573.5411987304688	40.47213856869515	-57.587825775146484	-8.433001949814116	-628.7107543945312	52.15772110593974	-193.35220336914062	5.291490073238248	-49.42681884765625	13.932564131663664	0.0	0.0	0.0	0.0
12.995589017868042	1781096038.0	1781096038.4370062	5	25.0	29.0	12.0	8.0	NeuronSpectrum 10.06.2026 14:49:30	EEG	checkup_149_10.06.2026 14:49:30	500.0	504.6666666666667	True	0.5	40.0	4	True	50.0	30.0	-791.6050415039062	57.17693050007042	-257.85943603515625	-9.570281771571514	-278.2203063964844	2.868133964025513	-579.9054565429688	26.291216267502058	-57.88822555541992	-9.618757988346701	-633.5267333984375	38.53523872167602	-195.8528594970703	0.04333862391967869	-49.87467575073242	12.94178719211793	0.0	0.0	0.0	0.0
12.995591163635254	1781096038.0	1781096038.4370084	5	25.0	29.0	12.0	8.0	NeuronSpectrum 10.06.2026 14:49:30	EEG	checkup_149_10.06.2026 14:49:30	500.0	504.6666666666667	True	0.5	40.0	4	True	50.0	30.0	-802.0162963867188	36.9553445043783	-262.4129638671875	-17.044474069580957	-283.1887512207031	-5.15895213722978	-589.5210571289062	9.843906632207231	-58.9752197265625	-11.365377280015606	-642.4039306640625	21.88877063819382	-199.60498046875	-5.84856088178342	-50.78440856933594	11.62180704747396	0.0	0.0	0.0	0.0
12.995592594146729	1781096038.0	1781096038.4370098	5	25.0	29.0	12.0	8.0	NeuronSpectrum 10.06.2026 14:49:30	EEG	checkup_149_10.06.2026 14:49:30	500.0	504.6666666666667	True	0.5	40.0	4	True	50.0	30.0	-809.4043579101562	16.54608853430403	-266.0814208984375	-24.43820737974047	-287.0168151855469	-13.055044409039446	-596.4326171875	-6.137045595536893	-60.250038146972656	-13.413201900914302	-648.9107055664062	5.151324171735531	-202.56680297851562	-11.432551476674247	-51.52840042114258	10.228414486880311	0.0	0.0	0.0	0.0
12.99559473991394	1781096038.0	1781096038.437012	5	25.0	29.0	12.0	8.0	NeuronSpectrum 10.06.2026 14:49:30	EEG	checkup_149_10.06.2026 14:49:30	500.0	504.6666666666667	True	0.5	40.0	4	True	50.0	30.0	-803.27001953125	-0.7353000800931643	-265.4754943847656	-30.72230451828505	-285.9693298339844	-19.62250152003976	-592.9110717773438	-19.17604108200446	-60.84667205810547	-15.459544666940914	-644.6005859375	-8.973152062008108	-202.01156616210938	-15.835331486608018	-51.31331253051758	8.999864762843067	0.0	0.0	0.0	0.0
12.995596647262573	1781096038.0	1781096038.4370139	5	25.0	29.0	12.0	8.0	NeuronSpectrum 10.06.2026 14:49:30	EEG	checkup_149_10.06.2026 14:49:30	500.0	504.6666666666667	True	0.5	40.0	4	True	50.0	30.0	-780.8665161132812	-12.310020801509632	-259.577880859375	-35.04955367165693	-278.95074462890625	-23.90896956402127	-576.8504638671875	-27.37696933663135	-60.410030364990234	-17.199167863599257	-627.1587524414062	-18.361958510428497	-197.02069091796875	-18.381668682594754	-49.89934539794922	8.12305664724571	0.0	0.0	0.0	0.0
12.995598554611206	1781096038.0	1781096038.4370158	5	25.0	29.0	12.0	8.0	NeuronSpectrum 10.06.2026 14:49:30	EEG	checkup_149_10.06.2026 14:49:30	500.0	504.6666666666667	True	0.5	40.0	4	True	50.0	30.0	-755.4579467773438	-16.5215539324659	-252.36643981933594	-36.828106641361906	-270.3403015136719	-25.28918761537001	-557.720947265625	-29.56783872942756	-59.724266052246094	-18.357610083201767	-606.9658813476562	-21.63558432416728	-190.53143310546875	-18.658026380146957	-48.17519760131836	7.7174810713291295	0.0	0.0	0.0	0.0
12.995600461959839	1781096038.0	1781096038.4370177	5	25.0	29.0	12.0	8.0	NeuronSpectrum 10.06.2026 14:49:30	EEG	checkup_149_10.06.2026 14:49:30	500.0	504.6666666666667	True	0.5	40.0	4	True	50.0	30.0	-752.2249145507812	-12.700034812543805	-251.5662384033203	-35.76462383187638	-268.623046875	-23.5032267006798	-553.6510620117188	-25.351021215180126	-60.42660140991211	-18.722561850307805	-603.8798217773438	-18.221768441921668	-188.45510864257812	-16.54283653559807	-47.88465118408203	7.830125609169862	0.0	0.0	0.0	0.0
12.995602130889893	1781096038.0	1781096038.4370193	5	25.0	29.0	12.0	8.0	NeuronSpectrum 10.06.2026 14:49:30	EEG	checkup_149_10.06.2026 14:49:30	500.0	504.6666666666667	True	0.5	40.0	4	True	50.0	30.0	-789.0765380859375	-1.2277094056301898	-262.6803894042969	-31.90936406262675	-279.8942565917969	-18.688910313132563	-577.6735229492188	-15.145143563012635	-63.618221282958984	-18.17744924243822	-632.068115234375	-8.41601872902202	-195.17738342285156	-12.22747776495965	-50.31751251220703	8.433300091292988	0.0	0.0	0.0	0.0
12.995604038238525	1781096038.0	1781096038.4370213	5	25.0	29.0	12.0	8.0	NeuronSpectrum 10.06.2026 14:49:30	EEG	checkup_149_10.06.2026 14:49:30	500.0	504.6666666666667	True	0.5	40.0	4	True	50.0	30.0	-853.4750366210938	16.36290931350048	-281.78173828125	-25.70732535596985	-300.01007080078125	-11.417191259276557	-621.0955810546875	-0.241483754566167	-68.20661163330078	-16.734412965525575	-681.68212890625	6.537825298070692	-208.0436248779297	-6.2329118597984685	-54.71613693237305	9.422273509379679	0.0	0.0	0.0	0.0
12.99560546875	1781096038.0	1781096038.4370227	5	25.0	29.0	12.0	8.0	NeuronSpectrum 10.06.2026 14:49:30	EEG	checkup_149_10.06.2026 14:49:30	500.0	504.6666666666667	True	0.5	40.0	4	True	50.0	30.0	-894.8015747070312	37.3622220041678	-293.1635437011719	-18.01873339703498	-312.0054016113281	-2.695400754265964	-647.9873657226562	17.197666328216428	-70.41542053222656	-14.554519112851883	-712.8184204101562	24.42945743561166	-215.45899963378906	0.6020883064336919	-57.72346115112305	10.617928094808754	0.0	0.0	0.0	0.0
12.995607376098633	1781096038.0	1781096038.4370246	5	25.0	29.0	12.0	8.0	NeuronSpectrum 10.06.2026 14:49:30	EEG	checkup_149_10.06.2026 14:49:30	500.0	504.6666666666667	True	0.5	40.0	4	True	50.0	30.0	-844.8080444335938	58.11876171304935	-275.7421569824219	-10.047498100230058	-293.01605224609375	6.12416555614008	-609.7762451171875	34.33191226108185	-65.3531265258789	-11.938120565460792	-671.6791381835938	42.2761798746928	-201.61557006835938	7.2028100178275265	-54.73332595825195	11.78532316994532	0.0	0.0	0.0	0.0
12.995609045028687	1781096038.0	1781096038.4370263	5	25.0	29.0	12.0	8.0	NeuronSpectrum 10.06.2026 14:49:30	EEG	checkup_149_10.06.2026 14:49:30	500.0	504.6666666666667	True	0.5	40.0	4	True	50.0	30.0	-658.4429321289062	74.66876553785103	-215.77340698242188	-3.136989455918859	-228.07606506347656	13.571895818124293	-474.4296569824219	48.117732278085654	-50.0237922668457	-9.27456912240238	-522.8235473632812	56.831916904655856	-156.07699584960938	12.436572667064905	-42.63896179199219	12.675714154626757	0.0	0.0	0.0	0.0
12.99561095237732	1781096038.0	1781096038.4370282	5	25.0	29.0	12.0	8.0	NeuronSpectrum 10.06.2026 14:49:30	EEG	checkup_149_10.06.2026 14:49:30	500.0	504.6666666666667	True	0.5	40.0	4	True	50.0	30.0	-348.8830261230469	83.67349223043348	-117.69984436035156	1.5372533630210496	-121.9161148071289	18.39204076250783	-251.49362182617188	55.99977014085255	-25.822439193725586	-6.958639349062878	-276.8153076171875	65.34049013327275	-82.05711364746094	15.360581543455927	-22.221542358398438	13.085937143146294	0.0	0.0	0.0	0.0
12.995612382888794	1781096038.0	1781096038.4370296	5	25.0	29.0	12.0	8.0	NeuronSpectrum 10.06.2026 14:49:30	EEG	checkup_149_10.06.2026 14:49:30	500.0	504.6666666666667	True	0.5	40.0	4	True	50.0	30.0	-783.7576904296875	83.32709333472869	-251.57083129882812	3.269128640418086	-268.0878601074219	19.860787963252925	-562.2697143554688	56.57429230993377	-56.129512786865234	-5.301142135450183	-619.7435913085938	66.2646856726262	-185.35214233398438	15.455179255892405	-51.68357849121094	12.913418467302728	0.0	0.0	0.0	0.0
12.995614290237427	1781096038.0	1781096038.4370315	5	25.0	29.0	12.0	8.0	NeuronSpectrum 10.06.2026 14:49:30	EEG	checkup_149_10.06.2026 14:49:30	500.0	504.6666666666667	True	0.5	40.0	4	True	50.0	30.0	-783.2079467773438	73.82986960590178	-249.67056274414062	1.9879829387259917	-266.61041259765625	17.95314908260686	-561.8919677734375	49.93353523715405	-54.470306396484375	-4.467293725706972	-618.3363037109375	59.66969302765443	-185.9853057861328	12.74400404837385	-51.80876541137695	12.181391654881903	0.0	0.0	0.0	0.0
12.99561595916748	1781096038.0	1781096038.4370332	5	25.0	29.0	12.0	8.0	NeuronSpectrum 10.06.2026 14:49:30	EEG	checkup_149_10.06.2026 14:49:30	500.0	504.6666666666667	True	0.5	40.0	4	True	50.0	30.0	-788.827392578125	57.23153543811595	-249.9013214111328	-1.7747582199127652	-267.4645080566406	13.293110888071704	-566.5643310546875	37.551564802150715	-53.575679779052734	-4.4614929550814475	-622.0949096679688	47.10622054845116	-188.6219482421875	7.754670943810829	-52.20365905761719	11.023315805283662	0.0	0.0	0.0	0.0
12.995617866516113	1781096038.0	1781096038.437035	5	25.0	29.0	12.0	8.0	NeuronSpectrum 10.06.2026 14:49:30	EEG	checkup_149_10.06.2026 14:49:30	500.0	504.6666666666667	True	0.5	40.0	4	True	50.0	30.0	-799.4039916992188	36.77871147817513	-251.9747314453125	-7.0784111413068596	-270.3101806640625	6.933882494669397	-575.2784423828125	21.809641271064955	-53.49080276489258	-5.152939746762202	-630.1052856445312	31.099685936636337	-192.80047607421875	1.3536943298137385	-52.829071044921875	9.637298764168895	0.0	0.0	0.0	0.0
12.995619535446167	1781096038.0	1781096038.4370368	5	25.0	29.0	12.0	8.0	NeuronSpectrum 10.06.2026 14:49:30	EEG	checkup_149_10.06.2026 14:49:30	500.0	504.6666666666667	True	0.5	40.0	4	True	50.0	30.0	-806.971435546875	16.09545688763884	-253.504638671875	-12.823775895354684	-272.49884033203125	0.08083878839709979	-582.1146240234375	5.399106226709242	-53.719139099121094	-6.321681593057695	-636.0691528320312	14.505690119129966	-196.4219512939453	-5.4633833303381465	-53.20931625366211	8.233525314531958	0.0	0.0	0.0	0.0
12.9956214427948	1781096038.0	1781096038.4370387	5	25.0	29.0	12.0	8.0	NeuronSpectrum 10.06.2026 14:49:30	EEG	checkup_149_10.06.2026 14:49:30	500.0	504.6666666666667	True	0.5	40.0	4	True	50.0	30.0	-801.0733032226562	-1.5060848735187788	-251.3035125732422	-17.969280462061658	-270.51116943359375	-6.141705065354568	-579.3789672851562	-9.183120210639107	-53.5123405456543	-7.705793542623204	-631.691650390625	-0.033570093363860076	-196.81983947753906	-11.753085331749192	-52.705413818359375	6.994382796309986	0.0	0.0	0.0	0.0
12.995623111724854	1781096038.0	1781096038.4370403	5	25.0	29.0	12.0	8.0	NeuronSpectrum 10.06.2026 14:49:30	EEG	checkup_149_10.06.2026 14:49:30	500.0	504.6666666666667	True	0.5	40.0	4	True	50.0	30.0	-778.9906616210938	-13.4482549793523	-244.51934814453125	-21.66916235223004	-263.44598388671875	-10.833899924872334	-565.0709228515625	-19.947244555690332	-52.59956359863281	-9.04032935379359	-614.82763671875	-10.424678744207402	-193.27320861816406	-16.741459048958824	-51.20676040649414	6.055045250847405	0.0	0.0	0.0	0.0
12.995625019073486	1781096038.0	1781096038.4370422	5	25.0	29.0	12.0	8.0	NeuronSpectrum 10.06.2026 14:49:30	EEG	checkup_149_10.06.2026 14:49:30	500.0	504.6666666666667	True	0.5	40.0	4	True	50.0	30.0	-753.9814453125	-18.069388137463783	-237.17050170898438	-23.340183581968788	-255.83937072753906	-13.383510401564958	-548.8701782226562	-25.55008168275884	-51.790897369384766	-10.088407986620334	-596.042236328125	-15.271598103809245	-189.0073699951172	-19.88263542801227	-49.69057846069336	5.5005627359061195	0.0	0.0	0.0	0.0
12.995626449584961	1781096038.0	1781096038.4370437	5	25.0	29.0	12.0	8.0	NeuronSpectrum 10.06.2026 14:49:30	EEG	checkup_149_10.06.2026 14:49:30	500.0	504.6666666666667	True	0.5	40.0	4	True	50.0	30.0	-751.18408203125	-14.685690753755583	-236.89231872558594	-22.692669139905195	-256.259765625	-13.490819644121492	-549.0952758789062	-25.349562525405034	-52.712364196777344	-10.669769168668205	-595.3289794921875	-13.93429631080346	-190.14981079101562	-20.88686084621218	-49.925724029541016	5.368880518170748	0.0	0.0	0.0	0.0
12.995628356933594	1781096038.0	1781096038.4370456	5	25.0	29.0	12.0	8.0	NeuronSpectrum 10.06.2026 14:49:30	EEG	checkup_149_10.06.2026 14:49:30	500.0	504.6666666666667	True	0.5	40.0	4	True	50.0	30.0	-788.4489135742188	-3.6562410637437006	-249.0478515625	-19.761926840454255	-270.73065185546875	-11.197200550174934	-578.6578369140625	-19.463448088257305	-56.46868133544922	-10.690855338144445	-626.79833984375	-6.5941682180673755	-200.99139404296875	-19.746968946050107	-53.128196716308594	5.649652512315411	0.0	0.0	0.0	0.0
12.995630264282227	1781096038.0	1781096038.4370475	5	25.0	29.0	12.0	8.0	NeuronSpectrum 10.06.2026 14:49:30	EEG	checkup_149_10.06.2026 14:49:30	500.0	504.6666666666667	True	0.5	40.0	4	True	50.0	30.0	-853.1951293945312	13.517336772899858	-269.61749267578125	-14.948032261043737	-294.7849426269531	-6.927339831177628	-628.1478271484375	-8.854582694205728	-62.01731491088867	-10.173500018148717	-680.2069702148438	5.650867703920967	-218.30502319335938	-16.77008557844365	-58.34568405151367	6.275977522885229	0.0	0.0	0.0	0.0
12.99563217163086	1781096038.0	1781096038.4370494	5	25.0	29.0	12.0	8.0	NeuronSpectrum 10.06.2026 14:49:30	EEG	checkup_149_10.06.2026 14:49:30	500.0	504.6666666666667	True	0.5	40.0	4	True	50.0	30.0	-894.8016967773438	34.160995252751576	-282.8765869140625	-9.030351195628672	-310.8564147949219	-1.5079206055091978	-660.3203735351562	4.634838821120379	-65.64151763916016	-9.270243377229285	-714.9142456054688	20.748072468105857	-229.5200958251953	-12.588137548259704	-61.939483642578125	7.1167129005916765	0.0	0.0	0.0	0.0
12.995633840560913	1781096038.0	1781096038.437051	5	25.0	29.0	12.0	8.0	NeuronSpectrum 10.06.2026 14:49:30	EEG	checkup_149_10.06.2026 14:49:30	500.0	504.6666666666667	True	0.5	40.0	4	True	50.0	30.0	-845.0557250976562	54.659430802257994	-267.7193908691406	-3.097075161268467	-295.31939697265625	3.9043681232079823	-625.1229858398438	18.441437765573237	-62.41548538208008	-8.249826204980188	-676.2681884765625	35.86426052195762	-217.8055419921875	-8.099708636986087	-59.040401458740234	7.983961882304987	0.0	0.0	0.0	0.0
12.995635747909546	1781096038.0	1781096038.437053	5	25.0	29.0	12.0	8.0	NeuronSpectrum 10.06.2026 14:49:30	EEG	checkup_149_10.06.2026 14:49:30	500.0	504.6666666666667	True	0.5	40.0	4	True	50.0	30.0	-658.9468994140625	71.08112128378798	-210.24954223632812	1.6509929098051854	-232.5359344482422	8.032231707815487	-489.5900573730469	29.73022070051421	-49.11379623413086	-7.4430795940423895	-528.2488403320312	47.88129523448548	-172.1234130859375	-4.3106543862133115	-46.432456970214844	8.666762058037708	0.0	0.0	0.0	0.0
12.99563717842102	1781096038.0	1781096038.4370544	5	25.0	29.0	12.0	8.0	NeuronSpectrum 10.06.2026 14:49:30	EEG	checkup_149_10.06.2026 14:49:30	500.0	504.6666666666667	True	0.5	40.0	4	True	50.0	30.0	-349.65765380859375	80.11110598988226	-114.57069396972656	4.194587481145983	-126.92123413085938	9.795358571513006	-263.4524230957031	36.074178228310075	-26.702524185180664	-7.157792372289018	-281.4507751464844	54.144734756722	-95.80082702636719	-2.0954017682356447	-25.02146339416504	8.986766990097294	0.0	0.0	0.0	0.0
13.046512603759766	1781096038.0	1781096038.4879298	5	25.0	29.0	12.0	8.0	NeuronSpectrum 10.06.2026 14:49:30	EEG	checkup_149_10.06.2026 14:49:30	500.0	504.6666666666667	True	0.5	40.0	4	True	50.0	30.0	-784.0653686523438	79.95483473056231	-248.7804412841797	3.9821147918446025	-277.6459655761719	8.620032369266651	-580.6500244140625	36.118562588616825	-58.23823547363281	-7.591304013700768	-629.4476318359375	53.19563301139467	-202.61134338378906	-1.9631419906019678	-55.7760124206543	8.853903577744997	0.0	0.0	0.0	0.0
13.046518325805664	1781096038.0	1781096038.4879355	5	25.0	29.0	12.0	8.0	NeuronSpectrum 10.06.2026 14:49:30	EEG	checkup_149_10.06.2026 14:49:30	500.0	504.6666666666667	True	0.5	40.0	4	True	50.0	30.0	-783.1178588867188	70.80846676305364	-248.48133850097656	1.0805345082575402	-278.1762390136719	4.600714704048045	-579.2074584960938	29.933661593550195	-58.5607795715332	-8.775548012999725	-629.1397094726562	45.15959813330628	-201.8592071533203	-3.93027004636441	-55.64194869995117	8.294755463294155	0.0	0.0	0.0	0.0
13.046520471572876	1781096038.0	1781096038.4879377	5	25.0	29.0	12.0	8.0	NeuronSpectrum 10.06.2026 14:49:30	EEG	checkup_149_10.06.2026 14:49:30	500.0	504.6666666666667	True	0.5	40.0	4	True	50.0	30.0	-788.1586303710938	54.70069787740851	-250.1241912841797	-3.871182048970305	-280.6363220214844	-1.5543113848787762	-581.9373168945312	18.912002871967623	-59.68281173706055	-10.57386426855875	-633.6657104492188	31.633868300898488	-202.59140014648438	-7.548932982219624	-55.6688346862793	7.440548978295888	0.0	0.0	0.0	0.0
13.046522378921509	1781096038.0	1781096038.4879396	5	25.0	29.0	12.0	8.0	NeuronSpectrum 10.06.2026 14:49:30	EEG	checkup_149_10.06.2026 14:49:30	500.0	504.6666666666667	True	0.5	40.0	4	True	50.0	30.0	-798.0453491210938	34.84058771850196	-253.30506896972656	-9.86556694856989	-284.5843505859375	-8.747347497439875	-588.1299438476562	5.305830300731825	-61.48054504394531	-12.723515637869662	-642.140625	15.176352786431409	-204.59103393554688	-12.060304664058961	-55.816593170166016	6.484081426328486	0.0	0.0	0.0	0.0
13.046524047851562	1781096038.0	1781096038.4879413	5	25.0	29.0	12.0	8.0	NeuronSpectrum 10.06.2026 14:49:30	EEG	checkup_149_10.06.2026 14:49:30	500.0	504.6666666666667	True	0.5	40.0	4	True	50.0	30.0	-804.903076171875	14.800254464902656	-255.47877502441406	-15.785392599250725	-287.2211608886719	-15.772342627635082	-592.1617431640625	-8.357559308544104	-63.18869400024414	-14.901274601878564	-648.2339477539062	-1.343303988849449	-205.93096923828125	-16.592937655103817	-55.625423431396484	5.627923514327483	0.0	0.0	0.0	0.0
13.046526193618774	1781096038.0	1781096038.4879434	5	25.0	29.0	12.0	8.0	NeuronSpectrum 10.06.2026 14:49:30	EEG	checkup_149_10.06.2026 14:49:30	500.0	504.6666666666667	True	0.5	40.0	4	True	50.0	30.0	-798.36083984375	-2.1705581259267204	-253.3094024658203	-20.624409438391037	-284.90191650390625	-21.549773222183266	-586.5598754882812	-19.768006835575648	-63.77566909790039	-16.78897920714997	-643.5692749023438	-15.294647790480388	-204.02066040039062	-20.333722488885947	-54.48735427856445	5.043476126321581	0.0	0.0	0.0	0.0
13.046528100967407	1781096038.0	1781096038.4879453	5	25.0	29.0	12.0	8.0	NeuronSpectrum 10.06.2026 14:49:30	EEG	checkup_149_10.06.2026 14:49:30	500.0	504.6666666666667	True	0.5	40.0	4	True	50.0	30.0	-775.7577514648438	-13.561533404776984	-245.8874969482422	-23.62543192592221	-276.72589111328125	-25.267723744107077	-569.3893432617188	-27.1339167857655	-62.82737731933594	-18.125308600228937	-625.9077758789062	-24.62982388171305	-198.12815856933594	-22.63761885569095	-52.31464385986328	4.848983517139468	0.0	0.0	0.0	0.0
13.046529769897461	1781096038.0	1781096038.487947	5	25.0	29.0	12.0	8.0	NeuronSpectrum 10.06.2026 14:49:30	EEG	checkup_149_10.06.2026 14:49:30	500.0	504.6666666666667	True	0.5	40.0	4	True	50.0	30.0	-750.3790893554688	-17.77647746833383	-237.33575439453125	-24.34092910539904	-267.4200439453125	-26.43787363721498	-550.21826171875	-29.311961802167136	-61.282081604003906	-18.740612442111058	-605.7645263671875	-28.038061527913147	-191.42689514160156	-23.081393067376794	-50.076995849609375	5.103376892177459	0.0	0.0	0.0	0.0
13.046531438827515	1781096038.0	1781096038.4879487	5	25.0	29.0	12.0	8.0	NeuronSpectrum 10.06.2026 14:49:30	EEG	checkup_149_10.06.2026 14:49:30	500.0	504.6666666666667	True	0.5	40.0	4	True	50.0	30.0	-747.3773803710938	-14.187590006533625	-235.57061767578125	-22.65126247121746	-265.89886474609375	-24.908683946224325	-547.187744140625	-25.85274140032536	-61.15373992919922	-18.578626772501778	-603.1866455078125	-25.00512054380623	-190.02792358398438	-21.489420870117726	-49.515357971191406	5.806601810375092	0.0	0.0	0.0	0.0
13.046533346176147	1781096038.0	1781096038.4879506	5	25.0	29.0	12.0	8.0	NeuronSpectrum 10.06.2026 14:49:30	EEG	checkup_149_10.06.2026 14:49:30	500.0	504.6666666666667	True	0.5	40.0	4	True	50.0	30.0	-784.62451171875	-3.192828746191565	-246.3443603515625	-18.77723434994563	-278.543212890625	-20.879050844089434	-573.1969604492188	-17.05033328867307	-63.99460983276367	-17.710025589188184	-632.48388671875	-15.872312163100746	-198.3123016357422	-17.959570660602466	-51.847442626953125	6.89761477842905	0.0	0.0	0.0	0.0
13.04653525352478	1781096038.0	1781096038.4879525	5	25.0	29.0	12.0	8.0	NeuronSpectrum 10.06.2026 14:49:30	EEG	checkup_149_10.06.2026 14:49:30	500.0	504.6666666666667	True	0.5	40.0	4	True	50.0	30.0	-849.5714721679688	13.691054452548524	-265.9994812011719	-13.296932857196074	-301.0787658691406	-14.924384334146943	-619.2034912109375	-4.017275208575375	-68.9818344116211	-16.33763444115905	-683.7457885742188	-1.9174485148332443	-213.26719665527344	-12.89480339576621	-56.20939636230469	8.248153332642035	0.0	0.0	0.0	0.0
13.046536684036255	1781096038.0	1781096038.487954	5	25.0	29.0	12.0	8.0	NeuronSpectrum 10.06.2026 14:49:30	EEG	checkup_149_10.06.2026 14:49:30	500.0	504.6666666666667	True	0.5	40.0	4	True	50.0	30.0	-891.6159057617188	33.803094907368546	-279.0081787109375	-7.136334978708337	-315.87890625	-7.9998658280834025	-648.7171630859375	11.29186660958101	-72.22213745117188	-14.784909642177968	-716.7151489257812	14.627235526305649	-222.5985870361328	-7.013089492197328	-59.14603042602539	9.66019943396492	0.0	0.0	0.0	0.0
13.046538591384888	1781096038.0	1781096038.4879558	5	25.0	29.0	12.0	8.0	NeuronSpectrum 10.06.2026 14:49:30	EEG	checkup_149_10.06.2026 14:49:30	500.0	504.6666666666667	True	0.5	40.0	4	True	50.0	30.0	-842.5161743164062	53.570438666230295	-264.2308654785156	-1.4775145542354717	-299.08502197265625	-1.3552618000531622	-612.5330810546875	26.24756177025441	-68.32820892333984	-13.45487036736298	-677.0362548828125	30.772736379611622	-209.70347595214844	-1.2875399343847416	-55.99561309814453	10.881188951562542	0.0	0.0	0.0	0.0
13.046540260314941	1781096038.0	1781096038.4879575	5	25.0	29.0	12.0	8.0	NeuronSpectrum 10.06.2026 14:49:30	EEG	checkup_149_10.06.2026 14:49:30	500.0	504.6666666666667	True	0.5	40.0	4	True	50.0	30.0	-657.1701049804688	69.13044164160462	-207.55242919921875	2.4528947766614504	-234.86709594726562	3.684314541077818	-478.1556091308594	37.99940082175828	-53.684017181396484	-12.753317220402122	-528.7643432617188	43.290696898244605	-163.6377716064453	3.216260105473441	-43.65288162231445	11.646867674444156	0.0	0.0	0.0	0.0
13.046542167663574	1781096038.0	1781096038.4879594	5	25.0	29.0	12.0	8.0	NeuronSpectrum 10.06.2026 14:49:30	EEG	checkup_149_10.06.2026 14:49:30	500.0	504.6666666666667	True	0.5	40.0	4	True	50.0	30.0	-348.63037109375	77.25620115965063	-112.7999496459961	3.6844189590242715	-127.69090270996094	6.041351369140269	-255.05091857910156	44.15465286140733	-29.296934127807617	-12.988866392200292	-282.29852294921875	49.47852092511059	-87.69023895263672	5.584092441463741	-22.94780731201172	11.746249146358572	0.0	0.0	0.0	0.0
13.09746766090393	1781096038.0	1781096038.5388849	5	25.0	29.0	12.0	8.0	NeuronSpectrum 10.06.2026 14:49:30	EEG	checkup_149_10.06.2026 14:49:30	500.0	504.6666666666667	True	0.5	40.0	4	True	50.0	30.0	-783.9331665039062	76.24936321258947	-249.77597045898438	1.7850371038476989	-279.9674072265625	5.1951778945502864	-569.0787353515625	43.43700841247035	-65.9979476928711	-14.2825578857132	-630.42919921875	47.89918797609637	-193.70806884765625	5.29390707300518	-52.707550048828125	11.085304011278943	0.0	0.0	0.0	0.0
13.097472429275513	1781096038.0	1781096038.5388896	5	25.0	29.0	12.0	8.0	NeuronSpectrum 10.06.2026 14:49:30	EEG	checkup_149_10.06.2026 14:49:30	500.0	504.6666666666667	True	0.5	40.0	4	True	50.0	30.0	-783.9290161132812	66.39689069630772	-251.5993194580078	-3.0022932867843077	-280.2747497558594	1.3365590885734875	-569.17138671875	36.03154338892641	-67.66657257080078	-16.52421129345002	-631.4247436523438	38.76839183261181	-194.01226806640625	2.3513950660251823	-53.27304458618164	9.720627297342721	0.0	0.0	0.0	0.0
13.097475051879883	1781096038.0	1781096038.5388923	5	25.0	29.0	12.0	8.0	NeuronSpectrum 10.06.2026 14:49:30	EEG	checkup_149_10.06.2026 14:49:30	500.0	504.6666666666667	True	0.5	40.0	4	True	50.0	30.0	-789.74365234375	49.79891785710193	-255.1239776611328	-9.829224860994925	-282.3263244628906	-4.699995958715495	-573.664794921875	23.473143432389612	-69.97395324707031	-19.39368932037149	-637.5714721679688	23.82988089995915	-196.24171447753906	-2.7315875415678117	-54.431217193603516	7.848196646772049	0.0	0.0	0.0	0.0
13.097476959228516	1781096038.0	1781096038.5388942	5	25.0	29.0	12.0	8.0	NeuronSpectrum 10.06.2026 14:49:30	EEG	checkup_149_10.06.2026 14:49:30	500.0	504.6666666666667	True	0.5	40.0	4	True	50.0	30.0	-800.0792846679688	29.70474136221462	-259.75201416015625	-17.47365175301262	-285.6681823730469	-11.678702741868731	-581.633056640625	8.173779062779984	-72.59065246582031	-22.43586484156097	-647.7454223632812	5.824619075348163	-200.0647430419922	-9.087323433893555	-56.035465240478516	5.755006720406158	0.0	0.0	0.0	0.0
13.09747838973999	1781096038.0	1781096038.5388956	5	25.0	29.0	12.0	8.0	NeuronSpectrum 10.06.2026 14:49:30	EEG	checkup_149_10.06.2026 14:49:30	500.0	504.6666666666667	True	0.5	40.0	4	True	50.0	30.0	-806.9588012695312	9.688460004193555	-262.88153076171875	-24.627026759481087	-287.6181335449219	-18.26398571686776	-587.3338012695312	-7.174823641533481	-74.63796997070312	-25.159502650405635	-655.3905029296875	-12.183096114235397	-203.4686279296875	-15.694411183725455	-57.418155670166016	3.755558793027172	0.0	0.0	0.0	0.0
13.097480297088623	1781096038.0	1781096038.5388975	5	25.0	29.0	12.0	8.0	NeuronSpectrum 10.06.2026 14:49:30	EEG	checkup_149_10.06.2026 14:49:30	500.0	504.6666666666667	True	0.5	40.0	4	True	50.0	30.0	-800.006103515625	-7.036712773390827	-261.2148132324219	-30.1396466560188	-284.66851806640625	-23.275672924960805	-583.251953125	-20.10848767355741	-75.05801391601562	-27.130426391901022	-651.9512329101562	-27.382540286913624	-203.784423828125	-21.56078263402411	-57.710819244384766	2.1343761600175406	0.0	0.0	0.0	0.0
13.097481966018677	1781096038.0	1781096038.5388992	5	25.0	29.0	12.0	8.0	NeuronSpectrum 10.06.2026 14:49:30	EEG	checkup_149_10.06.2026 14:49:30	500.0	504.6666666666667	True	0.5	40.0	4	True	50.0	30.0	-776.66162109375	-18.028275059129736	-253.8711395263672	-33.17570896661946	-275.8914489746094	-25.84777638697696	-567.4129638671875	-28.707945415023172	-73.46403503417969	-28.04083635496794	-635.07861328125	-37.58281349609201	-200.15049743652344	-25.853065607184373	-56.593441009521484	1.106021937788245	0.0	0.0	0.0	0.0
13.09748363494873	1781096038.0	1781096038.5389009	5	25.0	29.0	12.0	8.0	NeuronSpectrum 10.06.2026 14:49:30	EEG	checkup_149_10.06.2026 14:49:30	500.0	504.6666666666667	True	0.5	40.0	4	True	50.0	30.0	-750.3915405273438	-21.775524171353574	-244.90008544921875	-33.28112302048009	-265.706298828125	-25.49674472679738	-549.2787475585938	-31.74261750089655	-70.84308624267578	-27.749591196192032	-615.2498779296875	-41.38358666556806	-195.50762939453125	-27.97464134336783	-54.90945053100586	0.7936606456528493	0.0	0.0	0.0	0.0
13.097485303878784	1781096038.0	1781096038.5389025	5	25.0	29.0	12.0	8.0	NeuronSpectrum 10.06.2026 14:49:30	EEG	checkup_149_10.06.2026 14:49:30	500.0	504.6666666666667	True	0.5	40.0	4	True	50.0	30.0	-746.555908203125	-17.736665707690044	-242.05682373046875	-30.39856430957052	-262.5542297363281	-22.13848908541745	-546.8206787109375	-28.725670580940157	-69.27810668945312	-26.297296388932708	-612.525634765625	-38.24214340060558	-195.6472625732422	-27.615798496653742	-54.412940979003906	1.2204732863825694	0.0	0.0	0.0	0.0
13.097487211227417	1781096038.0	1781096038.5389044	5	25.0	29.0	12.0	8.0	NeuronSpectrum 10.06.2026 14:49:30	EEG	checkup_149_10.06.2026 14:49:30	500.0	504.6666666666667	True	0.5	40.0	4	True	50.0	30.0	-783.2059936523438	-6.379418858913442	-250.99208068847656	-24.86736796199428	-272.5414733886719	-16.095231490973568	-572.8057861328125	-19.966185656368708	-70.44331359863281	-23.90282436850625	-641.2474975585938	-28.53080706571096	-204.66183471679688	-24.798598866300967	-56.44349670410156	2.307159536508041	0.0	0.0	0.0	0.0
13.097488641738892	1781096038.0	1781096038.5389059	5	25.0	29.0	12.0	8.0	NeuronSpectrum 10.06.2026 14:49:30	EEG	checkup_149_10.06.2026 14:49:30	500.0	504.6666666666667	True	0.5	40.0	4	True	50.0	30.0	-847.9061889648438	10.738229679516193	-268.2028503417969	-17.420768146161592	-291.7195129394531	-8.104129591192743	-618.2365112304688	-6.639208987272918	-73.72261810302734	-20.944129250179962	-691.533203125	-13.60800064419493	-219.45570373535156	-19.917412692509654	-60.29225158691406	3.873521994764474	0.0	0.0	0.0	0.0
13.097490072250366	1781096038.0	1781096038.5389073	5	25.0	29.0	12.0	8.0	NeuronSpectrum 10.06.2026 14:49:30	EEG	checkup_149_10.06.2026 14:49:30	500.0	504.6666666666667	True	0.5	40.0	4	True	50.0	30.0	-890.0855712890625	30.947366365272117	-278.6528625488281	-9.153792143847411	-303.4906921386719	0.704378194911388	-646.9104614257812	9.202310998152095	-75.49271392822266	-17.918999917880427	-723.1599731445312	4.180052046506586	-227.9717254638672	-13.74524190238784	-62.62018585205078	5.649892912252627	0.0	0.0	0.0	0.0
13.09749174118042	1781096038.0	1781096038.538909	5	25.0	29.0	12.0	8.0	NeuronSpectrum 10.06.2026 14:49:30	EEG	checkup_149_10.06.2026 14:49:30	500.0	504.6666666666667	True	0.5	40.0	4	True	50.0	30.0	-841.4525756835938	50.696639554318814	-261.8818054199219	-1.4100367065494752	-285.32965087890625	8.918279280984558	-610.0636596679688	24.810715919838497	-70.60095977783203	-15.377423316464071	-681.8541870117188	21.716865926991513	-214.09933471679688	-7.358330874955375	-58.81867218017578	7.308892011964262	0.0	0.0	0.0	0.0
13.097493410110474	1781096038.0	1781096038.5389106	5	25.0	29.0	12.0	8.0	NeuronSpectrum 10.06.2026 14:49:30	EEG	checkup_149_10.06.2026 14:49:30	500.0	504.6666666666667	True	0.5	40.0	4	True	50.0	30.0	-656.78369140625	66.16327793600577	-204.30819702148438	4.446440814741486	-222.29620361328125	15.08518480143614	-475.5756530761719	37.215565964732875	-55.49612808227539	-13.823537250668915	-531.8418579101562	35.653611268305504	-167.38729858398438	-1.949590633357266	-45.802711486816406	8.523377242075721	0.0	0.0	0.0	0.0
13.097495317459106	1781096038.0	1781096038.5389125	5	25.0	29.0	12.0	8.0	NeuronSpectrum 10.06.2026 14:49:30	EEG	checkup_149_10.06.2026 14:49:30	500.0	504.6666666666667	True	0.5	40.0	4	True	50.0	30.0	-348.96087646484375	74.1638097854833	-109.83550262451172	7.342086925308974	-118.67263793945312	18.04917579991129	-253.0090789794922	43.919333283495135	-31.001480102539062	-13.602706123261388	-283.77862548828125	43.19222881182927	-91.3053207397461	1.4421954637234624	-24.438749313354492	9.04151268129333	0.0	0.0	0.0	0.0
13.09749698638916	1781096038.0	1781096038.5389142	5	25.0	29.0	12.0	8.0	NeuronSpectrum 10.06.2026 14:49:30	EEG	checkup_149_10.06.2026 14:49:30	500.0	504.6666666666667	True	0.5	40.0	4	True	50.0	30.0	-783.9168701171875	73.03301837057344	-242.13531494140625	6.781008177736071	-264.2821960449219	17.266363204445607	-564.1968994140625	43.57093141775615	-66.81202697753906	-14.807864777627216	-631.1456909179688	42.837973352035156	-194.41961669921875	2.1974768451641644	-55.19114303588867	8.753463015548926	0.0	0.0	0.0	0.0
13.097498655319214	1781096038.0	1781096038.5389159	5	25.0	29.0	12.0	8.0	NeuronSpectrum 10.06.2026 14:49:30	EEG	checkup_149_10.06.2026 14:49:30	500.0	504.6666666666667	True	0.5	40.0	4	True	50.0	30.0	-783.7965087890625	63.07217885724668	-243.01492309570312	2.9830291325469998	-265.2622985839844	12.96084994305725	-563.9623413085938	36.321787738338415	-68.6688232421875	-17.24211897196036	-631.066650390625	34.79209368149734	-193.6133270263672	0.268180259084685	-55.74222183227539	7.7209334811947405	0.0	0.0	0.0	0.0
13.097500324249268	1781096038.0	1781096038.5389175	5	25.0	29.0	12.0	8.0	NeuronSpectrum 10.06.2026 14:49:30	EEG	checkup_149_10.06.2026 14:49:30	500.0	504.6666666666667	True	0.5	40.0	4	True	50.0	30.0	-789.2547607421875	46.37622211633028	-246.07009887695312	-3.1865293755130035	-268.63885498046875	6.054811471792089	-568.59130859375	23.71990447921258	-71.34976959228516	-20.454376820253103	-636.195068359375	20.824864107735205	-195.08404541015625	-3.838505167048193	-56.68124008178711	6.156856225514106	0.0	0.0	0.0	0.0
13.0975022315979	1781096038.0	1781096038.5389194	5	25.0	29.0	12.0	8.0	NeuronSpectrum 10.06.2026 14:49:30	EEG	checkup_149_10.06.2026 14:49:30	500.0	504.6666666666667	True	0.5	40.0	4	True	50.0	30.0	-799.1531372070312	26.176693492538668	-250.60147094726562	-10.45183797143968	-273.6944885253906	-2.081064516651846	-577.0874633789062	8.235124178020975	-74.37689971923828	-23.834521526280454	-645.384033203125	3.735233599384406	-198.4322052001953	-9.218052080772067	-57.82771682739258	4.366641749612057	0.0	0.0	0.0	0.0
13.097503662109375	1781096038.0	1781096038.5389209	5	25.0	29.0	12.0	8.0	NeuronSpectrum 10.06.2026 14:49:30	EEG	checkup_149_10.06.2026 14:49:30	500.0	504.6666666666667	True	0.5	40.0	4	True	50.0	30.0	-805.725830078125	6.029261762637282	-253.91925048828125	-17.421213248658297	-277.49517822265625	-9.942936840935308	-583.5728759765625	-7.349148079115787	-76.76336669921875	-26.735279978601007	-652.1438598632812	-13.338051764353702	-201.48226928710938	-14.790083994993859	-58.58465576171875	2.6765995130289406	0.0	0.0	0.0	0.0
13.097505331039429	1781096038.0	1781096038.5389225	5	25.0	29.0	12.0	8.0	NeuronSpectrum 10.06.2026 14:49:30	EEG	checkup_149_10.06.2026 14:49:30	500.0	504.6666666666667	True	0.5	40.0	4	True	50.0	30.0	-798.7767333984375	-10.859548423673868	-252.64273071289062	-22.84403594316502	-276.3199768066406	-16.16943680139063	-580.3460693359375	-20.462124167260054	-77.37583923339844	-28.587542950711764	-648.005615234375	-27.51128138143495	-201.34593200683594	-19.50768983349866	-58.22348403930664	1.3729651762218993	0.0	0.0	0.0	0.0
13.097506999969482	1781096038.0	1781096038.5389242	5	25.0	29.0	12.0	8.0	NeuronSpectrum 10.06.2026 14:49:30	EEG	checkup_149_10.06.2026 14:49:30	500.0	504.6666666666667	True	0.5	40.0	4	True	50.0	30.0	-775.8053588867188	-22.03372283472249	-245.7228240966797	-25.780274082701958	-269.0078430175781	-19.724169163574977	-565.1754150390625	-29.086031427920197	-75.70545196533203	-28.987315233358544	-630.5555419921875	-36.53958408709457	-196.92686462402344	-22.512741161190043	-56.56122970581055	0.663350125573396	0.0	0.0	0.0	0.0
13.097508907318115	1781096038.0	1781096038.5389261	5	25.0	29.0	12.0	8.0	NeuronSpectrum 10.06.2026 14:49:30	EEG	checkup_149_10.06.2026 14:49:30	500.0	504.6666666666667	True	0.5	40.0	4	True	50.0	30.0	-750.1619262695312	-25.9475565800171	-236.87498474121094	-25.682619675902654	-259.6573791503906	-19.98582047227142	-547.1906127929688	-31.921357244824833	-72.49256134033203	-27.746020280296815	-609.9266967773438	-39.000973282913236	-190.9747314453125	-23.23157818295356	-54.50409698486328	0.660342792261296	0.0	0.0	0.0	0.0
13.09751033782959	1781096038.0	1781096038.5389276	5	25.0	29.0	12.0	8.0	NeuronSpectrum 10.06.2026 14:49:30	EEG	checkup_149_10.06.2026 14:49:30	500.0	504.6666666666667	True	0.5	40.0	4	True	50.0	30.0	-746.9437255859375	-22.009503719473198	-233.4219512939453	-22.42225259057512	-256.3484802246094	-16.78012610344044	-544.0445556640625	-28.455740816081313	-69.48860931396484	-24.906226378862563	-605.6565551757812	-34.36865213953598	-189.22183227539062	-21.428276680543654	-53.76835632324219	1.3793695659394483	0.0	0.0	0.0	0.0
13.097512245178223	1781096038.0	1781096038.5389295	5	25.0	29.0	12.0	8.0	NeuronSpectrum 10.06.2026 14:49:30	EEG	checkup_149_10.06.2026 14:49:30	500.0	504.6666666666667	True	0.5	40.0	4	True	50.0	30.0	-783.9086303710938	-10.635778426160027	-240.75010681152344	-16.29328885127741	-264.99884033203125	-10.391733796247438	-568.3980102539062	-19.018001424723305	-68.15927124023438	-20.729634360418714	-631.7578125	-23.06334177392491	-195.92393493652344	-17.235850873650758	-55.59480285644531	2.741780449775977	0.0	0.0	0.0	0.0
13.097513675689697	1781096038.0	1781096038.538931	5	25.0	29.0	12.0	8.0	NeuronSpectrum 10.06.2026 14:49:30	EEG	checkup_149_10.06.2026 14:49:30	500.0	504.6666666666667	True	0.5	40.0	4	True	50.0	30.0	-848.4507446289062	6.653432090741882	-255.587158203125	-8.008244417147308	-281.91326904296875	-1.5682867309500401	-611.5615844726562	-4.837263135586798	-68.07891082763672	-15.66285877873192	-678.653564453125	-6.5096190146629525	-208.3967742919922	-11.169136087651387	-59.1970100402832	4.579414319429944	0.0	0.0	0.0	0.0
13.09751558303833	1781096038.0	1781096038.5389328	5	25.0	29.0	12.0	8.0	NeuronSpectrum 10.06.2026 14:49:30	EEG	checkup_149_10.06.2026 14:49:30	500.0	504.6666666666667	True	0.5	40.0	4	True	50.0	30.0	-890.0554809570312	27.199930753560064	-263.7427673339844	1.3393467274624224	-291.28741455078125	8.511399288748338	-638.083251953125	11.965306081277712	-66.34436798095703	-10.281603729848248	-707.2003784179688	12.88208361351013	-215.14503479003906	-4.096898862425892	-61.247039794921875	6.645468810254366	0.0	0.0	0.0	0.0
13.097517013549805	1781096038.0	1781096038.5389342	5	25.0	29.0	12.0	8.0	NeuronSpectrum 10.06.2026 14:49:30	EEG	checkup_149_10.06.2026 14:49:30	500.0	504.6666666666667	True	0.5	40.0	4	True	50.0	30.0	-840.694580078125	47.42859853326851	-245.93856811523438	10.392033252813764	-271.69183349609375	18.3587932297685	-600.134521484375	28.582199000598536	-58.86859893798828	-5.210890345493789	-664.5797729492188	31.950200228664887	-200.56410217285156	2.864269183889352	-57.23689270019531	8.642086404259238	0.0	0.0	0.0	0.0
13.097518682479858	1781096038.0	1781096038.538936	5	25.0	29.0	12.0	8.0	NeuronSpectrum 10.06.2026 14:49:30	EEG	checkup_149_10.06.2026 14:49:30	500.0	504.6666666666667	True	0.5	40.0	4	True	50.0	30.0	-655.477783203125	63.45922086931365	-189.5110626220703	17.754697579518556	-209.07504272460938	26.420948327712733	-466.2580261230469	42.00851016418938	-43.04710006713867	-1.0239465384978925	-516.05126953125	47.32745698750846	-154.44264221191406	8.554198275415663	-44.20151901245117	10.27128262925388	0.0	0.0	0.0	0.0
13.097520351409912	1781096038.0	1781096038.5389376	5	25.0	29.0	12.0	8.0	NeuronSpectrum 10.06.2026 14:49:30	EEG	checkup_149_10.06.2026 14:49:30	500.0	504.6666666666667	True	0.5	40.0	4	True	50.0	30.0	-347.51519775390625	72.02640531531513	-98.45018768310547	22.2972779001414	-107.91302490234375	31.41453328427362	-246.0120849609375	49.74372754881169	-20.043203353881836	1.8640069743983	-272.1755676269531	56.218922926361195	-80.13977813720703	12.038692095806443	-23.055259704589844	11.301682523492044	0.0	0.0	0.0	0.0
13.148441076278687	1781096038.0	1781096038.5898583	5	25.0	29.0	12.0	8.0	NeuronSpectrum 10.06.2026 14:49:30	EEG	checkup_149_10.06.2026 14:49:30	500.0	504.6666666666667	True	0.5	40.0	4	True	50.0	30.0	-780.2510986328125	71.37433050218179	-223.20704650878906	23.431604465396855	-246.61456298828125	32.63560049761081	-552.4238891601562	50.45950081185313	-48.89463806152344	3.2771205349671138	-610.8216552734375	57.14008282441486	-181.9390869140625	12.854163274083229	-51.89974594116211	11.627614984345248	0.0	0.0	0.0	0.0
13.148447036743164	1781096038.0	1781096038.5898643	5	25.0	29.0	12.0	8.0	NeuronSpectrum 10.06.2026 14:49:30	EEG	checkup_149_10.06.2026 14:49:30	500.0	504.6666666666667	True	0.5	40.0	4	True	50.0	30.0	-779.6322631835938	61.72385690890075	-222.863037109375	21.244087817410513	-246.32969665527344	30.113804594702167	-551.6126098632812	44.34111316386768	-48.767601013183594	3.305540532519975	-610.1121215820312	50.29262147371531	-181.68289184570312	11.125147046345527	-51.708648681640625	11.293693396095598	0.0	0.0	0.0	0.0
13.148449897766113	1781096038.0	1781096038.589867	5	25.0	29.0	12.0	8.0	NeuronSpectrum 10.06.2026 14:49:30	EEG	checkup_149_10.06.2026 14:49:30	500.0	504.6666666666667	True	0.5	40.0	4	True	50.0	30.0	-785.135986328125	45.116941069142364	-224.81275939941406	16.430477643187086	-248.64927673339844	24.550674612003267	-555.5422973632812	32.962739867270514	-49.64100646972656	2.2666706384069335	-614.8074340820312	37.42432475106889	-183.22735595703125	7.507325437069482	-51.97294998168945	10.473262808770993	0.0	0.0	0.0	0.0
13.148452043533325	1781096038.0	1781096038.5898693	5	25.0	29.0	12.0	8.0	NeuronSpectrum 10.06.2026 14:49:30	EEG	checkup_149_10.06.2026 14:49:30	500.0	504.6666666666667	True	0.5	40.0	4	True	50.0	30.0	-795.5842895507812	24.770491836767107	-228.46388244628906	10.077228886510529	-252.9990997314453	17.089944235504667	-563.0812377929688	18.794127280336262	-51.0744743347168	0.6170483008809675	-623.6244506835938	21.282102971636533	-185.95274353027344	2.991937630977357	-52.53861618041992	9.412170998905284	0.0	0.0	0.0	0.0
13.148453950881958	1781096038.0	1781096038.5898712	5	25.0	29.0	12.0	8.0	NeuronSpectrum 10.06.2026 14:49:30	EEG	checkup_149_10.06.2026 14:49:30	500.0	504.6666666666667	True	0.5	40.0	4	True	50.0	30.0	-803.0462646484375	4.265320470418648	-231.29469299316406	3.391861279236744	-256.6247863769531	9.03141820054607	-568.3550415039062	4.577987287943956	-52.217533111572266	-1.1533923421454308	-630.012451171875	4.923356803626032	-187.72576904296875	-1.3420239808240646	-52.801673889160156	8.362874540037533	0.0	0.0	0.0	0.0
13.14845585823059	1781096038.0	1781096038.589873	5	25.0	29.0	12.0	8.0	NeuronSpectrum 10.06.2026 14:49:30	EEG	checkup_149_10.06.2026 14:49:30	500.0	504.6666666666667	True	0.5	40.0	4	True	50.0	30.0	-797.0897216796875	-13.135353251251509	-230.13455200195312	-2.5246202882085766	-256.0125427246094	1.58894933203451	-563.7892456054688	-7.202258558169576	-52.147682189941406	-2.6144788247255604	-625.5431518554688	-8.871567909471601	-185.91334533691406	-4.5459596330953485	-52.02067565917969	7.531596044625753	0.0	0.0	0.0	0.0
13.148458003997803	1781096038.0	1781096038.5898752	5	25.0	29.0	12.0	8.0	NeuronSpectrum 10.06.2026 14:49:30	EEG	checkup_149_10.06.2026 14:49:30	500.0	504.6666666666667	True	0.5	40.0	4	True	50.0	30.0	-774.982421875	-24.902372814446323	-224.1525115966797	-6.818343426990323	-250.25804138183594	-4.260448242930311	-547.308837890625	-14.65736795786825	-50.56446838378906	-3.4584248608490236	-607.922119140625	-17.968464689527206	-179.7042999267578	-5.945370811104484	-50.039791107177734	7.049600492743397	0.0	0.0	0.0	0.0
13.148460149765015	1781096038.0	1781096038.5898774	5	25.0	29.0	12.0	8.0	NeuronSpectrum 10.06.2026 14:49:30	EEG	checkup_149_10.06.2026 14:49:30	500.0	504.6666666666667	True	0.5	40.0	4	True	50.0	30.0	-749.918212890625	-29.417693199686987	-217.2390594482422	-8.941227540764624	-243.75851440429688	-7.844069450427084	-528.1383666992188	-16.639149402317983	-48.32936477661133	-3.527895700714636	-587.4324340820312	-21.041812483720737	-171.98451232910156	-5.204438100992483	-47.86740493774414	6.9673145210556795	0.0	0.0	0.0	0.0
13.148462057113647	1781096038.0	1781096038.5898793	5	25.0	29.0	12.0	8.0	NeuronSpectrum 10.06.2026 14:49:30	EEG	checkup_149_10.06.2026 14:49:30	500.0	504.6666666666667	True	0.5	40.0	4	True	50.0	30.0	-746.9541015625	-26.03259830661078	-216.77723693847656	-8.663666565546059	-244.8120574951172	-8.818197992229738	-523.9739990234375	-12.780118112019554	-47.19106674194336	-2.815898807885227	-583.7594604492188	-17.621728593742446	-168.475830078125	-2.3336683347558873	-47.383140563964844	7.261953072824121	0.0	0.0	0.0	0.0
13.14846420288086	1781096038.0	1781096038.5898814	5	25.0	29.0	12.0	8.0	NeuronSpectrum 10.06.2026 14:49:30	EEG	checkup_149_10.06.2026 14:49:30	500.0	504.6666666666667	True	0.5	40.0	4	True	50.0	30.0	-783.92236328125	-15.129094030241504	-228.0196990966797	-6.080359415679703	-259.23211669921875	-7.191943035162831	-547.5950927734375	-3.5130874692704115	-48.52086639404297	-1.4482032458962457	-611.05712890625	-8.122471256431826	-173.5108184814453	2.330424980521859	-49.974266052246094	7.847883157487534	0.0	0.0	0.0	0.0
13.148466110229492	1781096038.0	1781096038.5898833	5	25.0	29.0	12.0	8.0	NeuronSpectrum 10.06.2026 14:49:30	EEG	checkup_149_10.06.2026 14:49:30	500.0	504.6666666666667	True	0.5	40.0	4	True	50.0	30.0	-848.36328125	1.7839576647041395	-247.3180389404297	-1.6235425277775297	-282.6717529296875	-3.3621973692139626	-590.6404418945312	9.90075057044468	-51.76845169067383	0.34345166081613093	-659.879638671875	6.116706854829947	-184.86074829101562	8.158667241844974	-54.87379837036133	8.58443493693055	0.0	0.0	0.0	0.0
13.148468017578125	1781096038.0	1781096038.5898852	5	25.0	29.0	12.0	8.0	NeuronSpectrum 10.06.2026 14:49:30	EEG	checkup_149_10.06.2026 14:49:30	500.0	504.6666666666667	True	0.5	40.0	4	True	50.0	30.0	-889.9151611328125	22.043429498675454	-259.8959045410156	3.9414920611133732	-298.13299560546875	1.8737639469970657	-618.1694946289062	25.398147093114236	-53.89497375488281	2.2558976413832026	-691.16015625	22.850370278983515	-191.90846252441406	14.286172842317697	-58.575069427490234	9.28522137232957	0.0	0.0	0.0	0.0
13.148469686508179	1781096038.0	1781096038.589887	5	25.0	29.0	12.0	8.0	NeuronSpectrum 10.06.2026 14:49:30	EEG	checkup_149_10.06.2026 14:49:30	500.0	504.6666666666667	True	0.5	40.0	4	True	50.0	30.0	-840.6495971679688	42.0629005051695	-245.81552124023438	9.590150653840999	-282.80841064453125	7.39095185989755	-582.7911987304688	40.31693380132502	-50.60737991333008	3.9608492859432274	-652.0126953125	39.14417266149908	-179.96347045898438	19.72081869222713	-56.22452926635742	9.739736588587315	0.0	0.0	0.0	0.0
13.148471593856812	1781096038.0	1781096038.5898888	5	25.0	29.0	12.0	8.0	NeuronSpectrum 10.06.2026 14:49:30	EEG	checkup_149_10.06.2026 14:49:30	500.0	504.6666666666667	True	0.5	40.0	4	True	50.0	30.0	-655.6898193359375	57.9536032951016	-191.88621520996094	14.218281657340835	-221.6726837158203	11.938744065917955	-453.0486145019531	51.859279376617536	-38.933258056640625	5.1649598189741575	-507.4070129394531	51.885570763972595	-139.0995330810547	23.51970129774044	-44.48124313354492	9.75516975700559	0.0	0.0	0.0	0.0
13.148473024368286	1781096038.0	1781096038.5898902	5	25.0	29.0	12.0	8.0	NeuronSpectrum 10.06.2026 14:49:30	EEG	checkup_149_10.06.2026 14:49:30	500.0	504.6666666666667	True	0.5	40.0	4	True	50.0	30.0	-348.0775451660156	66.44935658337788	-101.88793182373047	16.903414020376903	-119.12393951416016	14.44429794667855	-237.861328125	57.74942147751784	-19.48838233947754	5.674555207323323	-267.4100036621094	58.51611965210541	-71.83686828613281	25.006149537763402	-24.023082733154297	9.212548411994925	0.0	0.0	0.0	0.0
13.199378252029419	1781096038.0	1781096038.6407955	5	25.0	29.0	12.0	8.0	NeuronSpectrum 10.06.2026 14:49:30	EEG	checkup_149_10.06.2026 14:49:30	500.0	504.6666666666667	True	0.5	40.0	4	True	50.0	30.0	-781.3004150390625	65.8006565265956	-228.11550903320312	17.152302438320838	-263.83624267578125	14.306368103028401	-541.9397583007812	56.85033721467325	-47.74367904663086	5.443449681558867	-606.1480712890625	57.72297449407413	-169.4862823486328	23.95095872260303	-55.60106658935547	8.115131515807176	0.0	0.0	0.0	0.0
13.199383735656738	1781096038.0	1781096038.640801	5	25.0	29.0	12.0	8.0	NeuronSpectrum 10.06.2026 14:49:30	EEG	checkup_149_10.06.2026 14:49:30	500.0	504.6666666666667	True	0.5	40.0	4	True	50.0	30.0	-780.8965454101562	56.236126063633236	-227.46002197265625	15.021285082960489	-263.33740234375	11.546408757521217	-542.7097778320312	49.46116815349443	-48.27676773071289	4.581155779749562	-606.7568969726562	49.77860432754727	-171.370849609375	20.633329885176146	-56.54375076293945	6.603136079554308	0.0	0.0	0.0	0.0
13.199386358261108	1781096038.0	1781096038.6408036	5	25.0	29.0	12.0	8.0	NeuronSpectrum 10.06.2026 14:49:30	EEG	checkup_149_10.06.2026 14:49:30	500.0	504.6666666666667	True	0.5	40.0	4	True	50.0	30.0	-786.332275390625	39.79884784681453	-228.34156799316406	11.057455223920135	-264.57550048828125	6.7538952585723075	-547.697021484375	37.16710508692996	-49.19155502319336	3.3146494024767166	-611.9802856445312	36.38406136197985	-174.5117950439453	15.748950833748644	-57.530574798583984	4.923995956210675	0.0	0.0	0.0	0.0
13.1993887424469	1781096038.0	1781096038.640806	5	25.0	29.0	12.0	8.0	NeuronSpectrum 10.06.2026 14:49:30	EEG	checkup_149_10.06.2026 14:49:30	500.0	504.6666666666667	True	0.5	40.0	4	True	50.0	30.0	-796.40478515625	19.693230195280456	-230.45022583007812	6.1039289939651145	-267.2346496582031	0.8723958225915098	-555.8168334960938	22.345029424015998	-50.27211380004883	1.9191710938877435	-620.6695556640625	20.12899854572367	-178.2549591064453	10.20860913471272	-58.41136932373047	3.3704230105451716	0.0	0.0	0.0	0.0
13.199390649795532	1781096038.0	1781096038.6408079	5	25.0	29.0	12.0	8.0	NeuronSpectrum 10.06.2026 14:49:30	EEG	checkup_149_10.06.2026 14:49:30	500.0	504.6666666666667	True	0.5	40.0	4	True	50.0	30.0	-803.2587890625	-0.5288082834302166	-231.50900268554688	1.067523151495756	-268.7148132324219	-5.062897357751528	-561.3001708984375	7.563504261837361	-50.841854095458984	0.6458298020577968	-626.4863891601562	3.8325144446180914	-180.49649047851562	4.913665799875519	-58.63513946533203	2.2118029390988747	0.0	0.0	0.0	0.0
13.199393033981323	1781096038.0	1781096038.6408103	5	25.0	29.0	12.0	8.0	NeuronSpectrum 10.06.2026 14:49:30	EEG	checkup_149_10.06.2026 14:49:30	500.0	504.6666666666667	True	0.5	40.0	4	True	50.0	30.0	-796.6168212890625	-17.646252701698415	-228.55233764648438	-3.264407767357533	-265.5947265625	-10.137211225977566	-556.753173828125	-4.908959556309633	-50.114479064941406	-0.3299075142569814	-621.2860107421875	-9.998249561056365	-178.75550842285156	0.5843150681036461	-57.532310485839844	1.6415628376665403	0.0	0.0	0.0	0.0
13.199394702911377	1781096038.0	1781096038.640812	5	25.0	29.0	12.0	8.0	NeuronSpectrum 10.06.2026 14:49:30	EEG	checkup_149_10.06.2026 14:49:30	500.0	504.6666666666667	True	0.5	40.0	4	True	50.0	30.0	-773.9281005859375	-29.17699444546604	-220.98997497558594	-6.320601862764713	-257.1481628417969	-13.673937374899658	-540.4313354492188	-13.389548721520475	-47.97970962524414	-0.9280124470257926	-603.1736450195312	-19.483722908901612	-172.6465606689453	-2.3250393446834954	-55.001373291015625	1.7509927606181896	0.0	0.0	0.0	0.0
13.199396848678589	1781096038.0	1781096038.640814	5	25.0	29.0	12.0	8.0	NeuronSpectrum 10.06.2026 14:49:30	EEG	checkup_149_10.06.2026 14:49:30	500.0	504.6666666666667	True	0.5	40.0	4	True	50.0	30.0	-748.5314331054688	-33.54337574994374	-213.06295776367188	-7.768381800131025	-248.17185974121094	-15.270134540189206	-522.073974609375	-16.881182352180975	-45.61870574951172	-1.155316032774895	-582.960693359375	-23.48486906277716	-165.82778930664062	-3.6323199937298463	-52.06703567504883	2.527550040954552	0.0	0.0	0.0	0.0
13.1993989944458	1781096038.0	1781096038.6408162	5	25.0	29.0	12.0	8.0	NeuronSpectrum 10.06.2026 14:49:30	EEG	checkup_149_10.06.2026 14:49:30	500.0	504.6666666666667	True	0.5	40.0	4	True	50.0	30.0	-745.5424194335938	-30.119309053924074	-212.5727996826172	-7.503836001188811	-247.55026245117188	-14.795064643875152	-519.9376220703125	-15.078606879565898	-45.16590881347656	-1.081573409306413	-580.859619140625	-21.615269206933316	-164.9154510498047	-3.393027287772918	-50.60319519042969	3.867835374334453	0.0	0.0	0.0	0.0
13.199400663375854	1781096038.0	1781096038.6408179	5	25.0	29.0	12.0	8.0	NeuronSpectrum 10.06.2026 14:49:30	EEG	checkup_149_10.06.2026 14:49:30	500.0	504.6666666666667	True	0.5	40.0	4	True	50.0	30.0	-782.75146484375	-19.284362394787692	-225.05418395996094	-5.6518462378617995	-261.6017761230469	-12.397554832927678	-547.0745849609375	-8.375544579435216	-48.2098503112793	-0.8154176761265639	-611.2568359375	-14.257202295732823	-174.69866943359375	-1.8647889763986703	-52.01955032348633	5.594255017287152	0.0	0.0	0.0	0.0
13.199402570724487	1781096038.0	1781096038.6408198	5	25.0	29.0	12.0	8.0	NeuronSpectrum 10.06.2026 14:49:30	EEG	checkup_149_10.06.2026 14:49:30	500.0	504.6666666666667	True	0.5	40.0	4	True	50.0	30.0	-847.5818481445312	-2.5186359889596446	-246.73805236816406	-2.589560518657252	-286.03179931640625	-8.535942468712792	-594.7567749023438	2.0962796034239113	-53.97574234008789	-0.489453918833484	-664.3389282226562	-2.614756929199774	-192.36563110351562	0.509436226657641	-55.65195846557617	7.469905588974304	0.0	0.0	0.0	0.0
13.199404239654541	1781096038.0	1781096038.6408215	5	25.0	29.0	12.0	8.0	NeuronSpectrum 10.06.2026 14:49:30	EEG	checkup_149_10.06.2026 14:49:30	500.0	504.6666666666667	True	0.5	40.0	4	True	50.0	30.0	-889.5318603515625	17.564558232273647	-262.2060852050781	1.0362089773715173	-303.2449035644531	-3.9959891058531563	-626.95556640625	14.463561929179292	-58.68109893798828	-0.25257015245301706	-700.0059204101562	11.272387908108865	-205.53182983398438	3.11539432514233	-58.18577194213867	9.215332200831986	0.0	0.0	0.0	0.0
13.199405908584595	1781096038.0	1781096038.6408231	5	25.0	29.0	12.0	8.0	NeuronSpectrum 10.06.2026 14:49:30	EEG	checkup_149_10.06.2026 14:49:30	500.0	504.6666666666667	True	0.5	40.0	4	True	50.0	30.0	-840.563232421875	37.43924680938386	-250.54757690429688	4.356199590582077	-289.3809509277344	0.16996338565615837	-594.8429565429688	26.27559540948388	-57.041683197021484	-0.25828166946672915	-664.0086669921875	24.70311817130359	-197.18789672851562	5.220662836761185	-54.99028015136719	10.537182925372205	0.0	0.0	0.0	0.0
13.199407815933228	1781096038.0	1781096038.640825	5	25.0	29.0	12.0	8.0	NeuronSpectrum 10.06.2026 14:49:30	EEG	checkup_149_10.06.2026 14:49:30	500.0	504.6666666666667	True	0.5	40.0	4	True	50.0	30.0	-655.7531127929688	53.27492235979608	-197.72503662109375	6.434415564376041	-228.45330810546875	2.8315405229994335	-465.8748474121094	34.931148914245085	-45.375545501708984	-0.6384241858177703	-520.2526245117188	34.78385885950657	-155.74453735351562	6.100665109089332	-42.87675476074219	11.17581419364674	0.0	0.0	0.0	0.0
13.19940996170044	1781096038.0	1781096038.6408272	5	25.0	29.0	12.0	8.0	NeuronSpectrum 10.06.2026 14:49:30	EEG	checkup_149_10.06.2026 14:49:30	500.0	504.6666666666667	True	0.5	40.0	4	True	50.0	30.0	-348.1640319824219	61.84955066520492	-107.25819396972656	6.512524392442254	-124.56280517578125	3.0718165584062973	-248.85166931152344	38.311204494105375	-24.334270477294922	-1.4640035300805698	-278.60498046875	39.13016699910227	-83.7906494140625	5.223702392323383	-22.522369384765625	10.965338908594962	0.0	0.0	0.0	0.0
13.199411630630493	1781096038.0	1781096038.6408288	5	25.0	29.0	12.0	8.0	NeuronSpectrum 10.06.2026 14:49:30	EEG	checkup_149_10.06.2026 14:49:30	500.0	504.6666666666667	True	0.5	40.0	4	True	50.0	30.0	-780.6495361328125	61.435513896600966	-240.3572998046875	4.248516443664	-276.6517333984375	0.4711414470643669	-560.9678344726562	35.385089606558395	-58.40287780761719	-2.7110044434828526	-624.328125	36.54306542793084	-192.1658477783203	2.4235604248145357	-53.48805236816406	9.883960160285396	0.0	0.0	0.0	0.0
13.199413537979126	1781096038.0	1781096038.6408308	5	25.0	29.0	12.0	8.0	NeuronSpectrum 10.06.2026 14:49:30	EEG	checkup_149_10.06.2026 14:49:30	500.0	504.6666666666667	True	0.5	40.0	4	True	50.0	30.0	-779.6082763671875	52.25834514684782	-241.6064453125	-0.16596815808117693	-278.31793212890625	-4.751515172344981	-562.5711059570312	26.50991245922018	-59.36758804321289	-4.253270407128161	-625.3541259765625	27.34867095199888	-194.0639190673828	-2.027955074152084	-54.72482681274414	8.069059834467428	0.0	0.0	0.0	0.0
13.19941520690918	1781096038.0	1781096038.6408324	5	25.0	29.0	12.0	8.0	NeuronSpectrum 10.06.2026 14:49:30	EEG	checkup_149_10.06.2026 14:49:30	500.0	504.6666666666667	True	0.5	40.0	4	True	50.0	30.0	-784.3134155273438	36.33576831845231	-243.74130249023438	-6.06415947697384	-281.29412841796875	-11.804077278772873	-567.4406127929688	13.291238215478849	-59.94709777832031	-5.890326851401973	-630.158447265625	13.253460742317424	-196.32620239257812	-7.487676481368355	-56.3441047668457	5.786721953755491	0.0	0.0	0.0	0.0
13.199417114257812	1781096038.0	1781096038.6408343	5	25.0	29.0	12.0	8.0	NeuronSpectrum 10.06.2026 14:49:30	EEG	checkup_149_10.06.2026 14:49:30	500.0	504.6666666666667	True	0.5	40.0	4	True	50.0	30.0	-793.661865234375	16.83114408451715	-246.523681640625	-12.496753393940184	-285.20086669921875	-19.54679781809434	-574.7741088867188	-1.8952758989092093	-60.13959503173828	-7.396646202854916	-637.9242553710938	-3.1755059193430446	-198.7467041015625	-13.110208966846798	-58.13703155517578	3.3682408743962275	0.0	0.0	0.0	0.0
13.199418783187866	1781096038.0	1781096038.640836	5	25.0	29.0	12.0	8.0	NeuronSpectrum 10.06.2026 14:49:30	EEG	checkup_149_10.06.2026 14:49:30	500.0	504.6666666666667	True	0.5	40.0	4	True	50.0	30.0	-799.891357421875	-2.752305013293561	-247.88629150390625	-18.461404263186353	-287.49871826171875	-26.76576231756215	-579.2113647460938	-16.486558555067845	-59.679771423339844	-8.568480468299398	-642.717041015625	-19.1463372913864	-199.7474822998047	-18.040312770674724	-59.4421501159668	1.1391948665668505	0.0	0.0	0.0	0.0
13.199420690536499	1781096038.0	1781096038.640838	5	25.0	29.0	12.0	8.0	NeuronSpectrum 10.06.2026 14:49:30	EEG	checkup_149_10.06.2026 14:49:30	500.0	504.6666666666667	True	0.5	40.0	4	True	50.0	30.0	-792.7828369140625	-19.24276593959301	-245.09689331054688	-23.084196580240015	-284.8681335449219	-32.39512937709839	-573.7351684570312	-28.210211827290223	-58.232017517089844	-9.25064599864938	-636.7169189453125	-32.163567939061316	-197.26242065429688	-21.561027245391116	-59.46554946899414	-0.6363776128142267	0.0	0.0	0.0	0.0
13.199422359466553	1781096038.0	1781096038.6408396	5	25.0	29.0	12.0	8.0	NeuronSpectrum 10.06.2026 14:49:30	EEG	checkup_149_10.06.2026 14:49:30	500.0	504.6666666666667	True	0.5	40.0	4	True	50.0	30.0	-769.7767944335938	-30.203111192796957	-237.61756896972656	-25.718024054536915	-276.5573425292969	-35.64477898199768	-556.7169799804688	-35.36539395835103	-55.906982421875	-9.340079313362965	-618.0663452148438	-40.333375216782244	-190.93316650390625	-23.17118537110173	-58.03546905517578	-1.7864482381021916	0.0	0.0	0.0	0.0
13.199424028396606	1781096038.0	1781096038.6408412	5	25.0	29.0	12.0	8.0	NeuronSpectrum 10.06.2026 14:49:30	EEG	checkup_149_10.06.2026 14:49:30	500.0	504.6666666666667	True	0.5	40.0	4	True	50.0	30.0	-744.1267700195312	-34.09441928166937	-229.39260864257812	-25.97169597802128	-267.0708312988281	-36.04575326039766	-537.5908203125	-36.92996376980149	-53.65055847167969	-8.77542047469143	-597.1893310546875	-42.479809509227174	-183.86541748046875	-22.605269832611757	-56.20595169067383	-2.2384343360341683	0.0	0.0	0.0	0.0
13.19942569732666	1781096038.0	1781096038.640843	5	25.0	29.0	12.0	8.0	NeuronSpectrum 10.06.2026 14:49:30	EEG	checkup_149_10.06.2026 14:49:30	500.0	504.6666666666667	True	0.5	40.0	4	True	50.0	30.0	-740.8320922851562	-30.32293557971024	-227.62460327148438	-23.710991572535068	-264.7852478027344	-33.457868063789654	-533.9624633789062	-32.58445454978528	-52.929691314697266	-7.527286917137161	-593.5814208984375	-38.17328377350459	-181.67202758789062	-19.829733934425263	-55.94227981567383	-2.0136755937316346	0.0	0.0	0.0	0.0
13.199427604675293	1781096038.0	1781096038.6408448	5	25.0	29.0	12.0	8.0	NeuronSpectrum 10.06.2026 14:49:30	EEG	checkup_149_10.06.2026 14:49:30	500.0	504.6666666666667	True	0.5	40.0	4	True	50.0	30.0	-777.6296997070312	-19.294464087362737	-237.284423828125	-19.07115825221362	-275.6015625	-28.083190782652547	-558.255859375	-22.74262349082014	-54.59569549560547	-5.601110440277249	-620.9693603515625	-27.771291343809615	-188.22445678710938	-15.047474648531077	-58.680625915527344	-1.2196969991499258	0.0	0.0	0.0	0.0
13.199429273605347	1781096038.0	1781096038.6408465	5	25.0	29.0	12.0	8.0	NeuronSpectrum 10.06.2026 14:49:30	EEG	checkup_149_10.06.2026 14:49:30	500.0	504.6666666666667	True	0.5	40.0	4	True	50.0	30.0	-842.04248046875	-2.5088254591181363	-254.55194091796875	-12.490921737195878	-295.3165283203125	-20.496940917943913	-601.6287231445312	-8.611867409266235	-57.60309982299805	-3.0547759801486833	-669.4482421875	-12.497076361917363	-200.58984375	-8.717954932447107	-63.58295822143555	-0.04453029905084949	0.0	0.0	0.0	0.0
13.19943118095398	1781096038.0	1781096038.6408484	5	25.0	29.0	12.0	8.0	NeuronSpectrum 10.06.2026 14:49:30	EEG	checkup_149_10.06.2026 14:49:30	500.0	504.6666666666667	True	0.5	40.0	4	True	50.0	30.0	-883.8251953125	17.40897172534586	-264.7589111328125	-4.735727775359131	-307.1603698730469	-11.660291584967752	-628.7376098632812	7.790830453586807	-58.711246490478516	-0.021146418713598875	-699.6922607421875	5.527002608584203	-207.45864868164062	-1.5667197753140645	-66.94111633300781	1.2527810511683821	0.0	0.0	0.0	0.0
13.199432849884033	1781096038.0	1781096038.64085	5	25.0	29.0	12.0	8.0	NeuronSpectrum 10.06.2026 14:49:30	EEG	checkup_149_10.06.2026 14:49:30	500.0	504.6666666666667	True	0.5	40.0	4	True	50.0	30.0	-835.2363891601562	36.93131287547001	-248.36329650878906	3.149383410262856	-288.6150207519531	-2.84930336816172	-592.0540161132812	23.80393266744561	-53.83483123779297	3.2822781924979583	-658.8955688476562	23.44442611583665	-193.7766571044922	5.463126196600588	-63.674495697021484	2.368154510335406	0.0	0.0	0.0	0.0
13.199434518814087	1781096038.0	1781096038.6408517	5	25.0	29.0	12.0	8.0	NeuronSpectrum 10.06.2026 14:49:30	EEG	checkup_149_10.06.2026 14:49:30	500.0	504.6666666666667	True	0.5	40.0	4	True	50.0	30.0	-651.5026245117188	52.237649621276496	-192.67681884765625	10.001086694077912	-224.92466735839844	4.547063878623596	-460.32696533203125	36.56314143266179	-40.50421905517578	6.5715064635467995	-512.4110107421875	38.136370154468956	-149.79995727539062	11.351682457543175	-50.36330032348633	3.003737910683481	0.0	0.0	0.0	0.0
13.19943618774414	1781096038.0	1781096038.6408534	5	25.0	29.0	12.0	8.0	NeuronSpectrum 10.06.2026 14:49:30	EEG	checkup_149_10.06.2026 14:49:30	500.0	504.6666666666667	True	0.5	40.0	4	True	50.0	30.0	-345.5487976074219	60.1278620445523	-101.81973266601562	14.793767869275303	-120.63143157958984	9.334130649117691	-242.9464874267578	43.661518303511635	-19.854318618774414	9.542670215426197	-270.7935791015625	46.938574648149284	-78.75086975097656	15.218732412620867	-27.878633499145508	2.9375377783355296	0.0	0.0	0.0	0.0
13.250345468521118	1781096038.0	1781096038.6917627	5	25.0	29.0	12.0	8.0	NeuronSpectrum 10.06.2026 14:49:30	EEG	checkup_149_10.06.2026 14:49:30	500.0	504.6666666666667	True	0.5	40.0	4	True	50.0	30.0	-777.1395874023438	58.90737614690613	-223.66175842285156	16.89717922866722	-262.7464294433594	10.814190168823789	-545.205078125	43.792391078118314	-42.695640563964844	11.930291488186427	-605.3257446289062	48.34516488132898	-173.6378173828125	16.540751105137787	-61.157318115234375	2.086318453985556	0.0	0.0	0.0	0.0
13.250351905822754	1781096038.0	1781096038.6917691	5	25.0	29.0	12.0	8.0	NeuronSpectrum 10.06.2026 14:49:30	EEG	checkup_149_10.06.2026 14:49:30	500.0	504.6666666666667	True	0.5	40.0	4	True	50.0	30.0	-777.0794677734375	48.84428023251699	-221.13421630859375	16.220884339242318	-261.0158996582031	8.951159673963133	-544.4652099609375	37.08989758056081	-40.08468246459961	13.553172293548162	-602.896484375	42.3860932241543	-172.1314239501953	15.275335525927732	-62.083492279052734	0.5321325545929744	0.0	0.0	0.0	0.0
13.250354290008545	1781096038.0	1781096038.6917715	5	25.0	29.0	12.0	8.0	NeuronSpectrum 10.06.2026 14:49:30	EEG	checkup_149_10.06.2026 14:49:30	500.0	504.6666666666667	True	0.5	40.0	4	True	50.0	30.0	-782.8648681640625	32.00604777566602	-220.79835510253906	13.188208246336638	-261.71649169921875	4.331604682411289	-548.6825561523438	25.02707873720088	-38.373661041259766	14.33326465403143	-605.7666625976562	30.524740366126206	-172.81063842773438	11.844751629738543	-63.49641036987305	-1.5009391326528074	0.0	0.0	0.0	0.0
13.250356435775757	1781096038.0	1781096038.6917737	5	25.0	29.0	12.0	8.0	NeuronSpectrum 10.06.2026 14:49:30	EEG	checkup_149_10.06.2026 14:49:30	500.0	504.6666666666667	True	0.5	40.0	4	True	50.0	30.0	-793.2901611328125	11.609595659175923	-222.42953491210938	8.574657816460629	-264.5304260253906	-2.035672107035148	-556.898681640625	9.961450036979564	-37.71234893798828	14.29010190509838	-613.1207885742188	15.175420715895088	-175.4198760986328	7.003140473311302	-65.18651580810547	-3.7080519842353583	0.0	0.0	0.0	0.0
13.250358581542969	1781096038.0	1781096038.6917758	5	25.0	29.0	12.0	8.0	NeuronSpectrum 10.06.2026 14:49:30	EEG	checkup_149_10.06.2026 14:49:30	500.0	504.6666666666667	True	0.5	40.0	4	True	50.0	30.0	-800.4877319335938	-8.789225623837023	-223.79576110839844	3.300129558796087	-266.85992431640625	-8.975789354536289	-563.3458251953125	-5.444806315101744	-37.7104606628418	13.5237829595065	-618.8231811523438	-0.9097754332870056	-178.0286102294922	1.6562628722887611	-66.41394805908203	-5.776054372687206	0.0	0.0	0.0	0.0
13.250360488891602	1781096038.0	1781096038.6917777	5	25.0	29.0	12.0	8.0	NeuronSpectrum 10.06.2026 14:49:30	EEG	checkup_149_10.06.2026 14:49:30	500.0	504.6666666666667	True	0.5	40.0	4	True	50.0	30.0	-794.1500854492188	-25.97256109352945	-221.9097137451172	-1.7452526493099774	-265.245849609375	-15.36481158393248	-560.4719848632812	-18.722653088959785	-37.713802337646484	12.19784167385036	-614.737060546875	-15.159668750563432	-178.02928161621094	-3.302091487388556	-66.27919006347656	-7.442582971468095	0.0	0.0	0.0	0.0
13.250362396240234	1781096038.0	1781096038.6917796	5	25.0	29.0	12.0	8.0	NeuronSpectrum 10.06.2026 14:49:30	EEG	checkup_149_10.06.2026 14:49:30	500.0	504.6666666666667	True	0.5	40.0	4	True	50.0	30.0	-771.664306640625	-37.46927088940108	-215.99684143066406	-5.807194795211214	-258.7629699707031	-20.265438591730835	-546.1167602539062	-27.914008472351316	-37.47962188720703	10.525210418137666	-598.6648559570312	-25.5058618529557	-174.51084899902344	-7.105661003566617	-64.56465911865234	-8.52973577783994	0.0	0.0	0.0	0.0
13.250364065170288	1781096038.0	1781096038.6917813	5	25.0	29.0	12.0	8.0	NeuronSpectrum 10.06.2026 14:49:30	EEG	checkup_149_10.06.2026 14:49:30	500.0	504.6666666666667	True	0.5	40.0	4	True	50.0	30.0	-746.27587890625	-41.722329543452005	-209.8633270263672	-8.315866902613317	-251.73544311523438	-22.991799013920474	-529.2880249023438	-31.72292966452435	-37.716400146484375	8.753062662303424	-580.73388671875	-30.529082246533072	-170.1853485107422	-9.185263181373124	-62.40262222290039	-8.953554619205473	0.0	0.0	0.0	0.0
13.250365972518921	1781096038.0	1781096038.6917832	5	25.0	29.0	12.0	8.0	NeuronSpectrum 10.06.2026 14:49:30	EEG	checkup_149_10.06.2026 14:49:30	500.0	504.6666666666667	True	0.5	40.0	4	True	50.0	30.0	-743.0197143554688	-38.137110006717194	-210.6749267578125	-8.913257032078455	-252.3389434814453	-23.143780134922977	-527.33740234375	-29.579586127660484	-39.813262939453125	7.139340414820375	-580.216552734375	-29.523109781294735	-170.5060577392578	-9.21381420042871	-61.93525695800781	-8.719224027947545	0.0	0.0	0.0	0.0
13.250367879867554	1781096038.0	1781096038.691785	5	25.0	29.0	12.0	8.0	NeuronSpectrum 10.06.2026 14:49:30	EEG	checkup_149_10.06.2026 14:49:30	500.0	504.6666666666667	True	0.5	40.0	4	True	50.0	30.0	-779.6964111328125	-27.13426570447183	-223.38368225097656	-7.49342323228281	-266.2108459472656	-20.649779049538118	-552.643310546875	-21.698070574387543	-44.600364685058594	5.916590918307949	-610.6864013671875	-22.56845510117419	-179.3513641357422	-7.147981333206342	-64.74641418457031	-7.913360127066186	0.0	0.0	0.0	0.0
13.250369787216187	1781096038.0	1781096038.691787	5	25.0	29.0	12.0	8.0	NeuronSpectrum 10.06.2026 14:49:30	EEG	checkup_149_10.06.2026 14:49:30	500.0	504.6666666666667	True	0.5	40.0	4	True	50.0	30.0	-843.8952026367188	-10.240334350268682	-244.04750061035156	-4.261277871618772	-288.7995910644531	-15.824731958278218	-596.5267333984375	-9.147461057824811	-50.88964080810547	5.246854537230223	-662.1303100585938	-10.636031895664946	-193.7955322265625	-3.2680029676223317	-69.9602279663086	-6.698637551213052	0.0	0.0	0.0	0.0
13.25037169456482	1781096038.0	1781096038.691789	5	25.0	29.0	12.0	8.0	NeuronSpectrum 10.06.2026 14:49:30	EEG	checkup_149_10.06.2026 14:49:30	500.0	504.6666666666667	True	0.5	40.0	4	True	50.0	30.0	-885.4193725585938	9.886243476720647	-257.7017822265625	0.22541820976942395	-302.9532775878906	-9.404121354783962	-623.9625244140625	6.136618045645578	-55.073516845703125	5.181317558292926	-695.1278076171875	4.3646852801141485	-202.39743041992188	1.8112850879967646	-73.58435821533203	-5.305625209962071	0.0	0.0	0.0	0.0
13.250373363494873	1781096038.0	1781096038.6917906	5	25.0	29.0	12.0	8.0	NeuronSpectrum 10.06.2026 14:49:30	EEG	checkup_149_10.06.2026 14:49:30	500.0	504.6666666666667	True	0.5	40.0	4	True	50.0	30.0	-836.5508422851562	29.682908552707527	-244.38201904296875	5.091984139798661	-285.8710021972656	-2.486007532260014	-587.77880859375	21.530586990723016	-52.567138671875	5.6439215628210935	-656.766845703125	19.745223832842044	-189.8481903076172	7.201836916074781	-70.12156677246094	-4.009345336585048	0.0	0.0	0.0	0.0
13.250375270843506	1781096038.0	1781096038.6917925	5	25.0	29.0	12.0	8.0	NeuronSpectrum 10.06.2026 14:49:30	EEG	checkup_149_10.06.2026 14:49:30	500.0	504.6666666666667	True	0.5	40.0	4	True	50.0	30.0	-652.5245971679688	45.29682130336869	-191.01254272460938	9.304507314923232	-222.76754760742188	3.6661096575348213	-456.96673583984375	34.17984797969412	-40.533267974853516	6.452866064170685	-512.2742919921875	32.51110622489729	-146.21878051757812	11.903620519351175	-55.84823989868164	-3.0814738099463304	0.0	0.0	0.0	0.0
13.25037670135498	1781096038.0	1781096038.691794	5	25.0	29.0	12.0	8.0	NeuronSpectrum 10.06.2026 14:49:30	EEG	checkup_149_10.06.2026 14:49:30	500.0	504.6666666666667	True	0.5	40.0	4	True	50.0	30.0	-346.2791748046875	53.50070285318331	-101.54393005371094	11.928343192848601	-118.47694396972656	7.931961730277724	-240.92662048339844	41.669253119074554	-20.134933471679688	7.377258360741674	-272.07855224609375	40.082754099829096	-74.85914611816406	15.041265558744142	-31.665084838867188	-2.7248458784833143	0.0	0.0	0.0	0.0
13.250378608703613	1781096038.0	1781096038.6917958	5	25.0	29.0	12.0	8.0	NeuronSpectrum 10.06.2026 14:49:30	EEG	checkup_149_10.06.2026 14:49:30	500.0	504.6666666666667	True	0.5	40.0	4	True	50.0	30.0	-777.8562622070312	52.578659210002165	-226.17050170898438	12.391784467730368	-261.1617431640625	9.641763747822965	-541.193115234375	42.66848609687407	-47.273990631103516	8.206965820161113	-606.9088134765625	41.00304959103468	-171.98281860351562	16.09395858416326	-66.8468017578125	-3.0152212091435704	0.0	0.0	0.0	0.0
13.250380277633667	1781096038.0	1781096038.6917975	5	25.0	29.0	12.0	8.0	NeuronSpectrum 10.06.2026 14:49:30	EEG	checkup_149_10.06.2026 14:49:30	500.0	504.6666666666667	True	0.5	40.0	4	True	50.0	30.0	-777.5598754882812	42.78269405957531	-224.49072265625	10.63702488919009	-258.37628173828125	8.745127338632678	-539.513916015625	37.26781305374099	-45.76980972290039	8.806502097963627	-604.30224609375	35.31619938036571	-170.8040771484375	15.021419577964195	-67.00227355957031	-3.8794500332314135	0.0	0.0	0.0	0.0
13.2503821849823	1781096038.0	1781096038.6917994	5	25.0	29.0	12.0	8.0	NeuronSpectrum 10.06.2026 14:49:30	EEG	checkup_149_10.06.2026 14:49:30	500.0	504.6666666666667	True	0.5	40.0	4	True	50.0	30.0	-783.047607421875	26.168341643725405	-224.26974487304688	7.098729116533204	-257.4222717285156	5.773888580916977	-542.2872924804688	26.86728441799503	-44.52322769165039	9.13518308582139	-606.1258544921875	24.463830621214463	-171.2466278076172	12.237925561800743	-67.35391235351562	-5.121977195578911	0.0	0.0	0.0	0.0
13.250383853912354	1781096038.0	1781096038.691801	5	25.0	29.0	12.0	8.0	NeuronSpectrum 10.06.2026 14:49:30	EEG	checkup_149_10.06.2026 14:49:30	500.0	504.6666666666667	True	0.5	40.0	4	True	50.0	30.0	-793.1383056640625	5.94399504421361	-225.50856018066406	2.5439575870587796	-258.1376037597656	1.6407560837195905	-548.6677856445312	13.713550589137222	-43.71503829956055	9.235957556965488	-611.7334594726562	10.798757621083723	-173.0335693359375	8.463383829731198	-67.82068634033203	-6.485735823397862	0.0	0.0	0.0	0.0
13.250385522842407	1781096038.0	1781096038.6918027	5	25.0	29.0	12.0	8.0	NeuronSpectrum 10.06.2026 14:49:30	EEG	checkup_149_10.06.2026 14:49:30	500.0	504.6666666666667	True	0.5	40.0	4	True	50.0	30.0	-800.02783203125	-14.339482504012826	-226.24851989746094	-2.1372802381983114	-258.1294250488281	-2.619046483199096	-553.083984375	0.3156852212138559	-43.070796966552734	9.20804295102994	-615.2688598632812	-3.0324244935945406	-174.33544921875	4.527163756102672	-67.83297729492188	-7.719152946724681	0.0	0.0	0.0	0.0
13.250387191772461	1781096038.0	1781096038.6918044	5	25.0	29.0	12.0	8.0	NeuronSpectrum 10.06.2026 14:49:30	EEG	checkup_149_10.06.2026 14:49:30	500.0	504.6666666666667	True	0.5	40.0	4	True	50.0	30.0	-793.4879760742188	-31.464794922319573	-223.6875457763672	-6.11006518784367	-254.11163330078125	-6.065492340768751	-548.2002563476562	-11.049067182177575	-42.05707550048828	9.177987326341684	-608.8604736328125	-14.61038021092011	-172.71969604492188	1.1955534353747526	-66.6578369140625	-8.625209732212376	0.0	0.0	0.0	0.0
13.250389099121094	1781096038.0	1781096038.6918063	5	25.0	29.0	12.0	8.0	NeuronSpectrum 10.06.2026 14:49:30	EEG	checkup_149_10.06.2026 14:49:30	500.0	504.6666666666667	True	0.5	40.0	4	True	50.0	30.0	-770.9608154296875	-42.95584949434375	-217.02032470703125	-8.704818709810208	-245.18789672851562	-7.985178657982592	-532.0492553710938	-18.639585585662633	-40.44137191772461	9.27610829217198	-590.4141845703125	-22.062681958050973	-167.4379119873047	-0.9410792701303698	-64.20265197753906	-9.083051416798225	0.0	0.0	0.0	0.0
13.250390529632568	1781096038.0	1781096038.6918077	5	25.0	29.0	12.0	8.0	NeuronSpectrum 10.06.2026 14:49:30	EEG	checkup_149_10.06.2026 14:49:30	500.0	504.6666666666667	True	0.5	40.0	4	True	50.0	30.0	-745.6837158203125	-47.24464744748148	-209.786865234375	-9.46765322227246	-235.541748046875	-7.943682436249698	-513.8182373046875	-21.378861427075154	-38.786216735839844	9.617913137199212	-569.9508056640625	-24.200925962028943	-161.30210876464844	-1.5218191885298413	-61.66019058227539	-9.046980231831796	0.0	0.0	0.0	0.0
13.250392436981201	1781096038.0	1781096038.6918097	5	25.0	29.0	12.0	8.0	NeuronSpectrum 10.06.2026 14:49:30	EEG	checkup_149_10.06.2026 14:49:30	500.0	504.6666666666667	True	0.5	40.0	4	True	50.0	30.0	-742.6129760742188	-43.72021170082793	-208.81541442871094	-8.18392755086143	-233.2082061767578	-5.797583186645479	-511.07379150390625	-18.88809064072035	-38.3012580871582	10.286488610218717	-566.5728759765625	-20.56703602188629	-159.85525512695312	-0.43269966354643197	-61.16012954711914	-8.53597055972511	0.0	0.0	0.0	0.0
13.250394105911255	1781096038.0	1781096038.6918113	5	25.0	29.0	12.0	8.0	NeuronSpectrum 10.06.2026 14:49:30	EEG	checkup_149_10.06.2026 14:49:30	500.0	504.6666666666667	True	0.5	40.0	4	True	50.0	30.0	-779.4368286132812	-32.78340087203031	-218.9525909423828	-4.9072103757269145	-244.00506591796875	-1.7063854209981568	-536.4674682617188	-11.51335756663044	-39.874794006347656	11.312775804397116	-593.920654296875	-11.481579530787853	-167.19500732421875	2.1856369636141286	-64.2041244506836	-7.626754634049277	0.0	0.0	0.0	0.0
13.250396013259888	1781096038.0	1781096038.6918132	5	25.0	29.0	12.0	8.0	NeuronSpectrum 10.06.2026 14:49:30	EEG	checkup_149_10.06.2026 14:49:30	500.0	504.6666666666667	True	0.5	40.0	4	True	50.0	30.0	-843.666259765625	-15.94040296028659	-236.64273071289062	0.0001535599153987821	-264.12176513671875	3.8434631150091154	-581.5828857421875	-0.37118340291848684	-42.85198974609375	12.655584637280759	-642.5292358398438	1.882119419370722	-180.8513946533203	5.931063361768452	-69.78126525878906	-6.4552567867862924	0.0	0.0	0.0	0.0
13.250397682189941	1781096038.0	1781096038.691815	5	25.0	29.0	12.0	8.0	NeuronSpectrum 10.06.2026 14:49:30	EEG	checkup_149_10.06.2026 14:49:30	500.0	504.6666666666667	True	0.5	40.0	4	True	50.0	30.0	-885.1146240234375	4.168014580097342	-247.7917022705078	5.846383583768223	-277.58453369140625	10.033011548606328	-611.4876098632812	12.653215550178281	-44.59733200073242	14.189615072266559	-673.9525756835938	17.47724403242994	-189.99758911132812	10.152362926271875	-73.74518585205078	-5.218804827727502	0.0	0.0	0.0	0.0
13.250399112701416	1781096038.0	1781096038.6918163	5	25.0	29.0	12.0	8.0	NeuronSpectrum 10.06.2026 14:49:30	EEG	checkup_149_10.06.2026 14:49:30	500.0	504.6666666666667	True	0.5	40.0	4	True	50.0	30.0	-836.16357421875	23.9913727414881	-233.429443359375	11.664435795487378	-262.6431884765625	15.782181168615084	-578.77099609375	25.081205688628906	-41.52958297729492	15.712991120820995	-636.2486572265625	32.56083398293566	-179.7860870361328	14.017398673967977	-70.47331237792969	-4.16307972174354	0.0	0.0	0.0	0.0
13.25040078163147	1781096038.0	1781096038.691818	5	25.0	29.0	12.0	8.0	NeuronSpectrum 10.06.2026 14:49:30	EEG	checkup_149_10.06.2026 14:49:30	500.0	504.6666666666667	True	0.5	40.0	4	True	50.0	30.0	-652.1768798828125	39.68126063806696	-181.0517120361328	16.378745557283537	-204.70497131347656	19.9392490464268	-451.822998046875	34.27707146372412	-31.2511043548584	16.981281372097737	-495.01751708984375	44.16924419720244	-140.1952667236328	16.66135900577342	-56.1893310546875	-3.541311947032392	0.0	0.0	0.0	0.0
13.250402450561523	1781096038.0	1781096038.6918197	5	25.0	29.0	12.0	8.0	NeuronSpectrum 10.06.2026 14:49:30	EEG	checkup_149_10.06.2026 14:49:30	500.0	504.6666666666667	True	0.5	40.0	4	True	50.0	30.0	-346.16339111328125	48.00638178550691	-94.36624908447266	19.0606295084622	-107.54016876220703	21.561921060612317	-239.25111389160156	38.08418185005221	-14.4047212600708	17.762295489375283	-260.10382080078125	49.82529741338226	-73.71611022949219	17.393417851050994	-31.830087661743164	-3.5503186930542747	0.0	0.0	0.0	0.0
13.301387071609497	1781096038.0	1781096038.7428043	5	25.0	29.0	12.0	8.0	NeuronSpectrum 10.06.2026 14:49:30	EEG	checkup_149_10.06.2026 14:49:30	500.0	504.6666666666667	True	0.5	40.0	4	True	50.0	30.0	-776.7557373046875	47.2391034269819	-216.18975830078125	19.178535164681456	-247.5919647216797	20.185820433228887	-544.0477905273438	35.429523766419194	-37.804725646972656	17.89220027943588	-593.2092895507812	48.22070977835634	-171.12222290039062	15.888021770265944	-67.69168090820312	-4.2682723851268785	0.0	0.0	0.0	0.0
13.301393747329712	1781096038.0	1781096038.742811	5	25.0	29.0	12.0	8.0	NeuronSpectrum 10.06.2026 14:49:30	EEG	checkup_149_10.06.2026 14:49:30	500.0	504.6666666666667	True	0.5	40.0	4	True	50.0	30.0	-776.227294921875	37.614175858687695	-215.98208618164062	16.73085030966178	-248.88400268554688	15.956105437842425	-546.4112548828125	26.62115708507297	-38.03031921386719	17.310080186369724	-594.488525390625	39.56680403427648	-172.9176025390625	12.274849566697945	-68.14559173583984	-5.625156416363187	0.0	0.0	0.0	0.0
13.301396131515503	1781096038.0	1781096038.7428133	5	25.0	29.0	12.0	8.0	NeuronSpectrum 10.06.2026 14:49:30	EEG	checkup_149_10.06.2026 14:49:30	500.0	504.6666666666667	True	0.5	40.0	4	True	50.0	30.0	-781.6063842773438	21.167548129456872	-217.42706298828125	12.20799844812876	-251.74856567382812	9.565102600002701	-552.35986328125	13.210672022210138	-38.827205657958984	16.05978273225941	-600.22412109375	25.467421345797682	-175.76895141601562	7.089334203097895	-68.95633697509766	-7.420744111759372	0.0	0.0	0.0	0.0
13.301398515701294	1781096038.0	1781096038.7428157	5	25.0	29.0	12.0	8.0	NeuronSpectrum 10.06.2026 14:49:30	EEG	checkup_149_10.06.2026 14:49:30	500.0	504.6666666666667	True	0.5	40.0	4	True	50.0	30.0	-791.6988525390625	1.088979442520813	-220.20216369628906	6.422311504788012	-255.72828674316406	2.0427308603790695	-560.8213500976562	-2.478486804140384	-40.1326789855957	14.26589423255076	-609.3616333007812	8.419318731584635	-179.2665252685547	1.118254873468143	-70.04387664794922	-9.379123993441123	0.0	0.0	0.0	0.0
13.301400899887085	1781096038.0	1781096038.742818	5	25.0	29.0	12.0	8.0	NeuronSpectrum 10.06.2026 14:49:30	EEG	checkup_149_10.06.2026 14:49:30	500.0	504.6666666666667	True	0.5	40.0	4	True	50.0	30.0	-798.6485595703125	-19.085790932438176	-222.1529083251953	0.2972007792114967	-258.3575744628906	-5.493989674403959	-566.295654296875	-17.923122410793013	-41.4699821472168	12.10100366452911	-615.8451538085938	-8.807442743497385	-181.6504364013672	-4.783814152621881	-70.7818832397461	-11.213687964558693	0.0	0.0	0.0	0.0
13.301402807235718	1781096038.0	1781096038.74282	5	25.0	29.0	12.0	8.0	NeuronSpectrum 10.06.2026 14:49:30	EEG	checkup_149_10.06.2026 14:49:30	500.0	504.6666666666667	True	0.5	40.0	4	True	50.0	30.0	-792.161865234375	-36.14961035213297	-220.4916534423828	-5.303792492710827	-256.5116882324219	-12.039532016872295	-561.8043212890625	-30.865305353893504	-42.218040466308594	9.759032586348761	-611.8607788085938	-23.68308445242464	-180.74099731445312	-9.841183731312244	-70.33747100830078	-12.679387025149559	0.0	0.0	0.0	0.0
13.30140495300293	1781096038.0	1781096038.7428222	5	25.0	29.0	12.0	8.0	NeuronSpectrum 10.06.2026 14:49:30	EEG	checkup_149_10.06.2026 14:49:30	500.0	504.6666666666667	True	0.5	40.0	4	True	50.0	30.0	-769.6298828125	-47.63100364312268	-214.6571807861328	-9.674353935080035	-249.62405395507812	-16.808241562992166	-545.8682861328125	-39.579145516483386	-42.262969970703125	7.439794923976788	-595.5819702148438	-34.22465125102877	-176.1433563232422	-13.439361578741966	-68.5090560913086	-13.602056696044253	0.0	0.0	0.0	0.0
13.30140733718872	1781096038.0	1781096038.7428246	5	25.0	29.0	12.0	8.0	NeuronSpectrum 10.06.2026 14:49:30	EEG	checkup_149_10.06.2026 14:49:30	500.0	504.6666666666667	True	0.5	40.0	4	True	50.0	30.0	-744.275390625	-51.961023659172504	-208.575927734375	-12.301959614976335	-242.2205352783203	-19.268212861921036	-528.03466796875	-42.965085955132736	-42.5040283203125	5.340439751248807	-577.3509521484375	-39.1203991404378	-170.97262573242188	-15.153783154221983	-66.40768432617188	-13.88758055795913	0.0	0.0	0.0	0.0
13.301409721374512	1781096038.0	1781096038.742827	5	25.0	29.0	12.0	8.0	NeuronSpectrum 10.06.2026 14:49:30	EEG	checkup_149_10.06.2026 14:49:30	500.0	504.6666666666667	True	0.5	40.0	4	True	50.0	30.0	-741.0835571289062	-48.522333497796716	-209.4024658203125	-12.882708231074966	-242.46844482421875	-19.1470715576865	-525.8671875	-40.5658660801872	-44.53281784057617	3.6444271240539843	-576.4277954101562	-37.77036136320267	-170.8366241455078	-14.757672271166438	-66.12454986572266	-13.521178249458492	0.0	0.0	0.0	0.0
13.301411867141724	1781096038.0	1781096038.742829	5	25.0	29.0	12.0	8.0	NeuronSpectrum 10.06.2026 14:49:30	EEG	checkup_149_10.06.2026 14:49:30	500.0	504.6666666666667	True	0.5	40.0	4	True	50.0	30.0	-777.8070068359375	-37.70440947222733	-222.00401306152344	-11.351520159787446	-255.91757202148438	-16.454197721403034	-551.5989990234375	-32.59818921246581	-49.32576370239258	2.5002450301102073	-606.2694091796875	-30.340817986637056	-179.5220184326172	-12.240710967969472	-69.15235137939453	-12.56704390782167	0.0	0.0	0.0	0.0
13.301413774490356	1781096038.0	1781096038.742831	5	25.0	29.0	12.0	8.0	NeuronSpectrum 10.06.2026 14:49:30	EEG	checkup_149_10.06.2026 14:49:30	500.0	504.6666666666667	True	0.5	40.0	4	True	50.0	30.0	-842.0328369140625	-20.998047709177538	-242.39796447753906	-7.935563939639994	-278.0732727050781	-11.530549268894179	-596.1895141601562	-20.02712698937846	-55.721736907958984	1.990052695198746	-656.8773193359375	-17.857497826501568	-193.89913940429688	-7.846906103096897	-74.47197723388672	-11.171126342659804	0.0	0.0	0.0	0.0
13.301415920257568	1781096038.0	1781096038.7428331	5	25.0	29.0	12.0	8.0	NeuronSpectrum 10.06.2026 14:49:30	EEG	checkup_149_10.06.2026 14:49:30	500.0	504.6666666666667	True	0.5	40.0	4	True	50.0	30.0	-883.6302490234375	-1.0267402488581427	-255.714599609375	-3.1967173370731157	-292.111328125	-5.088892353784438	-624.2617797851562	-4.610658031667781	-60.004730224609375	2.0992802811927818	-689.1328735351562	-2.254623011202263	-202.38697814941406	-2.1060203408156135	-77.9154281616211	-9.55890832791487	0.0	0.0	0.0	0.0
13.30141806602478	1781096038.0	1781096038.7428353	5	25.0	29.0	12.0	8.0	NeuronSpectrum 10.06.2026 14:49:30	EEG	checkup_149_10.06.2026 14:49:30	500.0	504.6666666666667	True	0.5	40.0	4	True	50.0	30.0	-834.98828125	18.674755934786845	-242.20870971679688	1.9982027373512008	-275.71466064453125	1.8243341678174645	-588.4783935546875	11.223758362035094	-57.40556335449219	2.705096574471741	-650.6349487304688	13.772457286008082	-189.70150756835938	4.1896849841622394	-73.84549713134766	-8.013222385116876	0.0	0.0	0.0	0.0
13.301420211791992	1781096038.0	1781096038.7428374	5	25.0	29.0	12.0	8.0	NeuronSpectrum 10.06.2026 14:49:30	EEG	checkup_149_10.06.2026 14:49:30	500.0	504.6666666666667	True	0.5	40.0	4	True	50.0	30.0	-651.41943359375	34.26788864633651	-189.02903747558594	6.624747145186084	-214.42034912109375	7.997064374972101	-457.8825378417969	24.772148225018498	-44.94209671020508	3.5977283199248378	-507.03411865234375	27.219954588309495	-146.0643768310547	10.100514001404251	-58.52367401123047	-6.822168322286418	0.0	0.0	0.0	0.0
13.301422119140625	1781096038.0	1781096038.7428393	5	25.0	29.0	12.0	8.0	NeuronSpectrum 10.06.2026 14:49:30	EEG	checkup_149_10.06.2026 14:49:30	500.0	504.6666666666667	True	0.5	40.0	4	True	50.0	30.0	-345.84185791015625	42.52133999164154	-100.20570373535156	9.747489616549053	-112.92213439941406	12.329805942200105	-242.03457641601562	33.66806417043696	-23.775739669799805	4.532795550981811	-268.78033447265625	35.47447612751394	-74.96162414550781	14.734550585884676	-33.010108947753906	-6.205177040377225	0.0	0.0	0.0	0.0
13.301423788070679	1781096038.0	1781096038.742841	5	25.0	29.0	12.0	8.0	NeuronSpectrum 10.06.2026 14:49:30	EEG	checkup_149_10.06.2026 14:49:30	500.0	504.6666666666667	True	0.5	40.0	4	True	50.0	30.0	-776.2527465820312	41.69545448146709	-222.84678649902344	10.773997538235127	-251.602783203125	14.120960223406593	-538.4214477539062	36.49462261231045	-52.45561981201172	5.294115574500776	-599.4124145507812	37.004999539608534	-168.3966827392578	17.453697629677606	-69.02826690673828	-6.245460970683221	0.0	0.0	0.0	0.0
13.301425695419312	1781096038.0	1781096038.742843	5	25.0	29.0	12.0	8.0	NeuronSpectrum 10.06.2026 14:49:30	EEG	checkup_149_10.06.2026 14:49:30	500.0	504.6666666666667	True	0.5	40.0	4	True	50.0	30.0	-775.7109985351562	32.00213463189111	-220.55026245117188	9.601640160718043	-248.68455505371094	13.23094051621201	-534.0022583007812	33.12062872724623	-51.37990951538086	5.7397321916387005	-596.2955322265625	31.739942359344084	-164.91659545898438	18.002682397534787	-68.97903442382812	-6.86184095685887	0.0	0.0	0.0	0.0
13.301427364349365	1781096038.0	1781096038.7428446	5	25.0	29.0	12.0	8.0	NeuronSpectrum 10.06.2026 14:49:30	EEG	checkup_149_10.06.2026 14:49:30	500.0	504.6666666666667	True	0.5	40.0	4	True	50.0	30.0	-780.9544677734375	15.44862274333683	-219.7592010498047	6.599413999329395	-247.5859375	10.060828739216662	-533.841552734375	24.626258713890472	-50.51251220703125	5.8160296040671335	-597.8323974609375	20.97836171941234	-163.17047119140625	16.51546568664488	-69.22924041748047	-7.834563467238679	0.0	0.0	0.0	0.0
13.301429510116577	1781096038.0	1781096038.7428467	5	25.0	29.0	12.0	8.0	NeuronSpectrum 10.06.2026 14:49:30	EEG	checkup_149_10.06.2026 14:49:30	500.0	504.6666666666667	True	0.5	40.0	4	True	50.0	30.0	-790.8887329101562	-4.801953907539293	-220.47447204589844	2.458159160325149	-248.30067443847656	5.38411856981934	-537.6292114257812	12.90541689564595	-49.934326171875	5.545243296507581	-603.4791870117188	6.933121028589213	-163.32342529296875	13.422313219394578	-69.5977554321289	-8.871573363913052	0.0	0.0	0.0	0.0
13.30143117904663	1781096038.0	1781096038.7428484	5	25.0	29.0	12.0	8.0	NeuronSpectrum 10.06.2026 14:49:30	EEG	checkup_149_10.06.2026 14:49:30	500.0	504.6666666666667	True	0.5	40.0	4	True	50.0	30.0	-797.7947387695312	-25.229531725530354	-220.78126525878906	-2.0038925778355443	-248.6742706298828	0.1298777594372491	-540.3751831054688	0.16131961570319686	-49.34220504760742	5.003463453429246	-607.5087280273438	-7.849988966584438	-163.9645233154297	9.320602972628343	-69.42008972167969	-9.685171427821059	0.0	0.0	0.0	0.0
13.301433086395264	1781096038.0	1781096038.7428503	5	25.0	29.0	12.0	8.0	NeuronSpectrum 10.06.2026 14:49:30	EEG	checkup_149_10.06.2026 14:49:30	500.0	504.6666666666667	True	0.5	40.0	4	True	50.0	30.0	-791.500732421875	-42.62449189899016	-217.98947143554688	-6.002919013319901	-245.69447326660156	-4.796292013663265	-535.254638671875	-11.512671186685937	-48.297698974609375	4.303429716734636	-602.2068481445312	-20.97887025240989	-162.99037170410156	4.864041538390801	-67.89698791503906	-10.051838822215407	0.0	0.0	0.0	0.0
13.301434993743896	1781096038.0	1781096038.7428522	5	25.0	29.0	12.0	8.0	NeuronSpectrum 10.06.2026 14:49:30	EEG	checkup_149_10.06.2026 14:49:30	500.0	504.6666666666667	True	0.5	40.0	4	True	50.0	30.0	-769.4454956054688	-54.49170960895078	-211.4354705810547	-8.886068950730989	-238.6571044921875	-8.618561509916221	-520.5682373046875	-20.3852960406235	-46.7989501953125	3.5859158154200994	-585.61572265625	-30.511446454815957	-159.80978393554688	0.6906562860072849	-64.88250732421875	-9.842220581227826	0.0	0.0	0.0	0.0
13.30143666267395	1781096038.0	1781096038.7428539	5	25.0	29.0	12.0	8.0	NeuronSpectrum 10.06.2026 14:49:30	EEG	checkup_149_10.06.2026 14:49:30	500.0	504.6666666666667	True	0.5	40.0	4	True	50.0	30.0	-744.7861328125	-59.2199354998068	-204.74351501464844	-10.17410811082624	-231.7071990966797	-10.739346920330103	-505.3522033691406	-25.199802061265835	-45.70233917236328	3.0139945363613583	-567.7665405273438	-35.08751781779859	-157.12100219726562	-2.6222520118738446	-61.50300598144531	-9.023212581375121	0.0	0.0	0.0	0.0
13.301438570022583	1781096038.0	1781096038.7428558	5	25.0	29.0	12.0	8.0	NeuronSpectrum 10.06.2026 14:49:30	EEG	checkup_149_10.06.2026 14:49:30	500.0	504.6666666666667	True	0.5	40.0	4	True	50.0	30.0	-742.3352661132812	-56.13881688606594	-204.6907958984375	-9.585603008729004	-232.51669311523438	-10.771437294795545	-506.54071044921875	-25.23398674827176	-46.40822982788086	2.7604245485498944	-567.5394287109375	-33.9912463481586	-160.00514221191406	-4.6036293724612785	-59.823509216308594	-7.643858259217635	0.0	0.0	0.0	0.0
13.301440238952637	1781096038.0	1781096038.7428575	5	25.0	29.0	12.0	8.0	NeuronSpectrum 10.06.2026 14:49:30	EEG	checkup_149_10.06.2026 14:49:30	500.0	504.6666666666667	True	0.5	40.0	4	True	50.0	30.0	-779.6275634765625	-45.58560101502635	-215.93228149414062	-7.075408284007613	-246.2670135498047	-8.590793043946576	-535.8180541992188	-20.389592194388374	-49.69860076904297	2.9811453667359458	-598.0895385742188	-27.235768176474956	-171.76731872558594	-4.956338365269304	-61.36063766479492	-5.818730143420915	0.0	0.0	0.0	0.0
13.30144214630127	1781096038.0	1781096038.7428594	5	25.0	29.0	12.0	8.0	NeuronSpectrum 10.06.2026 14:49:30	EEG	checkup_149_10.06.2026 14:49:30	500.0	504.6666666666667	True	0.5	40.0	4	True	50.0	30.0	-844.0809936523438	-29.0116600139171	-234.6636962890625	-2.8920374527105115	-268.4541931152344	-4.413445840524966	-583.8135375976562	-11.323674872911504	-54.42515563964844	3.776552374179816	-649.3133544921875	-15.68743799565314	-188.9854736328125	-3.6434718374682924	-65.29265594482422	-3.7164003083377946	0.0	0.0	0.0	0.0
13.301444053649902	1781096038.0	1781096038.7428613	5	25.0	29.0	12.0	8.0	NeuronSpectrum 10.06.2026 14:49:30	EEG	checkup_149_10.06.2026 14:49:30	500.0	504.6666666666667	True	0.5	40.0	4	True	50.0	30.0	-885.526123046875	-9.023087579773295	-246.60955810546875	2.381222341910041	-282.64947509765625	1.1463285398991343	-615.0476684570312	0.46337667214499256	-57.19962692260742	5.153058499995807	-682.2044677734375	-1.1403382909507918	-200.0288543701172	-0.9570883604030263	-67.8546142578125	-1.5498947739902333	0.0	0.0	0.0	0.0
13.301445960998535	1781096038.0	1781096038.7428632	5	25.0	29.0	12.0	8.0	NeuronSpectrum 10.06.2026 14:49:30	EEG	checkup_149_10.06.2026 14:49:30	500.0	504.6666666666667	True	0.5	40.0	4	True	50.0	30.0	-836.4638061523438	10.836867046062551	-232.767333984375	7.861267286571841	-267.1035461425781	7.107629690943507	-582.19140625	12.729377495413816	-53.76652908325195	7.003966348968099	-644.5835571289062	13.81548943750586	-189.71713256835938	2.4855775806978344	-63.87460708618164	0.44215460298471726	0.0	0.0	0.0	0.0
13.301447629928589	1781096038.0	1781096038.7428648	5	25.0	29.0	12.0	8.0	NeuronSpectrum 10.06.2026 14:49:30	EEG	checkup_149_10.06.2026 14:49:30	500.0	504.6666666666667	True	0.5	40.0	4	True	50.0	30.0	-652.4112548828125	26.697803644909442	-180.73194885253906	12.518921395811475	-207.68739318847656	12.295062742833352	-454.2530212402344	22.884989439532795	-41.51332473754883	9.124696980869588	-502.257080078125	26.2426527849065	-148.33070373535156	5.857042355584276	-49.869789123535156	2.0330170727716004	0.0	0.0	0.0	0.0
13.301449537277222	1781096038.0	1781096038.7428668	5	25.0	29.0	12.0	8.0	NeuronSpectrum 10.06.2026 14:49:30	EEG	checkup_149_10.06.2026 14:49:30	500.0	504.6666666666667	True	0.5	40.0	4	True	50.0	30.0	-346.47845458984375	35.281427140414095	-94.3431396484375	15.431306394231688	-108.87955474853516	15.628900498506763	-240.63876342773438	28.628906834145816	-21.511930465698242	11.262140592090063	-265.6300354003906	33.56193359124713	-79.18408966064453	8.330422006570323	-26.719350814819336	3.059624485364418	0.0	0.0	0.0	0.0
13.301451206207275	1781096038.0	1781096038.7428684	5	25.0	29.0	12.0	8.0	NeuronSpectrum 10.06.2026 14:49:30	EEG	checkup_149_10.06.2026 14:49:30	500.0	504.6666666666667	True	0.5	40.0	4	True	50.0	30.0	-775.78955078125	34.7976993980984	-213.36940002441406	16.04027310951445	-244.71278381347656	16.426666306205806	-538.6195678710938	28.591641409073375	-44.9064826965332	13.179569109475555	-594.7988891601562	34.25895605911776	-173.0405731201172	9.309555790914722	-59.404903411865234	3.4676467538621676	0.0	0.0	0.0	0.0
13.301453113555908	1781096038.0	1781096038.7428703	5	25.0	29.0	12.0	8.0	NeuronSpectrum 10.06.2026 14:49:30	EEG	checkup_149_10.06.2026 14:49:30	500.0	504.6666666666667	True	0.5	40.0	4	True	50.0	30.0	-774.8424682617188	25.416855305917032	-211.8717041015625	14.302394244753359	-242.73536682128906	14.583460784380897	-536.6567993164062	22.702620435955268	-42.216793060302734	14.71072712328225	-592.1712036132812	28.279339224640548	-170.85060119628906	8.58140376743479	-58.9412956237793	3.325146411188483	0.0	0.0	0.0	0.0
13.301455020904541	1781096038.0	1781096038.7428722	5	25.0	29.0	12.0	8.0	NeuronSpectrum 10.06.2026 14:49:30	EEG	checkup_149_10.06.2026 14:49:30	500.0	504.6666666666667	True	0.5	40.0	4	True	50.0	30.0	-779.96875	9.1224473240248	-212.11070251464844	10.671529375917837	-242.8280487060547	10.561436227991424	-539.08447265625	12.13507965314911	-39.972496032714844	15.785848602376653	-594.3695678710938	16.955283981581726	-170.255615234375	6.336509575131844	-58.51204299926758	2.7957616758193296	0.0	0.0	0.0	0.0
13.301457166671753	1781096038.0	1781096038.7428744	5	25.0	29.0	12.0	8.0	NeuronSpectrum 10.06.2026 14:49:30	EEG	checkup_149_10.06.2026 14:49:30	500.0	504.6666666666667	True	0.5	40.0	4	True	50.0	30.0	-790.0205688476562	-10.92424221423803	-213.89588928222656	5.944768863070575	-244.85520935058594	5.221725053138042	-545.3545532226562	-1.0916228006916964	-38.44548034667969	16.429767639326453	-600.7964477539062	2.5552522965057607	-171.2772674560547	3.0750921722167095	-58.085018157958984	2.0855611362773674	0.0	0.0	0.0	0.0
13.301459312438965	1781096038.0	1781096038.7428765	5	25.0	29.0	12.0	8.0	NeuronSpectrum 10.06.2026 14:49:30	EEG	checkup_149_10.06.2026 14:49:30	500.0	504.6666666666667	True	0.5	40.0	4	True	50.0	30.0	-797.155517578125	-31.185684885895554	-215.15643310546875	1.0565031765953357	-246.45062255859375	-0.4054911671772826	-550.1159057617188	-14.637262944062888	-37.449729919433594	16.743450137591307	-605.61865234375	-12.30321916577401	-172.28965759277344	-0.5389182263757623	-57.26303482055664	1.3895976816567548	0.0	0.0	0.0	0.0
13.301460981369019	1781096038.0	1781096038.7428782	5	25.0	29.0	12.0	8.0	NeuronSpectrum 10.06.2026 14:49:30	EEG	checkup_149_10.06.2026 14:49:30	500.0	504.6666666666667	True	0.5	40.0	4	True	50.0	30.0	-791.0492553710938	-48.423503333281516	-213.0760955810547	-3.101768234234728	-244.33265686035156	-5.324342502893745	-546.1337890625	-26.296323125625598	-36.50359344482422	16.88001144532774	-600.9511108398438	-25.158927692272158	-170.94313049316406	-3.8164398341614207	-55.544097900390625	0.8586275691398918	0.0	0.0	0.0	0.0
13.301462888717651	1781096038.0	1781096038.74288	5	25.0	29.0	12.0	8.0	NeuronSpectrum 10.06.2026 14:49:30	EEG	checkup_149_10.06.2026 14:49:30	500.0	504.6666666666667	True	0.5	40.0	4	True	50.0	30.0	-768.9998779296875	-60.11344270679668	-206.83126831054688	-5.799808775889419	-237.50404357910156	-8.708369831240798	-531.3276977539062	-34.29145273008688	-35.323448181152344	17.02014287404537	-584.5637817382812	-34.029451055772014	-166.42628479003906	-6.144936733513192	-52.9785270690918	0.5916909801241684	0.0	0.0	0.0	0.0
13.301464557647705	1781096038.0	1781096038.7428818	5	25.0	29.0	12.0	8.0	NeuronSpectrum 10.06.2026 14:49:30	EEG	checkup_149_10.06.2026 14:49:30	500.0	504.6666666666667	True	0.5	40.0	4	True	50.0	30.0	-744.0713500976562	-64.62520595619337	-199.80813598632812	-6.530744810674117	-229.85885620117188	-9.97290798178872	-514.478515625	-37.41863028811789	-34.26349639892578	17.346525020823456	-566.1307983398438	-37.56778985196433	-161.32850646972656	-7.054425867311569	-50.677734375	0.6465520203473106	0.0	0.0	0.0	0.0
13.301466464996338	1781096038.0	1781096038.7428837	5	25.0	29.0	12.0	8.0	NeuronSpectrum 10.06.2026 14:49:30	EEG	checkup_149_10.06.2026 14:49:30	500.0	504.6666666666667	True	0.5	40.0	4	True	50.0	30.0	-741.0653076171875	-61.28638496517459	-198.5449676513672	-5.046150555771186	-228.9764862060547	-8.817460475016192	-512.521240234375	-35.11971203530685	-34.19586181640625	18.015058401679347	-564.2378540039062	-35.13885900968623	-160.83888244628906	-6.2664082101877545	-50.46627426147461	1.052894468540792	0.0	0.0	0.0	0.0
13.301468133926392	1781096038.0	1781096038.7428854	5	25.0	29.0	12.0	8.0	NeuronSpectrum 10.06.2026 14:49:30	EEG	checkup_149_10.06.2026 14:49:30	500.0	504.6666666666667	True	0.5	40.0	4	True	50.0	30.0	-777.6126098632812	-50.45072211079714	-207.6717529296875	-1.3924741327608947	-240.24105834960938	-5.26999332142945	-537.5299682617188	-27.557552102277633	-35.685359954833984	19.122905204902317	-592.0726928710938	-26.900429713853793	-168.6626739501953	-3.7433729257464563	-53.50682067871094	1.8146170440249114	0.0	0.0	0.0	0.0
13.301470041275024	1781096038.0	1781096038.7428873	5	25.0	29.0	12.0	8.0	NeuronSpectrum 10.06.2026 14:49:30	EEG	checkup_149_10.06.2026 14:49:30	500.0	504.6666666666667	True	0.5	40.0	4	True	50.0	30.0	-841.3321533203125	-33.60082708538022	-223.7965850830078	4.047318326729839	-259.71221923828125	0.26276297250745173	-580.952880859375	-15.707538047855776	-37.970428466796875	20.678480931193494	-640.109619140625	-13.904577753325498	-182.04095458984375	0.26226830039223725	-58.69572067260742	2.8969152745684803	0.0	0.0	0.0	0.0
13.301471948623657	1781096038.0	1781096038.7428892	5	25.0	29.0	12.0	8.0	NeuronSpectrum 10.06.2026 14:49:30	EEG	checkup_149_10.06.2026 14:49:30	500.0	504.6666666666667	True	0.5	40.0	4	True	50.0	30.0	-882.3057250976562	-13.38127322653543	-233.5142059326172	10.538208543713605	-271.780517578125	6.9752343266722985	-608.4013061523438	-1.389324505000309	-38.65791320800781	22.584046600581196	-670.4163818359375	1.8645359281026594	-190.09536743164062	5.187680249169416	-62.201454162597656	4.206850566900966	0.0	0.0	0.0	0.0
13.30147385597229	1781096038.0	1781096038.742891	5	25.0	29.0	12.0	8.0	NeuronSpectrum 10.06.2026 14:49:30	EEG	checkup_149_10.06.2026 14:49:30	500.0	504.6666666666667	True	0.5	40.0	4	True	50.0	30.0	-833.237548828125	6.627517142946212	-218.84771728515625	17.056191799115382	-255.48159790039062	13.733658533034161	-573.544677734375	12.892978491979184	-34.70500183105469	24.643202887383485	-631.9728393554688	17.66264176084259	-178.22369384765625	10.210544950588561	-59.0025520324707	5.585208334838238	0.0	0.0	0.0	0.0
13.301475286483765	1781096038.0	1781096038.7428925	5	25.0	29.0	12.0	8.0	NeuronSpectrum 10.06.2026 14:49:30	EEG	checkup_149_10.06.2026 14:49:30	500.0	504.6666666666667	True	0.5	40.0	4	True	50.0	30.0	-649.6984252929688	22.52633702085891	-168.05804443359375	22.4646101103334	-197.0835418701172	19.27731952173472	-445.87091064453125	24.390531154240378	-24.306900024414062	26.59956350711891	-491.2233581542969	30.46574387227749	-136.89622497558594	14.398252987345192	-45.83977508544922	6.825110576962426	0.0	0.0	0.0	0.0
13.301477432250977	1781096038.0	1781096038.7428946	5	25.0	29.0	12.0	8.0	NeuronSpectrum 10.06.2026 14:49:30	EEG	checkup_149_10.06.2026 14:49:30	500.0	504.6666666666667	True	0.5	40.0	4	True	50.0	30.0	-344.6609802246094	31.020559710997478	-84.8724136352539	25.778230393558157	-100.85970306396484	22.520570136997673	-234.4952850341797	30.76595418808725	-8.452729225158691	28.199446983256557	-258.25421142578125	37.69027157890869	-69.19927978515625	16.9321438064588	-23.70353889465332	7.717626139241705	0.0	0.0	0.0	0.0
13.352320671081543	1781096038.0	1781096038.793738	5	25.0	29.0	12.0	8.0	NeuronSpectrum 10.06.2026 14:49:30	EEG	checkup_149_10.06.2026 14:49:30	500.0	504.6666666666667	True	0.5	40.0	4	True	50.0	30.0	-773.4158325195312	30.317420771208486	-199.46221923828125	26.421809774986876	-234.80064392089844	22.847574659233313	-530.454833984375	30.73070807771949	-28.127361297607422	29.25756184726077	-583.6980590820312	37.89473437580493	-162.7913360595703	17.328164598071435	-53.80569839477539	8.105679173736526	0.0	0.0	0.0	0.0
13.352327108383179	1781096038.0	1781096038.7937443	5	25.0	29.0	12.0	8.0	NeuronSpectrum 10.06.2026 14:49:30	EEG	checkup_149_10.06.2026 14:49:30	500.0	504.6666666666667	True	0.5	40.0	4	True	50.0	30.0	-772.8809204101562	20.597140277233777	-198.67066955566406	24.371741309424568	-234.26710510253906	20.271055607407057	-529.95068359375	24.382628305114444	-27.332624435424805	29.700955729377075	-582.7227172851562	31.153636164671315	-162.32626342773438	15.560848748800096	-52.93054962158203	7.920396754833545	0.0	0.0	0.0	0.0
13.352330207824707	1781096038.0	1781096038.7937474	5	25.0	29.0	12.0	8.0	NeuronSpectrum 10.06.2026 14:49:30	EEG	checkup_149_10.06.2026 14:49:30	500.0	504.6666666666667	True	0.5	40.0	4	True	50.0	30.0	-778.4190673828125	3.8641051448373664	-199.85569763183594	20.125903099373932	-235.7173614501953	15.392355808332592	-533.6911010742188	13.107306210106396	-27.169151306152344	29.577337486007913	-586.5840454101562	18.953150378633744	-163.4069061279297	12.044200731504288	-52.48909378051758	7.185908264348475	0.0	0.0	0.0	0.0
13.352332830429077	1781096038.0	1781096038.79375	5	25.0	29.0	12.0	8.0	NeuronSpectrum 10.06.2026 14:49:30	EEG	checkup_149_10.06.2026 14:49:30	500.0	504.6666666666667	True	0.5	40.0	4	True	50.0	30.0	-788.8702392578125	-16.690994883556016	-202.7205810546875	14.535691834176312	-238.7552490234375	9.203443606830245	-540.7677001953125	-0.866130087308044	-27.527162551879883	29.031292701066704	-594.3206176757812	3.7074021146298444	-165.76039123535156	7.496184660597936	-52.60895919799805	5.998945081173915	0.0	0.0	0.0	0.0
13.352335214614868	1781096038.0	1781096038.7937524	5	25.0	29.0	12.0	8.0	NeuronSpectrum 10.06.2026 14:49:30	EEG	checkup_149_10.06.2026 14:49:30	500.0	504.6666666666667	True	0.5	40.0	4	True	50.0	30.0	-796.4151000976562	-37.4952746585745	-205.12147521972656	8.587334178447314	-240.94479370117188	2.8328669385131806	-545.7487182617188	-15.029611931537586	-27.96863555908203	28.263285615308117	-599.909912109375	-11.857680344050548	-167.68333435058594	2.757482385976475	-52.897884368896484	4.500989001449376	0.0	0.0	0.0	0.0
13.35233759880066	1781096038.0	1781096038.7937548	5	25.0	29.0	12.0	8.0	NeuronSpectrum 10.06.2026 14:49:30	EEG	checkup_149_10.06.2026 14:49:30	500.0	504.6666666666667	True	0.5	40.0	4	True	50.0	30.0	-790.7652587890625	-55.272098212956834	-204.20204162597656	3.2123712279693493	-239.10308837890625	-2.671356448509029	-541.5609741210938	-27.076135035378897	-27.93426513671875	27.48691534379109	-595.4783325195312	-25.228151949842527	-166.92198181152344	-1.369951405351606	-52.72002029418945	2.8572488062003076	0.0	0.0	0.0	0.0
13.352339744567871	1781096038.0	1781096038.793757	5	25.0	29.0	12.0	8.0	NeuronSpectrum 10.06.2026 14:49:30	EEG	checkup_149_10.06.2026 14:49:30	500.0	504.6666666666667	True	0.5	40.0	4	True	50.0	30.0	-769.2322998046875	-67.45946428450235	-199.14251708984375	-0.8345758306591764	-232.39035034179688	-6.47816227697105	-526.3688354492188	-35.199016219539544	-27.1976261138916	26.89394501825154	-578.9532470703125	-34.42820539251951	-162.78712463378906	-4.232205573853388	-51.92333221435547	1.2456248709535545	0.0	0.0	0.0	0.0
13.352341651916504	1781096038.0	1781096038.7937589	5	25.0	29.0	12.0	8.0	NeuronSpectrum 10.06.2026 14:49:30	EEG	checkup_149_10.06.2026 14:49:30	500.0	504.6666666666667	True	0.5	40.0	4	True	50.0	30.0	-744.8413696289062	-72.39332641209512	-193.39195251464844	-3.035480925128112	-224.79483032226562	-8.035633685276153	-509.1026611328125	-38.225209434257145	-26.231172561645508	26.629835271088655	-560.2167358398438	-38.16533663251368	-157.867431640625	-5.382259712202795	-51.43024826049805	-0.15095945475662603	0.0	0.0	0.0	0.0
13.352343797683716	1781096038.0	1781096038.793761	5	25.0	29.0	12.0	8.0	NeuronSpectrum 10.06.2026 14:49:30	EEG	checkup_149_10.06.2026 14:49:30	500.0	504.6666666666667	True	0.5	40.0	4	True	50.0	30.0	-742.30029296875	-69.37456052896796	-193.59718322753906	-3.136322200792997	-223.88809204101562	-7.095294399037142	-506.68280029296875	-35.66358680623993	-26.049678802490234	26.77790451862257	-558.0350952148438	-35.88375439645043	-157.21072387695312	-4.610259273334732	-52.92827606201172	-1.1593278707728563	0.0	0.0	0.0	0.0
13.352345943450928	1781096038.0	1781096038.7937632	5	25.0	29.0	12.0	8.0	NeuronSpectrum 10.06.2026 14:49:30	EEG	checkup_149_10.06.2026 14:49:30	500.0	504.6666666666667	True	0.5	40.0	4	True	50.0	30.0	-779.1272583007812	-58.73920033975075	-204.47738647460938	-1.173287252311191	-235.0276641845703	-3.735794780849128	-531.1065063476562	-27.75124511463982	-27.413246154785156	27.349056171017107	-585.7285766601562	-27.81743043530872	-164.40902709960938	-1.9680033928961382	-57.46719741821289	-1.6448874278541632	0.0	0.0	0.0	0.0
13.35234785079956	1781096038.0	1781096038.793765	5	25.0	29.0	12.0	8.0	NeuronSpectrum 10.06.2026 14:49:30	EEG	checkup_149_10.06.2026 14:49:30	500.0	504.6666666666667	True	0.5	40.0	4	True	50.0	30.0	-842.86962890625	-41.961592933486855	-222.61166381835938	2.494912197070236	-254.36607360839844	1.6041207945315141	-573.8768920898438	-15.520142344786779	-29.849937438964844	28.276396098712805	-633.8780517578125	-15.066937795375068	-176.86669921875	2.2074624647144967	-63.796302795410156	-1.5515635526026805	0.0	0.0	0.0	0.0
13.352349758148193	1781096038.0	1781096038.793767	5	25.0	29.0	12.0	8.0	NeuronSpectrum 10.06.2026 14:49:30	EEG	checkup_149_10.06.2026 14:49:30	500.0	504.6666666666667	True	0.5	40.0	4	True	50.0	30.0	-883.6304321289062	-21.686332350296205	-234.3810577392578	7.176992287160436	-266.5652160644531	8.114731299043983	-600.9041748046875	-0.8148238113246222	-31.31251335144043	29.41833902309168	-664.64892578125	0.37702098210614565	-184.2539520263672	7.293023630909303	-67.88663482666016	-0.9378171512902785	0.0	0.0	0.0	0.0
13.352351903915405	1781096038.0	1781096038.7937691	5	25.0	29.0	12.0	8.0	NeuronSpectrum 10.06.2026 14:49:30	EEG	checkup_149_10.06.2026 14:49:30	500.0	504.6666666666667	True	0.5	40.0	4	True	50.0	30.0	-834.2295532226562	-1.499860484223277	-221.4435577392578	11.912247479188263	-250.99452209472656	14.684396659543637	-566.2979736328125	13.866809225530684	-28.998943328857422	30.57636255665998	-627.08349609375	15.80547038425669	-172.70266723632812	12.43969284612244	-64.54163360595703	0.012924629083060482	0.0	0.0	0.0	0.0
13.352354049682617	1781096038.0	1781096038.7937713	5	25.0	29.0	12.0	8.0	NeuronSpectrum 10.06.2026 14:49:30	EEG	checkup_149_10.06.2026 14:49:30	500.0	504.6666666666667	True	0.5	40.0	4	True	50.0	30.0	-650.39501953125	14.689086731654495	-171.6879425048828	15.6415986792502	-194.0718994140625	20.08895328219849	-439.8415222167969	25.798912682809664	-21.028528213500977	31.53062756140415	-487.5932312011719	28.257336149400892	-133.14503479003906	16.718603456463416	-50.480003356933594	1.0231389225946872	0.0	0.0	0.0	0.0
13.352356195449829	1781096038.0	1781096038.7937734	5	25.0	29.0	12.0	8.0	NeuronSpectrum 10.06.2026 14:49:30	EEG	checkup_149_10.06.2026 14:49:30	500.0	504.6666666666667	True	0.5	40.0	4	True	50.0	30.0	-345.2144775390625	23.574536513659726	-88.6476058959961	17.462172908237413	-99.83423614501953	23.275712388152684	-230.53244018554688	32.661482258298705	-7.897469997406006	32.08766822526855	-256.1019287109375	35.215909575916555	-68.42715454101562	19.331518198992853	-26.912967681884766	1.7898491779437213	0.0	0.0	0.0	0.0
13.403339147567749	1781096038.0	1781096038.8447564	5	25.0	29.0	12.0	8.0	NeuronSpectrum 10.06.2026 14:49:30	EEG	checkup_149_10.06.2026 14:49:30	500.0	504.6666666666667	True	0.5	40.0	4	True	50.0	30.0	-772.9287719726562	23.350772764297904	-206.6422576904297	16.873870042993122	-231.06231689453125	23.640522335671488	-522.1566772460938	33.15610031015116	-26.393102645874023	32.124567903997274	-580.2666625976562	35.2848897035115	-157.82130432128906	19.81286199777519	-59.01313781738281	2.065428115602915	0.0	0.0	0.0	0.0
13.403345584869385	1781096038.0	1781096038.8447628	5	25.0	29.0	12.0	8.0	NeuronSpectrum 10.06.2026 14:49:30	EEG	checkup_149_10.06.2026 14:49:30	500.0	504.6666666666667	True	0.5	40.0	4	True	50.0	30.0	-771.9124755859375	14.1820490678494	-206.97720336914062	13.908673895686464	-230.3784637451172	21.17571760551466	-520.9716186523438	27.331279950171734	-26.72369956970215	31.612237141240772	-579.4619750976562	28.54274473542695	-157.49172973632812	18.137184194393505	-58.38275146484375	1.7169232030872918	0.0	0.0	0.0	0.0
13.403348207473755	1781096038.0	1781096038.8447654	5	25.0	29.0	12.0	8.0	NeuronSpectrum 10.06.2026 14:49:30	EEG	checkup_149_10.06.2026 14:49:30	500.0	504.6666666666667	True	0.5	40.0	4	True	50.0	30.0	-777.041259765625	-1.9488594729261328	-208.8564910888672	9.090605820199748	-231.64974975585938	16.430037156579008	-524.189697265625	16.485775400965615	-27.514081954956055	30.61028268803346	-583.250732421875	16.43065551648526	-158.86412048339844	14.690797543072607	-58.4148063659668	0.744020713301546	0.0	0.0	0.0	0.0
13.403350353240967	1781096038.0	1781096038.8447676	5	25.0	29.0	12.0	8.0	NeuronSpectrum 10.06.2026 14:49:30	EEG	checkup_149_10.06.2026 14:49:30	500.0	504.6666666666667	True	0.5	40.0	4	True	50.0	30.0	-787.1307373046875	-21.881504484789673	-211.92091369628906	3.263282198356188	-234.5457305908203	10.320862908464848	-531.023681640625	2.739440567946425	-28.6534366607666	29.240517368835505	-590.7448120117188	1.2748639136886535	-161.5790252685547	10.136007287020961	-59.139686584472656	-0.7402789709869603	0.0	0.0	0.0	0.0
13.4033522605896	1781096038.0	1781096038.8447695	5	25.0	29.0	12.0	8.0	NeuronSpectrum 10.06.2026 14:49:30	EEG	checkup_149_10.06.2026 14:49:30	500.0	504.6666666666667	True	0.5	40.0	4	True	50.0	30.0	-794.3084716796875	-42.0839426638106	-214.0139617919922	-2.625868857111605	-236.66868591308594	3.8972848877487007	-536.0897827148438	-11.508448850593949	-29.692113876342773	27.654394495980515	-596.0307006835938	-14.31143268967855	-163.77371215820312	5.237704226857202	-59.986473083496094	-2.54717432244391	0.0	0.0	0.0	0.0
13.403354167938232	1781096038.0	1781096038.8447714	5	25.0	29.0	12.0	8.0	NeuronSpectrum 10.06.2026 14:49:30	EEG	checkup_149_10.06.2026 14:49:30	500.0	504.6666666666667	True	0.5	40.0	4	True	50.0	30.0	-788.2357788085938	-59.33088334805607	-212.35154724121094	-7.70508063920663	-234.86830139160156	-1.857946661953589	-532.314208984375	-24.035364135382704	-30.087841033935547	26.007577603698895	-591.3784790039062	-27.926516909346198	-163.07029724121094	0.7158994262191083	-60.129180908203125	-4.449647842247874	0.0	0.0	0.0	0.0
13.403355836868286	1781096038.0	1781096038.844773	5	25.0	29.0	12.0	8.0	NeuronSpectrum 10.06.2026 14:49:30	EEG	checkup_149_10.06.2026 14:49:30	500.0	504.6666666666667	True	0.5	40.0	4	True	50.0	30.0	-766.2172241210938	-71.11823159082572	-206.2903289794922	-11.285983826573554	-228.37985229492188	-6.148741503238973	-517.8872680664062	-33.07634381064555	-29.744503021240234	24.44673119462962	-574.912353515625	-37.67994169651042	-158.86537170410156	-2.845976122477174	-59.31270217895508	-6.212054303499323	0.0	0.0	0.0	0.0
13.403357982635498	1781096038.0	1781096038.8447752	5	25.0	29.0	12.0	8.0	NeuronSpectrum 10.06.2026 14:49:30	EEG	checkup_149_10.06.2026 14:49:30	500.0	504.6666666666667	True	0.5	40.0	4	True	50.0	30.0	-741.3463134765625	-75.83869011891282	-199.53173828125	-12.908633532795802	-221.3330841064453	-8.418757499669983	-501.85235595703125	-37.44873652086706	-29.4169921875	23.105257737075444	-556.7570190429688	-42.31691087929457	-154.15093994140625	-5.042124287149363	-58.51464080810547	-7.6136557031404	0.0	0.0	0.0	0.0
13.403359651565552	1781096038.0	1781096038.8447769	5	25.0	29.0	12.0	8.0	NeuronSpectrum 10.06.2026 14:49:30	EEG	checkup_149_10.06.2026 14:49:30	500.0	504.6666666666667	True	0.5	40.0	4	True	50.0	30.0	-738.471923828125	-72.83803823263223	-198.96307373046875	-12.358661724039504	-221.453857421875	-8.376118235946336	-501.2939758300781	-36.6037010742467	-30.44729232788086	22.099751266158123	-555.8919677734375	-41.26189693161278	-154.5756072998047	-5.661149305972445	-59.61762619018555	-8.473182279442554	0.0	0.0	0.0	0.0
13.403361797332764	1781096038.0	1781096038.844779	5	25.0	29.0	12.0	8.0	NeuronSpectrum 10.06.2026 14:49:30	EEG	checkup_149_10.06.2026 14:49:30	500.0	504.6666666666667	True	0.5	40.0	4	True	50.0	30.0	-775.2750244140625	-62.47383500081214	-209.41525268554688	-9.690917655197655	-234.1335906982422	-6.027480503867627	-528.2720947265625	-30.68654430334048	-33.71435546875	21.51929110073329	-585.6765747070312	-34.67568223598651	-164.1477813720703	-4.705768496121568	-63.88435745239258	-8.679861393296019	0.0	0.0	0.0	0.0
13.403363466262817	1781096038.0	1781096038.8447807	5	25.0	29.0	12.0	8.0	NeuronSpectrum 10.06.2026 14:49:30	EEG	checkup_149_10.06.2026 14:49:30	500.0	504.6666666666667	True	0.5	40.0	4	True	50.0	30.0	-839.4061279296875	-46.20907901837495	-227.37710571289062	-5.26783619466289	-255.30844116210938	-1.7292521965194365	-574.070068359375	-20.624337945023004	-38.41239929199219	21.405564187270045	-636.4263916015625	-23.549134806068295	-180.05856323242188	-2.4228604510527267	-70.1336441040039	-8.228235271104205	0.0	0.0	0.0	0.0
13.40336537361145	1781096038.0	1781096038.8447826	5	25.0	29.0	12.0	8.0	NeuronSpectrum 10.06.2026 14:49:30	EEG	checkup_149_10.06.2026 14:49:30	500.0	504.6666666666667	True	0.5	40.0	4	True	50.0	30.0	-880.9397583007812	-26.63952041628549	-238.97262573242188	0.2177027905427566	-269.16845703125	3.7798731566243085	-604.0411376953125	-8.165521303478242	-41.69805908203125	21.730617562477388	-669.7352905273438	-9.752083131437843	-190.97259521484375	0.679171300277945	-74.17674255371094	-7.243324572476621	0.0	0.0	0.0	0.0
13.403367280960083	1781096038.0	1781096038.8447845	5	25.0	29.0	12.0	8.0	NeuronSpectrum 10.06.2026 14:49:30	EEG	checkup_149_10.06.2026 14:49:30	500.0	504.6666666666667	True	0.5	40.0	4	True	50.0	30.0	-832.5247802734375	-7.267464819695556	-225.58499145507812	5.790096499300739	-254.5411376953125	9.428785276021959	-571.5769653320312	4.263217225587516	-39.84854507446289	22.385467063690065	-633.9581909179688	4.111861952430107	-181.58518981933594	3.868953160327138	-70.49852752685547	-5.976733444010516	0.0	0.0	0.0	0.0
13.403368949890137	1781096038.0	1781096038.8447862	5	25.0	29.0	12.0	8.0	NeuronSpectrum 10.06.2026 14:49:30	EEG	checkup_149_10.06.2026 14:49:30	500.0	504.6666666666667	True	0.5	40.0	4	True	50.0	30.0	-649.640625	8.108285824776132	-174.9930419921875	10.349138396642603	-197.53407287597656	13.992106862091498	-445.9303894042969	13.976974236204011	-30.481767654418945	23.19121685190843	-495.0138854980469	15.150842555688133	-141.7391815185547	6.318211260265869	-55.54282760620117	-4.760627187506314	0.0	0.0	0.0	0.0
13.40337085723877	1781096038.0	1781096038.844788	5	25.0	29.0	12.0	8.0	NeuronSpectrum 10.06.2026 14:49:30	EEG	checkup_149_10.06.2026 14:49:30	500.0	504.6666666666667	True	0.5	40.0	4	True	50.0	30.0	-345.1622009277344	16.30189003639195	-90.8806381225586	12.918634248297453	-102.33596801757812	16.374032750523636	-236.06768798828125	18.672886934078427	-14.41639518737793	23.933444236175447	-262.7818298339844	20.87175283588461	-74.274658203125	7.299436723540391	-30.49458122253418	-3.92609415794371	0.0	0.0	0.0	0.0
13.403372526168823	1781096038.0	1781096038.8447897	5	25.0	29.0	12.0	8.0	NeuronSpectrum 10.06.2026 14:49:30	EEG	checkup_149_10.06.2026 14:49:30	500.0	504.6666666666667	True	0.5	40.0	4	True	50.0	30.0	-774.126220703125	15.61886936472144	-208.63429260253906	12.896479038861388	-236.27259826660156	15.896057991728288	-532.897705078125	17.060797348178475	-36.68364715576172	24.406812574552838	-590.2951049804688	19.85932582311417	-171.19927978515625	6.383803914406069	-64.50643157958984	-3.714573548549641	0.0	0.0	0.0	0.0
13.403374433517456	1781096038.0	1781096038.8447917	5	25.0	29.0	12.0	8.0	NeuronSpectrum 10.06.2026 14:49:30	EEG	checkup_149_10.06.2026 14:49:30	500.0	504.6666666666667	True	0.5	40.0	4	True	50.0	30.0	-773.428466796875	6.306816443876836	-208.05859375	10.196963548715802	-236.09658813476562	12.463278664292131	-533.2781372070312	9.205675939613084	-35.84066390991211	24.451364720593354	-589.7053833007812	12.143855641809372	-171.29812622070312	3.5518290588756356	-63.87741470336914	-4.218294543623702	0.0	0.0	0.0	0.0
13.40337610244751	1781096038.0	1781096038.8447933	5	25.0	29.0	12.0	8.0	NeuronSpectrum 10.06.2026 14:49:30	EEG	checkup_149_10.06.2026 14:49:30	500.0	504.6666666666667	True	0.5	40.0	4	True	50.0	30.0	-778.2689819335938	-9.61108678607534	-209.4610137939453	5.230927359987062	-238.14756774902344	6.545974046522403	-538.0328369140625	-3.555932360540012	-35.34454345703125	23.96995777734	-593.6813354492188	-0.8913098196295938	-172.6253204345703	-0.826451239313021	-63.97473907470703	-5.3700653439315404	0.0	0.0	0.0	0.0
13.403378009796143	1781096038.0	1781096038.8447952	5	25.0	29.0	12.0	8.0	NeuronSpectrum 10.06.2026 14:49:30	EEG	checkup_149_10.06.2026 14:49:30	500.0	504.6666666666667	True	0.5	40.0	4	True	50.0	30.0	-787.48681640625	-28.98465470803649	-212.75457763671875	-1.2432436150790194	-242.26107788085938	-0.9873882989397608	-546.4459228515625	-19.039539094488326	-35.46189880371094	22.93016066722339	-601.6134033203125	-16.966300716996344	-175.16661071777344	-6.1146487607337505	-64.83160400390625	-6.976585459392896	0.0	0.0	0.0	0.0
13.403379917144775	1781096038.0	1781096038.8447971	5	25.0	29.0	12.0	8.0	NeuronSpectrum 10.06.2026 14:49:30	EEG	checkup_149_10.06.2026 14:49:30	500.0	504.6666666666667	True	0.5	40.0	4	True	50.0	30.0	-793.3858642578125	-48.34149379386918	-215.8803253173828	-8.313568175179574	-246.0520782470703	-9.090805672955375	-553.0899047851562	-34.75744418478283	-36.02313995361328	21.36118552790905	-607.7177734375	-33.48466922565022	-177.3852081298828	-11.56855223681736	-65.8261947631836	-8.772950347971484	0.0	0.0	0.0	0.0
13.403381824493408	1781096038.0	1781096038.844799	5	25.0	29.0	12.0	8.0	NeuronSpectrum 10.06.2026 14:49:30	EEG	checkup_149_10.06.2026 14:49:30	500.0	504.6666666666667	True	0.5	40.0	4	True	50.0	30.0	-785.89990234375	-64.5549334133892	-215.9651641845703	-15.078490708415528	-246.23825073242188	-16.72989738580452	-550.7310791015625	-48.38543477701759	-36.607505798339844	19.35314659200584	-604.2130737304688	-48.02068485792571	-177.0922393798828	-16.47004752177498	-66.02118682861328	-10.476632680149475	0.0	0.0	0.0	0.0
13.40338397026062	1781096038.0	1781096038.8448012	5	25.0	29.0	12.0	8.0	NeuronSpectrum 10.06.2026 14:49:30	EEG	checkup_149_10.06.2026 14:49:30	500.0	504.6666666666667	True	0.5	40.0	4	True	50.0	30.0	-762.5943603515625	-75.2418522648763	-212.18226623535156	-20.74922905958482	-241.86892700195312	-23.002623893341063	-537.3309326171875	-58.05906842764637	-37.10540008544922	17.05778001904322	-589.0402221679688	-58.61777994364324	-173.64320373535156	-20.211249121058255	-65.02336120605469	-11.829629923870083	0.0	0.0	0.0	0.0
13.403385877609253	1781096038.0	1781096038.844803	5	25.0	29.0	12.0	8.0	NeuronSpectrum 10.06.2026 14:49:30	EEG	checkup_149_10.06.2026 14:49:30	500.0	504.6666666666667	True	0.5	40.0	4	True	50.0	30.0	-736.70703125	-78.91874401289083	-208.0675506591797	-24.701280072316045	-236.93142700195312	-27.202450257753185	-521.7052001953125	-62.515209970575086	-38.187198638916016	14.683401735542995	-572.0946655273438	-63.92193357736891	-169.72982788085938	-22.337287767864066	-63.70798110961914	-12.628181237677968	0.0	0.0	0.0	0.0
13.403387546539307	1781096038.0	1781096038.8448048	5	25.0	29.0	12.0	8.0	NeuronSpectrum 10.06.2026 14:49:30	EEG	checkup_149_10.06.2026 14:49:30	500.0	504.6666666666667	True	0.5	40.0	4	True	50.0	30.0	-733.0875244140625	-75.03964859986017	-210.37811279296875	-26.50942776148211	-239.0611114501953	-28.861398426381527	-520.7730102539062	-61.15767111516557	-41.064476013183594	12.475551401716897	-572.1339721679688	-63.242601807679	-170.5202178955078	-22.574166288523035	-63.94968032836914	-12.745586332834634	0.0	0.0	0.0	0.0
13.403389692306519	1781096038.0	1781096038.844807	5	25.0	29.0	12.0	8.0	NeuronSpectrum 10.06.2026 14:49:30	EEG	checkup_149_10.06.2026 14:49:30	500.0	504.6666666666667	True	0.5	40.0	4	True	50.0	30.0	-769.3519287109375	-64.04108825219038	-223.7330780029297	-25.99778745408754	-253.50656127929688	-27.807563230436116	-546.5249633789062	-54.12566268829051	-46.38820266723633	10.679217875054333	-602.298583984375	-56.63118023208637	-179.559814453125	-20.86535363397931	-67.11598205566406	-12.153371641048999	0.0	0.0	0.0	0.0
13.403391599655151	1781096038.0	1781096038.8448088	5	25.0	29.0	12.0	8.0	NeuronSpectrum 10.06.2026 14:49:30	EEG	checkup_149_10.06.2026 14:49:30	500.0	504.6666666666667	True	0.5	40.0	4	True	50.0	30.0	-833.1482543945312	-47.428700044517285	-244.17630004882812	-23.308264823200425	-275.8835144042969	-24.24046393548391	-590.2822875976562	-42.38172589287405	-52.95231628417969	9.487700774498359	-652.6661987304688	-44.99502635712914	-193.84490966796875	-17.418776116335874	-72.20760345458984	-10.939554903702138	0.0	0.0	0.0	0.0
13.403393268585205	1781096038.0	1781096038.8448105	5	25.0	29.0	12.0	8.0	NeuronSpectrum 10.06.2026 14:49:30	EEG	checkup_149_10.06.2026 14:49:30	500.0	504.6666666666667	True	0.5	40.0	4	True	50.0	30.0	-874.68505859375	-27.804933888767376	-257.1478271484375	-18.951123036668083	-289.885986328125	-18.78354783957321	-617.547607421875	-27.744249665106462	-57.35564041137695	8.993379081771527	-684.6114501953125	-30.16047621023863	-202.27914428710938	-12.735683426344941	-75.2236557006836	-9.313616738942894	0.0	0.0	0.0	0.0
13.403395175933838	1781096038.0	1781096038.8448124	5	25.0	29.0	12.0	8.0	NeuronSpectrum 10.06.2026 14:49:30	EEG	checkup_149_10.06.2026 14:49:30	500.0	504.6666666666667	True	0.5	40.0	4	True	50.0	30.0	-826.8201904296875	-8.649805406093906	-243.3504180908203	-13.776814640845942	-273.8716125488281	-12.446156019695543	-581.970947265625	-12.732373595650536	-55.332210540771484	9.160887713322126	-646.4141845703125	-14.732590878110987	-190.1772003173828	-7.575115725593777	-70.7760238647461	-7.583036728302122	0.0	0.0	0.0	0.0
13.403396844863892	1781096038.0	1781096038.844814	5	25.0	29.0	12.0	8.0	NeuronSpectrum 10.06.2026 14:49:30	EEG	checkup_149_10.06.2026 14:49:30	500.0	504.6666666666667	True	0.5	40.0	4	True	50.0	30.0	-645.1458740234375	6.2779628404573495	-190.28102111816406	-8.82578754168501	-213.81263732910156	-6.447458250421414	-453.1497802734375	-0.13293312556897896	-44.23950958251953	9.837813689679754	-504.2106628417969	-1.6451121939941888	-148.08734130859375	-2.8227432829759858	-55.34530258178711	-6.092988136504001	0.0	0.0	0.0	0.0
13.403398752212524	1781096038.0	1781096038.844816	5	25.0	29.0	12.0	8.0	NeuronSpectrum 10.06.2026 14:49:30	EEG	checkup_149_10.06.2026 14:49:30	500.0	504.6666666666667	True	0.5	40.0	4	True	50.0	30.0	-342.39471435546875	13.838433224895432	-102.0255355834961	-5.076597572556155	-114.29753112792969	-1.926598203922288	-240.41969299316406	7.649940536758921	-25.112071990966797	10.801701675569765	-268.4341125488281	6.537606719283699	-79.24939727783203	0.716913147160761	-30.077341079711914	-5.139683073388132	0.0	0.0	0.0	0.0
13.453643083572388	1781096038.0	1781096038.8950603	5	25.0	29.0	12.0	8.0	NeuronSpectrum 10.06.2026 14:49:30	EEG	checkup_149_10.06.2026 14:49:30	500.0	504.6666666666667	True	0.5	40.0	4	True	50.0	30.0	-769.6824340820312	12.379936024235754	-221.9365997314453	-3.1856124811617605	-249.36085510253906	0.35484736856017834	-534.9258422851562	9.23017189143081	-49.94230270385742	11.823503607787043	-595.1304931640625	8.312429698749519	-172.20761108398438	2.529423181617297	-65.36097717285156	-4.888183239493061	0.0	0.0	0.0	0.0
13.453648567199707	1781096038.0	1781096038.8950658	5	25.0	29.0	12.0	8.0	NeuronSpectrum 10.06.2026 14:49:30	EEG	checkup_149_10.06.2026 14:49:30	500.0	504.6666666666667	True	0.5	40.0	4	True	50.0	30.0	-769.6717529296875	2.186544576637147	-218.94691467285156	-3.3332233927567843	-246.01112365722656	0.1881806469853785	-532.4568481445312	4.581132976580769	-48.1706657409668	12.720275132036926	-591.7673950195312	3.6147926871119687	-169.87600708007812	2.509476702623483	-65.17350006103516	-5.329966028965111	0.0	0.0	0.0	0.0
13.453651189804077	1781096038.0	1781096038.8950684	5	25.0	29.0	12.0	8.0	NeuronSpectrum 10.06.2026 14:49:30	EEG	checkup_149_10.06.2026 14:49:30	500.0	504.6666666666667	True	0.5	40.0	4	True	50.0	30.0	-775.4026489257812	-14.685841396775482	-217.46397399902344	-5.234803788013209	-244.36961364746094	-2.0948497434718725	-534.2962036132812	-5.052554911314836	-46.69602584838867	13.380143444435365	-592.871826171875	-6.26985241827221	-168.855224609375	0.9446406328231298	-65.41072845458984	-6.296882246014328	0.0	0.0	0.0	0.0
13.453653335571289	1781096038.0	1781096038.8950706	5	25.0	29.0	12.0	8.0	NeuronSpectrum 10.06.2026 14:49:30	EEG	checkup_149_10.06.2026 14:49:30	500.0	504.6666666666667	True	0.5	40.0	4	True	50.0	30.0	-785.7105712890625	-35.05220553497584	-217.4458770751953	-8.283871165875492	-244.4300079345703	-5.785131257486088	-539.7464599609375	-17.583421626013912	-45.71538543701172	13.761113424221021	-597.8255004882812	-19.16390493809298	-169.06451416015625	-1.6093684734424163	-65.92578125	-7.519748223049869	0.0	0.0	0.0	0.0
13.453655242919922	1781096038.0	1781096038.8950725	5	25.0	29.0	12.0	8.0	NeuronSpectrum 10.06.2026 14:49:30	EEG	checkup_149_10.06.2026 14:49:30	500.0	504.6666666666667	True	0.5	40.0	4	True	50.0	30.0	-792.83642578125	-55.397687850942646	-216.97216796875	-11.741335280220275	-244.07818603515625	-10.012418087228186	-543.5288696289062	-30.627429055363617	-44.9510498046875	13.876920348041097	-600.931640625	-32.58162845450383	-168.9430694580078	-4.492284677874272	-66.06309509277344	-8.702820332690345	0.0	0.0	0.0	0.0
13.453657627105713	1781096038.0	1781096038.8950748	5	25.0	29.0	12.0	8.0	NeuronSpectrum 10.06.2026 14:49:30	EEG	checkup_149_10.06.2026 14:49:30	500.0	504.6666666666667	True	0.5	40.0	4	True	50.0	30.0	-786.5951538085938	-72.54337759043378	-213.3927001953125	-14.893715540613565	-240.35572814941406	-13.9274776294801	-538.6487426757812	-41.96705955880851	-43.888187408447266	13.782317408389002	-594.5738525390625	-44.21994981014745	-166.3423614501953	-7.0785304815756005	-65.00214385986328	-9.587440412655091	0.0	0.0	0.0	0.0
13.453659296035767	1781096038.0	1781096038.8950765	5	25.0	29.0	12.0	8.0	NeuronSpectrum 10.06.2026 14:49:30	EEG	checkup_149_10.06.2026 14:49:30	500.0	504.6666666666667	True	0.5	40.0	4	True	50.0	30.0	-764.4000854492188	-84.04671166214051	-206.110107421875	-17.147203415227718	-232.57374572753906	-16.81262884228987	-523.2836303710938	-49.83879275961826	-42.384220123291016	13.562499615580377	-576.84619140625	-52.25685955984816	-160.7240447998047	-8.86308762317203	-62.568885803222656	-9.991307350266188	0.0	0.0	0.0	0.0
13.453661680221558	1781096038.0	1781096038.895079	5	25.0	29.0	12.0	8.0	NeuronSpectrum 10.06.2026 14:49:30	EEG	checkup_149_10.06.2026 14:49:30	500.0	504.6666666666667	True	0.5	40.0	4	True	50.0	30.0	-739.339599609375	-88.3643063642248	-198.81500244140625	-18.06801000326046	-224.82652282714844	-18.132240089632376	-506.33209228515625	-53.06224366293551	-41.16983413696289	13.323986627068871	-557.7052612304688	-55.47912555002341	-154.94851684570312	-9.499562686565408	-59.887420654296875	-9.823733413237319	0.0	0.0	0.0	0.0
13.453663349151611	1781096038.0	1781096038.8950806	5	25.0	29.0	12.0	8.0	NeuronSpectrum 10.06.2026 14:49:30	EEG	checkup_149_10.06.2026 14:49:30	500.0	504.6666666666667	True	0.5	40.0	4	True	50.0	30.0	-736.1554565429688	-84.89896294302069	-198.3445587158203	-17.403745827394424	-224.7157745361328	-17.56197092595579	-504.64825439453125	-51.09238838938174	-41.621002197265625	13.180853717631496	-555.9039306640625	-53.33118616562641	-154.40692138671875	-8.816148197314805	-59.04862976074219	-9.086126616587238	0.0	0.0	0.0	0.0
13.453665018081665	1781096038.0	1781096038.8950822	5	25.0	29.0	12.0	8.0	NeuronSpectrum 10.06.2026 14:49:30	EEG	checkup_149_10.06.2026 14:49:30	500.0	504.6666666666667	True	0.5	40.0	4	True	50.0	30.0	-772.42626953125	-74.0534914701745	-209.4268341064453	-15.118503371347211	-237.4508056640625	-15.032934152974118	-530.1222534179688	-44.07646654634653	-44.63945007324219	13.231948375414971	-584.6559448242188	-45.97621820931902	-162.88671875	-6.835062975358043	-61.571983337402344	-7.868320748835672	0.0	0.0	0.0	0.0
13.45366644859314	1781096038.0	1781096038.8950837	5	25.0	29.0	12.0	8.0	NeuronSpectrum 10.06.2026 14:49:30	EEG	checkup_149_10.06.2026 14:49:30	500.0	504.6666666666667	True	0.5	40.0	4	True	50.0	30.0	-835.84619140625	-57.323758724415136	-228.36495971679688	-11.446966383814067	-258.7631530761719	-10.79593971039465	-574.0991821289062	-32.93494607180152	-49.30559539794922	13.531262533170679	-634.337158203125	-34.390399281088584	-177.5625	-3.8011837902162995	-66.53885650634766	-6.345130541853991	0.0	0.0	0.0	0.0
13.453668355941772	1781096038.0	1781096038.8950856	5	25.0	29.0	12.0	8.0	NeuronSpectrum 10.06.2026 14:49:30	EEG	checkup_149_10.06.2026 14:49:30	500.0	504.6666666666667	True	0.5	40.0	4	True	50.0	30.0	-876.7423095703125	-37.32889788096967	-241.0099334716797	-6.933897324813007	-272.6592712402344	-5.467104854310888	-602.2951049804688	-19.393887864127112	-52.46546936035156	14.061985786004396	-666.8233642578125	-20.408453774344334	-187.34449768066406	-0.19627885564648007	-69.95440673828125	-4.767227251051245	0.0	0.0	0.0	0.0
13.453670024871826	1781096038.0	1781096038.8950872	5	25.0	29.0	12.0	8.0	NeuronSpectrum 10.06.2026 14:49:30	EEG	checkup_149_10.06.2026 14:49:30	500.0	504.6666666666667	True	0.5	40.0	4	True	50.0	30.0	-828.1337280273438	-17.590388856640036	-228.4388885498047	-2.400937308048578	-257.8521423339844	0.011035200361285136	-568.6402587890625	-5.8377926278917665	-49.98818588256836	14.729398672515195	-630.8363037109375	-6.57334912015703	-177.32057189941406	3.303194506016674	-66.350830078125	-3.4335069040611272	0.0	0.0	0.0	0.0
13.453671932220459	1781096038.0	1781096038.8950891	5	25.0	29.0	12.0	8.0	NeuronSpectrum 10.06.2026 14:49:30	EEG	checkup_149_10.06.2026 14:49:30	500.0	504.6666666666667	True	0.5	40.0	4	True	50.0	30.0	-645.776611328125	-1.9280883276855612	-178.19580078125	1.200785104745757	-200.43997192382812	4.5394950863838455	-442.82305908203125	5.107778292951915	-39.21742248535156	15.383181464704291	-492.51800537109375	4.312670740741009	-137.6377716064453	5.953710958121234	-52.03724670410156	-2.636258155897633	0.0	0.0	0.0	0.0
13.453673362731934	1781096038.0	1781096038.8950906	5	25.0	29.0	12.0	8.0	NeuronSpectrum 10.06.2026 14:49:30	EEG	checkup_149_10.06.2026 14:49:30	500.0	504.6666666666667	True	0.5	40.0	4	True	50.0	30.0	-342.5334777832031	6.444498360128451	-93.89942932128906	3.0321769495075537	-104.707275390625	7.140434048353614	-233.87222290039062	11.205789616926081	-21.042877197265625	15.865316387055818	-261.6490173339844	9.873419711714485	-71.14472198486328	7.138965902770545	-27.92095184326172	-2.587030798295303	0.0	0.0	0.0	0.0
13.453675270080566	1781096038.0	1781096038.8950925	5	25.0	29.0	12.0	8.0	NeuronSpectrum 10.06.2026 14:49:30	EEG	checkup_149_10.06.2026 14:49:30	500.0	504.6666666666667	True	0.5	40.0	4	True	50.0	30.0	-769.17822265625	5.797742042811518	-212.73989868164062	2.610962478853092	-238.5869903564453	7.238741084517972	-526.8032836914062	11.221632770749602	-46.54426956176758	16.06353117250515	-587.581298828125	8.829204000489426	-165.65301513671875	6.557732731367455	-63.385276794433594	-3.3501057088712534	0.0	0.0	0.0	0.0
13.453676700592041	1781096038.0	1781096038.895094	5	25.0	29.0	12.0	8.0	NeuronSpectrum 10.06.2026 14:49:30	EEG	checkup_149_10.06.2026 14:49:30	500.0	504.6666666666667	True	0.5	40.0	4	True	50.0	30.0	-768.549072265625	-3.658725041141275	-212.2764129638672	-0.052001163333681655	-237.4627685546875	4.820553954495369	-525.703369140625	5.247189556114711	-46.08782958984375	15.945116277576064	-587.23193359375	1.3490225037215877	-165.8364715576172	4.31771696081236	-64.11457824707031	-4.814971812959159	0.0	0.0	0.0	0.0
13.453678846359253	1781096038.0	1781096038.895096	5	25.0	29.0	12.0	8.0	NeuronSpectrum 10.06.2026 14:49:30	EEG	checkup_149_10.06.2026 14:49:30	500.0	504.6666666666667	True	0.5	40.0	4	True	50.0	30.0	-773.6705932617188	-19.9326573470786	-213.364501953125	-4.4809476052930535	-238.1044464111328	0.40480612479155054	-528.5728759765625	-5.397626033179572	-45.87747573852539	15.55769517538592	-591.0438842773438	-11.06255378074733	-167.0094451904297	0.89380357438291	-65.19278717041016	-6.721755234122155	0.0	0.0	0.0	0.0
13.453680753707886	1781096038.0	1781096038.895098	5	25.0	29.0	12.0	8.0	NeuronSpectrum 10.06.2026 14:49:30	EEG	checkup_149_10.06.2026 14:49:30	500.0	504.6666666666667	True	0.5	40.0	4	True	50.0	30.0	-783.411376953125	-39.885595999383966	-215.83544921875	-9.894799509107788	-240.32424926757812	-5.135084759369347	-534.6990356445312	-18.596147660549402	-45.940921783447266	15.002798262477977	-598.2054443359375	-26.044623884401815	-168.83810424804688	-3.0189166893680652	-66.42809295654297	-8.726808630400102	0.0	0.0	0.0	0.0
13.45368218421936	1781096038.0	1781096038.8950994	5	25.0	29.0	12.0	8.0	NeuronSpectrum 10.06.2026 14:49:30	EEG	checkup_149_10.06.2026 14:49:30	500.0	504.6666666666667	True	0.5	40.0	4	True	50.0	30.0	-790.09326171875	-60.027211823955206	-217.6322021484375	-15.411819853845172	-241.838134765625	-10.802135482248032	-538.8582763671875	-31.978121106002103	-45.8995361328125	14.399768506566316	-602.9198608398438	-40.980691294518735	-169.64430236816406	-6.684458749272097	-67.1402359008789	-10.48006164532871	0.0	0.0	0.0	0.0
13.453683853149414	1781096038.0	1781096038.895101	5	25.0	29.0	12.0	8.0	NeuronSpectrum 10.06.2026 14:49:30	EEG	checkup_149_10.06.2026 14:49:30	500.0	504.6666666666667	True	0.5	40.0	4	True	50.0	30.0	-783.6395874023438	-77.17821947728415	-215.95396423339844	-20.221092012911186	-239.5368194580078	-15.671090420339015	-534.1453247070312	-43.37533335209069	-45.20084762573242	13.856118175206456	-597.5471801757812	-53.50018584243573	-167.30723571777344	-9.471764894440529	-66.49583435058594	-11.68856553188062	0.0	0.0	0.0	0.0
13.504818677902222	1781096038.0	1781096038.946236	5	25.0	29.0	12.0	8.0	NeuronSpectrum 10.06.2026 14:49:30	EEG	checkup_149_10.06.2026 14:49:30	500.0	504.6666666666667	True	0.5	40.0	4	True	50.0	30.0	-761.5475463867188	-88.87077312360931	-210.0734405517578	-23.68555075433895	-232.5846405029297	-19.00802433826354	-518.7973022460938	-51.098568748245555	-43.718482971191406	13.451577989788353	-580.1865844726562	-61.780261208984115	-161.37416076660156	-10.936733751683631	-64.28968811035156	-12.15406622115906	0.0	0.0	0.0	0.0
13.50482439994812	1781096038.0	1781096038.9462416	5	25.0	29.0	12.0	8.0	NeuronSpectrum 10.06.2026 14:49:30	EEG	checkup_149_10.06.2026 14:49:30	500.0	504.6666666666667	True	0.5	40.0	4	True	50.0	30.0	-736.909423828125	-93.51483342338929	-203.63218688964844	-25.384719251014612	-224.9365997314453	-20.32271497887141	-501.699462890625	-54.05426018206543	-42.25313186645508	13.234023276948252	-560.7921142578125	-64.66891975830669	-154.74148559570312	-10.846546461001154	-61.56897735595703	-11.786161266317219	0.0	0.0	0.0	0.0
13.504826784133911	1781096038.0	1781096038.946244	5	25.0	29.0	12.0	8.0	NeuronSpectrum 10.06.2026 14:49:30	EEG	checkup_149_10.06.2026 14:49:30	500.0	504.6666666666667	True	0.5	40.0	4	True	50.0	30.0	-734.364990234375	-90.452339991559	-203.53892517089844	-25.13059865430302	-224.13177490234375	-19.390376339753193	-499.6513671875	-51.78359124873168	-42.3118782043457	13.220121363481677	-558.1222534179688	-61.721957915892055	-152.78225708007812	-9.174509596020178	-60.31809997558594	-10.601034940793314	0.0	0.0	0.0	0.0
13.504829168319702	1781096038.0	1781096038.9462464	5	25.0	29.0	12.0	8.0	NeuronSpectrum 10.06.2026 14:49:30	EEG	checkup_149_10.06.2026 14:49:30	500.0	504.6666666666667	True	0.5	40.0	4	True	50.0	30.0	-771.3186645507812	-80.02105799038554	-214.69027709960938	-22.989750690106636	-235.51925659179688	-16.278953897387012	-524.5542602539062	-44.50747371889305	-44.98324203491211	13.393501731953434	-585.47705078125	-53.24682141339048	-159.36376953125	-6.095268773394265	-61.99723434448242	-8.716649764044874	0.0	0.0	0.0	0.0
13.504831314086914	1781096038.0	1781096038.9462485	5	25.0	29.0	12.0	8.0	NeuronSpectrum 10.06.2026 14:49:30	EEG	checkup_149_10.06.2026 14:49:30	500.0	504.6666666666667	True	0.5	40.0	4	True	50.0	30.0	-835.2979736328125	-63.658835677794585	-233.5654754638672	-19.318972261249314	-255.26283264160156	-11.390016588557739	-567.9375610351562	-33.19908181639887	-49.54840087890625	13.698481161112632	-633.474853515625	-40.37765426458901	-172.04588317871094	-1.9915069214834933	-65.7752456665039	-6.348690499833208	0.0	0.0	0.0	0.0
13.504833221435547	1781096038.0	1781096038.9462504	5	25.0	29.0	12.0	8.0	NeuronSpectrum 10.06.2026 14:49:30	EEG	checkup_149_10.06.2026 14:49:30	500.0	504.6666666666667	True	0.5	40.0	4	True	50.0	30.0	-876.5543212890625	-43.943955954112134	-246.0959930419922	-14.784160919534543	-268.0261535644531	-5.479823820318129	-595.8717041015625	-19.613559662680768	-52.987754821777344	14.035247722021175	-664.3885498046875	-25.10334178963649	-180.47802734375	2.5460255949560997	-67.93407440185547	-3.8011625610702	0.0	0.0	0.0	0.0
13.504835367202759	1781096038.0	1781096038.9462526	5	25.0	29.0	12.0	8.0	NeuronSpectrum 10.06.2026 14:49:30	EEG	checkup_149_10.06.2026 14:49:30	500.0	504.6666666666667	True	0.5	40.0	4	True	50.0	30.0	-828.1519775390625	-24.380987518721767	-233.3007354736328	-10.307933359780947	-253.13856506347656	0.3991672883289775	-562.6546630859375	-6.145330044001462	-51.15153503417969	14.267549741239142	-627.3737182617188	-10.104537354388048	-170.5762939453125	6.763386262248413	-63.395751953125	-1.438579755125816	0.0	0.0	0.0	0.0
13.504837274551392	1781096038.0	1781096038.9462545	5	25.0	29.0	12.0	8.0	NeuronSpectrum 10.06.2026 14:49:30	EEG	checkup_149_10.06.2026 14:49:30	500.0	504.6666666666667	True	0.5	40.0	4	True	50.0	30.0	-645.9656982421875	-8.79844199454068	-182.58189392089844	-6.907805142468777	-196.92454528808594	5.078271231799946	-438.1178894042969	4.578374563168565	-41.17323684692383	14.250767208681307	-488.85797119140625	1.7016917480659937	-132.90296936035156	9.861999209646918	-48.79377746582031	0.36944114505539316	0.0	0.0	0.0	0.0
13.504839181900024	1781096038.0	1781096038.9462564	5	25.0	29.0	12.0	8.0	NeuronSpectrum 10.06.2026 14:49:30	EEG	checkup_149_10.06.2026 14:49:30	500.0	504.6666666666667	True	0.5	40.0	4	True	50.0	30.0	-342.9550476074219	-0.4397632106597533	-97.45563507080078	-5.447529497120281	-103.29833221435547	7.549377081549324	-231.05718994140625	10.31304453140804	-23.595212936401367	13.875819094126978	-258.6219177246094	7.848192490610292	-69.88440704345703	11.176784359204529	-25.115543365478516	1.324311704484691	0.0	0.0	0.0	0.0
13.504841327667236	1781096038.0	1781096038.9462585	5	25.0	29.0	12.0	8.0	NeuronSpectrum 10.06.2026 14:49:30	EEG	checkup_149_10.06.2026 14:49:30	500.0	504.6666666666667	True	0.5	40.0	4	True	50.0	30.0	-768.1969604492188	-1.0762022321998503	-218.81759643554688	-6.393813141701995	-235.09628295898438	7.237684722137326	-522.2366333007812	9.798928173881775	-50.63789367675781	13.110206832472679	-582.7946166992188	6.986671172612243	-160.21987915039062	10.349321578761584	-58.17766571044922	1.2698925082703765	0.0	0.0	0.0	0.0
13.50484299659729	1781096038.0	1781096038.9462602	5	25.0	29.0	12.0	8.0	NeuronSpectrum 10.06.2026 14:49:30	EEG	checkup_149_10.06.2026 14:49:30	500.0	504.6666666666667	True	0.5	40.0	4	True	50.0	30.0	-767.28076171875	-10.538665462278166	-219.45465087890625	-9.689665103995832	-235.14572143554688	4.148390258480147	-522.0799560546875	3.0807684292795248	-51.51133346557617	12.01418668546077	-582.9260864257812	-0.7605844119381571	-160.97621154785156	7.417324392084279	-58.456085205078125	0.2288482829049187	0.0	0.0	0.0	0.0
13.504844903945923	1781096038.0	1781096038.9462621	5	25.0	29.0	12.0	8.0	NeuronSpectrum 10.06.2026 14:49:30	EEG	checkup_149_10.06.2026 14:49:30	500.0	504.6666666666667	True	0.5	40.0	4	True	50.0	30.0	-772.4562377929688	-26.86193159178676	-221.7091522216797	-14.797679011120222	-237.11819458007812	-1.1717638117780327	-526.1640014648438	-8.584478470627865	-52.431556701660156	10.723057972056084	-587.6797485351562	-13.911040344559899	-163.11318969726562	2.7833850196183567	-59.41215515136719	-1.6104810343621485	0.0	0.0	0.0	0.0
13.504847049713135	1781096038.0	1781096038.9462643	5	25.0	29.0	12.0	8.0	NeuronSpectrum 10.06.2026 14:49:30	EEG	checkup_149_10.06.2026 14:49:30	500.0	504.6666666666667	True	0.5	40.0	4	True	50.0	30.0	-782.6068725585938	-46.91287152772399	-225.14927673339844	-20.875440479168624	-240.63778686523438	-7.818105361531688	-533.7344360351562	-23.142863714953283	-53.2491340637207	9.4061504332676	-596.1431884765625	-30.095101377170035	-166.39979553222656	-2.9086009866086613	-60.901126861572266	-3.9462462929593376	0.0	0.0	0.0	0.0
13.504848957061768	1781096038.0	1781096038.9462662	5	25.0	29.0	12.0	8.0	NeuronSpectrum 10.06.2026 14:49:30	EEG	checkup_149_10.06.2026 14:49:30	500.0	504.6666666666667	True	0.5	40.0	4	True	50.0	30.0	-789.940673828125	-67.18370262671009	-227.4744110107422	-26.991813389678526	-243.27142333984375	-14.758811669740401	-539.483154296875	-38.264345169337574	-53.48589324951172	8.223811317607408	-602.3928833007812	-46.64944883433495	-169.1592254638672	-8.923616763008786	-62.2562141418457	-6.429281662352217	0.0	0.0	0.0	0.0
13.5048508644104	1781096038.0	1781096038.946268	5	25.0	29.0	12.0	8.0	NeuronSpectrum 10.06.2026 14:49:30	EEG	checkup_149_10.06.2026 14:49:30	500.0	504.6666666666667	True	0.5	40.0	4	True	50.0	30.0	-784.1725463867188	-84.46141340793473	-225.7729034423828	-32.302599431528364	-241.8652801513672	-21.025454055895384	-536.4457397460938	-51.775338007207644	-52.61887741088867	7.300023407570634	-598.6884765625	-61.11272900133231	-169.1975555419922	-14.555677187968008	-62.62453079223633	-8.720875539370136	0.0	0.0	0.0	0.0
13.504852771759033	1781096038.0	1781096038.94627	5	25.0	29.0	12.0	8.0	NeuronSpectrum 10.06.2026 14:49:30	EEG	checkup_149_10.06.2026 14:49:30	500.0	504.6666666666667	True	0.5	40.0	4	True	50.0	30.0	-762.5681762695312	-96.24013886997072	-219.4330291748047	-36.14988364432042	-235.69989013671875	-25.825421976474548	-522.92138671875	-61.9177145059252	-50.698081970214844	6.716410421702141	-583.1002197265625	-71.5260651431659	-166.02340698242188	-19.196143851062452	-61.75604248046875	-10.531864632205654	0.0	0.0	0.0	0.0
13.504854440689087	1781096038.0	1781096038.9462717	5	25.0	29.0	12.0	8.0	NeuronSpectrum 10.06.2026 14:49:30	EEG	checkup_149_10.06.2026 14:49:30	500.0	504.6666666666667	True	0.5	40.0	4	True	50.0	30.0	-738.0498657226562	-100.90095823486583	-212.4300994873047	-38.095787291003965	-228.98675537109375	-28.58802332965995	-507.99688720703125	-67.45811156721358	-48.79274368286133	6.5215946214037395	-565.6122436523438	-76.5618367987561	-162.59710693359375	-22.362346284426202	-60.62725067138672	-11.644948907982984	0.0	0.0	0.0	0.0
13.504856586456299	1781096038.0	1781096038.9462738	5	25.0	29.0	12.0	8.0	NeuronSpectrum 10.06.2026 14:49:30	EEG	checkup_149_10.06.2026 14:49:30	500.0	504.6666666666667	True	0.5	40.0	4	True	50.0	30.0	-735.2182006835938	-97.77646546339399	-212.06674194335938	-37.92865762721693	-229.5153045654297	-28.984619343730586	-508.66650390625	-67.7341700774672	-48.635841369628906	6.743112757185575	-564.9813232421875	-75.57437467720406	-164.34776306152344	-23.717065552262245	-61.105716705322266	-11.929004079008898	0.0	0.0	0.0	0.0
13.504858255386353	1781096038.0	1781096038.9462755	5	25.0	29.0	12.0	8.0	NeuronSpectrum 10.06.2026 14:49:30	EEG	checkup_149_10.06.2026 14:49:30	500.0	504.6666666666667	True	0.5	40.0	4	True	50.0	30.0	-771.5910034179688	-87.21857043705987	-223.4378662109375	-35.67960389325021	-242.64834594726562	-26.961844105518338	-536.7445678710938	-62.72201423500778	-51.34014129638672	7.389641416843405	-594.3495483398438	-68.66498601807938	-174.90277099609375	-23.106332389253463	-64.46078491210938	-11.353720213476292	0.0	0.0	0.0	0.0
13.504860162734985	1781096038.0	1781096038.9462774	5	25.0	29.0	12.0	8.0	NeuronSpectrum 10.06.2026 14:49:30	EEG	checkup_149_10.06.2026 14:49:30	500.0	504.6666666666667	True	0.5	40.0	4	True	50.0	30.0	-834.9185180664062	-70.69905304622665	-242.8286895751953	-31.65999246620414	-264.1615295410156	-22.796437981815053	-583.1805419921875	-53.14353239895835	-55.93375778198242	8.439083582961967	-643.9646606445312	-56.78280849500592	-191.0322723388672	-20.619155671272946	-69.5957260131836	-10.00541488471197	0.0	0.0	0.0	0.0
13.504862308502197	1781096038.0	1781096038.9462795	5	25.0	29.0	12.0	8.0	NeuronSpectrum 10.06.2026 14:49:30	EEG	checkup_149_10.06.2026 14:49:30	500.0	504.6666666666667	True	0.5	40.0	4	True	50.0	30.0	-875.6896362304688	-50.83986920453292	-255.6148681640625	-26.48970515601337	-277.997802734375	-17.135702104105196	-613.0545654296875	-40.53604159192246	-58.96349334716797	9.819640897547519	-675.614990234375	-41.77872953347743	-201.12716674804688	-16.639446604530196	-72.51136779785156	-8.09423588349274	0.0	0.0	0.0	0.0
13.504863739013672	1781096038.0	1781096038.946281	5	25.0	29.0	12.0	8.0	NeuronSpectrum 10.06.2026 14:49:30	EEG	checkup_149_10.06.2026 14:49:30	500.0	504.6666666666667	True	0.5	40.0	4	True	50.0	30.0	-827.117431640625	-31.185922100389092	-242.19371032714844	-21.058834872638755	-262.7781066894531	-10.958834798003053	-579.7026977539062	-27.14553503151762	-55.92238998413086	11.39955458123177	-638.0934448242188	-26.263086073563063	-189.92108154296875	-11.839093846580747	-67.94572448730469	-5.936602297919223	0.0	0.0	0.0	0.0
13.504865884780884	1781096038.0	1781096038.946283	5	25.0	29.0	12.0	8.0	NeuronSpectrum 10.06.2026 14:49:30	EEG	checkup_149_10.06.2026 14:49:30	500.0	504.6666666666667	True	0.5	40.0	4	True	50.0	30.0	-645.0792846679688	-15.590729525042082	-189.68643188476562	-16.379941874288924	-204.58514404296875	-5.411721201910801	-452.6068115234375	-15.543779902604193	-43.941070556640625	12.99978615431725	-497.82794189453125	-13.16133612152107	-147.6466064453125	-7.073632743888129	-52.55531692504883	-3.902059779700385	0.0	0.0	0.0	0.0
13.504867553710938	1781096038.0	1781096038.9462848	5	25.0	29.0	12.0	8.0	NeuronSpectrum 10.06.2026 14:49:30	EEG	checkup_149_10.06.2026 14:49:30	500.0	504.6666666666667	True	0.5	40.0	4	True	50.0	30.0	-342.41021728515625	-7.300098772171372	-101.91323852539062	-13.34897271988316	-107.82238006591797	-1.536090098477003	-241.16622924804688	-8.019588301530886	-24.02115249633789	14.430924269539721	-265.0338134765625	-5.026883137730928	-77.75299835205078	-3.1917618597096507	-27.588552474975586	-2.3317493336740007	0.0	0.0	0.0	0.0
13.555773496627808	1781096038.0	1781096038.9971907	5	25.0	29.0	12.0	8.0	NeuronSpectrum 10.06.2026 14:49:30	EEG	checkup_149_10.06.2026 14:49:30	500.0	504.6666666666667	True	0.5	40.0	4	True	50.0	30.0	-768.098388671875	-8.064346067746591	-223.9271240234375	-12.50425373297589	-240.5503692626953	0.0067535255243257805	-533.8070068359375	-5.9676414880962385	-50.16437530517578	15.538953239594823	-587.76416015625	-3.3599490915546544	-170.4379425048828	-0.8283617828129455	-60.15488815307617	-1.4561208207016003	0.0	0.0	0.0	0.0
13.555779695510864	1781096038.0	1781096038.997197	5	25.0	29.0	12.0	8.0	NeuronSpectrum 10.06.2026 14:49:30	EEG	checkup_149_10.06.2026 14:49:30	500.0	504.6666666666667	True	0.5	40.0	4	True	50.0	30.0	-767.6942749023438	-17.676061704214813	-221.94125366210938	-13.893972045713976	-237.7842559814453	-0.9061579363192209	-529.6653442382812	-9.548203668710833	-48.4379997253418	16.237853574443935	-584.2514038085938	-8.235131591638545	-166.87794494628906	-0.269906488238091	-59.057159423828125	-1.3454860698466864	0.0	0.0	0.0	0.0
13.555782318115234	1781096038.0	1781096038.9971995	5	25.0	29.0	12.0	8.0	NeuronSpectrum 10.06.2026 14:49:30	EEG	checkup_149_10.06.2026 14:49:30	500.0	504.6666666666667	True	0.5	40.0	4	True	50.0	30.0	-773.2067260742188	-34.12484268165119	-221.23756408691406	-17.106101012252775	-236.6227264404297	-3.881718819403312	-529.395751953125	-17.75280843058356	-46.89678955078125	16.516772849889982	-585.2432250976562	-18.38650489704063	-164.78857421875	-1.439618586829311	-58.715030670166016	-1.9109698406359117	0.0	0.0	0.0	0.0
13.555784702301025	1781096038.0	1781096038.997202	5	25.0	29.0	12.0	8.0	NeuronSpectrum 10.06.2026 14:49:30	EEG	checkup_149_10.06.2026 14:49:30	500.0	504.6666666666667	True	0.5	40.0	4	True	50.0	30.0	-783.4199829101562	-54.23746053762427	-221.87855529785156	-21.42501722271635	-237.1300506591797	-8.176016074150724	-532.7982788085938	-28.791262954899892	-45.811092376708984	16.42653204751177	-590.30126953125	-31.655496174328153	-164.46109008789062	-3.9813592211869393	-59.096797943115234	-2.9475623292020594	0.0	0.0	0.0	0.0
13.555787086486816	1781096038.0	1781096038.9972043	5	25.0	29.0	12.0	8.0	NeuronSpectrum 10.06.2026 14:49:30	EEG	checkup_149_10.06.2026 14:49:30	500.0	504.6666666666667	True	0.5	40.0	4	True	50.0	30.0	-790.5485229492188	-74.48111343182647	-222.0583038330078	-26.027379500071085	-237.2851104736328	-12.90761833752629	-535.0281982421875	-40.5863229567095	-45.030460357666016	16.059499756883426	-593.874755859375	-45.563166475957196	-164.60768127441406	-7.381141381237982	-59.55746078491211	-4.195072097808972	0.0	0.0	0.0	0.0
13.555789232254028	1781096038.0	1781096038.9972064	5	25.0	29.0	12.0	8.0	NeuronSpectrum 10.06.2026 14:49:30	EEG	checkup_149_10.06.2026 14:49:30	500.0	504.6666666666667	True	0.5	40.0	4	True	50.0	30.0	-784.4068603515625	-91.63827538930883	-219.183837890625	-30.141063598707884	-234.18350219726562	-17.234835747816565	-529.38037109375	-51.18528118799895	-44.144901275634766	15.53359621490713	-588.3926391601562	-57.7925856311602	-163.19671630859375	-11.07251615536887	-59.186912536621094	-5.394049474277419	0.0	0.0	0.0	0.0
13.55579137802124	1781096038.0	1781096038.9972086	5	25.0	29.0	12.0	8.0	NeuronSpectrum 10.06.2026 14:49:30	EEG	checkup_149_10.06.2026 14:49:30	500.0	504.6666666666667	True	0.5	40.0	4	True	50.0	30.0	-762.3944091796875	-103.21874218569012	-212.6539306640625	-33.136671721971645	-227.09942626953125	-20.461828232669305	-514.1682739257812	-59.00567448885518	-43.027591705322266	14.982037048720978	-571.8502807617188	-66.4854225047647	-159.62640380859375	-14.505058743454947	-57.64864730834961	-6.324940382570581	0.0	0.0	0.0	0.0
13.555793762207031	1781096038.0	1781096038.997211	5	25.0	29.0	12.0	8.0	NeuronSpectrum 10.06.2026 14:49:30	EEG	checkup_149_10.06.2026 14:49:30	500.0	504.6666666666667	True	0.5	40.0	4	True	50.0	30.0	-737.5297241210938	-107.63380691100507	-206.13827514648438	-34.56529791404246	-220.0006866455078	-22.086204891531686	-498.310546875	-62.93950041863303	-42.31535720825195	14.543164584015816	-553.9710693359375	-70.37527657975943	-156.5175018310547	-17.1863133209293	-55.87476348876953	-6.830410413958153	0.0	0.0	0.0	0.0
13.555795669555664	1781096038.0	1781096038.997213	5	25.0	29.0	12.0	8.0	NeuronSpectrum 10.06.2026 14:49:30	EEG	checkup_149_10.06.2026 14:49:30	500.0	504.6666666666667	True	0.5	40.0	4	True	50.0	30.0	-734.4314575195312	-104.25173053362101	-206.467529296875	-34.179823035229184	-220.35157775878906	-21.826716598676377	-498.595458984375	-62.40084527025053	-43.22455978393555	14.342787340081433	-553.2207641601562	-68.8480800782961	-158.8787841796875	-18.722834100217206	-55.787872314453125	-6.827920726933845	0.0	0.0	0.0	0.0
13.555797576904297	1781096038.0	1781096038.9972148	5	25.0	29.0	12.0	8.0	NeuronSpectrum 10.06.2026 14:49:30	EEG	checkup_149_10.06.2026 14:49:30	500.0	504.6666666666667	True	0.5	40.0	4	True	50.0	30.0	-770.5771484375	-93.45553305349593	-218.3461456298828	-31.97315254121406	-233.33653259277344	-19.666232422703104	-526.7427978515625	-57.39791159622475	-46.52064895629883	14.465333000884455	-582.6004638671875	-62.01738649204722	-170.04443359375	-18.880789711473625	-58.81501007080078	-6.320164256225984	0.0	0.0	0.0	0.0
13.55579948425293	1781096039.0	1781096038.9972167	5	25.0	29.0	12.0	8.0	NeuronSpectrum 10.06.2026 14:49:30	EEG	checkup_149_10.06.2026 14:49:30	500.0	504.6666666666667	True	0.5	40.0	4	True	50.0	30.0	-833.6865234375	-76.73526921949967	-237.95799255371094	-28.23717140498486	-254.85610961914062	-15.914009540719487	-573.771484375	-48.64442351313991	-51.251564025878906	14.918509305643974	-632.4618530273438	-50.83179212643759	-186.776611328125	-17.662828289542627	-64.05215454101562	-5.404845443343668	0.0	0.0	0.0	0.0
13.555801630020142	1781096039.0	1781096038.9972188	5	25.0	29.0	12.0	8.0	NeuronSpectrum 10.06.2026 14:49:30	EEG	checkup_149_10.06.2026 14:49:30	500.0	504.6666666666667	True	0.5	40.0	4	True	50.0	30.0	-874.2888793945312	-56.71391515600038	-250.89454650878906	-23.60523330839903	-269.232421875	-11.247755344140389	-604.9039306640625	-37.63050796272165	-54.34809494018555	15.605400587860471	-664.869873046875	-37.12927200858037	-197.73544311523438	-15.36693357867126	-67.61601257324219	-4.275863720947254	0.0	0.0	0.0	0.0
13.555803537368774	1781096039.0	1781096038.9972208	5	25.0	29.0	12.0	8.0	NeuronSpectrum 10.06.2026 14:49:30	EEG	checkup_149_10.06.2026 14:49:30	500.0	504.6666666666667	True	0.5	40.0	4	True	50.0	30.0	-825.7107543945312	-36.920744519257326	-237.90171813964844	-19.01583889765887	-255.4548797607422	-6.669375037678123	-573.5051879882812	-26.513710016198583	-51.80852508544922	16.32218068337222	-628.8557739257812	-23.48918097779463	-187.98956298828125	-12.575592703447846	-64.19085693359375	-3.2021767616194974	0.0	0.0	0.0	0.0
13.555805444717407	1781096039.0	1781096038.9972227	5	25.0	29.0	12.0	8.0	NeuronSpectrum 10.06.2026 14:49:30	EEG	checkup_149_10.06.2026 14:49:30	500.0	504.6666666666667	True	0.5	40.0	4	True	50.0	30.0	-643.943115234375	-21.182517380859096	-186.300048828125	-15.552925299822906	-199.63619995117188	-3.3279518347772994	-448.82281494140625	-17.731927534093174	-41.03390884399414	16.79354027133328	-490.8277282714844	-12.778403274482208	-147.85748291015625	-10.040082340390944	-50.19807434082031	-2.4756738440303354	0.0	0.0	0.0	0.0
13.55580759048462	1781096039.0	1781096038.9972248	5	25.0	29.0	12.0	8.0	NeuronSpectrum 10.06.2026 14:49:30	EEG	checkup_149_10.06.2026 14:49:30	500.0	504.6666666666667	True	0.5	40.0	4	True	50.0	30.0	-341.8360900878906	-12.71610524569901	-99.77779388427734	-14.18287030565523	-105.7127685546875	-2.233673993092721	-239.76901245117188	-13.391688481675311	-22.824119567871094	16.741324667779857	-260.653076171875	-7.454496279705159	-80.40676879882812	-8.477214555968294	-26.55651092529297	-2.336385084100339	0.0	0.0	0.0	0.0
13.55580997467041	1781096039.0	1781096038.9972272	5	25.0	29.0	12.0	8.0	NeuronSpectrum 10.06.2026 14:49:30	EEG	checkup_149_10.06.2026 14:49:30	500.0	504.6666666666667	True	0.5	40.0	4	True	50.0	30.0	-766.487060546875	-13.250505210753921	-222.2599334716797	-15.482950716642538	-240.01629638671875	-3.9668563963457135	-535.413330078125	-14.658990354834513	-48.642478942871094	15.963275761318696	-585.6194458007812	-8.87872178870222	-174.63131713867188	-8.354994670936986	-61.36745834350586	-2.9023013451000907	0.0	0.0	0.0	0.0
13.555812120437622	1781096039.0	1781096038.9972293	5	25.0	29.0	12.0	8.0	NeuronSpectrum 10.06.2026 14:49:30	EEG	checkup_149_10.06.2026 14:49:30	500.0	504.6666666666667	True	0.5	40.0	4	True	50.0	30.0	-765.7747192382812	-22.572360478168505	-222.9107666015625	-19.47938601119017	-241.121337890625	-8.510359518592125	-535.0672607421875	-21.429494692866886	-49.39592742919922	14.391726845351785	-586.0130004882812	-16.945023737711505	-173.73208618164062	-9.761563296281633	-62.046653747558594	-4.135442166456389	0.0	0.0	0.0	0.0
13.555813789367676	1781096039.0	1781096038.997231	5	25.0	29.0	12.0	8.0	NeuronSpectrum 10.06.2026 14:49:30	EEG	checkup_149_10.06.2026 14:49:30	500.0	504.6666666666667	True	0.5	40.0	4	True	50.0	30.0	-770.9007568359375	-38.684259100624274	-225.71072387695312	-25.657430874425547	-244.3682403564453	-15.271594000336803	-538.4171142578125	-32.41489337276796	-51.085933685302734	12.112989908200984	-590.93310546875	-30.175816837170437	-173.97705078125	-12.407299594123101	-63.056373596191406	-5.858428030855355	0.0	0.0	0.0	0.0
13.555815935134888	1781096039.0	1781096038.9972332	5	25.0	29.0	12.0	8.0	NeuronSpectrum 10.06.2026 14:49:30	EEG	checkup_149_10.06.2026 14:49:30	500.0	504.6666666666667	True	0.5	40.0	4	True	50.0	30.0	-780.7096557617188	-58.443539705236134	-230.33982849121094	-33.114745158651644	-249.3504180908203	-23.259797040579468	-544.708251953125	-45.55961747517906	-53.58863830566406	9.348094802131566	-599.4368286132812	-46.18957695662827	-175.19007873535156	-15.73756479051015	-64.23909759521484	-7.809367266287462	0.0	0.0	0.0	0.0
13.55581784248352	1781096039.0	1781096038.997235	5	25.0	29.0	12.0	8.0	NeuronSpectrum 10.06.2026 14:49:30	EEG	checkup_149_10.06.2026 14:49:30	500.0	504.6666666666667	True	0.5	40.0	4	True	50.0	30.0	-787.4794921875	-78.35991110902249	-234.45167541503906	-40.77368714267795	-253.49188232421875	-31.32344957113423	-548.6826171875	-58.569797649729345	-56.21734619140625	6.409318072599335	-605.5855712890625	-62.298967493690355	-175.74168395996094	-19.08927814313141	-64.95963287353516	-9.707572657455433	0.0	0.0	0.0	0.0
13.555819749832153	1781096039.0	1781096038.997237	5	25.0	29.0	12.0	8.0	NeuronSpectrum 10.06.2026 14:49:30	EEG	checkup_149_10.06.2026 14:49:30	500.0	504.6666666666667	True	0.5	40.0	4	True	50.0	30.0	-781.0770874023438	-95.26197815451721	-234.90496826171875	-47.57418865609472	-253.40638732910156	-38.36002365934431	-543.4514770507812	-69.35686673789782	-58.04294967651367	3.648503332492967	-601.6211547851562	-76.02016286154783	-173.46534729003906	-21.828911190544083	-64.44603729248047	-11.305728384690457	0.0	0.0	0.0	0.0
13.555821657180786	1781096039.0	1781096038.9972389	5	25.0	29.0	12.0	8.0	NeuronSpectrum 10.06.2026 14:49:30	EEG	checkup_149_10.06.2026 14:49:30	500.0	504.6666666666667	True	0.5	40.0	4	True	50.0	30.0	-758.9365844726562	-106.70023367492692	-230.688232421875	-52.60982485863103	-248.10145568847656	-43.456489083901026	-527.3287963867188	-76.30556561292315	-58.61399841308594	1.4073288974318237	-585.5352783203125	-85.39172823776867	-167.82484436035156	-23.44194075611141	-62.582759857177734	-12.41783249724273	0.0	0.0	0.0	0.0
13.55582332611084	1781096039.0	1781096038.9972405	5	25.0	29.0	12.0	8.0	NeuronSpectrum 10.06.2026 14:49:30	EEG	checkup_149_10.06.2026 14:49:30	500.0	504.6666666666667	True	0.5	40.0	4	True	50.0	30.0	-734.0943603515625	-111.11334589604128	-225.27513122558594	-55.21099209384785	-241.5443572998047	-45.96603360540436	-509.3048095703125	-78.38478956723758	-58.5391960144043	-0.02696678103850684	-567.14404296875	-89.12072188373	-161.64828491210938	-23.5772464585182	-60.52743148803711	-12.926245359178102	0.0	0.0	0.0	0.0
13.555825471878052	1781096039.0	1781096038.9972427	5	25.0	29.0	12.0	8.0	NeuronSpectrum 10.06.2026 14:49:30	EEG	checkup_149_10.06.2026 14:49:30	500.0	504.6666666666667	True	0.5	40.0	4	True	50.0	30.0	-731.17529296875	-107.87838957074295	-225.49107360839844	-55.00242026178169	-241.38584899902344	-45.55370764437566	-506.2611389160156	-75.18344854755769	-59.25198745727539	-0.46080335292018104	-565.021240234375	-86.64364356076581	-160.246826171875	-22.06976227151591	-60.34252166748047	-12.779630198499518	0.0	0.0	0.0	0.0
13.555827140808105	1781096039.0	1781096038.9972444	5	25.0	29.0	12.0	8.0	NeuronSpectrum 10.06.2026 14:49:30	EEG	checkup_149_10.06.2026 14:49:30	500.0	504.6666666666667	True	0.5	40.0	4	True	50.0	30.0	-767.6527099609375	-97.36687892895321	-236.13845825195312	-51.960573607664344	-253.0198211669922	-42.24297673106813	-530.1324462890625	-66.95385723175414	-61.787017822265625	0.17149204437896556	-592.2935180664062	-78.19010544539164	-167.35142517089844	-18.96501736998027	-63.44438552856445	-11.993919615118703	0.0	0.0	0.0	0.0
13.555829286575317	1781096039.0	1781096038.9972465	5	25.0	29.0	12.0	8.0	NeuronSpectrum 10.06.2026 14:49:30	EEG	checkup_149_10.06.2026 14:49:30	500.0	504.6666666666667	True	0.5	40.0	4	True	50.0	30.0	-831.2249145507812	-81.03885568028845	-253.53082275390625	-46.47084110551361	-272.44635009765625	-36.46714022772886	-572.4539184570312	-54.683513733915156	-65.30323028564453	1.7828455284239229	-639.5333862304688	-64.86927629962868	-180.22752380371094	-14.550326316110064	-68.76808166503906	-10.66067082832006	0.0	0.0	0.0	0.0
13.555830955505371	1781096039.0	1781096038.9972482	5	25.0	29.0	12.0	8.0	NeuronSpectrum 10.06.2026 14:49:30	EEG	checkup_149_10.06.2026 14:49:30	500.0	504.6666666666667	True	0.5	40.0	4	True	50.0	30.0	-872.3733520507812	-61.473561066685825	-263.43145751953125	-39.34827891660252	-283.9852294921875	-29.088919706257002	-599.3306274414062	-40.12452339986049	-66.62247467041016	4.128513716285422	-669.193359375	-48.69881331314252	-188.0995330810547	-9.369255633789717	-72.19912719726562	-8.955173035044123	0.0	0.0	0.0	0.0
13.555833101272583	1781096039.0	1781096038.9972503	5	25.0	29.0	12.0	8.0	NeuronSpectrum 10.06.2026 14:49:30	EEG	checkup_149_10.06.2026 14:49:30	500.0	504.6666666666667	True	0.5	40.0	4	True	50.0	30.0	-824.3488159179688	-42.149469885197725	-246.88165283203125	-31.765099197450695	-266.682373046875	-21.32703470967611	-565.1650390625	-25.65138851897465	-61.576595306396484	6.833729215360133	-630.8175048828125	-32.43290528995835	-176.527587890625	-4.178345363178611	-68.24888610839844	-7.128232912006529	0.0	0.0	0.0	0.0
13.555834770202637	1781096039.0	1781096038.997252	5	25.0	29.0	12.0	8.0	NeuronSpectrum 10.06.2026 14:49:30	EEG	checkup_149_10.06.2026 14:49:30	500.0	504.6666666666667	True	0.5	40.0	4	True	50.0	30.0	-643.0576782226562	-26.842676585197264	-191.68276977539062	-25.049210664077727	-206.95852661132812	-14.54942733525159	-439.9454040527344	-13.856601989282591	-47.62937927246094	9.459350806190415	-491.2718505859375	-19.091084619437687	-136.08409118652344	0.18195445957416595	-53.33214569091797	-5.468737092135565	0.0	0.0	0.0	0.0
13.55583667755127	1781096039.0	1781096038.997254	5	25.0	29.0	12.0	8.0	NeuronSpectrum 10.06.2026 14:49:30	EEG	checkup_149_10.06.2026 14:49:30	500.0	504.6666666666667	True	0.5	40.0	4	True	50.0	30.0	-341.2929382324219	-18.72599618775207	-102.1280288696289	-20.384007690707147	-109.35955810546875	-9.963026933984896	-232.6003875732422	-6.939677766081246	-26.05703353881836	11.594167034588233	-260.6027526855469	-11.253500592956943	-69.7675552368164	2.9834564138898383	-28.548826217651367	-4.240507656645367	0.0	0.0	0.0	0.0
13.60768175125122	1781096039.0	1781096039.049099	5	25.0	29.0	12.0	8.0	NeuronSpectrum 10.06.2026 14:49:30	EEG	checkup_149_10.06.2026 14:49:30	500.0	504.6666666666667	True	0.5	40.0	4	True	50.0	30.0	-766.12109375	-19.49581334079166	-222.4024200439453	-18.512808334223063	-241.73477172851562	-8.309024639909577	-521.2045288085938	-6.112743903128725	-52.7927131652832	12.9450891685741	-581.156005859375	-10.375270006610119	-160.5199432373047	3.801745061346792	-62.23749923706055	-3.6167167036286045	0.0	0.0	0.0	0.0
13.60768747329712	1781096039.0	1781096039.0491047	5	25.0	29.0	12.0	8.0	NeuronSpectrum 10.06.2026 14:49:30	EEG	checkup_149_10.06.2026 14:49:30	500.0	504.6666666666667	True	0.5	40.0	4	True	50.0	30.0	-765.4765625	-28.92037532321564	-220.32479858398438	-19.570869951536608	-239.78536987304688	-9.693937911598294	-519.4237060546875	-11.29152829559591	-51.85672378540039	13.392527054505178	-579.410888671875	-16.423210343080605	-159.43263244628906	2.6170519242734245	-61.2069206237793	-3.6413823924819053	0.0	0.0	0.0	0.0
13.607689619064331	1781096039.0	1781096039.0491068	5	25.0	29.0	12.0	8.0	NeuronSpectrum 10.06.2026 14:49:30	EEG	checkup_149_10.06.2026 14:49:30	500.0	504.6666666666667	True	0.5	40.0	4	True	50.0	30.0	-770.5322265625	-44.998875043493754	-220.79611206054688	-23.107048050269125	-240.32382202148438	-13.62093845126652	-521.8182373046875	-21.200974842865634	-51.93384552001953	12.99372529362637	-582.6909790039062	-27.982211606194664	-159.99252319335938	-0.2167880818067922	-60.50136184692383	-4.23262358486705	0.0	0.0	0.0	0.0
13.607691764831543	1781096039.0	1781096039.049109	5	25.0	29.0	12.0	8.0	NeuronSpectrum 10.06.2026 14:49:30	EEG	checkup_149_10.06.2026 14:49:30	500.0	504.6666666666667	True	0.5	40.0	4	True	50.0	30.0	-780.170166015625	-64.59946956912623	-223.5245819091797	-28.26101348768541	-243.0312957763672	-19.182199308640893	-527.7137451171875	-33.80523085405143	-52.88534927368164	11.941018226967996	-590.1827392578125	-42.73299654436657	-162.0252227783203	-4.1065332136704225	-60.23470687866211	-5.218537385144795	0.0	0.0	0.0	0.0
13.607694149017334	1781096039.0	1781096039.0491114	5	25.0	29.0	12.0	8.0	NeuronSpectrum 10.06.2026 14:49:30	EEG	checkup_149_10.06.2026 14:49:30	500.0	504.6666666666667	True	0.5	40.0	4	True	50.0	30.0	-786.7167358398438	-84.25506790369874	-226.08375549316406	-34.003103797004414	-245.35134887695312	-25.31065960797423	-531.8442993164062	-46.84237977349863	-53.99672317504883	10.49769042920587	-595.8851318359375	-58.057246254737606	-163.77969360351562	-8.386680822633558	-60.02405548095703	-6.383297735254693	0.0	0.0	0.0	0.0
13.607695817947388	1781096039.0	1781096039.049113	5	25.0	29.0	12.0	8.0	NeuronSpectrum 10.06.2026 14:49:30	EEG	checkup_149_10.06.2026 14:49:30	500.0	504.6666666666667	True	0.5	40.0	4	True	50.0	30.0	-780.080078125	-100.82739926605844	-225.1894989013672	-39.348999719932436	-243.87020874023438	-30.997412412737326	-527.2330322265625	-58.266125710318484	-54.32957458496094	8.934757011043326	-591.8442993164062	-71.54823851744523	-162.89480590820312	-12.456014888739839	-59.24136734008789	-7.504832852446313	0.0	0.0	0.0	0.0
13.60769772529602	1781096039.0	1781096039.049115	5	25.0	29.0	12.0	8.0	NeuronSpectrum 10.06.2026 14:49:30	EEG	checkup_149_10.06.2026 14:49:30	500.0	504.6666666666667	True	0.5	40.0	4	True	50.0	30.0	-757.7088012695312	-111.9071064928865	-219.77194213867188	-43.50395117677766	-237.60626220703125	-35.429295841129324	-512.1475830078125	-66.50469559349862	-53.52554702758789	7.483120925763958	-575.9282836914062	-81.32348577293988	-158.73348999023438	-15.854361123530477	-57.71775436401367	-8.377953994996707	0.0	0.0	0.0	0.0
13.607699394226074	1781096039.0	1781096039.0491166	5	25.0	29.0	12.0	8.0	NeuronSpectrum 10.06.2026 14:49:30	EEG	checkup_149_10.06.2026 14:49:30	500.0	504.6666666666667	True	0.5	40.0	4	True	50.0	30.0	-732.6228637695312	-115.97665329962848	-213.49771118164062	-45.93632009697178	-230.6724853515625	-38.051446004629426	-495.7176208496094	-70.55697158877831	-52.4684944152832	6.304991543108451	-558.1145629882812	-86.15681828686297	-154.2801513671875	-18.285740945356146	-56.33113098144531	-8.827981146182287	0.0	0.0	0.0	0.0
13.607701301574707	1781096039.0	1781096039.0491185	5	25.0	29.0	12.0	8.0	NeuronSpectrum 10.06.2026 14:49:30	EEG	checkup_149_10.06.2026 14:49:30	500.0	504.6666666666667	True	0.5	40.0	4	True	50.0	30.0	-729.421875	-112.4565773590076	-213.66917419433594	-46.408586845072385	-231.0112762451172	-38.5902527241567	-495.15301513671875	-70.01102820333958	-53.02439880371094	5.480695184965901	-557.4321899414062	-85.51975497127069	-155.2486572265625	-19.61573713928849	-56.724361419677734	-8.724803763956496	0.0	0.0	0.0	0.0
13.60770297050476	1781096039.0	1781096039.0491202	5	25.0	29.0	12.0	8.0	NeuronSpectrum 10.06.2026 14:49:30	EEG	checkup_149_10.06.2026 14:49:30	500.0	504.6666666666667	True	0.5	40.0	4	True	50.0	30.0	-765.589599609375	-101.7569955307005	-225.63998413085938	-44.99728478941368	-244.31228637695312	-37.07422483034926	-522.6759033203125	-65.07159618585932	-56.630516052246094	5.004496223698115	-587.4535522460938	-79.62448558270749	-165.75917053222656	-19.87222527738961	-59.95158004760742	-8.004661653776918	0.0	0.0	0.0	0.0
13.607704639434814	1781096039.0	1781096039.0491219	5	25.0	29.0	12.0	8.0	NeuronSpectrum 10.06.2026 14:49:30	EEG	checkup_149_10.06.2026 14:49:30	500.0	504.6666666666667	True	0.5	40.0	4	True	50.0	30.0	-828.9078369140625	-85.36704325402481	-245.96051025390625	-42.1110149811089	-266.6252136230469	-33.86352712770403	-569.7078247070312	-56.621127076271506	-62.532142639160156	4.786537005761503	-638.72119140625	-69.49382442622384	-183.06996154785156	-19.25938689185084	-64.8563232421875	-6.697859396871619	0.0	0.0	0.0	0.0
13.607706308364868	1781096039.0	1781096039.0491235	5	25.0	29.0	12.0	8.0	NeuronSpectrum 10.06.2026 14:49:30	EEG	checkup_149_10.06.2026 14:49:30	500.0	504.6666666666667	True	0.5	40.0	4	True	50.0	30.0	-870.0071411132812	-65.88162838757185	-259.98858642578125	-38.480206571542844	-281.87103271484375	-29.657628469508953	-601.6149291992188	-46.24599758940447	-67.11470794677734	4.665065898552565	-672.8976440429688	-56.98215131394258	-195.7710723876953	-18.165012308590878	-67.59164428710938	-4.949483936488754	0.0	0.0	0.0	0.0
13.607708215713501	1781096039.0	1781096039.0491254	5	25.0	29.0	12.0	8.0	NeuronSpectrum 10.06.2026 14:49:30	EEG	checkup_149_10.06.2026 14:49:30	500.0	504.6666666666667	True	0.5	40.0	4	True	50.0	30.0	-822.2850952148438	-46.77931732038801	-247.7186279296875	-35.06977308351192	-268.264892578125	-25.423739002274445	-571.5924072265625	-36.09877171945295	-65.30258178710938	4.437751664776854	-638.1751098632812	-44.60604366813363	-188.30242919921875	-17.121057744110526	-63.172142028808594	-3.0142951391241875	0.0	0.0	0.0	0.0
13.607710123062134	1781096039.0	1781096039.0491273	5	25.0	29.0	12.0	8.0	NeuronSpectrum 10.06.2026 14:49:30	EEG	checkup_149_10.06.2026 14:49:30	500.0	504.6666666666667	True	0.5	40.0	4	True	50.0	30.0	-641.694580078125	-31.821105277668835	-195.6736602783203	-32.88354966960281	-211.25238037109375	-22.20669136498068	-448.49005126953125	-28.504874217159077	-53.523902893066406	3.9164766667048823	-500.16656494140625	-35.08639515052482	-150.11541748046875	-16.688660396792358	-48.465641021728516	-1.213180707792712	0.0	0.0	0.0	0.0
13.607711791992188	1781096039.0	1781096039.049129	5	25.0	29.0	12.0	8.0	NeuronSpectrum 10.06.2026 14:49:30	EEG	checkup_149_10.06.2026 14:49:30	500.0	504.6666666666667	True	0.5	40.0	4	True	50.0	30.0	-340.9075012207031	-24.1524500370454	-107.2540512084961	-32.69183929327999	-114.68467712402344	-20.848736637603864	-240.78421020507812	-25.368563048453225	-32.358306884765625	2.995320592565579	-268.4970703125	-30.667244686447027	-83.62702178955078	-17.285175711943587	-24.699033737182617	0.14264643018780454	0.0	0.0	0.0	0.0
13.658759593963623	1781096039.0	1781096039.1001768	5	25.0	29.0	12.0	8.0	NeuronSpectrum 10.06.2026 14:49:30	EEG	checkup_149_10.06.2026 14:49:30	500.0	504.6666666666667	True	0.5	40.0	4	True	50.0	30.0	-765.6248168945312	-25.43473741573548	-237.28738403320312	-34.78338260846258	-253.37582397460938	-21.72506531949034	-538.9071044921875	-27.601657668177307	-65.98834991455078	1.705442019198017	-599.4297485351562	-32.46344677279597	-183.6962890625	-19.024096818383626	-55.9326057434082	0.8325765918415825	0.0	0.0	0.0	0.0
13.658765077590942	1781096039.0	1781096039.1001823	5	25.0	29.0	12.0	8.0	NeuronSpectrum 10.06.2026 14:49:30	EEG	checkup_149_10.06.2026 14:49:30	500.0	504.6666666666667	True	0.5	40.0	4	True	50.0	30.0	-765.6985473632812	-35.398494111181165	-239.107421875	-38.85875189251608	-253.3526611328125	-24.620434316011007	-539.341796875	-34.843792146196506	-67.18680572509766	0.22833366675436922	-599.630859375	-40.13842072442706	-184.31887817382812	-21.651715780523084	-55.11738586425781	0.7789351162510988	0.0	0.0	0.0	0.0
13.658767461776733	1781096039.0	1781096039.1001847	5	25.0	29.0	12.0	8.0	NeuronSpectrum 10.06.2026 14:49:30	EEG	checkup_149_10.06.2026 14:49:30	500.0	504.6666666666667	True	0.5	40.0	4	True	50.0	30.0	-771.4053955078125	-52.006436701833955	-241.6256561279297	-44.116693292726495	-254.16348266601562	-28.804420195086607	-542.3703002929688	-45.600530124394496	-68.09275817871094	-1.143131140375563	-603.0957641601562	-52.05329296070635	-184.65371704101562	-24.616479769717433	-55.06085205078125	0.052100553801659316	0.0	0.0	0.0	0.0
13.658769130706787	1781096039.0	1781096039.1001863	5	25.0	29.0	12.0	8.0	NeuronSpectrum 10.06.2026 14:49:30	EEG	checkup_149_10.06.2026 14:49:30	500.0	504.6666666666667	True	0.5	40.0	4	True	50.0	30.0	-781.5480346679688	-72.09381436723511	-244.21751403808594	-49.48559737500642	-255.38375854492188	-33.257888042618575	-547.2493896484375	-57.70299218868757	-68.47976684570312	-2.0804666157323637	-608.928955078125	-65.77975281427786	-184.52142333984375	-27.23406653287492	-55.69493865966797	-1.1651591034789313	0.0	0.0	0.0	0.0
13.65877103805542	1781096039.0	1781096039.1001883	5	25.0	29.0	12.0	8.0	NeuronSpectrum 10.06.2026 14:49:30	EEG	checkup_149_10.06.2026 14:49:30	500.0	504.6666666666667	True	0.5	40.0	4	True	50.0	30.0	-788.4326171875	-92.16481427365817	-244.58364868164062	-53.8945416736163	-254.70626831054688	-36.942127421787035	-548.95263671875	-68.86281576447763	-67.79290008544922	-2.301920787744072	-611.4328002929688	-78.72361297112678	-182.55377197265625	-28.87033415720314	-56.37900924682617	-2.6318712461127625	0.0	0.0	0.0	0.0
13.658772706985474	1781096039.0	1781096039.10019	5	25.0	29.0	12.0	8.0	NeuronSpectrum 10.06.2026 14:49:30	EEG	checkup_149_10.06.2026 14:49:30	500.0	504.6666666666667	True	0.5	40.0	4	True	50.0	30.0	-782.0048828125	-109.05595667245899	-239.95408630371094	-56.489239329690484	-249.20501708984375	-39.013593717337436	-540.9274291992188	-77.12083823473239	-65.427001953125	-1.6343493787507404	-603.2110595703125	-88.6329172294834	-177.00587463378906	-29.075244643670842	-56.24821853637695	-4.099908980860276	0.0	0.0	0.0	0.0
13.658774614334106	1781096039.0	1781096039.1001918	5	25.0	29.0	12.0	8.0	NeuronSpectrum 10.06.2026 14:49:30	EEG	checkup_149_10.06.2026 14:49:30	500.0	504.6666666666667	True	0.5	40.0	4	True	50.0	30.0	-759.7709350585938	-120.33497717360497	-229.9023895263672	-56.74865801419107	-238.36111450195312	-38.940028148474724	-521.7828369140625	-81.0996522522752	-61.37083435058594	-0.041393865173660366	-582.6390991210938	-93.88873728018838	-167.79916381835938	-27.640592020996433	-55.02151107788086	-5.3505729459754106	0.0	0.0	0.0	0.0
13.65877628326416	1781096039.0	1781096039.1001935	5	25.0	29.0	12.0	8.0	NeuronSpectrum 10.06.2026 14:49:30	EEG	checkup_149_10.06.2026 14:49:30	500.0	504.6666666666667	True	0.5	40.0	4	True	50.0	30.0	-734.7742309570312	-124.46289534230175	-218.5771942138672	-54.509986803762025	-226.49354553222656	-36.52739121665345	-500.68511962890625	-80.08240108090178	-56.716705322265625	2.380590818934687	-559.8734741210938	-93.60204205368848	-158.17051696777344	-24.5935080912645	-53.65253829956055	-6.216434960567531	0.0	0.0	0.0	0.0
13.658778190612793	1781096039.0	1781096039.1001954	5	25.0	29.0	12.0	8.0	NeuronSpectrum 10.06.2026 14:49:30	EEG	checkup_149_10.06.2026 14:49:30	500.0	504.6666666666667	True	0.5	40.0	4	True	50.0	30.0	-731.5732421875	-120.84059191268449	-213.49127197265625	-49.94195320989231	-221.5111846923828	-31.899559231351816	-494.6360168457031	-74.00613273256495	-53.37865447998047	5.427478812295121	-553.8054809570312	-87.61407040730437	-153.77662658691406	-20.160477755426452	-54.02529525756836	-6.595044508916814	0.0	0.0	0.0	0.0
13.658779859542847	1781096039.0	1781096039.100197	5	25.0	29.0	12.0	8.0	NeuronSpectrum 10.06.2026 14:49:30	EEG	checkup_149_10.06.2026 14:49:30	500.0	504.6666666666667	True	0.5	40.0	4	True	50.0	30.0	-767.5662841796875	-109.86218188627444	-220.11387634277344	-43.51043069329927	-229.1565704345703	-25.475304439647054	-515.8041381835938	-63.45934615400155	-52.83831024169922	8.819078439472502	-577.9359130859375	-76.49980518269597	-158.66261291503906	-14.736956629658044	-57.48289108276367	-6.461595751951813	0.0	0.0	0.0	0.0
13.65878176689148	1781096039.0	1781096039.100199	5	25.0	29.0	12.0	8.0	NeuronSpectrum 10.06.2026 14:49:30	EEG	checkup_149_10.06.2026 14:49:30	500.0	504.6666666666667	True	0.5	40.0	4	True	50.0	30.0	-830.4697265625	-93.00768703730816	-235.3511199951172	-35.955854818908136	-246.0352325439453	-17.96011798600066	-556.2045288085938	-49.71169501255554	-54.61820983886719	12.228264081896683	-623.312255859375	-61.60603118267152	-170.38784790039062	-8.87645576681319	-63.043182373046875	-5.881623257657434	0.0	0.0	0.0	0.0
13.658783435821533	1781096039.0	1781096039.1002007	5	25.0	29.0	12.0	8.0	NeuronSpectrum 10.06.2026 14:49:30	EEG	checkup_149_10.06.2026 14:49:30	500.0	504.6666666666667	True	0.5	40.0	4	True	50.0	30.0	-870.9361572265625	-72.87370598590742	-245.34747314453125	-28.26253832210896	-257.2542419433594	-10.328306385753343	-582.5953369140625	-34.711292792333815	-55.72926712036133	15.307537835408525	-652.8662109375	-45.05266956925866	-178.38626098632812	-3.280926139980066	-66.80413055419922	-5.0155075362260115	0.0	0.0	0.0	0.0
13.658785343170166	1781096039.0	1781096039.1002026	5	25.0	29.0	12.0	8.0	NeuronSpectrum 10.06.2026 14:49:30	EEG	checkup_149_10.06.2026 14:49:30	500.0	504.6666666666667	True	0.5	40.0	4	True	50.0	30.0	-822.4920043945312	-52.954908424735	-231.11558532714844	-21.572338458346817	-242.44290161132812	-3.7419910215078716	-549.8961181640625	-20.92452019768108	-51.91233444213867	17.720695921733302	-616.3807983398438	-29.55853410091484	-168.2171173095703	1.2478606478737762	-63.50696563720703	-4.10088347347831	0.0	0.0	0.0	0.0
13.65878677368164	1781096039.0	1781096039.100204	5	25.0	29.0	12.0	8.0	NeuronSpectrum 10.06.2026 14:49:30	EEG	checkup_149_10.06.2026 14:49:30	500.0	504.6666666666667	True	0.5	40.0	4	True	50.0	30.0	-641.27783203125	-37.0450088237147	-179.885498046875	-17.007014880704833	-187.907470703125	0.6324831944350905	-428.09442138671875	-10.928784474333716	-40.21421813964844	19.186585838907355	-480.46551513671875	-17.99180401012727	-130.14149475097656	3.927351694169947	-49.66944885253906	-3.4040777480563604	0.0	0.0	0.0	0.0
13.658788681030273	1781096039.0	1781096039.100206	5	25.0	29.0	12.0	8.0	NeuronSpectrum 10.06.2026 14:49:30	EEG	checkup_149_10.06.2026 14:49:30	500.0	504.6666666666667	True	0.5	40.0	4	True	50.0	30.0	-340.1266784667969	-28.338561702666794	-94.91741180419922	-15.420491586514949	-97.1484603881836	1.888181525896639	-225.421630859375	-6.811148451965356	-21.251319885253906	19.53108437754496	-254.3485565185547	-12.70356030708832	-66.56499481201172	4.1711163607321655	-26.28055763244629	-3.1485403644285994	0.0	0.0	0.0	0.0
13.709625244140625	1781096039.0	1781096039.1510425	5	25.0	29.0	12.0	8.0	NeuronSpectrum 10.06.2026 14:49:30	EEG	checkup_149_10.06.2026 14:49:30	500.0	504.6666666666667	True	0.5	40.0	4	True	50.0	30.0	-762.66552734375	-28.559011718265086	-217.13467407226562	-17.16926254868065	-229.01466369628906	-0.3738932162197979	-514.4839477539062	-9.590469782539678	-49.53079605102539	18.72974164540298	-575.2713012695312	-14.8856242871637	-159.4031524658203	1.7586012501518802	-60.11674499511719	-3.4470228890583146	0.0	0.0	0.0	0.0
13.709631204605103	1781096039.0	1781096039.1510484	5	25.0	29.0	12.0	8.0	NeuronSpectrum 10.06.2026 14:49:30	EEG	checkup_149_10.06.2026 14:49:30	500.0	504.6666666666667	True	0.5	40.0	4	True	50.0	30.0	-761.5325317382812	-37.50531338856292	-219.14048767089844	-22.007274829037094	-231.33447265625	-5.92628327308382	-516.8507080078125	-18.926244202021326	-50.787288665771484	16.920045595537015	-576.9113159179688	-24.244434105184567	-161.86093139648438	-3.083110726568381	-60.33958053588867	-4.268690307679625	0.0	0.0	0.0	0.0
13.709633827209473	1781096039.0	1781096039.151051	5	25.0	29.0	12.0	8.0	NeuronSpectrum 10.06.2026 14:49:30	EEG	checkup_149_10.06.2026 14:49:30	500.0	504.6666666666667	True	0.5	40.0	4	True	50.0	30.0	-766.2446899414062	-53.20633831136746	-222.95228576660156	-29.154165533241102	-235.6506805419922	-13.980000349369831	-523.5223999023438	-33.24046393056288	-52.52702713012695	14.37493840046026	-583.2454833984375	-39.13052865176874	-165.95281982421875	-9.724867813710974	-60.8543701171875	-5.455372313996542	0.0	0.0	0.0	0.0
13.709636211395264	1781096039.0	1781096039.1510534	5	25.0	29.0	12.0	8.0	NeuronSpectrum 10.06.2026 14:49:30	EEG	checkup_149_10.06.2026 14:49:30	500.0	504.6666666666667	True	0.5	40.0	4	True	50.0	30.0	-775.707275390625	-72.55264801161456	-228.08706665039062	-37.49601178801313	-241.5492401123047	-23.390286047389957	-533.5313720703125	-50.1630398565711	-54.57994079589844	11.448488926600705	-593.3179931640625	-57.02370014634691	-171.25994873046875	-17.28091697879896	-61.520999908447266	-6.775194299151696	0.0	0.0	0.0	0.0
13.709638357162476	1781096039.0	1781096039.1510556	5	25.0	29.0	12.0	8.0	NeuronSpectrum 10.06.2026 14:49:30	EEG	checkup_149_10.06.2026 14:49:30	500.0	504.6666666666667	True	0.5	40.0	4	True	50.0	30.0	-782.266357421875	-92.086697343751	-232.24325561523438	-45.82593955599338	-246.58135986328125	-32.90530191025974	-541.4207153320312	-67.08432175735058	-56.40183639526367	8.515023941090806	-601.1839599609375	-75.13351655869653	-175.90878295898438	-24.787545387672306	-61.71289825439453	-7.986711321198448	0.0	0.0	0.0	0.0
13.709640502929688	1781096039.0	1781096039.1510577	5	25.0	29.0	12.0	8.0	NeuronSpectrum 10.06.2026 14:49:30	EEG	checkup_149_10.06.2026 14:49:30	500.0	504.6666666666667	True	0.5	40.0	4	True	50.0	30.0	-775.83642578125	-108.66387256915141	-232.46554565429688	-53.04290420190769	-247.52621459960938	-41.37176559166746	-540.0845947265625	-81.62004077324364	-57.31700897216797	5.919385249722277	-599.0593872070312	-90.90031271337445	-177.49278259277344	-31.35524720766465	-60.66377258300781	-8.8895257708996	0.0	0.0	0.0	0.0
13.709642171859741	1781096039.0	1781096039.1510594	5	25.0	29.0	12.0	8.0	NeuronSpectrum 10.06.2026 14:49:30	EEG	checkup_149_10.06.2026 14:49:30	500.0	504.6666666666667	True	0.5	40.0	4	True	50.0	30.0	-753.8294067382812	-119.85296306764045	-227.96678161621094	-58.273128258648356	-243.50564575195312	-47.86089262358564	-527.5966186523438	-91.90011896238235	-57.12955093383789	3.944951348453949	-584.9204711914062	-102.30082022503476	-175.2718963623047	-36.26784960025149	-58.26015853881836	-9.350604761411144	0.0	0.0	0.0	0.0
13.709644317626953	1781096039.0	1781096039.1510615	5	25.0	29.0	12.0	8.0	NeuronSpectrum 10.06.2026 14:49:30	EEG	checkup_149_10.06.2026 14:49:30	500.0	504.6666666666667	True	0.5	40.0	4	True	50.0	30.0	-729.161376953125	-124.10257438881888	-222.39178466796875	-60.92444227712321	-238.50262451171875	-51.726501668321376	-512.7123413085938	-96.69962699796059	-56.61392593383789	2.795898997687442	-568.6177368164062	-107.98195470448863	-171.94033813476562	-39.034764801544256	-55.662147521972656	-9.309124285719085	0.0	0.0	0.0	0.0
13.709645986557007	1781096039.0	1781096039.1510632	5	25.0	29.0	12.0	8.0	NeuronSpectrum 10.06.2026 14:49:30	EEG	checkup_149_10.06.2026 14:49:30	500.0	504.6666666666667	True	0.5	40.0	4	True	50.0	30.0	-726.2811279296875	-120.7928899177015	-222.64390563964844	-60.709784041284145	-240.08677673339844	-52.63412245019262	-512.1300659179688	-95.49233305587558	-57.24492645263672	2.5851745772204255	-568.78271484375	-107.31513748991517	-172.7484893798828	-39.420769923687075	-54.956504821777344	-8.771011610782194	0.0	0.0	0.0	0.0
13.709648132324219	1781096039.0	1781096039.1510653	5	25.0	29.0	12.0	8.0	NeuronSpectrum 10.06.2026 14:49:30	EEG	checkup_149_10.06.2026 14:49:30	500.0	504.6666666666667	True	0.5	40.0	4	True	50.0	30.0	-762.5526123046875	-110.29321974400546	-233.52865600585938	-57.67478296302198	-253.50682067871094	-50.59737956660881	-537.6831665039062	-88.50652366871776	-60.00517654418945	3.32116471429309	-598.5015258789062	-100.46152522920609	-181.40591430664062	-37.47601488698032	-57.63871383666992	-7.80495989768906	0.0	0.0	0.0	0.0
13.70965027809143	1781096039.0	1781096039.1510675	5	25.0	29.0	12.0	8.0	NeuronSpectrum 10.06.2026 14:49:30	EEG	checkup_149_10.06.2026 14:49:30	500.0	504.6666666666667	True	0.5	40.0	4	True	50.0	30.0	-825.7644653320312	-94.05676989714708	-251.33311462402344	-52.2367326573446	-274.59136962890625	-46.02713455382204	-580.8905029296875	-76.80062854714198	-63.971492767333984	4.893368002118769	-648.0679321289062	-88.46757923342366	-195.15533447265625	-33.568247782278306	-62.79169464111328	-6.544480613536333	0.0	0.0	0.0	0.0
13.709652185440063	1781096039.0	1781096039.1510694	5	25.0	29.0	12.0	8.0	NeuronSpectrum 10.06.2026 14:49:30	EEG	checkup_149_10.06.2026 14:49:30	500.0	504.6666666666667	True	0.5	40.0	4	True	50.0	30.0	-866.720947265625	-74.65138961291365	-261.7893981933594	-45.20242227437435	-287.490234375	-39.75541744546065	-607.9083862304688	-62.284885814539116	-65.89523315429688	7.066821079802655	-679.40185546875	-73.30691341942907	-203.19091796875	-28.390203686560266	-66.47870635986328	-5.189220429371725	0.0	0.0	0.0	0.0
13.709654092788696	1781096039.0	1781096039.1510713	5	25.0	29.0	12.0	8.0	NeuronSpectrum 10.06.2026 14:49:30	EEG	checkup_149_10.06.2026 14:49:30	500.0	504.6666666666667	True	0.5	40.0	4	True	50.0	30.0	-819.0919189453125	-55.540146136351154	-245.8844451904297	-37.707260639431304	-271.0989685058594	-32.96972607381014	-573.2415771484375	-47.55801149771302	-61.53561019897461	9.500250376503349	-641.4581298828125	-57.719282194177836	-191.06971740722656	-22.898084876752943	-63.32616424560547	-3.99079040543434	0.0	0.0	0.0	0.0
13.709656000137329	1781096039.0	1781096039.1510732	5	25.0	29.0	12.0	8.0	NeuronSpectrum 10.06.2026 14:49:30	EEG	checkup_149_10.06.2026 14:49:30	500.0	504.6666666666667	True	0.5	40.0	4	True	50.0	30.0	-639.0458374023438	-40.48175518393137	-191.30377197265625	-31.035088658992947	-211.72854614257812	-27.013527586010984	-447.0297546386719	-35.46879526368676	-48.22985076904297	11.79779472704325	-500.7978820800781	-44.74289006496958	-149.42401123046875	-18.15242436279534	-49.70355987548828	-3.2115465749908334	0.0	0.0	0.0	0.0
13.709658145904541	1781096039.0	1781096039.1510754	5	25.0	29.0	12.0	8.0	NeuronSpectrum 10.06.2026 14:49:30	EEG	checkup_149_10.06.2026 14:49:30	500.0	504.6666666666667	True	0.5	40.0	4	True	50.0	30.0	-339.26690673828125	-32.63318557429729	-102.15963745117188	-26.34119372082032	-113.88423919677734	-23.07986615835465	-238.40345764160156	-28.461685641839622	-27.04453468322754	13.588076113537564	-267.71746826171875	-37.00302238116387	-81.36357116699219	-15.083012048643152	-26.47389030456543	-3.060759048598984	0.0	0.0	0.0	0.0
13.709659814834595	1781096039.0	1781096039.151077	5	25.0	29.0	12.0	8.0	NeuronSpectrum 10.06.2026 14:49:30	EEG	checkup_149_10.06.2026 14:49:30	500.0	504.6666666666667	True	0.5	40.0	4	True	50.0	30.0	-762.2041625976562	-33.67999699217338	-221.5276641845703	-24.37368026415858	-247.64007568359375	-21.905804566739274	-528.0233154296875	-27.935878434570036	-53.26450729370117	14.606207680682521	-591.3444213867188	-36.010988304278555	-173.48611450195312	-14.256391712855853	-60.31903076171875	-3.6318020633988626	0.0	0.0	0.0	0.0
13.709661722183228	1781096039.0	1781096039.151079	5	25.0	29.0	12.0	8.0	NeuronSpectrum 10.06.2026 14:49:30	EEG	checkup_149_10.06.2026 14:49:30	500.0	504.6666666666667	True	0.5	40.0	4	True	50.0	30.0	-762.0668334960938	-43.386089787403904	-219.14532470703125	-25.309853484839376	-246.0544891357422	-23.598522607560255	-526.6990966796875	-33.895110951459905	-52.15657424926758	14.748299830511007	-588.9841918945312	-41.78126821397726	-172.35385131835938	-15.740838072432801	-60.48594665527344	-4.869942409255103	0.0	0.0	0.0	0.0
13.709663391113281	1781096039.0	1781096039.1510806	5	25.0	29.0	12.0	8.0	NeuronSpectrum 10.06.2026 14:49:30	EEG	checkup_149_10.06.2026 14:49:30	500.0	504.6666666666667	True	0.5	40.0	4	True	50.0	30.0	-767.6156005859375	-59.75115976456927	-219.14297485351562	-28.767439573312853	-246.63912963867188	-27.659265947557532	-530.14794921875	-45.0260236673982	-52.04845428466797	14.080719333426051	-591.4573974609375	-52.91968158967902	-173.21401977539062	-19.11868980410926	-60.99287796020508	-6.585415076597133	0.0	0.0	0.0	0.0
13.709665536880493	1781096039.0	1781096039.1510828	5	25.0	29.0	12.0	8.0	NeuronSpectrum 10.06.2026 14:49:30	EEG	checkup_149_10.06.2026 14:49:30	500.0	504.6666666666667	True	0.5	40.0	4	True	50.0	30.0	-777.6914672851562	-79.64465770392556	-221.38816833496094	-33.95912584012774	-249.0740203857422	-33.168183028520374	-537.5717163085938	-59.12186985126414	-52.91724395751953	12.807998129010693	-598.0379028320312	-67.08913978006457	-175.79824829101562	-23.623187990586068	-61.855316162109375	-8.502430650740477	0.0	0.0	0.0	0.0
13.709667444229126	1781096039.0	1781096039.1510847	5	25.0	29.0	12.0	8.0	NeuronSpectrum 10.06.2026 14:49:30	EEG	checkup_149_10.06.2026 14:49:30	500.0	504.6666666666667	True	0.5	40.0	4	True	50.0	30.0	-784.6234130859375	-99.59686103016823	-223.6859130859375	-39.90412617125361	-250.90420532226562	-39.03100170376855	-543.5322875976562	-73.63591304058983	-54.12655258178711	11.21762619579421	-602.8768310546875	-81.61261623470698	-178.20375061035156	-28.33151413022794	-62.56396484375	-10.320649993648267	0.0	0.0	0.0	0.0
13.70966911315918	1781096039.0	1781096039.1510863	5	25.0	29.0	12.0	8.0	NeuronSpectrum 10.06.2026 14:49:30	EEG	checkup_149_10.06.2026 14:49:30	500.0	504.6666666666667	True	0.5	40.0	4	True	50.0	30.0	-778.35693359375	-116.4593577182228	-222.9781494140625	-45.61773754759557	-248.86598205566406	-44.1962915698775	-540.8118896484375	-86.16643763015418	-54.73909378051758	9.620768954756246	-598.1460571289062	-93.99379604293195	-177.8437042236328	-32.347845928165725	-62.357547760009766	-11.768154551020032	0.0	0.0	0.0	0.0
13.709671020507812	1781096039.0	1781096039.1510882	5	25.0	29.0	12.0	8.0	NeuronSpectrum 10.06.2026 14:49:30	EEG	checkup_149_10.06.2026 14:49:30	500.0	504.6666666666667	True	0.5	40.0	4	True	50.0	30.0	-756.3717651367188	-127.8038188524541	-218.2865447998047	-50.24203400528721	-242.0482940673828	-47.799739268904496	-527.2598876953125	-94.77828587035188	-54.29069137573242	8.300704031675517	-581.6248168945312	-102.2519241555084	-173.73622131347656	-34.94009168472551	-60.97099685668945	-12.636459382432426	0.0	0.0	0.0	0.0
13.709672689437866	1781096039.0	1781096039.15109	5	25.0	29.0	12.0	8.0	NeuronSpectrum 10.06.2026 14:49:30	EEG	checkup_149_10.06.2026 14:49:30	500.0	504.6666666666667	True	0.5	40.0	4	True	50.0	30.0	-731.6654663085938	-132.0861936892049	-213.1177978515625	-53.12304070860486	-234.44003295898438	-49.24040237447472	-511.336669921875	-98.17052680296251	-53.455078125	7.472722309274688	-562.8571166992188	-105.08489248240443	-168.40440368652344	-35.625604697964086	-59.274436950683594	-12.799201968585898	0.0	0.0	0.0	0.0
13.70967411994934	1781096039.0	1781096039.1510913	5	25.0	29.0	12.0	8.0	NeuronSpectrum 10.06.2026 14:49:30	EEG	checkup_149_10.06.2026 14:49:30	500.0	504.6666666666667	True	0.5	40.0	4	True	50.0	30.0	-728.7520751953125	-128.69652274576467	-214.35218811035156	-53.863435543886105	-233.68020629882812	-48.2223010536969	-509.4724426269531	-95.76143401214017	-53.84025573730469	7.254170765843526	-560.2195434570312	-101.94346461109077	-167.115478515625	-34.22089062021677	-59.02128601074219	-12.2220695136353	0.0	0.0	0.0	0.0
13.709676027297974	1781096039.0	1781096039.1510932	5	25.0	29.0	12.0	8.0	NeuronSpectrum 10.06.2026 14:49:30	EEG	checkup_149_10.06.2026 14:49:30	500.0	504.6666666666667	True	0.5	40.0	4	True	50.0	30.0	-765.0150146484375	-118.01545254114441	-226.81192016601562	-52.37796737541359	-245.16851806640625	-44.7946591291067	-533.40625	-87.76275354363815	-56.685115814208984	7.6428218045299	-586.8409423828125	-93.10011058903845	-173.81069946289062	-30.87253310879189	-61.47574996948242	-10.970804239084947	0.0	0.0	0.0	0.0
13.709677934646606	1781096039.0	1781096039.1510952	5	25.0	29.0	12.0	8.0	NeuronSpectrum 10.06.2026 14:49:30	EEG	checkup_149_10.06.2026 14:49:30	500.0	504.6666666666667	True	0.5	40.0	4	True	50.0	30.0	-828.20361328125	-101.5091006678463	-246.6785125732422	-48.952415415489845	-264.9555358886719	-39.396364898107876	-574.8548583984375	-75.25681222581402	-61.21457290649414	8.50591519282887	-633.5338745117188	-79.73000605511689	-186.07913208007812	-26.071253617835556	-65.7198486328125	-9.21732828423597	0.0	0.0	0.0	0.0
13.709679365158081	1781096039.0	1781096039.1510966	5	25.0	29.0	12.0	8.0	NeuronSpectrum 10.06.2026 14:49:30	EEG	checkup_149_10.06.2026 14:49:30	500.0	504.6666666666667	True	0.5	40.0	4	True	50.0	30.0	-869.0386962890625	-81.76069433866076	-259.3470764160156	-44.269782952124224	-277.41937255859375	-32.86953165201917	-600.4505615234375	-60.20373844367372	-64.03728485107422	9.588337097729529	-663.1288452148438	-63.92437325922829	-193.39247131347656	-20.62736325877404	-68.07965087890625	-7.234843065490921	0.0	0.0	0.0	0.0
13.709681510925293	1781096039.0	1781096039.1510987	5	25.0	29.0	12.0	8.0	NeuronSpectrum 10.06.2026 14:49:30	EEG	checkup_149_10.06.2026 14:49:30	500.0	504.6666666666667	True	0.5	40.0	4	True	50.0	30.0	-821.1077270507812	-62.25207391101219	-245.3052978515625	-39.346031538183716	-261.5814514160156	-26.3822532863912	-565.2604370117188	-45.253578230819144	-60.50749206542969	10.550769115335271	-625.4797973632812	-48.49623818533216	-181.3664093017578	-15.57270436954809	-63.60995101928711	-5.367969140115422	0.0	0.0	0.0	0.0
13.709682941436768	1781096039.0	1781096039.1511002	5	25.0	29.0	12.0	8.0	NeuronSpectrum 10.06.2026 14:49:30	EEG	checkup_149_10.06.2026 14:49:30	500.0	504.6666666666667	True	0.5	40.0	4	True	50.0	30.0	-640.5543212890625	-46.76424917644822	-191.8185577392578	-35.338612410177255	-203.67691040039062	-21.221009501930446	-439.7767639160156	-33.2819285403219	-47.55074691772461	11.041430325698288	-487.4917297363281	-36.485681931209896	-140.4673309326172	-11.970885727324637	-49.08351516723633	-3.9702539813326103	0.0	0.0	0.0	0.0
13.7096848487854	1781096039.0	1781096039.151102	5	25.0	29.0	12.0	8.0	NeuronSpectrum 10.06.2026 14:49:30	EEG	checkup_149_10.06.2026 14:49:30	500.0	504.6666666666667	True	0.5	40.0	4	True	50.0	30.0	-340.1326904296875	-38.47880870255914	-102.91366577148438	-33.2575459605101	-107.91515350341797	-18.48289913578412	-233.0441131591797	-26.716810902496764	-26.127086639404297	10.787919797671659	-258.90771484375	-30.43608093078999	-73.5642318725586	-10.66660183642242	-25.559738159179688	-3.3192092551655805	0.0	0.0	0.0	0.0
13.709686756134033	1781096039.0	1781096039.151104	5	25.0	29.0	12.0	8.0	NeuronSpectrum 10.06.2026 14:49:30	EEG	checkup_149_10.06.2026 14:49:30	500.0	504.6666666666667	True	0.5	40.0	4	True	50.0	30.0	-762.71728515625	-39.10580386797282	-228.62564086914062	-33.682704809461676	-241.44178771972656	-18.776645061210964	-521.6587524414062	-26.892236152815766	-58.63189697265625	9.678210716961802	-581.10888671875	-31.698667450861244	-169.25392150878906	-12.057904116436568	-58.4533805847168	-3.5382655779976853	0.0	0.0	0.0	0.0
13.709688663482666	1781096039.0	1781096039.1511059	5	25.0	29.0	12.0	8.0	NeuronSpectrum 10.06.2026 14:49:30	EEG	checkup_149_10.06.2026 14:49:30	500.0	504.6666666666667	True	0.5	40.0	4	True	50.0	30.0	-762.1073608398438	-48.43040133925857	-228.85133361816406	-36.61014346102542	-241.71896362304688	-22.062566193494245	-521.9683227539062	-33.70751984911106	-60.39934158325195	7.797259838806014	-582.2549438476562	-40.07145588828114	-171.55482482910156	-15.986365186061077	-58.9775276184082	-4.559345026025702	0.0	0.0	0.0	0.0
13.70969033241272	1781096039.0	1781096039.1511075	5	25.0	29.0	12.0	8.0	NeuronSpectrum 10.06.2026 14:49:30	EEG	checkup_149_10.06.2026 14:49:30	500.0	504.6666666666667	True	0.5	40.0	4	True	50.0	30.0	-767.2883911132812	-64.46748529066271	-230.8689727783203	-41.4877054130876	-244.3719940185547	-27.695832254276812	-527.2261962890625	-45.72800557726451	-62.7242546081543	5.404239074506767	-588.4317626953125	-53.92021073531817	-175.7566680908203	-21.789317580461695	-60.128150939941406	-6.142146623051628	0.0	0.0	0.0	0.0
13.709692478179932	1781096039.0	1781096039.1511097	5	25.0	29.0	12.0	8.0	NeuronSpectrum 10.06.2026 14:49:30	EEG	checkup_149_10.06.2026 14:49:30	500.0	504.6666666666667	True	0.5	40.0	4	True	50.0	30.0	-777.1345825195312	-84.09382650774616	-234.2222900390625	-47.40211052013737	-248.83285522460938	-34.63309481914602	-536.2858276367188	-60.63833712807049	-65.18211364746094	2.8628670464462056	-598.3975219726562	-70.68124757618236	-181.09396362304688	-28.481139492465022	-61.58019256591797	-7.939066902645104	0.0	0.0	0.0	0.0
13.709694147109985	1781096039.0	1781096039.1511114	5	25.0	29.0	12.0	8.0	NeuronSpectrum 10.06.2026 14:49:30	EEG	checkup_149_10.06.2026 14:49:30	500.0	504.6666666666667	True	0.5	40.0	4	True	50.0	30.0	-783.9823608398438	-103.83892134752047	-236.52859497070312	-53.320732883177406	-252.3528289794922	-41.699240755046645	-543.37939453125	-75.82446600812114	-66.90911102294922	0.5544073690856541	-605.8633422851562	-87.49793832287347	-185.337890625	-34.98348184065688	-62.52735900878906	-9.577771068800672	0.0	0.0	0.0	0.0
13.709696054458618	1781096039.0	1781096039.1511133	5	25.0	29.0	12.0	8.0	NeuronSpectrum 10.06.2026 14:49:30	EEG	checkup_149_10.06.2026 14:49:30	500.0	504.6666666666667	True	0.5	40.0	4	True	50.0	30.0	-777.7545776367188	-120.5468520513826	-234.74794006347656	-58.298484441206206	-251.42286682128906	-47.81785886782257	-541.08837890625	-88.87737218057896	-66.9894027709961	-1.1978596859678987	-602.7633666992188	-101.76354378884129	-185.83267211914062	-40.32839189535876	-62.0495719909668	-10.73432375104886	0.0	0.0	0.0	0.0
13.709697484970093	1781096039.0	1781096039.1511147	5	25.0	29.0	12.0	8.0	NeuronSpectrum 10.06.2026 14:49:30	EEG	checkup_149_10.06.2026 14:49:30	500.0	504.6666666666667	True	0.5	40.0	4	True	50.0	30.0	-755.8746337890625	-131.77763986229024	-228.12222290039062	-61.6059504792216	-245.0550994873047	-52.15711023684571	-527.3032836914062	-97.91634035879105	-65.22171783447266	-2.1759628521319088	-586.9328002929688	-111.4610942678677	-181.77798461914062	-43.79300771812198	-59.886680603027344	-11.181575426155675	0.0	0.0	0.0	0.0
13.709699392318726	1781096039.0	1781096039.1511166	5	25.0	29.0	12.0	8.0	NeuronSpectrum 10.06.2026 14:49:30	EEG	checkup_149_10.06.2026 14:49:30	500.0	504.6666666666667	True	0.5	40.0	4	True	50.0	30.0	-731.2536010742188	-135.97446813441104	-220.50692749023438	-62.78271206794459	-237.40647888183594	-54.19357233416656	-510.81402587890625	-101.73889826409587	-62.689186096191406	-2.2837898513036703	-568.2557373046875	-115.31299407395697	-176.02593994140625	-44.96237996764281	-57.041168212890625	-10.81074477308006	0.0	0.0	0.0	0.0
13.70970106124878	1781096039.0	1781096039.1511183	5	25.0	29.0	12.0	8.0	NeuronSpectrum 10.06.2026 14:49:30	EEG	checkup_149_10.06.2026 14:49:30	500.0	504.6666666666667	True	0.5	40.0	4	True	50.0	30.0	-728.3153686523438	-132.51609137521706	-219.1607208251953	-61.64947976684269	-236.48947143554688	-53.72881311441064	-508.5766906738281	-99.87208202138918	-61.41080093383789	-1.540875985124289	-565.5847778320312	-112.82738906034791	-174.1702880859375	-43.74243224670907	-55.469608306884766	-9.633423965893353	0.0	0.0	0.0	0.0
13.709702730178833	1781096039.0	1781096039.15112	5	25.0	29.0	12.0	8.0	NeuronSpectrum 10.06.2026 14:49:30	EEG	checkup_149_10.06.2026 14:49:30	500.0	504.6666666666667	True	0.5	40.0	4	True	50.0	30.0	-764.397705078125	-121.77481969825632	-229.24070739746094	-58.31564099444939	-248.11288452148438	-50.8973898922806	-532.816162109375	-92.60586450488051	-62.90861892700195	-0.06542712094262942	-592.4166259765625	-104.33339624262015	-180.3614501953125	-40.350957310422125	-56.672428131103516	-7.773977326217542	0.0	0.0	0.0	0.0
13.709704399108887	1781096039.0	1781096039.1511216	5	25.0	29.0	12.0	8.0	NeuronSpectrum 10.06.2026 14:49:30	EEG	checkup_149_10.06.2026 14:49:30	500.0	504.6666666666667	True	0.5	40.0	4	True	50.0	30.0	-827.2944946289062	-105.21150020533341	-247.19009399414062	-53.19488233364538	-268.54730224609375	-46.17994450574183	-575.4176025390625	-81.03397493866845	-66.50416564941406	1.9449929412898184	-639.60546875	-91.03311112013999	-192.2578887939453	-35.29996783219919	-59.98415756225586	-5.457980761573674	0.0	0.0	0.0	0.0
13.709706544876099	1781096039.0	1781096039.1511238	5	25.0	29.0	12.0	8.0	NeuronSpectrum 10.06.2026 14:49:30	EEG	checkup_149_10.06.2026 14:49:30	500.0	504.6666666666667	True	0.5	40.0	4	True	50.0	30.0	-867.8692626953125	-85.40627302495905	-258.5815124511719	-47.003720315397544	-282.05487060546875	-40.394784776861115	-602.7150268554688	-67.0403181240258	-68.73924255371094	4.235189801972384	-669.655029296875	-74.9992892893412	-199.32131958007812	-29.35682034639141	-61.97134017944336	-2.9938290395993565	0.0	0.0	0.0	0.0
13.709708213806152	1781096039.0	1781096039.1511254	5	25.0	29.0	12.0	8.0	NeuronSpectrum 10.06.2026 14:49:30	EEG	checkup_149_10.06.2026 14:49:30	500.0	504.6666666666667	True	0.5	40.0	4	True	50.0	30.0	-819.8941040039062	-65.83896889979775	-243.96775817871094	-40.69261463018442	-267.2392272949219	-34.614485232416904	-569.11328125	-53.112706372327025	-64.80741119384766	6.5236236743128915	-631.9144897460938	-58.98318569227785	-187.1472625732422	-23.45383329665602	-57.84906005859375	-0.738379436142851	0.0	0.0	0.0	0.0
13.709710121154785	1781096039.0	1781096039.1511273	5	25.0	29.0	12.0	8.0	NeuronSpectrum 10.06.2026 14:49:30	EEG	checkup_149_10.06.2026 14:49:30	500.0	504.6666666666667	True	0.5	40.0	4	True	50.0	30.0	-639.6375122070312	-50.28910919496982	-190.5216522216797	-35.27428918459797	-209.82467651367188	-29.970572602590188	-444.41058349609375	-41.90363829378924	-51.44551086425781	8.548929134965165	-492.93804931640625	-45.93871727554842	-146.17373657226562	-18.527094825076546	-44.380462646484375	0.959541795954247	0.0	0.0	0.0	0.0
13.709711790084839	1781096039.0	1781096039.151129	5	25.0	29.0	12.0	8.0	NeuronSpectrum 10.06.2026 14:49:30	EEG	checkup_149_10.06.2026 14:49:30	500.0	504.6666666666667	True	0.5	40.0	4	True	50.0	30.0	-339.8285217285156	-41.93759580885381	-102.00495147705078	-31.573755050745074	-113.67930603027344	-27.37468535741576	-237.29954528808594	-35.601172185978626	-29.435291290283203	10.125478570269966	-262.53900146484375	-38.32896454089933	-79.16394805908203	-15.308510147853728	-22.397369384765625	1.8302393451276253	0.0	0.0	0.0	0.0
13.760905742645264	1781096039.0	1781096039.202323	5	25.0	29.0	12.0	8.0	NeuronSpectrum 10.06.2026 14:49:30	EEG	checkup_149_10.06.2026 14:49:30	500.0	504.6666666666667	True	0.5	40.0	4	True	50.0	30.0	-761.7565307617188	-42.49530745334907	-223.63833618164062	-29.993302379531364	-249.73626708984375	-27.259381906893353	-528.5376586914062	-35.336226752741794	-58.95016098022461	11.187568320096563	-584.5732421875	-37.46413299009649	-171.935791015625	-14.1440661874625	-53.531925201416016	1.7454522298131359	0.0	0.0	0.0	0.0
13.760912418365479	1781096039.0	1781096039.2023296	5	25.0	29.0	12.0	8.0	NeuronSpectrum 10.06.2026 14:49:30	EEG	checkup_149_10.06.2026 14:49:30	500.0	504.6666666666667	True	0.5	40.0	4	True	50.0	30.0	-761.2490844726562	-51.75008968624758	-221.2967071533203	-30.403214325127887	-249.0682830810547	-29.460057786304578	-527.7196655273438	-40.893652459768184	-57.69185256958008	11.799307543317054	-582.8336181640625	-43.168145024427034	-171.077392578125	-14.920970077412388	-53.84601593017578	0.7451110258725459	0.0	0.0	0.0	0.0
13.760915040969849	1781096039.0	1781096039.2023323	5	25.0	29.0	12.0	8.0	NeuronSpectrum 10.06.2026 14:49:30	EEG	checkup_149_10.06.2026 14:49:30	500.0	504.6666666666667	True	0.5	40.0	4	True	50.0	30.0	-766.4795532226562	-67.72070826547782	-219.9043426513672	-32.20863871617117	-249.46817016601562	-33.29225247639321	-530.506103515625	-50.850585724306406	-56.44437026977539	12.122631261374806	-585.2734985351562	-53.91398122493049	-171.18739318847656	-17.137528783151332	-54.704139709472656	-0.9825907242967498	0.0	0.0	0.0	0.0
13.760916948318481	1781096039.0	1781096039.2023342	5	25.0	29.0	12.0	8.0	NeuronSpectrum 10.06.2026 14:49:30	EEG	checkup_149_10.06.2026 14:49:30	500.0	504.6666666666667	True	0.5	40.0	4	True	50.0	30.0	-776.2952880859375	-87.28736809394988	-219.20452880859375	-34.54989900875474	-250.6220245361328	-37.77571457110039	-536.0828247070312	-63.04346752711324	-55.240806579589844	12.35796111714775	-591.0848388671875	-67.32326162715833	-171.96844482421875	-20.077188555016473	-56.00791931152344	-3.155676806848412	0.0	0.0	0.0	0.0
13.760919094085693	1781096039.0	1781096039.2023363	5	25.0	29.0	12.0	8.0	NeuronSpectrum 10.06.2026 14:49:30	EEG	checkup_149_10.06.2026 14:49:30	500.0	504.6666666666667	True	0.5	40.0	4	True	50.0	30.0	-783.0514526367188	-106.98042492942572	-217.2662811279297	-36.53959495206209	-250.28933715820312	-41.89748517789468	-539.2042236328125	-75.13552261921097	-53.72829818725586	12.683523930527032	-594.545654296875	-80.78232517553185	-171.76564025878906	-23.00709864995051	-57.17023849487305	-5.4622944242044476	0.0	0.0	0.0	0.0
13.760921239852905	1781096039.0	1781096039.2023385	5	25.0	29.0	12.0	8.0	NeuronSpectrum 10.06.2026 14:49:30	EEG	checkup_149_10.06.2026 14:49:30	500.0	504.6666666666667	True	0.5	40.0	4	True	50.0	30.0	-776.7254638671875	-123.64038623586352	-211.57298278808594	-37.450581023326116	-245.5509033203125	-44.818973958434476	-533.0311279296875	-85.08029579060917	-51.402015686035156	13.214525547781937	-588.1179809570312	-91.95247476598168	-168.47418212890625	-25.331273735677602	-57.41761016845703	-7.61239075874949	0.0	0.0	0.0	0.0
13.760923385620117	1781096039.0	1781096039.2023406	5	25.0	29.0	12.0	8.0	NeuronSpectrum 10.06.2026 14:49:30	EEG	checkup_149_10.06.2026 14:49:30	500.0	504.6666666666667	True	0.5	40.0	4	True	50.0	30.0	-754.7911987304688	-134.81835097564664	-201.6565704345703	-36.816141743171194	-235.88246154785156	-45.98524961472216	-515.9945678710938	-91.38796615584108	-48.24893569946289	13.989802131873013	-569.947265625	-99.07299222437277	-161.7681884765625	-26.667221872455762	-56.54414749145508	-9.368129656679871	0.0	0.0	0.0	0.0
13.760926008224487	1781096039.0	1781096039.2023432	5	25.0	29.0	12.0	8.0	NeuronSpectrum 10.06.2026 14:49:30	EEG	checkup_149_10.06.2026 14:49:30	500.0	504.6666666666667	True	0.5	40.0	4	True	50.0	30.0	-730.1646728515625	-138.94369249078986	-191.21971130371094	-34.45122899272337	-225.64263916015625	-45.14822254608048	-497.3392333984375	-93.21396754539596	-45.28361511230469	14.980605555866372	-549.9259033203125	-101.0775733393725	-154.90086364746094	-26.85454257869731	-55.520687103271484	-10.556441646708892	0.0	0.0	0.0	0.0
13.760927677154541	1781096039.0	1781096039.202345	5	25.0	29.0	12.0	8.0	NeuronSpectrum 10.06.2026 14:49:30	EEG	checkup_149_10.06.2026 14:49:30	500.0	504.6666666666667	True	0.5	40.0	4	True	50.0	30.0	-727.2161865234375	-135.37836431789813	-187.05860900878906	-30.432150480134855	-222.80471801757812	-42.3471394352646	-494.35736083984375	-90.35709051654094	-44.279197692871094	16.108837883841566	-546.6970825195312	-97.61694137636229	-153.76441955566406	-25.92854430925056	-56.18050003051758	-11.074159371796817	0.0	0.0	0.0	0.0
13.760929822921753	1781096039.0	1781096039.202347	5	25.0	29.0	12.0	8.0	NeuronSpectrum 10.06.2026 14:49:30	EEG	checkup_149_10.06.2026 14:49:30	500.0	504.6666666666667	True	0.5	40.0	4	True	50.0	30.0	-763.2069091796875	-124.4779073188849	-194.06288146972656	-25.074160981497737	-233.06716918945312	-37.89107233408421	-519.4255981445312	-83.25742212773652	-46.49037170410156	17.262178234959713	-573.5512084960938	-89.08216920529192	-162.56886291503906	-24.094356854070995	-59.777992248535156	-10.895779530519096	0.0	0.0	0.0	0.0
13.760931491851807	1781096039.0	1781096039.2023487	5	25.0	29.0	12.0	8.0	NeuronSpectrum 10.06.2026 14:49:30	EEG	checkup_149_10.06.2026 14:49:30	500.0	504.6666666666667	True	0.5	40.0	4	True	50.0	30.0	-825.8970947265625	-107.69001085528855	-209.16162109375	-18.92266956659525	-252.71865844726562	-32.35952411456623	-564.3006591796875	-73.02391195272034	-51.09296417236328	18.30075034594733	-621.3567504882812	-76.65616069304983	-178.5971221923828	-21.717104319971938	-65.26100158691406	-10.086246885636598	0.0	0.0	0.0	0.0
13.76093339920044	1781096039.0	1781096039.2023506	5	25.0	29.0	12.0	8.0	NeuronSpectrum 10.06.2026 14:49:30	EEG	checkup_149_10.06.2026 14:49:30	500.0	504.6666666666667	True	0.5	40.0	4	True	50.0	30.0	-866.205322265625	-87.58876823390297	-219.2861328125	-12.73697753777713	-266.24139404296875	-26.593829485567376	-594.8528442382812	-61.428905987895256	-54.64817428588867	19.060663186090128	-652.8850708007812	-62.32004993077165	-190.4161376953125	-19.31189687653374	-68.72742462158203	-8.810075472426771	0.0	0.0	0.0	0.0
13.760935068130493	1781096039.0	1781096039.2023523	5	25.0	29.0	12.0	8.0	NeuronSpectrum 10.06.2026 14:49:30	EEG	checkup_149_10.06.2026 14:49:30	500.0	504.6666666666667	True	0.5	40.0	4	True	50.0	30.0	-818.0337524414062	-67.65791809896416	-206.62928771972656	-7.42050727927103	-252.53341674804688	-21.623012339790094	-564.7632446289062	-50.746155823735855	-52.45490264892578	19.36718390658295	-617.7906494140625	-48.67634371475376	-182.41043090820312	-17.49498725578536	-65.00080871582031	-7.3209360453459995	0.0	0.0	0.0	0.0
13.760936737060547	1781096039.0	1781096039.202354	5	25.0	29.0	12.0	8.0	NeuronSpectrum 10.06.2026 14:49:30	EEG	checkup_149_10.06.2026 14:49:30	500.0	504.6666666666667	True	0.5	40.0	4	True	50.0	30.0	-637.7848510742188	-51.692500087433196	-159.23709106445312	-3.8638527310015514	-197.438232421875	-18.483129635603245	-443.06915283203125	-43.34476797102785	-41.301937103271484	19.067665347281366	-482.6291198730469	-38.49226631497681	-143.98196411132812	-16.86659130791937	-50.726558685302734	-5.919965220674246	0.0	0.0	0.0	0.0
13.7609384059906	1781096039.0	1781096039.2023556	5	25.0	29.0	12.0	8.0	NeuronSpectrum 10.06.2026 14:49:30	EEG	checkup_149_10.06.2026 14:49:30	500.0	504.6666666666667	True	0.5	40.0	4	True	50.0	30.0	-338.24481201171875	-42.90042408962796	-80.16160583496094	-2.721244771740095	-104.58081817626953	-17.95410484182391	-237.94569396972656	-41.09540643382063	-21.872655868530273	18.08039164575229	-256.69287109375	-34.026471152343774	-77.56998443603516	-17.840974315193154	-27.00212860107422	-4.887712331409094	0.0	0.0	0.0	0.0
13.760940313339233	1781096039.0	1781096039.2023575	5	25.0	29.0	12.0	8.0	NeuronSpectrum 10.06.2026 14:49:30	EEG	checkup_149_10.06.2026 14:49:30	500.0	504.6666666666667	True	0.5	40.0	4	True	50.0	30.0	-758.53857421875	-43.02859729181586	-194.31103515625	-4.204178419131244	-240.3925018310547	-20.31342215981059	-535.4962158203125	-44.810575903909246	-52.80170822143555	16.43887058335188	-579.2262573242188	-36.38531443756434	-177.7764434814453	-20.492457024552976	-59.34344482421875	-4.414053699433255	0.0	0.0	0.0	0.0
13.760941743850708	1781096039.0	1781096039.202359	5	25.0	29.0	12.0	8.0	NeuronSpectrum 10.06.2026 14:49:30	EEG	checkup_149_10.06.2026 14:49:30	500.0	504.6666666666667	True	0.5	40.0	4	True	50.0	30.0	-757.5427856445312	-51.90495048279486	-195.62936401367188	-7.992600100263308	-242.3370361328125	-25.226175888388305	-538.4132690429688	-53.983981700906796	-54.47999954223633	14.306386976785394	-580.9378662109375	-45.203607860819375	-180.01483154296875	-24.499522291617264	-58.63559341430664	-4.556293958400137	0.0	0.0	0.0	0.0
13.76094388961792	1781096039.0	1781096039.202361	5	25.0	29.0	12.0	8.0	NeuronSpectrum 10.06.2026 14:49:30	EEG	checkup_149_10.06.2026 14:49:30	500.0	504.6666666666667	True	0.5	40.0	4	True	50.0	30.0	-762.4450073242188	-67.5856955589822	-198.100341796875	-13.309449060398773	-245.54364013671875	-31.826560187318382	-544.1882934570312	-66.95095957431748	-56.307456970214844	11.949509784010289	-586.5880737304688	-58.78927072158762	-182.51927185058594	-29.222017199852075	-58.35826873779297	-5.240752164356314	0.0	0.0	0.0	0.0
13.760946035385132	1781096039.0	1781096039.2023633	5	25.0	29.0	12.0	8.0	NeuronSpectrum 10.06.2026 14:49:30	EEG	checkup_149_10.06.2026 14:49:30	500.0	504.6666666666667	True	0.5	40.0	4	True	50.0	30.0	-772.1576538085938	-86.97907519377911	-201.18850708007812	-19.119272190309243	-249.45687866210938	-38.94528901321058	-551.752197265625	-81.36973909581062	-58.031436920166016	9.681234660009014	-595.0869750976562	-74.6281667676484	-184.876708984375	-33.87388042895021	-58.512935638427734	-6.299196916127618	0.0	0.0	0.0	0.0
13.760947942733765	1781096039.0	1781096039.2023652	5	25.0	29.0	12.0	8.0	NeuronSpectrum 10.06.2026 14:49:30	EEG	checkup_149_10.06.2026 14:49:30	500.0	504.6666666666667	True	0.5	40.0	4	True	50.0	30.0	-779.0593872070312	-106.62911574009556	-202.8090362548828	-24.362037566274076	-251.6417236328125	-45.378773938015996	-555.8042602539062	-94.79409120713245	-59.02824020385742	7.797315567492565	-600.5386352539062	-90.00261582534935	-185.4313201904297	-37.71287503090482	-58.599395751953125	-7.517594333722551	0.0	0.0	0.0	0.0
13.760949850082397	1781096039.0	1781096039.202367	5	25.0	29.0	12.0	8.0	NeuronSpectrum 10.06.2026 14:49:30	EEG	checkup_149_10.06.2026 14:49:30	500.0	504.6666666666667	True	0.5	40.0	4	True	50.0	30.0	-773.1004028320312	-123.3737523526463	-200.38890075683594	-28.14274619708703	-249.04823303222656	-50.10707296181418	-549.6500244140625	-105.13322319007807	-58.606929779052734	6.5267651997790495	-595.373779296875	-102.50203016341722	-182.19651794433594	-40.17964187039979	-57.914947509765625	-8.677413617440502	0.0	0.0	0.0	0.0
13.76095175743103	1781096039.0	1781096039.202369	5	25.0	29.0	12.0	8.0	NeuronSpectrum 10.06.2026 14:49:30	EEG	checkup_149_10.06.2026 14:49:30	500.0	504.6666666666667	True	0.5	40.0	4	True	50.0	30.0	-751.67431640625	-134.74669119443146	-193.35462951660156	-29.8404899131677	-240.99749755859375	-52.41844624898466	-531.9378051757812	-110.9079450828195	-56.67325210571289	6.005982940109257	-577.8079833984375	-110.32467172774462	-174.9899139404297	-40.95843508924188	-56.289756774902344	-9.58162248397999	0.0	0.0	0.0	0.0
13.760953664779663	1781096039.0	1781096039.202371	5	25.0	29.0	12.0	8.0	NeuronSpectrum 10.06.2026 14:49:30	EEG	checkup_149_10.06.2026 14:49:30	500.0	504.6666666666667	True	0.5	40.0	4	True	50.0	30.0	-727.5728149414062	-139.1490298888527	-185.1114501953125	-29.14416701239906	-231.56214904785156	-51.94966979837618	-512.0219116210938	-111.3264459049864	-54.2386474609375	6.274139103639904	-557.813232421875	-112.39175060134018	-167.101318359375	-39.97182098850694	-54.67692947387695	-10.068894235224418	0.0	0.0	0.0	0.0
13.760955333709717	1781096039.0	1781096039.2023726	5	25.0	29.0	12.0	8.0	NeuronSpectrum 10.06.2026 14:49:30	EEG	checkup_149_10.06.2026 14:49:30	500.0	504.6666666666667	True	0.5	40.0	4	True	50.0	30.0	-725.0346069335938	-135.90862941187203	-182.00311279296875	-26.04824170233061	-228.3252410888672	-48.681872478136704	-507.11358642578125	-106.27097838133409	-53.11503982543945	7.2801523898885865	-554.0497436523438	-108.36767485878444	-164.31204223632812	-37.34522449991899	-54.84357833862305	-10.025425977148005	0.0	0.0	0.0	0.0
13.76095724105835	1781096039.0	1781096039.2023745	5	25.0	29.0	12.0	8.0	NeuronSpectrum 10.06.2026 14:49:30	EEG	checkup_149_10.06.2026 14:49:30	500.0	504.6666666666667	True	0.5	40.0	4	True	50.0	30.0	-761.240478515625	-125.34586896702571	-188.59942626953125	-20.84360984554824	-236.73228454589844	-42.93316120750779	-529.433349609375	-96.28897986147167	-54.63249969482422	8.890930385836736	-579.7796020507812	-98.68228476130604	-170.7163848876953	-33.37795636916104	-57.97105407714844	-9.40239549713829	0.0	0.0	0.0	0.0
13.760958909988403	1781096039.0	1781096039.2023761	5	25.0	29.0	12.0	8.0	NeuronSpectrum 10.06.2026 14:49:30	EEG	checkup_149_10.06.2026 14:49:30	500.0	504.6666666666667	True	0.5	40.0	4	True	50.0	30.0	-823.9761962890625	-108.87564816942046	-202.0252227783203	-14.116292725335812	-253.2952880859375	-35.36229492570821	-570.7705688476562	-82.6197654529021	-58.1080322265625	10.896535160323221	-625.89892578125	-84.58350730801469	-183.7406463623047	-28.535764239380274	-62.98637771606445	-8.239017247096116	0.0	0.0	0.0	0.0
13.760961294174194	1781096039.0	1781096039.2023785	5	25.0	29.0	12.0	8.0	NeuronSpectrum 10.06.2026 14:49:30	EEG	checkup_149_10.06.2026 14:49:30	500.0	504.6666666666667	True	0.5	40.0	4	True	50.0	30.0	-864.3009033203125	-89.04354988783166	-210.08758544921875	-6.732262820575373	-263.35577392578125	-26.956453370919032	-597.427734375	-67.19333625229496	-60.33109664916992	13.01746015509198	-655.3739624023438	-68.14725438653983	-192.5269012451172	-23.446949855591242	-66.05377960205078	-6.680308557884145	0.0	0.0	0.0	0.0
13.760962963104248	1781096039.0	1781096039.2023802	5	25.0	29.0	12.0	8.0	NeuronSpectrum 10.06.2026 14:49:30	EEG	checkup_149_10.06.2026 14:49:30	500.0	504.6666666666667	True	0.5	40.0	4	True	50.0	30.0	-816.3118896484375	-69.30992982862853	-196.24957275390625	0.23632200327971847	-247.0608673095703	-18.948778755512464	-563.8690795898438	-52.47492549455668	-56.87574005126953	14.925924489859753	-618.2401123046875	-52.105110036950556	-182.3356475830078	-18.860914713459874	-62.127132415771484	-4.972223246404293	0.0	0.0	0.0	0.0
13.76096487045288	1781096039.0	1781096039.202382	5	25.0	29.0	12.0	8.0	NeuronSpectrum 10.06.2026 14:49:30	EEG	checkup_149_10.06.2026 14:49:30	500.0	504.6666666666667	True	0.5	40.0	4	True	50.0	30.0	-636.5494995117188	-53.45211577914311	-149.56869506835938	5.675807425226975	-191.28692626953125	-12.62653815078492	-439.92730712890625	-41.06301691101049	-44.742740631103516	16.29039758825937	-481.5038757324219	-39.39052684417992	-143.29714965820312	-15.536357942774494	-47.96983337402344	-3.421827520951388	0.0	0.0	0.0	0.0
13.760966539382935	1781096039.0	1781096039.2023838	5	25.0	29.0	12.0	8.0	NeuronSpectrum 10.06.2026 14:49:30	EEG	checkup_149_10.06.2026 14:49:30	500.0	504.6666666666667	True	0.5	40.0	4	True	50.0	30.0	-337.7823791503906	-44.66669652544109	-73.22885131835938	8.666860275844966	-99.8641128540039	-9.053506051530924	-234.15652465820312	-35.09121499873546	-24.646066665649414	16.83904500868061	-254.78895568847656	-32.46288434683438	-77.92088317871094	-14.070524184510992	-24.702238082885742	-2.3275806644688832	0.0	0.0	0.0	0.0
13.81286334991455	1781096039.0	1781096039.2542806	5	25.0	29.0	12.0	8.0	NeuronSpectrum 10.06.2026 14:49:30	EEG	checkup_149_10.06.2026 14:49:30	500.0	504.6666666666667	True	0.5	40.0	4	True	50.0	30.0	-757.153564453125	-44.696455726711946	-178.7718048095703	8.71085026968561	-226.05458068847656	-8.803131565500758	-522.996337890625	-35.65044365896106	-52.81708908081055	16.421506391102604	-572.5698852539062	-32.65191646721996	-170.91824340820312	-14.733875159763489	-56.17488098144531	-1.904677600784074	0.0	0.0	0.0	0.0
13.812869787216187	1781096039.0	1781096039.254287	5	25.0	29.0	12.0	8.0	NeuronSpectrum 10.06.2026 14:49:30	EEG	checkup_149_10.06.2026 14:49:30	500.0	504.6666666666667	True	0.5	40.0	4	True	50.0	30.0	-756.1537475585938	-53.37285356452155	-178.79400634765625	5.849053962822012	-225.8646240234375	-11.81957334765586	-522.7945556640625	-42.494872390988064	-53.309940338134766	15.043278812755636	-572.024658203125	-39.815872831627345	-171.1355743408203	-17.39051428095108	-55.60334777832031	-2.2366948632485264	0.0	0.0	0.0	0.0
13.812872409820557	1781096039.0	1781096039.2542896	5	25.0	29.0	12.0	8.0	NeuronSpectrum 10.06.2026 14:49:30	EEG	checkup_149_10.06.2026 14:49:30	500.0	504.6666666666667	True	0.5	40.0	4	True	50.0	30.0	-760.9840087890625	-68.76310982521858	-181.04612731933594	0.6269169326694073	-228.1647186279297	-17.46353134297616	-526.7609252929688	-54.158583963803046	-54.62887191772461	12.859514928486567	-576.305908203125	-52.45527586757806	-172.57574462890625	-21.542664368027708	-55.700828552246094	-3.270250628214733	0.0	0.0	0.0	0.0
13.812874555587769	1781096039.0	1781096039.2542918	5	25.0	29.0	12.0	8.0	NeuronSpectrum 10.06.2026 14:49:30	EEG	checkup_149_10.06.2026 14:49:30	500.0	504.6666666666667	True	0.5	40.0	4	True	50.0	30.0	-770.5145263671875	-87.79327567572946	-185.23629760742188	-6.065155602759726	-232.5565643310547	-24.704493547213627	-534.1458740234375	-68.3940876760717	-56.7032356262207	10.135562988654852	-584.6343383789062	-68.1851097651848	-175.07945251464844	-26.47021207739793	-56.46879959106445	-4.845606478520331	0.0	0.0	0.0	0.0
13.812876462936401	1781096039.0	1781096039.2542937	5	25.0	29.0	12.0	8.0	NeuronSpectrum 10.06.2026 14:49:30	EEG	checkup_149_10.06.2026 14:49:30	500.0	504.6666666666667	True	0.5	40.0	4	True	50.0	30.0	-777.1128540039062	-107.03109147638995	-189.26451110839844	-13.196057961549254	-236.52072143554688	-32.36450087363732	-539.6915893554688	-82.71667561023882	-58.89448165893555	7.193957864572277	-591.1791381835938	-84.32740854583292	-177.00750732421875	-31.397281209466758	-57.34593963623047	-6.741861867379124	0.0	0.0	0.0	0.0
13.812878608703613	1781096039.0	1781096039.2542958	5	25.0	29.0	12.0	8.0	NeuronSpectrum 10.06.2026 14:49:30	EEG	checkup_149_10.06.2026 14:49:30	500.0	504.6666666666667	True	0.5	40.0	4	True	50.0	30.0	-770.756103515625	-123.34307308607208	-190.29173278808594	-19.772194919964278	-236.71600341796875	-39.327423705465215	-536.4215087890625	-94.86049239441593	-60.307342529296875	4.365932318515959	-588.1748046875	-98.40987022440956	-176.13014221191406	-35.62601255910455	-57.53643035888672	-8.717377977566334	0.0	0.0	0.0	0.0
13.812880754470825	1781096039.0	1781096039.254298	5	25.0	29.0	12.0	8.0	NeuronSpectrum 10.06.2026 14:49:30	EEG	checkup_149_10.06.2026 14:49:30	500.0	504.6666666666667	True	0.5	40.0	4	True	50.0	30.0	-748.8871459960938	-134.2949599452985	-187.3379669189453	-24.956480595152833	-232.08978271484375	-44.67381846431766	-522.4010620117188	-103.05817507981673	-60.55540466308594	1.9559222320189158	-573.466796875	-108.47288206060787	-171.8417205810547	-38.61235959079831	-56.80179977416992	-10.537195406944306	0.0	0.0	0.0	0.0
13.812882661819458	1781096039.0	1781096039.2542999	5	25.0	29.0	12.0	8.0	NeuronSpectrum 10.06.2026 14:49:30	EEG	checkup_149_10.06.2026 14:49:30	500.0	504.6666666666667	True	0.5	40.0	4	True	50.0	30.0	-724.3495483398438	-138.32121492490958	-183.39939880371094	-28.133064279468897	-226.39385986328125	-47.748091030266714	-506.212646484375	-106.16232296230106	-60.38906478881836	0.21787525041887856	-556.6178588867188	-113.20491648366163	-166.96495056152344	-39.99295950010564	-56.093353271484375	-11.990236887871715	0.0	0.0	0.0	0.0
13.812885761260986	1781096039.0	1781096039.254303	5	25.0	29.0	12.0	8.0	NeuronSpectrum 10.06.2026 14:49:30	EEG	checkup_149_10.06.2026 14:49:30	500.0	504.6666666666667	True	0.5	40.0	4	True	50.0	30.0	-721.4291381835938	-134.7814307848768	-184.47630310058594	-28.944742308179404	-226.9864044189453	-48.19210355589562	-504.29876708984375	-103.68899471632942	-61.4256706237793	-0.6633010098796787	-555.9386596679688	-111.9949122476036	-166.8780059814453	-39.591624543319604	-57.226661682128906	-12.905012330111814	0.0	0.0	0.0	0.0
13.812887907028198	1781096039.0	1781096039.2543051	5	25.0	29.0	12.0	8.0	NeuronSpectrum 10.06.2026 14:49:30	EEG	checkup_149_10.06.2026 14:49:30	500.0	504.6666666666667	True	0.5	40.0	4	True	50.0	30.0	-757.3622436523438	-124.02253988151992	-194.8196563720703	-27.329561216148534	-239.09564208984375	-45.97942383550582	-528.35205078125	-95.86328748547156	-64.78673553466797	-0.5913298569953398	-584.4149169921875	-104.99014896370005	-175.35812377929688	-37.43302615013513	-61.400291442871094	-13.171382120062178	0.0	0.0	0.0	0.0
13.812889814376831	1781096039.0	1781096039.254307	5	25.0	29.0	12.0	8.0	NeuronSpectrum 10.06.2026 14:49:30	EEG	checkup_149_10.06.2026 14:49:30	500.0	504.6666666666667	True	0.5	40.0	4	True	50.0	30.0	-820.01171875	-107.47739740594376	-211.17977905273438	-23.560823447840434	-258.8856201171875	-41.45756158407166	-570.0689086914062	-83.68653065401382	-69.4569320678711	0.42096403761379875	-632.6962280273438	-93.18082723557445	-189.5585479736328	-33.770280272833254	-67.43405151367188	-12.76796348157187	0.0	0.0	0.0	0.0
13.812891483306885	1781096039.0	1781096039.2543087	5	25.0	29.0	12.0	8.0	NeuronSpectrum 10.06.2026 14:49:30	EEG	checkup_149_10.06.2026 14:49:30	500.0	504.6666666666667	True	0.5	40.0	4	True	50.0	30.0	-860.5236206054688	-87.69861399019592	-220.93963623046875	-18.262280090609714	-271.186767578125	-35.3657245902596	-596.1408081054688	-68.95530413417224	-71.77933502197266	2.2394381411602913	-663.5086059570312	-78.43302974971446	-198.37692260742188	-29.102777586323448	-71.23870086669922	-11.783812667368194	0.0	0.0	0.0	0.0
13.812893152236938	1781096039.0	1781096039.2543104	5	25.0	29.0	12.0	8.0	NeuronSpectrum 10.06.2026 14:49:30	EEG	checkup_149_10.06.2026 14:49:30	500.0	504.6666666666667	True	0.5	40.0	4	True	50.0	30.0	-813.0457153320312	-68.14223530717136	-207.25064086914062	-12.350685176702527	-255.6448974609375	-28.770617823491325	-561.741455078125	-54.106153031471734	-66.97395324707031	4.619003805065679	-626.7091064453125	-63.328741874641025	-186.94801330566406	-24.141114006824886	-67.46485900878906	-10.416455544889784	0.0	0.0	0.0	0.0
13.81289529800415	1781096039.0	1781096039.2543125	5	25.0	29.0	12.0	8.0	NeuronSpectrum 10.06.2026 14:49:30	EEG	checkup_149_10.06.2026 14:49:30	500.0	504.6666666666667	True	0.5	40.0	4	True	50.0	30.0	-634.0802001953125	-52.5716937491126	-159.211669921875	-6.874316522667168	-198.95790100097656	-22.880952481926116	-437.41485595703125	-41.79929985261838	-52.08695602416992	7.245874267819318	-489.2969055175781	-50.71521873527815	-145.57110595703125	-19.688129474855113	-52.69729232788086	-8.933574322526203	0.0	0.0	0.0	0.0
13.812896728515625	1781096039.0	1781096039.254314	5	25.0	29.0	12.0	8.0	NeuronSpectrum 10.06.2026 14:49:30	EEG	checkup_149_10.06.2026 14:49:30	500.0	504.6666666666667	True	0.5	40.0	4	True	50.0	30.0	-336.2532043457031	-44.1633861573471	-80.53121948242188	-2.7716658274922623	-105.33638000488281	-18.766977978921457	-232.10391235351562	-34.29943036878622	-28.454092025756836	9.804949040123729	-261.1314697265625	-43.027067114290354	-77.3476791381836	-16.452137306974777	-28.142980575561523	-7.603703774864355	0.0	0.0	0.0	0.0
13.864449501037598	1781096039.0	1781096039.3058667	5	25.0	29.0	12.0	8.0	NeuronSpectrum 10.06.2026 14:49:30	EEG	checkup_149_10.06.2026 14:49:30	500.0	504.6666666666667	True	0.5	40.0	4	True	50.0	30.0	-755.1934204101562	-44.6371078579667	-187.28335571289062	-0.6367064942860952	-234.0286102294922	-17.08589464866414	-517.919921875	-32.87640876992164	-57.87664031982422	12.047967199676684	-579.6644287109375	-41.62802341175939	-170.4070587158203	-14.86246075341409	-60.778072357177734	-6.621906478543864	0.0	0.0	0.0	0.0
13.864456176757812	1781096039.0	1781096039.3058734	5	25.0	29.0	12.0	8.0	NeuronSpectrum 10.06.2026 14:49:30	EEG	checkup_149_10.06.2026 14:49:30	500.0	504.6666666666667	True	0.5	40.0	4	True	50.0	30.0	-754.6123657226562	-53.80088292636981	-185.1306610107422	-0.5926996590622816	-232.11798095703125	-17.93363488450616	-516.0498657226562	-37.49245242631953	-55.51803207397461	13.833918877665896	-577.3543090820312	-46.468331854980356	-168.455810546875	-14.972071472922883	-59.296817779541016	-6.062786644649383	0.0	0.0	0.0	0.0
13.86445927619934	1781096039.0	1781096039.3058765	5	25.0	29.0	12.0	8.0	NeuronSpectrum 10.06.2026 14:49:30	EEG	checkup_149_10.06.2026 14:49:30	500.0	504.6666666666667	True	0.5	40.0	4	True	50.0	30.0	-759.86083984375	-69.69861429605125	-184.33114624023438	-2.3224435822246896	-231.7411346435547	-20.880310298344238	-518.1708984375	-46.902837624058805	-53.340423583984375	15.128720500136945	-579.034912109375	-56.19862384694491	-167.5174560546875	-16.487149059245777	-58.05983352661133	-5.877911773092127	0.0	0.0	0.0	0.0
13.864461898803711	1781096039.0	1781096039.305879	5	25.0	29.0	12.0	8.0	NeuronSpectrum 10.06.2026 14:49:30	EEG	checkup_149_10.06.2026 14:49:30	500.0	504.6666666666667	True	0.5	40.0	4	True	50.0	30.0	-769.8450927734375	-89.2323514069994	-184.6713409423828	-5.219591548667191	-232.70938110351562	-25.148403409805926	-523.5931396484375	-59.07961103056455	-51.448978424072266	15.974404635415915	-583.978759765625	-68.63912620960168	-167.5111541748047	-18.89332451380906	-57.13393783569336	-5.929916528670233	0.0	0.0	0.0	0.0
13.864464044570923	1781096039.0	1781096039.3058813	5	25.0	29.0	12.0	8.0	NeuronSpectrum 10.06.2026 14:49:30	EEG	checkup_149_10.06.2026 14:49:30	500.0	504.6666666666667	True	0.5	40.0	4	True	50.0	30.0	-776.9693603515625	-108.94408371444328	-184.37408447265625	-8.57735628102111	-232.9512176513672	-29.83591078062609	-527.2449340820312	-71.74044687634503	-49.59922409057617	16.45070001346808	-586.6521606445312	-81.36148945251014	-167.0181884765625	-21.608438588400947	-56.118560791015625	-6.040844452409081	0.0	0.0	0.0	0.0
13.864466190338135	1781096039.0	1781096039.3058834	5	25.0	29.0	12.0	8.0	NeuronSpectrum 10.06.2026 14:49:30	EEG	checkup_149_10.06.2026 14:49:30	500.0	504.6666666666667	True	0.5	40.0	4	True	50.0	30.0	-771.2208862304688	-125.67267835561134	-181.13790893554688	-11.740357336534519	-229.71202087402344	-34.09804841213535	-522.4457397460938	-82.7876021689398	-47.41661834716797	16.647881400584573	-579.7858276367188	-92.16631630164022	-164.13360595703125	-24.10106293362649	-54.40950393676758	-6.03448416313092	0.0	0.0	0.0	0.0
13.864468336105347	1781096039.0	1781096039.3058856	5	25.0	29.0	12.0	8.0	NeuronSpectrum 10.06.2026 14:49:30	EEG	checkup_149_10.06.2026 14:49:30	500.0	504.6666666666667	True	0.5	40.0	4	True	50.0	30.0	-749.9984741210938	-136.95581466446293	-174.60369873046875	-14.187601328613543	-222.4729461669922	-37.25082244111832	-507.5855407714844	-90.56969337789067	-44.961097717285156	16.656979819401425	-561.7550659179688	-99.35999692151134	-158.54151916503906	-25.95074704628102	-51.86962127685547	-5.7638850632463186	0.0	0.0	0.0	0.0
13.8644700050354	1781096039.0	1781096039.3058872	5	25.0	29.0	12.0	8.0	NeuronSpectrum 10.06.2026 14:49:30	EEG	checkup_149_10.06.2026 14:49:30	500.0	504.6666666666667	True	0.5	40.0	4	True	50.0	30.0	-726.03564453125	-141.20259438902522	-168.30079650878906	-15.557120527891742	-215.277587890625	-38.809065186651296	-491.4884948730469	-93.98741032140936	-43.1640510559082	16.57156518107127	-542.4910278320312	-101.85571794997998	-153.16539001464844	-26.861775632568495	-49.377933502197266	-5.126239206652623	0.0	0.0	0.0	0.0
13.864472150802612	1781096039.0	1781096039.3058894	5	25.0	29.0	12.0	8.0	NeuronSpectrum 10.06.2026 14:49:30	EEG	checkup_149_10.06.2026 14:49:30	500.0	504.6666666666667	True	0.5	40.0	4	True	50.0	30.0	-723.466552734375	-137.7539123045423	-168.543701171875	-15.647640108542141	-215.4608154296875	-38.499454150122475	-490.66748046875	-92.5274673850768	-43.52458953857422	16.489378590046755	-540.4149780273438	-99.19437884972017	-153.2534637451172	-26.66202907305037	-48.56584930419922	-4.073068120128801	0.0	0.0	0.0	0.0
13.864474058151245	1781096039.0	1781096039.3058913	5	25.0	29.0	12.0	8.0	NeuronSpectrum 10.06.2026 14:49:30	EEG	checkup_149_10.06.2026 14:49:30	500.0	504.6666666666667	True	0.5	40.0	4	True	50.0	30.0	-759.4014892578125	-126.94819190571211	-179.6354522705078	-14.43238560726872	-228.00726318359375	-36.28741205449422	-516.6873168945312	-86.30869222931571	-46.92146682739258	16.50365644055172	-568.4279174804688	-91.58109577629313	-162.35650634765625	-25.316684609302516	-50.5548210144043	-2.6226950882903415	0.0	0.0	0.0	0.0
13.864476203918457	1781096039.0	1781096039.3058934	5	25.0	29.0	12.0	8.0	NeuronSpectrum 10.06.2026 14:49:30	EEG	checkup_149_10.06.2026 14:49:30	500.0	504.6666666666667	True	0.5	40.0	4	True	50.0	30.0	-821.6824951171875	-110.22172000596272	-198.14718627929688	-12.095276928230524	-248.81585693359375	-32.426797797707195	-560.9596557617188	-76.16171742697685	-52.23817443847656	16.682237022710215	-617.065673828125	-79.96365420924501	-177.5352783203125	-22.964094061676587	-54.43299102783203	-0.874966938863156	0.0	0.0	0.0	0.0
13.86447811126709	1781096039.0	1781096039.3058953	5	25.0	29.0	12.0	8.0	NeuronSpectrum 10.06.2026 14:49:30	EEG	checkup_149_10.06.2026 14:49:30	500.0	504.6666666666667	True	0.5	40.0	4	True	50.0	30.0	-861.5844116210938	-90.14163356837388	-211.10533142089844	-9.062733550517777	-262.5877380371094	-27.49799273084324	-589.8142700195312	-63.67138853302987	-55.99243927001953	17.04357831873102	-649.0380859375	-66.07628981226863	-187.8653106689453	-19.949227756592265	-56.769107818603516	0.9812585842459969	0.0	0.0	0.0	0.0
13.864480018615723	1781096039.0	1781096039.3058972	5	25.0	29.0	12.0	8.0	NeuronSpectrum 10.06.2026 14:49:30	EEG	checkup_149_10.06.2026 14:49:30	500.0	504.6666666666667	True	0.5	40.0	4	True	50.0	30.0	-813.4981689453125	-70.1862318457482	-201.16651916503906	-5.979464801611139	-248.97042846679688	-22.372090252520415	-558.0696411132812	-51.05153081647874	-53.70429229736328	17.545956875768695	-614.2529907226562	-52.30520218795234	-178.8136749267578	-16.809244513749515	-52.99412155151367	2.682706241920333	0.0	0.0	0.0	0.0
13.864481687545776	1781096039.0	1781096039.305899	5	25.0	29.0	12.0	8.0	NeuronSpectrum 10.06.2026 14:49:30	EEG	checkup_149_10.06.2026 14:49:30	500.0	504.6666666666667	True	0.5	40.0	4	True	50.0	30.0	-634.1736450195312	-54.144009749116236	-156.8355255126953	-3.588771263668923	-194.6333770751953	-18.055351865098377	-435.9805908203125	-40.75901470657382	-42.47983169555664	18.102929072432794	-479.66290283203125	-41.27219233207292	-140.82252502441406	-14.176737044226302	-40.12904357910156	3.93810773284493	0.0	0.0	0.0	0.0
13.86448359489441	1781096039.0	1781096039.3059008	5	25.0	29.0	12.0	8.0	NeuronSpectrum 10.06.2026 14:49:30	EEG	checkup_149_10.06.2026 14:49:30	500.0	504.6666666666667	True	0.5	40.0	4	True	50.0	30.0	-336.3612060546875	-45.21423608637769	-81.21324920654297	-2.531566011738617	-103.55133819580078	-15.433561627526139	-232.30360412597656	-34.89852333029368	-23.169498443603516	18.62368645324674	-254.82618713378906	-35.191540203774174	-76.60755920410156	-12.612344683067844	-19.108726501464844	4.499929779294135	0.0	0.0	0.0	0.0
13.864485263824463	1781096039.0	1781096039.3059025	5	25.0	29.0	12.0	8.0	NeuronSpectrum 10.06.2026 14:49:30	EEG	checkup_149_10.06.2026 14:49:30	500.0	504.6666666666667	True	0.5	40.0	4	True	50.0	30.0	-754.2139892578125	-45.13373537937236	-188.97154235839844	-3.1417496203359865	-230.41558837890625	-15.012074319704798	-518.1279907226562	-34.63597178834541	-49.4097900390625	19.059661262649428	-571.2374267578125	-35.23877988875434	-167.20578002929688	-12.432442891496637	-48.20581817626953	4.23652545833085	0.0	0.0	0.0	0.0
13.864487171173096	1781096039.0	1781096039.3059044	5	25.0	29.0	12.0	8.0	NeuronSpectrum 10.06.2026 14:49:30	EEG	checkup_149_10.06.2026 14:49:30	500.0	504.6666666666667	True	0.5	40.0	4	True	50.0	30.0	-753.328857421875	-53.72043448272054	-188.3421173095703	-5.335228106580429	-228.7232666015625	-16.770487122966475	-516.6190795898438	-39.885601057928284	-48.145931243896484	19.432537389065935	-569.90234375	-41.22185713066043	-166.09800720214844	-13.61418928507728	-48.465274810791016	3.174250320664377	0.0	0.0	0.0	0.0
13.86448884010315	1781096039.0	1781096039.305906	5	25.0	29.0	12.0	8.0	NeuronSpectrum 10.06.2026 14:49:30	EEG	checkup_149_10.06.2026 14:49:30	500.0	504.6666666666667	True	0.5	40.0	4	True	50.0	30.0	-758.3237915039062	-69.02257838554468	-188.4768524169922	-8.641334978889494	-228.50535583496094	-20.19220591909748	-518.6514892578125	-49.400203548913105	-46.83185958862305	19.83013757529514	-572.1547241210938	-51.695330049954805	-165.69174194335938	-15.818925230955578	-49.43938064575195	1.4930261376248222	0.0	0.0	0.0	0.0
13.864490985870361	1781096039.0	1781096039.3059082	5	25.0	29.0	12.0	8.0	NeuronSpectrum 10.06.2026 14:49:30	EEG	checkup_149_10.06.2026 14:49:30	500.0	504.6666666666667	True	0.5	40.0	4	True	50.0	30.0	-768.0341186523438	-87.94523825322447	-189.29501342773438	-12.346865158310491	-229.61622619628906	-24.434435966888177	-523.6239013671875	-61.179260922572794	-45.51921844482422	20.37604964935362	-577.3014526367188	-64.42122220076348	-165.93194580078125	-18.50838825089323	-50.96795654296875	-0.518176400686791	0.0	0.0	0.0	0.0
13.864492893218994	1781096039.0	1781096039.30591	5	25.0	29.0	12.0	8.0	NeuronSpectrum 10.06.2026 14:49:30	EEG	checkup_149_10.06.2026 14:49:30	500.0	504.6666666666667	True	0.5	40.0	4	True	50.0	30.0	-774.7952270507812	-107.03801646514404	-189.19320678710938	-15.67665644219229	-229.96885681152344	-28.547646892406465	-526.60595703125	-72.98329679921609	-43.92230224609375	21.190686530302127	-579.9605102539062	-76.94089261610209	-165.4528045654297	-21.089277285223456	-52.376007080078125	-2.5247103100402652	0.0	0.0	0.0	0.0
13.864494562149048	1781096039.0	1781096039.3059118	5	25.0	29.0	12.0	8.0	NeuronSpectrum 10.06.2026 14:49:30	EEG	checkup_149_10.06.2026 14:49:30	500.0	504.6666666666667	True	0.5	40.0	4	True	50.0	30.0	-768.5515747070312	-123.15775437027183	-185.96600341796875	-17.942806712581696	-226.70480346679688	-31.661956366914392	-521.0513305664062	-82.76416993188613	-41.61408233642578	22.36007059602249	-573.0245971679688	-87.04689037675209	-162.39306640625	-23.02922406382953	-52.7857551574707	-4.2073263083644195	0.0	0.0	0.0	0.0
13.86449646949768	1781096039.0	1781096039.3059137	5	25.0	29.0	12.0	8.0	NeuronSpectrum 10.06.2026 14:49:30	EEG	checkup_149_10.06.2026 14:49:30	500.0	504.6666666666667	True	0.5	40.0	4	True	50.0	30.0	-746.70654296875	-133.87391463105513	-179.07962036132812	-18.63294117134312	-219.0225372314453	-33.1026955104446	-505.339599609375	-88.92582368296694	-38.504798889160156	23.9198356360946	-554.8231201171875	-93.06075237114139	-156.39508056640625	-23.920593871524183	-51.83950424194336	-5.3087318296285355	0.0	0.0	0.0	0.0
13.864497900009155	1781096039.0	1781096039.305915	5	25.0	29.0	12.0	8.0	NeuronSpectrum 10.06.2026 14:49:30	EEG	checkup_149_10.06.2026 14:49:30	500.0	504.6666666666667	True	0.5	40.0	4	True	50.0	30.0	-722.060791015625	-137.6405192089778	-171.5146942138672	-17.445537066645823	-210.4701690673828	-32.44221565935303	-488.03997802734375	-90.43494046172306	-35.233272552490234	25.853157839226096	-534.8848266601562	-93.93984647650811	-150.20806884765625	-23.501364872844846	-50.29515838623047	-5.663247003867807	0.0	0.0	0.0	0.0
13.864499807357788	1781096039.0	1781096039.305917	5	25.0	29.0	12.0	8.0	NeuronSpectrum 10.06.2026 14:49:30	EEG	checkup_149_10.06.2026 14:49:30	500.0	504.6666666666667	True	0.5	40.0	4	True	50.0	30.0	-718.8811645507812	-133.85104681208318	-168.85977172851562	-14.30122167108657	-207.85995483398438	-29.520747544105784	-485.2632751464844	-86.8614793155726	-32.99319076538086	28.096177160332278	-531.014892578125	-89.30420520229924	-148.84423828125	-21.660599361643037	-49.792850494384766	-5.213582397411552	0.0	0.0	0.0	0.0
13.864501476287842	1781096039.0	1781096039.3059187	5	25.0	29.0	12.0	8.0	NeuronSpectrum 10.06.2026 14:49:30	EEG	checkup_149_10.06.2026 14:49:30	500.0	504.6666666666667	True	0.5	40.0	4	True	50.0	30.0	-754.4512329101562	-122.89473803619856	-175.04598999023438	-9.357698505386516	-216.05218505859375	-24.46883692504548	-508.3564453125	-78.42796926116583	-32.66569900512695	30.5440482865818	-555.7689208984375	-79.47367372212334	-155.7541046142578	-18.4544679686909	-51.595401763916016	-4.019906085697062	0.0	0.0	0.0	0.0
13.864503622055054	1781096039.0	1781096039.3059208	5	25.0	29.0	12.0	8.0	NeuronSpectrum 10.06.2026 14:49:30	EEG	checkup_149_10.06.2026 14:49:30	500.0	504.6666666666667	True	0.5	40.0	4	True	50.0	30.0	-816.772705078125	-106.24580528958717	-187.20977783203125	-3.0339263354260853	-231.6450958251953	-17.738584809464317	-549.0787353515625	-66.08572295372574	-33.76237487792969	33.054785097279144	-600.1575927734375	-65.53878542313373	-168.2435302734375	-14.138297351654941	-55.02988815307617	-2.2620693799740064	0.0	0.0	0.0	0.0
13.864505290985107	1781096039.0	1781096039.3059225	5	25.0	29.0	12.0	8.0	NeuronSpectrum 10.06.2026 14:49:30	EEG	checkup_149_10.06.2026 14:49:30	500.0	504.6666666666667	True	0.5	40.0	4	True	50.0	30.0	-857.1924438476562	-86.4866523697036	-194.04293823242188	3.9821557067343014	-240.90411376953125	-10.11386868371606	-574.7838134765625	-51.54725396881615	-34.06880187988281	35.454288383599206	-628.3359985351562	-49.39018615401483	-176.02151489257812	-9.190798555010215	-56.92943572998047	-0.22881244446574966	0.0	0.0	0.0	0.0
13.86450719833374	1781096039.0	1781096039.3059244	5	25.0	29.0	12.0	8.0	NeuronSpectrum 10.06.2026 14:49:30	EEG	checkup_149_10.06.2026 14:49:30	500.0	504.6666666666667	True	0.5	40.0	4	True	50.0	30.0	-810.0342407226562	-67.08264526275106	-180.40931701660156	10.787262391207987	-225.346435546875	-2.6465465152703707	-541.62255859375	-37.14806978222174	-30.563201904296875	37.550113418644514	-592.0902099609375	-33.56831606579656	-165.3616485595703	-4.287830764856091	-52.92593002319336	1.716280060614272	0.0	0.0	0.0	0.0
13.864508628845215	1781096039.0	1781096039.3059258	5	25.0	29.0	12.0	8.0	NeuronSpectrum 10.06.2026 14:49:30	EEG	checkup_149_10.06.2026 14:49:30	500.0	504.6666666666667	True	0.5	40.0	4	True	50.0	30.0	-631.8466796875	-51.78155020490129	-136.47171020507812	16.40837692598146	-172.8626251220703	3.517690087653826	-420.7779541015625	-25.44941229548284	-21.26312255859375	39.15932533738983	-459.6542053222656	-20.835569375241892	-127.3094253540039	-0.19429979919102297	-40.109039306640625	3.197350351063086	0.0	0.0	0.0	0.0
13.864511013031006	1781096039.0	1781096039.3059282	5	25.0	29.0	12.0	8.0	NeuronSpectrum 10.06.2026 14:49:30	EEG	checkup_149_10.06.2026 14:49:30	500.0	504.6666666666667	True	0.5	40.0	4	True	50.0	30.0	-335.1218566894531	-43.72044595635537	-65.4599838256836	20.020315151022405	-87.2260971069336	7.399737029858538	-220.90965270996094	-18.63594995625848	-6.809878349304199	40.14650918958066	-240.3914337158203	-13.528127757514552	-64.68408966064453	2.4127469838792726	-19.337451934814453	3.90780985882724	0.0	0.0	0.0	0.0
13.915041446685791	1781096039.0	1781096039.3564587	5	25.0	29.0	12.0	8.0	NeuronSpectrum 10.06.2026 14:49:30	EEG	checkup_149_10.06.2026 14:49:30	500.0	504.6666666666667	True	0.5	40.0	4	True	50.0	30.0	-754.1107177734375	-44.56302617863013	-161.63796997070312	21.15777119492444	-204.53855895996094	8.440919293540931	-499.0599060058594	-17.925451043625944	-26.11676597595215	40.45740564583652	-546.0515747070312	-12.922797404994817	-150.16246032714844	3.124994781449089	-48.49476623535156	3.6850850388986505	0.0	0.0	0.0	0.0
13.915063619613647	1781096039.0	1781096039.3564808	5	25.0	29.0	12.0	8.0	NeuronSpectrum 10.06.2026 14:49:30	EEG	checkup_149_10.06.2026 14:49:30	500.0	504.6666666666667	True	0.5	40.0	4	True	50.0	30.0	-754.2049560546875	-54.05496418302871	-160.72007751464844	19.828653403775355	-203.65310668945312	6.638734977912292	-497.7630920410156	-23.252849205229232	-26.09148406982422	40.13126883690697	-544.7578125	-18.90382867963061	-149.01219177246094	1.9069256352777804	-49.06204605102539	2.549266476988387	0.0	0.0	0.0	0.0
13.915066480636597	1781096039.0	1781096039.3564837	5	25.0	29.0	12.0	8.0	NeuronSpectrum 10.06.2026 14:49:30	EEG	checkup_149_10.06.2026 14:49:30	500.0	504.6666666666667	True	0.5	40.0	4	True	50.0	30.0	-759.9129638671875	-70.18312659673695	-161.73854064941406	16.4829267959059	-204.89239501953125	2.510290118929512	-500.7660217285156	-33.35735515582034	-26.571714401245117	39.28500958546273	-548.1334228515625	-30.06828863230098	-149.40451049804688	-0.9183131101586599	-50.31080627441406	0.6916195222932944	0.0	0.0	0.0	0.0
13.91508436203003	1781096039.0	1781096039.3565016	5	25.0	29.0	12.0	8.0	NeuronSpectrum 10.06.2026 14:49:30	EEG	checkup_149_10.06.2026 14:49:30	500.0	504.6666666666667	True	0.5	40.0	4	True	50.0	30.0	-770.0865478515625	-89.80787252344258	-164.3632049560547	11.86608100362276	-207.90704345703125	-3.080687507090083	-507.3780212402344	-46.18969450824083	-27.444664001464844	38.077215557081814	-555.4234008789062	-44.177169181788756	-151.25711059570312	-4.778788486045922	-52.04301071166992	-1.577750795406765	0.0	0.0	0.0	0.0
13.915086507797241	1781096039.0	1781096039.3565037	5	25.0	29.0	12.0	8.0	NeuronSpectrum 10.06.2026 14:49:30	EEG	checkup_149_10.06.2026 14:49:30	500.0	504.6666666666667	True	0.5	40.0	4	True	50.0	30.0	-777.1555786132812	-109.45141737139548	-166.67886352539062	6.831243518664694	-210.4501953125	-9.144031531223797	-512.4825439453125	-59.43088024613253	-28.2564697265625	36.668634381465004	-560.9800415039062	-58.72260914450361	-153.05262756347656	-8.998951425448245	-53.59310531616211	-3.899540382562137	0.0	0.0	0.0	0.0
13.915103197097778	1781096039.0	1781096039.3565204	5	25.0	29.0	12.0	8.0	NeuronSpectrum 10.06.2026 14:49:30	EEG	checkup_149_10.06.2026 14:49:30	500.0	504.6666666666667	True	0.5	40.0	4	True	50.0	30.0	-771.1897583007812	-125.95686471074688	-166.18154907226562	2.1779641595339925	-209.5720977783203	-14.749725669358744	-509.2767639160156	-70.93304793258962	-28.4461727142334	35.193504561244005	-557.3036499023438	-71.40386533130587	-152.66905212402344	-12.925380013741043	-54.130977630615234	-5.92977336911108	0.0	0.0	0.0	0.0
13.91510534286499	1781096039.0	1781096039.3565226	5	25.0	29.0	12.0	8.0	NeuronSpectrum 10.06.2026 14:49:30	EEG	checkup_149_10.06.2026 14:49:30	500.0	504.6666666666667	True	0.5	40.0	4	True	50.0	30.0	-749.6761474609375	-136.88776094950023	-162.1407470703125	-1.4496767889715256	-204.48416137695312	-19.143788163564356	-495.8763732910156	-78.99444214742961	-27.90315055847168	33.74768160578011	-542.38232421875	-80.41736049466249	-149.42617797851562	-16.008534788215552	-53.362213134765625	-7.386944436982821	0.0	0.0	0.0	0.0
13.915122032165527	1781096039.0	1781096039.3565392	5	25.0	29.0	12.0	8.0	NeuronSpectrum 10.06.2026 14:49:30	EEG	checkup_149_10.06.2026 14:49:30	500.0	504.6666666666667	True	0.5	40.0	4	True	50.0	30.0	-725.394775390625	-140.69476746136286	-157.50367736816406	-3.609540742588749	-198.86671447753906	-21.800723911096416	-480.6578369140625	-82.48369623699467	-27.414552688598633	32.39078287861377	-525.6312255859375	-84.5801825558187	-145.7617645263672	-17.845798268397555	-52.09099578857422	-8.080319867396273	0.0	0.0	0.0	0.0
13.91512393951416	1781096039.0	1781096039.3565412	5	25.0	29.0	12.0	8.0	NeuronSpectrum 10.06.2026 14:49:30	EEG	checkup_149_10.06.2026 14:49:30	500.0	504.6666666666667	True	0.5	40.0	4	True	50.0	30.0	-722.4766845703125	-136.76805026080527	-157.9703826904297	-4.078631819475573	-199.71893310546875	-22.445959651479072	-479.6641845703125	-80.88927821226719	-28.431303024291992	31.15411846002903	-524.9977416992188	-83.37341804828216	-146.46932983398438	-18.207644142253354	-51.952301025390625	-7.924837993798172	0.0	0.0	0.0	0.0
13.915140628814697	1781096039.0	1781096039.3565578	5	25.0	29.0	12.0	8.0	NeuronSpectrum 10.06.2026 14:49:30	EEG	checkup_149_10.06.2026 14:49:30	500.0	504.6666666666667	True	0.5	40.0	4	True	50.0	30.0	-758.0211181640625	-125.49470586582858	-167.60768127441406	-2.868528997533401	-211.9779815673828	-21.081722320478477	-504.29541015625	-74.37070813127158	-31.99422264099121	30.04578907702693	-553.2456665039062	-76.9919656012899	-154.94036865234375	-17.067331701791314	-54.13204574584961	-6.9490991568475815	0.0	0.0	0.0	0.0
13.91514253616333	1781096039.0	1781096039.3565598	5	25.0	29.0	12.0	8.0	NeuronSpectrum 10.06.2026 14:49:30	EEG	checkup_149_10.06.2026 14:49:30	500.0	504.6666666666667	True	0.5	40.0	4	True	50.0	30.0	-819.9148559570312	-108.35202688897867	-183.53817749023438	-0.24697072678192944	-232.01791381835938	-18.02411471145842	-546.4179077148438	-63.830001592724074	-37.425743103027344	29.049274279856878	-601.3541259765625	-66.42212925652895	-168.6019744873047	-14.635934296778828	-57.8215446472168	-5.2981192506366215	0.0	0.0	0.0	0.0
13.915158987045288	1781096039.0	1781096039.3565762	5	25.0	29.0	12.0	8.0	NeuronSpectrum 10.06.2026 14:49:30	EEG	checkup_149_10.06.2026 14:49:30	500.0	504.6666666666667	True	0.5	40.0	4	True	50.0	30.0	-859.5598754882812	-87.93584619847908	-194.17198181152344	3.2565977470303213	-245.506591796875	-13.9209521268954	-573.4552001953125	-50.935213851308156	-41.86846923828125	28.119734168950586	-633.0210571289062	-53.47117878485562	-177.41342163085938	-11.378385316604582	-59.71272659301758	-3.2248312249556776	0.0	0.0	0.0	0.0
13.915160894393921	1781096039.0	1781096039.356578	5	25.0	29.0	12.0	8.0	NeuronSpectrum 10.06.2026 14:49:30	EEG	checkup_149_10.06.2026 14:49:30	500.0	504.6666666666667	True	0.5	40.0	4	True	50.0	30.0	-811.5122680664062	-67.73924410973211	-183.85919189453125	6.903212956645525	-233.1461944580078	-9.695616830806854	-541.53271484375	-37.97316396249081	-41.38279724121094	27.187982823042496	-599.27734375	-40.61125069301615	-167.90025329589844	-7.970927916102916	-55.366539001464844	-1.0597992505136133	0.0	0.0	0.0	0.0
13.915176153182983	1781096039.0	1781096039.3565934	5	25.0	29.0	12.0	8.0	NeuronSpectrum 10.06.2026 14:49:30	EEG	checkup_149_10.06.2026 14:49:30	500.0	504.6666666666667	True	0.5	40.0	4	True	50.0	30.0	-632.6241455078125	-51.552870897666445	-142.2156524658203	9.883118685304789	-182.1446533203125	-6.378736641059386	-421.72393798828125	-27.446848107034743	-33.20686340332031	26.18019645966801	-467.7200927734375	-30.541994066315656	-131.19802856445312	-5.174280791269732	-41.92892837524414	0.8465967442889574	0.0	0.0	0.0	0.0
13.915179014205933	1781096039.0	1781096039.3565962	5	25.0	29.0	12.0	8.0	NeuronSpectrum 10.06.2026 14:49:30	EEG	checkup_149_10.06.2026 14:49:30	500.0	504.6666666666667	True	0.5	40.0	4	True	50.0	30.0	-335.59771728515625	-42.56873243135065	-72.14970397949219	11.520884097403966	-96.07926177978516	-4.851248376674668	-222.56724548339844	-21.474329711332995	-17.75179100036621	25.05069248915726	-247.63485717773438	-25.53317864806139	-69.93621063232422	-3.642228334888276	-20.43885612487793	2.2003722817380855	0.0	0.0	0.0	0.0
13.966876983642578	1781096039.0	1781096039.4082942	5	25.0	29.0	12.0	8.0	NeuronSpectrum 10.06.2026 14:49:30	EEG	checkup_149_10.06.2026 14:49:30	500.0	504.6666666666667	True	0.5	40.0	4	True	50.0	30.0	-752.52685546875	-42.510543068028696	-171.74517822265625	11.47091233961942	-218.9815216064453	-5.5931289257044465	-502.61505126953125	-21.20690576898161	-43.09066390991211	23.81228256412397	-560.6767578125	-26.787744950511712	-156.8431396484375	-3.7359250450537766	-49.16798782348633	2.8332293435501428	0.0	0.0	0.0	0.0
13.966883659362793	1781096039.0	1781096039.4083009	5	25.0	29.0	12.0	8.0	NeuronSpectrum 10.06.2026 14:49:30	EEG	checkup_149_10.06.2026 14:49:30	500.0	504.6666666666667	True	0.5	40.0	4	True	50.0	30.0	-751.83642578125	-51.17975864073493	-171.51219177246094	9.813104620155677	-219.22120666503906	-8.551480478853058	-501.96038818359375	-26.52728607995443	-43.88835144042969	22.545334443392886	-561.2003173828125	-34.114094701174515	-156.9565887451172	-5.4271238624770195	-48.791717529296875	2.736396309529811	0.0	0.0	0.0	0.0
13.9668869972229	1781096039.0	1781096039.4083042	5	25.0	29.0	12.0	8.0	NeuronSpectrum 10.06.2026 14:49:30	EEG	checkup_149_10.06.2026 14:49:30	500.0	504.6666666666667	True	0.5	40.0	4	True	50.0	30.0	-757.0596923828125	-66.6056196541531	-171.9636993408203	7.007164481922242	-220.8638916015625	-13.18290774128582	-504.8659973144531	-36.15252803272365	-44.38669204711914	21.377971197006143	-565.5842895507812	-46.04582122594886	-158.04405212402344	-8.33015598648728	-48.9607048034668	2.0462645983881442	0.0	0.0	0.0	0.0
13.96688961982727	1781096039.0	1781096039.4083068	5	25.0	29.0	12.0	8.0	NeuronSpectrum 10.06.2026 14:49:30	EEG	checkup_149_10.06.2026 14:49:30	500.0	504.6666666666667	True	0.5	40.0	4	True	50.0	30.0	-767.0210571289062	-85.6713640219167	-172.8251953125	3.739301280094957	-223.61146545410156	-18.632582292433806	-510.5365295410156	-48.05373159238337	-44.56739044189453	20.447146990536506	-572.9566040039062	-60.31095735274793	-159.8056640625	-11.83492285621632	-49.5131950378418	0.9927372528883234	0.0	0.0	0.0	0.0
13.966891765594482	1781096039.0	1781096039.408309	5	25.0	29.0	12.0	8.0	NeuronSpectrum 10.06.2026 14:49:30	EEG	checkup_149_10.06.2026 14:49:30	500.0	504.6666666666667	True	0.5	40.0	4	True	50.0	30.0	-774.0640258789062	-104.9016737259489	-172.53416442871094	0.7386057921010722	-225.30917358398438	-23.957733778117856	-513.9788818359375	-59.97938461473524	-44.146785736083984	19.85972610323894	-577.7095336914062	-74.41389060217283	-160.65476989746094	-15.272923163187649	-49.84804153442383	-0.16479694254257368	0.0	0.0	0.0	0.0
13.966893672943115	1781096039.0	1781096039.408311	5	25.0	29.0	12.0	8.0	NeuronSpectrum 10.06.2026 14:49:30	EEG	checkup_149_10.06.2026 14:49:30	500.0	504.6666666666667	True	0.5	40.0	4	True	50.0	30.0	-768.146484375	-121.12618793535087	-169.12217712402344	-1.3685185254892078	-223.1302490234375	-28.312319193967703	-508.7071838378906	-69.89052405644856	-42.772926330566406	19.669315556487504	-572.5405883789062	-86.11679521274647	-158.58021545410156	-18.054220496429036	-49.235294342041016	-1.191001524187199	0.0	0.0	0.0	0.0
13.966895580291748	1781096039.0	1781096039.4083128	5	25.0	29.0	12.0	8.0	NeuronSpectrum 10.06.2026 14:49:30	EEG	checkup_149_10.06.2026 14:49:30	500.0	504.6666666666667	True	0.5	40.0	4	True	50.0	30.0	-746.6524658203125	-131.8871412730522	-162.2954559326172	-2.135939402813865	-216.40794372558594	-31.054921272840268	-493.19287109375	-76.22034009692177	-40.519744873046875	19.874166386388286	-555.7276611328125	-93.72362507218774	-153.1901397705078	-19.746028348225334	-47.50481414794922	-1.9063174853062899	0.0	0.0	0.0	0.0
13.96689748764038	1781096039.0	1781096039.4083147	5	25.0	29.0	12.0	8.0	NeuronSpectrum 10.06.2026 14:49:30	EEG	checkup_149_10.06.2026 14:49:30	500.0	504.6666666666667	True	0.5	40.0	4	True	50.0	30.0	-722.300048828125	-135.61462899009362	-155.06381225585938	-1.3159835671446405	-208.9029998779297	-31.787914209435296	-476.0270690917969	-77.97653788291521	-38.268157958984375	20.431307188201377	-536.965576171875	-96.18738407802903	-147.3408660888672	-20.09776342771324	-45.582786560058594	-2.197830114449099	0.0	0.0	0.0	0.0
13.966899156570435	1781096039.0	1781096039.4083164	5	25.0	29.0	12.0	8.0	NeuronSpectrum 10.06.2026 14:49:30	EEG	checkup_149_10.06.2026 14:49:30	500.0	504.6666666666667	True	0.5	40.0	4	True	50.0	30.0	-719.2227783203125	-131.68492891551418	-152.79393005371094	1.150508827704832	-207.64010620117188	-30.363272230785036	-473.2615051269531	-74.76720078342538	-37.44334411621094	21.276236193402294	-534.38623046875	-93.13104811607835	-146.26844787597656	-19.038664599935924	-45.19774627685547	-2.0182438093629806	0.0	0.0	0.0	0.0
13.966901302337646	1781096039.0	1781096039.4083185	5	25.0	29.0	12.0	8.0	NeuronSpectrum 10.06.2026 14:49:30	EEG	checkup_149_10.06.2026 14:49:30	500.0	504.6666666666667	True	0.5	40.0	4	True	50.0	30.0	-754.5932006835938	-120.47915742378815	-159.16404724121094	5.140239816635476	-217.56887817382812	-26.89125917279883	-496.2219543457031	-66.83220357474943	-38.98185729980469	22.33753852145435	-560.8267211914062	-84.87408444876701	-153.674072265625	-16.676065873321704	-47.586402893066406	-1.3833628584299817	0.0	0.0	0.0	0.0
13.9669029712677	1781096039.0	1781096039.4083202	5	25.0	29.0	12.0	8.0	NeuronSpectrum 10.06.2026 14:49:30	EEG	checkup_149_10.06.2026 14:49:30	500.0	504.6666666666667	True	0.5	40.0	4	True	50.0	30.0	-816.419921875	-103.47290942496475	-171.37127685546875	10.337957114097078	-235.14659118652344	-21.76305285777786	-536.8482055664062	-55.10363422455249	-42.12723159790039	23.541479974361657	-607.2813110351562	-72.49116604620842	-167.0124053955078	-13.304851462205558	-51.94368362426758	-0.3730611943510371	0.0	0.0	0.0	0.0
13.966904878616333	1781096039.0	1781096039.408322	5	25.0	29.0	12.0	8.0	NeuronSpectrum 10.06.2026 14:49:30	EEG	checkup_149_10.06.2026 14:49:30	500.0	504.6666666666667	True	0.5	40.0	4	True	50.0	30.0	-856.22412109375	-83.25789437982007	-178.65570068359375	16.230490177467612	-246.26275634765625	-15.660314464425342	-562.9235229492188	-41.23075233235258	-44.082550048828125	24.81016024402985	-637.4802856445312	-57.83148402191039	-175.94204711914062	-9.410771014959519	-54.911865234375	0.8685730496902785	0.0	0.0	0.0	0.0
13.966906547546387	1781096039.0	1781096039.4083238	5	25.0	29.0	12.0	8.0	NeuronSpectrum 10.06.2026 14:49:30	EEG	checkup_149_10.06.2026 14:49:30	500.0	504.6666666666667	True	0.5	40.0	4	True	50.0	30.0	-808.6160278320312	-63.31385247276242	-166.6988525390625	22.14406253558575	-231.96580505371094	-9.499890676972624	-531.1036376953125	-27.447836875511438	-41.16094970703125	26.06292471470728	-602.5338134765625	-43.363373885929555	-166.49085998535156	-5.631191216283598	-51.93601608276367	2.1451242136881685	0.0	0.0	0.0	0.0
13.96690845489502	1781096039.0	1781096039.4083257	5	25.0	29.0	12.0	8.0	NeuronSpectrum 10.06.2026 14:49:30	EEG	checkup_149_10.06.2026 14:49:30	500.0	504.6666666666667	True	0.5	40.0	4	True	50.0	30.0	-630.3988037109375	-47.40505582807777	-126.2105941772461	27.354579678358043	-179.82102966308594	-4.276853744509422	-412.8224792480469	-16.198168110867947	-30.994062423706055	27.229172122394843	-470.1213684082031	-31.74861568570867	-129.38311767578125	-2.6463050383599214	-39.97287368774414	3.240802625287149	0.0	0.0	0.0	0.0
13.966910123825073	1781096039.0	1781096039.4083273	5	25.0	29.0	12.0	8.0	NeuronSpectrum 10.06.2026 14:49:30	EEG	checkup_149_10.06.2026 14:49:30	500.0	504.6666666666667	True	0.5	40.0	4	True	50.0	30.0	-334.1385803222656	-38.68517295513737	-60.19806671142578	31.256438144480974	-93.61373901367188	-0.8282331029309498	-216.47491455078125	-9.564488207766084	-14.387345314025879	28.270574306817053	-249.53271484375	-25.205047821323987	-67.21427917480469	-1.0155392035356237	-19.821714401245117	3.970766251288951	0.0	0.0	0.0	0.0
13.966912031173706	1781096039.0	1781096039.4083292	5	25.0	29.0	12.0	8.0	NeuronSpectrum 10.06.2026 14:49:30	EEG	checkup_149_10.06.2026 14:49:30	500.0	504.6666666666667	True	0.5	40.0	4	True	50.0	30.0	-750.9456787109375	-38.83372465144419	-148.29400634765625	33.52408755314126	-213.36146545410156	0.3925248866768854	-490.7823791503906	-8.714203030594959	-36.349571228027344	29.198807612599467	-559.5283813476562	-24.89331418636085	-155.08937072753906	-1.0224642260201995	-48.0969123840332	4.229785924143011	0.0	0.0	0.0	0.0
13.96691370010376	1781096039.0	1781096039.408331	5	25.0	29.0	12.0	8.0	NeuronSpectrum 10.06.2026 14:49:30	EEG	checkup_149_10.06.2026 14:49:30	500.0	504.6666666666667	True	0.5	40.0	4	True	50.0	30.0	-750.6182861328125	-47.61162554705508	-145.7656707763672	34.18683434135579	-211.91970825195312	-0.5768772390771565	-489.42987060546875	-13.610801834535545	-35.148094177246094	30.072333138765035	-558.520751953125	-30.610966772335843	-155.06024169921875	-2.604078054920709	-47.673622131347656	4.0160207858605474	0.0	0.0	0.0	0.0
13.966915845870972	1781096039.0	1781096039.408333	5	25.0	29.0	12.0	8.0	NeuronSpectrum 10.06.2026 14:49:30	EEG	checkup_149_10.06.2026 14:49:30	500.0	504.6666666666667	True	0.5	40.0	4	True	50.0	30.0	-756.0113525390625	-63.02143995820429	-144.3441162109375	33.580975363647276	-211.84898376464844	-3.26622409687746	-492.12982177734375	-23.11129497007614	-33.878501892089844	30.967281854764103	-561.4774169921875	-40.927096785198565	-156.0515899658203	-5.397906280108567	-47.42146301269531	3.419714293980399	0.0	0.0	0.0	0.0
13.966917514801025	1781096039.0	1781096039.4083347	5	25.0	29.0	12.0	8.0	NeuronSpectrum 10.06.2026 14:49:30	EEG	checkup_149_10.06.2026 14:49:30	500.0	504.6666666666667	True	0.5	40.0	4	True	50.0	30.0	-765.9193725585938	-81.94157789616324	-143.8736114501953	32.21128216220335	-212.92578125	-6.9549732261987005	-498.31329345703125	-35.36280203494444	-32.501869201660156	31.934477122832813	-567.5780639648438	-53.65609829906309	-157.81568908691406	-8.874912851958197	-47.34526824951172	2.5867313288271276	0.0	0.0	0.0	0.0
13.966919422149658	1781096039.0	1781096039.4083366	5	25.0	29.0	12.0	8.0	NeuronSpectrum 10.06.2026 14:49:30	EEG	checkup_149_10.06.2026 14:49:30	500.0	504.6666666666667	True	0.5	40.0	4	True	50.0	30.0	-772.7171020507812	-100.91708897640076	-142.8284454345703	30.592968579548078	-213.0952606201172	-10.883452199835778	-503.001220703125	-48.29083382051232	-30.707324981689453	32.963465556332025	-571.2088623046875	-66.4320844112233	-158.76649475097656	-12.48920168343608	-47.07133483886719	1.6777148273332512	0.0	0.0	0.0	0.0
13.966921329498291	1781096039.0	1781096039.4083385	5	25.0	29.0	12.0	8.0	NeuronSpectrum 10.06.2026 14:49:30	EEG	checkup_149_10.06.2026 14:49:30	500.0	504.6666666666667	True	0.5	40.0	4	True	50.0	30.0	-766.443115234375	-116.8206208931434	-139.2183074951172	29.136486618487073	-209.66954040527344	-14.410699652345443	-499.5684814453125	-59.99482821259494	-28.149133682250977	33.970331177157334	-565.0486450195312	-77.17110073374607	-156.89723205566406	-15.785213443261464	-46.093421936035156	0.8397476065488014	0.0	0.0	0.0	0.0
13.966923236846924	1781096039.0	1781096039.4083405	5	25.0	29.0	12.0	8.0	NeuronSpectrum 10.06.2026 14:49:30	EEG	checkup_149_10.06.2026 14:49:30	500.0	504.6666666666667	True	0.5	40.0	4	True	50.0	30.0	-744.580322265625	-127.25187851843755	-132.73703002929688	28.1012029036417	-202.2123260498047	-17.08510533211598	-486.4113464355469	-68.9709551233652	-24.97209930419922	34.814426359325246	-547.4439086914062	-84.32668667005123	-151.9195098876953	-18.439410239408364	-44.37802505493164	0.19564300862878842	0.0	0.0	0.0	0.0
13.966925144195557	1781096039.0	1781096039.4083424	5	25.0	29.0	12.0	8.0	NeuronSpectrum 10.06.2026 14:49:30	EEG	checkup_149_10.06.2026 14:49:30	500.0	504.6666666666667	True	0.5	40.0	4	True	50.0	30.0	-719.927490234375	-130.7009210922522	-126.47350311279297	27.606952971752907	-194.8389434814453	-18.64286138622317	-472.3041076660156	-74.18733113274233	-22.2052059173584	35.33716386733846	-528.3236083984375	-86.96443174579561	-146.93495178222656	-20.249859250564988	-42.83457565307617	-0.15497995727380953	0.0	0.0	0.0	0.0
13.96692681312561	1781096039.0	1781096039.408344	5	25.0	29.0	12.0	8.0	NeuronSpectrum 10.06.2026 14:49:30	EEG	checkup_149_10.06.2026 14:49:30	500.0	504.6666666666667	True	0.5	40.0	4	True	50.0	30.0	-716.662109375	-126.59366135073368	-126.00142669677734	27.669696260642187	-194.977783203125	-18.978325106012246	-473.6755065917969	-75.09818010729268	-21.486387252807617	35.40806404773143	-526.1774291992188	-84.75280796997338	-147.47438049316406	-21.108682166751713	-43.01808166503906	-0.13422929435743472	0.0	0.0	0.0	0.0
13.966928958892822	1781096039.0	1781096039.4083462	5	25.0	29.0	12.0	8.0	NeuronSpectrum 10.06.2026 14:49:30	EEG	checkup_149_10.06.2026 14:49:30	500.0	504.6666666666667	True	0.5	40.0	4	True	50.0	30.0	-751.9759521484375	-115.34007328881243	-135.2706298828125	28.225712368085116	-207.81825256347656	-18.13105316704676	-502.0276794433594	-71.68263076555942	-23.983835220336914	34.96163974834745	-554.1257934570312	-77.96970296830827	-157.36639404296875	-20.992417496027816	-45.916664123535156	0.3060361651641943	0.0	0.0	0.0	0.0
13.966931104660034	1781096039.0	1781096039.4083483	5	25.0	29.0	12.0	8.0	NeuronSpectrum 10.06.2026 14:49:30	EEG	checkup_149_10.06.2026 14:49:30	500.0	504.6666666666667	True	0.5	40.0	4	True	50.0	30.0	-813.9011840820312	-98.41840317530935	-151.64633178710938	29.128414884693093	-229.634765625	-16.30651048154109	-548.7868041992188	-64.53155789717928	-29.10742950439453	34.01400259170692	-603.1165771484375	-67.55719306077036	-173.81829833984375	-19.983883413853377	-50.53691101074219	1.1648323821957616	0.0	0.0	0.0	0.0
13.966933012008667	1781096039.0	1781096039.4083502	5	25.0	29.0	12.0	8.0	NeuronSpectrum 10.06.2026 14:49:30	EEG	checkup_149_10.06.2026 14:49:30	500.0	504.6666666666667	True	0.5	40.0	4	True	50.0	30.0	-854.00390625	-78.39774976096425	-164.23312377929688	30.13328273457468	-245.5908660888672	-13.90487906861436	-580.3726806640625	-54.91329142809785	-34.05144119262695	32.65803935528982	-636.37255859375	-55.15530020617712	-185.84046936035156	-18.306292599648422	-53.504119873046875	2.370386808087019	0.0	0.0	0.0	0.0
13.96693468093872	1781096039.0	1781096039.408352	5	25.0	29.0	12.0	8.0	NeuronSpectrum 10.06.2026 14:49:30	EEG	checkup_149_10.06.2026 14:49:30	500.0	504.6666666666667	True	0.5	40.0	4	True	50.0	30.0	-806.9385986328125	-58.71698873855144	-158.1665802001953	30.909576643810457	-235.63145446777344	-11.502403295199336	-551.68115234375	-44.68803419410784	-34.85218811035156	31.04537294820951	-604.1743774414062	-42.97712606831957	-178.63717651367188	-16.326658668237883	-50.42913055419922	3.772523478676441	0.0	0.0	0.0	0.0
13.966936349868774	1781096039.0	1781096039.4083536	5	25.0	29.0	12.0	8.0	NeuronSpectrum 10.06.2026 14:49:30	EEG	checkup_149_10.06.2026 14:49:30	500.0	504.6666666666667	True	0.5	40.0	4	True	50.0	30.0	-629.4998168945312	-43.09240161603588	-123.2882080078125	31.111260647088773	-186.26673889160156	-9.740741215510951	-432.9023132324219	-35.97492913644564	-28.58308219909668	29.366119915752286	-473.42999267578125	-33.4232990260343	-142.2986602783203	-14.492260903328482	-38.513160705566406	5.162578534063902	0.0	0.0	0.0	0.0
13.966938018798828	1781096039.0	1781096039.4083552	5	25.0	29.0	12.0	8.0	NeuronSpectrum 10.06.2026 14:49:30	EEG	checkup_149_10.06.2026 14:49:30	500.0	504.6666666666667	True	0.5	40.0	4	True	50.0	30.0	-334.14483642578125	-34.63465407662965	-61.69563293457031	30.49916397112635	-100.74485778808594	-9.137493150343104	-232.5122528076172	-30.61582579406964	-15.322320938110352	27.83149454235059	-253.11842346191406	-28.48580648990882	-79.2503662109375	-13.20561731069728	-18.722957611083984	6.320198154205756	0.0	0.0	0.0	0.0
14.017807006835938	1781096039.0	1781096039.4592242	5	25.0	29.0	12.0	8.0	NeuronSpectrum 10.06.2026 14:49:30	EEG	checkup_149_10.06.2026 14:49:30	500.0	504.6666666666667	True	0.5	40.0	4	True	50.0	30.0	-750.6895141601562	-34.99488779377902	-154.46136474609375	29.057427613416912	-226.44947814941406	-9.899805714014244	-516.0831909179688	-29.64247955507625	-39.35718536376953	26.654841381777707	-568.000244140625	-29.168582626221458	-170.18157958984375	-12.694140527254447	-44.723514556884766	7.069134628813221	0.0	0.0	0.0	0.0
14.017812490463257	1781096039.0	1781096039.4592297	5	25.0	29.0	12.0	8.0	NeuronSpectrum 10.06.2026 14:49:30	EEG	checkup_149_10.06.2026 14:49:30	500.0	504.6666666666667	True	0.5	40.0	4	True	50.0	30.0	-750.495849609375	-43.924746433796386	-154.76718139648438	27.033593941807556	-225.6414031982422	-11.842359629483182	-513.0772094726562	-32.999804357350214	-39.449893951416016	26.02376047473524	-567.1327514648438	-35.20124036029259	-168.10025024414062	-12.946215170014538	-43.43581008911133	7.3175137742715375	0.0	0.0	0.0	0.0
14.017814874649048	1781096039.0	1781096039.459232	5	25.0	29.0	12.0	8.0	NeuronSpectrum 10.06.2026 14:49:30	EEG	checkup_149_10.06.2026 14:49:30	500.0	504.6666666666667	True	0.5	40.0	4	True	50.0	30.0	-755.8978271484375	-59.435051495824915	-154.43214416503906	24.87305882457694	-224.54513549804688	-14.454317411117188	-512.1902465820312	-39.644979489869385	-38.23954772949219	26.064223332284584	-568.7903442382812	-45.174783822557856	-165.83303833007812	-13.745969639672175	-42.56138229370117	7.068407475441684	0.0	0.0	0.0	0.0
14.017816543579102	1781096039.0	1781096039.4592338	5	25.0	29.0	12.0	8.0	NeuronSpectrum 10.06.2026 14:49:30	EEG	checkup_149_10.06.2026 14:49:30	500.0	504.6666666666667	True	0.5	40.0	4	True	50.0	30.0	-765.7622680664062	-78.42348933720535	-153.43618774414062	23.08249540018299	-223.25714111328125	-17.071701323110073	-513.2313842773438	-47.93341734433988	-35.93045425415039	26.80930384690208	-572.5233154296875	-56.997291706546115	-163.70965576171875	-14.776832753079669	-42.26237106323242	6.404668226847452	0.0	0.0	0.0	0.0
14.017818450927734	1781096039.0	1781096039.4592357	5	25.0	29.0	12.0	8.0	NeuronSpectrum 10.06.2026 14:49:30	EEG	checkup_149_10.06.2026 14:49:30	500.0	504.6666666666667	True	0.5	40.0	4	True	50.0	30.0	-772.54345703125	-97.45658182498072	-150.74903869628906	22.091003739617864	-220.343017578125	-19.0637710314842	-511.9290466308594	-56.082956880836264	-32.71521759033203	28.18844041584885	-573.4190063476562	-68.43560992907253	-160.84066772460938	-15.73086194513448	-42.23822784423828	5.462641882056426	0.0	0.0	0.0	0.0
14.017820119857788	1781096039.0	1781096039.4592373	5	25.0	29.0	12.0	8.0	NeuronSpectrum 10.06.2026 14:49:30	EEG	checkup_149_10.06.2026 14:49:30	500.0	504.6666666666667	True	0.5	40.0	4	True	50.0	30.0	-766.3406982421875	-113.42253496248124	-145.03822326660156	22.164439661013674	-213.8148193359375	-19.95843100083564	-502.4969482421875	-62.53492060243265	-28.813501358032227	30.04499166727361	-564.931640625	-77.53973377738731	-155.8307647705078	-16.373997994101472	-41.93840408325195	4.4073682437665855	0.0	0.0	0.0	0.0
14.017822265625	1781096039.0	1781096039.4592395	5	25.0	29.0	12.0	8.0	NeuronSpectrum 10.06.2026 14:49:30	EEG	checkup_149_10.06.2026 14:49:30	500.0	504.6666666666667	True	0.5	40.0	4	True	50.0	30.0	-744.6624145507812	-123.9257129495311	-136.48345947265625	23.389632643425337	-203.67491149902344	-19.482549001802393	-483.9823913574219	-66.13927326001604	-24.698745727539062	32.17701377245728	-545.8775024414062	-82.86724934088555	-148.72360229492188	-16.554723718404126	-41.16153335571289	3.413400502912859	0.0	0.0	0.0	0.0
14.017823696136475	1781096039.0	1781096039.459241	5	25.0	29.0	12.0	8.0	NeuronSpectrum 10.06.2026 14:49:30	EEG	checkup_149_10.06.2026 14:49:30	500.0	504.6666666666667	True	0.5	40.0	4	True	50.0	30.0	-720.2937622070312	-127.44920990119269	-128.21060180664062	25.708805797699057	-193.95497131347656	-17.540724605731867	-465.3681335449219	-66.19727340876257	-21.261362075805664	34.38638135950917	-526.0543823242188	-83.54325345430179	-142.57916259765625	-16.177647710057922	-40.564945220947266	2.6479736557437814	0.0	0.0	0.0	0.0
14.017825603485107	1781096039.0	1781096039.4592428	5	25.0	29.0	12.0	8.0	NeuronSpectrum 10.06.2026 14:49:30	EEG	checkup_149_10.06.2026 14:49:30	500.0	504.6666666666667	True	0.5	40.0	4	True	50.0	30.0	-717.3657836914062	-123.403558477734	-125.39734649658203	28.96528997005615	-191.5335235595703	-14.180767509025008	-462.869384765625	-62.45395959030646	-19.572044372558594	36.51829903101773	-523.2584838867188	-79.25702808548468	-142.5756072998047	-15.179976595101182	-41.454837799072266	2.2504983677763204	0.0	0.0	0.0	0.0
14.017827272415161	1781096039.0	1781096039.4592445	5	25.0	29.0	12.0	8.0	NeuronSpectrum 10.06.2026 14:49:30	EEG	checkup_149_10.06.2026 14:49:30	500.0	504.6666666666667	True	0.5	40.0	4	True	50.0	30.0	-753.0	-112.18057273027111	-131.5494384765625	32.92480948163792	-201.0248260498047	-9.589198660961676	-487.69622802734375	-55.12767319807115	-20.175243377685547	38.47743730718965	-549.8028564453125	-70.2917591035493	-152.07867431640625	-13.542848316926978	-44.6810302734375	2.3050921670298545	0.0	0.0	0.0	0.0
14.017829179763794	1781096039.0	1781096039.4592464	5	25.0	29.0	12.0	8.0	NeuronSpectrum 10.06.2026 14:49:30	EEG	checkup_149_10.06.2026 14:49:30	500.0	504.6666666666667	True	0.5	40.0	4	True	50.0	30.0	-815.1480102539062	-95.24352990901833	-144.0825958251953	37.2606338097371	-218.69630432128906	-4.1278291509955185	-531.3584594726562	-44.997525391525855	-22.3219051361084	40.216820447407144	-596.3458251953125	-57.61109535742886	-167.95962524414062	-11.343025638264502	-49.2939453125	2.8101770213881485	0.0	0.0	0.0	0.0
14.017830848693848	1781096039.0	1781096039.459248	5	25.0	29.0	12.0	8.0	NeuronSpectrum 10.06.2026 14:49:30	EEG	checkup_149_10.06.2026 14:49:30	500.0	504.6666666666667	True	0.5	40.0	4	True	50.0	30.0	-855.302001953125	-75.15411021857433	-152.9415740966797	41.52468905680196	-230.58621215820312	1.621990303122589	-560.9365844726562	-33.4748580490674	-23.825464248657227	41.70750170000632	-626.718017578125	-42.92239545354588	-179.16790771484375	-8.815178604434365	-52.12944412231445	3.6576591646216023	0.0	0.0	0.0	0.0
14.01783275604248	1781096039.0	1781096039.45925	5	25.0	29.0	12.0	8.0	NeuronSpectrum 10.06.2026 14:49:30	EEG	checkup_149_10.06.2026 14:49:30	500.0	504.6666666666667	True	0.5	40.0	4	True	50.0	30.0	-808.0768432617188	-55.35287939783297	-144.6342010498047	45.1501752638886	-218.11231994628906	6.870189375861356	-532.2770385742188	-22.523370484892006	-21.945640563964844	42.90567794440767	-592.4942016601562	-28.56952671027034	-171.11309814453125	-6.371995765683265	-49.06624221801758	4.6380630746486515	0.0	0.0	0.0	0.0
14.017834424972534	1781096039.0	1781096039.4592516	5	25.0	29.0	12.0	8.0	NeuronSpectrum 10.06.2026 14:49:30	EEG	checkup_149_10.06.2026 14:49:30	500.0	504.6666666666667	True	0.5	40.0	4	True	50.0	30.0	-630.2881469726562	-39.56556357983656	-110.16819763183594	47.5241780054293	-169.06089782714844	10.733700309114068	-416.1574401855469	-14.327314004041733	-14.963142395019531	43.73440633111028	-461.81365966796875	-17.146952081781404	-134.22486877441406	-4.539554576409471	-37.48185729980469	5.481756557947538	0.0	0.0	0.0	0.0
14.017836332321167	1781096039.0	1781096039.4592535	5	25.0	29.0	12.0	8.0	NeuronSpectrum 10.06.2026 14:49:30	EEG	checkup_149_10.06.2026 14:49:30	500.0	504.6666666666667	True	0.5	40.0	4	True	50.0	30.0	-334.48992919921875	-30.9166663764032	-51.8424186706543	48.12724359950598	-86.94432067871094	12.447222590561015	-220.7044219970703	-10.74825176219444	-3.4575154781341553	44.088448458542096	-244.0110626220703	-10.882565945291912	-71.24629974365234	-3.8122031811853447	-18.327735900878906	5.929867050691091	0.0	0.0	0.0	0.0
14.01783800125122	1781096039.0	1781096039.4592552	5	25.0	29.0	12.0	8.0	NeuronSpectrum 10.06.2026 14:49:30	EEG	checkup_149_10.06.2026 14:49:30	500.0	504.6666666666667	True	0.5	40.0	4	True	50.0	30.0	-751.0314331054688	-31.071675662832924	-135.6700897216797	46.68560225075424	-202.52276611328125	11.587704533720727	-499.10333251953125	-12.775531645122275	-18.583160400390625	43.85802712172219	-549.7460327148438	-11.017736500171306	-160.7289276123047	-4.487517124349175	-44.55211639404297	5.810354759138867	0.0	0.0	0.0	0.0
14.017839670181274	1781096039.0	1781096039.459257	5	25.0	29.0	12.0	8.0	NeuronSpectrum 10.06.2026 14:49:30	EEG	checkup_149_10.06.2026 14:49:30	500.0	504.6666666666667	True	0.5	40.0	4	True	50.0	30.0	-750.67626953125	-39.79408525371911	-136.12088012695312	43.26270767496991	-202.56617736816406	8.20655225097666	-499.51422119140625	-20.225765568198412	-18.091115951538086	42.95921452016043	-548.4758911132812	-17.46708178433262	-159.98782348632812	-6.562330586225789	-44.51392364501953	5.088769337891229	0.0	0.0	0.0	0.0
14.017841339111328	1781096039.0	1781096039.4592586	5	25.0	29.0	12.0	8.0	NeuronSpectrum 10.06.2026 14:49:30	EEG	checkup_149_10.06.2026 14:49:30	500.0	504.6666666666667	True	0.5	40.0	4	True	50.0	30.0	-756.0031127929688	-55.10268691149061	-138.12265014648438	38.249977159290474	-204.5906219482422	2.8129414184542103	-503.60052490234375	-31.81975506839428	-18.316308975219727	41.36010996609804	-551.5533447265625	-28.899226147178332	-160.2648468017578	-9.734278568818674	-45.111385345458984	3.87572055433017	0.0	0.0	0.0	0.0
14.017843246459961	1781096039.0	1781096039.4592605	5	25.0	29.0	12.0	8.0	NeuronSpectrum 10.06.2026 14:49:30	EEG	checkup_149_10.06.2026 14:49:30	500.0	504.6666666666667	True	0.5	40.0	4	True	50.0	30.0	-765.85498046875	-73.89935683215495	-141.71856689453125	32.27382911773097	-208.4122772216797	-3.765326800003908	-510.8573913574219	-45.56046640479301	-19.539228439331055	39.09869588180251	-558.5123901367188	-43.15304235004833	-161.62086486816406	-13.490757357939293	-46.229713439941406	2.394484285251707	0.0	0.0	0.0	0.0
14.017844915390015	1781096039.0	1781096039.4592621	5	25.0	29.0	12.0	8.0	NeuronSpectrum 10.06.2026 14:49:30	EEG	checkup_149_10.06.2026 14:49:30	500.0	504.6666666666667	True	0.5	40.0	4	True	50.0	30.0	-772.6535034179688	-92.751838554046	-145.45225524902344	26.070217257203282	-211.92584228515625	-10.566988897754543	-516.4098510742188	-59.214174208276006	-21.606990814208984	36.29239250841382	-564.0315551757812	-57.76995078876773	-162.7237091064453	-17.229987742749085	-47.28571319580078	0.9265902184207875	0.0	0.0	0.0	0.0
14.017846584320068	1781096039.0	1781096039.4592638	5	25.0	29.0	12.0	8.0	NeuronSpectrum 10.06.2026 14:49:30	EEG	checkup_149_10.06.2026 14:49:30	500.0	504.6666666666667	True	0.5	40.0	4	True	50.0	30.0	-766.47119140625	-108.5472138684127	-147.1499786376953	20.372180185214578	-212.2374725341797	-16.659295688634735	-513.6677856445312	-70.71663531616781	-24.045574188232422	33.138361132517936	-560.8475952148438	-70.4452724884122	-161.63088989257812	-20.365089412923947	-47.50021743774414	-0.24551968041757616	0.0	0.0	0.0	0.0
14.017848014831543	1781096039.0	1781096039.4592652	5	25.0	29.0	12.0	8.0	NeuronSpectrum 10.06.2026 14:49:30	EEG	checkup_149_10.06.2026 14:49:30	500.0	504.6666666666667	True	0.5	40.0	4	True	50.0	30.0	-744.7887573242188	-118.88624154377626	-145.96290588378906	15.828890424805667	-208.417724609375	-21.246689407993003	-500.79840087890625	-78.42523760695414	-26.496089935302734	29.90107621209741	-546.9129638671875	-79.31156776762077	-157.73947143554688	-22.39171246464416	-46.52307891845703	-0.8864787577784287	0.0	0.0	0.0	0.0
14.017849922180176	1781096039.0	1781096039.4592671	5	25.0	29.0	12.0	8.0	NeuronSpectrum 10.06.2026 14:49:30	EEG	checkup_149_10.06.2026 14:49:30	500.0	504.6666666666667	True	0.5	40.0	4	True	50.0	30.0	-720.3460083007812	-122.24505131703894	-144.0846710205078	12.949379202983588	-203.7398681640625	-23.734388285725682	-485.9753112792969	-81.23667885794788	-29.125036239624023	26.883401096222574	-531.2151489257812	-83.07586047814713	-153.37669372558594	-22.92765552405993	-44.952510833740234	-0.8422666659266596	0.0	0.0	0.0	0.0
14.01785159111023	1781096039.0	1781096039.4592688	5	25.0	29.0	12.0	8.0	NeuronSpectrum 10.06.2026 14:49:30	EEG	checkup_149_10.06.2026 14:49:30	500.0	504.6666666666667	True	0.5	40.0	4	True	50.0	30.0	-717.2147216796875	-118.02281459696127	-146.05902099609375	12.05206739053273	-204.63259887695312	-23.775566480382487	-484.8400573730469	-78.64537942837903	-32.5328369140625	24.38051809359376	-530.9802856445312	-81.09366158159608	-153.0584716796875	-21.74652177610525	-44.15113067626953	-0.06182214210243661	0.0	0.0	0.0	0.0
14.017853260040283	1781096039.0	1781096039.4592705	5	25.0	29.0	12.0	8.0	NeuronSpectrum 10.06.2026 14:49:30	EEG	checkup_149_10.06.2026 14:49:30	500.0	504.6666666666667	True	0.5	40.0	4	True	50.0	30.0	-752.4830932617188	-106.59531166992167	-155.0904083251953	13.206163388990209	-215.61317443847656	-21.3272036440972	-508.43548583984375	-70.81425466832064	-37.014739990234375	22.622034046241417	-558.3178100585938	-73.45796638399601	-159.90237426757812	-18.823050189438344	-45.18827438354492	1.391505934492961	0.0	0.0	0.0	0.0
14.017854928970337	1781096039.0	1781096039.4592721	5	25.0	29.0	12.0	8.0	NeuronSpectrum 10.06.2026 14:49:30	EEG	checkup_149_10.06.2026 14:49:30	500.0	504.6666666666667	True	0.5	40.0	4	True	50.0	30.0	-814.154541015625	-89.40652122966303	-168.52784729003906	16.17129882543417	-233.16123962402344	-16.713305334439127	-548.6297607421875	-58.66896678397675	-41.64373016357422	21.714839507797677	-604.0790405273438	-61.11376518119374	-171.31124877929688	-14.387180965797304	-47.522422790527344	3.3388902231638555	0.0	0.0	0.0	0.0
14.01785683631897	1781096039.0	1781096039.459274	5	25.0	29.0	12.0	8.0	NeuronSpectrum 10.06.2026 14:49:30	EEG	checkup_149_10.06.2026 14:49:30	500.0	504.6666666666667	True	0.5	40.0	4	True	50.0	30.0	-853.88525390625	-68.99919619036955	-176.37921142578125	20.367557095996396	-243.73226928710938	-10.658207655526036	-573.3678588867188	-43.9402498501017	-44.02001953125	21.604875125979298	-632.6071166992188	-45.91261177903055	-177.6178741455078	-8.957282693315285	-48.523948669433594	5.50032723664107	0.0	0.0	0.0	0.0
14.017858505249023	1781096039.0	1781096039.4592757	5	25.0	29.0	12.0	8.0	NeuronSpectrum 10.06.2026 14:49:30	EEG	checkup_149_10.06.2026 14:49:30	500.0	504.6666666666667	True	0.5	40.0	4	True	50.0	30.0	-806.5145263671875	-48.80102164170972	-165.34365844726562	24.921058018513044	-229.23533630371094	-4.232097712909328	-539.6539306640625	-29.026029770876363	-41.21887969970703	22.075731459620286	-596.14697265625	-30.46370709002111	-166.02249145507812	-3.3084479222532788	-44.56012725830078	7.531526261713554	0.0	0.0	0.0	0.0
14.017860174179077	1781096039.0	1781096039.4592774	5	25.0	29.0	12.0	8.0	NeuronSpectrum 10.06.2026 14:49:30	EEG	checkup_149_10.06.2026 14:49:30	500.0	504.6666666666667	True	0.5	40.0	4	True	50.0	30.0	-629.0211181640625	-32.53741480275768	-126.84078216552734	28.812587937889266	-177.89756774902344	1.3292643943865428	-419.3517150878906	-16.58606398460422	-31.57164192199707	22.792739005189965	-463.4716491699219	-17.684431662904316	-128.3057861328125	1.6529768742093294	-33.233699798583984	9.085520295177638	0.0	0.0	0.0	0.0
14.01786184310913	1781096039.0	1781096039.459279	5	25.0	29.0	12.0	8.0	NeuronSpectrum 10.06.2026 14:49:30	EEG	checkup_149_10.06.2026 14:49:30	500.0	504.6666666666667	True	0.5	40.0	4	True	50.0	30.0	-333.9383850097656	-23.350342381493586	-63.86067199707031	31.1069500388692	-93.53482818603516	4.905240497921319	-221.24119567871094	-8.925327689962492	-16.114593505859375	23.384023902196407	-244.3495330810547	-10.113535263443902	-67.34062957763672	5.090770715496009	-15.32480525970459	9.88828120714882	0.0	0.0	0.0	0.0
14.068729877471924	1781096039.0	1781096039.510147	5	25.0	29.0	12.0	8.0	NeuronSpectrum 10.06.2026 14:49:30	EEG	checkup_149_10.06.2026 14:49:30	500.0	504.6666666666667	True	0.5	40.0	4	True	50.0	30.0	-748.6338500976562	-22.941826900785728	-150.48492431640625	31.18603533658901	-208.48780822753906	5.774733157053359	-495.1296691894531	-7.3853772422494375	-35.766456604003906	23.532820541246515	-549.243408203125	-9.231775906403538	-148.99166870117188	6.446208020525326	-40.218448638916016	9.804359565453646	0.0	0.0	0.0	0.0
14.068734407424927	1781096039.0	1781096039.5101516	5	25.0	29.0	12.0	8.0	NeuronSpectrum 10.06.2026 14:49:30	EEG	checkup_149_10.06.2026 14:49:30	500.0	504.6666666666667	True	0.5	40.0	4	True	50.0	30.0	-747.76025390625	-31.126596302176612	-150.78277587890625	28.892955853881354	-207.716064453125	3.786733664322674	-493.598388671875	-12.008594154258786	-35.680419921875	23.049530663089566	-548.3704833984375	-15.085569199209758	-147.8529815673828	5.566057434477649	-40.930328369140625	8.866777462875007	0.0	0.0	0.0	0.0
14.068736791610718	1781096039.0	1781096039.510154	5	25.0	29.0	12.0	8.0	NeuronSpectrum 10.06.2026 14:49:30	EEG	checkup_149_10.06.2026 14:49:30	500.0	504.6666666666667	True	0.5	40.0	4	True	50.0	30.0	-752.567138671875	-45.979600560987706	-153.47933959960938	24.53732833334252	-209.52244567871094	-0.64497581429513	-496.7840576171875	-21.607732444429736	-36.695682525634766	21.902570850715815	-552.6701049804688	-26.36163909508759	-148.7819366455078	2.705606223776028	-42.343360900878906	7.259971899250511	0.0	0.0	0.0	0.0
14.068738460540771	1781096039.0	1781096039.5101557	5	25.0	29.0	12.0	8.0	NeuronSpectrum 10.06.2026 14:49:30	EEG	checkup_149_10.06.2026 14:49:30	500.0	504.6666666666667	True	0.5	40.0	4	True	50.0	30.0	-761.9977416992188	-64.45121203542568	-158.15806579589844	18.781032721679644	-213.5918731689453	-6.694909389710304	-503.9130859375	-34.16266715036699	-38.627464294433594	20.206183044922284	-561.226806640625	-40.82612293191971	-151.6030731201172	-1.5743123357633493	-44.174461364746094	5.2659199722956025	0.0	0.0	0.0	0.0
14.068740129470825	1781096039.0	1781096039.5101573	5	25.0	29.0	12.0	8.0	NeuronSpectrum 10.06.2026 14:49:30	EEG	checkup_149_10.06.2026 14:49:30	500.0	504.6666666666667	True	0.5	40.0	4	True	50.0	30.0	-768.5828247070312	-83.13851826992041	-162.73443603515625	12.46760443076041	-217.49819946289062	-13.34289965818335	-509.7022399902344	-47.33960642648541	-40.720516204833984	18.178019686776633	-568.1307983398438	-55.90022528453116	-154.55624389648438	-6.557192930914748	-45.71799850463867	3.196559069863065	0.0	0.0	0.0	0.0
14.068741798400879	1781096039.0	1781096039.510159	5	25.0	29.0	12.0	8.0	NeuronSpectrum 10.06.2026 14:49:30	EEG	checkup_149_10.06.2026 14:49:30	500.0	504.6666666666667	True	0.5	40.0	4	True	50.0	30.0	-762.4713745117188	-98.93200276522941	-164.4959259033203	6.457242142153734	-217.96385192871094	-19.57513698259477	-507.14892578125	-58.94401406293609	-42.00221633911133	16.08354921101563	-565.6010131835938	-69.16188940116538	-155.21961975097656	-11.511190756768425	-46.16574478149414	1.3345344003599364	0.0	0.0	0.0	0.0
14.068743705749512	1781096039.0	1781096039.510161	5	25.0	29.0	12.0	8.0	NeuronSpectrum 10.06.2026 14:49:30	EEG	checkup_149_10.06.2026 14:49:30	500.0	504.6666666666667	True	0.5	40.0	4	True	50.0	30.0	-741.1487426757812	-109.40979550302319	-162.48101806640625	1.5013485743563217	-213.8833465576172	-24.528182624235836	-494.2244873046875	-67.21632727305429	-42.02610397338867	14.181088303616889	-551.4257202148438	-78.67176876013323	-152.77291870117188	-15.791186279160254	-45.290306091308594	-0.10550947579957537	0.0	0.0	0.0	0.0
14.068745374679565	1781096039.0	1781096039.5101626	5	25.0	29.0	12.0	8.0	NeuronSpectrum 10.06.2026 14:49:30	EEG	checkup_149_10.06.2026 14:49:30	500.0	504.6666666666667	True	0.5	40.0	4	True	50.0	30.0	-717.2716064453125	-113.00581672292759	-159.40325927734375	-1.840033751364115	-208.80140686035156	-27.575883894260073	-479.3080749511719	-70.98000335707871	-41.48133850097656	12.675418456767225	-534.9823608398438	-83.13397046410266	-149.8688201904297	-18.903113302716957	-43.97685623168945	-0.9940069730250547	0.0	0.0	0.0	0.0
14.06874704360962	1781096039.0	1781096039.5101643	5	25.0	29.0	12.0	8.0	NeuronSpectrum 10.06.2026 14:49:30	EEG	checkup_149_10.06.2026 14:49:30	500.0	504.6666666666667	True	0.5	40.0	4	True	50.0	30.0	-714.7640380859375	-109.068280446584	-160.7903594970703	-3.253853798223156	-209.82449340820312	-28.384097901009998	-478.6210632324219	-69.7114486037825	-41.98558044433594	11.68264535051479	-534.353515625	-81.9695191487049	-151.82550048828125	-20.54875428368009	-43.941802978515625	-1.2887184438396198	0.0	0.0	0.0	0.0
14.068748712539673	1781096039.0	1781096039.510166	5	25.0	29.0	12.0	8.0	NeuronSpectrum 10.06.2026 14:49:30	EEG	checkup_149_10.06.2026 14:49:30	500.0	504.6666666666667	True	0.5	40.0	4	True	50.0	30.0	-750.562255859375	-97.9251149866739	-170.70713806152344	-2.720392725550383	-222.12945556640625	-26.95918284020563	-503.8358459472656	-63.60318644577183	-44.85991668701172	11.206431533301252	-562.530517578125	-75.38312260618095	-162.4886474609375	-20.66931547753784	-46.46898651123047	-1.0311274540787945	0.0	0.0	0.0	0.0
14.068750619888306	1781096039.0	1781096039.5101678	5	25.0	29.0	12.0	8.0	NeuronSpectrum 10.06.2026 14:49:30	EEG	checkup_149_10.06.2026 14:49:30	500.0	504.6666666666667	True	0.5	40.0	4	True	50.0	30.0	-812.5796508789062	-80.98499588929702	-186.5320281982422	-0.5512745268002813	-242.24383544921875	-23.693008492509314	-547.0164794921875	-53.63568810067095	-49.5792121887207	11.12720672690591	-610.6717529296875	-64.44184329951295	-179.1460723876953	-19.488252881082122	-50.88225555419922	-0.34182035843176345	0.0	0.0	0.0	0.0
14.06875205039978	1781096039.0	1781096039.5101693	5	25.0	29.0	12.0	8.0	NeuronSpectrum 10.06.2026 14:49:30	EEG	checkup_149_10.06.2026 14:49:30	500.0	504.6666666666667	True	0.5	40.0	4	True	50.0	30.0	-852.4796142578125	-60.772566961586655	-197.15989685058594	2.6057482596594888	-255.7431640625	-19.372201228307066	-575.5521850585938	-41.58928550121175	-53.16117858886719	11.21004736711173	-642.4857177734375	-51.09055024322958	-190.76947021484375	-17.5272907923514	-54.014625549316406	0.588296322802434	0.0	0.0	0.0	0.0
14.068753719329834	1781096039.0	1781096039.510171	5	25.0	29.0	12.0	8.0	NeuronSpectrum 10.06.2026 14:49:30	EEG	checkup_149_10.06.2026 14:49:30	500.0	504.6666666666667	True	0.5	40.0	4	True	50.0	30.0	-805.1882934570312	-40.71378144679486	-187.4716033935547	5.835490011737395	-243.0381317138672	-15.098261667392466	-545.2700805664062	-29.875151113924527	-51.35028839111328	11.139034838190945	-608.8297119140625	-37.96991794826021	-182.39044189453125	-15.553785642907249	-51.48976135253906	1.5200651171766646	0.0	0.0	0.0	0.0
14.068755626678467	1781096039.0	1781096039.5101728	5	25.0	29.0	12.0	8.0	NeuronSpectrum 10.06.2026 14:49:30	EEG	checkup_149_10.06.2026 14:49:30	500.0	504.6666666666667	True	0.5	40.0	4	True	50.0	30.0	-627.7947387695312	-24.543506963465028	-147.39700317382812	8.122062362352878	-191.0943603515625	-12.084801990813313	-426.8194580078125	-21.1046950104276	-41.17232131958008	10.580677380330352	-477.0491943359375	-27.946559647452105	-144.0079803466797	-14.432757941928838	-40.335105895996094	2.208202557390115	0.0	0.0	0.0	0.0
14.0687575340271	1781096039.0	1781096039.5101748	5	25.0	29.0	12.0	8.0	NeuronSpectrum 10.06.2026 14:49:30	EEG	checkup_149_10.06.2026 14:49:30	500.0	504.6666666666667	True	0.5	40.0	4	True	50.0	30.0	-332.9064636230469	-15.417020678809036	-79.75565338134766	8.588255649875537	-103.56684875488281	-11.362502953902206	-228.4187469482422	-17.45947635133727	-23.223697662353516	9.265367031789653	-256.265380859375	-23.422600580833357	-78.33587646484375	-14.906137641513986	-21.256628036499023	2.4580583015940287	0.0	0.0	0.0	0.0
14.119719505310059	1781096039.0	1781096039.5611367	5	25.0	29.0	12.0	8.0	NeuronSpectrum 10.06.2026 14:49:30	EEG	checkup_149_10.06.2026 14:49:30	500.0	504.6666666666667	True	0.5	40.0	4	True	50.0	30.0	-746.9901123046875	-15.046625352450594	-179.22622680664062	6.726598204545584	-231.74954223632812	-13.494421665328899	-513.5346069335938	-20.08542397437517	-52.88958740234375	7.061393578999434	-572.3072509765625	-25.67119297072949	-176.33583068847656	-17.376929863591137	-49.20149230957031	2.1771482484315845	0.0	0.0	0.0	0.0
14.11972451210022	1781096039.0	1781096039.5611417	5	25.0	29.0	12.0	8.0	NeuronSpectrum 10.06.2026 14:49:30	EEG	checkup_149_10.06.2026 14:49:30	500.0	504.6666666666667	True	0.5	40.0	4	True	50.0	30.0	-746.1981811523438	-23.249951826748084	-181.57823181152344	2.5272916988061196	-234.0894775390625	-18.422587843857162	-516.4297485351562	-28.77735460347267	-55.391876220703125	4.013600332133447	-574.6082153320312	-34.49146644777552	-178.84722900390625	-21.7904436911387	-49.300811767578125	1.398065147971288	0.0	0.0	0.0	0.0
14.119726657867432	1781096039.0	1781096039.5611439	5	25.0	29.0	12.0	8.0	NeuronSpectrum 10.06.2026 14:49:30	EEG	checkup_149_10.06.2026 14:49:30	500.0	504.6666666666667	True	0.5	40.0	4	True	50.0	30.0	-751.2263793945312	-38.09685558084989	-185.3776092529297	-3.543123559644625	-238.22312927246094	-25.504506418326823	-523.155029296875	-42.08139222593674	-58.3907356262207	0.3338416967684068	-581.0496215820312	-48.323311387936855	-182.55796813964844	-27.657874239571267	-49.57169723510742	0.26261587120678065	0.0	0.0	0.0	0.0
14.119728565216064	1781096039.0	1781096039.5611458	5	25.0	29.0	12.0	8.0	NeuronSpectrum 10.06.2026 14:49:30	EEG	checkup_149_10.06.2026 14:49:30	500.0	504.6666666666667	True	0.5	40.0	4	True	50.0	30.0	-760.972412109375	-56.5277299401655	-190.29185485839844	-10.683229049447666	-243.6904296875	-33.70139766066177	-532.7152709960938	-57.72705815640948	-61.658260345458984	-3.647326808808181	-590.6398315429688	-64.72357992096312	-187.08441162109375	-34.19430169596997	-50.0140380859375	-1.0228101622608734	0.0	0.0	0.0	0.0
14.119730472564697	1781096039.0	1781096039.5611477	5	25.0	29.0	12.0	8.0	NeuronSpectrum 10.06.2026 14:49:30	EEG	checkup_149_10.06.2026 14:49:30	500.0	504.6666666666667	True	0.5	40.0	4	True	50.0	30.0	-767.8878173828125	-75.13044889446223	-194.4940185546875	-17.94461579544778	-248.1189422607422	-41.82268802974237	-539.8662719726562	-73.17337752641276	-64.54454040527344	-7.5451641054048775	-597.636962890625	-80.96472703785248	-190.65023803710938	-40.499674097192916	-50.22877883911133	-2.2393761914560697	0.0	0.0	0.0	0.0
14.11973237991333	1781096039.0	1781096039.5611496	5	25.0	29.0	12.0	8.0	NeuronSpectrum 10.06.2026 14:49:30	EEG	checkup_149_10.06.2026 14:49:30	500.0	504.6666666666667	True	0.5	40.0	4	True	50.0	30.0	-762.0294799804688	-90.7931648390189	-195.59780883789062	-24.39916188503756	-248.44007873535156	-48.739789492513665	-537.8504638671875	-86.07377831846003	-66.26387786865234	-10.980742888601629	-594.5842895507812	-94.54038108822523	-190.99354553222656	-45.717639184926824	-49.6464958190918	-3.1971786526806554	0.0	0.0	0.0	0.0
14.119734287261963	1781096039.0	1781096039.5611515	5	25.0	29.0	12.0	8.0	NeuronSpectrum 10.06.2026 14:49:30	EEG	checkup_149_10.06.2026 14:49:30	500.0	504.6666666666667	True	0.5	40.0	4	True	50.0	30.0	-740.7990112304688	-101.10287424163381	-192.93017578125	-29.25435219169972	-243.7784881591797	-53.528078502369944	-524.89453125	-94.56916194318002	-66.55675506591797	-13.62613718036405	-579.571044921875	-103.47895247360972	-187.47084045410156	-49.14158131101223	-48.13677978515625	-3.7583671005374297	0.0	0.0	0.0	0.0
14.119735956192017	1781096039.0	1781096039.5611532	5	25.0	29.0	12.0	8.0	NeuronSpectrum 10.06.2026 14:49:30	EEG	checkup_149_10.06.2026 14:49:30	500.0	504.6666666666667	True	0.5	40.0	4	True	50.0	30.0	-716.800537109375	-104.51437925229165	-189.3544158935547	-31.9211557158745	-237.76141357421875	-55.54232861149075	-509.39935302734375	-97.424488160731	-66.20891571044922	-15.235094343450319	-562.048583984375	-106.48415808115091	-182.713623046875	-50.2719390322236	-46.5148811340332	-3.8448369237292335	0.0	0.0	0.0	0.0
14.11973786354065	1781096039.0	1781096039.561155	5	25.0	29.0	12.0	8.0	NeuronSpectrum 10.06.2026 14:49:30	EEG	checkup_149_10.06.2026 14:49:30	500.0	504.6666666666667	True	0.5	40.0	4	True	50.0	30.0	-713.9627075195312	-100.40554998204267	-190.32235717773438	-32.05929574653879	-237.33480834960938	-54.457790670555525	-507.2600402832031	-94.08650437308158	-66.7635498046875	-15.665519049088307	-559.8479614257812	-102.99026676491279	-181.74127197265625	-48.84889314476183	-46.30381393432617	-3.439007367281429	0.0	0.0	0.0	0.0
14.119739532470703	1781096039.0	1781096039.5611567	5	25.0	29.0	12.0	8.0	NeuronSpectrum 10.06.2026 14:49:30	EEG	checkup_149_10.06.2026 14:49:30	500.0	504.6666666666667	True	0.5	40.0	4	True	50.0	30.0	-749.305908203125	-89.13619534278634	-199.56121826171875	-29.62341699893615	-247.34568786621094	-50.30895423967254	-529.63037109375	-84.74091264449508	-69.26997375488281	-14.89968994274935	-585.4928588867188	-93.2200560871338	-188.0265655517578	-44.88425998874268	-48.572181701660156	-2.585732579176134	0.0	0.0	0.0	0.0
14.119741439819336	1781096039.0	1781096039.5611587	5	25.0	29.0	12.0	8.0	NeuronSpectrum 10.06.2026 14:49:30	EEG	checkup_149_10.06.2026 14:49:30	500.0	504.6666666666667	True	0.5	40.0	4	True	50.0	30.0	-810.9053955078125	-72.1410770940912	-213.9229278564453	-24.911669982309615	-264.0602722167969	-43.53175995251543	-568.2550659179688	-70.3879344195285	-72.81080627441406	-13.061640857128967	-629.764892578125	-78.26678427279958	-198.83480834960938	-38.696859809614516	-52.52146911621094	-1.397192467300117	0.0	0.0	0.0	0.0
14.11974287033081	1781096039.0	1781096039.56116	5	25.0	29.0	12.0	8.0	NeuronSpectrum 10.06.2026 14:49:30	EEG	checkup_149_10.06.2026 14:49:30	500.0	504.6666666666667	True	0.5	40.0	4	True	50.0	30.0	-850.6222534179688	-51.95802011340129	-221.79519653320312	-18.587170514199226	-273.1286926269531	-34.97672403894888	-590.7946166992188	-52.867232993132944	-74.07363891601562	-10.42212621084457	-656.4320678710938	-60.12292249210111	-203.8146209716797	-30.92723751665782	-55.021385192871094	-0.05385593913076564	0.0	0.0	0.0	0.0
14.119744777679443	1781096039.0	1781096039.561162	5	25.0	29.0	12.0	8.0	NeuronSpectrum 10.06.2026 14:49:30	EEG	checkup_149_10.06.2026 14:49:30	500.0	504.6666666666667	True	0.5	40.0	4	True	50.0	30.0	-803.5352783203125	-32.00923520830389	-207.85166931152344	-11.624529784563837	-255.4756622314453	-25.83705364284656	-554.03076171875	-34.7074066701274	-68.74517059326172	-7.376610930901881	-616.9994506835938	-41.51600087740301	-189.3087615966797	-22.490164544327644	-51.867984771728516	1.2107776985806005	0.0	0.0	0.0	0.0
14.119746446609497	1781096039.0	1781096039.5611637	5	25.0	29.0	12.0	8.0	NeuronSpectrum 10.06.2026 14:49:30	EEG	checkup_149_10.06.2026 14:49:30	500.0	504.6666666666667	True	0.5	40.0	4	True	50.0	30.0	-626.755615234375	-16.009282336591724	-162.3205108642578	-5.14992787064337	-198.85145568847656	-17.454416737498175	-429.9132080078125	-18.713428844987877	-54.17460250854492	-4.387168016391808	-479.8705749511719	-25.45456251757156	-146.68894958496094	-14.43652261672295	-40.29427719116211	2.15007571216841	0.0	0.0	0.0	0.0
14.11974835395813	1781096039.0	1781096039.5611656	5	25.0	29.0	12.0	8.0	NeuronSpectrum 10.06.2026 14:49:30	EEG	checkup_149_10.06.2026 14:49:30	500.0	504.6666666666667	True	0.5	40.0	4	True	50.0	30.0	-332.7452392578125	-7.081244447970491	-88.80838012695312	-0.19678255107208742	-107.6008529663086	-11.029308385694318	-227.70469665527344	-7.3470284724305	-31.578208923339844	-1.89572097286216	-255.190185546875	-14.545480954908491	-79.31929016113281	-7.742653481509309	-21.124019622802734	2.5632768578433343	0.0	0.0	0.0	0.0
14.119749784469604	1781096039.0	1781096039.561167	5	25.0	29.0	12.0	8.0	NeuronSpectrum 10.06.2026 14:49:30	EEG	checkup_149_10.06.2026 14:49:30	500.0	504.6666666666667	True	0.5	40.0	4	True	50.0	30.0	-747.0558471679688	-6.900976969021043	-184.59243774414062	2.5404962167462455	-227.36215209960938	-7.335593711943379	-499.4786071777344	-2.117113791377055	-58.21846389770508	-0.2346339086593452	-561.9698486328125	-10.324888294016388	-163.4379425048828	-3.0980702213195337	-48.18870544433594	2.3522277518027637	0.0	0.0	0.0	0.0
14.119751691818237	1781096039.0	1781096039.561169	5	25.0	29.0	12.0	8.0	NeuronSpectrum 10.06.2026 14:49:30	EEG	checkup_149_10.06.2026 14:49:30	500.0	504.6666666666667	True	0.5	40.0	4	True	50.0	30.0	-746.797607421875	-15.25385105305027	-182.0482940673828	2.8546474440590934	-223.82530212402344	-6.558590521503759	-494.62420654296875	-3.242578567100758	-56.65585708618164	0.4335270318670361	-557.6281127929688	-12.895003089661454	-158.97824096679688	-0.7774089595048567	-48.43873977661133	1.5501611366760075	0.0	0.0	0.0	0.0
14.119753360748291	1781096039.0	1781096039.5611706	5	25.0	29.0	12.0	8.0	NeuronSpectrum 10.06.2026 14:49:30	EEG	checkup_149_10.06.2026 14:49:30	500.0	504.6666666666667	True	0.5	40.0	4	True	50.0	30.0	-752.1624755859375	-30.188729368345445	-181.74508666992188	1.0231783479924679	-222.68556213378906	-8.31606116797931	-494.7341613769531	-9.717093379294631	-56.18861389160156	0.128868196346055	-558.223388671875	-21.010125274248516	-156.60984802246094	-0.6402197816316173	-49.15155792236328	0.3100201398780134	0.0	0.0	0.0	0.0
14.119755268096924	1781096039.0	1781096039.5611725	5	25.0	29.0	12.0	8.0	NeuronSpectrum 10.06.2026 14:49:30	EEG	checkup_149_10.06.2026 14:49:30	500.0	504.6666666666667	True	0.5	40.0	4	True	50.0	30.0	-761.9808349609375	-48.640396451339114	-183.45553588867188	-2.3201415738306155	-223.70716857910156	-11.82686335508712	-499.1475830078125	-19.695294440321263	-56.73563003540039	-0.9757179244281058	-563.0875244140625	-32.51987974972776	-156.28848266601562	-2.235012336224715	-50.16489028930664	-1.1392964890997184	0.0	0.0	0.0	0.0
14.119756937026978	1781096039.0	1781096039.5611742	5	25.0	29.0	12.0	8.0	NeuronSpectrum 10.06.2026 14:49:30	EEG	checkup_149_10.06.2026 14:49:30	500.0	504.6666666666667	True	0.5	40.0	4	True	50.0	30.0	-768.7071533203125	-67.20684903878407	-185.230712890625	-6.367947559255918	-224.6387176513672	-16.135353740220012	-502.74066162109375	-30.994606373181856	-57.6338005065918	-2.6076505380849277	-566.668212890625	-44.93837886553774	-156.4411163330078	-4.943893433413492	-50.89641571044922	-2.5478041010854438	0.0	0.0	0.0	0.0
14.11975884437561	1781096039.0	1781096039.561176	5	25.0	29.0	12.0	8.0	NeuronSpectrum 10.06.2026 14:49:30	EEG	checkup_149_10.06.2026 14:49:30	500.0	504.6666666666667	True	0.5	40.0	4	True	50.0	30.0	-762.479248046875	-82.79864650785322	-184.43785095214844	-10.307500103720654	-222.4556884765625	-20.307103479726866	-498.72906494140625	-41.525343433318035	-57.98271560668945	-4.4508851967304315	-561.5602416992188	-55.92942649357515	-154.87664794921875	-8.109798842914277	-50.63531494140625	-3.6910400973939033	0.0	0.0	0.0	0.0
14.119760751724243	1781096039.0	1781096039.561178	5	25.0	29.0	12.0	8.0	NeuronSpectrum 10.06.2026 14:49:30	EEG	checkup_149_10.06.2026 14:49:30	500.0	504.6666666666667	True	0.5	40.0	4	True	50.0	30.0	-740.8438720703125	-93.03093552019065	-180.20188903808594	-13.438994995247826	-216.3041534423828	-23.55567063717969	-485.2989807128906	-49.56209802724966	-57.40875244140625	-6.193347563807385	-545.7637939453125	-63.610577810054345	-150.9548797607422	-11.11998092321787	-49.189720153808594	-4.398932188716039	0.0	0.0	0.0	0.0
14.119762182235718	1781096039.0	1781096039.5611794	5	25.0	29.0	12.0	8.0	NeuronSpectrum 10.06.2026 14:49:30	EEG	checkup_149_10.06.2026 14:49:30	500.0	504.6666666666667	True	0.5	40.0	4	True	50.0	30.0	-716.5737915039062	-96.38412837867763	-175.38388061523438	-15.243515043114257	-209.86427307128906	-25.305455569947533	-470.9186096191406	-53.8715489855787	-56.670475006103516	-7.562831137398664	-528.5289306640625	-66.69285125604331	-147.32318115234375	-13.451478933645133	-47.395938873291016	-4.567855723841399	0.0	0.0	0.0	0.0
14.119763851165771	1781096039.0	1781096039.561181	5	25.0	29.0	12.0	8.0	NeuronSpectrum 10.06.2026 14:49:30	EEG	checkup_149_10.06.2026 14:49:30	500.0	504.6666666666667	True	0.5	40.0	4	True	50.0	30.0	-713.7282104492188	-92.25096581257787	-175.67591857910156	-15.421844659751676	-210.18121337890625	-25.22269586841238	-471.6610412597656	-53.77206218399681	-57.37605285644531	-8.354584000134471	-527.4640502929688	-64.53980860264139	-149.04042053222656	-14.702840081334548	-46.8560676574707	-4.163354408353874	0.0	0.0	0.0	0.0
14.119765758514404	1781096039.0	1781096039.561183	5	25.0	29.0	12.0	8.0	NeuronSpectrum 10.06.2026 14:49:30	EEG	checkup_149_10.06.2026 14:49:30	500.0	504.6666666666667	True	0.5	40.0	4	True	50.0	30.0	-749.3572387695312	-80.98924897319097	-185.1665802001953	-13.927195520218934	-222.1899871826172	-23.247472994305923	-498.8023376464844	-49.2009019896238	-60.63600158691406	-8.454654059299877	-554.98095703125	-57.23035816994678	-159.52955627441406	-14.635583250312997	-48.74237823486328	-3.221746254282673	0.0	0.0	0.0	0.0
14.119767904281616	1781096039.0	1781096039.5611851	5	25.0	29.0	12.0	8.0	NeuronSpectrum 10.06.2026 14:49:30	EEG	checkup_149_10.06.2026 14:49:30	500.0	504.6666666666667	True	0.5	40.0	4	True	50.0	30.0	-811.4364624023438	-64.01246719292406	-200.95362854003906	-10.996647432850096	-242.11643981933594	-19.634456807357264	-543.8887329101562	-40.80635322192206	-65.45210266113281	-7.858516417855809	-601.9442749023438	-45.64544951456141	-175.72796630859375	-13.229032794632353	-52.356815338134766	-1.85365043788804	0.0	0.0	0.0	0.0
14.11976933479309	1781096039.0	1781096039.5611866	5	25.0	29.0	12.0	8.0	NeuronSpectrum 10.06.2026 14:49:30	EEG	checkup_149_10.06.2026 14:49:30	500.0	504.6666666666667	True	0.5	40.0	4	True	50.0	30.0	-851.627685546875	-43.82024104669472	-211.34339904785156	-7.157855008658393	-255.3313446044922	-14.97226399426813	-573.8782958984375	-29.99491853876561	-68.22030639648438	-6.6772818652937085	-632.3331909179688	-31.503424907410366	-186.5653839111328	-10.723079529207318	-54.6475715637207	-0.24410599589082504	0.0	0.0	0.0	0.0
14.119771242141724	1781096039.0	1781096039.5611885	5	25.0	29.0	12.0	8.0	NeuronSpectrum 10.06.2026 14:49:30	EEG	checkup_149_10.06.2026 14:49:30	500.0	504.6666666666667	True	0.5	40.0	4	True	50.0	30.0	-804.79931640625	-23.786630608122373	-200.5592041015625	-3.1700842017324207	-242.22946166992188	-10.1272767716135	-544.4235229492188	-18.808362896404233	-64.2105484008789	-5.119778445561821	-597.7615966796875	-17.20839043459823	-177.3958282470703	-7.604888968636751	-51.45344924926758	1.361845610815156	0.0	0.0	0.0	0.0
14.119772911071777	1781096039.0	1781096039.5611901	5	25.0	29.0	12.0	8.0	NeuronSpectrum 10.06.2026 14:49:30	EEG	checkup_149_10.06.2026 14:49:30	500.0	504.6666666666667	True	0.5	40.0	4	True	50.0	30.0	-627.947021484375	-7.578563646476726	-158.18275451660156	0.12659637556718908	-189.9154510498047	-6.074729430921115	-426.2816467285156	-9.543458074119172	-50.448089599609375	-3.4441359411836587	-466.374267578125	-5.418050178412384	-138.70687866210938	-4.507797003361249	-40.004241943359375	2.696448128964931	0.0	0.0	0.0	0.0
14.119774580001831	1781096039.0	1781096039.5611918	5	25.0	29.0	12.0	8.0	NeuronSpectrum 10.06.2026 14:49:30	EEG	checkup_149_10.06.2026 14:49:30	500.0	504.6666666666667	True	0.5	40.0	4	True	50.0	30.0	-333.5777893066406	1.7161495517259724	-87.26427459716797	2.029866477135304	-102.20745849609375	-3.642125383259004	-227.9371337890625	-4.168706950362635	-28.13198471069336	-1.8879168677482308	-247.59242248535156	1.6074696849826384	-73.52925109863281	-2.0368966763790812	-21.073694229125977	3.52511438255388	0.0	0.0	0.0	0.0
14.170637130737305	1781096039.0	1781096039.6120543	5	25.0	29.0	12.0	8.0	NeuronSpectrum 10.06.2026 14:49:30	EEG	checkup_149_10.06.2026 14:49:30	500.0	504.6666666666667	True	0.5	40.0	4	True	50.0	30.0	-747.4658203125	2.434011003617337	-188.37136840820312	2.1811662585728246	-226.06344604492188	-3.2608961004859105	-507.76409912109375	-3.7540279815800512	-57.10988998413086	-0.6023515595027138	-554.5419311523438	2.6375133408187206	-163.7039337158203	-0.5890772083785931	-47.43423080444336	3.7017719872944665	0.0	0.0	0.0	0.0
14.170642614364624	1781096039.0	1781096039.6120598	5	25.0	29.0	12.0	8.0	NeuronSpectrum 10.06.2026 14:49:30	EEG	checkup_149_10.06.2026 14:49:30	500.0	504.6666666666667	True	0.5	40.0	4	True	50.0	30.0	-746.2545166015625	-5.227476897506127	-188.00875854492188	0.6657164700973355	-225.12242126464844	-4.840804955424723	-506.12109375	-8.173372332487144	-55.408599853515625	0.3806473124144537	-552.8506469726562	-2.201938648225679	-161.112060546875	-0.25061813741583455	-47.27829360961914	3.2002739866989742	0.0	0.0	0.0	0.0
14.170644760131836	1781096039.0	1781096039.612062	5	25.0	29.0	12.0	8.0	NeuronSpectrum 10.06.2026 14:49:30	EEG	checkup_149_10.06.2026 14:49:30	500.0	504.6666666666667	True	0.5	40.0	4	True	50.0	30.0	-750.5097045898438	-19.364271961189523	-188.4792938232422	-2.0359910852118013	-225.20431518554688	-7.821187725338054	-507.4443054199219	-16.205376161535135	-53.80005645751953	1.136196125435801	-554.9780883789062	-11.542084242877104	-159.15484619140625	-0.8130505965338616	-47.50460433959961	2.110569915615688	0.0	0.0	0.0	0.0
14.170646667480469	1781096039.0	1781096039.612064	5	25.0	29.0	12.0	8.0	NeuronSpectrum 10.06.2026 14:49:30	EEG	checkup_149_10.06.2026 14:49:30	500.0	504.6666666666667	True	0.5	40.0	4	True	50.0	30.0	-759.2506713867188	-36.98182636303428	-189.52447509765625	-5.210163342337232	-226.06796264648438	-11.359076334714988	-511.20574951171875	-25.945304703827343	-52.27432632446289	1.8002041497103396	-560.2122192382812	-23.229114003620705	-157.97877502441406	-1.881036283021731	-48.11383056640625	0.607313211396938	0.0	0.0	0.0	0.0
14.170648574829102	1781096039.0	1781096039.6120658	5	25.0	29.0	12.0	8.0	NeuronSpectrum 10.06.2026 14:49:30	EEG	checkup_149_10.06.2026 14:49:30	500.0	504.6666666666667	True	0.5	40.0	4	True	50.0	30.0	-765.1251831054688	-54.7600949941497	-189.44894409179688	-8.105113993795996	-225.69935607910156	-14.559292750255398	-512.6539916992188	-35.31686992492154	-50.467315673828125	2.5139894490799883	-563.1358032226562	-34.892200884053125	-156.3715362548828	-3.0075151829449416	-48.7225456237793	-1.0907518199987307	0.0	0.0	0.0	0.0
14.170650482177734	1781096039.0	1781096039.6120677	5	25.0	29.0	12.0	8.0	NeuronSpectrum 10.06.2026 14:49:30	EEG	checkup_149_10.06.2026 14:49:30	500.0	504.6666666666667	True	0.5	40.0	4	True	50.0	30.0	-758.4122924804688	-69.6874716898031	-186.0594940185547	-10.088733999546491	-221.44012451171875	-16.661525161221025	-505.4631652832031	-42.493688916112745	-47.89877700805664	3.3815348931694174	-556.6039428710938	-44.411784887424744	-152.55276489257812	-3.7996665546567487	-48.78660583496094	-2.755087028589275	0.0	0.0	0.0	0.0
14.170652151107788	1781096039.0	1781096039.6120694	5	25.0	29.0	12.0	8.0	NeuronSpectrum 10.06.2026 14:49:30	EEG	checkup_149_10.06.2026 14:49:30	500.0	504.6666666666667	True	0.5	40.0	4	True	50.0	30.0	-736.690185546875	-79.43809076894652	-178.94253540039062	-10.735730747469118	-212.74203491210938	-17.14598355387542	-488.1656188964844	-46.14408824291197	-44.5405387878418	4.448947783435426	-538.9154052734375	-50.19346258292729	-146.1793670654297	-3.973092247590357	-48.172019958496094	-4.169772341937943	0.0	0.0	0.0	0.0
14.170654058456421	1781096039.0	1781096039.6120713	5	25.0	29.0	12.0	8.0	NeuronSpectrum 10.06.2026 14:49:30	EEG	checkup_149_10.06.2026 14:49:30	500.0	504.6666666666667	True	0.5	40.0	4	True	50.0	30.0	-712.62939453125	-82.52222487694054	-171.3059844970703	-9.85192283521365	-203.40296936035156	-15.766105125245527	-469.3619079589844	-45.51794059391768	-41.273231506347656	5.703489501499113	-519.5947265625	-51.26912663835538	-139.9884796142578	-3.364352168708113	-47.6087646484375	-5.145680927085584	0.0	0.0	0.0	0.0
14.170655727386475	1781096039.0	1781096039.612073	5	25.0	29.0	12.0	8.0	NeuronSpectrum 10.06.2026 14:49:30	EEG	checkup_149_10.06.2026 14:49:30	500.0	504.6666666666667	True	0.5	40.0	4	True	50.0	30.0	-710.0941772460938	-78.33001910545877	-169.05494689941406	-7.466599840723803	-200.46875	-12.544414278208963	-465.1645812988281	-40.456084709994876	-39.651084899902344	7.082303066357257	-516.5097045898438	-47.315493670744836	-139.0108184814453	-1.9297066617012322	-48.428985595703125	-5.534431991346015	0.0	0.0	0.0	0.0
14.170657634735107	1781096039.0	1781096039.6120749	5	25.0	29.0	12.0	8.0	NeuronSpectrum 10.06.2026 14:49:30	EEG	checkup_149_10.06.2026 14:49:30	500.0	504.6666666666667	True	0.5	40.0	4	True	50.0	30.0	-745.9522705078125	-67.18835360257758	-176.4603729248047	-3.8251750271852574	-209.02716064453125	-7.768452615848332	-487.107421875	-31.404031769259984	-40.8131217956543	8.480475687401624	-542.3818359375	-38.681023413481725	-146.7884521484375	0.24419336584084736	-51.447532653808594	-5.248346168859063	0.0	0.0	0.0	0.0
14.170659303665161	1781096039.0	1781096039.6120765	5	25.0	29.0	12.0	8.0	NeuronSpectrum 10.06.2026 14:49:30	EEG	checkup_149_10.06.2026 14:49:30	500.0	504.6666666666667	True	0.5	40.0	4	True	50.0	30.0	-808.1259765625	-50.46148459034485	-190.89324951171875	0.6065889132509387	-225.8772430419922	-1.9984299971032753	-527.4846801757812	-19.453414760662397	-44.15293884277344	9.754029341373396	-588.4729614257812	-26.446779787809678	-160.77940368652344	2.9126389169719094	-55.655399322509766	-4.28537335290358	0.0	0.0	0.0	0.0
14.170661211013794	1781096039.0	1781096039.6120784	5	25.0	29.0	12.0	8.0	NeuronSpectrum 10.06.2026 14:49:30	EEG	checkup_149_10.06.2026 14:49:30	500.0	504.6666666666667	True	0.5	40.0	4	True	50.0	30.0	-848.400390625	-30.594298373883962	-201.01919555664062	5.147645319514313	-237.37098693847656	3.939766011066441	-554.4354248046875	-6.347398727039345	-46.84185028076172	10.722675692820848	-619.1685791015625	-12.44888787043731	-170.81845092773438	5.652254413703605	-57.86969757080078	-2.7487041659754534	0.0	0.0	0.0	0.0
14.170662879943848	1781096039.0	1781096039.61208	5	25.0	29.0	12.0	8.0	NeuronSpectrum 10.06.2026 14:49:30	EEG	checkup_149_10.06.2026 14:49:30	500.0	504.6666666666667	True	0.5	40.0	4	True	50.0	30.0	-801.872314453125	-10.91258981552988	-191.31985473632812	8.958513254570104	-224.87374877929688	9.027342190144731	-524.7391357421875	5.670132507616253	-44.92828369140625	11.183761046421806	-586.2997436523438	0.8733367113390502	-163.13877868652344	7.889704980852448	-54.03895568847656	-0.8455468151023436	0.0	0.0	0.0	0.0
14.170664548873901	1781096039.0	1781096039.6120818	5	25.0	29.0	12.0	8.0	NeuronSpectrum 10.06.2026 14:49:30	EEG	checkup_149_10.06.2026 14:49:30	500.0	504.6666666666667	True	0.5	40.0	4	True	50.0	30.0	-625.710693359375	4.95059931265551	-151.2714080810547	11.181161147508904	-175.81878662109375	12.227322842131617	-409.54351806640625	14.246231339638808	-35.61552047729492	10.946692737945543	-457.8348388671875	10.900511854801918	-128.4571990966797	9.01008081250463	-41.6916389465332	1.1458771945448192	0.0	0.0	0.0	0.0
14.170666217803955	1781096039.0	1781096039.6120834	5	25.0	29.0	12.0	8.0	NeuronSpectrum 10.06.2026 14:49:30	EEG	checkup_149_10.06.2026 14:49:30	500.0	504.6666666666667	True	0.5	40.0	4	True	50.0	30.0	-332.393798828125	13.925142881946826	-83.33087921142578	11.144859779633364	-93.29801177978516	12.738175294902026	-216.5702362060547	17.49828979153678	-19.278352737426758	9.884922611855025	-242.58157348632812	15.471418794304414	-68.96244049072266	8.530372275299975	-21.947063446044922	2.9371218239561725	0.0	0.0	0.0	0.0
14.221829891204834	1781096039.0	1781096039.663247	5	25.0	29.0	12.0	8.0	NeuronSpectrum 10.06.2026 14:49:30	EEG	checkup_149_10.06.2026 14:49:30	500.0	504.6666666666667	True	0.5	40.0	4	True	50.0	30.0	-745.1411743164062	14.353545734078866	-183.6145782470703	8.564210670258905	-214.22410583496094	10.234839646716676	-494.1118469238281	14.569515995529486	-45.15947341918945	7.98743018996338	-550.2803344726562	13.503357467901733	-157.42063903808594	6.271511766358257	-46.0322265625	4.297032464651748	0.0	0.0	0.0	0.0
14.221834897994995	1781096039.0	1781096039.663252	5	25.0	29.0	12.0	8.0	NeuronSpectrum 10.06.2026 14:49:30	EEG	checkup_149_10.06.2026 14:49:30	500.0	504.6666666666667	True	0.5	40.0	4	True	50.0	30.0	-744.3869018554688	6.436606019677447	-186.36105346679688	3.6389435631995757	-216.96900939941406	4.9866223932664315	-497.2482604980469	5.905072103178154	-46.88536071777344	5.386112083130913	-551.897705078125	5.311944885984436	-159.32200622558594	2.446847156565935	-44.41545104980469	5.099062684128333	0.0	0.0	0.0	0.0
14.221837282180786	1781096039.0	1781096039.6632545	5	25.0	29.0	12.0	8.0	NeuronSpectrum 10.06.2026 14:49:30	EEG	checkup_149_10.06.2026 14:49:30	500.0	504.6666666666667	True	0.5	40.0	4	True	50.0	30.0	-749.1847534179688	-7.911447653489329	-190.71835327148438	-2.9891364715730706	-221.4589080810547	-2.201728804265892	-503.9781188964844	-6.874515565409393	-49.04633712768555	2.3457747478729765	-557.4052734375	-7.507208098857813	-162.1407470703125	-2.3746285787083146	-43.49702072143555	5.332832065378128	0.0	0.0	0.0	0.0
14.221839189529419	1781096039.0	1781096039.6632564	5	25.0	29.0	12.0	8.0	NeuronSpectrum 10.06.2026 14:49:30	EEG	checkup_149_10.06.2026 14:49:30	500.0	504.6666666666667	True	0.5	40.0	4	True	50.0	30.0	-758.448486328125	-25.673309062459815	-196.2289581298828	-10.393169711451142	-227.12420654296875	-10.189228979458024	-513.1651000976562	-21.41733650774383	-51.44365310668945	-0.7785005952726737	-565.9046020507812	-22.542606905353836	-165.51559448242188	-7.406275407310516	-43.309513092041016	5.083783199512489	0.0	0.0	0.0	0.0
14.221840858459473	1781096039.0	1781096039.663258	5	25.0	29.0	12.0	8.0	NeuronSpectrum 10.06.2026 14:49:30	EEG	checkup_149_10.06.2026 14:49:30	500.0	504.6666666666667	True	0.5	40.0	4	True	50.0	30.0	-764.7160034179688	-43.49511305728014	-200.81900024414062	-17.559169207107637	-231.540771484375	-17.74739085887213	-519.5147094726562	-35.19160395963128	-53.481544494628906	-3.5999983820031374	-571.8427124023438	-37.14817098445932	-167.7594757080078	-11.818787935417774	-43.38386154174805	4.497148351275018	0.0	0.0	0.0	0.0
14.221843004226685	1781096039.0	1781096039.6632602	5	25.0	29.0	12.0	8.0	NeuronSpectrum 10.06.2026 14:49:30	EEG	checkup_149_10.06.2026 14:49:30	500.0	504.6666666666667	True	0.5	40.0	4	True	50.0	30.0	-758.1779174804688	-58.32946738889004	-201.8253173828125	-23.55781065236168	-231.6222381591797	-23.774873519796135	-516.2838134765625	-45.952875391711004	-54.41337203979492	-5.7581841471401	-567.9463500976562	-48.93456223666913	-166.70352172851562	-14.8919392824831	-43.024452209472656	3.742086283151677	0.0	0.0	0.0	0.0
14.221844673156738	1781096039.0	1781096039.663262	5	25.0	29.0	12.0	8.0	NeuronSpectrum 10.06.2026 14:49:30	EEG	checkup_149_10.06.2026 14:49:30	500.0	504.6666666666667	True	0.5	40.0	4	True	50.0	30.0	-736.35498046875	-67.82661730137909	-198.42701721191406	-27.65787283900318	-226.44578552246094	-27.436912060899743	-501.6896667480469	-52.035045057783556	-53.9080810546875	-6.965505889035686	-552.292236328125	-56.0742933818004	-161.71812438964844	-16.11262320430002	-41.96256637573242	2.9841542010821533	0.0	0.0	0.0	0.0
14.221846342086792	1781096039.0	1781096039.6632636	5	25.0	29.0	12.0	8.0	NeuronSpectrum 10.06.2026 14:49:30	EEG	checkup_149_10.06.2026 14:49:30	500.0	504.6666666666667	True	0.5	40.0	4	True	50.0	30.0	-711.896484375	-70.49846808256514	-193.60499572753906	-29.384764082860354	-219.5301055908203	-28.23223987115744	-484.0628967285156	-52.47561470688446	-52.50807571411133	-7.040173060273944	-534.015869140625	-57.43646019534885	-155.359619140625	-15.219859034767916	-40.895442962646484	2.3662374424161183	0.0	0.0	0.0	0.0
14.221848011016846	1781096039.0	1781096039.6632652	5	25.0	29.0	12.0	8.0	NeuronSpectrum 10.06.2026 14:49:30	EEG	checkup_149_10.06.2026 14:49:30	500.0	504.6666666666667	True	0.5	40.0	4	True	50.0	30.0	-708.6961669921875	-65.77035048262194	-193.19705200195312	-28.5487787018433	-217.73526000976562	-26.01695904372126	-479.295166015625	-47.047774193449435	-51.434295654296875	-5.926475715290795	-530.4993286132812	-52.63288230850616	-152.61309814453125	-12.216779855188372	-41.271121978759766	1.9933487595193333	0.0	0.0	0.0	0.0
14.221849918365479	1781096039.0	1781096039.6632671	5	25.0	29.0	12.0	8.0	NeuronSpectrum 10.06.2026 14:49:30	EEG	checkup_149_10.06.2026 14:49:30	500.0	504.6666666666667	True	0.5	40.0	4	True	50.0	30.0	-743.728271484375	-54.03658340324183	-201.41085815429688	-25.26816252692186	-226.03709411621094	-21.016854737563243	-498.87591552734375	-36.27589960208685	-51.60323715209961	-3.7050297222990243	-554.1370849609375	-42.058592162158625	-157.17347717285156	-7.3717683695932825	-44.140933990478516	1.9168231423295194	0.0	0.0	0.0	0.0
14.221851587295532	1781096039.0	1781096039.6632688	5	25.0	29.0	12.0	8.0	NeuronSpectrum 10.06.2026 14:49:30	EEG	checkup_149_10.06.2026 14:49:30	500.0	504.6666666666667	True	0.5	40.0	4	True	50.0	30.0	-805.1078491210938	-36.74979554537967	-215.40371704101562	-19.991931647466362	-241.2086181640625	-13.837133651024896	-535.4252319335938	-21.4577736469748	-52.44472122192383	-0.5924613635060821	-596.3497314453125	-26.947570116574244	-166.90667724609375	-1.2157464062366192	-48.74615478515625	2.118364849690933	0.0	0.0	0.0	0.0
14.221853494644165	1781096039.0	1781096039.6632707	5	25.0	29.0	12.0	8.0	NeuronSpectrum 10.06.2026 14:49:30	EEG	checkup_149_10.06.2026 14:49:30	500.0	504.6666666666667	True	0.5	40.0	4	True	50.0	30.0	-844.8619995117188	-16.445581703117654	-223.50257873535156	-13.49739447323075	-249.7329559326172	-5.443927862867234	-557.8740234375	-4.6350579249933785	-51.53413009643555	3.074456615528001	-622.3279418945312	-9.372280149753445	-172.29368591308594	5.481287676494146	-52.02638626098633	2.501576789287022	0.0	0.0	0.0	0.0
14.221855163574219	1781096039.0	1781096039.6632724	5	25.0	29.0	12.0	8.0	NeuronSpectrum 10.06.2026 14:49:30	EEG	checkup_149_10.06.2026 14:49:30	500.0	504.6666666666667	True	0.5	40.0	4	True	50.0	30.0	-798.2887573242188	3.4777899484193924	-209.9893341064453	-6.8189403660849575	-233.35806274414062	2.929850012566676	-524.107177734375	11.598886979163469	-45.668582916259766	6.877115060019275	-585.159912109375	7.942483973099425	-160.33006286621094	11.786492028646176	-49.825679779052734	2.9027161626101416	0.0	0.0	0.0	0.0
14.22185730934143	1781096039.0	1781096039.6632745	5	25.0	29.0	12.0	8.0	NeuronSpectrum 10.06.2026 14:49:30	EEG	checkup_149_10.06.2026 14:49:30	500.0	504.6666666666667	True	0.5	40.0	4	True	50.0	30.0	-622.6178588867188	19.34955825403595	-164.62814331054688	-1.0798269770890225	-180.17831420898438	9.984961376293938	-406.2928771972656	24.52853261575048	-32.95462417602539	10.37779273640874	-454.0005187988281	22.078957629101307	-122.42292022705078	16.753348288546615	-39.34990692138672	3.1279955864252575	0.0	0.0	0.0	0.0
14.221858739852905	1781096039.0	1781096039.663276	5	25.0	29.0	12.0	8.0	NeuronSpectrum 10.06.2026 14:49:30	EEG	checkup_149_10.06.2026 14:49:30	500.0	504.6666666666667	True	0.5	40.0	4	True	50.0	30.0	-330.202880859375	28.104466001818547	-90.8001708984375	2.7493380225222586	-94.10589599609375	14.63410078335881	-212.64385986328125	31.92333829878488	-14.532139778137207	13.196771602114715	-238.20498657226562	30.594478722768436	-61.21467590332031	19.6222185918635	-21.30228614807129	3.0110345222712236	0.0	0.0	0.0	0.0
14.221860647201538	1781096039.0	1781096039.6632779	5	25.0	29.0	12.0	8.0	NeuronSpectrum 10.06.2026 14:49:30	EEG	checkup_149_10.06.2026 14:49:30	500.0	504.6666666666667	True	0.5	40.0	4	True	50.0	30.0	-742.5823364257812	28.129882681859705	-191.37313842773438	4.083241013403806	-211.5984344482422	16.262923915744807	-483.0146484375	32.6099260997522	-35.011863708496094	15.081632898709891	-537.8521728515625	32.16123814775691	-145.88858032226562	20.003991584924446	-48.202293395996094	2.4688827959946558	0.0	0.0	0.0	0.0
14.221862316131592	1781096039.0	1781096039.6632795	5	25.0	29.0	12.0	8.0	NeuronSpectrum 10.06.2026 14:49:30	EEG	checkup_149_10.06.2026 14:49:30	500.0	504.6666666666667	True	0.5	40.0	4	True	50.0	30.0	-742.4916381835938	19.69986177666023	-190.533935546875	2.8483918239270345	-210.76234436035156	14.862787780444833	-483.5251159667969	26.757909915048923	-33.534847259521484	15.944909554447891	-536.9765014648438	26.895616336100485	-146.5426788330078	17.967855402872846	-48.705963134765625	1.5312624671084882	0.0	0.0	0.0	0.0
14.221864223480225	1781096039.0	1781096039.6632814	5	25.0	29.0	12.0	8.0	NeuronSpectrum 10.06.2026 14:49:30	EEG	checkup_149_10.06.2026 14:49:30	500.0	504.6666666666667	True	0.5	40.0	4	True	50.0	30.0	-747.9591064453125	4.813363480275982	-191.68743896484375	-0.5434817196204519	-212.13125610351562	10.983727439405069	-488.650390625	15.761735450565128	-33.06886672973633	15.859427720152667	-541.0218505859375	16.24263666581483	-148.95042419433594	13.997517870966487	-49.36124038696289	0.3309181822526013	0.0	0.0	0.0	0.0
14.221865892410278	1781096039.0	1781096039.663283	5	25.0	29.0	12.0	8.0	NeuronSpectrum 10.06.2026 14:49:30	EEG	checkup_149_10.06.2026 14:49:30	500.0	504.6666666666667	True	0.5	40.0	4	True	50.0	30.0	-757.8343505859375	-13.43368554933666	-194.53147888183594	-5.344062113637685	-215.2694549560547	5.547511364698615	-497.3663024902344	1.808069992453949	-33.465110778808594	15.019661437928344	-548.9803466796875	2.51127966210064	-152.66015625	8.846028878217657	-50.0597038269043	-0.9365138369027183	0.0	0.0	0.0	0.0
14.221867561340332	1781096039.0	1781096039.6632848	5	25.0	29.0	12.0	8.0	NeuronSpectrum 10.06.2026 14:49:30	EEG	checkup_149_10.06.2026 14:49:30	500.0	504.6666666666667	True	0.5	40.0	4	True	50.0	30.0	-764.6180419921875	-31.62888214233537	-197.08522033691406	-10.661799557809015	-217.87123107910156	-0.38618421227778005	-504.35394287109375	-12.660154242308256	-34.16767120361328	13.688608073788469	-555.0786743164062	-11.707755815617237	-155.8699188232422	3.357690136421308	-50.34635543823242	-2.062537609717854	0.0	0.0	0.0	0.0
14.221869230270386	1781096039.0	1781096039.6632864	5	25.0	29.0	12.0	8.0	NeuronSpectrum 10.06.2026 14:49:30	EEG	checkup_149_10.06.2026 14:49:30	500.0	504.6666666666667	True	0.5	40.0	4	True	50.0	30.0	-758.47998046875	-46.693821426071494	-196.7292022705078	-15.629889003759411	-216.9632110595703	-5.817119535380223	-502.7665710449219	-25.393022569150812	-34.46958541870117	12.148276625797992	-551.81787109375	-24.032348735632922	-156.32675170898438	-1.6815164132542852	-49.665382385253906	-2.867008959303287	0.0	0.0	0.0	0.0
14.221871137619019	1781096039.0	1781096039.6632884	5	25.0	29.0	12.0	8.0	NeuronSpectrum 10.06.2026 14:49:30	EEG	checkup_149_10.06.2026 14:49:30	500.0	504.6666666666667	True	0.5	40.0	4	True	50.0	30.0	-736.916748046875	-56.27530872751474	-192.687744140625	-19.516358315562933	-211.7394256591797	-9.927398779576682	-490.77032470703125	-34.60889701618335	-34.06177520751953	10.66311915650429	-537.1810913085938	-32.590244256879515	-153.41238403320312	-5.636647660598173	-47.93345260620117	-3.2217962553239627	0.0	0.0	0.0	0.0
14.221872568130493	1781096039.0	1781096039.6632898	5	25.0	29.0	12.0	8.0	NeuronSpectrum 10.06.2026 14:49:30	EEG	checkup_149_10.06.2026 14:49:30	500.0	504.6666666666667	True	0.5	40.0	4	True	50.0	30.0	-712.5370483398438	-58.90328757282026	-188.03384399414062	-21.78191163311457	-205.82839965820312	-12.137904673008535	-476.7801818847656	-39.11284585028391	-33.468048095703125	9.456506229005727	-520.4241333007812	-36.14889566423882	-149.79742431640625	-8.065127135073606	-45.98867416381836	-3.058478900005133	0.0	0.0	0.0	0.0
14.221874237060547	1781096039.0	1781096039.6632915	5	25.0	29.0	12.0	8.0	NeuronSpectrum 10.06.2026 14:49:30	EEG	checkup_149_10.06.2026 14:49:30	500.0	504.6666666666667	True	0.5	40.0	4	True	50.0	30.0	-709.1935424804688	-54.033142909760684	-188.71803283691406	-22.113474592864417	-206.1395721435547	-12.133268696475334	-476.8066711425781	-38.33775684332395	-33.8520622253418	8.694552544011948	-519.1976928710938	-34.159803972051265	-150.57704162597656	-8.732422750691804	-45.33169174194336	-2.367971865619993	0.0	0.0	0.0	0.0
14.2218759059906	1781096039.0	1781096039.6632931	5	25.0	29.0	12.0	8.0	NeuronSpectrum 10.06.2026 14:49:30	EEG	checkup_149_10.06.2026 14:49:30	500.0	504.6666666666667	True	0.5	40.0	4	True	50.0	30.0	-743.8614501953125	-42.09168960828472	-198.95758056640625	-20.461049378365484	-217.54579162597656	-9.890554763239303	-502.19317626953125	-32.389196153709705	-36.06758117675781	8.47095410570222	-546.0843505859375	-26.805270441763643	-159.35565185546875	-7.628488825197926	-47.012901306152344	-1.2004218349216378	0.0	0.0	0.0	0.0
14.221877813339233	1781096039.0	1781096039.663295	5	25.0	29.0	12.0	8.0	NeuronSpectrum 10.06.2026 14:49:30	EEG	checkup_149_10.06.2026 14:49:30	500.0	504.6666666666667	True	0.5	40.0	4	True	50.0	30.0	-804.7439575195312	-24.559481571095816	-215.6589813232422	-17.08287596592399	-236.4822235107422	-5.720588863699039	-544.8468627929688	-22.116421232994597	-39.50787353515625	8.791067533057266	-592.3385009765625	-15.071707116104893	-173.55010986328125	-4.9925855563518375	-50.30830001831055	0.331635950621197	0.0	0.0	0.0	0.0
14.221879482269287	1781096039.0	1781096039.6632967	5	25.0	29.0	12.0	8.0	NeuronSpectrum 10.06.2026 14:49:30	EEG	checkup_149_10.06.2026 14:49:30	500.0	504.6666666666667	True	0.5	40.0	4	True	50.0	30.0	-844.04736328125	-3.9923731648827694	-226.57821655273438	-12.570570350025472	-248.85760498046875	-0.29168345009292396	-572.4094848632812	-9.143501280330966	-41.717777252197266	9.560816265614132	-622.5126342773438	-0.7773629567853675	-182.8666229248047	-1.3255730542707826	-52.299827575683594	2.052222547869821	0.0	0.0	0.0	0.0
14.22188115119934	1781096039.0	1781096039.6632984	5	25.0	29.0	12.0	8.0	NeuronSpectrum 10.06.2026 14:49:30	EEG	checkup_149_10.06.2026 14:49:30	500.0	504.6666666666667	True	0.5	40.0	4	True	50.0	30.0	-797.2786254882812	16.198153579805282	-215.2421112060547	-7.804740395131065	-235.7303924560547	5.420074734605319	-541.3386840820312	4.263232728122462	-39.380619049072266	10.59121822711523	-588.763916015625	13.58027265463617	-173.46676635742188	2.65004821212972	-49.06773376464844	3.7340652838574537	0.0	0.0	0.0	0.0
14.221882820129395	1781096039.0	1781096039.6633	5	25.0	29.0	12.0	8.0	NeuronSpectrum 10.06.2026 14:49:30	EEG	checkup_149_10.06.2026 14:49:30	500.0	504.6666666666667	True	0.5	40.0	4	True	50.0	30.0	-621.8001098632812	32.33235397544756	-170.77728271484375	-3.8059614951075984	-184.60511779785156	10.294645905404936	-422.95257568359375	15.580145824007158	-30.298364639282227	11.627240395610723	-459.4486389160156	25.253111289324472	-136.2318878173828	6.111330622966732	-38.04099655151367	5.132417388934113	0.0	0.0	0.0	0.0
14.221884727478027	1781096039.0	1781096039.663302	5	25.0	29.0	12.0	8.0	NeuronSpectrum 10.06.2026 14:49:30	EEG	checkup_149_10.06.2026 14:49:30	500.0	504.6666666666667	True	0.5	40.0	4	True	50.0	30.0	-329.93414306640625	41.33740962592865	-96.3482894897461	-1.4998520413581407	-99.11172485351562	13.326016269536114	-225.74232482910156	22.613946267279562	-15.088119506835938	12.39909334363825	-243.68028259277344	31.890673313205575	-73.8208236694336	8.322471932524861	-20.00071144104004	6.03687153555596	0.0	0.0	0.0	0.0
14.273599624633789	1781096039.0	1781096039.7150168	5	25.0	29.0	12.0	8.0	NeuronSpectrum 10.06.2026 14:49:30	EEG	checkup_149_10.06.2026 14:49:30	500.0	504.6666666666667	True	0.5	40.0	4	True	50.0	30.0	-741.4368286132812	41.59372402479359	-201.10667419433594	-1.477302619074633	-218.66375732421875	13.883722872281025	-501.63116455078125	24.082043038360116	-35.89780044555664	12.680981077566374	-548.3189697265625	32.175668790090434	-161.84613037109375	8.822963837638682	-44.41328811645508	6.323087035398362	0.0	0.0	0.0	0.0
14.27360725402832	1781096039.0	1781096039.7150245	5	25.0	29.0	12.0	8.0	NeuronSpectrum 10.06.2026 14:49:30	EEG	checkup_149_10.06.2026 14:49:30	500.0	504.6666666666667	True	0.5	40.0	4	True	50.0	30.0	-741.3724365234375	33.37090606561108	-200.86636352539062	-3.8498356589748544	-217.7492218017578	11.86597539687006	-499.7709045410156	19.929986641055997	-35.265018463134766	12.337155269265182	-547.80419921875	26.165372225524493	-161.0056915283203	7.535548646770442	-44.11042022705078	5.98193906353242	0.0	0.0	0.0	0.0
14.273609399795532	1781096039.0	1781096039.7150266	5	25.0	29.0	12.0	8.0	NeuronSpectrum 10.06.2026 14:49:30	EEG	checkup_149_10.06.2026 14:49:30	500.0	504.6666666666667	True	0.5	40.0	4	True	50.0	30.0	-746.8380126953125	18.669696070631325	-202.31541442871094	-8.252175271842802	-218.5526580810547	7.687236942716187	-501.49163818359375	11.260372494713138	-34.972007751464844	11.34286807520953	-551.2337646484375	15.20113566611029	-161.1698760986328	4.753781739508572	-44.26280975341797	5.114770989383004	0.0	0.0	0.0	0.0
14.273611307144165	1781096039.0	1781096039.7150285	5	25.0	29.0	12.0	8.0	NeuronSpectrum 10.06.2026 14:49:30	EEG	checkup_149_10.06.2026 14:49:30	500.0	504.6666666666667	True	0.5	40.0	4	True	50.0	30.0	-756.6243286132812	0.5971615444797158	-205.38888549804688	-13.96673386262179	-221.0437774658203	2.1313020830821734	-506.3868103027344	-0.046410698599042455	-35.207481384277344	9.781464804466957	-558.0169677734375	1.475913651303114	-162.39407348632812	1.0333689082218873	-44.829689025878906	3.9014161989281613	0.0	0.0	0.0	0.0
14.273612976074219	1781096039.0	1781096039.7150302	5	25.0	29.0	12.0	8.0	NeuronSpectrum 10.06.2026 14:49:30	EEG	checkup_149_10.06.2026 14:49:30	500.0	504.6666666666667	True	0.5	40.0	4	True	50.0	30.0	-763.2217407226562	-17.413687515827217	-208.31301879882812	-20.09852139528888	-223.2804718017578	-3.8469864142827928	-509.82354736328125	-11.818229986519217	-35.818607330322266	7.826872945344988	-562.9175415039062	-12.516442589223846	-163.37313842773438	-2.9512382779869664	-45.37260437011719	2.558163459559794	0.0	0.0	0.0	0.0
14.27361512184143	1781096039.0	1781096039.7150323	5	25.0	29.0	12.0	8.0	NeuronSpectrum 10.06.2026 14:49:30	EEG	checkup_149_10.06.2026 14:49:30	500.0	504.6666666666667	True	0.5	40.0	4	True	50.0	30.0	-756.83447265625	-32.258504357730104	-208.58018493652344	-25.735442524202252	-222.50460815429688	-9.296728988646684	-505.52020263671875	-22.003773588092304	-36.43453598022461	5.7194424132909365	-558.913330078125	-24.449091100133693	-162.2052001953125	-6.530861422502805	-45.29194259643555	1.3008489136188275	0.0	0.0	0.0	0.0
14.273616790771484	1781096039.0	1781096039.715034	5	25.0	29.0	12.0	8.0	NeuronSpectrum 10.06.2026 14:49:30	EEG	checkup_149_10.06.2026 14:49:30	500.0	504.6666666666667	True	0.5	40.0	4	True	50.0	30.0	-734.9964599609375	-41.560408348049904	-205.3966522216797	-30.06448837200925	-217.9134063720703	-13.389934161519571	-491.8757629394531	-28.931728996113556	-36.893310546875	3.737534265663119	-544.1986083984375	-32.45682337983964	-158.3843536376953	-9.123722557300624	-44.405757904052734	0.31943280703825305	0.0	0.0	0.0	0.0
14.273618698120117	1781096039.0	1781096039.715036	5	25.0	29.0	12.0	8.0	NeuronSpectrum 10.06.2026 14:49:30	EEG	checkup_149_10.06.2026 14:49:30	500.0	504.6666666666667	True	0.5	40.0	4	True	50.0	30.0	-710.3097534179688	-43.83642091259111	-201.68011474609375	-32.44895792235663	-212.9232177734375	-15.492525767063535	-477.08624267578125	-31.435987813097025	-37.608306884765625	2.163260655028685	-527.847900390625	-35.27695199210477	-154.43923950195312	-10.283390392776552	-43.418190002441406	-0.2380376443878487	0.0	0.0	0.0	0.0
14.273620128631592	1781096039.0	1781096039.7150373	5	25.0	29.0	12.0	8.0	NeuronSpectrum 10.06.2026 14:49:30	EEG	checkup_149_10.06.2026 14:49:30	500.0	504.6666666666667	True	0.5	40.0	4	True	50.0	30.0	-706.5717163085938	-38.545879927240215	-203.10118103027344	-32.49002176981828	-214.07362365722656	-15.217161679856682	-476.5803527832031	-28.92198590047164	-39.389991760253906	1.2407321670025873	-526.9879760742188	-32.318494148869576	-155.13406372070312	-9.735805298483207	-43.68949890136719	-0.27850116419764864	0.0	0.0	0.0	0.0
14.273622035980225	1781096039.0	1781096039.7150393	5	25.0	29.0	12.0	8.0	NeuronSpectrum 10.06.2026 14:49:30	EEG	checkup_149_10.06.2026 14:49:30	500.0	504.6666666666667	True	0.5	40.0	4	True	50.0	30.0	-740.7138061523438	-26.137452369206976	-213.5108642578125	-30.092269461819612	-225.8172607421875	-12.483867859239844	-501.06976318359375	-21.445447951845928	-42.600711822509766	1.1291019626101004	-553.5883178710938	-23.738757152551045	-163.67245483398438	-7.4250248417820055	-46.15422821044922	0.2207066841777954	0.0	0.0	0.0	0.0
14.273623704910278	1781096039.0	1781096039.715041	5	25.0	29.0	12.0	8.0	NeuronSpectrum 10.06.2026 14:49:30	EEG	checkup_149_10.06.2026 14:49:30	500.0	504.6666666666667	True	0.5	40.0	4	True	50.0	30.0	-800.9957275390625	-8.126576315664982	-229.44921875	-25.529030978252777	-244.25546264648438	-7.587011212121922	-542.1729125976562	-9.814228222148133	-46.175193786621094	1.8592332293331897	-598.5492553710938	-10.540785584215616	-177.13165283203125	-3.566139223465102	-50.02117156982422	1.1949267814402649	0.0	0.0	0.0	0.0
14.273625612258911	1781096039.0	1781096039.7150428	5	25.0	29.0	12.0	8.0	NeuronSpectrum 10.06.2026 14:49:30	EEG	checkup_149_10.06.2026 14:49:30	500.0	504.6666666666667	True	0.5	40.0	4	True	50.0	30.0	-839.8192749023438	12.89209386415755	-238.4467315673828	-19.471563268503974	-255.1824188232422	-1.2299281595278695	-567.8131713867188	4.362229868096166	-47.418338775634766	3.3087997675116596	-626.570556640625	5.389177534555316	-185.04669189453125	1.324365084511605	-52.3635139465332	2.4826566513845125	0.0	0.0	0.0	0.0
14.273627281188965	1781096039.0	1781096039.7150445	5	25.0	29.0	12.0	8.0	NeuronSpectrum 10.06.2026 14:49:30	EEG	checkup_149_10.06.2026 14:49:30	500.0	504.6666666666667	True	0.5	40.0	4	True	50.0	30.0	-792.9594116210938	33.474160475068985	-224.10122680664062	-12.929445031977615	-239.84512329101562	5.532338176361867	-535.1810302734375	18.803641067621555	-43.123233795166016	5.211426307965955	-590.4246215820312	21.44259622623489	-173.6427764892578	6.466280646521183	-49.30345153808594	3.8368853835051033	0.0	0.0	0.0	0.0
14.273629426956177	1781096039.0	1781096039.7150466	5	25.0	29.0	12.0	8.0	NeuronSpectrum 10.06.2026 14:49:30	EEG	checkup_149_10.06.2026 14:49:30	500.0	504.6666666666667	True	0.5	40.0	4	True	50.0	30.0	-617.9689331054688	49.91937906397325	-175.9871826171875	-7.070066721516318	-186.22555541992188	11.480513769502632	-416.3531188964844	30.956572335545662	-31.56473731994629	7.207255859113613	-459.2354736328125	34.741181579608885	-134.1178741455078	10.951224472131402	-38.34016799926758	4.966217820875172	0.0	0.0	0.0	0.0
14.27363133430481	1781096039.0	1781096039.7150486	5	25.0	29.0	12.0	8.0	NeuronSpectrum 10.06.2026 14:49:30	EEG	checkup_149_10.06.2026 14:49:30	500.0	504.6666666666667	True	0.5	40.0	4	True	50.0	30.0	-327.14483642578125	59.14765753250888	-98.0113525390625	-2.9449353609146725	-98.58614349365234	15.521005411876985	-220.13204956054688	38.60307464531925	-14.065391540527344	8.925892112545203	-242.62237548828125	42.817294990737714	-69.656982421875	13.956780435595473	-20.324533462524414	5.600527891875631	0.0	0.0	0.0	0.0
14.273632764816284	1781096039.0	1781096039.71505	5	25.0	29.0	12.0	8.0	NeuronSpectrum 10.06.2026 14:49:30	EEG	checkup_149_10.06.2026 14:49:30	500.0	504.6666666666667	True	0.5	40.0	4	True	50.0	30.0	-736.5302734375	59.5406679303091	-202.05409240722656	-1.216312073986336	-217.55018615722656	16.97682031703985	-491.1124572753906	40.4624253471437	-33.659996032714844	10.07602826902321	-542.4580688476562	44.280483135127525	-156.57574462890625	14.964932846286372	-44.946144104003906	5.559771283774498	0.0	0.0	0.0	0.0
14.273634672164917	1781096039.0	1781096039.715052	5	25.0	29.0	12.0	8.0	NeuronSpectrum 10.06.2026 14:49:30	EEG	checkup_149_10.06.2026 14:49:30	500.0	504.6666666666667	True	0.5	40.0	4	True	50.0	30.0	-736.37109375	51.37026586281812	-200.51730346679688	-1.995872550175605	-215.9934539794922	15.757345005798188	-488.9656677246094	36.5230011481915	-32.17394256591797	10.51096001120324	-540.9256591796875	39.179356306858445	-155.50958251953125	13.894141734598758	-44.93757247924805	4.799268544393631	0.0	0.0	0.0	0.0
14.27363657951355	1781096039.0	1781096039.7150538	5	25.0	29.0	12.0	8.0	NeuronSpectrum 10.06.2026 14:49:30	EEG	checkup_149_10.06.2026 14:49:30	500.0	504.6666666666667	True	0.5	40.0	4	True	50.0	30.0	-741.9143676757812	36.63350415508723	-201.370361328125	-4.854082260482595	-216.79795837402344	12.34367141262897	-491.22149658203125	27.97294406341356	-31.85898780822754	10.250557328770387	-544.478271484375	28.914324757362422	-156.35165405273438	11.096619991084816	-45.60605239868164	3.416083343458645	0.0	0.0	0.0	0.0
14.273638486862183	1781096039.0	1781096039.7150557	5	25.0	29.0	12.0	8.0	NeuronSpectrum 10.06.2026 14:49:30	EEG	checkup_149_10.06.2026 14:49:30	500.0	504.6666666666667	True	0.5	40.0	4	True	50.0	30.0	-751.9741821289062	18.424528813960272	-204.1719970703125	-8.973985327716706	-219.6065216064453	7.620305408462588	-497.1982421875	16.807228465523288	-32.6141357421875	9.459833362720792	-552.1929321289062	15.7885087080626	-158.82223510742188	7.2410065622418385	-46.89647674560547	1.6202815244617161	0.0	0.0	0.0	0.0
14.273640155792236	1781096039.0	1781096039.7150574	5	25.0	29.0	12.0	8.0	NeuronSpectrum 10.06.2026 14:49:30	EEG	checkup_149_10.06.2026 14:49:30	500.0	504.6666666666667	True	0.5	40.0	4	True	50.0	30.0	-759.0337524414062	0.15612494093777385	-206.65499877929688	-13.369566593777554	-222.0450897216797	2.6421189117410613	-501.8352966308594	5.314312020659956	-33.80644989013672	8.398497326221753	-558.2587890625	2.4238181507642254	-161.156494140625	3.143466334593401	-48.287391662597656	-0.31269772629416587	0.0	0.0	0.0	0.0
14.27364182472229	1781096039.0	1781096039.715059	5	25.0	29.0	12.0	8.0	NeuronSpectrum 10.06.2026 14:49:30	EEG	checkup_149_10.06.2026 14:49:30	500.0	504.6666666666667	True	0.5	40.0	4	True	50.0	30.0	-753.2656860351562	-15.087734210658075	-205.85687255859375	-17.090593221779645	-220.94320678710938	-1.5789007201192993	-498.3748779296875	-4.370417610645193	-34.541622161865234	7.359243807273093	-555.0057983398438	-8.747820459590908	-160.99368286132812	-0.3920013558105139	-49.04073715209961	-2.092082153458244	0.0	0.0	0.0	0.0
14.273643493652344	1781096039.0	1781096039.7150607	5	25.0	29.0	12.0	8.0	NeuronSpectrum 10.06.2026 14:49:30	EEG	checkup_149_10.06.2026 14:49:30	500.0	504.6666666666667	True	0.5	40.0	4	True	50.0	30.0	-732.159912109375	-24.94006657611025	-200.70985412597656	-19.370542887083428	-215.20433044433594	-4.223073651843315	-484.794189453125	-10.554267113069091	-34.24460220336914	6.608749923774112	-540.0899658203125	-15.815408577886233	-157.44384765625	-2.691675858947279	-48.813663482666016	-3.4545943871960962	0.0	0.0	0.0	0.0
14.273645401000977	1781096039.0	1781096039.7150626	5	25.0	29.0	12.0	8.0	NeuronSpectrum 10.06.2026 14:49:30	EEG	checkup_149_10.06.2026 14:49:30	500.0	504.6666666666667	True	0.5	40.0	4	True	50.0	30.0	-708.2720947265625	-27.9065032865999	-194.14984130859375	-19.71208593813334	-208.15139770507812	-4.747156508828629	-469.0335388183594	-12.129273070656765	-33.16835021972656	6.339706754972412	-522.3226318359375	-17.550085222670695	-152.77354431152344	-3.286105768777943	-48.17195510864258	-4.19772523625392	0.0	0.0	0.0	0.0
14.27364706993103	1781096039.0	1781096039.7150643	5	25.0	29.0	12.0	8.0	NeuronSpectrum 10.06.2026 14:49:30	EEG	checkup_149_10.06.2026 14:49:30	500.0	504.6666666666667	True	0.5	40.0	4	True	50.0	30.0	-705.3543090820312	-23.406642972121972	-192.222900390625	-17.92928476096154	-206.51463317871094	-2.9279754478007476	-466.5621032714844	-8.635336329702582	-32.32982635498047	6.637466741190211	-518.9683227539062	-13.471830689982752	-151.69192504882812	-1.9555863489870284	-48.40180969238281	-4.205407251939092	0.0	0.0	0.0	0.0
14.273648738861084	1781096039.0	1781096039.715066	5	25.0	29.0	12.0	8.0	NeuronSpectrum 10.06.2026 14:49:30	EEG	checkup_149_10.06.2026 14:49:30	500.0	504.6666666666667	True	0.5	40.0	4	True	50.0	30.0	-740.2902221679688	-11.821032725338661	-199.49148559570312	-14.170063586476385	-215.2801971435547	1.1071504553378668	-488.53533935546875	-0.31521469426618953	-32.70432662963867	7.462356587392037	-542.57763671875	-3.900995710546148	-157.6908416748047	1.235896069275722	-50.449851989746094	-3.468094923587822	0.0	0.0	0.0	0.0
14.273650407791138	1781096039.0	1781096039.7150676	5	25.0	29.0	12.0	8.0	NeuronSpectrum 10.06.2026 14:49:30	EEG	checkup_149_10.06.2026 14:49:30	500.0	504.6666666666667	True	0.5	40.0	4	True	50.0	30.0	-801.286376953125	5.423089953530424	-213.38455200195312	-8.925893519007676	-231.3755340576172	6.8571714332344165	-527.39892578125	11.822189300031585	-34.13793182373047	8.648921317662051	-584.9689331054688	9.984547873865436	-168.56727600097656	5.9164351657287	-53.615882873535156	-2.0952129499005068	0.0	0.0	0.0	0.0
14.273652076721191	1781096039.0	1781096039.7150693	5	25.0	29.0	12.0	8.0	NeuronSpectrum 10.06.2026 14:49:30	EEG	checkup_149_10.06.2026 14:49:30	500.0	504.6666666666667	True	0.5	40.0	4	True	50.0	30.0	-840.69189453125	25.824098165693535	-222.19577026367188	-3.008038462250988	-241.4784393310547	13.458196707713201	-552.0557250976562	25.9954357794515	-34.851341247558594	9.92520542365472	-611.8148803710938	26.155342740270633	-174.8885498046875	11.412842237113287	-55.11045455932617	-0.31227155523043415	0.0	0.0	0.0	0.0
14.273653745651245	1781096039.0	1781096039.715071	5	25.0	29.0	12.0	8.0	NeuronSpectrum 10.06.2026 14:49:30	EEG	checkup_149_10.06.2026 14:49:30	500.0	504.6666666666667	True	0.5	40.0	4	True	50.0	30.0	-794.2424926757812	46.01707214593226	-209.80697631835938	2.5475771700966763	-227.3902587890625	19.775621744324738	-520.4183959960938	39.81736438295528	-32.1499137878418	10.955502481425317	-576.5250244140625	41.9248391984541	-163.82650756835938	16.822620158296974	-51.19668960571289	1.5674347176243537	0.0	0.0	0.0	0.0
14.273655652999878	1781096039.0	1781096039.7150729	5	25.0	29.0	12.0	8.0	NeuronSpectrum 10.06.2026 14:49:30	EEG	checkup_149_10.06.2026 14:49:30	500.0	504.6666666666667	True	0.5	40.0	4	True	50.0	30.0	-619.4766845703125	62.35133331917572	-165.3761444091797	6.669462044786453	-176.96371459960938	24.606736662731485	-404.63385009765625	50.71296814948366	-24.08841896057129	11.405294140236835	-448.2049865722656	54.41646028293247	-126.90508270263672	21.171602129011564	-39.48322677612305	3.20084484106041	0.0	0.0	0.0	0.0
14.273657083511353	1781096039.0	1781096039.7150743	5	25.0	29.0	12.0	8.0	NeuronSpectrum 10.06.2026 14:49:30	EEG	checkup_149_10.06.2026 14:49:30	500.0	504.6666666666667	True	0.5	40.0	4	True	50.0	30.0	-328.70526123046875	71.7568506630432	-91.77115631103516	8.504505528496022	-93.56808471679688	26.963322776899673	-212.79312133789062	56.528898731599526	-11.006153106689453	11.016921185418287	-235.745849609375	61.23699439745107	-66.66522979736328	23.63355012205871	-20.883197784423828	4.292928573883568	0.0	0.0	0.0	0.0
14.324913501739502	1781096039.0	1781096039.7663307	5	25.0	29.0	12.0	8.0	NeuronSpectrum 10.06.2026 14:49:30	EEG	checkup_149_10.06.2026 14:49:30	500.0	504.6666666666667	True	0.5	40.0	4	True	50.0	30.0	-737.7947998046875	72.58577955964	-197.68038940429688	7.650041807030194	-212.67774963378906	26.336956629360955	-484.2759704589844	56.11933253451973	-32.04624557495117	9.674429519962926	-536.2002563476562	61.11929107104009	-150.61558532714844	23.739224468812576	-45.662620544433594	4.66946166472392	0.0	0.0	0.0	0.0
14.324918746948242	1781096039.0	1781096039.766336	5	25.0	29.0	12.0	8.0	NeuronSpectrum 10.06.2026 14:49:30	EEG	checkup_149_10.06.2026 14:49:30	500.0	504.6666666666667	True	0.5	40.0	4	True	50.0	30.0	-737.0707397460938	65.05009267696326	-199.5645294189453	4.264403823613462	-214.3117218017578	22.833566490827266	-485.70745849609375	49.65163241592766	-34.2327766418457	7.435152140275549	-537.5145263671875	54.2527807336504	-151.4339141845703	21.490270590360232	-45.594886779785156	4.316928309381587	0.0	0.0	0.0	0.0
14.324921131134033	1781096039.0	1781096039.7663383	5	25.0	29.0	12.0	8.0	NeuronSpectrum 10.06.2026 14:49:30	EEG	checkup_149_10.06.2026 14:49:30	500.0	504.6666666666667	True	0.5	40.0	4	True	50.0	30.0	-741.8362426757812	51.07190112177225	-202.9797821044922	-0.9896680847026891	-217.79714965820312	17.123491737203043	-491.2483215332031	38.507489846051186	-36.944942474365234	4.517736029326077	-543.2218627929688	42.167161036233736	-154.13180541992188	17.335937567239586	-46.21438217163086	3.3757146079615263	0.0	0.0	0.0	0.0
14.324922800064087	1781096039.0	1781096039.76634	5	25.0	29.0	12.0	8.0	NeuronSpectrum 10.06.2026 14:49:30	EEG	checkup_149_10.06.2026 14:49:30	500.0	504.6666666666667	True	0.5	40.0	4	True	50.0	30.0	-751.0053100585938	33.671688627057634	-207.3052215576172	-7.132085009795075	-222.53872680664062	10.245480315108203	-499.8479309082031	24.862596276223808	-39.81556701660156	1.2539921604171196	-552.22314453125	27.263623644687353	-158.22071838378906	12.037341715362322	-47.31393051147461	2.094236073874512	0.0	0.0	0.0	0.0
14.32492470741272	1781096039.0	1781096039.766342	5	25.0	29.0	12.0	8.0	NeuronSpectrum 10.06.2026 14:49:30	EEG	checkup_149_10.06.2026 14:49:30	500.0	504.6666666666667	True	0.5	40.0	4	True	50.0	30.0	-757.181884765625	16.20206819545406	-210.35728454589844	-13.097428126526884	-226.12210083007812	3.3580176640214114	-506.23785400390625	11.151543826763882	-42.187110900878906	-1.9767989782945998	-558.8291625976562	12.22361357481163	-161.76136779785156	6.484938423831137	-48.25283432006836	0.765293516963858	0.0	0.0	0.0	0.0
14.324926376342773	1781096039.0	1781096039.7663436	5	25.0	29.0	12.0	8.0	NeuronSpectrum 10.06.2026 14:49:30	EEG	checkup_149_10.06.2026 14:49:30	500.0	504.6666666666667	True	0.5	40.0	4	True	50.0	30.0	-750.6430053710938	1.705025989315767	-209.47396850585938	-17.933493478287744	-225.5330047607422	-2.476187442280093	-503.6668701171875	-0.39279552863144895	-43.375892639160156	-4.812310874141522	-555.7308959960938	-0.49575919240053046	-162.313232421875	1.5315746661110827	-48.25013732910156	-0.33405273864428453	0.0	0.0	0.0	0.0
14.324928283691406	1781096039.0	1781096039.7663455	5	25.0	29.0	12.0	8.0	NeuronSpectrum 10.06.2026 14:49:30	EEG	checkup_149_10.06.2026 14:49:30	500.0	504.6666666666667	True	0.5	40.0	4	True	50.0	30.0	-728.9312133789062	-7.479466290118594	-204.0274658203125	-20.927568464681993	-220.02560424804688	-6.430561845423422	-490.3790588378906	-8.034614865393078	-43.22378158569336	-6.958390086791146	-541.078369140625	-8.9808224239299	-159.1308135986328	-2.126013861447758	-47.01361846923828	-0.9862479602898276	0.0	0.0	0.0	0.0
14.32492995262146	1781096039.0	1781096039.7663472	5	25.0	29.0	12.0	8.0	NeuronSpectrum 10.06.2026 14:49:30	EEG	checkup_149_10.06.2026 14:49:30	500.0	504.6666666666667	True	0.5	40.0	4	True	50.0	30.0	-704.5924072265625	-9.877477728384793	-197.4170684814453	-21.663038199642482	-213.4127960205078	-7.983341376825562	-474.8165588378906	-10.67546000172151	-42.51132583618164	-8.223361069656274	-524.1641235351562	-12.00858970472424	-154.93064880371094	-4.016007915954551	-45.24070739746094	-1.0575919579080946	0.0	0.0	0.0	0.0
14.324931859970093	1781096039.0	1781096039.766349	5	25.0	29.0	12.0	8.0	NeuronSpectrum 10.06.2026 14:49:30	EEG	checkup_149_10.06.2026 14:49:30	500.0	504.6666666666667	True	0.5	40.0	4	True	50.0	30.0	-701.335693359375	-4.931398146943	-196.0139617919922	-20.034772735254037	-212.87794494628906	-6.9458114942254126	-473.01776123046875	-7.9103825395653224	-42.68585205078125	-8.537697238359332	-522.5404663085938	-9.102866749869708	-155.0442352294922	-3.929390025401496	-44.398460388183594	-0.5071995989583417	0.0	0.0	0.0	0.0
14.324933528900146	1781096039.0	1781096039.7663507	5	25.0	29.0	12.0	8.0	NeuronSpectrum 10.06.2026 14:49:30	EEG	checkup_149_10.06.2026 14:49:30	500.0	504.6666666666667	True	0.5	40.0	4	True	50.0	30.0	-736.0255126953125	6.948335603556477	-204.40133666992188	-16.254487427923586	-223.54505920410156	-3.4831156836994954	-496.474853515625	-0.07346816357306674	-44.77705764770508	-7.963114642925696	-548.6773681640625	-0.582153217530617	-163.36770629882812	-1.9477812992273797	-45.626564025878906	0.612996441696396	0.0	0.0	0.0	0.0
14.32493543624878	1781096039.0	1781096039.7663527	5	25.0	29.0	12.0	8.0	NeuronSpectrum 10.06.2026 14:49:30	EEG	checkup_149_10.06.2026 14:49:30	500.0	504.6666666666667	True	0.5	40.0	4	True	50.0	30.0	-796.9183349609375	24.299673001146083	-219.6483154296875	-10.856660731306764	-241.937744140625	1.863694629544359	-537.4569091796875	11.70879330526726	-48.12274169921875	-6.69219675369725	-593.86962890625	12.379416572522906	-177.43588256835938	1.5343655331375787	-48.39463424682617	2.1635545135783834	0.0	0.0	0.0	0.0
14.324936866760254	1781096039.0	1781096039.766354	5	25.0	29.0	12.0	8.0	NeuronSpectrum 10.06.2026 14:49:30	EEG	checkup_149_10.06.2026 14:49:30	500.0	504.6666666666667	True	0.5	40.0	4	True	50.0	30.0	-836.4739379882812	44.58992871097032	-229.4167938232422	-4.682967514550591	-253.8260040283203	8.182990039811495	-564.130615234375	25.521133627744724	-49.973716735839844	-5.034082818299798	-622.9479370117188	27.749655463362274	-186.7411346435547	5.814810092729263	-50.02384948730469	3.9304290799206334	0.0	0.0	0.0	0.0
14.324939012527466	1781096039.0	1781096039.7663562	5	25.0	29.0	12.0	8.0	NeuronSpectrum 10.06.2026 14:49:30	EEG	checkup_149_10.06.2026 14:49:30	500.0	504.6666666666667	True	0.5	40.0	4	True	50.0	30.0	-790.53173828125	64.43862885910352	-216.97962951660156	1.1983430394930425	-239.9930877685547	14.27769761165591	-533.4193115234375	38.83769504159774	-46.648738861083984	-3.3783808842535707	-588.4928588867188	42.82479940617394	-176.9728240966797	9.95379876289211	-46.7919921875	5.652019756100229	0.0	0.0	0.0	0.0
14.32494068145752	1781096039.0	1781096039.766358	5	25.0	29.0	12.0	8.0	NeuronSpectrum 10.06.2026 14:49:30	EEG	checkup_149_10.06.2026 14:49:30	500.0	504.6666666666667	True	0.5	40.0	4	True	50.0	30.0	-616.63916015625	80.20489564593572	-171.25299072265625	5.668193238138213	-187.74966430664062	18.865748221752227	-416.76422119140625	48.95412677333347	-35.793663024902344	-2.133458275057635	-459.197021484375	54.69353181158024	-138.59771728515625	12.934304310840972	-36.20081329345703	7.064264144317581	0.0	0.0	0.0	0.0
14.324942588806152	1781096039.0	1781096039.7663598	5	25.0	29.0	12.0	8.0	NeuronSpectrum 10.06.2026 14:49:30	EEG	checkup_149_10.06.2026 14:49:30	500.0	504.6666666666667	True	0.5	40.0	4	True	50.0	30.0	-326.9765930175781	88.85745340358623	-95.41336822509766	7.804759720273656	-100.81755065917969	20.869130994166998	-222.28378295898438	53.613974927078395	-18.291797637939453	-1.6475314762608622	-244.19955444335938	60.9143807569688	-74.28851318359375	13.890479560474203	-18.942153930664062	7.9570151999619	0.0	0.0	0.0	0.0
14.324944019317627	1781096039.0	1781096039.7663612	5	25.0	29.0	12.0	8.0	NeuronSpectrum 10.06.2026 14:49:30	EEG	checkup_149_10.06.2026 14:49:30	500.0	504.6666666666667	True	0.5	40.0	4	True	50.0	30.0	-736.1116333007812	88.81162921723032	-202.46083068847656	7.120080922379933	-224.30113220214844	19.69356878505287	-498.9067077636719	51.61132041260911	-41.831233978271484	-2.134610371461349	-547.5870361328125	60.16806855579873	-166.6227264404297	12.329502234698413	-43.23762893676758	8.222945636346527	0.0	0.0	0.0	0.0
14.32494592666626	1781096039.0	1781096039.7663631	5	25.0	29.0	12.0	8.0	NeuronSpectrum 10.06.2026 14:49:30	EEG	checkup_149_10.06.2026 14:49:30	500.0	504.6666666666667	True	0.5	40.0	4	True	50.0	30.0	-736.3126220703125	80.3555791942132	-203.24957275390625	3.6846263165917286	-225.74908447265625	15.381048200035078	-501.4505615234375	43.1090382915248	-42.164737701416016	-3.6307309627569935	-548.6077880859375	52.59974373278871	-168.45289611816406	8.257200966576526	-43.16643524169922	7.878198714766214	0.0	0.0	0.0	0.0
14.324947595596313	1781096039.0	1781096039.7663648	5	25.0	29.0	12.0	8.0	NeuronSpectrum 10.06.2026 14:49:30	EEG	checkup_149_10.06.2026 14:49:30	500.0	504.6666666666667	True	0.5	40.0	4	True	50.0	30.0	-741.9990844726562	65.48613451339068	-206.1935577392578	-1.9095877475380014	-229.69422912597656	8.57637800898267	-508.7369384765625	29.54558815453149	-43.57192611694336	-5.993840177008991	-554.5447998046875	39.71307514256757	-172.38644409179688	2.16167845046994	-43.36124038696289	7.046710996835565	0.0	0.0	0.0	0.0
14.324949502944946	1781096039.0	1781096039.7663667	5	25.0	29.0	12.0	8.0	NeuronSpectrum 10.06.2026 14:49:30	EEG	checkup_149_10.06.2026 14:49:30	500.0	504.6666666666667	True	0.5	40.0	4	True	50.0	30.0	-752.0156860351562	47.2843117383266	-210.9641571044922	-8.71593143909085	-235.7186737060547	0.34248067024448203	-519.8259887695312	13.213227471656463	-45.98030090332031	-8.941747407766242	-564.5001220703125	23.90890261267483	-178.0723419189453	-5.121009430037123	-43.76423263549805	5.91848079961849	0.0	0.0	0.0	0.0
14.324950933456421	1781096039.0	1781096039.7663682	5	25.0	29.0	12.0	8.0	NeuronSpectrum 10.06.2026 14:49:30	EEG	checkup_149_10.06.2026 14:49:30	500.0	504.6666666666667	True	0.5	40.0	4	True	50.0	30.0	-758.9351806640625	29.142193937155042	-215.37646484375	-15.650315820880724	-241.27821350097656	-8.084459528427733	-529.286376953125	-3.284209714575983	-48.74988555908203	-12.110608610447766	-572.6717529296875	7.898028501120401	-183.53500366210938	-12.592381726804687	-43.99435043334961	4.701927463516866	0.0	0.0	0.0	0.0
14.324952840805054	1781096039.0	1781096039.76637	5	25.0	29.0	12.0	8.0	NeuronSpectrum 10.06.2026 14:49:30	EEG	checkup_149_10.06.2026 14:49:30	500.0	504.6666666666667	True	0.5	40.0	4	True	50.0	30.0	-753.0382080078125	14.121001377616546	-216.4767303466797	-21.685032380193284	-242.9696044921875	-15.515546572259504	-529.9698486328125	-17.503503607795555	-50.9420280456543	-15.116504333704393	-571.3790893554688	-5.8029877039060755	-186.1314697265625	-19.265392159783595	-43.55992126464844	3.5871965766614484	0.0	0.0	0.0	0.0
14.324954271316528	1781096039.0	1781096039.7663715	5	25.0	29.0	12.0	8.0	NeuronSpectrum 10.06.2026 14:49:30	EEG	checkup_149_10.06.2026 14:49:30	500.0	504.6666666666667	True	0.5	40.0	4	True	50.0	30.0	-731.8734130859375	4.567045493119935	-213.1876678466797	-25.983127424077068	-239.57443237304688	-20.963729009113965	-519.64599609375	-27.473164116200643	-51.98826217651367	-17.609672029382384	-558.33349609375	-15.194757794892084	-184.82281494140625	-24.294254243698052	-42.39032745361328	2.7268178760435715	0.0	0.0	0.0	0.0
14.324956178665161	1781096039.0	1781096039.7663734	5	25.0	29.0	12.0	8.0	NeuronSpectrum 10.06.2026 14:49:30	EEG	checkup_149_10.06.2026 14:49:30	500.0	504.6666666666667	True	0.5	40.0	4	True	50.0	30.0	-707.953857421875	1.957690433575986	-208.4903564453125	-27.975149429646205	-234.54930114746094	-23.734366244271968	-506.3726501464844	-31.853841715830043	-52.276771545410156	-19.318246733296572	-542.5324096679688	-18.95084114416221	-182.02645874023438	-27.059179694541434	-41.25740051269531	2.2300884734543507	0.0	0.0	0.0	0.0
14.324957847595215	1781096039.0	1781096039.766375	5	25.0	29.0	12.0	8.0	NeuronSpectrum 10.06.2026 14:49:30	EEG	checkup_149_10.06.2026 14:49:30	500.0	504.6666666666667	True	0.5	40.0	4	True	50.0	30.0	-704.9028930664062	6.858685970749599	-208.49818420410156	-27.402419834897415	-234.92974853515625	-23.47953033828569	-505.94525146484375	-30.018413205526105	-53.01887130737305	-20.082549367045228	-541.4596557617188	-16.486844497221455	-182.8112030029297	-27.223333936422293	-41.52623748779297	2.162069862616161	0.0	0.0	0.0	0.0
14.324959993362427	1781096039.0	1781096039.7663772	5	25.0	29.0	12.0	8.0	NeuronSpectrum 10.06.2026 14:49:30	EEG	checkup_149_10.06.2026 14:49:30	500.0	504.6666666666667	True	0.5	40.0	4	True	50.0	30.0	-739.4839477539062	18.87361549981908	-217.6904754638672	-24.35118076045877	-245.8271942138672	-20.24392397840974	-529.6593627929688	-22.123077666070692	-55.19854736328125	-19.8808223853488	-567.63427734375	-8.02423021421453	-190.84368896484375	-24.779336957006237	-44.094242095947266	2.53871349399867	0.0	0.0	0.0	0.0
14.32496190071106	1781096039.0	1781096039.766379	5	25.0	29.0	12.0	8.0	NeuronSpectrum 10.06.2026 14:49:30	EEG	checkup_149_10.06.2026 14:49:30	500.0	504.6666666666667	True	0.5	40.0	4	True	50.0	30.0	-799.9130859375	36.55375330738278	-233.07473754882812	-19.280631690569265	-263.7235412597656	-14.505444961281114	-569.5062866210938	-9.183825803641657	-58.22736740112305	-18.843144743553022	-612.3128051757812	5.3330255119991055	-203.46881103515625	-20.084904472799938	-48.135921478271484	3.3159988965770024	0.0	0.0	0.0	0.0
14.324963569641113	1781096039.0	1781096039.7663808	5	25.0	29.0	12.0	8.0	NeuronSpectrum 10.06.2026 14:49:30	EEG	checkup_149_10.06.2026 14:49:30	500.0	504.6666666666667	True	0.5	40.0	4	True	50.0	30.0	-838.7335205078125	57.366868941957435	-242.1973114013672	-13.016650593906121	-274.2227478027344	-7.177045248589341	-593.3082885742188	6.911845459539976	-59.44068145751953	-17.244756558229362	-640.0916137695312	21.58468383426076	-210.09719848632812	-13.861690018920514	-50.725852966308594	4.379976856758964	0.0	0.0	0.0	0.0
14.324965476989746	1781096039.0	1781096039.7663827	5	25.0	29.0	12.0	8.0	NeuronSpectrum 10.06.2026 14:49:30	EEG	checkup_149_10.06.2026 14:49:30	500.0	504.6666666666667	True	0.5	40.0	4	True	50.0	30.0	-791.989013671875	77.90724990546714	-228.19107055664062	-6.664896117721124	-257.90325927734375	0.4847789923432443	-557.811767578125	23.580153456167178	-55.188323974609375	-15.468284867112459	-603.2495727539062	38.017697536040444	-196.55722045898438	-7.117486942828725	-48.01546859741211	5.5505488090649955	0.0	0.0	0.0	0.0
14.3249671459198	1781096039.0	1781096039.7663844	5	25.0	29.0	12.0	8.0	NeuronSpectrum 10.06.2026 14:49:30	EEG	checkup_149_10.06.2026 14:49:30	500.0	504.6666666666667	True	0.5	40.0	4	True	50.0	30.0	-617.4669189453125	94.47557552306567	-179.96273803710938	-1.415297492968865	-202.0559539794922	7.09879630413257	-434.76727294921875	37.98405797726759	-43.10858154296875	-13.931337900306383	-470.4181823730469	51.6771507418273	-153.734375	-0.9691543775274505	-37.5167236328125	6.609000434111103	0.0	0.0	0.0	0.0
14.324968814849854	1781096039.0	1781096039.766386	5	25.0	29.0	12.0	8.0	NeuronSpectrum 10.06.2026 14:49:30	EEG	checkup_149_10.06.2026 14:49:30	500.0	504.6666666666667	True	0.5	40.0	4	True	50.0	30.0	-327.50244140625	103.95144388180022	-100.96467590332031	1.7323515333668693	-110.74911499023438	11.472703325577239	-233.22897338867188	47.681302814502054	-24.099720001220703	-12.991721234770367	-251.17039489746094	60.058204080805794	-84.90771484375	3.60599269460345	-20.033540725708008	7.346774640438004	0.0	0.0	0.0	0.0
14.375686645507812	1781096039.0	1781096039.8171039	5	25.0	29.0	12.0	8.0	NeuronSpectrum 10.06.2026 14:49:30	EEG	checkup_149_10.06.2026 14:49:30	500.0	504.6666666666667	True	0.5	40.0	4	True	50.0	30.0	-735.0530395507812	104.64441564960255	-210.91387939453125	2.2280688390930594	-236.04115295410156	12.90525139609994	-509.49969482421875	51.2521935251515	-49.772159576416016	-12.85878104508968	-556.77978515625	61.77457837934752	-176.44007873535156	6.007678134949443	-43.643680572509766	7.618009283423093	0.0	0.0	0.0	0.0
14.37569260597229	1781096039.0	1781096039.8171098	5	25.0	29.0	12.0	8.0	NeuronSpectrum 10.06.2026 14:49:30	EEG	checkup_149_10.06.2026 14:49:30	500.0	504.6666666666667	True	0.5	40.0	4	True	50.0	30.0	-734.7764892578125	96.74301894483379	-211.22584533691406	0.10725745318262259	-235.27545166015625	11.351385645505136	-506.8245849609375	48.638455330351974	-50.1319465637207	-13.54295689112322	-555.928466796875	56.91138081013379	-174.8867645263672	6.143260700120004	-43.20718002319336	7.373188890999653	0.0	0.0	0.0	0.0
14.375694751739502	1781096039.0	1781096039.817112	5	25.0	29.0	12.0	8.0	NeuronSpectrum 10.06.2026 14:49:30	EEG	checkup_149_10.06.2026 14:49:30	500.0	504.6666666666667	True	0.5	40.0	4	True	50.0	30.0	-740.3369140625	82.17548667251135	-213.4735870361328	-4.050991490435619	-236.73001098632812	7.3882190323781725	-508.5340270996094	41.06119256331594	-51.16876983642578	-14.860811158508437	-559.5364379882812	46.91976610885168	-175.04217529296875	4.40425561840207	-43.23554992675781	6.661547198089452	0.0	0.0	0.0	0.0
14.375696897506714	1781096039.0	1781096039.817114	5	25.0	29.0	12.0	8.0	NeuronSpectrum 10.06.2026 14:49:30	EEG	checkup_149_10.06.2026 14:49:30	500.0	504.6666666666667	True	0.5	40.0	4	True	50.0	30.0	-750.5509033203125	64.0039414879248	-217.08999633789062	-9.308509255490996	-239.91896057128906	2.018884450770976	-513.7571411132812	30.600885830373326	-52.54098129272461	-16.48931496779523	-566.5650024414062	34.146405846329955	-176.49215698242188	1.5170013431911142	-43.73992919921875	5.60721469213801	0.0	0.0	0.0	0.0
14.375698804855347	1781096039.0	1781096039.817116	5	25.0	29.0	12.0	8.0	NeuronSpectrum 10.06.2026 14:49:30	EEG	checkup_149_10.06.2026 14:49:30	500.0	504.6666666666667	True	0.5	40.0	4	True	50.0	30.0	-757.8862915039062	45.65687841012648	-219.76846313476562	-14.607787746412866	-242.36941528320312	-3.588233577585074	-517.333740234375	19.651407846646972	-53.51823425292969	-18.046921596526072	-571.3056640625	21.231776183061697	-177.38619995117188	-1.6580387619664907	-44.304439544677734	4.374625744299924	0.0	0.0	0.0	0.0
14.37570071220398	1781096039.0	1781096039.817118	5	25.0	29.0	12.0	8.0	NeuronSpectrum 10.06.2026 14:49:30	EEG	checkup_149_10.06.2026 14:49:30	500.0	504.6666666666667	True	0.5	40.0	4	True	50.0	30.0	-752.4778442382812	30.277204940557596	-218.62205505371094	-18.983877093420883	-240.88961791992188	-8.333016881785438	-512.5379638671875	10.443903796031996	-53.28591537475586	-19.17648988392275	-566.3839111328125	10.592607749726495	-175.3818817138672	-4.307337498150084	-44.3261604309082	3.1373392374516946	0.0	0.0	0.0	0.0
14.375702381134033	1781096039.0	1781096039.8171196	5	25.0	29.0	12.0	8.0	NeuronSpectrum 10.06.2026 14:49:30	EEG	checkup_149_10.06.2026 14:49:30	500.0	504.6666666666667	True	0.5	40.0	4	True	50.0	30.0	-731.7360229492188	20.315426229168903	-212.85699462890625	-21.704697529173345	-234.54783630371094	-11.34216116057509	-497.5406188964844	4.736872761603386	-51.56382369995117	-19.611816390030107	-549.8778686523438	4.093326678388763	-169.8279266357422	-5.787669953681622	-43.61050796508789	2.056441059127305	0.0	0.0	0.0	0.0
14.375704050064087	1781096039.0	1781096039.8171213	5	25.0	29.0	12.0	8.0	NeuronSpectrum 10.06.2026 14:49:30	EEG	checkup_149_10.06.2026 14:49:30	500.0	504.6666666666667	True	0.5	40.0	4	True	50.0	30.0	-708.0867919921875	17.347467919065497	-205.91000366210938	-22.338020714462708	-227.06814575195312	-12.051541999876676	-480.60833740234375	3.666244433795858	-49.088829040527344	-19.218774207300353	-531.03515625	2.897389797292047	-163.51040649414062	-5.689185507860349	-42.858360290527344	1.2668571117701128	0.0	0.0	0.0	0.0
14.37570595741272	1781096039.0	1781096039.8171232	5	25.0	29.0	12.0	8.0	NeuronSpectrum 10.06.2026 14:49:30	EEG	checkup_149_10.06.2026 14:49:30	500.0	504.6666666666667	True	0.5	40.0	4	True	50.0	30.0	-705.1368408203125	22.00767647081981	-204.38816833496094	-20.770573013363546	-225.66171264648438	-10.240390497679376	-477.5375671386719	7.686953265955733	-47.38357162475586	-18.010087745821505	-527.4168090820312	7.419994761127735	-161.78341674804688	-3.8586416626392737	-43.44101333618164	0.8657611242746998	0.0	0.0	0.0	0.0
14.375707626342773	1781096039.0	1781096039.8171248	5	25.0	29.0	12.0	8.0	NeuronSpectrum 10.06.2026 14:49:30	EEG	checkup_149_10.06.2026 14:49:30	500.0	504.6666666666667	True	0.5	40.0	4	True	50.0	30.0	-739.6932983398438	33.92539881580928	-213.10638427734375	-17.209310453218315	-235.50634765625	-6.048938765064394	-499.603271484375	16.532927104028182	-47.66001892089844	-16.137555730537233	-551.5762329101562	17.298309082452565	-168.5082244873047	-0.4073974952730872	-46.30168151855469	0.8981330993421622	0.0	0.0	0.0	0.0
14.375709533691406	1781096039.0	1781096039.8171268	5	25.0	29.0	12.0	8.0	NeuronSpectrum 10.06.2026 14:49:30	EEG	checkup_149_10.06.2026 14:49:30	500.0	504.6666666666667	True	0.5	40.0	4	True	50.0	30.0	-800.0424194335938	51.63682681251227	-229.077880859375	-12.17625200596321	-253.0725555419922	0.010814153133258064	-538.9970703125	29.174893830619837	-49.48068618774414	-13.866065730295858	-594.97314453125	31.353662848003662	-181.1415557861328	4.286503215999912	-50.62754821777344	1.34014208311506	0.0	0.0	0.0	0.0
14.375711441040039	1781096039.0	1781096039.8171287	5	25.0	29.0	12.0	8.0	NeuronSpectrum 10.06.2026 14:49:30	EEG	checkup_149_10.06.2026 14:49:30	500.0	504.6666666666667	True	0.5	40.0	4	True	50.0	30.0	-838.788330078125	72.56861878450151	-239.48458862304688	-6.477326313951197	-263.9168701171875	7.076498992899178	-564.01806640625	43.836007436494	-50.27421569824219	-11.531227893758333	-622.6560668945312	47.610200428773084	-189.0952606201172	9.59836580229581	-53.4246711730957	2.0886048768802263	0.0	0.0	0.0	0.0
14.375713109970093	1781096039.0	1781096039.8171303	5	25.0	29.0	12.0	8.0	NeuronSpectrum 10.06.2026 14:49:30	EEG	checkup_149_10.06.2026 14:49:30	500.0	504.6666666666667	True	0.5	40.0	4	True	50.0	30.0	-792.00390625	93.26900598478096	-226.87081909179688	-1.1056079737732227	-248.55029296875	14.036037032676377	-531.8926391601562	58.17611949054651	-46.41938018798828	-9.480759119914882	-587.4038696289062	63.492251526410094	-178.02601623535156	14.731889878440706	-50.719852447509766	2.9689863826979024	0.0	0.0	0.0	0.0
14.375714778900146	1781096039.0	1781096039.817132	5	25.0	29.0	12.0	8.0	NeuronSpectrum 10.06.2026 14:49:30	EEG	checkup_149_10.06.2026 14:49:30	500.0	504.6666666666667	True	0.5	40.0	4	True	50.0	30.0	-617.4771118164062	110.00649336490368	-179.60528564453125	2.9457990773642724	-194.16099548339844	19.736587248362884	-414.3854675292969	69.71733655496693	-35.485774993896484	-8.003350264098207	-457.9901123046875	76.2824201171119	-138.44647216796875	18.87005896579922	-39.9349479675293	3.769951054766251	0.0	0.0	0.0	0.0
14.37571668624878	1781096039.0	1781096039.817134	5	25.0	29.0	12.0	8.0	NeuronSpectrum 10.06.2026 14:49:30	EEG	checkup_149_10.06.2026 14:49:30	500.0	504.6666666666667	True	0.5	40.0	4	True	50.0	30.0	-327.5354919433594	119.65177473589446	-100.90400695800781	4.932104358540639	-104.66112518310547	23.26882118725734	-219.77671813964844	76.44721199835176	-18.184173583984375	-7.25843816317057	-243.44895935058594	83.77355273397929	-73.1411361694336	21.37852633252282	-21.908693313598633	4.29878666695475	0.0	0.0	0.0	0.0
14.375718355178833	1781096039.0	1781096039.8171356	5	25.0	29.0	12.0	8.0	NeuronSpectrum 10.06.2026 14:49:30	EEG	checkup_149_10.06.2026 14:49:30	500.0	504.6666666666667	True	0.5	40.0	4	True	50.0	30.0	-734.9498901367188	120.52564913900353	-213.13365173339844	4.576893136021247	-229.38304138183594	24.224629299988894	-492.6749267578125	77.38234444492656	-41.901329040527344	-7.229682841792468	-544.396240234375	84.87900900618564	-164.19241333007812	21.98846459354604	-47.1310920715332	4.436884685941035	0.0	0.0	0.0	0.0
14.375720024108887	1781096039.0	1781096039.8171372	5	25.0	29.0	12.0	8.0	NeuronSpectrum 10.06.2026 14:49:30	EEG	checkup_149_10.06.2026 14:49:30	500.0	504.6666666666667	True	0.5	40.0	4	True	50.0	30.0	-734.3849487304688	112.83455586360503	-213.73599243164062	2.1615738942911573	-228.63848876953125	22.811359728253827	-492.04827880859375	72.83795657455869	-41.82394790649414	-7.723446151932881	-543.4544067382812	79.92417602797462	-163.7252655029297	20.874995325976442	-46.88841247558594	4.170468226420109	0.0	0.0	0.0	0.0
14.37572169303894	1781096039.0	1781096039.817139	5	25.0	29.0	12.0	8.0	NeuronSpectrum 10.06.2026 14:49:30	EEG	checkup_149_10.06.2026 14:49:30	500.0	504.6666666666667	True	0.5	40.0	4	True	50.0	30.0	-739.5084838867188	98.51398340589242	-215.37765502929688	-1.559973171427995	-229.27076721191406	19.770796068636844	-494.86761474609375	64.28649771836172	-41.97531509399414	-8.417291573008274	-546.3049926757812	70.49229022827943	-164.23915100097656	18.594529404380673	-46.94950485229492	3.5843649299389777	0.0	0.0	0.0	0.0
14.375723600387573	1781096039.0	1781096039.8171408	5	25.0	29.0	12.0	8.0	NeuronSpectrum 10.06.2026 14:49:30	EEG	checkup_149_10.06.2026 14:49:30	500.0	504.6666666666667	True	0.5	40.0	4	True	50.0	30.0	-749.2246704101562	80.60959363252738	-217.50576782226562	-5.578018418015698	-230.76358032226562	16.149589212539507	-500.1974792480469	53.89966878025142	-42.085758209228516	-8.94223229411217	-552.0164184570312	58.92858834050751	-165.36009216308594	15.915765959072303	-47.251739501953125	2.826402990516562	0.0	0.0	0.0	0.0
14.375725507736206	1781096039.0	1781096039.8171427	5	25.0	29.0	12.0	8.0	NeuronSpectrum 10.06.2026 14:49:30	EEG	checkup_149_10.06.2026 14:49:30	500.0	504.6666666666667	True	0.5	40.0	4	True	50.0	30.0	-756.148193359375	62.50733878204713	-218.02865600585938	-8.880118751333292	-230.82992553710938	13.025578493612073	-503.0189208984375	43.9922930425394	-41.6332893371582	-8.970698944165106	-555.13330078125	47.741408231777385	-165.43576049804688	13.620741849868384	-47.336666107177734	2.0618667120377276	0.0	0.0	0.0	0.0
14.375727415084839	1781096039.0	1781096039.8171446	5	25.0	29.0	12.0	8.0	NeuronSpectrum 10.06.2026 14:49:30	EEG	checkup_149_10.06.2026 14:49:30	500.0	504.6666666666667	True	0.5	40.0	4	True	50.0	30.0	-750.5667114257812	47.29188057239627	-214.37026977539062	-10.654998570265763	-226.58981323242188	11.284825929202112	-496.8651428222656	36.56536128200856	-40.04349136352539	-8.284968993386082	-548.5755615234375	39.11399498809376	-162.386474609375	12.344901474119661	-46.61101150512695	1.4358655121005806	0.0	0.0	0.0	0.0
14.375728845596313	1781096039.0	1781096039.817146	5	25.0	29.0	12.0	8.0	NeuronSpectrum 10.06.2026 14:49:30	EEG	checkup_149_10.06.2026 14:49:30	500.0	504.6666666666667	True	0.5	40.0	4	True	50.0	30.0	-729.9766845703125	37.359628214411586	-205.94650268554688	-10.405376689685827	-217.34837341308594	11.495614442314128	-480.1161804199219	33.041084429577296	-37.11149597167969	-6.812257738213885	-530.5905151367188	34.624952265746344	-155.707275390625	12.48939897682321	-44.957244873046875	1.0520434770257265	0.0	0.0	0.0	0.0
14.375730752944946	1781096039.0	1781096039.817148	5	25.0	29.0	12.0	8.0	NeuronSpectrum 10.06.2026 14:49:30	EEG	checkup_149_10.06.2026 14:49:30	500.0	504.6666666666667	True	0.5	40.0	4	True	50.0	30.0	-706.7662963867188	34.258484587484595	-196.16053771972656	-7.9738280506284145	-206.8428497314453	13.875106523762497	-461.0865173339844	34.175410357817114	-33.35284423828125	-4.625211442386961	-510.3638916015625	35.157465914291805	-148.08419799804688	14.201736396702648	-43.22123718261719	0.9662050828723031	0.0	0.0	0.0	0.0
14.375732183456421	1781096039.0	1781096039.8171494	5	25.0	29.0	12.0	8.0	NeuronSpectrum 10.06.2026 14:49:30	EEG	checkup_149_10.06.2026 14:49:30	500.0	504.6666666666667	True	0.5	40.0	4	True	50.0	30.0	-704.3818969726562	38.636164581378495	-191.42611694335938	-3.5152659403894004	-202.1656494140625	18.312122970341573	-455.5470886230469	40.06749514425086	-29.89351463317871	-1.915856508994674	-505.2537841796875	40.906325830712774	-144.6194305419922	17.397160398378936	-42.96240234375	1.1873304689314237	0.0	0.0	0.0	0.0
14.375734090805054	1781096039.0	1781096039.8171513	5	25.0	29.0	12.0	8.0	NeuronSpectrum 10.06.2026 14:49:30	EEG	checkup_149_10.06.2026 14:49:30	500.0	504.6666666666667	True	0.5	40.0	4	True	50.0	30.0	-739.4186401367188	50.178943222083404	-196.53419494628906	2.5450321988779314	-208.5951690673828	24.404060239823174	-474.9584655761719	50.17952118120332	-27.77284049987793	1.0447427800803135	-527.7608032226562	51.38736207478051	-149.1188507080078	21.78912771272092	-45.3024787902832	1.6779617960147228	0.0	0.0	0.0	0.0
14.375735759735107	1781096039.0	1781096039.817153	5	25.0	29.0	12.0	8.0	NeuronSpectrum 10.06.2026 14:49:30	EEG	checkup_149_10.06.2026 14:49:30	500.0	504.6666666666667	True	0.5	40.0	4	True	50.0	30.0	-800.01171875	67.5107129044487	-208.99977111816406	9.5480779528439	-223.28216552734375	31.487552392460472	-512.17724609375	63.33385399461844	-27.034526824951172	3.950152631474752	-569.7405395507812	65.41543845927134	-159.56280517578125	26.91278966855085	-49.531097412109375	2.351169688842278	0.0	0.0	0.0	0.0
14.37573766708374	1781096039.0	1781096039.817155	5	25.0	29.0	12.0	8.0	NeuronSpectrum 10.06.2026 14:49:30	EEG	checkup_149_10.06.2026 14:49:30	500.0	504.6666666666667	True	0.5	40.0	4	True	50.0	30.0	-838.7596435546875	88.15259758552791	-217.07778930664062	16.645301197295154	-233.03724670410156	38.67872382240607	-536.6008911132812	77.73892986666637	-26.310392379760742	6.49972497959791	-597.10986328125	81.11206865116786	-166.52084350585938	32.15195751627408	-52.6307258605957	3.069548663090122	0.0	0.0	0.0	0.0
14.375739097595215	1781096039.0	1781096039.8171563	5	25.0	29.0	12.0	8.0	NeuronSpectrum 10.06.2026 14:49:30	EEG	checkup_149_10.06.2026 14:49:30	500.0	504.6666666666667	True	0.5	40.0	4	True	50.0	30.0	-791.8733520507812	108.72683168619008	-204.51202392578125	22.886280935861002	-219.6464080810547	44.96450368613649	-506.5074157714844	91.15240574576399	-23.392257690429688	8.436667238184702	-563.6021728515625	96.06738667360582	-156.95758056640625	36.79922116555703	-50.476078033447266	3.657330816457755	0.0	0.0	0.0	0.0
14.375741004943848	1781096039.0	1781096039.8171582	5	25.0	29.0	12.0	8.0	NeuronSpectrum 10.06.2026 14:49:30	EEG	checkup_149_10.06.2026 14:49:30	500.0	504.6666666666667	True	0.5	40.0	4	True	50.0	30.0	-617.3294677734375	125.53443281865984	-160.25636291503906	27.376612056465966	-170.74209594726562	49.37516237527063	-393.9772033691406	101.26004610420006	-16.590160369873047	9.583747204457687	-438.4134826660156	107.74720756887855	-122.00544738769531	40.17180616203529	-40.26360321044922	3.9338692090720766	0.0	0.0	0.0	0.0
14.375742435455322	1781096039.0	1781096039.8171597	5	25.0	29.0	12.0	8.0	NeuronSpectrum 10.06.2026 14:49:30	EEG	checkup_149_10.06.2026 14:49:30	500.0	504.6666666666667	True	0.5	40.0	4	True	50.0	30.0	-327.5673828125	135.4297528242947	-86.9549789428711	29.485159192975047	-89.27848052978516	51.21481731952527	-206.44493103027344	106.22058629731616	-6.003189563751221	9.873227320099701	-230.0337371826172	114.0923770891455	-63.7264518737793	41.768435342029704	-22.624114990234375	3.7642465766300024	0.0	0.0	0.0	0.0
14.42655062675476	1781096039.0	1781096039.8679678	5	25.0	29.0	12.0	8.0	NeuronSpectrum 10.06.2026 14:49:30	EEG	checkup_149_10.06.2026 14:49:30	500.0	504.6666666666667	True	0.5	40.0	4	True	50.0	30.0	-733.7935180664062	136.67742862202124	-192.53123474121094	29.024672244160104	-207.90853881835938	50.26448702150394	-475.0783996582031	105.17787056614534	-22.643394470214844	9.361817693525111	-525.9349365234375	114.090769199526	-148.3037567138672	41.4084982007288	-48.948143005371094	3.108033615167106	0.0	0.0	0.0	0.0
14.426555871963501	1781096039.0	1781096039.867973	5	25.0	29.0	12.0	8.0	NeuronSpectrum 10.06.2026 14:49:30	EEG	checkup_149_10.06.2026 14:49:30	500.0	504.6666666666667	True	0.5	40.0	4	True	50.0	30.0	-732.8970336914062	129.4101045054178	-193.84007263183594	26.3168729167135	-209.736572265625	46.85777415876815	-477.2373962402344	98.50222747202808	-23.869388580322266	8.22104239808476	-526.5429077148438	108.05685192050463	-149.23822021484375	39.28435290034332	-49.428382873535156	2.04290535476614	0.0	0.0	0.0	0.0
14.426558017730713	1781096039.0	1781096039.8679752	5	25.0	29.0	12.0	8.0	NeuronSpectrum 10.06.2026 14:49:30	EEG	checkup_149_10.06.2026 14:49:30	500.0	504.6666666666667	True	0.5	40.0	4	True	50.0	30.0	-737.8279418945312	115.49882221061756	-195.9982452392578	22.10497859656747	-212.59002685546875	41.78733907004225	-482.5454406738281	87.65146013702893	-25.09322166442871	6.701683224574997	-530.6134033203125	97.49439136700687	-150.91769409179688	35.898324989725744	-49.99428939819336	0.7517200257837791	0.0	0.0	0.0	0.0
14.426559925079346	1781096039.0	1781096039.8679771	5	25.0	29.0	12.0	8.0	NeuronSpectrum 10.06.2026 14:49:30	EEG	checkup_149_10.06.2026 14:49:30	500.0	504.6666666666667	True	0.5	40.0	4	True	50.0	30.0	-747.4533081054688	97.95544294359591	-198.44735717773438	17.355253221094266	-215.86196899414062	36.08841960194097	-489.97857666015625	74.74169905526584	-26.028350830078125	5.082428916635212	-537.239013671875	84.63828010390849	-153.00144958496094	31.91762360255592	-50.55690383911133	-0.5193186141041932	0.0	0.0	0.0	0.0
14.426561832427979	1781096039.0	1781096039.867979	5	25.0	29.0	12.0	8.0	NeuronSpectrum 10.06.2026 14:49:30	EEG	checkup_149_10.06.2026 14:49:30	500.0	504.6666666666667	True	0.5	40.0	4	True	50.0	30.0	-754.2972412109375	80.16993731061744	-199.29541015625	13.03365771883413	-217.37393188476562	30.79551085404681	-494.6281433105469	62.03424484303719	-26.32344627380371	3.618702995842917	-541.1724243164062	71.89986575011099	-153.9879608154297	28.014492188538753	-50.725826263427734	-1.512514331735109	0.0	0.0	0.0	0.0
14.426563501358032	1781096039.0	1781096039.8679807	5	25.0	29.0	12.0	8.0	NeuronSpectrum 10.06.2026 14:49:30	EEG	checkup_149_10.06.2026 14:49:30	500.0	504.6666666666667	True	0.5	40.0	4	True	50.0	30.0	-748.5383911132812	65.25898845185878	-196.30247497558594	9.93256917483256	-214.52902221679688	26.75583245981344	-490.3263854980469	51.52107115926521	-25.717256546020508	2.5049068986343013	-535.6713256835938	61.415385345513855	-152.04525756835938	24.748597074411244	-50.001686096191406	-2.003371646428074	0.0	0.0	0.0	0.0
14.426565408706665	1781096039.0	1781096039.8679826	5	25.0	29.0	12.0	8.0	NeuronSpectrum 10.06.2026 14:49:30	EEG	checkup_149_10.06.2026 14:49:30	500.0	504.6666666666667	True	0.5	40.0	4	True	50.0	30.0	-727.587158203125	55.65626651629614	-189.1945343017578	8.580037785326642	-207.0071563720703	24.535348558039527	-475.87030029296875	44.68934221852639	-24.35150146484375	1.8557911170908006	-519.3262939453125	54.78589115691565	-146.9977569580078	22.51355157511669	-48.24337387084961	-1.8298812533902675	0.0	0.0	0.0	0.0
14.42656683921814	1781096039.0	1781096039.867984	5	25.0	29.0	12.0	8.0	NeuronSpectrum 10.06.2026 14:49:30	EEG	checkup_149_10.06.2026 14:49:30	500.0	504.6666666666667	True	0.5	40.0	4	True	50.0	30.0	-703.8079833984375	52.9259498851344	-181.46958923339844	9.22148546088873	-198.8673553466797	24.40494136357236	-459.95245361328125	42.442530067204835	-22.96891212463379	1.7051884779269277	-501.5126037597656	52.985533783364204	-141.88055419921875	21.53491841017445	-46.04356384277344	-0.9069457483744747	0.0	0.0	0.0	0.0
14.426568746566772	1781096039.0	1781096039.867986	5	25.0	29.0	12.0	8.0	NeuronSpectrum 10.06.2026 14:49:30	EEG	checkup_149_10.06.2026 14:49:30	500.0	504.6666666666667	True	0.5	40.0	4	True	50.0	30.0	-700.7135009765625	57.69262318413693	-179.31570434570312	11.838394874355723	-197.29473876953125	26.365454889690465	-458.45184326171875	45.09539982316471	-22.655933380126953	2.0156356441858163	-499.50067138671875	56.34989021669813	-141.99600219726562	21.887233153231858	-44.54007339477539	0.7684792407531824	0.0	0.0	0.0	0.0
14.426570415496826	1781096039.0	1781096039.8679876	5	25.0	29.0	12.0	8.0	NeuronSpectrum 10.06.2026 14:49:30	EEG	checkup_149_10.06.2026 14:49:30	500.0	504.6666666666667	True	0.5	40.0	4	True	50.0	30.0	-735.0587158203125	69.57798479256807	-187.04312133789062	16.167397513884353	-207.2984161376953	30.16900195215136	-482.4593200683594	52.35976939750446	-24.07743263244629	2.691638774229216	-525.4073486328125	64.55584115128633	-150.9515838623047	23.498540034592068	-44.54448699951172	3.1157614205780866	0.0	0.0	0.0	0.0
14.426572322845459	1781096039.0	1781096039.8679895	5	25.0	29.0	12.0	8.0	NeuronSpectrum 10.06.2026 14:49:30	EEG	checkup_149_10.06.2026 14:49:30	500.0	504.6666666666667	True	0.5	40.0	4	True	50.0	30.0	-795.1966552734375	87.11656631105426	-201.6575927734375	21.705695387252565	-225.4074249267578	35.31990791263443	-523.954833984375	63.29636535852174	-26.64386749267578	3.592479911754451	-570.5276489257812	76.56780015435896	-165.9585418701172	26.1321991435989	-45.502899169921875	5.970915102045345	0.0	0.0	0.0	0.0
14.426573753356934	1781096039.0	1781096039.867991	5	25.0	29.0	12.0	8.0	NeuronSpectrum 10.06.2026 14:49:30	EEG	checkup_149_10.06.2026 14:49:30	500.0	504.6666666666667	True	0.5	40.0	4	True	50.0	30.0	-833.92626953125	107.74556099640239	-211.14239501953125	27.723133444447097	-237.66163635253906	41.07863980227464	-551.21240234375	76.2953019452043	-28.32176971435547	4.545700376766641	-600.2557373046875	90.61923532370943	-176.36167907714844	29.36705362353761	-45.17823791503906	9.09340958309394	0.0	0.0	0.0	0.0
14.426575660705566	1781096039.0	1781096039.8679929	5	25.0	29.0	12.0	8.0	NeuronSpectrum 10.06.2026 14:49:30	EEG	checkup_149_10.06.2026 14:49:30	500.0	504.6666666666667	True	0.5	40.0	4	True	50.0	30.0	-787.5536499023438	128.04153796115844	-199.3489532470703	33.32452364868628	-225.26773071289062	46.519663236831974	-521.632080078125	89.2047532986366	-26.498096466064453	5.366175016524029	-568.0475463867188	104.35934781428885	-167.92572021484375	32.61841590874693	-40.60811996459961	12.187597488750864	0.0	0.0	0.0	0.0
14.42657732963562	1781096039.0	1781096039.8679945	5	25.0	29.0	12.0	8.0	NeuronSpectrum 10.06.2026 14:49:30	EEG	checkup_149_10.06.2026 14:49:30	500.0	504.6666666666667	True	0.5	40.0	4	True	50.0	30.0	-613.9890747070312	144.32091439061213	-155.63858032226562	37.594641780420936	-175.77890014648438	50.68227316569548	-407.1421813964844	99.69412107431614	-19.54605484008789	5.884387959896983	-443.1551818847656	115.25718432073033	-131.26693725585938	35.23328716163607	-29.960187911987305	14.94368576951657	0.0	0.0	0.0	0.0
14.426579236984253	1781096039.0	1781096039.8679965	5	25.0	29.0	12.0	8.0	NeuronSpectrum 10.06.2026 14:49:30	EEG	checkup_149_10.06.2026 14:49:30	500.0	504.6666666666667	True	0.5	40.0	4	True	50.0	30.0	-325.4593200683594	153.5177680217739	-83.10739135742188	39.80850117325252	-92.65704345703125	52.79690947352447	-215.91433715820312	105.8043497382432	-8.086492538452148	5.98050195632277	-234.38333129882812	121.20872450208832	-69.05657196044922	36.6499396094325	-14.076654434204102	17.09270511719541	0.0	0.0	0.0	0.0
14.426580667495728	1781096039.0	1781096039.867998	5	25.0	29.0	12.0	8.0	NeuronSpectrum 10.06.2026 14:49:30	EEG	checkup_149_10.06.2026 14:49:30	500.0	504.6666666666667	True	0.5	40.0	4	True	50.0	30.0	-731.9406127929688	154.02193288702034	-184.84982299804688	39.63111237057169	-210.30654907226562	52.50261887597763	-484.0415954589844	106.48349111588068	-23.9399356842041	5.6127066450399745	-529.1043090820312	121.12372297543111	-157.11328125	36.56040019531439	-32.796077728271484	18.458383644129537	0.0	0.0	0.0	0.0
14.42658257484436	1781096039.0	1781096039.8679998	5	25.0	29.0	12.0	8.0	NeuronSpectrum 10.06.2026 14:49:30	EEG	checkup_149_10.06.2026 14:49:30	500.0	504.6666666666667	True	0.5	40.0	4	True	50.0	30.0	-731.7183837890625	146.10123678001545	-184.6419677734375	37.214389085683045	-210.00958251953125	49.952103562011835	-482.423095703125	101.8626591846692	-23.772682189941406	4.826777860434854	-528.3795776367188	115.22319527791515	-156.34938049316406	34.998205989077725	-31.77838134765625	18.986108115320643	0.0	0.0	0.0	0.0
14.426584243774414	1781096039.0	1781096039.8680015	5	25.0	29.0	12.0	8.0	NeuronSpectrum 10.06.2026 14:49:30	EEG	checkup_149_10.06.2026 14:49:30	500.0	504.6666666666667	True	0.5	40.0	4	True	50.0	30.0	-737.0413818359375	131.73144838622628	-186.11875915527344	33.146912188702245	-211.14552307128906	45.75538780954093	-484.4044189453125	93.15513819105122	-24.024349212646484	3.741946873979339	-531.5238037109375	104.91964952232172	-156.475341796875	32.31297185401491	-31.570423126220703	18.73946546639605	0.0	0.0	0.0	0.0
14.426586151123047	1781096039.0	1781096039.8680034	5	25.0	29.0	12.0	8.0	NeuronSpectrum 10.06.2026 14:49:30	EEG	checkup_149_10.06.2026 14:49:30	500.0	504.6666666666667	True	0.5	40.0	4	True	50.0	30.0	-746.7557983398438	113.96707079517563	-189.02493286132812	28.288460677429917	-213.52786254882812	40.79954272561065	-489.5504150390625	82.26230800746225	-24.72414779663086	2.5200146947570037	-537.9251098632812	92.37348181824038	-157.5212860107422	29.056587989980514	-32.10663986206055	17.870670390028256	0.0	0.0	0.0	0.0
14.426587581634521	1781096039.0	1781096039.8680048	5	25.0	29.0	12.0	8.0	NeuronSpectrum 10.06.2026 14:49:30	EEG	checkup_149_10.06.2026 14:49:30	500.0	504.6666666666667	True	0.5	40.0	4	True	50.0	30.0	-753.4602661132812	96.16689252896988	-191.3855438232422	23.566325992673054	-215.1265869140625	36.031996951736105	-493.174072265625	71.28728556696994	-25.54941177368164	1.3308312373547513	-542.3494873046875	79.94812299429097	-158.1631622314453	25.842430140548313	-32.92274856567383	16.58059744942805	0.0	0.0	0.0	0.0
14.426589488983154	1781096039.0	1781096039.8680067	5	25.0	29.0	12.0	8.0	NeuronSpectrum 10.06.2026 14:49:30	EEG	checkup_149_10.06.2026 14:49:30	500.0	504.6666666666667	True	0.5	40.0	4	True	50.0	30.0	-747.4751586914062	81.35517957759961	-190.5233612060547	19.80321309739474	-213.1740264892578	32.284646047752396	-488.9204406738281	62.13501732453665	-25.980337142944336	0.3247999703791495	-537.7885131835938	69.76232448767175	-156.49957275390625	23.231050815768377	-33.38654327392578	15.082880338918445	0.0	0.0	0.0	0.0
14.426590919494629	1781096039.0	1781096039.8680081	5	25.0	29.0	12.0	8.0	NeuronSpectrum 10.06.2026 14:49:30	EEG	checkup_149_10.06.2026 14:49:30	500.0	504.6666666666667	True	0.5	40.0	4	True	50.0	30.0	-726.3618774414062	71.84492257152505	-185.53778076171875	17.60965404011346	-206.8994598388672	30.172004900859463	-475.0741882324219	56.27702478763406	-25.725643157958984	-0.3839258362579972	-522.3817749023438	63.42728061050113	-152.0191192626953	21.663672144816584	-33.24408721923828	13.579096033351831	0.0	0.0	0.0	0.0
14.426592826843262	1781096039.0	1781096039.86801	5	25.0	29.0	12.0	8.0	NeuronSpectrum 10.06.2026 14:49:30	EEG	checkup_149_10.06.2026 14:49:30	500.0	504.6666666666667	True	0.5	40.0	4	True	50.0	30.0	-702.5831298828125	69.09357378229092	-179.35723876953125	17.33650102010655	-199.77273559570312	30.053283953804076	-459.6864929199219	54.65879452301722	-25.112119674682617	-0.7263072190144565	-505.0361022949219	61.94549550678191	-147.21563720703125	21.43403413646314	-33.06483840942383	12.244280824463177	0.0	0.0	0.0	0.0
14.426594495773315	1781096039.0	1781096039.8680117	5	25.0	29.0	12.0	8.0	NeuronSpectrum 10.06.2026 14:49:30	EEG	checkup_149_10.06.2026 14:49:30	500.0	504.6666666666667	True	0.5	40.0	4	True	50.0	30.0	-699.6619873046875	73.66989461059885	-177.88807678222656	19.060829935398402	-198.4770050048828	32.02375247716018	-458.12396240234375	57.670374289717934	-25.0167293548584	-0.6851754522646814	-502.7202453613281	65.68421578762086	-146.8336944580078	22.673031094436972	-34.04591369628906	11.217236580088318	0.0	0.0	0.0	0.0
14.42659616470337	1781096039.0	1781096039.8680134	5	25.0	29.0	12.0	8.0	NeuronSpectrum 10.06.2026 14:49:30	EEG	checkup_149_10.06.2026 14:49:30	500.0	504.6666666666667	True	0.5	40.0	4	True	50.0	30.0	-734.2910766601562	85.2095950781182	-185.55477905273438	22.577729494596607	-207.84188842773438	35.902003494506324	-481.31744384765625	65.1027918288696	-26.191741943359375	-0.3044911984534434	-527.547119140625	74.33746322959412	-154.19833374023438	25.323619652832225	-37.03073501586914	10.589808850572501	0.0	0.0	0.0	0.0
14.426597833633423	1781096039.0	1781096039.868015	5	25.0	29.0	12.0	8.0	NeuronSpectrum 10.06.2026 14:49:30	EEG	checkup_149_10.06.2026 14:49:30	500.0	504.6666666666667	True	0.5	40.0	4	True	50.0	30.0	-794.7435913085938	102.32551725123709	-199.7958526611328	27.390675368227324	-224.66075134277344	41.20568070937468	-521.517578125	76.07257695259482	-28.365209579467773	0.29937276523060635	-571.1158447265625	86.85538759781309	-166.7681427001953	29.104235495123813	-41.315731048583984	10.393687489227371	0.0	0.0	0.0	0.0
14.426599740982056	1781096039.0	1781096039.868017	5	25.0	29.0	12.0	8.0	NeuronSpectrum 10.06.2026 14:49:30	EEG	checkup_149_10.06.2026 14:49:30	500.0	504.6666666666667	True	0.5	40.0	4	True	50.0	30.0	-833.777099609375	122.56960114005898	-209.1100616455078	32.72372090497072	-235.5891876220703	47.145623301980805	-547.5713500976562	88.98359968759024	-29.854042053222656	0.931403890437209	-599.3054809570312	101.41466356865314	-174.68414306640625	33.48714579923561	-44.25504684448242	10.590080887119605	0.0	0.0	0.0	0.0
14.42660140991211	1781096039.0	1781096039.8680186	5	25.0	29.0	12.0	8.0	NeuronSpectrum 10.06.2026 14:49:30	EEG	checkup_149_10.06.2026 14:49:30	500.0	504.6666666666667	True	0.5	40.0	4	True	50.0	30.0	-787.7123413085938	142.62936733263814	-197.6704559326172	37.59796389390993	-222.50086975097656	52.69177507670163	-517.4606323242188	101.65072818319878	-28.210081100463867	1.3277761298789905	-566.0283203125	115.56437394761869	-164.73532104492188	37.73489828418402	-42.31308364868164	11.072180467329233	0.0	0.0	0.0	0.0
14.426603078842163	1781096039.0	1781096039.8680203	5	25.0	29.0	12.0	8.0	NeuronSpectrum 10.06.2026 14:49:30	EEG	checkup_149_10.06.2026 14:49:30	500.0	504.6666666666667	True	0.5	40.0	4	True	50.0	30.0	-614.491943359375	158.89002616725912	-154.79974365234375	41.00040069156865	-173.30596923828125	56.747841253122004	-403.39825439453125	111.67364722900979	-21.680103302001953	1.1898188489123256	-440.7801513671875	126.64257423025201	-128.24301147460938	41.02460269143154	-33.16798782348633	11.687775864683442	0.0	0.0	0.0	0.0
14.426604747772217	1781096039.0	1781096039.868022	5	25.0	29.0	12.0	8.0	NeuronSpectrum 10.06.2026 14:49:30	EEG	checkup_149_10.06.2026 14:49:30	500.0	504.6666666666667	True	0.5	40.0	4	True	50.0	30.0	-326.3323059082031	168.28927936750412	-83.2341079711914	42.12169763384753	-91.30589294433594	58.411580627681026	-213.39825439453125	117.01194043157078	-10.544797897338867	0.2397154542288134	-232.33419799804688	132.40887482479744	-67.80322265625	42.64375473402635	-17.515600204467773	12.278813504265283	0.0	0.0	0.0	0.0
14.477499723434448	1781096039.0	1781096039.918917	5	25.0	29.0	12.0	8.0	NeuronSpectrum 10.06.2026 14:49:30	EEG	checkup_149_10.06.2026 14:49:30	500.0	504.6666666666667	True	0.5	40.0	4	True	50.0	30.0	-731.6692504882812	169.15567612260563	-187.1116180419922	40.58066906035245	-208.78855895996094	57.228645830567636	-481.9931945800781	116.55419562570798	-28.987449645996094	-1.7172797247922684	-527.810791015625	131.6655668641744	-153.03192138671875	42.1887658987291	-39.905517578125	12.722493445456301	0.0	0.0	0.0	0.0
14.477504968643188	1781096039.0	1781096039.9189222	5	25.0	29.0	12.0	8.0	NeuronSpectrum 10.06.2026 14:49:30	EEG	checkup_149_10.06.2026 14:49:30	500.0	504.6666666666667	True	0.5	40.0	4	True	50.0	30.0	-731.02099609375	161.6538013541489	-189.22032165527344	36.53761334486742	-210.4524383544922	53.327972407141985	-482.7001953125	110.42763208662427	-31.607240676879883	-4.745208804490706	-529.0081787109375	124.5900913595002	-153.63096618652344	39.68114785299937	-39.197593688964844	12.955319498196683	0.0	0.0	0.0	0.0
14.477507591247559	1781096039.0	1781096039.9189248	5	25.0	29.0	12.0	8.0	NeuronSpectrum 10.06.2026 14:49:30	EEG	checkup_149_10.06.2026 14:49:30	500.0	504.6666666666667	True	0.5	40.0	4	True	50.0	30.0	-735.8837280273438	147.65089300128002	-193.06912231445312	30.64869798963547	-214.02926635742188	47.382099815091344	-487.326171875	99.92070021819922	-35.44880294799805	-8.759426828145724	-534.4676513671875	112.64077179226919	-155.8675994873047	35.555876431424544	-38.4200553894043	12.971864075226271	0.0	0.0	0.0	0.0
14.47750973701477	1781096039.0	1781096039.918927	5	25.0	29.0	12.0	8.0	NeuronSpectrum 10.06.2026 14:49:30	EEG	checkup_149_10.06.2026 14:49:30	500.0	504.6666666666667	True	0.5	40.0	4	True	50.0	30.0	-745.1838989257812	130.1240235724002	-198.1065216064453	23.892508450621854	-218.97528076171875	40.424816942184044	-495.0101623535156	87.09325531757804	-40.286834716796875	-13.540335316680611	-543.2332153320312	98.12001167457169	-159.4315643310547	30.54149555600564	-37.69709014892578	12.805586919441419	0.0	0.0	0.0	0.0
14.477511405944824	1781096039.0	1781096039.9189286	5	25.0	29.0	12.0	8.0	NeuronSpectrum 10.06.2026 14:49:30	EEG	checkup_149_10.06.2026 14:49:30	500.0	504.6666666666667	True	0.5	40.0	4	True	50.0	30.0	-751.5885620117188	112.40815791063918	-202.1392364501953	17.34782888868317	-222.89321899414062	33.61298644432072	-500.6996765136719	74.27077756424741	-45.27822494506836	-18.770590105147694	-549.768798828125	83.61266168984474	-162.55950927734375	25.49221239795267	-36.878509521484375	12.50701439669499	0.0	0.0	0.0	0.0
14.477513551712036	1781096039.0	1781096039.9189308	5	25.0	29.0	12.0	8.0	NeuronSpectrum 10.06.2026 14:49:30	EEG	checkup_149_10.06.2026 14:49:30	500.0	504.6666666666667	True	0.5	40.0	4	True	50.0	30.0	-745.45703125	97.55803818994103	-202.39678955078125	11.996758379759786	-222.72459411621094	28.014174527413417	-497.80389404296875	63.60386347924028	-49.3299446105957	-24.084421275553126	-546.8572387695312	71.49969204386741	-162.9042510986328	21.23008424400972	-35.69718551635742	12.130924890433636	0.0	0.0	0.0	0.0
14.47751522064209	1781096039.0	1781096039.9189324	5	25.0	29.0	12.0	8.0	NeuronSpectrum 10.06.2026 14:49:30	EEG	checkup_149_10.06.2026 14:49:30	500.0	504.6666666666667	True	0.5	40.0	4	True	50.0	30.0	-724.3500366210938	87.95098724581793	-198.03326416015625	8.591508239586346	-217.55592346191406	24.46182166723704	-484.52044677734375	56.78057382758784	-51.97134780883789	-29.119679724573178	-532.5390014648438	63.64343821184805	-159.62916564941406	18.428348096879926	-34.21936798095703	11.734705240207727	0.0	0.0	0.0	0.0
14.477516889572144	1781096039.0	1781096039.918934	5	25.0	29.0	12.0	8.0	NeuronSpectrum 10.06.2026 14:49:30	EEG	checkup_149_10.06.2026 14:49:30	500.0	504.6666666666667	True	0.5	40.0	4	True	50.0	30.0	-700.6941528320312	85.10991525874967	-192.14913940429688	7.585666791576398	-210.88124084472656	23.477997858240524	-468.9367980957031	54.88345803145163	-54.08011245727539	-33.56685281921833	-515.7103271484375	61.23458516177316	-155.1326446533203	17.538486105603745	-33.20396423339844	11.381789123818598	0.0	0.0	0.0	0.0
14.477518558502197	1781096039.0	1781096039.9189358	5	25.0	29.0	12.0	8.0	NeuronSpectrum 10.06.2026 14:49:30	EEG	checkup_149_10.06.2026 14:49:30	500.0	504.6666666666667	True	0.5	40.0	4	True	50.0	30.0	-697.9589233398438	89.63864312995271	-190.83343505859375	9.107126487645091	-209.5167999267578	25.238077682889276	-466.53662109375	58.32601633219398	-57.59938430786133	-37.21230111161821	-513.37841796875	64.72778074736627	-154.3131103515625	18.746219527472277	-33.864723205566406	11.14066700153844	0.0	0.0	0.0	0.0
14.47752046585083	1781096039.0	1781096039.9189377	5	25.0	29.0	12.0	8.0	NeuronSpectrum 10.06.2026 14:49:30	EEG	checkup_149_10.06.2026 14:49:30	500.0	504.6666666666667	True	0.5	40.0	4	True	50.0	30.0	-732.7899169921875	101.16010503776286	-198.5563507080078	12.94694868972368	-218.42042541503906	29.54935820971836	-488.4162902832031	66.80135832881038	-63.99319839477539	-39.973478563079766	-537.7101440429688	73.79038439600657	-160.7919464111328	21.940351913561752	-36.9095344543457	11.072398342368153	0.0	0.0	0.0	0.0
14.477522134780884	1781096039.0	1781096039.9189394	5	25.0	29.0	12.0	8.0	NeuronSpectrum 10.06.2026 14:49:30	EEG	checkup_149_10.06.2026 14:49:30	500.0	504.6666666666667	True	0.5	40.0	4	True	50.0	30.0	-793.4349365234375	118.23044934375712	-212.57313537597656	18.556438824344188	-234.4126739501953	35.83679110498168	-527.031005859375	79.22805563165866	-72.32506561279297	-41.920848701329625	-580.369873046875	87.24645149969454	-172.28152465820312	26.693218650808465	-41.422332763671875	11.207039802617507	0.0	0.0	0.0	0.0
14.477524042129517	1781096039.0	1781096039.9189413	5	25.0	29.0	12.0	8.0	NeuronSpectrum 10.06.2026 14:49:30	EEG	checkup_149_10.06.2026 14:49:30	500.0	504.6666666666667	True	0.5	40.0	4	True	50.0	30.0	-832.6483154296875	138.32507201609928	-221.0343475341797	25.073277720630827	-244.0767059326172	43.16173691435416	-551.4686279296875	93.75656219374237	-78.56100463867188	-43.276383024694056	-607.3363647460938	103.08464204214236	-178.9939727783203	32.27395058141681	-44.563636779785156	11.518660048860044	0.0	0.0	0.0	0.0
14.47752571105957	1781096039.0	1781096039.918943	5	25.0	29.0	12.0	8.0	NeuronSpectrum 10.06.2026 14:49:30	EEG	checkup_149_10.06.2026 14:49:30	500.0	504.6666666666667	True	0.5	40.0	4	True	50.0	30.0	-786.7575073242188	158.07002749894627	-207.8273162841797	31.41531946334864	-229.23191833496094	50.31971145329892	-519.96630859375	107.94793989070243	-77.16092681884766	-44.3772673596011	-572.677001953125	118.65248298645004	-167.62451171875	37.72841978319322	-42.695674896240234	11.91417352727886	0.0	0.0	0.0	0.0
14.477527618408203	1781096039.0	1781096039.9189448	5	25.0	29.0	12.0	8.0	NeuronSpectrum 10.06.2026 14:49:30	EEG	checkup_149_10.06.2026 14:49:30	500.0	504.6666666666667	True	0.5	40.0	4	True	50.0	30.0	-613.71142578125	173.83606108759628	-162.3163604736328	36.46549416567545	-177.91012573242188	56.04548532760202	-404.94818115234375	119.19753768171012	-64.37933349609375	-45.60174967923514	-446.08154296875	131.1170603240947	-129.41859436035156	42.04472415016729	-33.50459671020508	12.247908503652347	0.0	0.0	0.0	0.0
14.477529287338257	1781096039.0	1781096039.9189465	5	25.0	29.0	12.0	8.0	NeuronSpectrum 10.06.2026 14:49:30	EEG	checkup_149_10.06.2026 14:49:30	500.0	504.6666666666667	True	0.5	40.0	4	True	50.0	30.0	-325.7338562011719	182.609207326941	-87.7140884399414	39.31979521361337	-93.77738189697266	59.29490122432794	-214.52069091796875	125.3412036127348	-41.16265869140625	-47.27238488753123	-236.49261474609375	138.12433136174332	-67.13240051269531	44.37811633802619	-17.768131256103516	12.361022978898598	0.0	0.0	0.0	0.0
14.47753095626831	1781096039.0	1781096039.9189482	5	25.0	29.0	12.0	8.0	NeuronSpectrum 10.06.2026 14:49:30	EEG	checkup_149_10.06.2026 14:49:30	500.0	504.6666666666667	True	0.5	40.0	4	True	50.0	30.0	-731.5726928710938	182.82156803974624	-192.4443359375	39.51319914929271	-211.13893127441406	59.50705227055892	-482.2869873046875	125.2298340333124	-78.80899047851562	-49.57005831859414	-530.82421875	138.422939284989	-154.25979614257812	44.26027653391176	-39.85053634643555	12.129723931210975	0.0	0.0	0.0	0.0
14.477532625198364	1781096039.0	1781096039.9189498	5	25.0	29.0	12.0	8.0	NeuronSpectrum 10.06.2026 14:49:30	EEG	checkup_149_10.06.2026 14:49:30	500.0	504.6666666666667	True	0.5	40.0	4	True	50.0	30.0	-731.3243408203125	174.76715357425766	-192.91357421875	37.12609185678778	-211.6650390625	56.735229702553724	-482.9911193847656	119.02045628299008	-80.9764633178711	-52.49374827542503	-531.055908203125	132.17747868975962	-155.35610961914062	41.7070888840752	-39.72459030151367	11.500363210964904	0.0	0.0	0.0	0.0
14.477534532546997	1781096039.0	1781096039.9189517	5	25.0	29.0	12.0	8.0	NeuronSpectrum 10.06.2026 14:49:30	EEG	checkup_149_10.06.2026 14:49:30	500.0	504.6666666666667	True	0.5	40.0	4	True	50.0	30.0	-736.51904296875	160.4274828539134	-195.18719482421875	32.72799478824504	-214.43893432617188	51.59508386230751	-488.0135803222656	108.0656911028963	-83.64855194091797	-55.87974380735332	-535.8504028320312	120.84319895984522	-158.33262634277344	37.18474428606149	-40.0689697265625	10.498339004956117	0.0	0.0	0.0	0.0
14.47753620147705	1781096039.0	1781096039.9189534	5	25.0	29.0	12.0	8.0	NeuronSpectrum 10.06.2026 14:49:30	EEG	checkup_149_10.06.2026 14:49:30	500.0	504.6666666666667	True	0.5	40.0	4	True	50.0	30.0	-746.0086059570312	142.84099998777143	-198.81614685058594	27.19706068579454	-218.9567108154297	45.070197241503664	-496.4697265625	94.4897538389373	-86.6702880859375	-59.46427845322236	-544.2816772460938	106.70055179161206	-162.7232208251953	31.463487512746738	-40.908531188964844	9.213620385353419	0.0	0.0	0.0	0.0
14.477538108825684	1781096039.0	1781096039.9189553	5	25.0	29.0	12.0	8.0	NeuronSpectrum 10.06.2026 14:49:30	EEG	checkup_149_10.06.2026 14:49:30	500.0	504.6666666666667	True	0.5	40.0	4	True	50.0	30.0	-752.4156494140625	125.33072454707275	-201.69712829589844	21.50109180243452	-222.80308532714844	38.26925069275765	-503.2166442871094	80.66036375283373	-89.2437973022461	-62.95705326624278	-550.7735595703125	92.28030632537453	-166.64288330078125	25.4298103262084	-41.829654693603516	7.7756908652482375	0.0	0.0	0.0	0.0
14.477539539337158	1781096039.0	1781096039.9189568	5	25.0	29.0	12.0	8.0	NeuronSpectrum 10.06.2026 14:49:30	EEG	checkup_149_10.06.2026 14:49:30	500.0	504.6666666666667	True	0.5	40.0	4	True	50.0	30.0	-746.0982055664062	110.87094010656043	-201.1512451171875	16.51675726401779	-222.8781280517578	32.22018907376161	-501.53863525390625	68.74550097162385	-90.34577178955078	-66.09757176362578	-548.0436401367188	79.88624471638204	-167.71568298339844	19.922493156407633	-42.22441864013672	6.329923316418961	0.0	0.0	0.0	0.0
14.477541446685791	1781096039.0	1781096039.9189587	5	25.0	29.0	12.0	8.0	NeuronSpectrum 10.06.2026 14:49:30	EEG	checkup_149_10.06.2026 14:49:30	500.0	504.6666666666667	True	0.5	40.0	4	True	50.0	30.0	-724.644775390625	101.71852488769322	-196.4707489013672	12.922257652296096	-218.2766876220703	27.74178665894735	-489.5631103515625	60.44240234782316	-89.72013092041016	-68.6829085869408	-534.142333984375	71.3096402493706	-165.2269744873047	15.62503981350864	-41.88015365600586	5.020504727240077	0.0	0.0	0.0	0.0
14.477542877197266	1781096039.0	1781096039.91896	5	25.0	29.0	12.0	8.0	NeuronSpectrum 10.06.2026 14:49:30	EEG	checkup_149_10.06.2026 14:49:30	500.0	504.6666666666667	True	0.5	40.0	4	True	50.0	30.0	-700.5087280273438	99.27785047031256	-190.96023559570312	11.15630694238523	-212.59963989257812	25.386636873078988	-475.4333190917969	56.86262058151185	-88.67638397216797	-70.57265938069949	-518.1229248046875	67.71512045943858	-161.83969116210938	13.01255558418674	-41.4600944519043	3.978161256526418	0.0	0.0	0.0	0.0
14.477544784545898	1781096039.0	1781096039.918962	5	25.0	29.0	12.0	8.0	NeuronSpectrum 10.06.2026 14:49:30	EEG	checkup_149_10.06.2026 14:49:30	500.0	504.6666666666667	True	0.5	40.0	4	True	50.0	30.0	-697.1768798828125	104.07598021347074	-190.90426635742188	11.410628228448811	-212.81471252441406	25.421385107026996	-474.76727294921875	58.49516765330466	-89.68659210205078	-71.68699747653784	-517.2294311523438	69.60946266102444	-162.7258758544922	12.329642285390474	-42.288761138916016	3.307388207075863	0.0	0.0	0.0	0.0
14.477546453475952	1781096039.0	1781096039.9189637	5	25.0	29.0	12.0	8.0	NeuronSpectrum 10.06.2026 14:49:30	EEG	checkup_149_10.06.2026 14:49:30	500.0	504.6666666666667	True	0.5	40.0	4	True	50.0	30.0	-731.3306274414062	115.72408105003424	-200.7819366455078	13.621813632238679	-223.90728759765625	27.808429435019782	-498.6875	65.16802247698546	-94.5109634399414	-72.01337755882017	-543.7177124023438	76.80351188867056	-171.5587615966797	13.57391095033107	-45.28658676147461	3.068999272874733	0.0	0.0	0.0	0.0
14.477548122406006	1781096039.0	1781096039.9189653	5	25.0	29.0	12.0	8.0	NeuronSpectrum 10.06.2026 14:49:30	EEG	checkup_149_10.06.2026 14:49:30	500.0	504.6666666666667	True	0.5	40.0	4	True	50.0	30.0	-791.3201904296875	132.8296317357737	-217.48922729492188	17.451308288157062	-242.41615295410156	32.178318543820566	-539.3551025390625	75.9858537162701	-101.9298324584961	-71.62641132622319	-588.93798828125	88.34180923940755	-185.69117736816406	16.47740324635767	-49.677955627441406	3.259416976454869	0.0	0.0	0.0	0.0
14.47754979133606	1781096039.0	1781096039.918967	5	25.0	29.0	12.0	8.0	NeuronSpectrum 10.06.2026 14:49:30	EEG	checkup_149_10.06.2026 14:49:30	500.0	504.6666666666667	True	0.5	40.0	4	True	50.0	30.0	-830.085693359375	152.95640169451661	-228.42556762695312	22.27746877093811	-254.2921905517578	37.820472829562	-565.2027587890625	89.30853215256994	-106.98575592041016	-70.70904572467387	-618.093505859375	102.47126426719468	-194.58547973632812	20.505832114000157	-52.57018280029297	3.7955988064784223	0.0	0.0	0.0	0.0
14.477551460266113	1781096039.0	1781096039.9189687	5	25.0	29.0	12.0	8.0	NeuronSpectrum 10.06.2026 14:49:30	EEG	checkup_149_10.06.2026 14:49:30	500.0	504.6666666666667	True	0.5	40.0	4	True	50.0	30.0	-784.165283203125	172.8156739383774	-216.5704803466797	27.247198524421716	-240.57276916503906	43.74513675123184	-533.69873046875	102.89121210940979	-102.96639251708984	-69.55173825024262	-584.2928466796875	116.78336103847835	-184.08641052246094	24.91342982391792	-50.10755920410156	4.518664441704294	0.0	0.0	0.0	0.0
14.477553129196167	1781096039.0	1781096039.9189703	5	25.0	29.0	12.0	8.0	NeuronSpectrum 10.06.2026 14:49:30	EEG	checkup_149_10.06.2026 14:49:30	500.0	504.6666666666667	True	0.5	40.0	4	True	50.0	30.0	-611.6254272460938	188.82147336116864	-170.6439971923828	31.421996358030633	-188.7312469482422	48.85439059952445	-416.8291931152344	114.2715012506756	-85.38933563232422	-68.51043080584923	-456.6019592285156	128.6266036480954	-144.90936279296875	28.879157822153648	-39.766971588134766	5.224938862217386	0.0	0.0	0.0	0.0
14.4775550365448	1781096039.0	1781096039.9189723	5	25.0	29.0	12.0	8.0	NeuronSpectrum 10.06.2026 14:49:30	EEG	checkup_149_10.06.2026 14:49:30	500.0	504.6666666666667	True	0.5	40.0	4	True	50.0	30.0	-324.608642578125	197.93909660301608	-93.8482894897461	33.99992218240324	-102.42568969726562	52.199825079877066	-222.95559692382812	121.35231498519225	-55.44533157348633	-67.92602072804014	-244.11587524414062	135.73571092855747	-79.89154815673828	31.7047728628643	-22.324766159057617	5.719607484433981	0.0	0.0	0.0	0.0
14.528623580932617	1781096039.0	1781096039.9700408	5	25.0	29.0	12.0	8.0	NeuronSpectrum 10.06.2026 14:49:30	EEG	checkup_149_10.06.2026 14:49:30	500.0	504.6666666666667	True	0.5	40.0	4	True	50.0	30.0	-728.6964721679688	198.51990680578282	-201.70449829101562	34.53273239827252	-222.88375854492188	53.23470987180182	-493.8633728027344	122.97102944158777	-98.19222259521484	-68.03504736101203	-542.4646606445312	136.84998627308977	-169.91395568847656	33.00361467979	-46.5227165222168	5.872979948144751	0.0	0.0	0.0	0.0
14.528629064559937	1781096039.0	1781096039.9700463	5	25.0	29.0	12.0	8.0	NeuronSpectrum 10.06.2026 14:49:30	EEG	checkup_149_10.06.2026 14:49:30	500.0	504.6666666666667	True	0.5	40.0	4	True	50.0	30.0	-728.2090454101562	190.74661832721281	-201.0687713623047	33.03962896912262	-221.74485778808594	51.94880822380221	-492.3808288574219	119.20099693797087	-98.3945541381836	-68.91160833350136	-541.3865356445312	132.0432987910033	-168.56468200683594	32.795625635412975	-46.21514129638672	5.654750639943713	0.0	0.0	0.0	0.0
14.528631210327148	1781096039.0	1781096039.9700484	5	25.0	29.0	12.0	8.0	NeuronSpectrum 10.06.2026 14:49:30	EEG	checkup_149_10.06.2026 14:49:30	500.0	504.6666666666667	True	0.5	40.0	4	True	50.0	30.0	-733.1928100585938	176.50270268731904	-201.68197631835938	29.96978094746565	-222.03366088867188	48.831165138927076	-494.328857421875	111.26070527965196	-99.0827865600586	-70.46341022232045	-544.0885620117188	122.62884628944676	-167.9922637939453	31.468730346662674	-46.20323944091797	5.133144514302753	0.0	0.0	0.0	0.0
14.528633117675781	1781096039.0	1781096039.9700503	5	25.0	29.0	12.0	8.0	NeuronSpectrum 10.06.2026 14:49:30	EEG	checkup_149_10.06.2026 14:49:30	500.0	504.6666666666667	True	0.5	40.0	4	True	50.0	30.0	-742.55908203125	158.78247401332936	-203.31466674804688	26.046312164914713	-223.53855895996094	44.696746328952315	-498.9557189941406	101.11098889839646	-100.15662384033203	-72.47454548539667	-549.7919921875	110.72609155758242	-167.9905242919922	29.636138163126834	-46.44921112060547	4.4446294720988435	0.0	0.0	0.0	0.0
14.528634548187256	1781096039.0	1781096039.9700518	5	25.0	29.0	12.0	8.0	NeuronSpectrum 10.06.2026 14:49:30	EEG	checkup_149_10.06.2026 14:49:30	500.0	504.6666666666667	True	0.5	40.0	4	True	50.0	30.0	-748.9799194335938	140.9393984073166	-204.08457946777344	22.07191558594045	-224.19821166992188	40.46632932565516	-501.4088134765625	90.94301756380186	-100.82176971435547	-74.66843752603907	-553.1834106445312	98.71073183176438	-167.04388427734375	27.960093640853277	-46.51632308959961	3.751549958052493	0.0	0.0	0.0	0.0
14.528636693954468	1781096039.0	1781096039.970054	5	25.0	29.0	12.0	8.0	NeuronSpectrum 10.06.2026 14:49:30	EEG	checkup_149_10.06.2026 14:49:30	500.0	504.6666666666667	True	0.5	40.0	4	True	50.0	30.0	-742.8240356445312	126.04423409621806	-201.51426696777344	18.76811590355625	-221.25267028808594	36.98043908389428	-495.35919189453125	82.74214244409592	-100.05607604980469	-76.76565814086888	-547.3103637695312	88.74854923514978	-163.1737060546875	27.006020279498586	-45.81479263305664	3.204219845458342	0.0	0.0	0.0	0.0
14.528638362884521	1781096039.0	1781096039.9700556	5	25.0	29.0	12.0	8.0	NeuronSpectrum 10.06.2026 14:49:30	EEG	checkup_149_10.06.2026 14:49:30	500.0	504.6666666666667	True	0.5	40.0	4	True	50.0	30.0	-721.6324462890625	116.48098150056447	-195.08358764648438	16.680597692247833	-214.06509399414062	34.88447822865806	-479.29962158203125	78.01534731263239	-97.72991180419922	-78.52437003841176	-530.53759765625	82.50678800950051	-156.00588989257812	27.157271153681574	-44.19731140136719	2.915883601437867	0.0	0.0	0.0	0.0
14.528640270233154	1781096039.0	1781096039.9700575	5	25.0	29.0	12.0	8.0	NeuronSpectrum 10.06.2026 14:49:30	EEG	checkup_149_10.06.2026 14:49:30	500.0	504.6666666666667	True	0.5	40.0	4	True	50.0	30.0	-697.762451171875	113.76274383452292	-188.27980041503906	16.143138661841313	-206.41015625	34.57833513098528	-461.6221923828125	77.67098949281613	-95.49234008789062	-79.76461788009568	-512.1430053710938	81.02804312009096	-148.4525146484375	28.5862020399997	-42.446651458740234	2.950362243891163	0.0	0.0	0.0	0.0
14.528641939163208	1781096039.0	1781096039.9700592	5	25.0	29.0	12.0	8.0	NeuronSpectrum 10.06.2026 14:49:30	EEG	checkup_149_10.06.2026 14:49:30	500.0	504.6666666666667	True	0.5	40.0	4	True	50.0	30.0	-694.599853515625	118.46318390055318	-187.54177856445312	17.269344979805087	-205.34291076660156	36.198186460991096	-458.0863952636719	81.98043380480115	-96.26480102539062	-80.38551295510894	-509.48944091796875	84.68744344333089	-145.8856201171875	31.256270613823226	-42.053802490234375	3.316875409462681	0.0	0.0	0.0	0.0
14.52864384651184	1781096039.0	1781096039.970061	5	25.0	29.0	12.0	8.0	NeuronSpectrum 10.06.2026 14:49:30	EEG	checkup_149_10.06.2026 14:49:30	500.0	504.6666666666667	True	0.5	40.0	4	True	50.0	30.0	-728.7824096679688	130.1568986546868	-197.41043090820312	19.941351154911942	-215.8676300048828	39.59819232834186	-479.9663391113281	90.5486956136605	-102.04280853271484	-80.38388395178839	-534.89990234375	93.15245746101095	-152.20936584472656	34.92813379312581	-44.11737060546875	3.9660827216035726	0.0	0.0	0.0	0.0
14.528645515441895	1781096039.0	1781096039.9700627	5	25.0	29.0	12.0	8.0	NeuronSpectrum 10.06.2026 14:49:30	EEG	checkup_149_10.06.2026 14:49:30	500.0	504.6666666666667	True	0.5	40.0	4	True	50.0	30.0	-788.715087890625	147.342303962526	-214.68338012695312	23.787504099189295	-234.48243713378906	44.32466942548248	-519.705322265625	102.27442484013025	-111.26994323730469	-79.8740693418302	-579.8106689453125	105.32481447649731	-165.0678253173828	39.16014453490729	-47.993289947509766	4.785915026121516	0.0	0.0	0.0	0.0
14.528647422790527	1781096039.0	1781096039.9700646	5	25.0	29.0	12.0	8.0	NeuronSpectrum 10.06.2026 14:49:30	EEG	checkup_149_10.06.2026 14:49:30	500.0	504.6666666666667	True	0.5	40.0	4	True	50.0	30.0	-827.4764404296875	167.44090104601653	-226.495361328125	28.17502550358462	-247.03680419921875	49.612085805305554	-546.128662109375	115.36001043311657	-117.99937438964844	-79.09568052664028	-609.5399780273438	119.33410678536306	-174.18804931640625	43.32084527716385	-50.819725036621094	5.602833974575919	0.0	0.0	0.0	0.0
14.528648853302002	1781096039.0	1781096039.970066	5	25.0	29.0	12.0	8.0	NeuronSpectrum 10.06.2026 14:49:30	EEG	checkup_149_10.06.2026 14:49:30	500.0	504.6666666666667	True	0.5	40.0	4	True	50.0	30.0	-781.7525634765625	187.04213416616673	-215.48680114746094	32.265349840612764	-234.41307067871094	54.45314278665497	-516.990234375	127.48347620912672	-114.2625732421875	-78.38884425332327	-577.250244140625	132.70957170552816	-165.47967529296875	46.649061181874934	-48.6558837890625	6.198643474248648	0.0	0.0	0.0	0.0
14.528650760650635	1781096039.0	1781096039.970068	5	25.0	29.0	12.0	8.0	NeuronSpectrum 10.06.2026 14:49:30	EEG	checkup_149_10.06.2026 14:49:30	500.0	504.6666666666667	True	0.5	40.0	4	True	50.0	30.0	-609.6769409179688	202.50651600202008	-170.11892700195312	35.165314431505834	-183.9061737060547	57.778075240243695	-404.1517028808594	136.2069526979079	-94.76118469238281	-78.12449801591094	-451.8584899902344	142.8158137797028	-129.38970947265625	48.38638787123569	-38.81547927856445	6.349503018976111	0.0	0.0	0.0	0.0
14.528652429580688	1781096039.0	1781096039.9700696	5	25.0	29.0	12.0	8.0	NeuronSpectrum 10.06.2026 14:49:30	EEG	checkup_149_10.06.2026 14:49:30	500.0	504.6666666666667	True	0.5	40.0	4	True	50.0	30.0	-323.3299865722656	210.83809931883002	-93.53649139404297	36.15279877761985	-99.01914978027344	58.71717215782766	-215.27902221679688	139.56270073810813	-60.894561767578125	-78.6020071244727	-242.02894592285156	147.489741599518	-68.18782806396484	47.96377150212685	-21.904375076293945	5.881429334517026	0.0	0.0	0.0	0.0
14.579593896865845	1781096040.0	1781096040.021011	5	25.0	29.0	12.0	8.0	NeuronSpectrum 10.06.2026 14:49:30	EEG	checkup_149_10.06.2026 14:49:30	500.0	504.6666666666667	True	0.5	40.0	4	True	50.0	30.0	-727.1300048828125	210.50990797340026	-204.41226196289062	34.89308574708528	-222.68914794921875	56.85140010190993	-486.9625244140625	136.60610507323258	-111.16557312011719	-79.95325491974131	-541.1680908203125	145.64751493320736	-160.1266632080078	45.17436640294231	-48.0472412109375	4.722555700999683	0.0	0.0	0.0	0.0
14.579599857330322	1781096040.0	1781096040.021017	5	25.0	29.0	12.0	8.0	NeuronSpectrum 10.06.2026 14:49:30	EEG	checkup_149_10.06.2026 14:49:30	500.0	504.6666666666667	True	0.5	40.0	4	True	50.0	30.0	-727.2962646484375	201.86962804988613	-205.2416534423828	31.54581094246569	-224.56845092773438	52.33839634400416	-490.0312194824219	127.68706967267107	-111.81044006347656	-82.0978930978012	-542.5985717773438	137.58726423959914	-163.20355224609375	40.25234912849549	-49.23947525024414	2.9288899790624363	0.0	0.0	0.0	0.0
14.579602241516113	1781096040.0	1781096040.0210195	5	25.0	29.0	12.0	8.0	NeuronSpectrum 10.06.2026 14:49:30	EEG	checkup_149_10.06.2026 14:49:30	500.0	504.6666666666667	True	0.5	40.0	4	True	50.0	30.0	-732.9763793945312	186.95353328571116	-207.2227325439453	26.7154851074151	-228.0343780517578	45.86095292090253	-496.98736572265625	114.32435917347816	-112.89928436279297	-84.76888785086526	-548.0436401367188	124.859481905782	-167.5345001220703	33.82110635666945	-50.867977142333984	0.6726484878734882	0.0	0.0	0.0	0.0
14.579604148864746	1781096040.0	1781096040.0210214	5	25.0	29.0	12.0	8.0	NeuronSpectrum 10.06.2026 14:49:30	EEG	checkup_149_10.06.2026 14:49:30	500.0	504.6666666666667	True	0.5	40.0	4	True	50.0	30.0	-742.9473266601562	168.8455324350283	-210.08226013183594	21.281158757095014	-232.70318603515625	38.4376532817276	-506.89105224609375	98.77292191939158	-114.40716552734375	-87.58969603482518	-556.6724243164062	109.80316583880366	-172.67532348632812	26.741723215241375	-52.813472747802734	-1.7986670893919405	0.0	0.0	0.0	0.0
14.579606294631958	1781096040.0	1781096040.0210235	5	25.0	29.0	12.0	8.0	NeuronSpectrum 10.06.2026 14:49:30	EEG	checkup_149_10.06.2026 14:49:30	500.0	504.6666666666667	True	0.5	40.0	4	True	50.0	30.0	-749.7811279296875	150.89775406576047	-211.93829345703125	16.188665039730477	-236.36062622070312	31.189010241921995	-514.6272583007812	83.49396775517206	-115.55980682373047	-90.16363208498217	-563.0626220703125	94.97729673610965	-176.84814453125	19.931714607246946	-54.528472900390625	-4.2130997048542	0.0	0.0	0.0	0.0
14.579607963562012	1781096040.0	1781096040.0210252	5	25.0	29.0	12.0	8.0	NeuronSpectrum 10.06.2026 14:49:30	EEG	checkup_149_10.06.2026 14:49:30	500.0	504.6666666666667	True	0.5	40.0	4	True	50.0	30.0	-743.8067016601562	136.09465525404346	-210.30154418945312	12.279409037174728	-236.11260986328125	25.142027957510397	-513.55810546875	70.71520754353227	-115.25997161865234	-92.14218815103558	-560.0794067382812	82.69201971952965	-177.82716369628906	14.215869917071732	-55.30347442626953	-6.3175915419221775	0.0	0.0	0.0	0.0
14.579609870910645	1781096040.0	1781096040.021027	5	25.0	29.0	12.0	8.0	NeuronSpectrum 10.06.2026 14:49:30	EEG	checkup_149_10.06.2026 14:49:30	500.0	504.6666666666667	True	0.5	40.0	4	True	50.0	30.0	-722.5734252929688	126.68645159231129	-204.51942443847656	10.188125671448288	-231.17115783691406	21.10967121499462	-501.856201171875	62.16554127357096	-113.16915893554688	-93.26006864550463	-545.8143920898438	74.73006130528846	-175.01731872558594	10.23638262449416	-54.9046745300293	-7.905930589427603	0.0	0.0	0.0	0.0
14.579612016677856	1781096040.0	1781096040.0210292	5	25.0	29.0	12.0	8.0	NeuronSpectrum 10.06.2026 14:49:30	EEG	checkup_149_10.06.2026 14:49:30	500.0	504.6666666666667	True	0.5	40.0	4	True	50.0	30.0	-698.4620971679688	124.05980616187537	-197.75416564941406	10.300886071371638	-225.09555053710938	19.635606472512617	-487.5914001464844	58.96451046498084	-110.59597778320312	-93.34481376544197	-529.1807861328125	72.23478576859293	-171.0975799560547	8.41476506383826	-54.08845901489258	-8.832897198054088	0.0	0.0	0.0	0.0
14.579613447189331	1781096040.0	1781096040.0210307	5	25.0	29.0	12.0	8.0	NeuronSpectrum 10.06.2026 14:49:30	EEG	checkup_149_10.06.2026 14:49:30	500.0	504.6666666666667	True	0.5	40.0	4	True	50.0	30.0	-694.875244140625	128.72050945780464	-196.0070343017578	12.741322415767796	-224.6544189453125	20.96852444613418	-486.1798095703125	61.58602117706864	-110.08419036865234	-92.31943396347509	-527.1356811523438	75.67524008036006	-171.1365509033203	8.938097870734842	-54.35361862182617	-9.021760620136718	0.0	0.0	0.0	0.0
14.579615592956543	1781096040.0	1781096040.0210328	5	25.0	29.0	12.0	8.0	NeuronSpectrum 10.06.2026 14:49:30	EEG	checkup_149_10.06.2026 14:49:30	500.0	504.6666666666667	True	0.5	40.0	4	True	50.0	30.0	-728.47998046875	140.2616114458881	-203.5276641845703	17.354101844171407	-234.5729522705078	25.031951411249878	-508.5301208496094	69.81608641377903	-113.40569305419922	-90.21430580504519	-551.6761474609375	84.79988003738181	-178.66197204589844	11.742806051054172	-56.76573944091797	-8.472113648776054	0.0	0.0	0.0	0.0
14.579617261886597	1781096040.0	1781096040.0210345	5	25.0	29.0	12.0	8.0	NeuronSpectrum 10.06.2026 14:49:30	EEG	checkup_149_10.06.2026 14:49:30	500.0	504.6666666666667	True	0.5	40.0	4	True	50.0	30.0	-787.7688598632812	157.27939010526862	-217.2751922607422	23.67890256513836	-251.2281036376953	31.38338127435982	-546.7763671875	82.68407352445193	-119.13832092285156	-87.19077645414156	-594.1592407226562	98.55732644587913	-190.98236083984375	16.489646341085418	-60.54194641113281	-7.269286691366059	0.0	0.0	0.0	0.0
14.57961916923523	1781096040.0	1781096040.0210364	5	25.0	29.0	12.0	8.0	NeuronSpectrum 10.06.2026 14:49:30	EEG	checkup_149_10.06.2026 14:49:30	500.0	504.6666666666667	True	0.5	40.0	4	True	50.0	30.0	-825.99072265625	177.33282604535043	-225.11752319335938	30.9429658858722	-260.6464538574219	39.19639343395479	-569.6607666015625	98.43520322058326	-121.89856719970703	-83.56023891101698	-620.1990966796875	115.06015957725819	-197.7344207763672	22.553366665208248	-62.59669876098633	-5.588215599964726	0.0	0.0	0.0	0.0
14.579620838165283	1781096040.0	1781096040.021038	5	25.0	29.0	12.0	8.0	NeuronSpectrum 10.06.2026 14:49:30	EEG	checkup_149_10.06.2026 14:49:30	500.0	504.6666666666667	True	0.5	40.0	4	True	50.0	30.0	-780.044677734375	197.13012195224417	-210.7701416015625	38.122042862985616	-244.2082061767578	47.32401681707372	-535.2637939453125	114.6687355191248	-114.54468536376953	-79.77073375027688	-583.623046875	131.73024146923046	-185.14988708496094	29.069412805949533	-58.8106575012207	-3.6794576171896627	0.0	0.0	0.0	0.0
14.579622745513916	1781096040.0	1781096040.02104	5	25.0	29.0	12.0	8.0	NeuronSpectrum 10.06.2026 14:49:30	EEG	checkup_149_10.06.2026 14:49:30	500.0	504.6666666666667	True	0.5	40.0	4	True	50.0	30.0	-608.2136840820312	213.07669912690716	-163.60475158691406	44.104538271437036	-189.8828125	54.483886208540724	-416.2445983886719	128.73052688687557	-92.50686645507812	-76.33990113096665	-454.20465087890625	145.72445202296802	-144.3887176513672	35.06790132572352	-46.53520584106445	-1.8289337171045839	0.0	0.0	0.0	0.0
14.57962441444397	1781096040.0	1781096040.0210416	5	25.0	29.0	12.0	8.0	NeuronSpectrum 10.06.2026 14:49:30	EEG	checkup_149_10.06.2026 14:49:30	500.0	504.6666666666667	True	0.5	40.0	4	True	50.0	30.0	-322.5572204589844	222.1170451184237	-87.03024291992188	47.93831569133251	-101.77314758300781	59.5417852719556	-221.37522888183594	138.3105431127209	-57.45292282104492	-73.74010862666758	-241.3711395263672	154.5872328868154	-78.5683822631836	39.67871573514002	-26.71800994873047	-0.2967886157323477	0.0	0.0	0.0	0.0
14.579626083374023	1781096040.0	1781096040.0210433	5	25.0	29.0	12.0	8.0	NeuronSpectrum 10.06.2026 14:49:30	EEG	checkup_149_10.06.2026 14:49:30	500.0	504.6666666666667	True	0.5	40.0	4	True	50.0	30.0	-724.7870483398438	222.56693300946955	-190.94764709472656	49.075877437976665	-219.48672485351562	61.796684458640215	-486.9526672363281	142.03607549360973	-102.72576904296875	-72.27389641705538	-534.8775634765625	156.8997493686905	-164.76922607421875	42.337925690747696	-52.486209869384766	0.7435147812032379	0.0	0.0	0.0	0.0
14.579627752304077	1781096040.0	1781096040.021045	5	25.0	29.0	12.0	8.0	NeuronSpectrum 10.06.2026 14:49:30	EEG	checkup_149_10.06.2026 14:49:30	500.0	504.6666666666667	True	0.5	40.0	4	True	50.0	30.0	-724.4344482421875	214.562641253601	-190.1646270751953	47.51434428650444	-217.59617614746094	61.14797602995662	-483.53851318359375	139.80407210252605	-101.59679412841797	-71.99060156628083	-532.9131469726562	152.64267077389198	-162.15499877929688	42.909377771457805	-51.31230163574219	1.2403183918406935	0.0	0.0	0.0	0.0
14.57962965965271	1781096040.0	1781096040.0210469	5	25.0	29.0	12.0	8.0	NeuronSpectrum 10.06.2026 14:49:30	EEG	checkup_149_10.06.2026 14:49:30	500.0	504.6666666666667	True	0.5	40.0	4	True	50.0	30.0	-729.5767822265625	199.9405514774812	-191.47024536132812	43.77588061494694	-218.02674865722656	58.08182036373738	-484.4187927246094	132.7218829109978	-101.47108459472656	-72.67587848191889	-535.6842041015625	143.12763848031108	-161.26312255859375	41.67645703712341	-50.533878326416016	1.2602512795866245	0.0	0.0	0.0	0.0
14.579631328582764	1781096040.0	1781096040.0210485	5	25.0	29.0	12.0	8.0	NeuronSpectrum 10.06.2026 14:49:30	EEG	checkup_149_10.06.2026 14:49:30	500.0	504.6666666666667	True	0.5	40.0	4	True	50.0	30.0	-739.1281127929688	181.660607357504	-194.44363403320312	38.75444818650086	-220.36962890625	53.50542190747024	-488.8437805175781	122.72860282539328	-102.0476303100586	-73.91031752210858	-542.2570190429688	130.57587012069737	-161.90689086914062	39.22594103809113	-50.156009674072266	0.9533287615434209	0.0	0.0	0.0	0.0
14.579632997512817	1781096040.0	1781096040.0210502	5	25.0	29.0	12.0	8.0	NeuronSpectrum 10.06.2026 14:49:30	EEG	checkup_149_10.06.2026 14:49:30	500.0	504.6666666666667	True	0.5	40.0	4	True	50.0	30.0	-745.8099975585938	163.06672799089063	-196.9730987548828	33.50453951229531	-222.2853546142578	48.51521366693616	-491.88763427734375	112.09214411193868	-102.30671691894531	-75.16850223724225	-547.0806274414062	117.55840278560403	-162.43862915039062	36.286757766580465	-49.769039154052734	0.5059183849130147	0.0	0.0	0.0	0.0
14.579634666442871	1781096040.0	1781096040.021052	5	25.0	29.0	12.0	8.0	NeuronSpectrum 10.06.2026 14:49:30	EEG	checkup_149_10.06.2026 14:49:30	500.0	504.6666666666667	True	0.5	40.0	4	True	50.0	30.0	-740.0692749023438	147.25194688733893	-196.3113250732422	29.044205690740757	-220.71266174316406	44.18128023745862	-487.0774230957031	102.96323559472609	-100.99055480957031	-75.92642837590633	-542.9091186523438	106.49820352451259	-160.64288330078125	33.58249374495501	-48.788082122802734	0.09921201647869365	0.0	0.0	0.0	0.0
14.579637050628662	1781096040.0	1781096040.0210543	5	25.0	29.0	12.0	8.0	NeuronSpectrum 10.06.2026 14:49:30	EEG	checkup_149_10.06.2026 14:49:30	500.0	504.6666666666667	True	0.5	40.0	4	True	50.0	30.0	-719.5020141601562	136.65436767761798	-191.53851318359375	26.210730227662726	-214.6828155517578	41.39144103068066	-472.6314392089844	97.07550834856207	-97.64334869384766	-75.75482832268716	-527.70947265625	99.33391857653793	-155.84861755371094	31.726975369500778	-47.05081558227539	-0.11836937700081433	0.0	0.0	0.0	0.0
14.579638719558716	1781096040.0	1781096040.021056	5	25.0	29.0	12.0	8.0	NeuronSpectrum 10.06.2026 14:49:30	EEG	checkup_149_10.06.2026 14:49:30	500.0	504.6666666666667	True	0.5	40.0	4	True	50.0	30.0	-696.4381103515625	132.8663983781648	-185.54830932617188	25.571903348250117	-207.58299255371094	40.75762571261015	-456.4798278808594	95.58665534291379	-93.43858337402344	-74.38758224628509	-510.21929931640625	97.34160813336621	-150.6355743408203	31.162069001677605	-45.30891036987305	-0.04563848334832759	0.0	0.0	0.0	0.0
14.579640626907349	1781096040.0	1781096040.0210578	5	25.0	29.0	12.0	8.0	NeuronSpectrum 10.06.2026 14:49:30	EEG	checkup_149_10.06.2026 14:49:30	500.0	504.6666666666667	True	0.5	40.0	4	True	50.0	30.0	-694.1288452148438	136.55504817166783	-184.12051391601562	27.374313197024403	-206.08291625976562	42.562152481008326	-453.8017272949219	98.99948826826335	-90.8066177368164	-71.76293707022322	-507.23016357421875	101.04852518526083	-150.02536010742188	32.1191110229351	-45.00287628173828	0.3638909639169443	0.0	0.0	0.0	0.0
14.579642057418823	1781096040.0	1781096040.0210593	5	25.0	29.0	12.0	8.0	NeuronSpectrum 10.06.2026 14:49:30	EEG	checkup_149_10.06.2026 14:49:30	500.0	504.6666666666667	True	0.5	40.0	4	True	50.0	30.0	-729.0127563476562	147.38944547748986	-191.44020080566406	31.508326978126313	-214.99240112304688	46.71930670510591	-475.42303466796875	107.0992644654586	-91.60704803466797	-68.03882785313645	-530.7672119140625	110.16933349252645	-157.59498596191406	34.58519316925563	-47.1523323059082	1.0953652549267092	0.0	0.0	0.0	0.0
14.579644203186035	1781096040.0	1781096040.0210614	5	25.0	29.0	12.0	8.0	NeuronSpectrum 10.06.2026 14:49:30	EEG	checkup_149_10.06.2026 14:49:30	500.0	504.6666666666667	True	0.5	40.0	4	True	50.0	30.0	-789.3311767578125	163.95163462925294	-204.6736602783203	37.48719191470383	-231.03785705566406	52.74810911245203	-513.7940063476562	118.89398833622248	-94.9037857055664	-63.58173733131384	-572.589599609375	123.5494385056683	-170.7674102783203	38.27252488002702	-51.005245208740234	2.065683065817199	0.0	0.0	0.0	0.0
14.579645872116089	1781096040.0	1781096040.021063	5	25.0	29.0	12.0	8.0	NeuronSpectrum 10.06.2026 14:49:30	EEG	checkup_149_10.06.2026 14:49:30	500.0	504.6666666666667	True	0.5	40.0	4	True	50.0	30.0	-828.1319580078125	183.72582906177053	-212.1772003173828	44.46460618484532	-240.79925537109375	59.78365116399864	-538.359130859375	132.62008179511824	-96.19679260253906	-58.92381900388175	-599.0575561523438	139.18246554556066	-179.25042724609375	42.61408348436719	-53.58797073364258	3.122654737149571	0.0	0.0	0.0	0.0
14.579647541046143	1781096040.0	1781096040.0210648	5	25.0	29.0	12.0	8.0	NeuronSpectrum 10.06.2026 14:49:30	EEG	checkup_149_10.06.2026 14:49:30	500.0	504.6666666666667	True	0.5	40.0	4	True	50.0	30.0	-782.2330932617188	203.33538695133907	-198.26605224609375	51.33042758385942	-226.1681365966797	66.6730321123011	-507.9009094238281	145.92207200910903	-89.30204010009766	-54.68179958956463	-564.7444458007812	154.41923361519235	-169.18389892578125	46.82341702472051	-50.894287109375	4.061024880653106	0.0	0.0	0.0	0.0
14.579649209976196	1781096040.0	1781096040.0210664	5	25.0	29.0	12.0	8.0	NeuronSpectrum 10.06.2026 14:49:30	EEG	checkup_149_10.06.2026 14:49:30	500.0	504.6666666666667	True	0.5	40.0	4	True	50.0	30.0	-609.9909057617188	219.1396827206124	-152.7224884033203	56.90673822520138	-175.2545166015625	72.18326653856913	-395.1999206542969	156.27568762067742	-70.15797424316406	-51.440299101586014	-439.6531982421875	166.44216186914332	-131.4393310546875	50.04207792776722	-40.26852798461914	4.6622329102605296	0.0	0.0	0.0	0.0
14.579651117324829	1781096040.0	1781096040.0210683	5	25.0	29.0	12.0	8.0	NeuronSpectrum 10.06.2026 14:49:30	EEG	checkup_149_10.06.2026 14:49:30	500.0	504.6666666666667	True	0.5	40.0	4	True	50.0	30.0	-323.672119140625	228.10199928702684	-78.91275024414062	60.213642787475656	-91.72789001464844	75.28911321511711	-208.19285583496094	161.5908131048033	-40.09504318237305	-49.62199061346087	-232.57374572753906	172.93293230706638	-68.75198364257812	51.552184134876946	-22.454570770263672	4.751745694687986	0.0	0.0	0.0	0.0
14.63051462173462	1781096040.0	1781096040.0719318	5	25.0	29.0	12.0	8.0	NeuronSpectrum 10.06.2026 14:49:30	EEG	checkup_149_10.06.2026 14:49:30	500.0	504.6666666666667	True	0.5	40.0	4	True	50.0	30.0	-724.97998046875	228.61340829449426	-180.39505004882812	60.71648730384446	-207.8809051513672	75.44310582750573	-471.5003967285156	160.78199081945627	-80.59002685546875	-49.38569508978869	-522.865966796875	172.69825477260878	-157.3944854736328	50.98043706406805	-48.48624801635742	4.2532559175301206	0.0	0.0	0.0	0.0
14.63051986694336	1781096040.0	1781096040.071937	5	25.0	29.0	12.0	8.0	NeuronSpectrum 10.06.2026 14:49:30	EEG	checkup_149_10.06.2026 14:49:30	500.0	504.6666666666667	True	0.5	40.0	4	True	50.0	30.0	-723.5374145507812	220.90230051888346	-180.31735229492188	58.453423323452334	-207.81898498535156	72.71483407329909	-471.9479064941406	154.057924770472	-80.8809585571289	-50.592598543265524	-522.8936157226562	165.98015982259554	-157.820068359375	48.406965060694816	-48.939701080322266	3.2155000369448072	0.0	0.0	0.0	0.0
14.630522012710571	1781096040.0	1781096040.0719392	5	25.0	29.0	12.0	8.0	NeuronSpectrum 10.06.2026 14:49:30	EEG	checkup_149_10.06.2026 14:49:30	500.0	504.6666666666667	True	0.5	40.0	4	True	50.0	30.0	-727.6156616210938	206.85959061721985	-182.37173461914062	53.99566042806904	-209.83834838867188	67.74615264791358	-476.4940185546875	142.81343456232136	-82.3040542602539	-52.853723284868	-527.4083251953125	154.32449859667653	-159.53857421875	44.33654992347073	-49.72095489501953	1.8003215441215557	0.0	0.0	0.0	0.0
14.630524158477783	1781096040.0	1781096040.0719414	5	25.0	29.0	12.0	8.0	NeuronSpectrum 10.06.2026 14:49:30	EEG	checkup_149_10.06.2026 14:49:30	500.0	504.6666666666667	True	0.5	40.0	4	True	50.0	30.0	-736.2459106445312	189.41676084949444	-186.14694213867188	48.274092173447926	-213.5608367919922	61.56020049793343	-484.3692321777344	129.21031558091988	-84.56391143798828	-55.63567019767189	-535.5016479492188	140.10649764605276	-162.29339599609375	39.558585053573324	-50.7113151550293	0.24040724243340938	0.0	0.0	0.0	0.0
14.630525588989258	1781096040.0	1781096040.0719428	5	25.0	29.0	12.0	8.0	NeuronSpectrum 10.06.2026 14:49:30	EEG	checkup_149_10.06.2026 14:49:30	500.0	504.6666666666667	True	0.5	40.0	4	True	50.0	30.0	-742.2462158203125	171.79092857178088	-189.55250549316406	42.35458558220345	-216.76255798339844	55.316106281332644	-490.6665954589844	115.65254690100737	-86.6810302734375	-58.3817871168294	-541.7132568359375	125.9437848002335	-164.5182647705078	34.96340075479114	-51.4186897277832	-1.2132513903576	0.0	0.0	0.0	0.0
14.63052749633789	1781096040.0	1781096040.0719447	5	25.0	29.0	12.0	8.0	NeuronSpectrum 10.06.2026 14:49:30	EEG	checkup_149_10.06.2026 14:49:30	500.0	504.6666666666667	True	0.5	40.0	4	True	50.0	30.0	-736.1223754882812	156.87438378488042	-189.837158203125	37.23829820078194	-216.481689453125	50.09356635353679	-488.87664794921875	104.34110703488207	-87.41017150878906	-60.61098086786379	-538.8565673828125	114.20424164718541	-164.1103515625	31.377715934298198	-51.22282409667969	-2.336047887498148	0.0	0.0	0.0	0.0
14.630529165267944	1781096040.0	1781096040.0719464	5	25.0	29.0	12.0	8.0	NeuronSpectrum 10.06.2026 14:49:30	EEG	checkup_149_10.06.2026 14:49:30	500.0	504.6666666666667	True	0.5	40.0	4	True	50.0	30.0	-715.4593505859375	146.88849590854306	-186.0218505859375	33.72590750502253	-211.70059204101562	46.748610787458134	-477.0160827636719	96.9943510097774	-86.23213195800781	-61.97606317656905	-524.8196411132812	106.70475547776567	-160.32461547851562	29.450838783321405	-49.949771881103516	-2.958106211492559	0.0	0.0	0.0	0.0
14.630531072616577	1781096040.0	1781096040.0719483	5	25.0	29.0	12.0	8.0	NeuronSpectrum 10.06.2026 14:49:30	EEG	checkup_149_10.06.2026 14:49:30	500.0	504.6666666666667	True	0.5	40.0	4	True	50.0	30.0	-692.4859008789062	143.26419721070107	-180.89144897460938	32.345626924302685	-205.5442657470703	45.83813742345847	-462.61395263671875	94.71944871517033	-84.17854309082031	-62.284019757609464	-508.0863342285156	104.58389508809742	-155.33177185058594	29.59153167229889	-48.33194351196289	-2.977516670666699	0.0	0.0	0.0	0.0
14.630532503128052	1781096040.0	1781096040.0719497	5	25.0	29.0	12.0	8.0	NeuronSpectrum 10.06.2026 14:49:30	EEG	checkup_149_10.06.2026 14:49:30	500.0	504.6666666666667	True	0.5	40.0	4	True	50.0	30.0	-690.2909545898438	146.61999616742153	-180.11965942382812	33.32081517667627	-204.30258178710938	47.58473665449434	-460.3730163574219	97.96139983040814	-83.51222229003906	-61.49358033587922	-505.1202087402344	108.26431917147808	-153.5353240966797	31.936701040949227	-47.778385162353516	-2.36539915625048	0.0	0.0	0.0	0.0
14.630534410476685	1781096040.0	1781096040.0719516	5	25.0	29.0	12.0	8.0	NeuronSpectrum 10.06.2026 14:49:30	EEG	checkup_149_10.06.2026 14:49:30	500.0	504.6666666666667	True	0.5	40.0	4	True	50.0	30.0	-725.1791381835938	156.71060710016073	-187.86288452148438	36.55065621879635	-212.54083251953125	51.85217597702141	-480.8418884277344	106.45562887892719	-85.97943878173828	-59.707165223863385	-527.765380859375	117.41872840606295	-158.13082885742188	36.332133403143295	-49.30477523803711	-1.1698016446129902	0.0	0.0	0.0	0.0
14.630536079406738	1781096040.0	1781096040.0719533	5	25.0	29.0	12.0	8.0	NeuronSpectrum 10.06.2026 14:49:30	EEG	checkup_149_10.06.2026 14:49:30	500.0	504.6666666666667	True	0.5	40.0	4	True	50.0	30.0	-785.3895874023438	172.31212448136773	-201.37892150878906	41.59657900870521	-227.14059448242188	58.12484433845612	-516.6729736328125	119.16640914755048	-90.63939666748047	-57.16477931130851	-567.9610595703125	130.91498438713967	-166.9199981689453	42.32143991938357	-52.24284362792969	0.4799047858788458	0.0	0.0	0.0	0.0
14.630537748336792	1781096040.0	1781096040.071955	5	25.0	29.0	12.0	8.0	NeuronSpectrum 10.06.2026 14:49:30	EEG	checkup_149_10.06.2026 14:49:30	500.0	504.6666666666667	True	0.5	40.0	4	True	50.0	30.0	-824.138916015625	191.14617845642405	-209.19970703125	47.69680716169238	-235.30137634277344	65.51863549226648	-538.0660400390625	134.27651703253647	-93.07946014404297	-54.23214131744219	-592.6488037109375	146.80884213891406	-170.92822265625	49.162886098196175	-53.81600570678711	2.374356727131422	0.0	0.0	0.0	0.0
14.630539178848267	1781096040.0	1781096040.0719564	5	25.0	29.0	12.0	8.0	NeuronSpectrum 10.06.2026 14:49:30	EEG	checkup_149_10.06.2026 14:49:30	500.0	504.6666666666667	True	0.5	40.0	4	True	50.0	30.0	-778.5067138671875	210.0348977685539	-195.78858947753906	53.84986027413183	-219.7484893798828	72.87145604226234	-504.8622741699219	149.34588596140995	-87.2076416015625	-51.36462819115941	-557.1697387695312	162.5126061245625	-158.0968017578125	55.90737548807194	-50.27685546875	4.242404446655642	0.0	0.0	0.0	0.0
14.6305410861969	1781096040.0	1781096040.0719583	5	25.0	29.0	12.0	8.0	NeuronSpectrum 10.06.2026 14:49:30	EEG	checkup_149_10.06.2026 14:49:30	500.0	504.6666666666667	True	0.5	40.0	4	True	50.0	30.0	-607.037109375	225.42876985616297	-150.9280548095703	58.992758430267955	-169.18153381347656	78.94393403910654	-390.72509765625	161.72031622641302	-68.95520782470703	-49.03292928169862	-432.1059875488281	175.22994582530796	-120.63619995117188	61.55718599850731	-39.174896240234375	5.793792146323298	0.0	0.0	0.0	0.0
14.630542516708374	1781096040.0	1781096040.0719597	5	25.0	29.0	12.0	8.0	NeuronSpectrum 10.06.2026 14:49:30	EEG	checkup_149_10.06.2026 14:49:30	500.0	504.6666666666667	True	0.5	40.0	4	True	50.0	30.0	-321.95611572265625	234.24480474462672	-77.7994384765625	62.24775726781016	-87.23868560791016	82.70150389676225	-203.87181091308594	169.13637024404213	-39.5048713684082	-47.617816528617595	-226.3337860107422	182.60034860491533	-61.286163330078125	65.28207089194285	-21.29753875732422	6.781020441280106	0.0	0.0	0.0	0.0
14.68140196800232	1781096040.0	1781096040.1228192	5	25.0	29.0	12.0	8.0	NeuronSpectrum 10.06.2026 14:49:30	EEG	checkup_149_10.06.2026 14:49:30	500.0	504.6666666666667	True	0.5	40.0	4	True	50.0	30.0	-722.1188354492188	234.7124764812721	-178.22018432617188	63.152990741325354	-199.32241821289062	83.58217845181133	-461.9080505371094	170.3136063459981	-80.44205474853516	-47.30769532599819	-513.39599609375	183.32715229651203	-140.1375274658203	66.62173935832273	-45.169639587402344	7.060242590452454	0.0	0.0	0.0	0.0
14.681407690048218	1781096040.0	1781096040.122825	5	25.0	29.0	12.0	8.0	NeuronSpectrum 10.06.2026 14:49:30	EEG	checkup_149_10.06.2026 14:49:30	500.0	504.6666666666667	True	0.5	40.0	4	True	50.0	30.0	-721.1380615234375	226.85028305913363	-177.94125366210938	61.77763890680114	-199.35031127929688	81.63655482475625	-461.7455749511719	165.2802327129939	-81.15924072265625	-48.04209926402777	-513.4920654296875	177.51417463950375	-139.90505981445312	65.59178458827179	-44.98095703125	6.626500917341985	0.0	0.0	0.0	0.0
14.681410312652588	1781096040.0	1781096040.1228275	5	25.0	29.0	12.0	8.0	NeuronSpectrum 10.06.2026 14:49:30	EEG	checkup_149_10.06.2026 14:49:30	500.0	504.6666666666667	True	0.5	40.0	4	True	50.0	30.0	-725.7758178710938	212.37833852742207	-179.4273223876953	58.67354944295994	-201.75230407714844	77.48331508225104	-466.45001220703125	155.30214278332699	-82.71842193603516	-49.52618177757118	-518.2930297851562	166.57267781212622	-141.81332397460938	62.65167490421562	-45.37122344970703	5.610032890765723	0.0	0.0	0.0	0.0
14.681412696838379	1781096040.0	1781096040.12283	5	25.0	29.0	12.0	8.0	NeuronSpectrum 10.06.2026 14:49:30	EEG	checkup_149_10.06.2026 14:49:30	500.0	504.6666666666667	True	0.5	40.0	4	True	50.0	30.0	-735.0086669921875	194.17053702082438	-182.0677032470703	54.69576057786308	-205.80213928222656	72.11369550330255	-474.8302307128906	142.48537640720784	-84.62895965576172	-51.308839979371925	-526.6173095703125	152.77996303789163	-145.24220275878906	58.55900859344564	-46.243228912353516	4.239187887642324	0.0	0.0	0.0	0.0
14.681414365768433	1781096040.0	1781096040.1228316	5	25.0	29.0	12.0	8.0	NeuronSpectrum 10.06.2026 14:49:30	EEG	checkup_149_10.06.2026 14:49:30	500.0	504.6666666666667	True	0.5	40.0	4	True	50.0	30.0	-741.5746459960938	175.53083102785482	-183.63250732421875	50.774112987429135	-208.86038208007812	66.63504325930342	-481.4512023925781	129.24610777195926	-85.72306060791016	-52.89407047818741	-532.7236938476562	138.7050485924834	-148.13275146484375	54.17582080407741	-47.08761215209961	2.7874895881990276	0.0	0.0	0.0	0.0
14.681416749954224	1781096040.0	1781096040.122834	5	25.0	29.0	12.0	8.0	NeuronSpectrum 10.06.2026 14:49:30	EEG	checkup_149_10.06.2026 14:49:30	500.0	504.6666666666667	True	0.5	40.0	4	True	50.0	30.0	-735.8890380859375	159.5573236268383	-181.39218139648438	47.71455874854428	-207.67308044433594	62.041140448524835	-479.3849182128906	117.83357501248379	-84.68507385253906	-53.851488394658965	-529.2780151367188	126.70371050396886	-147.95965576171875	50.29184317107757	-47.22289276123047	1.5222194537178968	0.0	0.0	0.0	0.0
14.681418657302856	1781096040.0	1781096040.1228359	5	25.0	29.0	12.0	8.0	NeuronSpectrum 10.06.2026 14:49:30	EEG	checkup_149_10.06.2026 14:49:30	500.0	504.6666666666667	True	0.5	40.0	4	True	50.0	30.0	-715.457763671875	148.72206223247065	-174.65306091308594	46.073107514991925	-201.29776000976562	59.0586625932511	-466.5968017578125	110.00461355802364	-81.17437744140625	-53.90104739785157	-514.3233032226562	118.58632471041219	-143.91697692871094	47.50251988698252	-46.374961853027344	0.6645972851949126	0.0	0.0	0.0	0.0
14.681420803070068	1781096040.0	1781096040.122838	5	25.0	29.0	12.0	8.0	NeuronSpectrum 10.06.2026 14:49:30	EEG	checkup_149_10.06.2026 14:49:30	500.0	504.6666666666667	True	0.5	40.0	4	True	50.0	30.0	-692.4674682617188	144.65588573498079	-166.7853546142578	46.10602516205215	-193.4492950439453	58.076255111645864	-451.085693359375	106.85568953453591	-76.71469116210938	-52.95966164240642	-496.88543701171875	115.45811089148121	-138.68309020996094	46.14852532188804	-45.157920837402344	0.36375049358330164	0.0	0.0	0.0	0.0
14.68142294883728	1781096040.0	1781096040.1228402	5	25.0	29.0	12.0	8.0	NeuronSpectrum 10.06.2026 14:49:30	EEG	checkup_149_10.06.2026 14:49:30	500.0	504.6666666666667	True	0.5	40.0	4	True	50.0	30.0	-690.025390625	148.0455702826391	-164.2388916015625	47.77288038175605	-191.39846801757812	59.13288054874311	-448.4348449707031	108.75857940875109	-74.2737045288086	-51.1488037843428	-494.22418212890625	117.66606492748494	-137.62826538085938	46.30131768243139	-44.8808479309082	0.6815918345654215	0.0	0.0	0.0	0.0
14.681424856185913	1781096040.0	1781096040.122842	5	25.0	29.0	12.0	8.0	NeuronSpectrum 10.06.2026 14:49:30	EEG	checkup_149_10.06.2026 14:49:30	500.0	504.6666666666667	True	0.5	40.0	4	True	50.0	30.0	-724.5242309570312	158.54809087854346	-171.8643035888672	50.76194607661615	-200.64186096191406	61.93392697582789	-470.07159423828125	115.33611692212455	-76.23174285888672	-48.76940164254931	-518.8585205078125	124.77858609018297	-144.86441040039062	47.77249708269935	-46.518890380859375	1.5848088503556836	0.0	0.0	0.0	0.0
14.681427001953125	1781096040.0	1781096040.1228442	5	25.0	29.0	12.0	8.0	NeuronSpectrum 10.06.2026 14:49:30	EEG	checkup_149_10.06.2026 14:49:30	500.0	504.6666666666667	True	0.5	40.0	4	True	50.0	30.0	-784.3434448242188	174.70282994314042	-187.1959228515625	54.52191696521162	-218.37588500976562	65.87914199203284	-508.98974609375	125.45641359781884	-81.86772918701172	-46.251564884385225	-562.8276977539062	135.57361158340592	-158.37509155273438	50.13528881290859	-49.44773483276367	2.9434415062396804	0.0	0.0	0.0	0.0
14.681428670883179	1781096040.0	1781096040.122846	5	25.0	29.0	12.0	8.0	NeuronSpectrum 10.06.2026 14:49:30	EEG	checkup_149_10.06.2026 14:49:30	500.0	504.6666666666667	True	0.5	40.0	4	True	50.0	30.0	-822.8464965820312	193.9361293104546	-198.41632080078125	58.310937353607024	-231.1656036376953	70.11594903379586	-534.8670043945312	137.2931778047551	-86.39005279541016	-44.08315992883559	-592.363525390625	148.09085193220764	-168.2366485595703	52.76739524791707	-51.00873565673828	4.540809902560322	0.0	0.0	0.0	0.0
14.681430578231812	1781096040.0	1781096040.1228478	5	25.0	29.0	12.0	8.0	NeuronSpectrum 10.06.2026 14:49:30	EEG	checkup_149_10.06.2026 14:49:30	500.0	504.6666666666667	True	0.5	40.0	4	True	50.0	30.0	-777.20703125	212.82153942318647	-189.09527587890625	61.29303319305192	-220.3399200439453	73.65216727658616	-506.3037414550781	148.54371887636475	-82.8698501586914	-42.718832358550266	-561.4921875	159.8544751080444	-160.58689880371094	54.938987133865375	-47.59700393676758	6.1023094507997655	0.0	0.0	0.0	0.0
14.681432247161865	1781096040.0	1781096040.1228495	5	25.0	29.0	12.0	8.0	NeuronSpectrum 10.06.2026 14:49:30	EEG	checkup_149_10.06.2026 14:49:30	500.0	504.6666666666667	True	0.5	40.0	4	True	50.0	30.0	-605.9717407226562	227.69930377479446	-147.9497833251953	62.70104035094661	-173.11485290527344	75.54866095978231	-395.59490966796875	156.8597920576037	-66.3745346069336	-42.47693598785783	-439.4708251953125	168.3327760111791	-125.89147186279297	55.95937463472432	-36.86082458496094	7.346157231013944	0.0	0.0	0.0	0.0
14.681434392929077	1781096040.0	1781096040.1228516	5	25.0	29.0	12.0	8.0	NeuronSpectrum 10.06.2026 14:49:30	EEG	checkup_149_10.06.2026 14:49:30	500.0	504.6666666666667	True	0.5	40.0	4	True	50.0	30.0	-321.2837829589844	235.55823024789638	-77.39276123046875	62.03959750489757	-92.33267211914062	75.16011989380041	-210.15623474121094	160.42085216803622	-37.66595458984375	-43.44713943483144	-234.4914093017578	171.56129058546836	-66.23029327392578	55.35732079249239	-19.590221405029297	8.047107181892276	0.0	0.0	0.0	0.0
14.73313283920288	1781096040.0	1781096040.17455	5	25.0	29.0	12.0	8.0	NeuronSpectrum 10.06.2026 14:49:30	EEG	checkup_149_10.06.2026 14:49:30	500.0	504.6666666666667	True	0.5	40.0	4	True	50.0	30.0	-721.4324340820312	234.8604237235116	-184.4281463623047	59.2505650554911	-214.15716552734375	72.33387568034239	-477.2743225097656	158.44066554516465	-84.45577239990234	-45.4451318286152	-530.7763671875	168.70020048881395	-157.4501953125	53.02737100378203	-43.70985794067383	8.091590037661089	0.0	0.0	0.0	0.0
14.733138799667358	1781096040.0	1781096040.174556	5	25.0	29.0	12.0	8.0	NeuronSpectrum 10.06.2026 14:49:30	EEG	checkup_149_10.06.2026 14:49:30	500.0	504.6666666666667	True	0.5	40.0	4	True	50.0	30.0	-720.8463134765625	225.93856209452943	-187.16273498535156	54.75508140476872	-217.01535034179688	67.46777532960792	-479.1500549316406	151.37252122484057	-86.67123413085938	-48.0447441804966	-533.0189819335938	160.2658552439031	-159.96681213378906	49.26896960734063	-43.984859466552734	7.501117323291649	0.0	0.0	0.0	0.0
14.733141422271729	1781096040.0	1781096040.1745586	5	25.0	29.0	12.0	8.0	NeuronSpectrum 10.06.2026 14:49:30	EEG	checkup_149_10.06.2026 14:49:30	500.0	504.6666666666667	True	0.5	40.0	4	True	50.0	30.0	-725.7804565429688	210.79949709606723	-190.22970581054688	49.3419465156272	-220.42080688476562	61.391852467585394	-483.5738220214844	140.71832022592395	-88.61092376708984	-50.68638055010544	-538.0908203125	147.92900651329643	-162.6607666015625	44.69348527293618	-44.73756790161133	6.414698102432573	0.0	0.0	0.0	0.0
14.733144044876099	1781096040.0	1781096040.1745613	5	25.0	29.0	12.0	8.0	NeuronSpectrum 10.06.2026 14:49:30	EEG	checkup_149_10.06.2026 14:49:30	500.0	504.6666666666667	True	0.5	40.0	4	True	50.0	30.0	-735.133544921875	192.4772456329866	-193.1338348388672	43.95200219825561	-223.85922241210938	55.130008821627165	-489.6119384765625	128.5524249900986	-89.95702362060547	-52.82317469257692	-545.0574951171875	133.99850996059223	-165.1458282470703	40.04288888119134	-45.78833770751953	5.041000070325696	0.0	0.0	0.0	0.0
14.733145952224731	1781096040.0	1781096040.1745632	5	25.0	29.0	12.0	8.0	NeuronSpectrum 10.06.2026 14:49:30	EEG	checkup_149_10.06.2026 14:49:30	500.0	504.6666666666667	True	0.5	40.0	4	True	50.0	30.0	-741.6223754882812	174.25598843118402	-194.05076599121094	39.4513693737806	-225.251953125	49.64717633342286	-492.5650329589844	116.98543183270532	-89.95451354980469	-54.04997152976751	-548.7592163085938	120.83543755071234	-165.94418334960938	36.00042963030439	-46.57268142700195	3.60242058972402	0.0	0.0	0.0	0.0
14.733147859573364	1781096040.0	1781096040.174565	5	25.0	29.0	12.0	8.0	NeuronSpectrum 10.06.2026 14:49:30	EEG	checkup_149_10.06.2026 14:49:30	500.0	504.6666666666667	True	0.5	40.0	4	True	50.0	30.0	-735.6824951171875	159.04593145192675	-190.79815673828125	36.47170046956393	-222.07618713378906	45.67049817933941	-486.5199890136719	107.76144454927442	-87.7925796508789	-54.173352637175945	-542.610595703125	110.40851447185408	-163.30300903320312	33.06037534094503	-46.42473602294922	2.290867574709261	0.0	0.0	0.0	0.0
14.733149766921997	1781096040.0	1781096040.174567	5	25.0	29.0	12.0	8.0	NeuronSpectrum 10.06.2026 14:49:30	EEG	checkup_149_10.06.2026 14:49:30	500.0	504.6666666666667	True	0.5	40.0	4	True	50.0	30.0	-714.8348388671875	149.0349014766535	-183.16941833496094	35.348193567583266	-214.0668487548828	43.61884759995025	-470.4554443359375	102.06815846688234	-83.5169448852539	-53.21046449759486	-525.35009765625	104.07735520033931	-157.16726684570312	31.48243575366507	-45.21056365966797	1.2444773212711513	0.0	0.0	0.0	0.0
14.73315143585205	1781096040.0	1781096040.1745687	5	25.0	29.0	12.0	8.0	NeuronSpectrum 10.06.2026 14:49:30	EEG	checkup_149_10.06.2026 14:49:30	500.0	504.6666666666667	True	0.5	40.0	4	True	50.0	30.0	-691.2384643554688	145.57765447620318	-174.78163146972656	36.138810971739765	-205.35687255859375	43.62111265214075	-453.096923828125	100.52457240318276	-78.742431640625	-51.33331072979662	-506.4371643066406	102.56588719954959	-150.7266082763672	31.315204682684858	-43.823123931884766	0.5432809846373706	0.0	0.0	0.0	0.0
14.733153343200684	1781096040.0	1781096040.1745706	5	25.0	29.0	12.0	8.0	NeuronSpectrum 10.06.2026 14:49:30	EEG	checkup_149_10.06.2026 14:49:30	500.0	504.6666666666667	True	0.5	40.0	4	True	50.0	30.0	-687.9528198242188	149.19070431270322	-172.01792907714844	38.67977498850865	-203.25308227539062	45.571733621750354	-450.26202392578125	103.2434081344146	-76.20516967773438	-48.79263218152644	-503.1750793457031	106.01580438782308	-149.468017578125	32.448265341580125	-43.90673065185547	0.21456353964308877	0.0	0.0	0.0	0.0
14.733155012130737	1781096040.0	1781096040.1745722	5	25.0	29.0	12.0	8.0	NeuronSpectrum 10.06.2026 14:49:30	EEG	checkup_149_10.06.2026 14:49:30	500.0	504.6666666666667	True	0.5	40.0	4	True	50.0	30.0	-721.3905029296875	159.52087101634487	-179.4263458251953	42.63104997562534	-212.91244506835938	49.171247919247755	-473.0626220703125	109.86431343686344	-77.9006576538086	-45.85655599903792	-527.7442626953125	114.01016119287182	-157.2043914794922	34.651628225949516	-46.647125244140625	0.2376343838056878	0.0	0.0	0.0	0.0
14.73315715789795	1781096040.0	1781096040.1745744	5	25.0	29.0	12.0	8.0	NeuronSpectrum 10.06.2026 14:49:30	EEG	checkup_149_10.06.2026 14:49:30	500.0	504.6666666666667	True	0.5	40.0	4	True	50.0	30.0	-780.1145629882812	175.24840237998814	-194.1963348388672	47.49079892548241	-230.9606170654297	53.92952867669688	-513.7515869140625	119.51849910269284	-82.85128021240234	-42.784165333189854	-571.6170043945312	125.5284683120046	-171.3476104736328	37.58359215821178	-51.31526184082031	0.5432498989020623	0.0	0.0	0.0	0.0
14.733159065246582	1781096040.0	1781096040.1745763	5	25.0	29.0	12.0	8.0	NeuronSpectrum 10.06.2026 14:49:30	EEG	checkup_149_10.06.2026 14:49:30	500.0	504.6666666666667	True	0.5	40.0	4	True	50.0	30.0	-817.84326171875	194.02327589840056	-204.32676696777344	52.59711215062286	-243.39634704589844	59.15523186063941	-541.114990234375	130.78341577729842	-86.3443374633789	-39.83002633415481	-600.4796752929688	138.9012121810786	-181.38934326171875	40.7828959317026	-54.77345657348633	1.012137867797808	0.0	0.0	0.0	0.0
14.733160734176636	1781096040.0	1781096040.174578	5	25.0	29.0	12.0	8.0	NeuronSpectrum 10.06.2026 14:49:30	EEG	checkup_149_10.06.2026 14:49:30	500.0	504.6666666666667	True	0.5	40.0	4	True	50.0	30.0	-772.1429443359375	212.62491258845586	-193.46115112304688	57.16411523623434	-231.2202606201172	63.98815935762979	-513.0428466796875	141.75498296779932	-81.83506774902344	-37.25535670337759	-568.0786743164062	151.9050327594196	-173.1209716796875	43.68678211600476	-52.72643280029297	1.4839203550567373	0.0	0.0	0.0	0.0
14.73316240310669	1781096040.0	1781096040.1745796	5	25.0	29.0	12.0	8.0	NeuronSpectrum 10.06.2026 14:49:30	EEG	checkup_149_10.06.2026 14:49:30	500.0	504.6666666666667	True	0.5	40.0	4	True	50.0	30.0	-601.7678833007812	227.488386454515	-150.58746337890625	60.392674811902445	-181.6856231689453	67.52260410009129	-401.5551452636719	150.34098716687436	-64.80972290039062	-35.31805783748855	-443.7874450683594	162.11023618289104	-137.0045166015625	45.71140467746942	-42.25281524658203	1.7858138082383201	0.0	0.0	0.0	0.0
14.733164310455322	1781096040.0	1781096040.1745815	5	25.0	29.0	12.0	8.0	NeuronSpectrum 10.06.2026 14:49:30	EEG	checkup_149_10.06.2026 14:49:30	500.0	504.6666666666667	True	0.5	40.0	4	True	50.0	30.0	-318.7106018066406	235.53764488945808	-78.42381286621094	61.647768478706546	-98.00361633300781	69.01296019032802	-214.3007354736328	154.74962663410136	-36.15740203857422	-34.23148791978147	-236.2654266357422	167.44653937291545	-75.36293029785156	46.389956424536386	-24.00692367553711	1.7783058406473056	0.0	0.0	0.0	0.0
14.733165979385376	1781096040.0	1781096040.1745832	5	25.0	29.0	12.0	8.0	NeuronSpectrum 10.06.2026 14:49:30	EEG	checkup_149_10.06.2026 14:49:30	500.0	504.6666666666667	True	0.5	40.0	4	True	50.0	30.0	-717.2454223632812	235.02697980141818	-182.10675048828125	60.63490724578625	-217.79234313964844	68.08266488839473	-479.8732604980469	153.98968060500889	-77.7983169555664	-34.10899980454507	-529.3455200195312	166.77775731357409	-164.31019592285156	45.512531947572036	-51.11770248413086	1.4000844521267135	0.0	0.0	0.0	0.0
14.733167886734009	1781096040.0	1781096040.174585	5	25.0	29.0	12.0	8.0	NeuronSpectrum 10.06.2026 14:49:30	EEG	checkup_149_10.06.2026 14:49:30	500.0	504.6666666666667	True	0.5	40.0	4	True	50.0	30.0	-717.2525024414062	226.01588939553298	-182.83642578125	57.48810629660064	-218.23255920410156	64.83362641115778	-479.42803955078125	148.14628933182203	-78.42394256591797	-34.925843531072594	-529.1497192382812	160.2186991086511	-164.52867126464844	43.19427164426465	-51.1817741394043	0.6898733093882372	0.0	0.0	0.0	0.0
14.733169555664062	1781096040.0	1781096040.1745868	5	25.0	29.0	12.0	8.0	NeuronSpectrum 10.06.2026 14:49:30	EEG	checkup_149_10.06.2026 14:49:30	500.0	504.6666666666667	True	0.5	40.0	4	True	50.0	30.0	-722.8919067382812	210.28200324584867	-184.8171844482422	52.726016155138666	-220.068603515625	59.80397597875593	-482.0303039550781	138.31107830605822	-79.5110855102539	-36.51960500877877	-532.6885375976562	149.056468391387	-165.59873962402344	39.83570222261524	-51.21309280395508	-0.22545064405577095	0.0	0.0	0.0	0.0
14.733171701431274	1781096040.0	1781096040.174589	5	25.0	29.0	12.0	8.0	NeuronSpectrum 10.06.2026 14:49:30	EEG	checkup_149_10.06.2026 14:49:30	500.0	504.6666666666667	True	0.5	40.0	4	True	50.0	30.0	-732.9947509765625	190.7722265650768	-187.7704315185547	47.105640412351626	-223.05203247070312	53.80645763964695	-487.2189636230469	126.23560258243337	-80.9063491821289	-38.62619835136092	-539.2432861328125	135.3517966735153	-167.29342651367188	36.00116847280709	-51.21586227416992	-1.168294014109783	0.0	0.0	0.0	0.0
14.733173608779907	1781096040.0	1781096040.1745908	5	25.0	29.0	12.0	8.0	NeuronSpectrum 10.06.2026 14:49:30	EEG	checkup_149_10.06.2026 14:49:30	500.0	504.6666666666667	True	0.5	40.0	4	True	50.0	30.0	-740.2138671875	170.87298872178698	-189.82118225097656	41.44582601764004	-225.05801391601562	47.729906771219866	-490.4703674316406	113.89067959453054	-81.82014465332031	-40.93228275213748	-543.5773315429688	121.4251018315846	-168.03013610839844	32.27739162574269	-50.87562942504883	-1.954493215989818	0.0	0.0	0.0	0.0
14.733175277709961	1781096040.0	1781096040.1745925	5	25.0	29.0	12.0	8.0	NeuronSpectrum 10.06.2026 14:49:30	EEG	checkup_149_10.06.2026 14:49:30	500.0	504.6666666666667	True	0.5	40.0	4	True	50.0	30.0	-734.9412231445312	153.76200943570538	-188.54061889648438	36.484309171394116	-223.2874298095703	42.377393922716244	-485.7623596191406	103.09625527414306	-81.28482055664062	-43.12528032946977	-538.8116455078125	109.41514242003255	-165.78965759277344	29.166295837045233	-49.757965087890625	-2.4279702109563104	0.0	0.0	0.0	0.0
14.733177185058594	1781096040.0	1781096040.1745944	5	25.0	29.0	12.0	8.0	NeuronSpectrum 10.06.2026 14:49:30	EEG	checkup_149_10.06.2026 14:49:30	500.0	504.6666666666667	True	0.5	40.0	4	True	50.0	30.0	-714.6975708007812	141.97175110924934	-183.44497680664062	32.79519099939025	-217.17694091796875	38.372663071898614	-471.8097229003906	95.29498130868767	-79.23263549804688	-44.931508275212536	-523.3455810546875	100.99867645002439	-160.25901794433594	27.03370673772293	-47.826202392578125	-2.4794838230316736	0.0	0.0	0.0	0.0
14.733178853988647	1781096040.0	1781096040.174596	5	25.0	29.0	12.0	8.0	NeuronSpectrum 10.06.2026 14:49:30	EEG	checkup_149_10.06.2026 14:49:30	500.0	504.6666666666667	True	0.5	40.0	4	True	50.0	30.0	-691.693359375	137.15905581016492	-177.97874450683594	30.757357267482327	-210.72389221191406	36.12483999115992	-457.0622863769531	91.45185480434246	-77.32269287109375	-46.1421432849411	-506.412109375	97.25890671409329	-154.5088348388672	26.10333410099368	-45.85667419433594	-2.0522976126637342	0.0	0.0	0.0	0.0
14.73318076133728	1781096040.0	1781096040.174598	5	25.0	29.0	12.0	8.0	NeuronSpectrum 10.06.2026 14:49:30	EEG	checkup_149_10.06.2026 14:49:30	500.0	504.6666666666667	True	0.5	40.0	4	True	50.0	30.0	-689.0609741210938	139.99416535786423	-178.43345642089844	30.54393757897288	-211.2513427734375	35.817694782994906	-457.0898742675781	92.01076071663866	-78.4029312133789	-46.63183565273619	-505.2396545410156	98.63141375982599	-154.03775024414062	26.46701724757763	-45.200523376464844	-1.142430618699953	0.0	0.0	0.0	0.0
14.733182191848755	1781096040.0	1781096040.1745994	5	25.0	29.0	12.0	8.0	NeuronSpectrum 10.06.2026 14:49:30	EEG	checkup_149_10.06.2026 14:49:30	500.0	504.6666666666667	True	0.5	40.0	4	True	50.0	30.0	-723.2435913085938	150.07816216292537	-189.15396118164062	32.10447027392375	-223.8434600830078	37.39105456595896	-482.6969299316406	96.84126793526147	-84.345458984375	-46.37440852292147	-531.9718017578125	104.85546885499518	-162.64642333984375	28.083041412713733	-46.75249481201172	0.1995370021362471	0.0	0.0	0.0	0.0
14.733184337615967	1781096040.0	1781096040.1746016	5	25.0	29.0	12.0	8.0	NeuronSpectrum 10.06.2026 14:49:30	EEG	checkup_149_10.06.2026 14:49:30	500.0	504.6666666666667	True	0.5	40.0	4	True	50.0	30.0	-782.7279052734375	165.8701023499716	-206.8134765625	35.13438339403606	-244.67381286621094	40.50779123367128	-525.6610107421875	105.16390530656825	-93.51172637939453	-45.45408721051239	-577.9127197265625	114.9151648302585	-177.526611328125	30.754223309503985	-49.73106002807617	1.8638160882449486	0.0	0.0	0.0	0.0
14.73318600654602	1781096040.0	1781096040.1746032	5	25.0	29.0	12.0	8.0	NeuronSpectrum 10.06.2026 14:49:30	EEG	checkup_149_10.06.2026 14:49:30	500.0	504.6666666666667	True	0.5	40.0	4	True	50.0	30.0	-821.0418090820312	184.71421326813922	-218.6014862060547	39.059308157385324	-258.8645935058594	44.53726054756315	-554.1602172851562	115.5213161339321	-100.00244140625	-44.06224921060518	-608.3784790039062	127.03885077742089	-187.70579528808594	34.106849671856914	-51.3178596496582	3.6803752125109894	0.0	0.0	0.0	0.0
14.733187913894653	1781096040.0	1781096040.1746051	5	25.0	29.0	12.0	8.0	NeuronSpectrum 10.06.2026 14:49:30	EEG	checkup_149_10.06.2026 14:49:30	500.0	504.6666666666667	True	0.5	40.0	4	True	50.0	30.0	-775.5263061523438	203.1231362294046	-207.40065002441406	43.08207572100927	-246.47547912597656	48.60931849365306	-525.5906372070312	125.9107272793102	-96.03836822509766	-42.46602502051963	-576.669921875	138.87674057687755	-178.4762420654297	37.61112758680023	-47.81287384033203	5.432551354220807	0.0	0.0	0.0	0.0
14.733189821243286	1781096040.0	1781096040.174607	5	25.0	29.0	12.0	8.0	NeuronSpectrum 10.06.2026 14:49:30	EEG	checkup_149_10.06.2026 14:49:30	500.0	504.6666666666667	True	0.5	40.0	4	True	50.0	30.0	-604.8082885742188	217.41268374425417	-161.9868621826172	46.325062454501804	-194.3599853515625	51.775629836890616	-411.93048095703125	134.15366623358042	-76.56214141845703	-40.94387213254455	-451.9010009765625	147.93354119754838	-140.13397216796875	40.6736218098091	-36.86099624633789	6.892647601454752	0.0	0.0	0.0	0.0
14.73319149017334	1781096040.0	1781096040.1746087	5	25.0	29.0	12.0	8.0	NeuronSpectrum 10.06.2026 14:49:30	EEG	checkup_149_10.06.2026 14:49:30	500.0	504.6666666666667	True	0.5	40.0	4	True	50.0	30.0	-320.9574890136719	224.58569697825735	-85.71983337402344	48.046590878697636	-106.30313873291016	53.25310505943279	-221.4119110107422	138.4442576600873	-43.124046325683594	-39.70465266827226	-242.86468505859375	152.1868925758473	-75.44767761230469	42.78879860544376	-19.31857681274414	7.874386445935821	0.0	0.0	0.0	0.0
14.733193159103394	1781096040.0	1781096040.1746104	5	25.0	29.0	12.0	8.0	NeuronSpectrum 10.06.2026 14:49:30	EEG	checkup_149_10.06.2026 14:49:30	500.0	504.6666666666667	True	0.5	40.0	4	True	50.0	30.0	-720.22314453125	223.14476681654926	-193.0260009765625	47.84931267980493	-231.6645965576172	52.65484237626562	-489.6258544921875	137.86750563480035	-89.94692993164062	-38.82719325629922	-538.9692993164062	150.66032979671508	-165.6083526611328	43.686697813201	-42.45608139038086	8.28315648325078	0.0	0.0	0.0	0.0
14.733195066452026	1781096040.0	1781096040.1746123	5	25.0	29.0	12.0	8.0	NeuronSpectrum 10.06.2026 14:49:30	EEG	checkup_149_10.06.2026 14:49:30	500.0	504.6666666666667	True	0.5	40.0	4	True	50.0	30.0	-719.67041015625	213.46803583591924	-192.0330810546875	45.78335399738438	-230.81680297851562	50.0975083533242	-487.5794372558594	132.64416228605572	-88.36685180664062	-38.255932040891594	-538.2813110351562	143.68402295242691	-163.19815063476562	43.40087569094629	-41.94691848754883	8.141411793649448	0.0	0.0	0.0	0.0
14.73319673538208	1781096040.0	1781096040.174614	5	25.0	29.0	12.0	8.0	NeuronSpectrum 10.06.2026 14:49:30	EEG	checkup_149_10.06.2026 14:49:30	500.0	504.6666666666667	True	0.5	40.0	4	True	50.0	30.0	-724.603271484375	197.58994026275573	-192.25155639648438	42.30004736794095	-231.05364990234375	46.136489815356185	-488.484619140625	123.99454251638207	-86.8777084350586	-37.85839324407277	-540.9463500976562	132.72808879610702	-161.1641845703125	42.224016100312696	-41.8729362487793	7.578430515020611	0.0	0.0	0.0	0.0
14.733198404312134	1781096040.0	1781096040.1746156	5	25.0	29.0	12.0	8.0	NeuronSpectrum 10.06.2026 14:49:30	EEG	checkup_149_10.06.2026 14:49:30	500.0	504.6666666666667	True	0.5	40.0	4	True	50.0	30.0	-733.947509765625	178.5386538279567	-193.6109619140625	38.09330555805263	-232.2771453857422	41.574593077521506	-491.9633483886719	113.7191073252261	-85.69761657714844	-37.512510173447396	-546.3370361328125	119.92050042697788	-159.75765991210938	40.584352723289165	-42.13011169433594	6.792042143672906	0.0	0.0	0.0	0.0
14.733200073242188	1781096040.0	1781096040.1746173	5	25.0	29.0	12.0	8.0	NeuronSpectrum 10.06.2026 14:49:30	EEG	checkup_149_10.06.2026 14:49:30	500.0	504.6666666666667	True	0.5	40.0	4	True	50.0	30.0	-740.4720458984375	159.55715945554738	-194.37010192871094	33.91174674378381	-232.533203125	37.24281591694085	-493.52349853515625	103.70976441446986	-84.3062515258789	-37.17560376985823	-549.349853515625	107.48943668848045	-157.9409637451172	38.91135178497411	-42.2613525390625	6.000777052139518	0.0	0.0	0.0	0.0
14.73320198059082	1781096040.0	1781096040.1746192	5	25.0	29.0	12.0	8.0	NeuronSpectrum 10.06.2026 14:49:30	EEG	checkup_149_10.06.2026 14:49:30	500.0	504.6666666666667	True	0.5	40.0	4	True	50.0	30.0	-734.681640625	143.49247441129816	-192.11402893066406	30.41347540135928	-229.14764404296875	33.83730797548253	-487.1011657714844	95.57707082015055	-81.87432861328125	-36.90101137968497	-543.2289428710938	97.33724575706877	-154.1068878173828	37.54633493389244	-41.688621520996094	5.403136808906642	0.0	0.0	0.0	0.0
14.733203411102295	1781096040.0	1781096040.1746206	5	25.0	29.0	12.0	8.0	NeuronSpectrum 10.06.2026 14:49:30	EEG	checkup_149_10.06.2026 14:49:30	500.0	504.6666666666667	True	0.5	40.0	4	True	50.0	30.0	-714.1668090820312	132.47206326492474	-186.22793579101562	28.092265628039787	-221.5448455810547	31.844914907153882	-471.27764892578125	90.46824488068785	-78.412353515625	-36.798880202828634	-526.4108276367188	90.83010784972899	-148.032958984375	36.71529560100076	-40.23442459106445	5.15175801694872	0.0	0.0	0.0	0.0
14.733205318450928	1781096040.0	1781096040.1746225	5	25.0	29.0	12.0	8.0	NeuronSpectrum 10.06.2026 14:49:30	EEG	checkup_149_10.06.2026 14:49:30	500.0	504.6666666666667	True	0.5	40.0	4	True	50.0	30.0	-691.1287231445312	127.82104922838715	-179.91465759277344	27.261424820140864	-213.53558349609375	31.53908627584707	-454.3193359375	89.04137942926475	-75.70911407470703	-36.966060646244614	-508.0425109863281	88.76508655314815	-142.4970703125	36.54522761111698	-38.536102294921875	5.341220928691894	0.0	0.0	0.0	0.0
14.733206748962402	1781096040.0	1781096040.174624	5	25.0	29.0	12.0	8.0	NeuronSpectrum 10.06.2026 14:49:30	EEG	checkup_149_10.06.2026 14:49:30	500.0	504.6666666666667	True	0.5	40.0	4	True	50.0	30.0	-688.6090087890625	130.07786152486196	-179.2288818359375	28.057770136250216	-212.17877197265625	32.99958215772601	-451.70263671875	91.49838959883512	-76.83041381835938	-37.42464860183818	-505.2007141113281	91.40570121413342	-142.47369384765625	37.0868640737659	-37.84361267089844	6.002989093757075	0.0	0.0	0.0	0.0
14.733208656311035	1781096040.0	1781096040.1746259	5	25.0	29.0	12.0	8.0	NeuronSpectrum 10.06.2026 14:49:30	EEG	checkup_149_10.06.2026 14:49:30	500.0	504.6666666666667	True	0.5	40.0	4	True	50.0	30.0	-722.9214477539062	138.96816668335063	-188.44435119628906	30.42998662880753	-222.43849182128906	36.11160756943627	-474.416259765625	97.58172491887998	-83.83797454833984	-38.10427173126842	-529.963623046875	98.47943738607039	-151.3352813720703	38.31106324110938	-39.068965911865234	7.100940366166453	0.0	0.0	0.0	0.0
14.733210325241089	1781096040.0	1781096040.1746275	5	25.0	29.0	12.0	8.0	NeuronSpectrum 10.06.2026 14:49:30	EEG	checkup_149_10.06.2026 14:49:30	500.0	504.6666666666667	True	0.5	40.0	4	True	50.0	30.0	-782.4598999023438	153.2945817476051	-204.43869018554688	34.10209570650509	-240.72488403320312	40.53135577676937	-514.7933959960938	106.50571651634604	-95.03184509277344	-38.88069221387965	-573.8074340820312	109.10356131081376	-166.2614288330078	40.07132530133578	-41.63716125488281	8.525948395179574	0.0	0.0	0.0	0.0
14.733211994171143	1781096040.0	1781096040.1746292	5	25.0	29.0	12.0	8.0	NeuronSpectrum 10.06.2026 14:49:30	EEG	checkup_149_10.06.2026 14:49:30	500.0	504.6666666666667	True	0.5	40.0	4	True	50.0	30.0	-820.7549438476562	170.8439011746883	-214.8379364013672	38.54087942688487	-252.76882934570312	45.65015640988874	-541.800537109375	116.89016497285724	-104.03762817382812	-39.6518377074642	-602.4788818359375	121.71314487128427	-176.75955200195312	42.05934842858691	-43.10123825073242	10.095337782354438	0.0	0.0	0.0	0.0
14.733213663101196	1781096040.0	1781096040.1746309	5	25.0	29.0	12.0	8.0	NeuronSpectrum 10.06.2026 14:49:30	EEG	checkup_149_10.06.2026 14:49:30	500.0	504.6666666666667	True	0.5	40.0	4	True	50.0	30.0	-775.242431640625	188.5108201438385	-202.97865295410156	42.98130262544922	-239.341796875	50.619778959835386	-513.4835205078125	126.82925499306113	-102.25260162353516	-40.408171525582425	-569.7962646484375	134.13836777146943	-168.81201171875	43.80305528369138	-40.13983917236328	11.567733610891796	0.0	0.0	0.0	0.0
14.733215570449829	1781096040.0	1781096040.1746328	5	25.0	29.0	12.0	8.0	NeuronSpectrum 10.06.2026 14:49:30	EEG	checkup_149_10.06.2026 14:49:30	500.0	504.6666666666667	True	0.5	40.0	4	True	50.0	30.0	-604.6644287109375	202.79266482963706	-157.83004760742188	46.55145519988714	-187.680908203125	54.48804811661939	-401.9191589355469	134.20005944304177	-83.76570892333984	-41.253601541236996	-445.1917419433594	143.9470487008945	-133.1054229736328	44.74632865599207	-30.559480667114258	12.680795615258228	0.0	0.0	0.0	0.0
14.733217000961304	1781096040.0	1781096040.1746342	5	25.0	29.0	12.0	8.0	NeuronSpectrum 10.06.2026 14:49:30	EEG	checkup_149_10.06.2026 14:49:30	500.0	504.6666666666667	True	0.5	40.0	4	True	50.0	30.0	-321.13104248046875	210.60576695367936	-82.52693176269531	48.483893436058274	-101.31570434570312	56.43154964340369	-214.71481323242188	137.1798730193535	-49.64891052246094	-42.36057290289854	-237.36566162109375	149.0196868028057	-72.09076690673828	44.40334150941698	-15.016100883483887	13.20769459237591	0.0	0.0	0.0	0.0
14.784035682678223	1781096040.0	1781096040.225453	5	25.0	29.0	12.0	8.0	NeuronSpectrum 10.06.2026 14:49:30	EEG	checkup_149_10.06.2026 14:49:30	500.0	504.6666666666667	True	0.5	40.0	4	True	50.0	30.0	-719.056884765625	210.1300078678372	-188.17877197265625	48.335259404441736	-223.50198364257812	55.99745100966284	-482.1722412109375	134.77962545204986	-103.52398681640625	-43.882948631958755	-530.53662109375	148.14543576254707	-161.12403869628906	42.52476416964938	-36.44456481933594	13.01449637206439	0.0	0.0	0.0	0.0
14.784041404724121	1781096040.0	1781096040.2254586	5	25.0	29.0	12.0	8.0	NeuronSpectrum 10.06.2026 14:49:30	EEG	checkup_149_10.06.2026 14:49:30	500.0	504.6666666666667	True	0.5	40.0	4	True	50.0	30.0	-718.1159057617188	201.3053293386263	-187.78164672851562	46.11421250057724	-223.33596801757812	53.24109013399281	-483.4495544433594	127.14597406302508	-104.87554168701172	-45.87375021539561	-530.0728149414062	141.36650689906043	-162.3395233154297	39.19339688217626	-36.739017486572266	12.095900279778627	0.0	0.0	0.0	0.0
14.78404450416565	1781096040.0	1781096040.2254617	5	25.0	29.0	12.0	8.0	NeuronSpectrum 10.06.2026 14:49:30	EEG	checkup_149_10.06.2026 14:49:30	500.0	504.6666666666667	True	0.5	40.0	4	True	50.0	30.0	-722.7213134765625	185.77746713529604	-188.78982543945312	42.26406363211695	-224.57574462890625	48.69897742267425	-488.0695495605469	115.50058842532113	-106.39714050292969	-48.24498606504512	-533.3811645507812	129.92523661732986	-164.75604248046875	34.80432462743623	-37.677490234375	10.576324454850406	0.0	0.0	0.0	0.0
14.78404712677002	1781096040.0	1781096040.2254643	5	25.0	29.0	12.0	8.0	NeuronSpectrum 10.06.2026 14:49:30	EEG	checkup_149_10.06.2026 14:49:30	500.0	504.6666666666667	True	0.5	40.0	4	True	50.0	30.0	-731.8245849609375	166.38222475895927	-190.9251251220703	37.52435008638637	-226.93882751464844	43.22599639451547	-495.22210693359375	101.7798367085629	-108.14453887939453	-50.77705267131972	-539.7603759765625	115.88143663114512	-168.0167694091797	29.94931131881458	-39.14132308959961	8.679824845603523	0.0	0.0	0.0	0.0
14.78404951095581	1781096040.0	1781096040.2254667	5	25.0	29.0	12.0	8.0	NeuronSpectrum 10.06.2026 14:49:30	EEG	checkup_149_10.06.2026 14:49:30	500.0	504.6666666666667	True	0.5	40.0	4	True	50.0	30.0	-738.1959838867188	146.43871676669337	-192.2633819580078	32.74380502261048	-228.26309204101562	37.78050799356549	-499.96514892578125	88.15827651720534	-109.29052734375	-53.1627022500555	-543.9813842773438	101.5991169407802	-170.2565155029297	25.26579286208406	-40.60315704345703	6.6833213731067405	0.0	0.0	0.0	0.0
14.784051656723022	1781096040.0	1781096040.2254689	5	25.0	29.0	12.0	8.0	NeuronSpectrum 10.06.2026 14:49:30	EEG	checkup_149_10.06.2026 14:49:30	500.0	504.6666666666667	True	0.5	40.0	4	True	50.0	30.0	-732.3170776367188	129.1075631207827	-190.27525329589844	28.713195678527526	-225.68988037109375	33.23583671450013	-495.88043212890625	76.62835998045257	-108.63469696044922	-55.06639958895335	-539.1327514648438	89.28932208691648	-169.1102752685547	21.307985273193886	-41.367408752441406	4.8682305449310315	0.0	0.0	0.0	0.0
14.784054279327393	1781096040.0	1781096040.2254715	5	25.0	29.0	12.0	8.0	NeuronSpectrum 10.06.2026 14:49:30	EEG	checkup_149_10.06.2026 14:49:30	500.0	504.6666666666667	True	0.5	40.0	4	True	50.0	30.0	-711.7314453125	116.94397403280615	-184.3181915283203	26.052631841858513	-218.55615234375	30.25703554346515	-481.44451904296875	68.72254831448264	-105.92523956298828	-56.18579932732528	-523.5180053710938	80.7017208083901	-164.0496368408203	18.469038268658686	-41.126224517822266	3.4799904619641753	0.0	0.0	0.0	0.0
14.784056425094604	1781096040.0	1781096040.2254736	5	25.0	29.0	12.0	8.0	NeuronSpectrum 10.06.2026 14:49:30	EEG	checkup_149_10.06.2026 14:49:30	500.0	504.6666666666667	True	0.5	40.0	4	True	50.0	30.0	-688.5781860351562	111.64608641697212	-177.644287109375	25.152970223663793	-210.73927307128906	29.241159683137834	-465.1590881347656	65.37503324991857	-102.9487075805664	-56.308163526877884	-506.2274169921875	76.96147348283255	-158.2517547607422	16.952539987830853	-40.4142951965332	2.698580548839273	0.0	0.0	0.0	0.0
14.784058570861816	1781096040.0	1781096040.2254758	5	25.0	29.0	12.0	8.0	NeuronSpectrum 10.06.2026 14:49:30	EEG	checkup_149_10.06.2026 14:49:30	500.0	504.6666666666667	True	0.5	40.0	4	True	50.0	30.0	-685.849365234375	113.92129311119248	-176.4077911376953	26.149743447360542	-209.49972534179688	30.29476577970238	-462.9814453125	66.86625555801467	-103.01541900634766	-55.35756435419016	-504.3710632324219	78.49075550431111	-157.66758728027344	16.77204365956938	-40.42764663696289	2.618805094869648	0.0	0.0	0.0	0.0
14.784060716629028	1781096040.0	1781096040.225478	5	25.0	29.0	12.0	8.0	NeuronSpectrum 10.06.2026 14:49:30	EEG	checkup_149_10.06.2026 14:49:30	500.0	504.6666666666667	True	0.5	40.0	4	True	50.0	30.0	-719.8636474609375	123.38898658677178	-185.0061492919922	28.906445514722787	-220.02291870117188	33.22078001420766	-486.3315734863281	72.78953762796759	-108.4626235961914	-53.42820021333083	-530.0992431640625	84.95187498201503	-166.660400390625	17.75477502722169	-42.06414794921875	3.2380469731898573	0.0	0.0	0.0	0.0
14.784062623977661	1781096040.0	1781096040.2254798	5	25.0	29.0	12.0	8.0	NeuronSpectrum 10.06.2026 14:49:30	EEG	checkup_149_10.06.2026 14:49:30	500.0	504.6666666666667	True	0.5	40.0	4	True	50.0	30.0	-779.1024169921875	138.50642135076427	-200.4495849609375	33.00194688224707	-238.80657958984375	37.50817413308286	-527.5864868164062	82.02553102640044	-117.62215423583984	-50.79510565097501	-574.9105834960938	95.20052805933149	-182.70103454589844	19.54136947158065	-44.75008773803711	4.451634736892347	0.0	0.0	0.0	0.0
14.784064769744873	1781096040.0	1781096040.225482	5	25.0	29.0	12.0	8.0	NeuronSpectrum 10.06.2026 14:49:30	EEG	checkup_149_10.06.2026 14:49:30	500.0	504.6666666666667	True	0.5	40.0	4	True	50.0	30.0	-817.2509155273438	156.60734590038246	-210.5001220703125	37.744288163756494	-251.45468139648438	42.35033814492578	-555.242919921875	92.78128577608676	-123.81809997558594	-47.88875741853256	-604.4664916992188	107.3150884365264	-194.5259246826172	21.599064846179406	-46.043338775634766	6.060204770775523	0.0	0.0	0.0	0.0
14.784066915512085	1781096040.0	1781096040.2254841	5	25.0	29.0	12.0	8.0	NeuronSpectrum 10.06.2026 14:49:30	EEG	checkup_149_10.06.2026 14:49:30	500.0	504.6666666666667	True	0.5	40.0	4	True	50.0	30.0	-771.8986206054688	174.2028955133561	-198.62399291992188	42.24947351813453	-238.47128295898438	46.737446216221755	-526.6049194335938	102.79350696801346	-118.0527572631836	-45.22153925421229	-572.41748046875	118.81313113362044	-186.63385009765625	23.282535158757643	-42.64706802368164	7.795590328469154	0.0	0.0	0.0	0.0
14.784068584442139	1781096040.0	1781096040.2254858	5	25.0	29.0	12.0	8.0	NeuronSpectrum 10.06.2026 14:49:30	EEG	checkup_149_10.06.2026 14:49:30	500.0	504.6666666666667	True	0.5	40.0	4	True	50.0	30.0	-601.8530883789062	187.6308880775581	-153.88783264160156	45.60784507759999	-186.88609313964844	49.64946268437049	-413.2372741699219	109.75496024267359	-94.37718200683594	-43.26907383259809	-448.04791259765625	127.12017973728018	-148.46249389648438	23.964445093493204	-32.442535400390625	9.367703110972194	0.0	0.0	0.0	0.0
14.784070491790771	1781096040.0	1781096040.2254877	5	25.0	29.0	12.0	8.0	NeuronSpectrum 10.06.2026 14:49:30	EEG	checkup_149_10.06.2026 14:49:30	500.0	504.6666666666667	True	0.5	40.0	4	True	50.0	30.0	-319.1519470214844	193.94319463396724	-79.44922637939453	47.10942589326489	-100.26864624023438	50.31647060100379	-222.89349365234375	111.89160970384059	-54.506099700927734	-42.33697536979391	-240.0347442626953	130.21053522218216	-82.39791107177734	23.213346765908767	-16.221237182617188	10.524140846715094	0.0	0.0	0.0	0.0
14.784072160720825	1781096040.0	1781096040.2254894	5	25.0	29.0	12.0	8.0	NeuronSpectrum 10.06.2026 14:49:30	EEG	checkup_149_10.06.2026 14:49:30	500.0	504.6666666666667	True	0.5	40.0	4	True	50.0	30.0	-716.4325561523438	191.70801959266305	-185.24493408203125	46.44408713367342	-225.62046813964844	48.44788543309027	-496.1628723144531	108.47491853446111	-112.08769226074219	-42.46696162283396	-536.1435546875	127.18257101016802	-181.301025390625	20.94705953873536	-37.52980422973633	11.103173310329105	0.0	0.0	0.0	0.0
14.784074068069458	1781096040.0	1781096040.2254913	5	25.0	29.0	12.0	8.0	NeuronSpectrum 10.06.2026 14:49:30	EEG	checkup_149_10.06.2026 14:49:30	500.0	504.6666666666667	True	0.5	40.0	4	True	50.0	30.0	-715.57080078125	181.36452851050362	-185.2196502685547	43.78266605939785	-226.6058349609375	44.32076246393886	-497.46990966796875	100.02788575379732	-112.32212829589844	-43.43095209566011	-536.8674926757812	118.50186587823026	-182.4187469482422	17.48074327283926	-37.09196090698242	11.059496596155357	0.0	0.0	0.0	0.0
14.784075736999512	1781096040.0	1781096040.225493	5	25.0	29.0	12.0	8.0	NeuronSpectrum 10.06.2026 14:49:30	EEG	checkup_149_10.06.2026 14:49:30	500.0	504.6666666666667	True	0.5	40.0	4	True	50.0	30.0	-720.11181640625	164.97948765725445	-186.2679443359375	39.70174704380234	-228.75547790527344	38.683981320595365	-501.44287109375	88.12809541524373	-113.01708221435547	-44.820860025115024	-541.0354614257812	105.80304357131246	-183.49710083007812	13.439520073560981	-37.16843795776367	10.454658276977717	0.0	0.0	0.0	0.0
14.784077644348145	1781096040.0	1781096040.2254949	5	25.0	29.0	12.0	8.0	NeuronSpectrum 10.06.2026 14:49:30	EEG	checkup_149_10.06.2026 14:49:30	500.0	504.6666666666667	True	0.5	40.0	4	True	50.0	30.0	-729.0328369140625	145.56692826751618	-188.08416748046875	34.99711042513394	-231.6416778564453	32.531908719973345	-507.2457275390625	74.92242683909987	-113.99848175048828	-46.19142025008889	-547.7589111328125	91.37209508412062	-184.29116821289062	9.579033404226893	-37.70112991333008	9.421679749802703	0.0	0.0	0.0	0.0
14.784079313278198	1781096040.0	1781096040.2254965	5	25.0	29.0	12.0	8.0	NeuronSpectrum 10.06.2026 14:49:30	EEG	checkup_149_10.06.2026 14:49:30	500.0	504.6666666666667	True	0.5	40.0	4	True	50.0	30.0	-735.184814453125	126.30515923685505	-188.8540802001953	30.47594592621532	-233.07574462890625	26.854228343564554	-510.1719970703125	62.58453060508872	-114.27597045898438	-47.19017823686553	-551.7484741210938	77.55924777174009	-183.44949340820312	6.5966489432047215	-38.25212097167969	8.122981542444554	0.0	0.0	0.0	0.0
14.784080982208252	1781096040.0	1781096040.2254982	5	25.0	29.0	12.0	8.0	NeuronSpectrum 10.06.2026 14:49:30	EEG	checkup_149_10.06.2026 14:49:30	500.0	504.6666666666667	True	0.5	40.0	4	True	50.0	30.0	-729.1542358398438	109.93858211440518	-186.25048828125	26.804207459726445	-230.28451538085938	22.45250898281211	-504.1878967285156	52.911953342340645	-112.5999984741211	-47.624265355071365	-546.164306640625	66.33699839730085	-179.291748046875	5.001802049545833	-38.24551773071289	6.7177943056997345	0.0	0.0	0.0	0.0
14.784082651138306	1781096040.0	1781096040.2254999	5	25.0	29.0	12.0	8.0	NeuronSpectrum 10.06.2026 14:49:30	EEG	checkup_149_10.06.2026 14:49:30	500.0	504.6666666666667	True	0.5	40.0	4	True	50.0	30.0	-708.5630493164062	98.48049606350042	-179.83447265625	24.438665834182757	-222.7189178466797	19.858936145728105	-488.0285949707031	47.14066610027294	-108.79778289794922	-47.45104334057603	-529.4371948242188	59.08972592147566	-171.70367431640625	5.070274925026523	-37.55022048950195	5.345260407049347	0.0	0.0	0.0	0.0
14.784084558486938	1781096040.0	1781096040.2255018	5	25.0	29.0	12.0	8.0	NeuronSpectrum 10.06.2026 14:49:30	EEG	checkup_149_10.06.2026 14:49:30	500.0	504.6666666666667	True	0.5	40.0	4	True	50.0	30.0	-685.560546875	93.16251651402169	-172.97817993164062	23.626820197135363	-214.29725646972656	19.337857037920937	-470.06671142578125	45.936516919928984	-104.83857727050781	-46.71642825839782	-510.7391662597656	56.59329166651942	-163.62535095214844	6.864759331585462	-36.94688034057617	4.1195430303817995	0.0	0.0	0.0	0.0
14.784086465835571	1781096040.0	1781096040.2255037	5	25.0	29.0	12.0	8.0	NeuronSpectrum 10.06.2026 14:49:30	EEG	checkup_149_10.06.2026 14:49:30	500.0	504.6666666666667	True	0.5	40.0	4	True	50.0	30.0	-683.0789184570312	94.47773785577448	-171.84603881835938	24.43107159899525	-212.22048950195312	20.918955761996493	-465.7402038574219	49.4546858656471	-104.25283813476562	-45.48575985016689	-507.17913818359375	59.06845895729619	-160.15914916992188	10.280036766070236	-37.880855560302734	3.127704864557188	0.0	0.0	0.0	0.0
14.784088373184204	1781096040.0	1781096040.2255056	5	25.0	29.0	12.0	8.0	NeuronSpectrum 10.06.2026 14:49:30	EEG	checkup_149_10.06.2026 14:49:30	500.0	504.6666666666667	True	0.5	40.0	4	True	50.0	30.0	-717.353515625	102.1681659738382	-180.78111267089844	26.73450838102399	-221.6065216064453	24.4114395815552	-485.92291259765625	57.359781271651094	-109.53736877441406	-43.81032236317699	-530.8999633789062	66.1932681976929	-164.80630493164062	15.071936452410442	-41.34230041503906	2.4218061447689547	0.0	0.0	0.0	0.0
14.784090280532837	1781096040.0	1781096040.2255075	5	25.0	29.0	12.0	8.0	NeuronSpectrum 10.06.2026 14:49:30	EEG	checkup_149_10.06.2026 14:49:30	500.0	504.6666666666667	True	0.5	40.0	4	True	50.0	30.0	-776.8297729492188	115.10914802600225	-196.7477569580078	30.213504362089743	-239.0305633544922	29.380667593709504	-522.9618530273438	68.76851053526912	-119.0268325805664	-41.74863135734217	-573.52783203125	77.03472321842563	-175.01271057128906	20.853485737759446	-46.51816177368164	2.003450793914167	0.0	0.0	0.0	0.0
14.784092664718628	1781096040.0	1781096040.22551	5	25.0	29.0	12.0	8.0	NeuronSpectrum 10.06.2026 14:49:30	EEG	checkup_149_10.06.2026 14:49:30	500.0	504.6666666666667	True	0.5	40.0	4	True	50.0	30.0	-815.243408203125	131.19408331172653	-207.50233459472656	34.30361284569624	-250.39634704589844	35.11653041013922	-546.157470703125	82.17976809761156	-125.84674072265625	-39.425849875172666	-601.063232421875	89.97219771794573	-180.79745483398438	27.077424460580126	-50.35246658325195	1.808678053664173	0.0	0.0	0.0	0.0
14.78409457206726	1781096040.0	1781096040.2255118	5	25.0	29.0	12.0	8.0	NeuronSpectrum 10.06.2026 14:49:30	EEG	checkup_149_10.06.2026 14:49:30	500.0	504.6666666666667	True	0.5	40.0	4	True	50.0	30.0	-770.2928466796875	147.42585025378054	-196.50137329101562	38.21435847900672	-236.62413024902344	40.656857868279374	-514.2129516601562	95.52911147981764	-120.64240264892578	-37.08615858710144	-567.6194458007812	102.76312503157271	-168.83876037597656	33.04990342219475	-48.7479362487793	1.7075414951350598	0.0	0.0	0.0	0.0
14.784096002578735	1781096040.0	1781096040.2255132	5	25.0	29.0	12.0	8.0	NeuronSpectrum 10.06.2026 14:49:30	EEG	checkup_149_10.06.2026 14:49:30	500.0	504.6666666666667	True	0.5	40.0	4	True	50.0	30.0	-600.8655395507812	160.3803845897283	-152.71554565429688	41.039490223408805	-185.0186767578125	44.91900174066664	-399.9445495605469	106.48088869687521	-97.07439422607422	-35.09073779962873	-442.83453369140625	112.87405012810623	-130.44931030273438	38.01422373731168	-38.96335220336914	1.52975852569895	0.0	0.0	0.0	0.0
14.784097909927368	1781096040.0	1781096040.2255151	5	25.0	29.0	12.0	8.0	NeuronSpectrum 10.06.2026 14:49:30	EEG	checkup_149_10.06.2026 14:49:30	500.0	504.6666666666667	True	0.5	40.0	4	True	50.0	30.0	-318.9621887207031	167.00378305839442	-79.08666229248047	41.95653233707916	-99.0490493774414	46.932070026177406	-211.4251708984375	112.93844154912034	-56.58720016479492	-33.84411821899712	-235.40689086914062	118.05235540449635	-68.32894897460938	41.3014940628123	-21.6817626953125	1.1142669530011635	0.0	0.0	0.0	0.0
14.835132598876953	1781096040.0	1781096040.2765498	5	25.0	29.0	12.0	8.0	NeuronSpectrum 10.06.2026 14:49:30	EEG	checkup_149_10.06.2026 14:49:30	500.0	504.6666666666667	True	0.5	40.0	4	True	50.0	30.0	-715.4910888671875	165.45615843523248	-184.24032592773438	40.443995466581725	-220.31455993652344	46.0869044131815	-472.0945739746094	113.58917374518897	-116.0335922241211	-33.676563336858294	-526.7548828125	116.93274326606357	-151.8197021484375	42.49253252076038	-47.530967712402344	0.36406772316808955	0.0	0.0	0.0	0.0
14.83513855934143	1781096040.0	1781096040.2765558	5	25.0	29.0	12.0	8.0	NeuronSpectrum 10.06.2026 14:49:30	EEG	checkup_149_10.06.2026 14:49:30	500.0	504.6666666666667	True	0.5	40.0	4	True	50.0	30.0	-714.9161376953125	155.62587256711896	-185.2644805908203	36.41972681544479	-220.68475341796875	42.2925277891839	-470.2387390136719	108.24091641530669	-117.08690643310547	-34.7368972863553	-526.5202026367188	109.40651485908353	-150.42808532714844	41.51569268035732	-47.82350158691406	-0.7185449661490741	0.0	0.0	0.0	0.0
14.83514142036438	1781096040.0	1781096040.2765586	5	25.0	29.0	12.0	8.0	NeuronSpectrum 10.06.2026 14:49:30	EEG	checkup_149_10.06.2026 14:49:30	500.0	504.6666666666667	True	0.5	40.0	4	True	50.0	30.0	-719.77734375	139.10388606769678	-188.2688446044922	30.24557808504151	-223.2598114013672	35.976428360788105	-472.66162109375	97.81352302900342	-118.91624450683594	-36.93932733118154	-530.6282348632812	96.60235409873019	-150.69427490234375	38.63942095503032	-48.31040573120117	-2.0309747612373807	0.0	0.0	0.0	0.0
14.835143566131592	1781096040.0	1781096040.2765608	5	25.0	29.0	12.0	8.0	NeuronSpectrum 10.06.2026 14:49:30	EEG	checkup_149_10.06.2026 14:49:30	500.0	504.6666666666667	True	0.5	40.0	4	True	50.0	30.0	-728.9886474609375	118.69538970881938	-193.01022338867188	22.617079178589144	-227.7869415283203	27.951293916736503	-478.8191223144531	84.03655928114134	-121.3523178100586	-39.97401227504732	-538.3457641601562	80.53634180817531	-152.47894287109375	34.377592260077236	-48.98347473144531	-3.399734897113476	0.0	0.0	0.0	0.0
14.835145950317383	1781096040.0	1781096040.2765632	5	25.0	29.0	12.0	8.0	NeuronSpectrum 10.06.2026 14:49:30	EEG	checkup_149_10.06.2026 14:49:30	500.0	504.6666666666667	True	0.5	40.0	4	True	50.0	30.0	-735.3289794921875	97.72744188968305	-197.4033203125	14.402792913645118	-231.92660522460938	19.22395102673131	-483.9056701660156	69.02066583946845	-123.2770004272461	-43.36486195166188	-544.3099365234375	63.619823003956824	-154.1637725830078	29.361672100075012	-49.42198181152344	-4.6244470840411065	0.0	0.0	0.0	0.0
14.835148096084595	1781096040.0	1781096040.2765653	5	25.0	29.0	12.0	8.0	NeuronSpectrum 10.06.2026 14:49:30	EEG	checkup_149_10.06.2026 14:49:30	500.0	504.6666666666667	True	0.5	40.0	4	True	50.0	30.0	-729.3263549804688	79.40237162000743	-198.66065979003906	6.494406039838424	-232.53932189941406	10.817870292387827	-481.50079345703125	54.861354886614045	-123.259521484375	-46.55201296139195	-541.4439697265625	48.20478919092027	-153.57090759277344	24.22888474585898	-49.02389907836914	-5.520458951688252	0.0	0.0	0.0	0.0
14.835150003433228	1781096040.0	1781096040.2765672	5	25.0	29.0	12.0	8.0	NeuronSpectrum 10.06.2026 14:49:30	EEG	checkup_149_10.06.2026 14:49:30	500.0	504.6666666666667	True	0.5	40.0	4	True	50.0	30.0	-708.5684204101562	66.32876406979699	-196.00283813476562	-0.30307849636511935	-228.78158569335938	3.643765397314728	-469.9540710449219	43.354234905212174	-121.03054809570312	-48.9817680633867	-527.9638671875	36.25800419679206	-150.18894958496094	19.547898356050787	-47.59642791748047	-5.950873349417999	0.0	0.0	0.0	0.0
14.835152387619019	1781096040.0	1781096040.2765696	5	25.0	29.0	12.0	8.0	NeuronSpectrum 10.06.2026 14:49:30	EEG	checkup_149_10.06.2026 14:49:30	500.0	504.6666666666667	True	0.5	40.0	4	True	50.0	30.0	-685.1997680664062	60.23960460154874	-192.81639099121094	-5.343686601637713	-224.58221435546875	-1.584298013362068	-457.5166931152344	35.819730272934365	-118.61734008789062	-50.192803067534896	-513.0048828125	29.164627344215358	-146.9556427001953	15.776171883112845	-45.85218811035156	-5.846007592592264	0.0	0.0	0.0	0.0
14.835155010223389	1781096040.0	1781096040.2765722	5	25.0	29.0	12.0	8.0	NeuronSpectrum 10.06.2026 14:49:30	EEG	checkup_149_10.06.2026 14:49:30	500.0	504.6666666666667	True	0.5	40.0	4	True	50.0	30.0	-682.183837890625	61.83321502515433	-195.53573608398438	-8.196013402481157	-227.36502075195312	-4.410823414624978	-459.7434387207031	32.988538814315184	-119.65403747558594	-49.89076074978252	-513.7645263671875	27.60875653333888	-149.32571411132812	13.228065830464201	-45.21072006225586	-5.212864605767022	0.0	0.0	0.0	0.0
14.835156917572021	1781096040.0	1781096040.2765741	5	25.0	29.0	12.0	8.0	NeuronSpectrum 10.06.2026 14:49:30	EEG	checkup_149_10.06.2026 14:49:30	500.0	504.6666666666667	True	0.5	40.0	4	True	50.0	30.0	-715.837890625	70.66684032764736	-208.56776428222656	-8.700967543491785	-242.2194061279297	-4.700742285518619	-487.4732666015625	34.89971461127711	-126.52925109863281	-48.00346364199358	-542.3036499023438	31.477058165198606	-161.03369140625	12.034926958699513	-46.731224060058594	-4.137969926885203	0.0	0.0	0.0	0.0
14.835159063339233	1781096040.0	1781096040.2765763	5	25.0	29.0	12.0	8.0	NeuronSpectrum 10.06.2026 14:49:30	EEG	checkup_149_10.06.2026 14:49:30	500.0	504.6666666666667	True	0.5	40.0	4	True	50.0	30.0	-774.74267578125	85.0948861066548	-228.2349853515625	-7.029633495007071	-264.9259948730469	-2.6992108335739493	-532.3694458007812	40.810672853359364	-137.05279541015625	-44.705685797820614	-589.6637573242188	39.78197105522739	-179.00851440429688	12.097346086687134	-49.79280471801758	-2.7838848515788435	0.0	0.0	0.0	0.0
14.835161447525024	1781096040.0	1781096040.2765787	5	25.0	29.0	12.0	8.0	NeuronSpectrum 10.06.2026 14:49:30	EEG	checkup_149_10.06.2026 14:49:30	500.0	504.6666666666667	True	0.5	40.0	4	True	50.0	30.0	-812.7972412109375	102.3382302390169	-240.89199829101562	-3.7093718855509197	-279.767578125	0.9465132843381285	-562.251708984375	49.18722818418627	-143.4983673095703	-40.39845660281679	-620.7162475585938	50.67532411899674	-191.74485778808594	13.056419845406474	-51.630489349365234	-1.37487297556579	0.0	0.0	0.0	0.0
14.835163354873657	1781096040.0	1781096040.2765806	5	25.0	29.0	12.0	8.0	NeuronSpectrum 10.06.2026 14:49:30	EEG	checkup_149_10.06.2026 14:49:30	500.0	504.6666666666667	True	0.5	40.0	4	True	50.0	30.0	-767.8316650390625	118.82333815726481	-228.46478271484375	0.4301602853815081	-265.8822021484375	5.257497786956592	-534.038818359375	57.87993001679316	-135.78048706054688	-35.63050450560734	-588.3267211914062	61.66468195236454	-183.8885040283203	14.326289394513655	-48.454261779785156	-0.16492423903837922	0.0	0.0	0.0	0.0
14.83516550064087	1781096040.0	1781096040.2765827	5	25.0	29.0	12.0	8.0	NeuronSpectrum 10.06.2026 14:49:30	EEG	checkup_149_10.06.2026 14:49:30	500.0	504.6666666666667	True	0.5	40.0	4	True	50.0	30.0	-598.7684936523438	130.86314232824256	-179.28492736816406	4.419873653581821	-209.7355194091797	9.117538153497057	-419.4100341796875	64.54693445468115	-107.52359771728516	-30.966416410539388	-461.478759765625	70.09468794165443	-145.31912231445312	15.21511752076461	-37.735721588134766	0.6138637674093468	0.0	0.0	0.0	0.0
14.835167407989502	1781096040.0	1781096040.2765846	5	25.0	29.0	12.0	8.0	NeuronSpectrum 10.06.2026 14:49:30	EEG	checkup_149_10.06.2026 14:49:30	500.0	504.6666666666667	True	0.5	40.0	4	True	50.0	30.0	-317.5184631347656	135.55737245396398	-97.25386047363281	7.393944825483072	-115.7070541381836	11.55658918890367	-226.7462158203125	67.24765397669537	-61.11924362182617	-26.83598478020681	-249.33612060546875	73.80763062752213	-78.93355560302734	15.11358389627363	-20.192176818847656	0.8123659397399299	0.0	0.0	0.0	0.0
14.885956764221191	1781096040.0	1781096040.327374	5	25.0	29.0	12.0	8.0	NeuronSpectrum 10.06.2026 14:49:30	EEG	checkup_149_10.06.2026 14:49:30	500.0	504.6666666666667	True	0.5	40.0	4	True	50.0	30.0	-713.383544921875	131.5840717118987	-209.0606689453125	8.820954648051048	-245.97532653808594	12.016805086542258	-498.5072937011719	64.98570927254832	-120.87313079833984	-23.423854869173436	-547.142822265625	71.73918246994586	-174.52305603027344	13.677081830569339	-45.41704559326172	0.41253365753157534	0.0	0.0	0.0	0.0
14.885962963104248	1781096040.0	1781096040.3273802	5	25.0	29.0	12.0	8.0	NeuronSpectrum 10.06.2026 14:49:30	EEG	checkup_149_10.06.2026 14:49:30	500.0	504.6666666666667	True	0.5	40.0	4	True	50.0	30.0	-712.9775390625	119.52324950929102	-205.48680114746094	8.619676441367734	-243.20562744140625	10.481194351898749	-496.664306640625	57.953716852803126	-116.54956817626953	-20.651649435539515	-545.0193481445312	64.17840407616828	-174.09291076660156	10.915933827390536	-45.81629943847656	-0.4606476215907176	0.0	0.0	0.0	0.0
14.885966062545776	1781096040.0	1781096040.3273833	5	25.0	29.0	12.0	8.0	NeuronSpectrum 10.06.2026 14:49:30	EEG	checkup_149_10.06.2026 14:49:30	500.0	504.6666666666667	True	0.5	40.0	4	True	50.0	30.0	-718.02197265625	101.57278287027322	-202.7793426513672	7.115326788770345	-241.53286743164062	7.41454622944021	-497.9197998046875	47.37860831708563	-112.49365997314453	-18.259636347814478	-546.440673828125	52.58285093723916	-174.4541778564453	7.156282739670105	-46.424400329589844	-1.5712943817478624	0.0	0.0	0.0	0.0
14.885968923568726	1781096040.0	1781096040.3273861	5	25.0	29.0	12.0	8.0	NeuronSpectrum 10.06.2026 14:49:30	EEG	checkup_149_10.06.2026 14:49:30	500.0	504.6666666666667	True	0.5	40.0	4	True	50.0	30.0	-727.444580078125	80.8310663839139	-201.10064697265625	4.879632606596415	-241.04443359375	3.5680879353360857	-501.9874572753906	35.07899330402551	-109.05875396728516	-15.941107123970072	-550.9584350585938	39.07397827865987	-175.69822692871094	2.9067317262323678	-47.01534652709961	-2.6356728996607113	0.0	0.0	0.0	0.0
14.885970830917358	1781096040.0	1781096040.327388	5	25.0	29.0	12.0	8.0	NeuronSpectrum 10.06.2026 14:49:30	EEG	checkup_149_10.06.2026 14:49:30	500.0	504.6666666666667	True	0.5	40.0	4	True	50.0	30.0	-734.0442504882812	60.49274089256751	-199.04251098632812	2.545775307733282	-239.96527099609375	-0.24519931963618136	-504.412109375	22.962763310306762	-105.80943298339844	-13.459753974956971	-553.5969848632812	25.866325435028678	-176.4451446533203	-1.2941959637685796	-47.05882263183594	-3.391198008094837	0.0	0.0	0.0	0.0
14.885973453521729	1781096040.0	1781096040.3273907	5	25.0	29.0	12.0	8.0	NeuronSpectrum 10.06.2026 14:49:30	EEG	checkup_149_10.06.2026 14:49:30	500.0	504.6666666666667	True	0.5	40.0	4	True	50.0	30.0	-728.3512573242188	43.25153187982597	-194.52684020996094	0.6744267554702705	-235.73414611816406	-3.3149176535422273	-499.09613037109375	12.65799128566586	-101.88186645507812	-10.699753768152075	-547.6192626953125	14.845142369252168	-174.6919403076172	-4.986580323797734	-45.96565628051758	-3.649336336479732	0.0	0.0	0.0	0.0
14.88597559928894	1781096040.0	1781096040.3273928	5	25.0	29.0	12.0	8.0	NeuronSpectrum 10.06.2026 14:49:30	EEG	checkup_149_10.06.2026 14:49:30	500.0	504.6666666666667	True	0.5	40.0	4	True	50.0	30.0	-707.9164428710938	31.025229117604024	-187.09593200683594	-0.3019431530091326	-227.73294067382812	-5.104697909974263	-484.5224914550781	5.350026334300063	-97.01472473144531	-7.639996126950823	-531.2921142578125	7.374693210625689	-169.9768524169922	-7.83110817236999	-43.62959289550781	-3.3219261873255674	0.0	0.0	0.0	0.0
14.88597822189331	1781096040.0	1781096040.3273954	5	25.0	29.0	12.0	8.0	NeuronSpectrum 10.06.2026 14:49:30	EEG	checkup_149_10.06.2026 14:49:30	500.0	504.6666666666667	True	0.5	40.0	4	True	50.0	30.0	-684.80712890625	24.939867181878338	-179.76963806152344	-0.07638429008763725	-219.5095977783203	-5.253274827578276	-468.80047607421875	1.7794811102825367	-92.41845703125	-4.282338470768522	-513.3663940429688	4.289036210202079	-165.1489715576172	-9.60167279160282	-40.85585403442383	-2.4225515960056123	0.0	0.0	0.0	0.0
14.885980129241943	1781096040.0	1781096040.3273973	5	25.0	29.0	12.0	8.0	NeuronSpectrum 10.06.2026 14:49:30	EEG	checkup_149_10.06.2026 14:49:30	500.0	504.6666666666667	True	0.5	40.0	4	True	50.0	30.0	-681.900634765625	25.407367621053417	-178.09982299804688	1.5483242436993172	-217.67869567871094	-3.5575681642582446	-467.18084716796875	2.2891950047775333	-90.39607238769531	-0.5833676341485632	-510.3837585449219	5.943151768265687	-165.50721740722656	-10.167422075570158	-39.138397216796875	-1.0525240536346185	0.0	0.0	0.0	0.0
14.885982275009155	1781096040.0	1781096040.3273995	5	25.0	29.0	12.0	8.0	NeuronSpectrum 10.06.2026 14:49:30	EEG	checkup_149_10.06.2026 14:49:30	500.0	504.6666666666667	True	0.5	40.0	4	True	50.0	30.0	-715.4749755859375	32.134778252329994	-185.8094024658203	4.646738279085443	-226.75796508789062	0.013691232808140663	-490.34820556640625	6.813515022776748	-92.42794036865234	3.565894354249014	-533.9847412109375	12.207057764344077	-174.7091522216797	-9.500273108679238	-39.636329650878906	0.6174142029563099	0.0	0.0	0.0	0.0
14.885983943939209	1781096040.0	1781096040.3274012	5	25.0	29.0	12.0	8.0	NeuronSpectrum 10.06.2026 14:49:30	EEG	checkup_149_10.06.2026 14:49:30	500.0	504.6666666666667	True	0.5	40.0	4	True	50.0	30.0	-774.1666259765625	44.010541149296884	-199.57789611816406	9.117316742608532	-242.96629333496094	5.262345589965731	-530.2900390625	14.777340491254726	-96.87458038330078	8.294962414654695	-575.59033203125	22.365658887558798	-189.8332977294922	-7.717700780948769	-41.92018508911133	2.3634159330289886	0.0	0.0	0.0	0.0
14.885985851287842	1781096040.0	1781096040.327403	5	25.0	29.0	12.0	8.0	NeuronSpectrum 10.06.2026 14:49:30	EEG	checkup_149_10.06.2026 14:49:30	500.0	504.6666666666667	True	0.5	40.0	4	True	50.0	30.0	-812.0250244140625	58.97156077333493	-207.4420623779297	14.618998495641945	-252.27835083007812	11.695147328397942	-555.702880859375	24.979596012613083	-98.3076400756836	13.663506186534919	-601.4209594726562	35.003562192381544	-199.78744506835938	-5.133374943244496	-43.50968551635742	3.925078326049901	0.0	0.0	0.0	0.0
14.885987520217896	1781096040.0	1781096040.3274047	5	25.0	29.0	12.0	8.0	NeuronSpectrum 10.06.2026 14:49:30	EEG	checkup_149_10.06.2026 14:49:30	500.0	504.6666666666667	True	0.5	40.0	4	True	50.0	30.0	-767.06201171875	74.06556162670444	-193.63368225097656	20.557149003896466	-236.10122680664062	18.519426786194742	-524.606689453125	35.6096786896245	-89.72286224365234	19.574678909752453	-566.1561279296875	48.03464165011203	-189.7462158203125	-2.262878237384058	-40.87992858886719	5.030795596624852	0.0	0.0	0.0	0.0
14.885989427566528	1781096040.0	1781096040.3274066	5	25.0	29.0	12.0	8.0	NeuronSpectrum 10.06.2026 14:49:30	EEG	checkup_149_10.06.2026 14:49:30	500.0	504.6666666666667	True	0.5	40.0	4	True	50.0	30.0	-598.3094482421875	85.88676702872952	-148.01002502441406	26.168493823239096	-182.41441345214844	24.7572208142602	-409.4137268066406	44.5193495482028	-66.77497100830078	25.744555809865926	-440.0764465332031	59.00830565395843	-149.9434814453125	0.25877661843902444	-31.568212509155273	5.438980657852985	0.0	0.0	0.0	0.0
14.885991334915161	1781096040.0	1781096040.3274086	5	25.0	29.0	12.0	8.0	NeuronSpectrum 10.06.2026 14:49:30	EEG	checkup_149_10.06.2026 14:49:30	500.0	504.6666666666667	True	0.5	40.0	4	True	50.0	30.0	-317.636962890625	91.35862845629511	-74.02375793457031	30.70163878259465	-95.21955108642578	29.471643513599442	-218.38916015625	49.733316661359794	-31.293500900268555	31.752525933152697	-232.27622985839844	65.6737941576659	-83.18807983398438	1.842447769695092	-16.038724899291992	4.9914005538007045	0.0	0.0	0.0	0.0
14.885993480682373	1781096040.0	1781096040.3274107	5	25.0	29.0	12.0	8.0	NeuronSpectrum 10.06.2026 14:49:30	EEG	checkup_149_10.06.2026 14:49:30	500.0	504.6666666666667	True	0.5	40.0	4	True	50.0	30.0	-713.3632202148438	88.58400332192925	-170.46827697753906	33.624259245296436	-210.84982299804688	32.021453542491805	-483.7146911621094	50.010189573802464	-73.16619873046875	37.15420874984316	-519.2852783203125	66.5979548358105	-176.50889587402344	2.1281031214515185	-40.082645416259766	3.661364739550434	0.0	0.0	0.0	0.0
14.885995149612427	1781096040.0	1781096040.3274124	5	25.0	29.0	12.0	8.0	NeuronSpectrum 10.06.2026 14:49:30	EEG	checkup_149_10.06.2026 14:49:30	500.0	504.6666666666667	True	0.5	40.0	4	True	50.0	30.0	-713.4348754882812	77.38506347811571	-166.4525909423828	34.76209327015375	-207.39454650878906	32.229360299163545	-481.136474609375	45.19953624795986	-69.62689971923828	41.60806416552971	-516.254150390625	61.560375595446715	-174.99600219726562	1.0988639423906408	-41.659122467041016	1.5749817350521307	0.0	0.0	0.0	0.0
14.885997295379639	1781096040.0	1781096040.3274145	5	25.0	29.0	12.0	8.0	NeuronSpectrum 10.06.2026 14:49:30	EEG	checkup_149_10.06.2026 14:49:30	500.0	504.6666666666667	True	0.5	40.0	4	True	50.0	30.0	-718.9275512695312	59.31265613145437	-163.63250732421875	34.31378839804701	-205.52133178710938	30.3966705902726	-481.6355895996094	36.24765855169765	-66.78445434570312	44.967713944187615	-517.0166015625	51.56540334182152	-173.94561767578125	-0.923267342436501	-43.67913055419922	-1.006043407141576	0.0	0.0	0.0	0.0
14.88599944114685	1781096040.0	1781096040.3274167	5	25.0	29.0	12.0	8.0	NeuronSpectrum 10.06.2026 14:49:30	EEG	checkup_149_10.06.2026 14:49:30	500.0	504.6666666666667	True	0.5	40.0	4	True	50.0	30.0	-728.6781005859375	37.187233363091806	-161.93614196777344	32.75608714822752	-205.0213623046875	27.18171926230077	-484.5529479980469	24.895446382987945	-64.547607421875	47.31532029762073	-520.8598022460938	38.517176740441556	-173.2052459716797	-3.3825984646475082	-45.87618637084961	-3.7341103658378243	0.0	0.0	0.0	0.0
14.886000871658325	1781096040.0	1781096040.327418	5	25.0	29.0	12.0	8.0	NeuronSpectrum 10.06.2026 14:49:30	EEG	checkup_149_10.06.2026 14:49:30	500.0	504.6666666666667	True	0.5	40.0	4	True	50.0	30.0	-735.4323120117188	14.41622713231957	-159.8413848876953	30.69887850609908	-203.9237518310547	23.41430040178533	-485.3254699707031	13.234153351926661	-62.219356536865234	48.93479707509425	-522.7413940429688	24.736664143642347	-171.42259216308594	-5.636962203132245	-47.63214874267578	-6.240383790538238	0.0	0.0	0.0	0.0
14.886003255844116	1781096040.0	1781096040.3274205	5	25.0	29.0	12.0	8.0	NeuronSpectrum 10.06.2026 14:49:30	EEG	checkup_149_10.06.2026 14:49:30	500.0	504.6666666666667	True	0.5	40.0	4	True	50.0	30.0	-729.7174682617188	-5.668959134159316	-155.2887420654297	28.7480728890478	-199.62469482421875	19.917447049005222	-478.0005798339844	3.2820697347368517	-58.92229080200195	50.236670942292875	-516.0531616210938	12.497033264587042	-166.83831787109375	-7.091146518751157	-48.23383712768555	-8.196401917352672	0.0	0.0	0.0	0.0
14.88600492477417	1781096040.0	1781096040.3274221	5	25.0	29.0	12.0	8.0	NeuronSpectrum 10.06.2026 14:49:30	EEG	checkup_149_10.06.2026 14:49:30	500.0	504.6666666666667	True	0.5	40.0	4	True	50.0	30.0	-709.1235961914062	-20.320697964591208	-147.89151000976562	27.40637263141129	-191.59036254882812	17.375164886777405	-461.24847412109375	-3.3293366332158074	-54.560733795166016	51.653272904135505	-499.24774169921875	3.6736835828939745	-159.1982879638672	-7.2886515416815225	-47.43539047241211	-9.360974622182871	0.0	0.0	0.0	0.0
14.886007070541382	1781096040.0	1781096040.3274243	5	25.0	29.0	12.0	8.0	NeuronSpectrum 10.06.2026 14:49:30	EEG	checkup_149_10.06.2026 14:49:30	500.0	504.6666666666667	True	0.5	40.0	4	True	50.0	30.0	-685.77685546875	-27.704831005844778	-140.71160888671875	27.01352680555425	-183.52099609375	16.250516126003923	-443.179443359375	-5.548598457045561	-50.56682586669922	53.52794841422982	-481.15948486328125	-0.4779451281967373	-151.27052307128906	-5.96180434623779	-45.90315246582031	-9.608151831256038	0.0	0.0	0.0	0.0
14.886008739471436	1781096040.0	1781096040.327426	5	25.0	29.0	12.0	8.0	NeuronSpectrum 10.06.2026 14:49:30	EEG	checkup_149_10.06.2026 14:49:30	500.0	504.6666666666667	True	0.5	40.0	4	True	50.0	30.0	-682.6090698242188	-27.098847672083465	-139.34213256835938	27.71093640550833	-182.22763061523438	16.737613465843168	-438.8682861328125	-3.0125932998660923	-49.459381103515625	56.023804240937814	-478.29339599609375	0.5458104399815271	-148.00021362304688	-3.0563038635641933	-45.00182342529297	-8.93760267582232	0.0	0.0	0.0	0.0
14.88601040840149	1781096040.0	1781096040.3274276	5	25.0	29.0	12.0	8.0	NeuronSpectrum 10.06.2026 14:49:30	EEG	checkup_149_10.06.2026 14:49:30	500.0	504.6666666666667	True	0.5	40.0	4	True	50.0	30.0	-715.9326171875	-19.01302550548899	-147.6961669921875	29.414734096662634	-192.49420166015625	18.729049335408458	-458.9836730957031	3.8891078184355807	-52.97140884399414	59.07423451016125	-502.30718994140625	6.413023645910801	-152.80088806152344	1.2532535610042297	-45.78302001953125	-7.47107149866104	0.0	0.0	0.0	0.0
14.886012315750122	1781096040.0	1781096040.3274295	5	25.0	29.0	12.0	8.0	NeuronSpectrum 10.06.2026 14:49:30	EEG	checkup_149_10.06.2026 14:49:30	500.0	504.6666666666667	True	0.5	40.0	4	True	50.0	30.0	-774.397705078125	-5.23526206138036	-162.92848205566406	31.79638582385434	-210.88758850097656	21.797127074389742	-496.0941162109375	13.98984868197708	-59.819427490234375	62.38976942919838	-544.923095703125	15.918373122051696	-163.13304138183594	6.554552553911764	-47.759586334228516	-5.437239526268863	0.0	0.0	0.0	0.0
14.886014223098755	1781096040.0	1781096040.3274314	5	25.0	29.0	12.0	8.0	NeuronSpectrum 10.06.2026 14:49:30	EEG	checkup_149_10.06.2026 14:49:30	500.0	504.6666666666667	True	0.5	40.0	4	True	50.0	30.0	-812.0562133789062	11.28244278729945	-173.7659149169922	34.29205047213026	-223.7246856689453	25.2131930139495	-520.18603515625	25.413975458061152	-64.98552703857422	65.52521191482845	-572.9827270507812	27.051019419350638	-169.12013244628906	12.213898885343982	-48.48431396484375	-3.143802122261012	0.0	0.0	0.0	0.0
14.886015892028809	1781096040.0	1781096040.327433	5	25.0	29.0	12.0	8.0	NeuronSpectrum 10.06.2026 14:49:30	EEG	checkup_149_10.06.2026 14:49:30	500.0	504.6666666666667	True	0.5	40.0	4	True	50.0	30.0	-766.9229125976562	26.819689066334934	-165.00100708007812	36.17395187834919	-212.5480194091797	28.043464119007393	-490.78790283203125	35.81982739982241	-61.71030044555664	67.99763773294156	-541.8034057617188	37.25988087608473	-157.5828094482422	17.447478408468417	-44.58524703979492	-0.9336188103444691	0.0	0.0	0.0	0.0
14.886017799377441	1781096040.0	1781096040.327435	5	25.0	29.0	12.0	8.0	NeuronSpectrum 10.06.2026 14:49:30	EEG	checkup_149_10.06.2026 14:49:30	500.0	504.6666666666667	True	0.5	40.0	4	True	50.0	30.0	-598.0428466796875	37.617413959676796	-126.47008514404297	36.70083755418833	-165.0596160888672	29.340149606432945	-381.12811279296875	42.85519202245619	-45.452152252197266	69.42900050002473	-421.8071594238281	43.95763990143723	-119.96005249023438	21.46298263564958	-33.85773468017578	0.8744878627012675	0.0	0.0	0.0	0.0
14.886019468307495	1781096040.0	1781096040.3274367	5	25.0	29.0	12.0	8.0	NeuronSpectrum 10.06.2026 14:49:30	EEG	checkup_149_10.06.2026 14:49:30	500.0	504.6666666666667	True	0.5	40.0	4	True	50.0	30.0	-317.31103515625	40.80154747485158	-60.7825927734375	35.31844941730454	-84.52506256103516	28.39109630729886	-198.8499298095703	44.73869655077844	-17.294389724731445	69.67001052979666	-221.37086486816406	45.16721696441306	-59.039634704589844	23.645777167349046	-17.058950424194336	2.0498075692726214	0.0	0.0	0.0	0.0
14.936908960342407	1781096040.0	1781096040.3783262	5	25.0	29.0	12.0	8.0	NeuronSpectrum 10.06.2026 14:49:30	EEG	checkup_149_10.06.2026 14:49:30	500.0	504.6666666666667	True	0.5	40.0	4	True	50.0	30.0	-712.5889892578125	35.16363247199692	-158.24520874023438	31.832579841626806	-202.1356964111328	24.93316097151004	-455.97540283203125	40.75212221342778	-59.84165954589844	68.85586426795554	-505.58306884765625	40.0722427846575	-141.4832763671875	23.720467263844256	-38.87696838378906	2.4983839779762516	0.0	0.0	0.0	0.0
14.936914920806885	1781096040.0	1781096040.3783321	5	25.0	29.0	12.0	8.0	NeuronSpectrum 10.06.2026 14:49:30	EEG	checkup_149_10.06.2026 14:49:30	500.0	504.6666666666667	True	0.5	40.0	4	True	50.0	30.0	-712.4389038085938	21.443145993925548	-160.0237579345703	26.47125150970904	-203.55299377441406	19.227893809365405	-456.16119384765625	31.41532876194363	-60.91226577758789	67.36317899694043	-506.3223571777344	29.218158459842677	-140.37071228027344	21.812934664150244	-38.463558197021484	2.2762444831307813	0.0	0.0	0.0	0.0
14.936917781829834	1781096040.0	1781096040.378335	5	25.0	29.0	12.0	8.0	NeuronSpectrum 10.06.2026 14:49:30	EEG	checkup_149_10.06.2026 14:49:30	500.0	504.6666666666667	True	0.5	40.0	4	True	50.0	30.0	-717.73779296875	1.9865384267283668	-163.046142578125	19.80619105280256	-206.50975036621094	11.963821511282081	-459.985595703125	18.263445271758577	-62.43509292602539	65.68059283588202	-510.998779296875	14.273819083417406	-140.6969451904297	18.385116552780108	-38.519535064697266	1.5614296825753797	0.0	0.0	0.0	0.0
14.936919689178467	1781096040.0	1781096040.378337	5	25.0	29.0	12.0	8.0	NeuronSpectrum 10.06.2026 14:49:30	EEG	checkup_149_10.06.2026 14:49:30	500.0	504.6666666666667	True	0.5	40.0	4	True	50.0	30.0	-727.3312377929688	-20.02191674105707	-167.1040496826172	12.579189577998449	-210.7320556640625	4.041560733983887	-466.7095947265625	3.3524893458468235	-64.35087585449219	64.2487826158287	-518.8202514648438	-2.5084719777266726	-142.23854064941406	14.081632013936455	-38.90623092651367	0.597914374323856	0.0	0.0	0.0	0.0
14.936922073364258	1781096040.0	1781096040.3783393	5	25.0	29.0	12.0	8.0	NeuronSpectrum 10.06.2026 14:49:30	EEG	checkup_149_10.06.2026 14:49:30	500.0	504.6666666666667	True	0.5	40.0	4	True	50.0	30.0	-733.9786987304688	-41.39231174086604	-170.4214630126953	5.51858591651209	-214.0658416748047	-3.6537476168408176	-471.5830993652344	-11.271003361188198	-65.95001220703125	63.339786010869965	-524.5491333007812	-18.875452644216846	-143.4766845703125	9.563085340508186	-39.16025924682617	-0.36554638459974553	0.0	0.0	0.0	0.0
14.93692421913147	1781096040.0	1781096040.3783414	5	25.0	29.0	12.0	8.0	NeuronSpectrum 10.06.2026 14:49:30	EEG	checkup_149_10.06.2026 14:49:30	500.0	504.6666666666667	True	0.5	40.0	4	True	50.0	30.0	-728.2205200195312	-59.52015379903976	-170.62982177734375	-0.7844644570505593	-213.6525115966797	-10.407145211321554	-468.3988342285156	-23.941085882868627	-66.26676177978516	63.02285323572605	-521.3184814453125	-32.98285915799245	-142.4227294921875	5.388221713390486	-38.70732498168945	-1.1221161403323558	0.0	0.0	0.0	0.0
14.936926126480103	1781096040.0	1781096040.3783433	5	25.0	29.0	12.0	8.0	NeuronSpectrum 10.06.2026 14:49:30	EEG	checkup_149_10.06.2026 14:49:30	500.0	504.6666666666667	True	0.5	40.0	4	True	50.0	30.0	-707.6367797851562	-72.62364639196947	-167.15618896484375	-5.9168229515191815	-208.779052734375	-15.726792176942682	-455.6156311035156	-33.513901994478175	-65.05675506591797	63.22095004204239	-507.3893737792969	-43.55505193044159	-138.57745361328125	1.9671566145880632	-37.359275817871094	-1.5307214983757134	0.0	0.0	0.0	0.0
14.936928033828735	1781096040.0	1781096040.3783453	5	25.0	29.0	12.0	8.0	NeuronSpectrum 10.06.2026 14:49:30	EEG	checkup_149_10.06.2026 14:49:30	500.0	504.6666666666667	True	0.5	40.0	4	True	50.0	30.0	-684.2982177734375	-79.70437948369532	-163.15333557128906	-9.623762671513001	-203.17904663085938	-19.321665326097076	-441.2833557128906	-39.33276548075854	-63.584388732910156	63.82108067511289	-491.59063720703125	-49.852222507015185	-134.49635314941406	-0.43153803378362765	-35.717491149902344	-1.5198315534648934	0.0	0.0	0.0	0.0
14.936929941177368	1781096040.0	1781096040.3783472	5	25.0	29.0	12.0	8.0	NeuronSpectrum 10.06.2026 14:49:30	EEG	checkup_149_10.06.2026 14:49:30	500.0	504.6666666666667	True	0.5	40.0	4	True	50.0	30.0	-681.0476684570312	-80.41803677368164	-164.53042602539062	-11.77680600008524	-203.8889617919922	-21.061619788556907	-440.5643310546875	-41.14081399369256	-64.21854400634766	64.77934898859496	-490.59674072265625	-51.58071075028755	-134.98361206054688	-1.6595107853524396	-34.98890686035156	-1.0807795217661171	0.0	0.0	0.0	0.0
14.936931610107422	1781096040.0	1781096040.3783488	5	25.0	29.0	12.0	8.0	NeuronSpectrum 10.06.2026 14:49:30	EEG	checkup_149_10.06.2026 14:49:30	500.0	504.6666666666667	True	0.5	40.0	4	True	50.0	30.0	-714.1345825195312	-75.036710299922	-175.433837890625	-12.373657755397598	-215.8880157470703	-20.973944481380826	-464.2069091796875	-39.0608305329067	-68.5794448852539	66.16631676337673	-516.2330322265625	-48.87677759328322	-143.40211486816406	-1.6908706538154123	-36.07896423339844	-0.2608239775324657	0.0	0.0	0.0	0.0
14.936933279037476	1781096040.0	1781096040.3783505	5	25.0	29.0	12.0	8.0	NeuronSpectrum 10.06.2026 14:49:30	EEG	checkup_149_10.06.2026 14:49:30	500.0	504.6666666666667	True	0.5	40.0	4	True	50.0	30.0	-772.2486572265625	-64.5685728685081	-192.79136657714844	-11.583904789648722	-235.61936950683594	-19.29370376492581	-504.6311340332031	-33.68439199616443	-75.32070922851562	68.12833990939681	-560.150634765625	-42.40876416545214	-157.23550415039062	-0.6604950013995013	-38.48204040527344	0.8392943624500784	0.0	0.0	0.0	0.0
14.936935186386108	1781096040.0	1781096040.3783524	5	25.0	29.0	12.0	8.0	NeuronSpectrum 10.06.2026 14:49:30	EEG	checkup_149_10.06.2026 14:49:30	500.0	504.6666666666667	True	0.5	40.0	4	True	50.0	30.0	-809.6151123046875	-50.92952922820277	-204.5229949951172	-9.809622784992937	-248.84930419921875	-16.531990212043677	-531.3407592773438	-26.198593771696988	-79.43513488769531	70.78384523543947	-588.7825317382812	-33.5173391646819	-166.6417694091797	1.0860760039323736	-39.89436340332031	2.0670956968639422	0.0	0.0	0.0	0.0
14.936936855316162	1781096040.0	1781096040.378354	5	25.0	29.0	12.0	8.0	NeuronSpectrum 10.06.2026 14:49:30	EEG	checkup_149_10.06.2026 14:49:30	500.0	504.6666666666667	True	0.5	40.0	4	True	50.0	30.0	-764.4910278320312	-36.938413797274634	-194.380126953125	-7.698543998612121	-236.37704467773438	-13.488458161822273	-503.1952209472656	-18.396597819976673	-74.28034210205078	74.10948469946985	-556.8790283203125	-24.223885648350766	-158.3894805908203	2.982283896143438	-37.15106201171875	3.2294520657821684	0.0	0.0	0.0	0.0
14.936938524246216	1781096040.0	1781096040.3783557	5	25.0	29.0	12.0	8.0	NeuronSpectrum 10.06.2026 14:49:30	EEG	checkup_149_10.06.2026 14:49:30	500.0	504.6666666666667	True	0.5	40.0	4	True	50.0	30.0	-596.0904541015625	-25.936376043764305	-151.6016082763672	-6.055823632992856	-185.45545959472656	-11.144139056859261	-392.9323425292969	-12.437221807921004	-55.55186080932617	77.8797815587839	-434.5304870605469	-16.958978982161874	-123.69085693359375	4.314865699788726	-28.135784149169922	4.121599721685049	0.0	0.0	0.0	0.0
14.93694019317627	1781096040.0	1781096040.3783574	5	25.0	29.0	12.0	8.0	NeuronSpectrum 10.06.2026 14:49:30	EEG	checkup_149_10.06.2026 14:49:30	500.0	504.6666666666667	True	0.5	40.0	4	True	50.0	30.0	-316.2707214355469	-21.035705013796274	-79.21479797363281	-5.6546353590878216	-99.6186294555664	-10.434681351375692	-208.24874877929688	-10.35451550312101	-24.655717849731445	81.69792444092383	-230.37127685546875	-14.01346146930705	-64.92121124267578	4.384089544693788	-13.435429573059082	4.572232778410253	0.0	0.0	0.0	0.0
14.936941862106323	1781096040.0	1781096040.378359	5	25.0	29.0	12.0	8.0	NeuronSpectrum 10.06.2026 14:49:30	EEG	checkup_149_10.06.2026 14:49:30	500.0	504.6666666666667	True	0.5	40.0	4	True	50.0	30.0	-709.7264404296875	-24.264826467393846	-182.05596923828125	-7.014835250271331	-221.56922912597656	-11.986060284103704	-469.56610107421875	-13.492352335925572	-66.02019500732422	85.10863814850924	-518.1073608398438	-16.907064088956737	-148.80813598632812	2.694404171540607	-34.07693862915039	4.489683235244574	0.0	0.0	0.0	0.0
14.936943531036377	1781096040.0	1781096040.3783607	5	25.0	29.0	12.0	8.0	NeuronSpectrum 10.06.2026 14:49:30	EEG	checkup_149_10.06.2026 14:49:30	500.0	504.6666666666667	True	0.5	40.0	4	True	50.0	30.0	-709.2152099609375	-35.98775666206416	-181.9187469482422	-10.248811590263966	-221.6246795654297	-15.930424651904318	-469.6961669921875	-22.11442117075501	-64.67191314697266	87.74552920653854	-517.896484375	-25.95255222967642	-149.29624938964844	-0.9056601916063776	-34.19227600097656	3.8890744164723023	0.0	0.0	0.0	0.0
14.93694543838501	1781096040.0	1781096040.3783627	5	25.0	29.0	12.0	8.0	NeuronSpectrum 10.06.2026 14:49:30	EEG	checkup_149_10.06.2026 14:49:30	500.0	504.6666666666667	True	0.5	40.0	4	True	50.0	30.0	-714.1474609375	-54.83276929171012	-182.9818878173828	-15.036909822080057	-223.18846130371094	-21.87637295302574	-473.4580078125	-35.346596881097504	-63.76219177246094	89.45616890962728	-521.7529907226562	-40.1898087996149	-151.28419494628906	-6.187253306649669	-34.589691162109375	2.8886772938915097	0.0	0.0	0.0	0.0
14.936947107315063	1781096040.0	1781096040.3783643	5	25.0	29.0	12.0	8.0	NeuronSpectrum 10.06.2026 14:49:30	EEG	checkup_149_10.06.2026 14:49:30	500.0	504.6666666666667	True	0.5	40.0	4	True	50.0	30.0	-723.4451293945312	-78.0913741861703	-185.0642547607422	-20.723976560411813	-226.0309600830078	-29.023957471621078	-480.26922607421875	-51.42877390779621	-63.27735900878906	90.36439866331649	-529.0164794921875	-57.66504399158802	-154.6981201171875	-12.605177999866083	-35.15237808227539	1.6788449807773334	0.0	0.0	0.0	0.0
14.936948776245117	1781096040.0	1781096040.378366	5	25.0	29.0	12.0	8.0	NeuronSpectrum 10.06.2026 14:49:30	EEG	checkup_149_10.06.2026 14:49:30	500.0	504.6666666666667	True	0.5	40.0	4	True	50.0	30.0	-729.9415893554688	-102.36554873829088	-186.38430786132812	-26.481036228825175	-228.00840759277344	-36.35814572985556	-485.4010314941406	-68.13261836557204	-62.551544189453125	90.85257510461922	-534.4832763671875	-75.89638120360051	-157.95074462890625	-19.42032278518811	-35.469886779785156	0.4771440550768554	0.0	0.0	0.0	0.0
14.93695068359375	1781096040.0	1781096040.378368	5	25.0	29.0	12.0	8.0	NeuronSpectrum 10.06.2026 14:49:30	EEG	checkup_149_10.06.2026 14:49:30	500.0	504.6666666666667	True	0.5	40.0	4	True	50.0	30.0	-724.2257080078125	-124.23329742582091	-184.5352020263672	-31.47390491038959	-226.2299041748047	-42.85151624020236	-482.5234680175781	-83.19627441746691	-60.6356201171875	91.46681012216844	-531.1978149414062	-92.36028001348866	-158.78524780273438	-25.836291715292674	-35.04158401489258	-0.5159688058590073	0.0	0.0	0.0	0.0
14.936952352523804	1781096040.0	1781096040.3783696	5	25.0	29.0	12.0	8.0	NeuronSpectrum 10.06.2026 14:49:30	EEG	checkup_149_10.06.2026 14:49:30	500.0	504.6666666666667	True	0.5	40.0	4	True	50.0	30.0	-703.8900756835938	-140.7953264114129	-178.87338256835938	-35.00409056372979	-219.9324188232422	-47.63462071178223	-469.9054260253906	-94.68732997408432	-57.248634338378906	92.76683252022437	-517.247314453125	-104.89916277074214	-156.41580200195312	-31.123568973823154	-33.7567024230957	-1.1515791154572628	0.0	0.0	0.0	0.0
14.936954021453857	1781096040.0	1781096040.3783712	5	25.0	29.0	12.0	8.0	NeuronSpectrum 10.06.2026 14:49:30	EEG	checkup_149_10.06.2026 14:49:30	500.0	504.6666666666667	True	0.5	40.0	4	True	50.0	30.0	-680.9857177734375	-150.06435116059893	-172.46881103515625	-36.61199410002212	-212.8262176513672	-50.121644467872144	-455.45318603515625	-101.26886818127542	-53.586360931396484	95.15842199220822	-501.28350830078125	-112.02050076281711	-153.31031799316406	-34.72266871586292	-32.279876708984375	-1.3533244673909315	0.0	0.0	0.0	0.0
14.93695592880249	1781096040.0	1781096040.3783731	5	25.0	29.0	12.0	8.0	NeuronSpectrum 10.06.2026 14:49:30	EEG	checkup_149_10.06.2026 14:49:30	500.0	504.6666666666667	True	0.5	40.0	4	True	50.0	30.0	-678.3153686523438	-151.2199613988136	-171.19004821777344	-36.14713896752416	-211.9771728515625	-50.096595024952556	-454.2966003417969	-102.38189434049269	-52.0095100402832	98.75465092102317	-499.8767395019531	-113.10038454716401	-154.43495178222656	-36.32769609836	-31.853979110717773	-1.125710772535861	0.0	0.0	0.0	0.0
14.936957597732544	1781096040.0	1781096040.3783748	5	25.0	29.0	12.0	8.0	NeuronSpectrum 10.06.2026 14:49:30	EEG	checkup_149_10.06.2026 14:49:30	500.0	504.6666666666667	True	0.5	40.0	4	True	50.0	30.0	-712.0746459960938	-144.76125643800324	-179.26028442382812	-33.81148331854704	-222.425537109375	-47.767003428170725	-477.22747802734375	-98.3615531264313	-54.31193923950195	103.30780497001493	-524.8441162109375	-108.51004714703855	-163.34640502929688	-35.95094924250535	-33.38697814941406	-0.5521851619728889	0.0	0.0	0.0	0.0
14.936959266662598	1781096040.0	1781096040.3783765	5	25.0	29.0	12.0	8.0	NeuronSpectrum 10.06.2026 14:49:30	EEG	checkup_149_10.06.2026 14:49:30	500.0	504.6666666666667	True	0.5	40.0	4	True	50.0	30.0	-770.885986328125	-132.54589049821112	-193.85203552246094	-30.170076187679854	-240.65377807617188	-43.77817000635553	-516.6841430664062	-90.47441135136084	-59.55316162109375	108.23755264824753	-567.889404296875	-99.6518657147494	-177.40704345703125	-33.95801380050967	-36.34326171875	0.2157182506548796	0.0	0.0	0.0	0.0
14.936960935592651	1781096040.0	1781096040.3783782	5	25.0	29.0	12.0	8.0	NeuronSpectrum 10.06.2026 14:49:30	EEG	checkup_149_10.06.2026 14:49:30	500.0	504.6666666666667	True	0.5	40.0	4	True	50.0	30.0	-808.892333984375	-117.6364736582111	-203.2714080810547	-26.10618155847979	-252.4137420654297	-39.160546795776405	-542.10205078125	-80.81928127951012	-63.25858688354492	112.75710496718597	-595.5092163085938	-88.84327523641089	-186.17984008789062	-31.048121015128125	-38.36343002319336	0.9796078823402528	0.0	0.0	0.0	0.0
14.936962604522705	1781096040.0	1781096040.3783798	5	25.0	29.0	12.0	8.0	NeuronSpectrum 10.06.2026 14:49:30	EEG	checkup_149_10.06.2026 14:49:30	500.0	504.6666666666667	True	0.5	40.0	4	True	50.0	30.0	-764.2666625976562	-103.84749948045919	-191.6765899658203	-22.692154500604882	-238.4730987548828	-35.175924377785734	-512.2453002929688	-72.01746693537727	-59.19765853881836	116.0725523636946	-562.5084228515625	-78.9694977361708	-175.6372528076172	-28.150912339520886	-36.21428298950195	1.528532054125336	0.0	0.0	0.0	0.0
14.936964511871338	1781096040.0	1781096040.3783817	5	25.0	29.0	12.0	8.0	NeuronSpectrum 10.06.2026 14:49:30	EEG	checkup_149_10.06.2026 14:49:30	500.0	504.6666666666667	True	0.5	40.0	4	True	50.0	30.0	-596.16650390625	-94.96521780773365	-148.5626983642578	-20.969934711474746	-186.1284637451172	-33.05532943689082	-399.8825988769531	-66.67442341079332	-43.100589752197266	117.60547734037844	-439.0452880859375	-72.8875835173666	-136.6136932373047	-26.23296146318097	-27.716354370117188	1.6853121714094836	0.0	0.0	0.0	0.0
14.93696665763855	1781096040.0	1781096040.3783839	5	25.0	29.0	12.0	8.0	NeuronSpectrum 10.06.2026 14:49:30	EEG	checkup_149_10.06.2026 14:49:30	500.0	504.6666666666667	True	0.5	40.0	4	True	50.0	30.0	-316.4554138183594	-93.80226036236353	-76.93031311035156	-21.686330124289054	-99.10265350341797	-33.68329375305033	-212.98207092285156	-66.72490943227453	-15.936708450317383	117.17153669595828	-233.8583526611328	-72.7063241684767	-72.06991577148438	-26.055132676789775	-13.417256355285645	1.354930863498626	0.0	0.0	0.0	0.0
14.988128185272217	1781096040.0	1781096040.4295454	5	25.0	29.0	12.0	8.0	NeuronSpectrum 10.06.2026 14:49:30	EEG	checkup_149_10.06.2026 14:49:30	500.0	504.6666666666667	True	0.5	40.0	4	True	50.0	30.0	-710.534912109375	-101.43418673385749	-180.02239990234375	-25.078092241660077	-223.7534942626953	-37.34290622226395	-478.2978820800781	-72.90032175330973	-59.22039794921875	115.04922813591752	-524.6006469726562	-79.20434176319526	-163.36338806152344	-27.967649954064363	-34.588436126708984	0.5565929611718323	0.0	0.0	0.0	0.0
14.98813533782959	1781096040.0	1781096040.4295526	5	25.0	29.0	12.0	8.0	NeuronSpectrum 10.06.2026 14:49:30	EEG	checkup_149_10.06.2026 14:49:30	500.0	504.6666666666667	True	0.5	40.0	4	True	50.0	30.0	-710.3084716796875	-116.96770555572905	-181.89193725585938	-30.8031792686039	-225.6179656982422	-43.63709989212497	-479.8341979980469	-84.55938375026074	-62.64801788330078	111.90455126400593	-525.9195556640625	-91.65013507890382	-164.06686401367188	-31.831491900273974	-35.11145782470703	-0.5776672036464765	0.0	0.0	0.0	0.0
14.988138437271118	1781096040.0	1781096040.4295557	5	25.0	29.0	12.0	8.0	NeuronSpectrum 10.06.2026 14:49:30	EEG	checkup_149_10.06.2026 14:49:30	500.0	504.6666666666667	True	0.5	40.0	4	True	50.0	30.0	-715.42822265625	-137.94636953941907	-185.4586944580078	-38.05049110679017	-229.3190155029297	-51.623558795094155	-485.197998046875	-99.9585139532656	-66.87938690185547	108.59381898942812	-531.3543090820312	-108.10611099656813	-166.25770568847656	-37.09732029229706	-35.82997512817383	-1.8409564497105855	0.0	0.0	0.0	0.0
14.988141298294067	1781096040.0	1781096040.4295585	5	25.0	29.0	12.0	8.0	NeuronSpectrum 10.06.2026 14:49:30	EEG	checkup_149_10.06.2026 14:49:30	500.0	504.6666666666667	True	0.5	40.0	4	True	50.0	30.0	-724.7985229492188	-161.17307320120557	-190.13148498535156	-45.77304185067697	-234.1473388671875	-60.09500881184294	-493.3540344238281	-116.81613800256041	-71.32279968261719	105.92008249528106	-539.7713012695312	-126.05471961319395	-169.48330688476562	-42.99471592914672	-36.577613830566406	-3.011279753309899	0.0	0.0	0.0	0.0
14.988143682479858	1781096040.0	1781096040.429561	5	25.0	29.0	12.0	8.0	NeuronSpectrum 10.06.2026 14:49:30	EEG	checkup_149_10.06.2026 14:49:30	500.0	504.6666666666667	True	0.5	40.0	4	True	50.0	30.0	-731.2625122070312	-183.56190539985508	-193.72865295410156	-52.94223487574112	-237.54525756835938	-67.88022830851988	-499.1934509277344	-132.90915565342146	-74.76959228515625	104.43623674897717	-545.5913696289062	-143.05781290908587	-171.89862060546875	-48.74181270357336	-36.877044677734375	-3.9093611607453456	0.0	0.0	0.0	0.0
14.98814582824707	1781096040.0	1781096040.429563	5	25.0	29.0	12.0	8.0	NeuronSpectrum 10.06.2026 14:49:30	EEG	checkup_149_10.06.2026 14:49:30	500.0	504.6666666666667	True	0.5	40.0	4	True	50.0	30.0	-725.4478149414062	-202.70483508681622	-193.52767944335938	-58.73552463961452	-236.3645782470703	-74.06023502539962	-496.1943359375	-146.48470688633506	-75.89018249511719	104.36134856352501	-541.69140625	-157.21034993376654	-171.21414184570312	-53.698213594335755	-36.17504119873047	-4.43516686755884	0.0	0.0	0.0	0.0
14.988148212432861	1781096040.0	1781096040.4295654	5	25.0	29.0	12.0	8.0	NeuronSpectrum 10.06.2026 14:49:30	EEG	checkup_149_10.06.2026 14:49:30	500.0	504.6666666666667	True	0.5	40.0	4	True	50.0	30.0	-704.9952392578125	-217.04674974676914	-188.68434143066406	-62.62064002587019	-229.7364044189453	-78.05720979422158	-482.6729431152344	-156.407518089863	-74.25465393066406	105.62394825063565	-526.2250366210938	-167.3008176013064	-166.8417205810547	-57.42945233462346	-34.372314453125	-4.575891968770355	0.0	0.0	0.0	0.0
14.988150358200073	1781096040.0	1781096040.4295676	5	25.0	29.0	12.0	8.0	NeuronSpectrum 10.06.2026 14:49:30	EEG	checkup_149_10.06.2026 14:49:30	500.0	504.6666666666667	True	0.5	40.0	4	True	50.0	30.0	-681.9828491210938	-225.7671031718191	-182.179931640625	-64.3519885524596	-221.35545349121094	-79.61815329692058	-466.7843322753906	-162.10049003714403	-71.1259765625	107.99308743338118	-508.0869445800781	-172.74208915698992	-161.58419799804688	-59.69812207187321	-32.249046325683594	-4.390568324690568	0.0	0.0	0.0	0.0
14.988152265548706	1781096040.0	1781096040.4295695	5	25.0	29.0	12.0	8.0	NeuronSpectrum 10.06.2026 14:49:30	EEG	checkup_149_10.06.2026 14:49:30	500.0	504.6666666666667	True	0.5	40.0	4	True	50.0	30.0	-679.2020874023438	-228.5833767749021	-179.9072723388672	-63.92741578139139	-218.33775329589844	-78.7546660877778	-463.9969177246094	-163.41721057834113	-69.06800842285156	111.2257341616743	-504.1748046875	-173.42570766558347	-160.74472045898438	-60.42578177934589	-31.260173797607422	-3.9842987101477485	0.0	0.0	0.0	0.0
14.988154649734497	1781096040.0	1781096040.4295719	5	25.0	29.0	12.0	8.0	NeuronSpectrum 10.06.2026 14:49:30	EEG	checkup_149_10.06.2026 14:49:30	500.0	504.6666666666667	True	0.5	40.0	4	True	50.0	30.0	-712.8148193359375	-225.6834354633876	-186.25442504882812	-61.55609653298868	-225.90835571289062	-75.70239656227746	-485.3921203613281	-160.5839661242683	-70.12294006347656	115.15909702633544	-526.6417846679688	-169.65155313374783	-168.11964416503906	-59.671680087794044	-32.54802703857422	-3.486006613930265	0.0	0.0	0.0	0.0
14.988157033920288	1781096040.0	1781096040.4295743	5	25.0	29.0	12.0	8.0	NeuronSpectrum 10.06.2026 14:49:30	EEG	checkup_149_10.06.2026 14:49:30	500.0	504.6666666666667	True	0.5	40.0	4	True	50.0	30.0	-771.4282836914062	-217.86512684441936	-198.7283935546875	-57.66092035594431	-240.9766387939453	-70.92890700054254	-523.5472412109375	-154.26724711369863	-73.5916748046875	119.7085422083605	-567.4982299804688	-162.19547014143876	-181.1927032470703	-57.64905590218489	-35.71781921386719	-3.0373659774604556	0.0	0.0	0.0	0.0
14.9881591796875	1781096040.0	1781096040.4295764	5	25.0	29.0	12.0	8.0	NeuronSpectrum 10.06.2026 14:49:30	EEG	checkup_149_10.06.2026 14:49:30	500.0	504.6666666666667	True	0.5	40.0	4	True	50.0	30.0	-809.2257080078125	-206.77230381748276	-206.10572814941406	-52.89510696257598	-249.96746826171875	-65.16422416909624	-547.8645629882812	-145.6995951678885	-75.22838592529297	124.78234863988716	-593.493408203125	-152.44238627680488	-189.56155395507812	-54.759722262595005	-38.3653450012207	-2.790270098212719	0.0	0.0	0.0	0.0
14.988161325454712	1781096040.0	1781096040.4295785	5	25.0	29.0	12.0	8.0	NeuronSpectrum 10.06.2026 14:49:30	EEG	checkup_149_10.06.2026 14:49:30	500.0	504.6666666666667	True	0.5	40.0	4	True	50.0	30.0	-764.4707641601562	-194.9769231549897	-193.01406860351562	-48.11962226359835	-234.36268615722656	-59.386925276187284	-516.9647216796875	-136.7046508842635	-69.02363586425781	130.1701074679742	-559.5914306640625	-142.41135229582437	-179.16275024414062	-51.59692416532034	-37.02461242675781	-2.901815388859858	0.0	0.0	0.0	0.0
14.988162994384766	1781096040.0	1781096040.4295802	5	25.0	29.0	12.0	8.0	NeuronSpectrum 10.06.2026 14:49:30	EEG	checkup_149_10.06.2026 14:49:30	500.0	504.6666666666667	True	0.5	40.0	4	True	50.0	30.0	-596.4094848632812	-185.67727575097632	-149.21751403808594	-44.29263504923268	-181.8583221435547	-54.70362314402604	-403.46923828125	-129.47499888091218	-50.89556884765625	135.4783452104472	-435.96051025390625	-134.51226135587999	-140.68214416503906	-48.86986038367775	-29.19915771484375	-3.5156029907978636	0.0	0.0	0.0	0.0
14.988165140151978	1781096040.0	1781096040.4295824	5	25.0	29.0	12.0	8.0	NeuronSpectrum 10.06.2026 14:49:30	EEG	checkup_149_10.06.2026 14:49:30	500.0	504.6666666666667	True	0.5	40.0	4	True	50.0	30.0	-316.9200744628906	-181.98954510755757	-77.64198303222656	-42.27182313764375	-95.97880554199219	-52.11974498763288	-215.29025268554688	-126.09223546303392	-21.911792755126953	140.16429807245248	-231.17642211914062	-131.0219364845368	-76.75445556640625	-47.24728980296298	-15.191859245300293	-4.728088211854951	0.0	0.0	0.0	0.0
15.039020776748657	1781096040.0	1781096040.480438	5	25.0	29.0	12.0	8.0	NeuronSpectrum 10.06.2026 14:49:30	EEG	checkup_149_10.06.2026 14:49:30	500.0	504.6666666666667	True	0.5	40.0	4	True	50.0	30.0	-709.7354125976562	-186.0843618245373	-176.64840698242188	-42.595554339749995	-214.5238037109375	-52.279170792415165	-478.164794921875	-127.95851498462665	-61.37128448486328	143.6687401471188	-518.154541015625	-133.46359986231596	-165.03347778320312	-47.1761783949118	-38.845699310302734	-6.552554618043948	0.0	0.0	0.0	0.0
15.039026498794556	1781096040.0	1781096040.4804437	5	25.0	29.0	12.0	8.0	NeuronSpectrum 10.06.2026 14:49:30	EEG	checkup_149_10.06.2026 14:49:30	500.0	504.6666666666667	True	0.5	40.0	4	True	50.0	30.0	-708.8392333984375	-198.55035585676595	-176.264892578125	-45.33759126580545	-213.68296813964844	-55.286420994078924	-476.7918395996094	-135.3920980467178	-61.323421478271484	145.60088418644372	-517.339111328125	-142.16506660445424	-163.55775451660156	-48.757601927761336	-40.70192337036133	-8.899585325034563	0.0	0.0	0.0	0.0
15.039028882980347	1781096040.0	1781096040.480446	5	25.0	29.0	12.0	8.0	NeuronSpectrum 10.06.2026 14:49:30	EEG	checkup_149_10.06.2026 14:49:30	500.0	504.6666666666667	True	0.5	40.0	4	True	50.0	30.0	-713.1992797851562	-218.2407778499104	-177.3505401611328	-50.09476639348794	-214.50341796875	-60.68443680463696	-478.7746887207031	-147.5520822299896	-62.01106643676758	145.90733398758792	-520.2659301757812	-156.17634389445593	-163.0386199951172	-51.73170476271032	-42.708106994628906	-11.585441324609285	0.0	0.0	0.0	0.0
15.039031505584717	1781096040.0	1781096040.4804487	5	25.0	29.0	12.0	8.0	NeuronSpectrum 10.06.2026 14:49:30	EEG	checkup_149_10.06.2026 14:49:30	500.0	504.6666666666667	True	0.5	40.0	4	True	50.0	30.0	-721.7805786132812	-242.59524544508702	-179.5020294189453	-56.098642697108396	-216.62843322753906	-67.5798456578279	-483.4211730957031	-162.67953456623928	-63.27741622924805	144.96446616731959	-526.1227416992188	-173.53356796511093	-163.3424835205078	-55.563765245868964	-44.69169235229492	-14.36502056373281	0.0	0.0	0.0	0.0
15.039033651351929	1781096040.0	1781096040.4804509	5	25.0	29.0	12.0	8.0	NeuronSpectrum 10.06.2026 14:49:30	EEG	checkup_149_10.06.2026 14:49:30	500.0	504.6666666666667	True	0.5	40.0	4	True	50.0	30.0	-727.5086669921875	-268.24332268960546	-180.83551025390625	-62.39548891800703	-217.899658203125	-74.8516549329082	-486.05291748046875	-178.51912086054438	-64.3267822265625	143.55598869214867	-529.7572631835938	-191.72178557033646	-162.97903442382812	-59.58334010710127	-46.17330551147461	-16.976103677929533	0.0	0.0	0.0	0.0
15.03903579711914	1781096040.0	1781096040.480453	5	25.0	29.0	12.0	8.0	NeuronSpectrum 10.06.2026 14:49:30	EEG	checkup_149_10.06.2026 14:49:30	500.0	504.6666666666667	True	0.5	40.0	4	True	50.0	30.0	-721.091796875	-291.675460612161	-178.9539031982422	-68.03521082957549	-215.48486328125	-81.37408652086916	-480.52752685546875	-192.77380448815177	-64.00347137451172	142.72604297857185	-524.4354248046875	-208.1759438431958	-159.93984985351562	-63.12670110621688	-46.59777069091797	-19.181210803132753	0.0	0.0	0.0	0.0
15.039037942886353	1781096040.0	1781096040.4804552	5	25.0	29.0	12.0	8.0	NeuronSpectrum 10.06.2026 14:49:30	EEG	checkup_149_10.06.2026 14:49:30	500.0	504.6666666666667	True	0.5	40.0	4	True	50.0	30.0	-700.2086181640625	-309.84020148356075	-173.25302124023438	-72.23088676591321	-208.6409912109375	-86.2080950158032	-465.3373107910156	-203.49759240329428	-61.68760681152344	143.53127892744632	-508.5111389160156	-220.71588446989804	-153.76776123046875	-65.65254917449495	-45.87179946899414	-20.79871213233093	0.0	0.0	0.0	0.0
15.039040088653564	1781096040.0	1781096040.4804573	5	25.0	29.0	12.0	8.0	NeuronSpectrum 10.06.2026 14:49:30	EEG	checkup_149_10.06.2026 14:49:30	500.0	504.6666666666667	True	0.5	40.0	4	True	50.0	30.0	-676.9058227539062	-320.6074263944466	-166.77798461914062	-74.47350222591024	-200.96429443359375	-88.74220247730058	-448.5362548828125	-209.38829154100745	-58.17430877685547	146.74712137964303	-490.80902099609375	-227.87273306588241	-147.2453155517578	-66.82167220429398	-44.77894973754883	-21.720806772218374	0.0	0.0	0.0	0.0
15.039041519165039	1781096040.0	1781096040.4804587	5	25.0	29.0	12.0	8.0	NeuronSpectrum 10.06.2026 14:49:30	EEG	checkup_149_10.06.2026 14:49:30	500.0	504.6666666666667	True	0.5	40.0	4	True	50.0	30.0	-673.89404296875	-323.0895026871671	-165.29490661621094	-74.60164763737126	-199.3092498779297	-88.78049072063342	-445.3000793457031	-209.97888458388783	-55.57292175292969	152.60281187373542	-487.9385986328125	-229.10383089893756	-145.58383178710938	-66.54406180768834	-44.72366714477539	-21.92021731837271	0.0	0.0	0.0	0.0
15.039043664932251	1781096040.0	1781096040.480461	5	25.0	29.0	12.0	8.0	NeuronSpectrum 10.06.2026 14:49:30	EEG	checkup_149_10.06.2026 14:49:30	500.0	504.6666666666667	True	0.5	40.0	4	True	50.0	30.0	-707.275146484375	-317.8245529921827	-172.95387268066406	-72.83034983795113	-208.60731506347656	-86.58066798800601	-466.46075439453125	-205.73506188713026	-55.8161506652832	160.61840068721295	-511.72747802734375	-224.9032259195289	-152.52841186523438	-64.99949242193789	-46.67535400390625	-21.44891655718038	0.0	0.0	0.0	0.0
15.039045095443726	1781096040.0	1781096040.4804623	5	25.0	29.0	12.0	8.0	NeuronSpectrum 10.06.2026 14:49:30	EEG	checkup_149_10.06.2026 14:49:30	500.0	504.6666666666667	True	0.5	40.0	4	True	50.0	30.0	-765.6962890625	-306.79709005070015	-187.0418243408203	-69.73647214669045	-225.57411193847656	-82.83763864316705	-504.634521484375	-198.04684908248575	-58.57958221435547	169.59450069741902	-554.0288696289062	-216.79372763022477	-165.616455078125	-62.62964700822819	-49.92774963378906	-20.43053600261056	0.0	0.0	0.0	0.0
15.039047002792358	1781096040.0	1781096040.4804642	5	25.0	29.0	12.0	8.0	NeuronSpectrum 10.06.2026 14:49:30	EEG	checkup_149_10.06.2026 14:49:30	500.0	504.6666666666667	True	0.5	40.0	4	True	50.0	30.0	-803.4991455078125	-293.2241468137297	-196.23089599609375	-66.18624551282126	-236.5989990234375	-78.59488061537964	-529.6157836914062	-189.07001710822635	-60.29182815551758	177.76892702952858	-581.6917114257812	-207.1518317776956	-174.5693817138672	-60.087332242984445	-51.72589874267578	-19.04461145523277	0.0	0.0	0.0	0.0
15.039048671722412	1781096040.0	1781096040.480466	5	25.0	29.0	12.0	8.0	NeuronSpectrum 10.06.2026 14:49:30	EEG	checkup_149_10.06.2026 14:49:30	500.0	504.6666666666667	True	0.5	40.0	4	True	50.0	30.0	-759.1491088867188	-281.025582890228	-185.16192626953125	-63.18768656150143	-223.24020385742188	-75.06376950908795	-500.55572509765625	-181.3655553797844	-55.5007438659668	183.11246221814136	-549.9240112304688	-198.80931719355138	-165.4083251953125	-58.12433397646298	-48.41456604003906	-17.498945415264927	0.0	0.0	0.0	0.0
15.039050579071045	1781096040.0	1781096040.4804678	5	25.0	29.0	12.0	8.0	NeuronSpectrum 10.06.2026 14:49:30	EEG	checkup_149_10.06.2026 14:49:30	500.0	504.6666666666667	True	0.5	40.0	4	True	50.0	30.0	-592.0010375976562	-273.9848197806968	-143.6377716064453	-61.67193488498394	-173.26583862304688	-73.35736143557747	-390.34991455078125	-177.34262718256207	-40.18614959716797	183.6976235676619	-429.0299377441406	-194.43833655949945	-128.77072143554688	-57.417841791015725	-37.660160064697266	-15.989904182413746	0.0	0.0	0.0	0.0
15.03905200958252	1781096040.0	1781096040.4804692	5	25.0	29.0	12.0	8.0	NeuronSpectrum 10.06.2026 14:49:30	EEG	checkup_149_10.06.2026 14:49:30	500.0	504.6666666666667	True	0.5	40.0	4	True	50.0	30.0	-313.8463134765625	-274.78999063816866	-74.532470703125	-62.25271984305899	-90.16012573242188	-74.19954860693989	-206.61309814453125	-178.63159463026267	-14.901296615600586	178.0486611542628	-227.3922882080078	-195.85970697607348	-67.11553955078125	-58.37607519643732	-20.316003799438477	-14.65969849498604	0.0	0.0	0.0	0.0
15.039053916931152	1781096040.0	1781096040.4804711	5	25.0	29.0	12.0	8.0	NeuronSpectrum 10.06.2026 14:49:30	EEG	checkup_149_10.06.2026 14:49:30	500.0	504.6666666666667	True	0.5	40.0	4	True	50.0	30.0	-705.4061889648438	-284.31299804561434	-173.44190979003906	-65.05404233114547	-209.45480346679688	-77.71900021612652	-467.8133850097656	-185.62411408711966	-66.25086975097656	165.38017871430793	-513.7869873046875	-203.53489402380777	-156.78196716308594	-61.00125729283012	-42.24308776855469	-13.568312689282969	0.0	0.0	0.0	0.0
15.039055347442627	1781096040.0	1781096040.4804726	5	25.0	29.0	12.0	8.0	NeuronSpectrum 10.06.2026 14:49:30	EEG	checkup_149_10.06.2026 14:49:30	500.0	504.6666666666667	True	0.5	40.0	4	True	50.0	30.0	-704.8261108398438	-301.4635310580021	-173.9598846435547	-69.6896757923717	-210.3984375	-83.4283729933212	-468.39190673828125	-197.4026814108784	-85.08572387695312	145.66626191202687	-514.2926025390625	-216.48572335219492	-157.21730041503906	-64.88332740593461	-40.50006103515625	-12.69595036081274	0.0	0.0	0.0	0.0
15.039057493209839	1781096040.0	1781096040.4804747	5	25.0	29.0	12.0	8.0	NeuronSpectrum 10.06.2026 14:49:30	EEG	checkup_149_10.06.2026 14:49:30	500.0	504.6666666666667	True	0.5	40.0	4	True	50.0	30.0	-709.5200805664062	-323.69203332622635	-175.4999542236328	-75.41066228214423	-212.56100463867188	-90.40702189914806	-471.8741149902344	-212.1059170025842	-113.79061889648438	119.54577482970281	-518.1314697265625	-232.69241653074522	-157.92001342773438	-69.33819829093635	-38.7547492980957	-11.976742941860497	0.0	0.0	0.0	0.0
15.039059162139893	1781096040.0	1781096040.4804764	5	25.0	29.0	12.0	8.0	NeuronSpectrum 10.06.2026 14:49:30	EEG	checkup_149_10.06.2026 14:49:30	500.0	504.6666666666667	True	0.5	40.0	4	True	50.0	30.0	-718.4645385742188	-347.88124489648095	-177.6599578857422	-81.35182148282463	-215.40225219726562	-97.60233104303812	-477.3608093261719	-227.55226847809047	-151.18984985351562	88.1321896603995	-524.3516235351562	-249.77525903428818	-158.5926971435547	-73.62867297774243	-37.089046478271484	-11.346242671001644	0.0	0.0	0.0	0.0
15.039061069488525	1781096040.0	1781096040.4804783	5	25.0	29.0	12.0	8.0	NeuronSpectrum 10.06.2026 14:49:30	EEG	checkup_149_10.06.2026 14:49:30	500.0	504.6666666666667	True	0.5	40.0	4	True	50.0	30.0	-724.611083984375	-371.205624576977	-178.6431121826172	-86.76729328054734	-216.72023010253906	-104.11557562906714	-480.1419372558594	-241.8371309482471	-192.25546264648438	52.82224447467145	-527.7526245117188	-265.64734357472645	-157.8536834716797	-77.16998999916865	-35.326438903808594	-10.778071743701318	0.0	0.0	0.0	0.0
15.039062738418579	1781096040.0	1781096040.48048	5	25.0	29.0	12.0	8.0	NeuronSpectrum 10.06.2026 14:49:30	EEG	checkup_149_10.06.2026 14:49:30	500.0	504.6666666666667	True	0.5	40.0	4	True	50.0	30.0	-718.68798828125	-391.6302893394924	-176.21099853515625	-91.16834930205655	-213.80731201171875	-109.36700710260827	-474.2178955078125	-253.67945768277252	-230.20623779296875	15.17414699669618	-521.6688842773438	-278.8931757389693	-154.01222229003906	-79.64332047901313	-33.19631576538086	-10.292966506753347	0.0	0.0	0.0	0.0
15.039064645767212	1781096040.0	1781096040.4804819	5	25.0	29.0	12.0	8.0	NeuronSpectrum 10.06.2026 14:49:30	EEG	checkup_149_10.06.2026 14:49:30	500.0	504.6666666666667	True	0.5	40.0	4	True	50.0	30.0	-698.3472290039062	-407.95579927925235	-169.93394470214844	-94.3366522143889	-206.163818359375	-113.10820021747178	-458.3058166503906	-262.4509441348212	-261.4642333984375	-23.13154495035918	-504.6011047363281	-288.80042305599625	-146.95054626464844	-80.99453979109876	-30.766263961791992	-9.939036362084446	0.0	0.0	0.0	0.0
15.039066314697266	1781096040.0	1781096040.4804835	5	25.0	29.0	12.0	8.0	NeuronSpectrum 10.06.2026 14:49:30	EEG	checkup_149_10.06.2026 14:49:30	500.0	504.6666666666667	True	0.5	40.0	4	True	50.0	30.0	-675.531982421875	-419.54502933536264	-162.98680114746094	-96.24581064672793	-197.6572723388672	-115.32258167817447	-440.6523742675781	-267.9761275268558	-289.8403015136719	-60.29782747870535	-485.53778076171875	-295.1424256916018	-139.62094116210938	-81.34896154151782	-28.783870697021484	-9.756136129607786	0.0	0.0	0.0	0.0
15.03906798362732	1781096040.0	1781096040.4804852	5	25.0	29.0	12.0	8.0	NeuronSpectrum 10.06.2026 14:49:30	EEG	checkup_149_10.06.2026 14:49:30	500.0	504.6666666666667	True	0.5	40.0	4	True	50.0	30.0	-672.7955322265625	-426.00006590148354	-161.20289611816406	-96.95965549350763	-195.36920166015625	-116.09838329327737	-436.5513000488281	-270.28279718017177	-325.14117431640625	-94.4706030581185	-481.24444580078125	-297.908677315207	-137.19419860839844	-80.90430123493769	-28.457422256469727	-9.744253073417173	0.0	0.0	0.0	0.0
15.039069652557373	1781096040.0	1781096040.4804869	5	25.0	29.0	12.0	8.0	NeuronSpectrum 10.06.2026 14:49:30	EEG	checkup_149_10.06.2026 14:49:30	500.0	504.6666666666667	True	0.5	40.0	4	True	50.0	30.0	-706.11767578125	-427.0474221303602	-168.7753143310547	-96.57574893543115	-204.39614868164062	-115.55811968659768	-456.9431457519531	-269.47955180555243	-374.7534484863281	-123.92591029371255	-503.730712890625	-297.1770840214939	-143.33494567871094	-79.86410527530057	-30.555479049682617	-9.853579898990318	0.0	0.0	0.0	0.0
15.039071798324585	1781096040.0	1781096040.480489	5	25.0	29.0	12.0	8.0	NeuronSpectrum 10.06.2026 14:49:30	EEG	checkup_149_10.06.2026 14:49:30	500.0	504.6666666666667	True	0.5	40.0	4	True	50.0	30.0	-764.1688232421875	-422.7427147221611	-183.06369018554688	-95.24753380319898	-221.5740203857422	-113.88556772759773	-494.64886474609375	-265.8427265208011	-433.0556945800781	-147.39225588956208	-545.1065673828125	-293.217257457254	-155.72239685058594	-78.44280086789418	-34.34418487548828	-10.003314898542131	0.0	0.0	0.0	0.0
15.039073467254639	1781096040.0	1781096040.4804907	5	25.0	29.0	12.0	8.0	NeuronSpectrum 10.06.2026 14:49:30	EEG	checkup_149_10.06.2026 14:49:30	500.0	504.6666666666667	True	0.5	40.0	4	True	50.0	30.0	-801.5070190429688	-413.8861134598022	-192.84486389160156	-93.26392585276825	-233.36398315429688	-111.42437946338659	-519.78173828125	-260.05030449482217	-477.5036315917969	-164.41833548459937	-572.5316162109375	-286.7547877742165	-164.55859375	-76.92535151805357	-37.267269134521484	-10.121512294653037	0.0	0.0	0.0	0.0
15.039075136184692	1781096040.0	1781096040.4804924	5	25.0	29.0	12.0	8.0	NeuronSpectrum 10.06.2026 14:49:30	EEG	checkup_149_10.06.2026 14:49:30	500.0	504.6666666666667	True	0.5	40.0	4	True	50.0	30.0	-756.9302978515625	-402.36566498600934	-182.8168182373047	-91.12042601563574	-221.28953552246094	-108.76772879752707	-491.7850036621094	-253.38371617281857	-477.3132629394531	-175.6239260211387	-541.4547729492188	-279.19812818944285	-156.4833984375	-75.72500264142796	-35.94357681274414	-10.186623970194129	0.0	0.0	0.0	0.0
15.039076805114746	1781096040.0	1781096040.480494	5	25.0	29.0	12.0	8.0	NeuronSpectrum 10.06.2026 14:49:30	EEG	checkup_149_10.06.2026 14:49:30	500.0	504.6666666666667	True	0.5	40.0	4	True	50.0	30.0	-590.0621948242188	-391.1365073164512	-142.68031311035156	-89.51113471575286	-172.90008544921875	-106.75242781858155	-383.58984375	-247.70897526593993	-411.6231994628906	-182.6812665847208	-422.1812744140625	-272.6196889582759	-122.44245147705078	-75.37805402771906	-28.111583709716797	-10.24966517261417	0.0	0.0	0.0	0.0
15.039078712463379	1781096040.0	1781096040.480496	5	25.0	29.0	12.0	8.0	NeuronSpectrum 10.06.2026 14:49:30	EEG	checkup_149_10.06.2026 14:49:30	500.0	504.6666666666667	True	0.5	40.0	4	True	50.0	30.0	-312.7237548828125	-383.734652712583	-75.00518798828125	-89.21579872846374	-91.26753234863281	-106.32515053285675	-202.4485626220703	-245.170296201439	-285.53228759765625	-187.98290098144713	-222.77537536621094	-269.41715300795687	-64.49956512451172	-76.45312432673948	-14.290658950805664	-10.426276545019906	0.0	0.0	0.0	0.0
15.090478420257568	1781096040.0	1781096040.5318956	5	25.0	29.0	12.0	8.0	NeuronSpectrum 10.06.2026 14:49:30	EEG	checkup_149_10.06.2026 14:49:30	500.0	504.6666666666667	True	0.5	40.0	4	True	50.0	30.0	-702.2921752929688	-383.4998861426792	-173.09767150878906	-90.92259149199201	-210.2706756591797	-108.32923884279492	-462.0661926269531	-247.7077519528348	-496.5029602050781	-194.10216148655616	-508.30841064453125	-271.77785919055606	-151.2702178955078	-79.40982420440767	-34.92276382446289	-10.864156797382735	0.0	0.0	0.0	0.0
15.090483665466309	1781096040.0	1781096040.531901	5	25.0	29.0	12.0	8.0	NeuronSpectrum 10.06.2026 14:49:30	EEG	checkup_149_10.06.2026 14:49:30	500.0	504.6666666666667	True	0.5	40.0	4	True	50.0	30.0	-701.651611328125	-392.83299118384303	-174.71315002441406	-95.06389807603536	-212.32493591308594	-113.30519744062117	-464.393798828125	-256.6075588625504	-509.15130615234375	-203.23716755395074	-510.54888916015625	-281.1763308228038	-154.2644500732422	-84.47292346034537	-35.10940170288086	-11.70182713084313	0.0	0.0	0.0	0.0
15.0904860496521	1781096040.0	1781096040.5319033	5	25.0	29.0	12.0	8.0	NeuronSpectrum 10.06.2026 14:49:30	EEG	checkup_149_10.06.2026 14:49:30	500.0	504.6666666666667	True	0.5	40.0	4	True	50.0	30.0	-706.5065307617188	-412.7226188280986	-177.7412109375	-101.72016161826969	-216.00765991210938	-121.37149503347085	-470.321044921875	-272.2332277686076	-524.0527954101562	-216.78808860131826	-516.6563110351562	-298.06907123204394	-158.49533081054688	-91.5679200111312	-35.55024337768555	-13.032644202328537	0.0	0.0	0.0	0.0
15.090487957000732	1781096040.0	1781096040.5319052	5	25.0	29.0	12.0	8.0	NeuronSpectrum 10.06.2026 14:49:30	EEG	checkup_149_10.06.2026 14:49:30	500.0	504.6666666666667	True	0.5	40.0	4	True	50.0	30.0	-715.818115234375	-442.5581282329568	-181.7681427001953	-110.59305126464369	-220.8626251220703	-132.18756444306743	-478.9032897949219	-293.9414307880117	-540.5930786132812	-235.10516457443427	-525.6712036132812	-321.79231434661693	-163.41830444335938	-100.31625632700425	-36.29063034057617	-14.878476739399119	0.0	0.0	0.0	0.0
15.090489864349365	1781096040.0	1781096040.531907	5	25.0	29.0	12.0	8.0	NeuronSpectrum 10.06.2026 14:49:30	EEG	checkup_149_10.06.2026 14:49:30	500.0	504.6666666666667	True	0.5	40.0	4	True	50.0	30.0	-722.4876708984375	-480.1058671526054	-184.83599853515625	-121.0153819450725	-224.55508422851562	-144.96029569643676	-485.15045166015625	-320.0958294481785	-554.3053588867188	-257.36783216940313	-532.236328125	-350.5690662290334	-167.0978546142578	-110.05852942057648	-36.992645263671875	-17.170984180256852	0.0	0.0	0.0	0.0
15.090492010116577	1781096040.0	1781096040.5319092	5	25.0	29.0	12.0	8.0	NeuronSpectrum 10.06.2026 14:49:30	EEG	checkup_149_10.06.2026 14:49:30	500.0	504.6666666666667	True	0.5	40.0	4	True	50.0	30.0	-717.1715087890625	-521.5470148227032	-184.43125915527344	-131.9709400529453	-224.0634002685547	-158.4625281588467	-482.6141662597656	-348.10753356470417	-559.2994995117188	-281.5561501295151	-529.3981323242188	-381.54877837545	-167.13059997558594	-119.87934632307235	-37.13963317871094	-19.739136937465453	0.0	0.0	0.0	0.0
15.09049367904663	1781096040.0	1781096040.531911	5	25.0	29.0	12.0	8.0	NeuronSpectrum 10.06.2026 14:49:30	EEG	checkup_149_10.06.2026 14:49:30	500.0	504.6666666666667	True	0.5	40.0	4	True	50.0	30.0	-697.4472045898438	-561.5801855448458	-179.81854248046875	-142.1240479626377	-218.5371856689453	-171.0645578877811	-469.5419921875	-374.5025705706001	-554.0166015625	-304.5200703644945	-515.3139038085938	-410.88144584503027	-162.78350830078125	-128.6319678326539	-36.57294845581055	-22.305956126263975	0.0	0.0	0.0	0.0
15.090495586395264	1781096040.0	1781096040.5319128	5	25.0	29.0	12.0	8.0	NeuronSpectrum 10.06.2026 14:49:30	EEG	checkup_149_10.06.2026 14:49:30	500.0	504.6666666666667	True	0.5	40.0	4	True	50.0	30.0	-675.1992797851562	-593.6868609915359	-173.9210968017578	-149.88291139409526	-211.61058044433594	-180.8091123319687	-453.8399658203125	-395.0819969197993	-545.8796997070312	-322.19423294757354	-498.65631103515625	-433.89877379999945	-156.72364807128906	-134.98397009144404	-35.941741943359375	-24.500983456446246	0.0	0.0	0.0	0.0
15.090497255325317	1781096040.0	1781096040.5319145	5	25.0	29.0	12.0	8.0	NeuronSpectrum 10.06.2026 14:49:30	EEG	checkup_149_10.06.2026 14:49:30	500.0	504.6666666666667	True	0.5	40.0	4	True	50.0	30.0	-672.9453735351562	-610.6951748004725	-172.4215087890625	-153.53085493429967	-210.29371643066406	-185.57234353309084	-450.65911865234375	-405.26751501786663	-549.0609130859375	-330.0211564601223	-495.94818115234375	-445.5037861738102	-154.22955322265625	-137.51610158350115	-36.51318359375	-25.89560476577706	0.0	0.0	0.0	0.0
15.09049916267395	1781096040.0	1781096040.5319164	5	25.0	29.0	12.0	8.0	NeuronSpectrum 10.06.2026 14:49:30	EEG	checkup_149_10.06.2026 14:49:30	500.0	504.6666666666667	True	0.5	40.0	4	True	50.0	30.0	-706.6480712890625	-605.734490968877	-179.46656799316406	-151.449710360253	-219.67251586914062	-183.34096240318567	-470.9593505859375	-400.69894675646685	-573.806396484375	-323.61861969386894	-519.0294799804688	-440.839930825614	-159.30856323242188	-134.89953716759538	-39.1859016418457	-26.064916923968298	0.0	0.0	0.0	0.0
15.090500831604004	1781096040.0	1781096040.531918	5	25.0	29.0	12.0	8.0	NeuronSpectrum 10.06.2026 14:49:30	EEG	checkup_149_10.06.2026 14:49:30	500.0	504.6666666666667	True	0.5	40.0	4	True	50.0	30.0	-764.965087890625	-573.5397982858566	-192.46409606933594	-142.4273598276129	-236.48155212402344	-172.59545116293367	-507.65618896484375	-378.0627731955642	-613.4725341796875	-299.6490074446517	-559.9102783203125	-416.2141896908513	-169.9447021484375	-126.1489511905973	-43.279483795166016	-24.671743065253356	0.0	0.0	0.0	0.0
15.090502977371216	1781096040.0	1781096040.5319202	5	25.0	29.0	12.0	8.0	NeuronSpectrum 10.06.2026 14:49:30	EEG	checkup_149_10.06.2026 14:49:30	500.0	504.6666666666667	True	0.5	40.0	4	True	50.0	30.0	-802.4380493164062	-511.8683014504594	-200.34205627441406	-125.99330951034202	-246.95379638671875	-152.72940625443343	-530.984375	-336.00085128719275	-640.1517333984375	-256.7334807586501	-585.7568359375	-370.10562658134404	-176.4250946044922	-110.90573374206409	-46.12437438964844	-21.557067429846583	0.0	0.0	0.0	0.0
15.09050464630127	1781096040.0	1781096040.5319219	5	25.0	29.0	12.0	8.0	NeuronSpectrum 10.06.2026 14:49:30	EEG	checkup_149_10.06.2026 14:49:30	500.0	504.6666666666667	True	0.5	40.0	4	True	50.0	30.0	-757.8510131835938	-422.6115002054051	-188.0758514404297	-102.68199698448912	-232.42584228515625	-124.38003861229244	-500.56976318359375	-275.82876018944273	-615.9291381835938	-196.14983233072422	-552.2022094726562	-303.95992793195427	-165.3194580078125	-89.6649766909426	-44.120506286621094	-16.811079832822653	0.0	0.0	0.0	0.0
15.090506553649902	1781096040.0	1781096040.5319238	5	25.0	29.0	12.0	8.0	NeuronSpectrum 10.06.2026 14:49:30	EEG	checkup_149_10.06.2026 14:49:30	500.0	504.6666666666667	True	0.5	40.0	4	True	50.0	30.0	-590.8367919921875	-312.136805396414	-145.7645263671875	-74.11096117379563	-180.583251953125	-89.52903131787589	-389.6583251953125	-201.75851311207046	-515.5623168945312	-122.0280266461291	-429.9542236328125	-222.43348129157118	-127.62409210205078	-63.84665356430404	-34.87338638305664	-10.796603937912987	0.0	0.0	0.0	0.0
15.090508222579956	1781096040.0	1781096040.5319254	5	25.0	29.0	12.0	8.0	NeuronSpectrum 10.06.2026 14:49:30	EEG	checkup_149_10.06.2026 14:49:30	500.0	504.6666666666667	True	0.5	40.0	4	True	50.0	30.0	-313.2694396972656	-190.55473848010638	-76.41648864746094	-42.800098052062104	-95.12147521972656	-51.28133879563001	-205.95703125	-120.42484489580835	-346.0632019042969	-40.86170757492382	-227.63070678710938	-132.8666438087542	-65.84082794189453	-35.64425452500177	-19.041189193725586	-4.106651073666064	0.0	0.0	0.0	0.0
