# METADATA
key	value
export_created_at	2026-06-10T15:13:46
record_start_app_timestamp	1781093598.7498736
record_end_app_timestamp	1781093619.93866
record_samples	1500
record_duration_s	21.188786268234253
stim_sequence_file	C:/Users/laba/Desktop/прога_gсвет/Частоты.txt
record_sequence_steps_json	"[{""step_index"": 1, ""dac0_f1_hz"": 10.0, ""dac0_f2_hz"": 10.0, ""dac1_f1_hz"": 8.0, ""dac1_f2_hz"": 8.0, ""duration_s"": 3.0}, {""step_index"": 2, ""dac0_f1_hz"": 8.0, ""dac0_f2_hz"": 8.0, ""dac1_f1_hz"": 7.0, ""dac1_f2_hz"": 7.0, ""duration_s"": 3.0}, {""step_index"": 3, ""dac0_f1_hz"": 12.0, ""dac0_f2_hz"": 14.0, ""dac1_f1_hz"": 6.0, ""dac1_f2_hz"": 8.0, ""duration_s"": 3.0}, {""step_index"": 4, ""dac0_f1_hz"": 2.0, ""dac0_f2_hz"": 3.0, ""dac1_f1_hz"": 3.0, ""dac1_f2_hz"": 2.0, ""duration_s"": 3.0}, {""step_index"": 5, ""dac0_f1_hz"": 25.0, ""dac0_f2_hz"": 29.0, ""dac1_f1_hz"": 12.0, ""dac1_f2_hz"": 8.0, ""duration_s"": 3.0}, {""step_index"": 6, ""dac0_f1_hz"": 12.0, ""dac0_f2_hz"": 14.0, ""dac1_f1_hz"": 32.0, ""dac1_f2_hz"": 34.0, ""duration_s"": 3.0}, {""step_index"": 7, ""dac0_f1_hz"": 55.0, ""dac0_f2_hz"": 22.0, ""dac1_f1_hz"": 10.0, ""dac1_f2_hz"": 4.0, ""duration_s"": 3.0}]"
stim_events_json	"[{""step_index"": 1, ""dac0_f1_hz"": 10.0, ""dac0_f2_hz"": 10.0, ""dac1_f1_hz"": 8.0, ""dac1_f2_hz"": 8.0, ""app_timestamp"": 1781093598.7498794, ""lsl_timestamp"": 9666.604675}, {""step_index"": 2, ""dac0_f1_hz"": 8.0, ""dac0_f2_hz"": 8.0, ""dac1_f1_hz"": 7.0, ""dac1_f2_hz"": 7.0, ""app_timestamp"": 1781093601.794528, ""lsl_timestamp"": 9669.6493227}, {""step_index"": 3, ""dac0_f1_hz"": 12.0, ""dac0_f2_hz"": 14.0, ""dac1_f1_hz"": 6.0, ""dac1_f2_hz"": 8.0, ""app_timestamp"": 1781093604.8172085, ""lsl_timestamp"": 9672.6720038}, {""step_index"": 4, ""dac0_f1_hz"": 2.0, ""dac0_f2_hz"": 3.0, ""dac1_f1_hz"": 3.0, ""dac1_f2_hz"": 2.0, ""app_timestamp"": 1781093607.836271, ""lsl_timestamp"": 9675.691066}, {""step_index"": 5, ""dac0_f1_hz"": 25.0, ""dac0_f2_hz"": 29.0, ""dac1_f1_hz"": 12.0, ""dac1_f2_hz"": 8.0, ""app_timestamp"": 1781093610.8552184, ""lsl_timestamp"": 9678.7100137}, {""step_index"": 6, ""dac0_f1_hz"": 12.0, ""dac0_f2_hz"": 14.0, ""dac1_f1_hz"": 32.0, ""dac1_f2_hz"": 34.0, ""app_timestamp"": 1781093613.8780298, ""lsl_timestamp"": 9681.7328246}, {""step_index"": 7, ""dac0_f1_hz"": 55.0, ""dac0_f2_hz"": 22.0, ""dac1_f1_hz"": 10.0, ""dac1_f2_hz"": 4.0, ""app_timestamp"": 1781093616.9130929, ""lsl_timestamp"": 9684.767888}]"
lsl_stream_meta_json	"{""name"": ""NeuronSpectrum 10.06.2026 14:49:30"", ""type"": ""EEG"", ""source_id"": ""checkup_149_10.06.2026 14:49:30"", ""uid"": ""b76393ad-4dec-4189-8f95-9556d535c39f"", ""channel_count"": 10, ""nominal_srate_hz"": 500.0, ""channel_format"": 1, ""lsl_protocol_version"": 110, ""lsl_library_version"": 117}"
lsl_channel_names_json	"[""ch_1"", ""ch_2"", ""ch_3"", ""ch_4"", ""ch_5"", ""ch_6"", ""ch_7"", ""ch_8"", ""ch_9"", ""ch_10""]"
filter_config_json	"{""bandpass_enabled"": true, ""bandpass_low_hz"": 0.5, ""bandpass_high_hz"": 40.0, ""bandpass_order"": 4, ""notch_enabled"": true, ""notch_hz"": 50.0, ""notch_q"": 30.0}"
filter_notes_json	"[""bandpass applied with sosfiltfilt"", ""notch applied with filtfilt""]"
arduino_params_json	"{""a1"": 0.5, ""p1"": 0.0, ""a2"": 0.5, ""p2"": 0.0, ""dac0_f1"": 100.0, ""dac0_f2"": 200.0, ""dac1_f1"": 100.0, ""dac1_f2"": 200.0, ""dc"": 2.0, ""sr"": 1000, ""gain_max"": 4.0}"
serial_port	COM12
serial_baud	115200
export_split_by_step	True
export_step_index	1
export_step_total	7
export_step_dac0_f1_hz	10.0
export_step_dac0_f2_hz	10.0
export_step_dac1_f1_hz	8.0
export_step_dac1_f2_hz	8.0
export_step_duration_s	3.0
export_step_records	1500

# DATA
record_elapsed_s	lsl_timestamp	app_timestamp	stim_step_index	stim_dac0_f1_hz	stim_dac0_f2_hz	stim_dac1_f1_hz	stim_dac1_f2_hz	lsl_stream_name	lsl_stream_type	lsl_source_id	lsl_nominal_srate_hz	lsl_effective_srate_hz	bandpass_enabled	bandpass_low_hz	bandpass_high_hz	bandpass_order	notch_enabled	notch_hz	notch_q	raw_ch_1	filtered_ch_1	raw_ch_2	filtered_ch_2	raw_ch_3	filtered_ch_3	raw_ch_4	filtered_ch_4	raw_ch_5	filtered_ch_5	raw_ch_6	filtered_ch_6	raw_ch_7	filtered_ch_7	raw_ch_8	filtered_ch_8	raw_ch_9	filtered_ch_9	raw_ch_10	filtered_ch_10
0.06005239486694336	1781093598.0	1781093598.809926	1	10.0	10.0	8.0	8.0	NeuronSpectrum 10.06.2026 14:49:30	EEG	checkup_149_10.06.2026 14:49:30	500.0	499.6666666666667	True	0.5	40.0	4	True	50.0	30.0	1254.046875	78.60026277166125	928.6442260742188	16.872212596107868	-624.3435668945312	-71.641074445224	-944.5612182617188	-56.379937117290325	-262.724365234375	-0.8104393346917239	60.01227951049805	42.52032308905545	26.7803955078125	0.23918524642058003	-58.04018783569336	0.07754039534761986	0.0	0.0	0.0	0.0
0.0600583553314209	1781093598.0	1781093598.809932	1	10.0	10.0	8.0	8.0	NeuronSpectrum 10.06.2026 14:49:30	EEG	checkup_149_10.06.2026 14:49:30	500.0	499.6666666666667	True	0.5	40.0	4	True	50.0	30.0	1253.159912109375	83.18122218761343	927.3697509765625	17.279471339525845	-626.7322387695312	-80.6615007198718	-944.5491943359375	-64.55329630604461	-263.1294250488281	-4.3297403144514055	57.67155456542969	37.88169186908201	22.523643493652344	-8.049939182624556	-58.4922981262207	-0.7977560806103805	0.0	0.0	0.0	0.0
0.060060977935791016	1781093598.0	1781093598.8099346	1	10.0	10.0	8.0	8.0	NeuronSpectrum 10.06.2026 14:49:30	EEG	checkup_149_10.06.2026 14:49:30	500.0	499.6666666666667	True	0.5	40.0	4	True	50.0	30.0	1261.73095703125	88.43232040594849	931.930908203125	18.34645861877429	-636.427734375	-89.83017588955535	-953.9425048828125	-73.10919726223024	-266.1271057128906	-7.982491712470553	54.25265121459961	33.470529120980586	15.64074993133545	-16.01173471357958	-59.44582748413086	-1.6343515477088417	0.0	0.0	0.0	0.0
0.06006360054016113	1781093598.0	1781093598.8099372	1	10.0	10.0	8.0	8.0	NeuronSpectrum 10.06.2026 14:49:30	EEG	checkup_149_10.06.2026 14:49:30	500.0	499.6666666666667	True	0.5	40.0	4	True	50.0	30.0	1277.8040771484375	94.13757512377128	941.421875	20.127209795879768	-651.7750244140625	-98.74608728631293	-970.5035400390625	-81.52813959522422	-271.1574401855469	-11.624260805758505	50.444087982177734	29.599201599908074	7.499959945678711	-23.03005938025958	-60.655181884765625	-2.3459864665812677	0.0	0.0	0.0	0.0
0.060065507888793945	1781093598.0	1781093598.8099391	1	10.0	10.0	8.0	8.0	NeuronSpectrum 10.06.2026 14:49:30	EEG	checkup_149_10.06.2026 14:49:30	500.0	499.6666666666667	True	0.5	40.0	4	True	50.0	30.0	1288.716552734375	99.66067381506835	946.9310913085938	22.384415303668597	-664.9546508789062	-106.71484803727459	-983.6065673828125	-88.856954052017	-276.14862060546875	-14.942383829510677	46.30801773071289	26.624018407046275	-0.06795074045658112	-28.459565980170996	-61.4368896484375	-2.8367182444969674	0.0	0.0	0.0	0.0
0.06006789207458496	1781093598.0	1781093598.8099415	1	10.0	10.0	8.0	8.0	NeuronSpectrum 10.06.2026 14:49:30	EEG	checkup_149_10.06.2026 14:49:30	500.0	499.6666666666667	True	0.5	40.0	4	True	50.0	30.0	1277.8995361328125	103.91474209521519	936.5977172851562	24.543179511958453	-665.7846069335938	-112.75356986654909	-979.5513305664062	-93.73329296196053	-278.4188232421875	-17.467649525742882	41.61466598510742	24.908658645417777	-5.283114433288574	-31.712272725515408	-60.97968292236328	-3.0084097988844327	0.0	0.0	0.0	0.0
0.06006956100463867	1781093598.0	1781093598.8099432	1	10.0	10.0	8.0	8.0	NeuronSpectrum 10.06.2026 14:49:30	EEG	checkup_149_10.06.2026 14:49:30	500.0	499.6666666666667	True	0.5	40.0	4	True	50.0	30.0	1241.188720703125	105.40811864984364	907.8549194335938	25.682387349372885	-650.7658081054688	-115.67575814512985	-954.0919799804688	-94.5176985310423	-276.7657470703125	-18.63664305342561	36.858089447021484	24.75663516430337	-7.0888991355896	-32.360247328458456	-59.07680892944336	-2.7717826840072473	0.0	0.0	0.0	0.0
0.06007122993469238	1781093598.0	1781093598.8099449	1	10.0	10.0	8.0	8.0	NeuronSpectrum 10.06.2026 14:49:30	EEG	checkup_149_10.06.2026 14:49:30	500.0	499.6666666666667	True	0.5	40.0	4	True	50.0	30.0	1199.9471435546875	102.41145814865308	877.2432861328125	24.60784597094629	-630.490966796875	-114.26735758512085	-922.5402221679688	-89.54303608429645	-273.17236328125	-17.8969600182284	34.06917953491211	26.332405825646195	-5.595991611480713	-30.227442972888	-56.713905334472656	-2.0610624483694773	0.0	0.0	0.0	0.0
0.060072898864746094	1781093598.0	1781093598.8099465	1	10.0	10.0	8.0	8.0	NeuronSpectrum 10.06.2026 14:49:30	EEG	checkup_149_10.06.2026 14:49:30	500.0	499.6666666666667	True	0.5	40.0	4	True	50.0	30.0	1194.4805908203125	93.31210122961417	875.3236083984375	20.07089995953821	-626.395751953125	-107.5675178304308	-914.9180908203125	-77.49851720958216	-272.0901794433594	-14.842829971701079	36.280609130859375	29.598501115874587	-1.8661810159683228	-25.44807885549855	-55.76491165161133	-0.8531084852115581	0.0	0.0	0.0	0.0
0.060074567794799805	1781093598.0	1781093598.8099482	1	10.0	10.0	8.0	8.0	NeuronSpectrum 10.06.2026 14:49:30	EEG	checkup_149_10.06.2026 14:49:30	500.0	499.6666666666667	True	0.5	40.0	4	True	50.0	30.0	1253.3831787109375	77.18046310220637	923.44677734375	11.16499964142799	-654.3402709960938	-95.24323033095398	-952.8419799804688	-57.935569624167	-276.7629699707031	-9.361797797100671	45.35575866699219	34.29314211846573	3.020216703414917	-18.479400405208857	-57.59404754638672	0.8094386718408123	0.0	0.0	0.0	0.0
0.060076236724853516	1781093598.0	1781093598.8099499	1	10.0	10.0	8.0	8.0	NeuronSpectrum 10.06.2026 14:49:30	EEG	checkup_149_10.06.2026 14:49:30	500.0	499.6666666666667	True	0.5	40.0	4	True	50.0	30.0	1356.5499267578125	54.44397263881476	1005.8500366210938	-2.1684497651802976	-704.4752807617188	-77.98117810976235	-1021.5625	-31.793966475469418	-284.7702331542969	-1.7603993212701008	59.43648147583008	39.95851509774661	9.023207664489746	-10.06727003122148	-61.365230560302734	2.7963788205277234	0.0	0.0	0.0	0.0
0.06007814407348633	1781093598.0	1781093598.8099518	1	10.0	10.0	8.0	8.0	NeuronSpectrum 10.06.2026 14:49:30	EEG	checkup_149_10.06.2026 14:49:30	500.0	499.6666666666667	True	0.5	40.0	4	True	50.0	30.0	1423.0264892578125	27.392120328147918	1060.6602783203125	-18.729184754343766	-734.235595703125	-57.73561519216422	-1060.74951171875	-1.7300599848974332	-286.60247802734375	7.177420977304796	72.18861389160156	46.00927233179963	17.347911834716797	-1.1698888221760395	-63.475643157958984	4.881557474431307	0.0	0.0	0.0	0.0
0.06007957458496094	1781093598.0	1781093598.8099532	1	10.0	10.0	8.0	8.0	NeuronSpectrum 10.06.2026 14:49:30	EEG	checkup_149_10.06.2026 14:49:30	500.0	499.6666666666667	True	0.5	40.0	4	True	50.0	30.0	1343.7061767578125	0.14709397956738535	1004.8576049804688	-36.01999022300293	-685.4501342773438	-37.633539492831645	-989.1416625976562	28.02360281746247	-269.6792907714844	16.247168924217004	75.22295379638672	51.81468006195842	29.192991256713867	7.151788828718851	-59.028160095214844	6.762704750446643	0.0	0.0	0.0	0.0
0.06008172035217285	1781093598.0	1781093598.8099554	1	10.0	10.0	8.0	8.0	NeuronSpectrum 10.06.2026 14:49:30	EEG	checkup_149_10.06.2026 14:49:30	500.0	499.6666666666667	True	0.5	40.0	4	True	50.0	30.0	1046.547119140625	-22.132679475394127	783.7583618164062	-50.764920601163425	-519.2032470703125	-21.421111737209447	-753.6998291015625	52.424212358867855	-226.2386474609375	24.017813264134787	62.79325866699219	56.76735845627027	43.553855895996094	13.8655515486578	-44.78870391845703	8.117261936253435	0.0	0.0	0.0	0.0
0.06008338928222656	1781093598.0	1781093598.809957	1	10.0	10.0	8.0	8.0	NeuronSpectrum 10.06.2026 14:49:30	EEG	checkup_149_10.06.2026 14:49:30	500.0	499.6666666666667	True	0.5	40.0	4	True	50.0	30.0	552.5158081054688	-34.673589131448445	413.3149108886719	-59.888875624473464	-246.11846923828125	-12.547811967215736	-371.63238525390625	66.87365652899314	-159.94406127929688	29.129872741496765	35.808780670166016	60.32935740429204	55.69076919555664	18.10517441496013	-21.730539321899414	8.684184645612472	0.0	0.0	0.0	0.0
0.11118602752685547	1781093598.0	1781093598.8610597	1	10.0	10.0	8.0	8.0	NeuronSpectrum 10.06.2026 14:49:30	EEG	checkup_149_10.06.2026 14:49:30	500.0	499.6666666666667	True	0.5	40.0	4	True	50.0	30.0	1246.7196044921875	-34.57561815396473	935.6458740234375	-61.55379174254175	-625.563232421875	-13.215767504415895	-896.375244140625	68.50823218817919	-243.871826171875	30.6073042777226	85.29833221435547	62.0695091261531	45.04696273803711	19.29230738513773	-53.87873840332031	8.342749064963279	0.0	0.0	0.0	0.0
0.11119270324707031	1781093598.0	1781093598.8610663	1	10.0	10.0	8.0	8.0	NeuronSpectrum 10.06.2026 14:49:30	EEG	checkup_149_10.06.2026 14:49:30	500.0	499.6666666666667	True	0.5	40.0	4	True	50.0	30.0	1245.2220458984375	-21.695298058791735	930.485595703125	-55.75914877808793	-629.0692138671875	-23.786673762107228	-897.7564697265625	56.98277989681989	-244.52049255371094	28.076322442657634	83.728515625	61.71270405881576	43.05924606323242	17.221534300414962	-54.506778717041016	7.1547930228303445	0.0	0.0	0.0	0.0
0.11119508743286133	1781093598.0	1781093598.8610687	1	10.0	10.0	8.0	8.0	NeuronSpectrum 10.06.2026 14:49:30	EEG	checkup_149_10.06.2026 14:49:30	500.0	499.6666666666667	True	0.5	40.0	4	True	50.0	30.0	1253.1513671875	1.4217855372254198	929.7354125976562	-44.26000198273916	-641.2517700195312	-42.756180570571885	-910.864501953125	34.46635306015606	-250.10134887695312	21.82723174538793	78.65484619140625	59.2028481753764	37.4901237487793	12.093387069823393	-55.85941696166992	5.353376922457277	0.0	0.0	0.0	0.0
0.11119747161865234	1781093598.0	1781093598.861071	1	10.0	10.0	8.0	8.0	NeuronSpectrum 10.06.2026 14:49:30	EEG	checkup_149_10.06.2026 14:49:30	500.0	499.6666666666667	True	0.5	40.0	4	True	50.0	30.0	1268.6951904296875	30.382147008349843	932.7533569335938	-29.94331790990262	-660.2498779296875	-67.21320706111462	-933.0703735351562	4.974082710515782	-259.766845703125	12.726442884252114	70.79133605957031	54.754116120170224	28.98955726623535	4.489311856273073	-57.63921356201172	3.286714793165089	0.0	0.0	0.0	0.0
0.11119985580444336	1781093598.0	1781093598.8610735	1	10.0	10.0	8.0	8.0	NeuronSpectrum 10.06.2026 14:49:30	EEG	checkup_149_10.06.2026 14:49:30	500.0	499.6666666666667	True	0.5	40.0	4	True	50.0	30.0	1279.343017578125	60.07332063987526	931.4212036132812	-16.028790199436898	-677.5817260742188	-93.52145993777165	-952.955078125	-26.591762712393226	-270.48333740234375	2.0339789831172057	60.94491195678711	48.855906224500195	18.08875846862793	-4.709863594715334	-59.04043197631836	1.342387138970628	0.0	0.0	0.0	0.0
0.11120223999023438	1781093598.0	1781093598.8610759	1	10.0	10.0	8.0	8.0	NeuronSpectrum 10.06.2026 14:49:30	EEG	checkup_149_10.06.2026 14:49:30	500.0	499.6666666666667	True	0.5	40.0	4	True	50.0	30.0	1268.618408203125	85.64057745375973	914.8014526367188	-5.41795559012937	-682.3749389648438	-117.97321670310895	-955.916259765625	-55.34031549257908	-278.3298034667969	-8.812649501495208	49.99652862548828	42.21271209447125	5.396904945373535	-14.454107100919293	-59.10369873046875	-0.1237461727112397	0.0	0.0	0.0	0.0
0.11120438575744629	1781093598.0	1781093598.861078	1	10.0	10.0	8.0	8.0	NeuronSpectrum 10.06.2026 14:49:30	EEG	checkup_149_10.06.2026 14:49:30	500.0	499.6666666666667	True	0.5	40.0	4	True	50.0	30.0	1232.2978515625	103.11483008909649	880.6340942382812	-0.3262920048159874	-671.1947021484375	-137.28848227232126	-937.0963745117188	-77.05392576554443	-281.30914306640625	-18.407403294430885	39.24327087402344	35.62717942012616	-7.629202842712402	-23.686538714781275	-57.485660552978516	-0.8400100818613319	0.0	0.0	0.0	0.0
0.1112065315246582	1781093598.0	1781093598.8610802	1	10.0	10.0	8.0	8.0	NeuronSpectrum 10.06.2026 14:49:30	EEG	checkup_149_10.06.2026 14:49:30	500.0	499.6666666666667	True	0.5	40.0	4	True	50.0	30.0	1191.494873046875	109.73518432515819	844.6519775390625	-2.1495867480821764	-655.87939453125	-148.95846611598628	-911.767333984375	-88.61450672575656	-281.6441345214844	-25.559987832379132	30.67572021484375	29.856854714205355	-18.141834259033203	-31.51031841709565	-55.0728874206543	-0.65018878374165	0.0	0.0	0.0	0.0
0.11120796203613281	1781093598.0	1781093598.8610816	1	10.0	10.0	8.0	8.0	NeuronSpectrum 10.06.2026 14:49:30	EEG	checkup_149_10.06.2026 14:49:30	500.0	499.6666666666667	True	0.5	40.0	4	True	50.0	30.0	1186.173828125	104.14154672554956	835.9104614257812	-11.416849464388594	-659.6074829101562	-151.50362593515666	-910.4190673828125	-88.29706962295901	-284.96307373046875	-29.452521581180243	26.562223434448242	25.4845396615872	-22.665565490722656	-37.32397565435062	-53.70540237426758	0.4715914395817629	0.0	0.0	0.0	0.0
0.11121082305908203	1781093598.0	1781093598.8610845	1	10.0	10.0	8.0	8.0	NeuronSpectrum 10.06.2026 14:49:30	EEG	checkup_149_10.06.2026 14:49:30	500.0	499.6666666666667	True	0.5	40.0	4	True	50.0	30.0	1244.725341796875	86.5989121365988	874.9520874023438	-27.694139941086192	-698.711181640625	-144.7108466799638	-955.1990356445312	-76.02915749784758	-295.6688232421875	-29.766330586530746	28.153614044189453	22.83698621974133	-19.404199600219727	-40.890925360073254	-54.814292907714844	2.4161616593357174	0.0	0.0	0.0	0.0
0.11121249198913574	1781093598.0	1781093598.8610861	1	10.0	10.0	8.0	8.0	NeuronSpectrum 10.06.2026 14:49:30	EEG	checkup_149_10.06.2026 14:49:30	500.0	499.6666666666667	True	0.5	40.0	4	True	50.0	30.0	1347.2095947265625	59.26405494004679	947.4013061523438	-49.41894665312879	-760.8787841796875	-129.8346646560926	-1031.3699951171875	-53.610513660108815	-311.1937255859375	-26.762895826313695	34.19966506958008	21.969125818480233	-10.745684623718262	-42.32519354798721	-57.7548828125	4.943141374449585	0.0	0.0	0.0	0.0
0.11121439933776855	1781093598.0	1781093598.861088	1	10.0	10.0	8.0	8.0	NeuronSpectrum 10.06.2026 14:49:30	EEG	checkup_149_10.06.2026 14:49:30	500.0	499.6666666666667	True	0.5	40.0	4	True	50.0	30.0	1413.2486572265625	26.29565787200433	995.2286376953125	-73.80463444829387	-798.2550048828125	-109.63737277151428	-1077.77490234375	-24.74024263882968	-319.9317626953125	-21.28381697379478	40.53202438354492	22.707535582492444	-3.6452159881591797	-42.00233383482634	-59.2147331237793	7.699131607258208	0.0	0.0	0.0	0.0
0.11121606826782227	1781093598.0	1781093598.8610897	1	10.0	10.0	8.0	8.0	NeuronSpectrum 10.06.2026 14:49:30	EEG	checkup_149_10.06.2026 14:49:30	500.0	499.6666666666667	True	0.5	40.0	4	True	50.0	30.0	1334.476318359375	-6.511943484109348	940.0282592773438	-97.05055851240068	-747.14990234375	-88.08670679216031	-1011.713623046875	5.38033480442378	-305.967041015625	-14.629053913497444	41.54325866699219	24.727299793358544	-6.447553634643555	-40.43001254332048	-54.5919303894043	10.260304111440485	0.0	0.0	0.0	0.0
0.11121773719787598	1781093598.0	1781093598.8610914	1	10.0	10.0	8.0	8.0	NeuronSpectrum 10.06.2026 14:49:30	EEG	checkup_149_10.06.2026 14:49:30	500.0	499.6666666666667	True	0.5	40.0	4	True	50.0	30.0	1039.32373046875	-32.77650963766122	729.6104736328125	-115.01823675023117	-566.7654418945312	-69.61128688692683	-778.7935791015625	31.001765848167395	-258.8051452636719	-8.30001304707121	33.07746124267578	27.630460768411947	-23.286306381225586	-38.122209336475784	-40.82049560546875	12.204020527041353	0.0	0.0	0.0	0.0
0.11121940612792969	1781093598.0	1781093598.861093	1	10.0	10.0	8.0	8.0	NeuronSpectrum 10.06.2026 14:49:30	EEG	checkup_149_10.06.2026 14:49:30	500.0	499.6666666666667	True	0.5	40.0	4	True	50.0	30.0	548.6227416992188	-47.095204139854935	378.12664794921875	-124.2740087944062	-271.9296569824219	-58.03971893199678	-395.7044677734375	47.18207029135081	-181.81008911132812	-3.654913461149204	15.00751781463623	31.00503412214879	-49.64892578125	-35.50822632587469	-18.819232940673828	13.198341905133573	0.0	0.0	0.0	0.0
0.1112213134765625	1781093598.0	1781093598.861095	1	10.0	10.0	8.0	8.0	NeuronSpectrum 10.06.2026 14:49:30	EEG	checkup_149_10.06.2026 14:49:30	500.0	499.6666666666667	True	0.5	40.0	4	True	50.0	30.0	1239.6221923828125	-46.56170594011911	875.9537963867188	-123.10537389102171	-681.9422607421875	-55.591280778957625	-925.9342651367188	51.07577256034215	-285.518798828125	-1.5854951360570995	46.41353988647461	34.46298365983117	-0.789473295211792	-32.883047781099826	-49.637184143066406	13.081322598404544	0.0	0.0	0.0	0.0
0.11122298240661621	1781093598.0	1781093598.8610966	1	10.0	10.0	8.0	8.0	NeuronSpectrum 10.06.2026 14:49:30	EEG	checkup_149_10.06.2026 14:49:30	500.0	499.6666666666667	True	0.5	40.0	4	True	50.0	30.0	1239.0723876953125	-31.558439459469135	876.00390625	-112.03912590176915	-680.1505737304688	-62.34029613872106	-923.7594604492188	42.615599382906915	-284.9644470214844	-2.334761090076855	47.51865768432617	37.66801202098866	-1.0167135000228882	-30.389860792070042	-50.28114700317383	11.898779022183438	0.0	0.0	0.0	0.0
0.11122488975524902	1781093598.0	1781093598.8610985	1	10.0	10.0	8.0	8.0	NeuronSpectrum 10.06.2026 14:49:30	EEG	checkup_149_10.06.2026 14:49:30	500.0	499.6666666666667	True	0.5	40.0	4	True	50.0	30.0	1247.781982421875	-5.496929017427112	881.6828002929688	-93.63336215228544	-685.0043334960938	-76.35664831031887	-929.6387329101562	24.32683056667993	-286.6920166015625	-5.513756250667942	48.0882568359375	40.360586192157804	-2.9608147144317627	-28.028792370312576	-51.64844512939453	9.88616045309432	0.0	0.0	0.0	0.0
0.11122655868530273	1781093598.0	1781093598.8611002	1	10.0	10.0	8.0	8.0	NeuronSpectrum 10.06.2026 14:49:30	EEG	checkup_149_10.06.2026 14:49:30	500.0	499.6666666666667	True	0.5	40.0	4	True	50.0	30.0	1263.7291259765625	26.276784857615418	891.6029663085938	-71.69967202227826	-695.175048828125	-94.38841952639493	-941.79345703125	0.4472996396605802	-290.114501953125	-10.282616519671707	48.27774429321289	42.3759631611481	-5.323144912719727	-25.69495580501932	-53.50868225097656	7.405652591655793	0.0	0.0	0.0	0.0
0.11122894287109375	1781093598.0	1781093598.8611026	1	10.0	10.0	8.0	8.0	NeuronSpectrum 10.06.2026 14:49:30	EEG	checkup_149_10.06.2026 14:49:30	500.0	499.6666666666667	True	0.5	40.0	4	True	50.0	30.0	1274.3447265625	57.86688000785379	897.1136474609375	-50.341312706351715	-702.951904296875	-112.74813349976169	-950.2919921875	-24.210415162139935	-292.8237609863281	-15.602669333228649	47.87823486328125	43.6458381653517	-6.3672075271606445	-23.24484269241484	-55.147254943847656	4.865260557730936	0.0	0.0	0.0	0.0
0.11123085021972656	1781093598.0	1781093598.8611045	1	10.0	10.0	8.0	8.0	NeuronSpectrum 10.06.2026 14:49:30	EEG	checkup_149_10.06.2026 14:49:30	500.0	499.6666666666667	True	0.5	40.0	4	True	50.0	30.0	1263.2515869140625	83.9980747679868	887.0350341796875	-33.159810611455526	-698.2045288085938	-128.0832118992702	-942.2857666015625	-45.24392716122614	-291.8181457519531	-20.467749037922562	46.533443450927734	44.18031010699165	-4.641152381896973	-20.573421507926533	-55.687686920166016	2.6454522479982296	0.0	0.0	0.0	0.0
0.11123275756835938	1781093598.0	1781093598.8611064	1	10.0	10.0	8.0	8.0	NeuronSpectrum 10.06.2026 14:49:30	EEG	checkup_149_10.06.2026 14:49:30	500.0	499.6666666666667	True	0.5	40.0	4	True	50.0	30.0	1226.3790283203125	100.72386420692321	858.98583984375	-22.795872750966826	-677.8111572265625	-137.86368185494428	-914.494140625	-59.28173590358447	-286.3048095703125	-24.062299338407254	44.312171936035156	44.037159958219405	0.06042119488120079	-17.672254157514896	-54.83515548706055	1.0476125030186454	0.0	0.0	0.0	0.0
0.11123466491699219	1781093598.0	1781093598.8611083	1	10.0	10.0	8.0	8.0	NeuronSpectrum 10.06.2026 14:49:30	EEG	checkup_149_10.06.2026 14:49:30	500.0	499.6666666666667	True	0.5	40.0	4	True	50.0	30.0	1184.9134521484375	105.69647898074994	828.4117431640625	-20.77640290724398	-653.357421875	-140.58511457763979	-883.2379760742188	-64.24409036165018	-279.92340087890625	-25.839968540596615	42.137062072753906	43.292029567395566	6.146271705627441	-14.6439870736379	-53.47279357910156	0.26603934241432337	0.0	0.0	0.0	0.0
0.1112363338470459	1781093598.0	1781093598.86111	1	10.0	10.0	8.0	8.0	NeuronSpectrum 10.06.2026 14:49:30	EEG	checkup_149_10.06.2026 14:49:30	500.0	499.6666666666667	True	0.5	40.0	4	True	50.0	30.0	1178.781982421875	98.19432245981106	823.7857666015625	-27.51945636993882	-647.6912841796875	-135.7939616544243	-879.3873291015625	-59.39006376519065	-279.59759521484375	-25.54956829362503	41.462974548339844	42.02284656382071	10.8171968460083	-11.668148667597398	-53.37360382080078	0.37670670609916623	0.0	0.0	0.0	0.0
0.11123824119567871	1781093598.0	1781093598.8611119	1	10.0	10.0	8.0	8.0	NeuronSpectrum 10.06.2026 14:49:30	EEG	checkup_149_10.06.2026 14:49:30	500.0	499.6666666666667	True	0.5	40.0	4	True	50.0	30.0	1236.3643798828125	79.12387703447266	865.0053100585938	-42.33871459102124	-677.7172241210938	-124.06480980701444	-924.8798828125	-45.321732660169076	-290.2886047363281	-23.24441924217502	43.10276412963867	40.31500525198141	11.87256145477295	-8.935311935024908	-55.83397674560547	1.3340179384800273	0.0	0.0	0.0	0.0
0.11123991012573242	1781093598.0	1781093598.8611135	1	10.0	10.0	8.0	8.0	NeuronSpectrum 10.06.2026 14:49:30	EEG	checkup_149_10.06.2026 14:49:30	500.0	499.6666666666667	True	0.5	40.0	4	True	50.0	30.0	1337.941650390625	51.07975485938435	937.5067138671875	-63.38962756392402	-733.294921875	-106.99057866045462	-1004.381103515625	-24.01877418980232	-308.6731872558594	-19.293022625254633	45.936309814453125	38.282622517935714	9.719104766845703	-6.579207007862663	-60.020172119140625	2.971684226604211	0.0	0.0	0.0	0.0
0.11124181747436523	1781093598.0	1781093598.8611155	1	10.0	10.0	8.0	8.0	NeuronSpectrum 10.06.2026 14:49:30	EEG	checkup_149_10.06.2026 14:49:30	500.0	499.6666666666667	True	0.5	40.0	4	True	50.0	30.0	1403.6634521484375	18.33034583748973	983.973876953125	-87.6579026361452	-769.8253173828125	-87.1265668326016	-1055.9512939453125	1.189213045511744	-321.0456848144531	-14.374134919325126	46.67683792114258	36.090236903365536	7.914172649383545	-4.633681183741315	-62.41608810424805	5.012663093371909	0.0	0.0	0.0	0.0
0.11124324798583984	1781093598.0	1781093598.861117	1	10.0	10.0	8.0	8.0	NeuronSpectrum 10.06.2026 14:49:30	EEG	checkup_149_10.06.2026 14:49:30	500.0	499.6666666666667	True	0.5	40.0	4	True	50.0	30.0	1325.7960205078125	-13.553365072826358	927.5779418945312	-111.19982752444072	-726.0274658203125	-67.74190732050826	-996.0540161132812	25.924091846916298	-308.8507385253906	-9.41270219189277	41.337520599365234	33.95500917557802	11.187923431396484	-3.027074011190247	-58.26288986206055	7.099198534891511	0.0	0.0	0.0	0.0
0.11124515533447266	1781093598.0	1781093598.8611188	1	10.0	10.0	8.0	8.0	NeuronSpectrum 10.06.2026 14:49:30	EEG	checkup_149_10.06.2026 14:49:30	500.0	499.6666666666667	True	0.5	40.0	4	True	50.0	30.0	1033.1002197265625	-38.63545739734387	717.9337158203125	-129.79125966511623	-560.3369140625	-52.267395334962174	-769.4923706054688	45.4944998656081	-259.7626037597656	-5.422285075124964	27.759418487548828	32.116973393450216	21.674747467041016	-1.6104675223726082	-44.44221115112305	8.850417662337637	0.0	0.0	0.0	0.0
0.11124658584594727	1781093598.0	1781093598.8611202	1	10.0	10.0	8.0	8.0	NeuronSpectrum 10.06.2026 14:49:30	EEG	checkup_149_10.06.2026 14:49:30	500.0	499.6666666666667	True	0.5	40.0	4	True	50.0	30.0	546.0953979492188	-52.00207027354227	370.30755615234375	-139.90637097570678	-282.6865539550781	-43.5070471567922	-392.28179931640625	55.977501323522034	-177.21661376953125	-3.271650088372991	7.513141632080078	30.783240145400935	35.83079528808594	-0.2070918465029419	-21.947114944458008	9.94020254527751	0.0	0.0	0.0	0.0
0.16296005249023438	1781093598.0	1781093598.9128337	1	10.0	10.0	8.0	8.0	NeuronSpectrum 10.06.2026 14:49:30	EEG	checkup_149_10.06.2026 14:49:30	500.0	499.6666666666667	True	0.5	40.0	4	True	50.0	30.0	1232.042724609375	-51.09653132493674	857.5962524414062	-139.66991699633576	-674.8665161132812	-42.89292813478728	-924.5074462890625	55.26459638016134	-294.4711608886719	-3.456365862099847	33.05280303955078	30.07112857557521	11.509588241577148	1.3314152797112018	-52.55297088623047	10.170939211266349	0.0	0.0	0.0	0.0
0.1629657745361328	1781093598.0	1781093598.9128394	1	10.0	10.0	8.0	8.0	NeuronSpectrum 10.06.2026 14:49:30	EEG	checkup_149_10.06.2026 14:49:30	500.0	499.6666666666667	True	0.5	40.0	4	True	50.0	30.0	1231.462890625	-36.39428106188072	856.6581420898438	-129.34730492030164	-675.0025024414062	-50.12032552100228	-923.76318359375	43.60653264319519	-294.4432678222656	-5.974678547423847	32.123294830322266	29.980334335468417	12.916940689086914	3.076406802490828	-52.394927978515625	9.514211686524947	0.0	0.0	0.0	0.0
0.16296792030334473	1781093598.0	1781093598.9128416	1	10.0	10.0	8.0	8.0	NeuronSpectrum 10.06.2026 14:49:30	EEG	checkup_149_10.06.2026 14:49:30	500.0	499.6666666666667	True	0.5	40.0	4	True	50.0	30.0	1240.0401611328125	-11.129556675667141	863.30126953125	-111.16315087679277	-678.712158203125	-63.317962103653414	-929.9050903320312	23.43498475761217	-295.70208740234375	-10.355089667476237	32.206565856933594	30.40940778901708	17.195783615112305	4.997641429932195	-52.960330963134766	8.104287203587198	0.0	0.0	0.0	0.0
0.16296982765197754	1781093598.0	1781093598.9128435	1	10.0	10.0	8.0	8.0	NeuronSpectrum 10.06.2026 14:49:30	EEG	checkup_149_10.06.2026 14:49:30	500.0	499.6666666666667	True	0.5	40.0	4	True	50.0	30.0	1255.8536376953125	19.711192391951286	876.2282104492188	-88.59736617042705	-684.9024047851562	-79.62460514178694	-941.8336181640625	-1.3783127250416949	-298.13482666015625	-15.801738694823491	33.08881759643555	31.207699493321687	23.381689071655273	6.976222043067507	-54.18336868286133	6.1933108285991745	0.0	0.0	0.0	0.0
0.16297173500061035	1781093598.0	1781093598.9128454	1	10.0	10.0	8.0	8.0	NeuronSpectrum 10.06.2026 14:49:30	EEG	checkup_149_10.06.2026 14:49:30	500.0	499.6666666666667	True	0.5	40.0	4	True	50.0	30.0	1266.4755859375	50.62387419103163	886.2589721679688	-65.51626435742911	-687.1788330078125	-95.88351594123033	-950.4551391601562	-26.446506095222123	-299.87176513671875	-21.378693090657823	33.92362976074219	32.237738590029764	29.029006958007812	8.854500835732965	-55.457489013671875	4.090734944965256	0.0	0.0	0.0	0.0
0.16297340393066406	1781093598.0	1781093598.912847	1	10.0	10.0	8.0	8.0	NeuronSpectrum 10.06.2026 14:49:30	EEG	checkup_149_10.06.2026 14:49:30	500.0	499.6666666666667	True	0.5	40.0	4	True	50.0	30.0	1255.6392822265625	76.60450140217532	881.2264404296875	-45.455540999304304	-677.4064331054688	-109.2068417968715	-943.5643310546875	-47.6483046701091	-298.31719970703125	-26.16724642324169	33.65769958496094	33.422077019538186	31.370033264160156	10.502727294182181	-55.9373893737793	2.107481451647284	0.0	0.0	0.0	0.0
0.16297531127929688	1781093598.0	1781093598.912849	1	10.0	10.0	8.0	8.0	NeuronSpectrum 10.06.2026 14:49:30	EEG	checkup_149_10.06.2026 14:49:30	500.0	499.6666666666667	True	0.5	40.0	4	True	50.0	30.0	1219.2470703125	93.75924599555563	857.6989135742188	-31.19297502388774	-654.3408813476562	-117.31126465863353	-917.8424682617188	-61.629590190637884	-292.812744140625	-29.373000586005396	31.937942504882812	34.75849046220631	29.370166778564453	11.871291478769253	-55.29672622680664	0.5147307749408123	0.0	0.0	0.0	0.0
0.16297698020935059	1781093598.0	1781093598.9128506	1	10.0	10.0	8.0	8.0	NeuronSpectrum 10.06.2026 14:49:30	EEG	checkup_149_10.06.2026 14:49:30	500.0	499.6666666666667	True	0.5	40.0	4	True	50.0	30.0	1178.2572021484375	99.5639181092102	830.4788208007812	-24.572205075313605	-630.4180297851562	-118.66800354169759	-888.60546875	-66.07326907866701	-286.8251037597656	-30.397363144710337	29.852388381958008	36.301033961378735	25.250261306762695	13.004200121599121	-54.35891342163086	-0.4831113357074209	0.0	0.0	0.0	0.0
0.1629788875579834	1781093598.0	1781093598.9128525	1	10.0	10.0	8.0	8.0	NeuronSpectrum 10.06.2026 14:49:30	EEG	checkup_149_10.06.2026 14:49:30	500.0	499.6666666666667	True	0.5	40.0	4	True	50.0	30.0	1172.2459716796875	92.96745690773179	828.0996704101562	-26.439162536347933	-627.749755859375	-112.58405787235198	-885.0565185546875	-59.87729043076496	-286.8702697753906	-28.904160621338633	29.66429328918457	38.116913293465416	23.754413604736328	14.010030906922479	-54.83149337768555	-0.7673139949162415	0.0	0.0	0.0	0.0
0.1629807949066162	1781093598.0	1781093598.9128544	1	10.0	10.0	8.0	8.0	NeuronSpectrum 10.06.2026 14:49:30	EEG	checkup_149_10.06.2026 14:49:30	500.0	499.6666666666667	True	0.5	40.0	4	True	50.0	30.0	1229.3511962890625	74.52299119108474	871.1450805664062	-36.55767070677006	-661.1229248046875	-99.31697183894245	-927.7681274414062	-43.359551561890754	-297.4102478027344	-24.90198472341509	33.27851486206055	40.236591084032185	28.76753807067871	15.00797049176235	-57.92914962768555	-0.32099059519583567	0.0	0.0	0.0	0.0
0.16298270225524902	1781093598.0	1781093598.9128563	1	10.0	10.0	8.0	8.0	NeuronSpectrum 10.06.2026 14:49:30	EEG	checkup_149_10.06.2026 14:49:30	500.0	499.6666666666667	True	0.5	40.0	4	True	50.0	30.0	1329.9810791015625	46.57869112719371	945.9058837890625	-53.47617057808566	-717.9373779296875	-80.23025897642918	-1001.4818725585938	-18.48502745625992	-314.69366455078125	-18.830825347679188	40.26646041870117	42.61421583688867	39.224185943603516	16.075419857124974	-62.691375732421875	0.7584130591516839	0.0	0.0	0.0	0.0
0.16298437118530273	1781093598.0	1781093598.912858	1	10.0	10.0	8.0	8.0	NeuronSpectrum 10.06.2026 14:49:30	EEG	checkup_149_10.06.2026 14:49:30	500.0	499.6666666666667	True	0.5	40.0	4	True	50.0	30.0	1394.8621826171875	13.346837207109939	995.4862670898438	-74.46950825017338	-752.246826171875	-57.86914026190989	-1046.2628173828125	11.051886831604694	-324.79150390625	-11.60337290891802	46.99073791503906	45.10793395363266	47.69333267211914	17.215612956157788	-65.42768096923828	2.2597458695299295	0.0	0.0	0.0	0.0
0.16298627853393555	1781093598.0	1781093598.91286	1	10.0	10.0	8.0	8.0	NeuronSpectrum 10.06.2026 14:49:30	EEG	checkup_149_10.06.2026 14:49:30	500.0	499.6666666666667	True	0.5	40.0	4	True	50.0	30.0	1317.0618896484375	-19.459487704409685	942.660888671875	-95.773701664039	-703.6329345703125	-35.76299386399096	-981.7750244140625	40.14505395790456	-309.1997985839844	-4.533716974991951	47.92250442504883	47.48006825654772	43.86812973022461	18.3469931514544	-61.214805603027344	3.885358366798017	0.0	0.0	0.0	0.0
0.16298770904541016	1781093598.0	1781093598.9128613	1	10.0	10.0	8.0	8.0	NeuronSpectrum 10.06.2026 14:49:30	EEG	checkup_149_10.06.2026 14:49:30	500.0	499.6666666666667	True	0.5	40.0	4	True	50.0	30.0	1025.9215087890625	-45.62977278694619	735.929931640625	-113.26188792142918	-533.6332397460938	-17.825961952068244	-755.4990234375	63.153952695487355	-255.90460205078125	0.8861970040639866	38.729957580566406	49.41276046834543	21.681114196777344	19.306291181118713	-46.88077163696289	5.311565398279555	0.0	0.0	0.0	0.0
0.16298937797546387	1781093598.0	1781093598.912863	1	10.0	10.0	8.0	8.0	NeuronSpectrum 10.06.2026 14:49:30	EEG	checkup_149_10.06.2026 14:49:30	500.0	499.6666666666667	True	0.5	40.0	4	True	50.0	30.0	541.9288940429688	-59.95321345558566	389.2940979003906	-123.46126511825148	-256.28082275390625	-7.439240688604965	-383.9281005859375	75.2112348027353	-168.81825256347656	3.328383404583362	19.230207443237305	50.53881867051632	-14.605656623840332	19.863678460554592	-23.551063537597656	6.2711750438741705	0.0	0.0	0.0	0.0
0.16299104690551758	1781093598.0	1781093598.9128647	1	10.0	10.0	8.0	8.0	NeuronSpectrum 10.06.2026 14:49:30	EEG	checkup_149_10.06.2026 14:49:30	500.0	499.6666666666667	True	0.5	40.0	4	True	50.0	30.0	1222.964111328125	-59.66477670347775	880.93310546875	-124.53037450911096	-636.6200561523438	-6.536832479772485	-900.655517578125	73.51114796137533	-290.1142883300781	1.9752118731146568	52.57749557495117	50.49422044348813	46.2921028137207	19.762026091926305	-55.78647232055664	6.6282131287174	0.0	0.0	0.0	0.0
0.1629927158355713	1781093598.0	1781093598.9128664	1	10.0	10.0	8.0	8.0	NeuronSpectrum 10.06.2026 14:49:30	EEG	checkup_149_10.06.2026 14:49:30	500.0	499.6666666666667	True	0.5	40.0	4	True	50.0	30.0	1221.84130859375	-45.190372566915485	878.5087280273438	-116.74457825851356	-634.2618408203125	-15.085690540707706	-903.6325073242188	58.04109086800608	-293.2032775878906	-3.266418190645695	51.02435302734375	48.99588151730642	46.205204010009766	18.791212798718234	-55.69031524658203	6.411584800862685	0.0	0.0	0.0	0.0
0.1629946231842041	1781093598.0	1781093598.9128683	1	10.0	10.0	8.0	8.0	NeuronSpectrum 10.06.2026 14:49:30	EEG	checkup_149_10.06.2026 14:49:30	500.0	499.6666666666667	True	0.5	40.0	4	True	50.0	30.0	1229.7119140625	-19.878194697784956	880.185546875	-102.28004967232886	-640.5103759765625	-31.16444916016212	-918.1211547851562	31.477507778831452	-299.5451965332031	-11.758627363356869	46.44818878173828	45.931546975676454	42.75563049316406	16.883699711214625	-56.02278137207031	5.7929514557595585	0.0	0.0	0.0	0.0
0.1629962921142578	1781093598.0	1781093598.91287	1	10.0	10.0	8.0	8.0	NeuronSpectrum 10.06.2026 14:49:30	EEG	checkup_149_10.06.2026 14:49:30	500.0	499.6666666666667	True	0.5	40.0	4	True	50.0	30.0	1244.733642578125	11.06871868845776	885.1650390625	-84.46166895669263	-654.1946411132812	-51.542625679534055	-941.7765502929688	-1.6170384012143768	-308.3521728515625	-22.308585905336628	39.21072769165039	41.43050474334678	36.261234283447266	14.190095865888864	-56.51984786987305	5.02187428699227	0.0	0.0	0.0	0.0
0.16299796104431152	1781093598.0	1781093598.9128716	1	10.0	10.0	8.0	8.0	NeuronSpectrum 10.06.2026 14:49:30	EEG	checkup_149_10.06.2026 14:49:30	500.0	499.6666666666667	True	0.5	40.0	4	True	50.0	30.0	1254.677978515625	41.92838254245975	885.7208862304688	-66.85798723120864	-667.4478149414062	-72.47269009286391	-963.30322265625	-35.897043806232865	-316.69635009765625	-33.43565209802612	30.00847625732422	35.88180944158008	28.15174674987793	11.092036833981421	-56.448997497558594	4.348216003368014	0.0	0.0	0.0	0.0
0.16299986839294434	1781093598.0	1781093598.9128735	1	10.0	10.0	8.0	8.0	NeuronSpectrum 10.06.2026 14:49:30	EEG	checkup_149_10.06.2026 14:49:30	500.0	499.6666666666667	True	0.5	40.0	4	True	50.0	30.0	1243.5185546875	67.5786619857273	871.6696166992188	-52.56335122109343	-669.59326171875	-90.41625405513172	-968.0612182617188	-66.24952166751106	-320.8873291015625	-43.63627339326552	19.832014083862305	29.88440097718543	20.48357391357422	8.137615751087063	-54.99161911010742	3.9601941309063506	0.0	0.0	0.0	0.0
0.16300153732299805	1781093598.0	1781093598.9128752	1	10.0	10.0	8.0	8.0	NeuronSpectrum 10.06.2026 14:49:30	EEG	checkup_149_10.06.2026 14:49:30	500.0	499.6666666666667	True	0.5	40.0	4	True	50.0	30.0	1207.281494140625	84.16741477866478	841.4011840820312	-43.81538659799138	-656.2821044921875	-102.5520959381894	-951.0300903320312	-88.50912313295741	-319.5973815917969	-51.59153893294806	10.110395431518555	24.139403206486865	15.039490699768066	5.919763714555795	-52.046451568603516	3.9532107598553887	0.0	0.0	0.0	0.0
0.16300320625305176	1781093598.0	1781093598.9128768	1	10.0	10.0	8.0	8.0	NeuronSpectrum 10.06.2026 14:49:30	EEG	checkup_149_10.06.2026 14:49:30	500.0	499.6666666666667	True	0.5	40.0	4	True	50.0	30.0	1166.807861328125	89.36649630315486	810.711181640625	-41.90174113715809	-637.05859375	-107.0508184208538	-927.2510375976562	-99.85387862702844	-316.33319091796875	-56.30652158467441	2.7518177032470703	19.315651709196672	12.532724380493164	4.939027507872737	-48.843605041503906	4.329351838024256	0.0	0.0	0.0	0.0
0.16300487518310547	1781093598.0	1781093598.9128785	1	10.0	10.0	8.0	8.0	NeuronSpectrum 10.06.2026 14:49:30	EEG	checkup_149_10.06.2026 14:49:30	500.0	499.6666666666667	True	0.5	40.0	4	True	50.0	30.0	1161.3533935546875	82.40530637956367	807.9901123046875	-47.19463727028151	-632.47265625	-103.19070218798247	-926.9859619140625	-98.99082577787549	-318.1846618652344	-57.20052674019319	-0.3332803249359131	15.927853908084163	12.526179313659668	5.49299147893876	-47.58781814575195	5.0162903491080675	0.0	0.0	0.0	0.0
0.16300678253173828	1781093598.0	1781093598.9128804	1	10.0	10.0	8.0	8.0	NeuronSpectrum 10.06.2026 14:49:30	EEG	checkup_149_10.06.2026 14:49:30	500.0	499.6666666666667	True	0.5	40.0	4	True	50.0	30.0	1218.7645263671875	64.09377275097475	852.7738647460938	-59.149382583978	-658.2256469726562	-91.40674100430662	-972.2303466796875	-86.26421124240122	-330.0956115722656	-54.17293913370504	1.706969141960144	14.261000203280318	14.245018005371094	7.620524525563176	-49.931617736816406	5.890604149262146	0.0	0.0	0.0	0.0
0.163008451461792	1781093598.0	1781093598.912882	1	10.0	10.0	8.0	8.0	NeuronSpectrum 10.06.2026 14:49:30	EEG	checkup_149_10.06.2026 14:49:30	500.0	499.6666666666667	True	0.5	40.0	4	True	50.0	30.0	1319.480224609375	36.908532755558234	930.0606079101562	-76.21218200643855	-705.5028076171875	-73.3071378885981	-1048.2313232421875	-63.731300597114995	-348.0340576171875	-47.64878132650319	7.598848342895508	14.35720985945503	17.692968368530273	11.10943040003308	-55.13288497924805	6.795339980575442	0.0	0.0	0.0	0.0
0.1630101203918457	1781093598.0	1781093598.9128838	1	10.0	10.0	8.0	8.0	NeuronSpectrum 10.06.2026 14:49:30	EEG	checkup_149_10.06.2026 14:49:30	500.0	499.6666666666667	True	0.5	40.0	4	True	50.0	30.0	1384.6937255859375	5.001728458792896	982.1328735351562	-95.74813047370307	-733.8712768554688	-51.59308148087961	-1093.982177734375	-35.10262525755735	-356.8903503417969	-38.5737826701641	13.814350128173828	16.058654297186596	23.990108489990234	15.55888152002012	-59.39775466918945	7.552211708700314	0.0	0.0	0.0	0.0
0.16301178932189941	1781093598.0	1781093598.9128854	1	10.0	10.0	8.0	8.0	NeuronSpectrum 10.06.2026 14:49:30	EEG	checkup_149_10.06.2026 14:49:30	500.0	499.6666666666667	True	0.5	40.0	4	True	50.0	30.0	1308.1590576171875	-26.15344922985243	931.7693481445312	-114.21293907988992	-687.5087890625	-29.752533367816824	-1027.0823974609375	-5.345105497533399	-336.7560119628906	-28.307735307193475	15.924050331115723	19.081864573315137	34.214866638183594	20.476871397025366	-57.3894157409668	7.978051285484539	0.0	0.0	0.0	0.0
0.16301345825195312	1781093598.0	1781093598.912887	1	10.0	10.0	8.0	8.0	NeuronSpectrum 10.06.2026 14:49:30	EEG	checkup_149_10.06.2026 14:49:30	500.0	499.6666666666667	True	0.5	40.0	4	True	50.0	30.0	1019.6597900390625	-50.68963013696139	728.1018676757812	-127.73964375985794	-528.7373657226562	-11.445548573062647	-793.5281372070312	20.185206128990203	-275.1441650390625	-18.385408496741274	10.928215026855469	23.093054494400842	47.22184371948242	25.387491249776566	-45.34709548950195	7.915023764619515	0.0	0.0	0.0	0.0
0.16301488876342773	1781093598.0	1781093598.9128885	1	10.0	10.0	8.0	8.0	NeuronSpectrum 10.06.2026 14:49:30	EEG	checkup_149_10.06.2026 14:49:30	500.0	499.6666666666667	True	0.5	40.0	4	True	50.0	30.0	539.4805297851562	-63.726157139409835	385.78875732421875	-133.0730912704878	-267.3431701660156	0.32819116450009245	-410.3922119140625	36.95709106764825	-177.2480010986328	-10.180771519241304	-0.8534417152404785	27.76351271674768	58.098472595214844	29.921969007875322	-23.83894920349121	7.2721704660472	0.0	0.0	0.0	0.0
0.21388673782348633	1781093598.0	1781093598.9637604	1	10.0	10.0	8.0	8.0	NeuronSpectrum 10.06.2026 14:49:30	EEG	checkup_149_10.06.2026 14:49:30	500.0	499.6666666666667	True	0.5	40.0	4	True	50.0	30.0	1216.1827392578125	-62.703238491409955	874.5660400390625	-128.50267979459375	-631.9658203125	3.9931730335060553	-938.0277709960938	42.40818140574648	-302.5525207519531	-4.584310482936075	24.777938842773438	32.80153497450977	43.61698532104492	33.87209174884326	-57.95614242553711	6.060325843537483	0.0	0.0	0.0	0.0
0.21389245986938477	1781093598.0	1781093598.963766	1	10.0	10.0	8.0	8.0	NeuronSpectrum 10.06.2026 14:49:30	EEG	checkup_149_10.06.2026 14:49:30	500.0	499.6666666666667	True	0.5	40.0	4	True	50.0	30.0	1215.681640625	-48.06221450576758	876.6884765625	-114.35802950047106	-630.865234375	-0.23716505662543658	-933.3016967773438	36.53018756737379	-297.41571044921875	-1.8212873771878275	28.423723220825195	37.96959532615841	44.80070877075195	37.196574078287945	-58.85200881958008	4.398475844881872	0.0	0.0	0.0	0.0
0.21389460563659668	1781093598.0	1781093598.9637682	1	10.0	10.0	8.0	8.0	NeuronSpectrum 10.06.2026 14:49:30	EEG	checkup_149_10.06.2026 14:49:30	500.0	499.6666666666667	True	0.5	40.0	4	True	50.0	30.0	1224.1678466796875	-22.982830320880094	886.1914672851562	-92.85254791245644	-633.3243408203125	-10.541177783464715	-936.0916748046875	21.668027565203257	-294.2372741699219	-1.4734164036541246	32.20197677612305	43.09462238637546	46.95001983642578	39.987124092109646	-59.63483810424805	2.4840865801128937	0.0	0.0	0.0	0.0
0.2138965129852295	1781093598.0	1781093598.9637702	1	10.0	10.0	8.0	8.0	NeuronSpectrum 10.06.2026 14:49:30	EEG	checkup_149_10.06.2026 14:49:30	500.0	499.6666666666667	True	0.5	40.0	4	True	50.0	30.0	1239.7552490234375	7.611641285861888	901.8251953125	-67.4141485878258	-638.0118408203125	-24.084400891513063	-944.8400268554688	1.7070840017778783	-292.8519287109375	-2.6657478374828756	36.12971496582031	48.07077042030415	50.19915008544922	42.41244690250918	-60.34440612792969	0.5414491048819696	0.0	0.0	0.0	0.0
0.2138993740081787	1781093598.0	1781093598.963773	1	10.0	10.0	8.0	8.0	NeuronSpectrum 10.06.2026 14:49:30	EEG	checkup_149_10.06.2026 14:49:30	500.0	499.6666666666667	True	0.5	40.0	4	True	50.0	30.0	1250.21240234375	38.2804015213005	914.2977905273438	-41.85000945673365	-638.8069458007812	-37.740672619652756	-950.06884765625	-18.944762322901703	-291.271728515625	-4.320776182630431	39.713077545166016	52.849512129627115	53.32721710205078	44.65851151129323	-60.59325408935547	-1.2274918008368652	0.0	0.0	0.0	0.0
0.21390128135681152	1781093598.0	1781093598.963775	1	10.0	10.0	8.0	8.0	NeuronSpectrum 10.06.2026 14:49:30	EEG	checkup_149_10.06.2026 14:49:30	500.0	499.6666666666667	True	0.5	40.0	4	True	50.0	30.0	1239.542236328125	64.07856774109734	911.2794189453125	-19.653521743670524	-628.1155395507812	-48.685139040281236	-939.3868408203125	-36.217878829218215	-286.7160339355469	-5.389327368366238	42.26874923706055	57.41574315459813	54.588871002197266	46.87550909165934	-59.825103759765625	-2.671696515753863	0.0	0.0	0.0	0.0
0.21390318870544434	1781093598.0	1781093598.9637768	1	10.0	10.0	8.0	8.0	NeuronSpectrum 10.06.2026 14:49:30	EEG	checkup_149_10.06.2026 14:49:30	500.0	499.6666666666667	True	0.5	40.0	4	True	50.0	30.0	1203.761962890625	81.16488571678678	889.344970703125	-3.585679224202308	-604.8248901367188	-54.74768831787087	-909.5401611328125	-46.91978518598777	-278.18975830078125	-5.01254151949985	43.723392486572266	61.75648010896376	53.58612060546875	49.13576656810305	-58.04669189453125	-3.695530205689821	0.0	0.0	0.0	0.0
0.21390461921691895	1781093598.0	1781093598.9637783	1	10.0	10.0	8.0	8.0	NeuronSpectrum 10.06.2026 14:49:30	EEG	checkup_149_10.06.2026 14:49:30	500.0	499.6666666666667	True	0.5	40.0	4	True	50.0	30.0	1163.591796875	87.05734308727389	863.638427734375	4.510135347233194	-580.5331420898438	-54.555690595000726	-876.154052734375	-48.983122476776444	-268.63427734375	-2.613756375550193	45.25230026245117	65.83477978675367	52.700340270996094	51.408038809402655	-56.42475891113281	-4.248574315643351	0.0	0.0	0.0	0.0
0.21390652656555176	1781093598.0	1781093598.9637802	1	10.0	10.0	8.0	8.0	NeuronSpectrum 10.06.2026 14:49:30	EEG	checkup_149_10.06.2026 14:49:30	500.0	499.6666666666667	True	0.5	40.0	4	True	50.0	30.0	1158.074951171875	80.72918454337015	863.2695922851562	3.7974705980878625	-575.8114013671875	-47.574645633607616	-868.9486694335938	-41.565078045089834	-264.0472412109375	2.0551379387353976	48.927528381347656	69.58239484172152	56.2430305480957	53.55862117054189	-56.93935012817383	-4.31579825782518	0.0	0.0	0.0	0.0
0.21390819549560547	1781093598.0	1781093598.9637818	1	10.0	10.0	8.0	8.0	NeuronSpectrum 10.06.2026 14:49:30	EEG	checkup_149_10.06.2026 14:49:30	500.0	499.6666666666667	True	0.5	40.0	4	True	50.0	30.0	1214.9073486328125	62.72980629121882	909.2158203125	-5.431219846390251	-604.4813842773438	-34.15289352119268	-909.155029296875	-25.1385712066692	-268.8342590332031	8.886660333473392	56.15260696411133	72.91895382961535	66.92487335205078	55.38953761433558	-60.87693786621094	-3.920075229104087	0.0	0.0	0.0	0.0
0.21391010284423828	1781093598.0	1781093598.9637837	1	10.0	10.0	8.0	8.0	NeuronSpectrum 10.06.2026 14:49:30	EEG	checkup_149_10.06.2026 14:49:30	500.0	499.6666666666667	True	0.5	40.0	4	True	50.0	30.0	1314.6424560546875	35.366913174719436	987.4749145507812	-21.581752606891573	-655.0835571289062	-15.5966144531052	-982.1829223632812	-1.605921329546291	-280.09600830078125	17.404125217645493	65.77162170410156	75.79361651430756	81.78471374511719	56.711784202145616	-67.03760528564453	-3.1383222801966757	0.0	0.0	0.0	0.0
0.2139120101928711	1781093598.0	1781093598.9637856	1	10.0	10.0	8.0	8.0	NeuronSpectrum 10.06.2026 14:49:30	EEG	checkup_149_10.06.2026 14:49:30	500.0	499.6666666666667	True	0.5	40.0	4	True	50.0	30.0	1378.936767578125	2.7744450848051168	1039.9971923828125	-41.67282971780609	-685.3670043945312	5.813519588760133	-1028.5546875	25.692571137718367	-285.6727600097656	26.785327527296104	73.42835235595703	78.23131114617945	91.22394561767578	57.42995401203754	-71.19344329833984	-2.1190099739772568	0.0	0.0	0.0	0.0
0.2139139175415039	1781093598.0	1781093598.9637876	1	10.0	10.0	8.0	8.0	NeuronSpectrum 10.06.2026 14:49:30	EEG	checkup_149_10.06.2026 14:49:30	500.0	499.6666666666667	True	0.5	40.0	4	True	50.0	30.0	1302.19873046875	-29.439187862790206	987.9735107421875	-61.571748635689524	-639.693359375	27.02344208836923	-967.9190063476562	52.29864757402841	-269.0747375488281	35.96394952918448	73.2101058959961	80.35762079996326	83.39518737792969	57.59762208089442	-67.77688598632812	-1.0806437461109277	0.0	0.0	0.0	0.0
0.21391558647155762	1781093598.0	1781093598.9637892	1	10.0	10.0	8.0	8.0	NeuronSpectrum 10.06.2026 14:49:30	EEG	checkup_149_10.06.2026 14:49:30	500.0	499.6666666666667	True	0.5	40.0	4	True	50.0	30.0	1014.7083129882812	-55.169726341590994	778.7799682617188	-76.71042273200838	-482.6336669921875	44.73259568921249	-747.11181640625	73.43098064427514	-219.44334411621094	43.83038322187272	60.993629455566406	82.38206144824657	52.265846252441406	57.408209022605824	-53.167724609375	-0.275932684034421	0.0	0.0	0.0	0.0
0.21391749382019043	1781093598.0	1781093598.9637911	1	10.0	10.0	8.0	8.0	NeuronSpectrum 10.06.2026 14:49:30	EEG	checkup_149_10.06.2026 14:49:30	500.0	499.6666666666667	True	0.5	40.0	4	True	50.0	30.0	536.7643432617188	-69.28282957456105	426.5482177734375	-83.18097751586315	-227.13150024414062	56.17144473394108	-381.4516296386719	85.13639661673703	-140.12245178222656	49.49784875037144	37.40610885620117	84.54007007388194	4.064304351806641	57.11910291306513	-28.48410415649414	0.07438641920464517	0.0	0.0	0.0	0.0
0.21391916275024414	1781093598.0	1781093598.9637928	1	10.0	10.0	8.0	8.0	NeuronSpectrum 10.06.2026 14:49:30	EEG	checkup_149_10.06.2026 14:49:30	500.0	499.6666666666667	True	0.5	40.0	4	True	50.0	30.0	1208.436279296875	-69.03458730201223	931.3037719726562	-78.81498346961246	-577.8685302734375	59.847830114938795	-896.4661865234375	85.38225227121886	-247.41433715820312	52.54006066714381	74.62071990966797	87.01855516613107	73.9876937866211	56.94863060843241	-63.18647384643555	-0.1482549387740017	0.0	0.0	0.0	0.0
0.21392107009887695	1781093598.0	1781093598.9637947	1	10.0	10.0	8.0	8.0	NeuronSpectrum 10.06.2026 14:49:30	EEG	checkup_149_10.06.2026 14:49:30	500.0	499.6666666666667	True	0.5	40.0	4	True	50.0	30.0	1207.1097412109375	-54.80913304764922	934.666748046875	-63.76815285837705	-573.5941772460938	55.92698910563603	-896.6188354492188	74.6007294129171	-245.27931213378906	53.09614935453104	75.62953186035156	89.89995647906402	73.56388854980469	57.00189570788212	-62.9949951171875	-0.9198761581473409	0.0	0.0	0.0	0.0
0.21392250061035156	1781093598.0	1781093598.9637961	1	10.0	10.0	8.0	8.0	NeuronSpectrum 10.06.2026 14:49:30	EEG	checkup_149_10.06.2026 14:49:30	500.0	499.6666666666667	True	0.5	40.0	4	True	50.0	30.0	1214.858642578125	-29.864901828485113	945.1317749023438	-40.37359911446237	-574.5819702148438	46.08623302946556	-903.3953857421875	55.45509740027065	-244.23216247558594	51.798642427888275	77.08679962158203	93.14644420019722	72.38014221191406	57.2567457922341	-63.23072052001953	-2.0816521924229257	0.0	0.0	0.0	0.0
0.21392440795898438	1781093598.0	1781093598.963798	1	10.0	10.0	8.0	8.0	NeuronSpectrum 10.06.2026 14:49:30	EEG	checkup_149_10.06.2026 14:49:30	500.0	499.6666666666667	True	0.5	40.0	4	True	50.0	30.0	1229.876708984375	0.7015479242134086	961.5381469726562	-12.409592415028536	-580.0272216796875	32.95931482935313	-915.0396118164062	31.99986506656163	-243.78846740722656	49.56877466589388	79.26161193847656	96.62105802036214	70.494140625	57.599019846604996	-63.82931137084961	-3.3877173073782187	0.0	0.0	0.0	0.0
0.21392607688903809	1781093598.0	1781093598.9637997	1	10.0	10.0	8.0	8.0	NeuronSpectrum 10.06.2026 14:49:30	EEG	checkup_149_10.06.2026 14:49:30	500.0	499.6666666666667	True	0.5	40.0	4	True	50.0	30.0	1240.046875	31.256730915620146	974.6727905273438	15.842684125967887	-583.8236083984375	19.44721523138606	-922.18359375	8.645213514229448	-242.10708618164062	47.37444892209815	81.57185363769531	100.12666022680685	68.24492645263672	57.87426501198016	-64.16912078857422	-4.568649530204005	0.0	0.0	0.0	0.0
0.2139279842376709	1781093598.0	1781093598.9638016	1	10.0	10.0	8.0	8.0	NeuronSpectrum 10.06.2026 14:49:30	EEG	checkup_149_10.06.2026 14:49:30	500.0	499.6666666666667	True	0.5	40.0	4	True	50.0	30.0	1229.455810546875	56.72372647325738	972.2210693359375	40.40705107838113	-577.8133544921875	8.146177885842883	-912.881591796875	-10.700314382444166	-237.00277709960938	46.0363914858221	82.9488754272461	103.44427576856859	66.06844329833984	57.931254363174205	-63.40411376953125	-5.387325484340035	0.0	0.0	0.0	0.0
0.2139294147491455	1781093598.0	1781093598.963803	1	10.0	10.0	8.0	8.0	NeuronSpectrum 10.06.2026 14:49:30	EEG	checkup_149_10.06.2026 14:49:30	500.0	499.6666666666667	True	0.5	40.0	4	True	50.0	30.0	1194.046142578125	73.24403676611674	950.8560791015625	58.12315299991754	-559.6229248046875	1.0105060941611013	-884.527587890625	-23.131549733251795	-228.2689666748047	46.122737540665845	82.92121887207031	106.36248419119295	64.15946197509766	57.65184265593098	-61.27194595336914	-5.675197605119245	0.0	0.0	0.0	0.0
0.21393108367919922	1781093598.0	1781093598.9638047	1	10.0	10.0	8.0	8.0	NeuronSpectrum 10.06.2026 14:49:30	EEG	checkup_149_10.06.2026 14:49:30	500.0	499.6666666666667	True	0.5	40.0	4	True	50.0	30.0	1154.2275390625	78.44082540797203	926.0309448242188	66.88424484613144	-539.057861328125	-0.7688762340923497	-853.3338623046875	-26.920425643838765	-219.45445251464844	47.92497192957869	82.56735229492188	108.69960224120597	62.25687789916992	56.97283520600206	-58.76214599609375	-5.349024832425854	0.0	0.0	0.0	0.0
0.21393251419067383	1781093598.0	1781093598.9638062	1	10.0	10.0	8.0	8.0	NeuronSpectrum 10.06.2026 14:49:30	EEG	checkup_149_10.06.2026 14:49:30	500.0	499.6666666666667	True	0.5	40.0	4	True	50.0	30.0	1148.599609375	71.47341865910487	927.1776123046875	65.73802683601139	-535.1734619140625	3.2278204197487206	-849.27490234375	-21.516695672947154	-216.71322631835938	51.47812359808182	84.20915222167969	110.32557196180103	59.85554504394531	55.904717420169234	-57.83539962768555	-4.415538352138418	0.0	0.0	0.0	0.0
0.21393442153930664	1781093598.0	1781093598.963808	1	10.0	10.0	8.0	8.0	NeuronSpectrum 10.06.2026 14:49:30	EEG	checkup_149_10.06.2026 14:49:30	500.0	499.6666666666667	True	0.5	40.0	4	True	50.0	30.0	1204.588623046875	53.08386210728255	975.0453491210938	54.98976835627615	-561.836669921875	12.646264533680176	-893.375732421875	-7.54290002786383	-224.16607666015625	56.58395435798026	89.51361846923828	111.18875054879709	56.85211944580078	54.545282639609795	-59.963035583496094	-2.9723380942144333	0.0	0.0	0.0	0.0
0.21393609046936035	1781093598.0	1781093598.9638097	1	10.0	10.0	8.0	8.0	NeuronSpectrum 10.06.2026 14:49:30	EEG	checkup_149_10.06.2026 14:49:30	500.0	499.6666666666667	True	0.5	40.0	4	True	50.0	30.0	1302.991455078125	25.701056076770932	1054.3443603515625	36.341505711110045	-610.07177734375	26.31949920294539	-970.479248046875	13.153551319265643	-238.4673309326172	62.81791658162705	97.13780212402344	111.34431319046303	54.151519775390625	53.08077528341956	-64.32487487792969	-1.2074384314341828	0.0	0.0	0.0	0.0
0.21393823623657227	1781093598.0	1781093598.9638119	1	10.0	10.0	8.0	8.0	NeuronSpectrum 10.06.2026 14:49:30	EEG	checkup_149_10.06.2026 14:49:30	500.0	499.6666666666667	True	0.5	40.0	4	True	50.0	30.0	1366.3023681640625	-6.5419556442094775	1104.8416748046875	12.941971163887818	-641.9461669921875	42.26116158476854	-1020.4638671875	37.49406840238076	-247.193359375	69.53689407728557	101.95095825195312	110.96982392683181	53.505455017089844	51.767367552924696	-67.16846466064453	0.6093768838777269	0.0	0.0	0.0	0.0
0.21393966674804688	1781093598.0	1781093598.9638133	1	10.0	10.0	8.0	8.0	NeuronSpectrum 10.06.2026 14:49:30	EEG	checkup_149_10.06.2026 14:49:30	500.0	499.6666666666667	True	0.5	40.0	4	True	50.0	30.0	1290.016357421875	-38.16194084645653	1045.73779296875	-10.880084376563607	-605.6331787109375	57.83122958588991	-962.57470703125	61.42546846529368	-233.9324188232422	75.93108011404843	97.14274597167969	110.34807955776212	56.210289001464844	50.89125578236148	-63.31744384765625	2.1560080947926568	0.0	0.0	0.0	0.0
0.21394133567810059	1781093598.0	1781093598.963815	1	10.0	10.0	8.0	8.0	NeuronSpectrum 10.06.2026 14:49:30	EEG	checkup_149_10.06.2026 14:49:30	500.0	499.6666666666667	True	0.5	40.0	4	True	50.0	30.0	1005.107421875	-63.25555092575052	824.102783203125	-30.35737673534892	-466.0888366699219	70.17940639362558	-743.667236328125	80.60204671293718	-188.11373901367188	81.15487787768102	78.40653991699219	109.80607845346253	61.205055236816406	50.71281994744255	-49.27117156982422	3.1160744372411853	0.0	0.0	0.0	0.0
0.2139430046081543	1781093598.0	1781093598.9638166	1	10.0	10.0	8.0	8.0	NeuronSpectrum 10.06.2026 14:49:30	EEG	checkup_149_10.06.2026 14:49:30	500.0	499.6666666666667	True	0.5	40.0	4	True	50.0	30.0	531.6419067382812	-76.88428097928454	456.2817077636719	-41.39934231395722	-231.7801971435547	76.91176972429815	-379.46527099609375	91.40957340621962	-113.27410888671875	84.52314078896741	47.46358108520508	109.62246104227434	63.96269607543945	51.40562331161525	-25.908098220825195	3.2566921922388716	0.0	0.0	0.0	0.0
0.26512956619262695	1781093598.0	1781093599.0150032	1	10.0	10.0	8.0	8.0	NeuronSpectrum 10.06.2026 14:49:30	EEG	checkup_149_10.06.2026 14:49:30	500.0	499.6666666666667	True	0.5	40.0	4	True	50.0	30.0	1197.4998779296875	-76.41457936887255	971.9880981445312	-41.682850555629955	-562.8304443359375	76.73865190542695	-890.4315185546875	91.95807856101611	-214.12730407714844	85.7003619195247	93.30673217773438	109.94045839519109	55.663970947265625	53.003611933952435	-60.208370208740234	2.498569680633341	0.0	0.0	0.0	0.0
0.2651360034942627	1781093598.0	1781093599.0150096	1	10.0	10.0	8.0	8.0	NeuronSpectrum 10.06.2026 14:49:30	EEG	checkup_149_10.06.2026 14:49:30	500.0	499.6666666666667	True	0.5	40.0	4	True	50.0	30.0	1196.564453125	-62.20871709057873	970.7822875976562	-31.238269004002717	-563.3829345703125	69.80800667251582	-887.7449951171875	82.5880076918746	-213.78543090820312	84.79283767821296	93.009521484375	110.72790003255166	56.80454635620117	55.37051128799154	-61.18851089477539	0.9467359423001398	0.0	0.0	0.0	0.0
0.2651383876800537	1781093598.0	1781093599.015012	1	10.0	10.0	8.0	8.0	NeuronSpectrum 10.06.2026 14:49:30	EEG	checkup_149_10.06.2026 14:49:30	500.0	499.6666666666667	True	0.5	40.0	4	True	50.0	30.0	1204.769775390625	-37.377162758365756	977.2040405273438	-12.297048055629347	-568.234375	57.58246108119523	-891.6168212890625	65.67230182677842	-215.07568359375	82.30108731245556	92.62764739990234	111.80182006888924	59.449790954589844	58.20342910070681	-62.62461853027344	-1.132549513440067	0.0	0.0	0.0	0.0
0.2651405334472656	1781093598.0	1781093599.0150142	1	10.0	10.0	8.0	8.0	NeuronSpectrum 10.06.2026 14:49:30	EEG	checkup_149_10.06.2026 14:49:30	500.0	499.6666666666667	True	0.5	40.0	4	True	50.0	30.0	1220.335205078125	-6.798532387252687	989.9713134765625	11.445605155945923	-576.3515014648438	42.36235751804487	-900.8997802734375	44.87239068837556	-217.30484008789062	78.96561544074338	92.1128158569336	112.9003232038784	63.2495002746582	61.075493930376176	-64.2514419555664	-3.376765831622477	0.0	0.0	0.0	0.0
0.26514220237731934	1781093598.0	1781093599.0150158	1	10.0	10.0	8.0	8.0	NeuronSpectrum 10.06.2026 14:49:30	EEG	checkup_149_10.06.2026 14:49:30	500.0	499.6666666666667	True	0.5	40.0	4	True	50.0	30.0	1231.225341796875	24.098008262769632	999.683837890625	35.77177833471251	-581.5848388671875	26.699760862428917	-906.6571655273438	24.223532620729713	-218.21376037597656	75.58348716758316	90.94121551513672	113.76529017327552	66.65898895263672	63.51001596678986	-65.3431396484375	-5.406297444705857	0.0	0.0	0.0	0.0
0.26514434814453125	1781093598.0	1781093599.015018	1	10.0	10.0	8.0	8.0	NeuronSpectrum 10.06.2026 14:49:30	EEG	checkup_149_10.06.2026 14:49:30	500.0	499.6666666666667	True	0.5	40.0	4	True	50.0	30.0	1221.6141357421875	50.34724388285344	993.829345703125	56.74309050328499	-576.1092529296875	12.92090269735283	-897.022216796875	7.381097899524881	-215.16514587402344	72.86413069305601	88.4197769165039	114.20485551797769	67.65572357177734	65.06691084966157	-65.05205535888672	-6.892233010918953	0.0	0.0	0.0	0.0
0.26514625549316406	1781093598.0	1781093599.01502	1	10.0	10.0	8.0	8.0	NeuronSpectrum 10.06.2026 14:49:30	EEG	checkup_149_10.06.2026 14:49:30	500.0	499.6666666666667	True	0.5	40.0	4	True	50.0	30.0	1187.448486328125	68.064489201522	968.9223022460938	71.20929335452166	-558.4857177734375	2.850844733423467	-868.8516845703125	-2.828599548801847	-207.70321655273438	71.35301574370172	84.53318786621094	114.12305546195205	65.44256591796875	65.4186377936872	-63.164268493652344	-7.59975173324111	0.0	0.0	0.0	0.0
0.265209436416626	1781093598.0	1781093599.015083	1	10.0	10.0	8.0	8.0	NeuronSpectrum 10.06.2026 14:49:30	EEG	checkup_149_10.06.2026 14:49:30	500.0	499.6666666666667	True	0.5	40.0	4	True	50.0	30.0	1148.993896484375	74.71303219720866	940.373046875	77.05507636956528	-539.9782104492188	-2.289614458040576	-837.1153564453125	-4.5932814310472665	-199.50119018554688	71.41163061774438	80.66426086425781	113.52170206959748	61.83438491821289	64.40036213352006	-60.69123077392578	-7.407168869734746	0.0	0.0	0.0	0.0
0.2652134895324707	1781093598.0	1781093599.0150871	1	10.0	10.0	8.0	8.0	NeuronSpectrum 10.06.2026 14:49:30	EEG	checkup_149_10.06.2026 14:49:30	500.0	499.6666666666667	True	0.5	40.0	4	True	50.0	30.0	1144.58349609375	69.20957528591543	937.7825317382812	73.32276374566968	-540.9514770507812	-1.9159372215589534	-830.2853393554688	2.82127943796211	-197.18594360351562	73.21862947804775	79.2523422241211	112.48926464697546	60.624855041503906	62.032425047111616	-59.54875183105469	-6.309029050921657	0.0	0.0	0.0	0.0
0.2652158737182617	1781093598.0	1781093599.0150895	1	10.0	10.0	8.0	8.0	NeuronSpectrum 10.06.2026 14:49:30	EEG	checkup_149_10.06.2026 14:49:30	500.0	499.6666666666667	True	0.5	40.0	4	True	50.0	30.0	1201.3905029296875	52.04879331665207	982.3216552734375	60.34346513903833	-575.3446044921875	3.8612775091134646	-868.640869140625	18.990765282259822	-205.44384765625	76.75760921581538	82.0854263305664	111.1910894442023	64.48851013183594	58.52285675173093	-61.13477325439453	-4.4129131786651214	0.0	0.0	0.0	0.0
0.26521778106689453	1781093598.0	1781093599.0150914	1	10.0	10.0	8.0	8.0	NeuronSpectrum 10.06.2026 14:49:30	EEG	checkup_149_10.06.2026 14:49:30	500.0	499.6666666666667	True	0.5	40.0	4	True	50.0	30.0	1300.1455078125	25.483714150764193	1059.2657470703125	39.89789808251456	-632.2623291015625	14.128623573734124	-938.0781860351562	42.20640983920627	-221.2147216796875	81.78158401161645	88.16400909423828	109.86558101687122	71.29227447509766	54.2560809563336	-64.62520599365234	-1.933868747884703	0.0	0.0	0.0	0.0
0.26521992683410645	1781093598.0	1781093599.0150936	1	10.0	10.0	8.0	8.0	NeuronSpectrum 10.06.2026 14:49:30	EEG	checkup_149_10.06.2026 14:49:30	500.0	499.6666666666667	True	0.5	40.0	4	True	50.0	30.0	1363.552734375	-6.409469694523494	1108.81005859375	15.268564985962085	-670.3071899414062	27.102325566527348	-981.5098266601562	69.42982750563739	-231.81146240234375	87.7808993183893	92.89205169677734	108.81714672220932	73.118408203125	49.76233339133399	-66.41492462158203	0.8189862164228748	0.0	0.0	0.0	0.0
0.26522159576416016	1781093598.0	1781093599.0150952	1	10.0	10.0	8.0	8.0	NeuronSpectrum 10.06.2026 14:49:30	EEG	checkup_149_10.06.2026 14:49:30	500.0	499.6666666666667	True	0.5	40.0	4	True	50.0	30.0	1287.5101318359375	-38.08175791357113	1050.114501953125	-9.051363481967712	-634.4805297851562	40.260182195078784	-921.9959106445312	96.54996990400016	-220.0360870361328	94.006207681619	89.8043441772461	108.38796004267526	60.091941833496094	45.652231734275745	-61.612728118896484	3.475227699242224	0.0	0.0	0.0	0.0
0.26522350311279297	1781093598.0	1781093599.0150971	1	10.0	10.0	8.0	8.0	NeuronSpectrum 10.06.2026 14:49:30	EEG	checkup_149_10.06.2026 14:49:30	500.0	499.6666666666667	True	0.5	40.0	4	True	50.0	30.0	1003.3634033203125	-63.4801666426374	829.5819091796875	-28.148145454366585	-489.15924072265625	50.7862199678833	-708.8483276367188	119.0924608007086	-174.3559112548828	99.58663750846634	74.25109100341797	108.89601110001819	27.547130584716797	42.507299937331005	-47.01819610595703	5.662597048767201	0.0	0.0	0.0	0.0
0.2652249336242676	1781093598.0	1781093599.0150986	1	10.0	10.0	8.0	8.0	NeuronSpectrum 10.06.2026 14:49:30	EEG	checkup_149_10.06.2026 14:49:30	500.0	499.6666666666667	True	0.5	40.0	4	True	50.0	30.0	531.2929077148438	-77.49700555524105	462.4508972167969	-37.86256007883121	-245.96200561523438	56.26659715494095	-357.1192932128906	133.27950573724678	-97.66465759277344	103.73071365690971	46.74305725097656	110.54785140382062	-18.254770278930664	40.74429362004277	-23.66557502746582	7.084884027238218	0.0	0.0	0.0	0.0
0.2652270793914795	1781093598.0	1781093599.0151007	1	10.0	10.0	8.0	8.0	NeuronSpectrum 10.06.2026 14:49:30	EEG	checkup_149_10.06.2026 14:49:30	500.0	499.6666666666667	True	0.5	40.0	4	True	50.0	30.0	1194.2550048828125	-77.37486408068926	980.86474609375	-35.931724747642136	-591.3803100585938	55.37524930357372	-844.8126220703125	137.05368892046187	-201.542236328125	105.93500666316127	89.26241302490234	113.35859681879661	50.85260772705078	40.50159820175815	-54.967281341552734	7.592270325982268	0.0	0.0	0.0	0.0
0.2652287483215332	1781093598.0	1781093599.0151024	1	10.0	10.0	8.0	8.0	NeuronSpectrum 10.06.2026 14:49:30	EEG	checkup_149_10.06.2026 14:49:30	500.0	499.6666666666667	True	0.5	40.0	4	True	50.0	30.0	1193.009033203125	-63.43896526656032	983.023681640625	-22.59726490699057	-590.0718994140625	48.232717055628775	-840.1712036132812	130.6040918367949	-197.94921875	106.10547512699317	91.98695373535156	117.11854106455327	52.00471878051758	41.59995032178009	-54.679351806640625	7.214107049037425	0.0	0.0	0.0	0.0
0.265230655670166	1781093598.0	1781093599.0151043	1	10.0	10.0	8.0	8.0	NeuronSpectrum 10.06.2026 14:49:30	EEG	checkup_149_10.06.2026 14:49:30	500.0	499.6666666666667	True	0.5	40.0	4	True	50.0	30.0	1200.912841796875	-38.853018851797415	993.2196655273438	-0.4333954763947787	-592.6927490234375	36.28652184832258	-841.8934326171875	116.17464455076579	-195.58201599121094	104.54310269933568	95.34427642822266	121.42553744925436	52.98909378051758	43.59593399339535	-55.05630874633789	6.140435071223487	0.0	0.0	0.0	0.0
0.26523256301879883	1781093598.0	1781093599.0151062	1	10.0	10.0	8.0	8.0	NeuronSpectrum 10.06.2026 14:49:30	EEG	checkup_149_10.06.2026 14:49:30	500.0	499.6666666666667	True	0.5	40.0	4	True	50.0	30.0	1216.10693359375	-8.604390252997812	1009.50537109375	26.4504179523637	-598.9957275390625	21.820244373771686	-848.9577026367188	97.31180124080947	-194.9699249267578	101.8213860832656	98.79579162597656	125.76962030858726	53.312400817871094	45.90076859381786	-55.93781661987305	4.663577449922525	0.0	0.0	0.0	0.0
0.26523447036743164	1781093598.0	1781093599.015108	1	10.0	10.0	8.0	8.0	NeuronSpectrum 10.06.2026 14:49:30	EEG	checkup_149_10.06.2026 14:49:30	500.0	499.6666666666667	True	0.5	40.0	4	True	50.0	30.0	1226.5247802734375	21.77218605668613	1021.776123046875	53.435141183894196	-603.5466918945312	7.348976900010205	-852.96240234375	77.93150344000996	-194.71812438964844	98.62759380682988	101.18219757080078	129.63568968008613	52.8514518737793	47.91525959116741	-56.64363479614258	3.106016617043296	0.0	0.0	0.0	0.0
0.26523613929748535	1781093598.0	1781093599.0151098	1	10.0	10.0	8.0	8.0	NeuronSpectrum 10.06.2026 14:49:30	EEG	checkup_149_10.06.2026 14:49:30	500.0	499.6666666666667	True	0.5	40.0	4	True	50.0	30.0	1216.3726806640625	47.26790712627787	1017.0703735351562	76.27792410824125	-598.742919921875	-4.870227027637782	-842.7423706054688	61.54938106651945	-192.40313720703125	95.63109929983798	101.2861557006836	132.59140841097502	51.75748825073242	49.14249130362419	-56.3116569519043	1.7586728200507202	0.0	0.0	0.0	0.0
0.26523804664611816	1781093598.0	1781093599.0151117	1	10.0	10.0	8.0	8.0	NeuronSpectrum 10.06.2026 14:49:30	EEG	checkup_149_10.06.2026 14:49:30	500.0	499.6666666666667	True	0.5	40.0	4	True	50.0	30.0	1181.63037109375	64.05124276320984	991.971435546875	91.67679581180248	-582.4338989257812	-13.113843004116257	-815.6204223632812	50.83325096227135	-187.2010040283203	93.40446261156558	98.92792510986328	134.34271925525547	50.09197235107422	49.2627570231055	-54.68286895751953	0.8416733778982217	0.0	0.0	0.0	0.0
0.2652394771575928	1781093598.0	1781093599.015113	1	10.0	10.0	8.0	8.0	NeuronSpectrum 10.06.2026 14:49:30	EEG	checkup_149_10.06.2026 14:49:30	500.0	499.6666666666667	True	0.5	40.0	4	True	50.0	30.0	1142.519287109375	69.73103771953082	962.499267578125	97.52908463583081	-564.2285766601562	-16.28296849702292	-786.4909057617188	47.44717240781466	-182.15489196777344	92.3865624448959	95.74393463134766	134.75672908732534	47.520015716552734	48.17080257330632	-52.73480987548828	0.48704487651885975	0.0	0.0	0.0	0.0
0.2652413845062256	1781093598.0	1781093599.015115	1	10.0	10.0	8.0	8.0	NeuronSpectrum 10.06.2026 14:49:30	EEG	checkup_149_10.06.2026 14:49:30	500.0	499.6666666666667	True	0.5	40.0	4	True	50.0	30.0	1137.2672119140625	63.41847054936451	959.0672607421875	93.01975226358995	-562.6785278320312	-13.91362044734408	-783.246337890625	52.04098802510763	-183.28341674804688	92.85772471139099	94.6139907836914	133.8635909689985	43.48606491088867	45.97953964537294	-52.38499069213867	0.7346919863831941	0.0	0.0	0.0	0.0
0.2652430534362793	1781093598.0	1781093599.0151167	1	10.0	10.0	8.0	8.0	NeuronSpectrum 10.06.2026 14:49:30	EEG	checkup_149_10.06.2026 14:49:30	500.0	499.6666666666667	True	0.5	40.0	4	True	50.0	30.0	1193.0296630859375	45.78419902239817	1003.2950439453125	78.68641130079875	-591.12744140625	-6.2086761668365025	-825.4938354492188	64.23182443316402	-194.7169189453125	94.90030904679094	97.54324340820312	131.85129201010565	37.96282196044922	42.99262768150954	-55.05295181274414	1.5318904168181684	0.0	0.0	0.0	0.0
0.26525306701660156	1781093598.0	1781093599.0151267	1	10.0	10.0	8.0	8.0	NeuronSpectrum 10.06.2026 14:49:30	EEG	checkup_149_10.06.2026 14:49:30	500.0	499.6666666666667	True	0.5	40.0	4	True	50.0	30.0	1290.7940673828125	19.17241122155787	1080.121826171875	56.50619734633699	-640.3709106445312	5.879489578202372	-898.884521484375	82.52431973149233	-212.73207092285156	98.34344295064159	103.2372055053711	129.05901623325133	32.242919921875	39.647606148115926	-59.90535354614258	2.73251120668607	0.0	0.0	0.0	0.0
0.2652549743652344	1781093598.0	1781093599.0151286	1	10.0	10.0	8.0	8.0	NeuronSpectrum 10.06.2026 14:49:30	EEG	checkup_149_10.06.2026 14:49:30	500.0	499.6666666666667	True	0.5	40.0	4	True	50.0	30.0	1353.83544921875	-12.373941865789636	1128.7244873046875	29.89056293873122	-672.6834716796875	20.594760422440547	-946.7343139648438	104.27199308410933	-223.82431030273438	102.72515939297276	106.41574096679688	125.96057491749426	28.861618041992188	36.4349723805635	-63.2455940246582	4.102014741718421	0.0	0.0	0.0	0.0
0.265256404876709	1781093598.0	1781093599.01513	1	10.0	10.0	8.0	8.0	NeuronSpectrum 10.06.2026 14:49:30	EEG	checkup_149_10.06.2026 14:49:30	500.0	499.6666666666667	True	0.5	40.0	4	True	50.0	30.0	1278.705810546875	-43.459718770212106	1067.24560546875	3.369605601658754	-636.742431640625	35.50131305509672	-892.8530883789062	125.88762737896049	-210.13426208496094	107.32529383071696	100.09368896484375	123.11945492667375	30.113574981689453	33.805207069217396	-59.9991569519043	5.340979598689316	0.0	0.0	0.0	0.0
0.2652583122253418	1781093598.0	1781093599.015132	1	10.0	10.0	8.0	8.0	NeuronSpectrum 10.06.2026 14:49:30	EEG	checkup_149_10.06.2026 14:49:30	500.0	499.6666666666667	True	0.5	40.0	4	True	50.0	30.0	997.071533203125	-68.25857044583215	841.9295043945312	-18.186052182601422	-497.96368408203125	47.89599971166034	-686.9942626953125	143.45676233869406	-160.18670654296875	111.30430982071762	79.90200805664062	121.10213650971393	35.723018646240234	32.080628035468486	-46.74086380004883	6.13627054871309	0.0	0.0	0.0	0.0
0.2652597427368164	1781093598.0	1781093599.0151334	1	10.0	10.0	8.0	8.0	NeuronSpectrum 10.06.2026 14:49:30	EEG	checkup_149_10.06.2026 14:49:30	500.0	499.6666666666667	True	0.5	40.0	4	True	50.0	30.0	528.7705078125	-81.88677764580257	469.1190185546875	-30.70006624704137	-264.9219665527344	55.45629926830158	-343.81927490234375	153.6752763417277	-78.01213073730469	113.92422684382556	47.640193939208984	120.35886332359847	41.29354476928711	31.38861949873514	-24.325611114501953	6.233434187851035	0.0	0.0	0.0	0.0
0.31684088706970215	1781093598.0	1781093599.0667145	1	10.0	10.0	8.0	8.0	NeuronSpectrum 10.06.2026 14:49:30	EEG	checkup_149_10.06.2026 14:49:30	500.0	499.6666666666667	True	0.5	40.0	4	True	50.0	30.0	1187.09228515625	-81.7331283059374	989.8834228515625	-31.979630677946233	-591.8583984375	56.88172510664425	-826.2081909179688	154.7600127022389	-196.44830322265625	114.76303425671173	92.3155517578125	121.10802452344694	26.571279525756836	31.62823648107773	-57.431697845458984	5.505780749674515	0.0	0.0	0.0	0.0
0.3168494701385498	1781093598.0	1781093599.066723	1	10.0	10.0	8.0	8.0	NeuronSpectrum 10.06.2026 14:49:30	EEG	checkup_149_10.06.2026 14:49:30	500.0	499.6666666666667	True	0.5	40.0	4	True	50.0	30.0	1185.6422119140625	-68.1447189174465	987.2640991210938	-22.277406061661246	-590.9293823242188	52.232293588177576	-824.210693359375	146.9066694768232	-195.73597717285156	113.81962646884185	92.005615234375	123.26938081869389	26.13142967224121	32.477443753231825	-58.13895034790039	3.9905975543364347	0.0	0.0	0.0	0.0
0.31685400009155273	1781093598.0	1781093599.0667276	1	10.0	10.0	8.0	8.0	NeuronSpectrum 10.06.2026 14:49:30	EEG	checkup_149_10.06.2026 14:49:30	500.0	499.6666666666667	True	0.5	40.0	4	True	50.0	30.0	1193.0018310546875	-44.18145661492049	992.1869506835938	-4.095268720519822	-593.080078125	42.821069224864594	-827.8726806640625	132.0969377079355	-195.89279174804688	111.46533603214041	92.93054962158203	126.47195857788822	27.141437530517578	33.444595921743925	-59.28340530395508	1.8781430632286011	0.0	0.0	0.0	0.0
0.31685686111450195	1781093598.0	1781093599.0667305	1	10.0	10.0	8.0	8.0	NeuronSpectrum 10.06.2026 14:49:30	EEG	checkup_149_10.06.2026 14:49:30	500.0	499.6666666666667	True	0.5	40.0	4	True	50.0	30.0	1207.4759521484375	-14.643630944146722	1003.4791259765625	18.608380795933904	-597.3671875	30.761115609746135	-835.9156494140625	113.41268724337404	-196.64874267578125	108.28571766514605	95.14173889160156	130.12959714133964	29.104427337646484	33.96138394814285	-60.78390884399414	-0.5370391779079542	0.0	0.0	0.0	0.0
0.31685972213745117	1781093598.0	1781093599.0667334	1	10.0	10.0	8.0	8.0	NeuronSpectrum 10.06.2026 14:49:30	EEG	checkup_149_10.06.2026 14:49:30	500.0	499.6666666666667	True	0.5	40.0	4	True	50.0	30.0	1217.27392578125	15.135973294763067	1011.7470703125	41.41557640931364	-598.324462890625	18.409039863446026	-839.8906860351562	94.21807343584871	-196.00941467285156	104.90330425736744	97.7939224243164	133.55567854472628	30.451356887817383	33.50259261944278	-62.068016052246094	-2.9190057167065224	0.0	0.0	0.0	0.0
0.3168625831604004	1781093598.0	1781093599.0667362	1	10.0	10.0	8.0	8.0	NeuronSpectrum 10.06.2026 14:49:30	EEG	checkup_149_10.06.2026 14:49:30	500.0	499.6666666666667	True	0.5	40.0	4	True	50.0	30.0	1206.8736572265625	40.29698400311055	1004.3290405273438	60.29673732604578	-589.1307983398438	7.919017442090588	-828.9588623046875	77.52229951053037	-191.47607421875	101.85572417889284	99.4395980834961	136.08700504213644	29.213876724243164	31.70540027805904	-62.36042785644531	-4.9465041213700935	0.0	0.0	0.0	0.0
0.3168649673461914	1781093598.0	1781093599.0667386	1	10.0	10.0	8.0	8.0	NeuronSpectrum 10.06.2026 14:49:30	EEG	checkup_149_10.06.2026 14:49:30	500.0	499.6666666666667	True	0.5	40.0	4	True	50.0	30.0	1172.3603515625	57.05857368432182	977.4796142578125	72.14605055771513	-569.00390625	0.9967493981463198	-801.152587890625	65.64796917502309	-182.9355010986328	99.5529003567258	98.98583984375	137.19564561429937	24.502710342407227	28.45673714199945	-61.413883209228516	-6.3527330378846285	0.0	0.0	0.0	0.0
0.3168678283691406	1781093598.0	1781093599.0667415	1	10.0	10.0	8.0	8.0	NeuronSpectrum 10.06.2026 14:49:30	EEG	checkup_149_10.06.2026 14:49:30	500.0	499.6666666666667	True	0.5	40.0	4	True	50.0	30.0	1133.7874755859375	62.97642151125761	946.3817749023438	75.03007922201112	-548.8828125	-1.181140500887037	-772.2644653320312	60.145739696251496	-174.90679931640625	98.28880161457364	96.65948486328125	136.57622989170076	17.73850440979004	23.926102899058346	-60.10863494873047	-6.950267654865866	0.0	0.0	0.0	0.0
0.31687092781066895	1781093598.0	1781093599.0667446	1	10.0	10.0	8.0	8.0	NeuronSpectrum 10.06.2026 14:49:30	EEG	checkup_149_10.06.2026 14:49:30	500.0	499.6666666666667	True	0.5	40.0	4	True	50.0	30.0	1129.00146484375	57.035849270320185	940.6237182617188	68.28473620991686	-547.8248901367188	2.0128279546764034	-770.930419921875	61.79298526595662	-175.15328979492188	98.25778222663155	94.03638458251953	134.2011339913197	12.257966041564941	18.539300736147503	-60.16794967651367	-6.648443246097812	0.0	0.0	0.0	0.0
0.31687355041503906	1781093599.0	1781093599.0667472	1	10.0	10.0	8.0	8.0	NeuronSpectrum 10.06.2026 14:49:30	EEG	checkup_149_10.06.2026 14:49:30	500.0	499.6666666666667	True	0.5	40.0	4	True	50.0	30.0	1184.8094482421875	39.76319931442694	981.69140625	52.59525200292911	-578.3717651367188	10.596928022788205	-817.0099487304688	70.522819860856	-188.9127655029297	99.53111515949858	92.73846435546875	130.33763222401038	10.885478019714355	12.906027898156086	-62.787994384765625	-5.469478457984079	0.0	0.0	0.0	0.0
0.316875696182251	1781093599.0	1781093599.0667493	1	10.0	10.0	8.0	8.0	NeuronSpectrum 10.06.2026 14:49:30	EEG	checkup_149_10.06.2026 14:49:30	500.0	499.6666666666667	True	0.5	40.0	4	True	50.0	30.0	1282.1785888671875	13.395523624764728	1055.455322265625	30.08780886459283	-629.466796875	23.85632683910185	-895.7606811523438	85.24590741961434	-212.0610809326172	101.98442520936196	92.54276275634766	125.52065080475757	12.889664649963379	7.722015933325206	-66.98651885986328	-3.562439894649698	0.0	0.0	0.0	0.0
0.316878080368042	1781093599.0	1781093599.0667517	1	10.0	10.0	8.0	8.0	NeuronSpectrum 10.06.2026 14:49:30	EEG	checkup_149_10.06.2026 14:49:30	500.0	499.6666666666667	True	0.5	40.0	4	True	50.0	30.0	1344.817138671875	-18.05757466108316	1102.76123046875	4.306983785852374	-661.5527954101562	40.24240362948517	-949.5798950195312	103.69450262055479	-228.96949768066406	105.2155018837461	90.45098876953125	120.47498760641786	12.934715270996094	3.662237470009419	-69.08350372314453	-1.2046451518117198	0.0	0.0	0.0	0.0
0.3168807029724121	1781093599.0	1781093599.0667543	1	10.0	10.0	8.0	8.0	NeuronSpectrum 10.06.2026 14:49:30	EEG	checkup_149_10.06.2026 14:49:30	500.0	499.6666666666667	True	0.5	40.0	4	True	50.0	30.0	1269.9803466796875	-49.15463851293944	1043.17626953125	-20.140130627913898	-622.876220703125	57.45424164406095	-901.17333984375	122.52764382068544	-218.72019958496094	108.52456266613399	81.87202453613281	115.98633978348319	3.7909133434295654	1.2727569541220294	-64.21189880371094	1.2247897360392357	0.0	0.0	0.0	0.0
0.3168833255767822	1781093599.0	1781093599.066757	1	10.0	10.0	8.0	8.0	NeuronSpectrum 10.06.2026 14:49:30	EEG	checkup_149_10.06.2026 14:49:30	500.0	499.6666666666667	True	0.5	40.0	4	True	50.0	30.0	989.8876342773438	-73.96774162969152	823.06298828125	-38.413510585530965	-480.6356201171875	72.82051992512365	-699.3878173828125	137.87846622117385	-167.34925842285156	111.0153520397605	63.54228210449219	112.73516424395584	-18.17799949645996	0.8669141626709402	-49.281280517578125	3.308115094751323	0.0	0.0	0.0	0.0
0.31688499450683594	1781093599.0	1781093599.0667586	1	10.0	10.0	8.0	8.0	NeuronSpectrum 10.06.2026 14:49:30	EEG	checkup_149_10.06.2026 14:49:30	500.0	499.6666666666667	True	0.5	40.0	4	True	50.0	30.0	524.3955078125	-87.49996474830213	457.19390869140625	-46.618218547083494	-246.92196655273438	83.93500563363789	-358.41583251953125	146.280527091752	-78.34014892578125	111.81003968516875	36.281864166259766	111.12926702168723	-48.424530029296875	2.442329127970932	-25.48189353942871	4.67939943551753	0.0	0.0	0.0	0.0
0.3677551746368408	1781093599.0	1781093599.1176288	1	10.0	10.0	8.0	8.0	NeuronSpectrum 10.06.2026 14:49:30	EEG	checkup_149_10.06.2026 14:49:30	500.0	499.6666666666667	True	0.5	40.0	4	True	50.0	30.0	1178.4549560546875	-87.06156340949043	979.9988403320312	-42.90866513266291	-563.7416381835938	89.30689747633843	-840.748779296875	145.62343839596724	-207.89805603027344	110.2919282300745	73.04454040527344	111.18788222830115	4.374593734741211	5.648987512176454	-56.866058349609375	5.112883465266146	0.0	0.0	0.0	0.0
0.36776137351989746	1781093599.0	1781093599.117635	1	10.0	10.0	8.0	8.0	NeuronSpectrum 10.06.2026 14:49:30	EEG	checkup_149_10.06.2026 14:49:30	500.0	499.6666666666667	True	0.5	40.0	4	True	50.0	30.0	1177.41064453125	-72.9883539384167	985.6603393554688	-28.024178645108385	-554.8204345703125	88.72944426962252	-837.1258544921875	135.69902231996184	-207.30018615722656	106.26187692759683	75.01514434814453	112.52468634907846	10.888065338134766	9.835612518138765	-56.65208435058594	4.574489507041509	0.0	0.0	0.0	0.0
0.3677635192871094	1781093599.0	1781093599.1176372	1	10.0	10.0	8.0	8.0	NeuronSpectrum 10.06.2026 14:49:30	EEG	checkup_149_10.06.2026 14:49:30	500.0	499.6666666666667	True	0.5	40.0	4	True	50.0	30.0	1185.4322509765625	-48.40376785042777	997.9319458007812	-5.0239682631889515	-550.547119140625	83.21823993867139	-839.688232421875	118.11635786357583	-209.0178680419922	99.94700414347949	77.73535919189453	114.44426962327746	16.31065559387207	14.17382973086673	-57.42238235473633	3.2181414764504175	0.0	0.0	0.0	0.0
0.3677654266357422	1781093599.0	1781093599.117639	1	10.0	10.0	8.0	8.0	NeuronSpectrum 10.06.2026 14:49:30	EEG	checkup_149_10.06.2026 14:49:30	500.0	499.6666666666667	True	0.5	40.0	4	True	50.0	30.0	1200.7081298828125	-18.226167775869023	1014.1717529296875	21.603331921427785	-551.2760009765625	74.60776261651405	-848.8112182617188	95.7154823943903	-213.67245483398438	91.88917590704499	79.96910095214844	116.12301165467903	19.275047302246094	17.825438109980546	-58.973995208740234	1.33486607174361	0.0	0.0	0.0	0.0
0.367767333984375	1781093599.0	1781093599.117641	1	10.0	10.0	8.0	8.0	NeuronSpectrum 10.06.2026 14:49:30	EEG	checkup_149_10.06.2026 14:49:30	500.0	499.6666666666667	True	0.5	40.0	4	True	50.0	30.0	1211.3408203125	12.079817543466667	1024.247802734375	47.03734801763057	-552.1923828125	65.03347559735067	-856.8574829101562	71.81534562759028	-218.9567108154297	82.7927483347383	80.24990844726562	116.81664797291486	19.58697509765625	20.10352442088528	-60.496829986572266	-0.7204227830059657	0.0	0.0	0.0	0.0
0.3677690029144287	1781093599.0	1781093599.1176426	1	10.0	10.0	8.0	8.0	NeuronSpectrum 10.06.2026 14:49:30	EEG	checkup_149_10.06.2026 14:49:30	500.0	499.6666666666667	True	0.5	40.0	4	True	50.0	30.0	1201.7264404296875	37.55420102079163	1015.741943359375	67.04665154798535	-546.0863647460938	56.50165306164256	-852.7008056640625	49.592558459746705	-221.0939483642578	73.4000493402358	77.42619323730469	116.03434536616867	17.985567092895508	20.589017054298473	-60.9566650390625	-2.5994463422387124	0.0	0.0	0.0	0.0
0.3677711486816406	1781093599.0	1781093599.1176448	1	10.0	10.0	8.0	8.0	NeuronSpectrum 10.06.2026 14:49:30	EEG	checkup_149_10.06.2026 14:49:30	500.0	499.6666666666667	True	0.5	40.0	4	True	50.0	30.0	1167.8421630859375	54.38240570739546	985.9470825195312	78.54440681947916	-530.4716186523438	50.63382755056591	-833.3773803710938	31.71246429921829	-218.8714141845703	64.41768603567286	71.4423599243164	113.63642566955703	15.150754928588867	19.185512447282782	-59.94609069824219	-4.013601189004417	0.0	0.0	0.0	0.0
0.36777353286743164	1781093599.0	1781093599.1176472	1	10.0	10.0	8.0	8.0	NeuronSpectrum 10.06.2026 14:49:30	EEG	checkup_149_10.06.2026 14:49:30	500.0	499.6666666666667	True	0.5	40.0	4	True	50.0	30.0	1129.5498046875	60.1606183001676	951.3121948242188	79.79687711779063	-513.58251953125	48.56022736217867	-813.679931640625	20.16283236749278	-217.08502197265625	56.47344368006088	63.79780197143555	109.83865419874593	10.759295463562012	16.111712773417047	-58.37281799316406	-4.766396731149815	0.0	0.0	0.0	0.0
0.36777520179748535	1781093599.0	1781093599.1176488	1	10.0	10.0	8.0	8.0	NeuronSpectrum 10.06.2026 14:49:30	EEG	checkup_149_10.06.2026 14:49:30	500.0	499.6666666666667	True	0.5	40.0	4	True	50.0	30.0	1124.4678955078125	53.96895883648431	942.2791137695312	70.43260459914893	-512.0169677734375	50.87425380341203	-821.6368408203125	16.14771269718228	-225.17062377929688	50.062368771045946	57.044761657714844	105.13158163726042	3.6444334983825684	11.839057086464125	-58.172054290771484	-4.770249668430774	0.0	0.0	0.0	0.0
0.36777734756469727	1781093599.0	1781093599.117651	1	10.0	10.0	8.0	8.0	NeuronSpectrum 10.06.2026 14:49:30	EEG	checkup_149_10.06.2026 14:49:30	500.0	499.6666666666667	True	0.5	40.0	4	True	50.0	30.0	1179.320068359375	36.44238937707207	980.4540405273438	51.41634682512243	-537.913330078125	57.564311598451354	-876.58154296875	19.913569648547384	-249.77247619628906	45.45051077082384	53.24880599975586	100.14233741895272	-6.629958152770996	6.9866200792078725	-60.82209014892578	-4.0546318288760945	0.0	0.0	0.0	0.0
0.367779016494751	1781093599.0	1781093599.1176527	1	10.0	10.0	8.0	8.0	NeuronSpectrum 10.06.2026 14:49:30	EEG	checkup_149_10.06.2026 14:49:30	500.0	499.6666666666667	True	0.5	40.0	4	True	50.0	30.0	1275.350830078125	9.895342574554457	1051.3065185546875	25.0527636506865	-583.052490234375	67.9063920727583	-962.5855712890625	30.49708530982334	-285.5565185546875	42.545093423139384	52.25910949707031	95.47427161703561	-17.853866577148438	2.191329959300753	-65.51884460449219	-2.7680310796704823	0.0	0.0	0.0	0.0
0.3677809238433838	1781093599.0	1781093599.1176546	1	10.0	10.0	8.0	8.0	NeuronSpectrum 10.06.2026 14:49:30	EEG	checkup_149_10.06.2026 14:49:30	500.0	499.6666666666667	True	0.5	40.0	4	True	50.0	30.0	1336.952880859375	-21.648033004142462	1095.3634033203125	-5.0751410256916465	-613.2160034179688	80.39676630518034	-1019.8466186523438	45.54700125005728	-312.055419921875	40.79290516046583	51.13905715942383	91.55699523757102	-24.846960067749023	-2.0202706940168165	-68.52644348144531	-1.167970754727342	0.0	0.0	0.0	0.0
0.3677825927734375	1781093599.0	1781093599.1176562	1	10.0	10.0	8.0	8.0	NeuronSpectrum 10.06.2026 14:49:30	EEG	checkup_149_10.06.2026 14:49:30	500.0	499.6666666666667	True	0.5	40.0	4	True	50.0	30.0	1262.21875	-52.79944584013791	1032.5079345703125	-34.437210010424096	-581.60400390625	92.86437738041629	-968.5736083984375	61.471351075469556	-301.6707763671875	39.1988258821856	45.56174850463867	88.53072940780285	-21.939424514770508	-5.327553573530924	-64.69302368164062	0.41194826695850756	0.0	0.0	0.0	0.0
0.3677845001220703	1781093599.0	1781093599.1176581	1	10.0	10.0	8.0	8.0	NeuronSpectrum 10.06.2026 14:49:30	EEG	checkup_149_10.06.2026 14:49:30	500.0	499.6666666666667	True	0.5	40.0	4	True	50.0	30.0	983.8897705078125	-77.72713943556693	810.1226806640625	-58.30451490569993	-456.4215393066406	102.86163333885375	-756.4302368164062	74.08577314061993	-235.91172790527344	36.52711911065797	32.57708740234375	86.18160820541131	-7.3222551345825195	-7.653606993413123	-50.56216812133789	1.6242777193351574	0.0	0.0	0.0	0.0
0.3677859306335449	1781093599.0	1781093599.1176596	1	10.0	10.0	8.0	8.0	NeuronSpectrum 10.06.2026 14:49:30	EEG	checkup_149_10.06.2026 14:49:30	500.0	499.6666666666667	True	0.5	40.0	4	True	50.0	30.0	521.6357421875	-91.52854837226596	444.1820373535156	-72.81778345257148	-245.0530242919922	108.28009370524931	-399.162109375	79.67247125468923	-119.497314453125	31.654509394534	12.942582130432129	83.94218956832049	13.697196960449219	-9.139907417027676	-27.07809066772461	2.189479463457102	0.0	0.0	0.0	0.0
0.36778807640075684	1781093599.0	1781093599.1176617	1	10.0	10.0	8.0	8.0	NeuronSpectrum 10.06.2026 14:49:30	EEG	checkup_149_10.06.2026 14:49:30	500.0	499.6666666666667	True	0.5	40.0	4	True	50.0	30.0	1170.54248046875	-91.56006520086784	951.7227783203125	-75.99429770139915	-545.4240112304688	107.96267551330287	-907.0205688476562	76.05557137582919	-301.2337341308594	23.938396968409922	39.48149108886719	80.9690999239229	-22.93795394897461	-10.076190198321097	-60.94194793701172	1.9696497745118855	0.0	0.0	0.0	0.0
0.36778950691223145	1781093599.0	1781093599.1176631	1	10.0	10.0	8.0	8.0	NeuronSpectrum 10.06.2026 14:49:30	EEG	checkup_149_10.06.2026 14:49:30	500.0	499.6666666666667	True	0.5	40.0	4	True	50.0	30.0	1169.1192626953125	-78.12709585651092	947.9701538085938	-68.21685301692467	-545.3604125976562	102.0339874043269	-909.0198364257812	63.209273676263074	-307.6817932128906	13.432063872028408	36.285125732421875	76.29762590888512	-24.714120864868164	-10.815363447625852	-61.3309326171875	1.003025406822877	0.0	0.0	0.0	0.0
0.36779165267944336	1781093599.0	1781093599.1176653	1	10.0	10.0	8.0	8.0	NeuronSpectrum 10.06.2026 14:49:30	EEG	checkup_149_10.06.2026 14:49:30	500.0	499.6666666666667	True	0.5	40.0	4	True	50.0	30.0	1176.6700439453125	-54.24763210989769	951.5821533203125	-51.99391832519271	-548.2941284179688	91.81139629949521	-917.7677001953125	43.15328185334086	-316.5887451171875	0.8599853289817201	29.307342529296875	69.04873952420166	-25.494531631469727	-11.695590088607242	-62.082332611083984	-0.5144766310227598	0.0	0.0	0.0	0.0
0.3677937984466553	1781093599.0	1781093599.1176674	1	10.0	10.0	8.0	8.0	NeuronSpectrum 10.06.2026 14:49:30	EEG	checkup_149_10.06.2026 14:49:30	500.0	499.6666666666667	True	0.5	40.0	4	True	50.0	30.0	1191.470458984375	-24.689889088157937	961.2005615234375	-31.161400134407167	-553.5277099609375	79.38377921297227	-931.7909545898438	19.272630810270286	-327.41455078125	-12.602483375582048	17.69275665283203	58.64009117978535	-25.509275436401367	-12.976497542447103	-63.065467834472656	-2.288350371608254	0.0	0.0	0.0	0.0
0.3677952289581299	1781093599.0	1781093599.1176689	1	10.0	10.0	8.0	8.0	NeuronSpectrum 10.06.2026 14:49:30	EEG	checkup_149_10.06.2026 14:49:30	500.0	499.6666666666667	True	0.5	40.0	4	True	50.0	30.0	1201.7852783203125	5.229594132081987	967.5616455078125	-9.916569696136529	-555.9808959960938	67.07789012178552	-941.7387084960938	-4.5709959160689735	-336.376220703125	-25.6217981426593	1.8645135164260864	44.94561635360358	-25.742481231689453	-14.790650767631199	-63.68486404418945	-3.997806338729687	0.0	0.0	0.0	0.0
0.3677966594696045	1781093599.0	1781093599.1176703	1	10.0	10.0	8.0	8.0	NeuronSpectrum 10.06.2026 14:49:30	EEG	checkup_149_10.06.2026 14:49:30	500.0	499.6666666666667	True	0.5	40.0	4	True	50.0	30.0	1192.179931640625	30.651283745659033	958.46728515625	7.970514947942682	-549.0526733398438	57.01094111707417	-935.4251708984375	-24.80021354270002	-338.4679260253906	-36.95845002739181	-16.705486297607422	28.362446782593416	-27.404523849487305	-17.116804923281148	-63.1805305480957	-5.356679790505723	0.0	0.0	0.0	0.0
0.3677988052368164	1781093599.0	1781093599.1176724	1	10.0	10.0	8.0	8.0	NeuronSpectrum 10.06.2026 14:49:30	EEG	checkup_149_10.06.2026 14:49:30	500.0	499.6666666666667	True	0.5	40.0	4	True	50.0	30.0	1158.7012939453125	47.784921685058144	930.7090454101562	19.616440055825418	-531.5471801757812	50.819108702834825	-909.816162109375	-38.59891132202085	-332.3325500488281	-45.62752519370511	-36.497100830078125	9.769053040447105	-30.911352157592773	-19.786126159892376	-61.36982727050781	-6.151266401254558	0.0	0.0	0.0	0.0
0.3678007125854492	1781093599.0	1781093599.1176744	1	10.0	10.0	8.0	8.0	NeuronSpectrum 10.06.2026 14:49:30	EEG	checkup_149_10.06.2026 14:49:30	500.0	499.6666666666667	True	0.5	40.0	4	True	50.0	30.0	1121.1094970703125	54.17214623980466	899.6935424804688	23.19563529100168	-513.1588134765625	49.54199567727549	-880.6657104492188	-44.13217049351816	-324.2345886230469	-50.97923586964527	-56.966529846191406	-9.616282759319208	-35.137596130371094	-22.527156983333036	-59.25053787231445	-6.256504214452729	0.0	0.0	0.0	0.0
0.36780238151550293	1781093599.0	1781093599.117676	1	10.0	10.0	8.0	8.0	NeuronSpectrum 10.06.2026 14:49:30	EEG	checkup_149_10.06.2026 14:49:30	500.0	499.6666666666667	True	0.5	40.0	4	True	50.0	30.0	1116.78125	48.78161639648936	894.7401123046875	17.975637439222595	-511.3935852050781	53.5796152679909	-877.6930541992188	-40.64313142106005	-326.21063232421875	-52.7471828198598	-78.5417251586914	-28.4478275524903	-37.828155517578125	-25.041411168961396	-58.69884490966797	-5.639781862162469	0.0	0.0	0.0	0.0
0.36780428886413574	1781093599.0	1781093599.117678	1	10.0	10.0	8.0	8.0	NeuronSpectrum 10.06.2026 14:49:30	EEG	checkup_149_10.06.2026 14:49:30	500.0	499.6666666666667	True	0.5	40.0	4	True	50.0	30.0	1172.209228515625	32.11677021857011	936.8383178710938	4.367807485974385	-538.14892578125	62.63998666150076	-922.0809326171875	-28.55996001197375	-347.0295104980469	-51.109133433740375	-101.21206665039062	-45.49312896971772	-37.318992614746094	-27.08792825135225	-61.0535774230957	-4.3621805026508484	0.0	0.0	0.0	0.0
0.36780595779418945	1781093599.0	1781093599.1176796	1	10.0	10.0	8.0	8.0	NeuronSpectrum 10.06.2026 14:49:30	EEG	checkup_149_10.06.2026 14:49:30	500.0	499.6666666666667	True	0.5	40.0	4	True	50.0	30.0	1268.598876953125	6.377922584985459	1011.7095947265625	-15.964803729119033	-583.7969970703125	75.66013320372356	-999.2799072265625	-9.639566554195941	-381.1475830078125	-46.76300815810811	-122.65638732910156	-59.85185200432723	-34.4921989440918	-28.550665764044723	-65.4026870727539	-2.5803671768196543	0.0	0.0	0.0	0.0
0.36780762672424316	1781093599.0	1781093599.1176813	1	10.0	10.0	8.0	8.0	NeuronSpectrum 10.06.2026 14:49:30	EEG	checkup_149_10.06.2026 14:49:30	500.0	499.6666666666667	True	0.5	40.0	4	True	50.0	30.0	1330.57373046875	-24.482451327040813	1060.8096923828125	-40.06278692640761	-612.35791015625	90.77751164566048	-1049.98974609375	12.981811631313281	-404.8953857421875	-40.960475491455284	-137.6942596435547	-71.10217511968563	-33.1943359375	-29.470253761347383	-68.01642608642578	-0.5423043857939758	0.0	0.0	0.0	0.0
0.3678092956542969	1781093599.0	1781093599.117683	1	10.0	10.0	8.0	8.0	NeuronSpectrum 10.06.2026 14:49:30	EEG	checkup_149_10.06.2026 14:49:30	500.0	499.6666666666667	True	0.5	40.0	4	True	50.0	30.0	1256.6142578125	-55.09969107412081	1004.8714599609375	-63.91382974868854	-576.2929077148438	105.4871803707187	-994.0465698242188	35.058160305874736	-385.9268798828125	-35.40467138498113	-140.22561645507812	-79.33583538446108	-38.061649322509766	-30.0364904067271	-63.85905075073242	1.4365072426037944	0.0	0.0	0.0	0.0
0.3678112030029297	1781093599.0	1781093599.1176848	1	10.0	10.0	8.0	8.0	NeuronSpectrum 10.06.2026 14:49:30	EEG	checkup_149_10.06.2026 14:49:30	500.0	499.6666666666667	True	0.5	40.0	4	True	50.0	30.0	979.7550659179688	-79.63045221422762	791.1559448242188	-83.14461409645769	-445.20928955078125	117.07631473232766	-778.248046875	51.97670772443583	-302.4375	-31.950902638720645	-126.93016052246094	-85.0702350971503	-50.63906478881836	-30.550454232054484	-49.61194610595703	3.025230731701356	0.0	0.0	0.0	0.0
0.3678126335144043	1781093599.0	1781093599.1176863	1	10.0	10.0	8.0	8.0	NeuronSpectrum 10.06.2026 14:49:30	EEG	checkup_149_10.06.2026 14:49:30	500.0	499.6666666666667	True	0.5	40.0	4	True	50.0	30.0	519.6412963867188	-93.14893651358366	434.17327880859375	-94.06944321634235	-229.9741973876953	123.27285106051735	-417.501708984375	59.86669363249817	-159.87408447265625	-32.15605824352049	-100.27033996582031	-89.06535609192618	-66.46774291992188	-31.36847773737838	-26.270221710205078	3.9511552485688903	0.0	0.0	0.0	0.0
0.4200584888458252	1781093599.0	1781093599.1699321	1	10.0	10.0	8.0	8.0	NeuronSpectrum 10.06.2026 14:49:30	EEG	checkup_149_10.06.2026 14:49:30	500.0	499.6666666666667	True	0.5	40.0	4	True	50.0	30.0	1165.8658447265625	-93.00027524689021	937.16064453125	-94.71338676703535	-533.1743774414062	122.87038524776045	-930.0504760742188	56.67028100376721	-370.6087646484375	-36.8423460332443	-145.7402801513672	-92.10833848775472	-39.82463073730469	-32.83680620393418	-58.655540466308594	4.0688660190167605	0.0	0.0	0.0	0.0
0.42006349563598633	1781093599.0	1781093599.1699371	1	10.0	10.0	8.0	8.0	NeuronSpectrum 10.06.2026 14:49:30	EEG	checkup_149_10.06.2026 14:49:30	500.0	499.6666666666667	True	0.5	40.0	4	True	50.0	30.0	1164.4989013671875	-79.50443946686802	934.49658203125	-85.34670674468622	-533.3015747070312	116.04647331992011	-934.0585327148438	42.693636484119224	-376.0408020019531	-45.87221062189092	-149.1863555908203	-94.83711959429849	-41.977935791015625	-35.224518421016825	-58.69064712524414	3.3949469796119955	0.0	0.0	0.0	0.0
0.42006564140319824	1781093599.0	1781093599.1699393	1	10.0	10.0	8.0	8.0	NeuronSpectrum 10.06.2026 14:49:30	EEG	checkup_149_10.06.2026 14:49:30	500.0	499.6666666666667	True	0.5	40.0	4	True	50.0	30.0	1171.9652099609375	-55.71805621475404	937.5150756835938	-68.30622841054478	-538.3986206054688	104.24105358134611	-945.4600219726562	20.40718553422542	-384.7302551269531	-58.22881930132579	-153.7673797607422	-97.64807698865691	-46.865604400634766	-38.66707760229691	-59.25474548339844	2.094161006106135	0.0	0.0	0.0	0.0
0.42006731033325195	1781093599.0	1781093599.169941	1	10.0	10.0	8.0	8.0	NeuronSpectrum 10.06.2026 14:49:30	EEG	checkup_149_10.06.2026 14:49:30	500.0	499.6666666666667	True	0.5	40.0	4	True	50.0	30.0	1186.5042724609375	-26.454714200592086	945.5050659179688	-47.256220474331926	-547.4488525390625	89.69373371998753	-962.2012939453125	-6.3422249849192145	-395.61065673828125	-72.33590158766671	-158.91778564453125	-100.6893162306383	-54.16978454589844	-43.135916915084266	-60.19329833984375	0.42796339567437836	0.0	0.0	0.0	0.0
0.42006921768188477	1781093599.0	1781093599.1699429	1	10.0	10.0	8.0	8.0	NeuronSpectrum 10.06.2026 14:49:30	EEG	checkup_149_10.06.2026 14:49:30	500.0	499.6666666666667	True	0.5	40.0	4	True	50.0	30.0	1196.4102783203125	2.9434837005988057	950.2138061523438	-26.262714741234106	-554.6640014648438	74.87438093268642	-974.2633666992188	-33.31008407258852	-404.12890625	-86.45460422469425	-163.07640075683594	-103.90974811375845	-62.068450927734375	-48.44178110457928	-60.873741149902344	-1.3092620892236657	0.0	0.0	0.0	0.0
0.4200708866119385	1781093599.0	1781093599.1699445	1	10.0	10.0	8.0	8.0	NeuronSpectrum 10.06.2026 14:49:30	EEG	checkup_149_10.06.2026 14:49:30	500.0	499.6666666666667	True	0.5	40.0	4	True	50.0	30.0	1186.326904296875	27.636201073253165	940.422607421875	-9.016759422048315	-552.5059814453125	62.0172143009866	-968.9917602539062	-56.66247687105304	-404.6539611816406	-99.00909359826802	-164.5218963623047	-107.12716957916294	-68.1672134399414	-54.26471597337544	-60.519798278808594	-2.8435650617405677	0.0	0.0	0.0	0.0
0.4200727939605713	1781093599.0	1781093599.1699464	1	10.0	10.0	8.0	8.0	NeuronSpectrum 10.06.2026 14:49:30	EEG	checkup_149_10.06.2026 14:49:30	500.0	499.6666666666667	True	0.5	40.0	4	True	50.0	30.0	1152.345947265625	43.909290381852884	913.373779296875	1.642243484055979	-538.764404296875	52.85327370599879	-943.5068359375	-73.44593655546127	-395.9766845703125	-108.77214208203094	-162.85409545898438	-110.08940391404978	-71.46511840820312	-60.1944102235898	-58.969207763671875	-3.954255463448665	0.0	0.0	0.0	0.0
0.4200742244720459	1781093599.0	1781093599.1699479	1	10.0	10.0	8.0	8.0	NeuronSpectrum 10.06.2026 14:49:30	EEG	checkup_149_10.06.2026 14:49:30	500.0	499.6666666666667	True	0.5	40.0	4	True	50.0	30.0	1114.164306640625	49.42974991618031	884.074951171875	3.9358211524048494	-522.2733154296875	48.5189630351862	-914.5278930664062	-81.75238225009711	-385.619384765625	-114.92607277486677	-160.05621337890625	-112.51946090796861	-73.85233306884766	-65.76864272986917	-57.26044464111328	-4.488727429935045	0.0	0.0	0.0	0.0
0.4200761318206787	1781093599.0	1781093599.1699498	1	10.0	10.0	8.0	8.0	NeuronSpectrum 10.06.2026 14:49:30	EEG	checkup_149_10.06.2026 14:49:30	500.0	499.6666666666667	True	0.5	40.0	4	True	50.0	30.0	1109.0206298828125	43.31357515182191	880.7181396484375	-2.7736782538307967	-520.230224609375	49.548053207533144	-913.1334838867188	-80.73688871263518	-387.4555969238281	-117.06734268301591	-159.84693908691406	-114.15021524249794	-79.30645751953125	-70.51043069487099	-57.288028717041016	-4.369168816000228	0.0	0.0	0.0	0.0
0.4200778007507324	1781093599.0	1781093599.1699514	1	10.0	10.0	8.0	8.0	NeuronSpectrum 10.06.2026 14:49:30	EEG	checkup_149_10.06.2026 14:49:30	500.0	499.6666666666667	True	0.5	40.0	4	True	50.0	30.0	1163.369873046875	26.194396349942558	923.0504760742188	-17.897709932122424	-545.2081298828125	55.851085492395484	-961.2623291015625	-70.65484980232597	-411.2608337402344	-115.22704862786118	-165.04464721679688	-114.76019621657315	-90.41759490966797	-73.9742688915396	-60.34368896484375	-3.600849704300887	0.0	0.0	0.0	0.0
0.42007946968078613	1781093599.0	1781093599.169953	1	10.0	10.0	8.0	8.0	NeuronSpectrum 10.06.2026 14:49:30	EEG	checkup_149_10.06.2026 14:49:30	500.0	499.6666666666667	True	0.5	40.0	4	True	50.0	30.0	1258.68115234375	0.347507907845114	996.2560424804688	-39.503080326385835	-589.3099365234375	66.64901073241076	-1043.5345458984375	-52.97633963252127	-450.2257385253906	-109.93243633648468	-174.4263458251953	-114.21653343689593	-104.39563751220703	-75.80861591015577	-65.39269256591797	-2.2841308939855893	0.0	0.0	0.0	0.0
0.42008113861083984	1781093599.0	1781093599.1699548	1	10.0	10.0	8.0	8.0	NeuronSpectrum 10.06.2026 14:49:30	EEG	checkup_149_10.06.2026 14:49:30	500.0	499.6666666666667	True	0.5	40.0	4	True	50.0	30.0	1320.1817626953125	-30.278212385029654	1042.482666015625	-64.28821442520301	-618.6683349609375	80.4249339722667	-1098.0970458984375	-30.464780846543505	-476.9216613769531	-102.25950209381593	-181.61270141601562	-112.51699892134641	-112.16130065917969	-75.82557767016816	-68.54698181152344	-0.6212862795021266	0.0	0.0	0.0	0.0
0.42008280754089355	1781093599.0	1781093599.1699564	1	10.0	10.0	8.0	8.0	NeuronSpectrum 10.06.2026 14:49:30	EEG	checkup_149_10.06.2026 14:49:30	500.0	499.6666666666667	True	0.5	40.0	4	True	50.0	30.0	1247.0489501953125	-60.39957689184671	984.2151489257812	-87.87750315787966	-586.8963012695312	95.02451637286589	-1041.6324462890625	-6.989169903854316	-454.39910888671875	-93.77408457444935	-177.6088104248047	-109.81077429528192	-102.68009948730469	-74.05188042109457	-64.65184020996094	1.0978565438111814	0.0	0.0	0.0	0.0
0.42008423805236816	1781093599.0	1781093599.1699579	1	10.0	10.0	8.0	8.0	NeuronSpectrum 10.06.2026 14:49:30	EEG	checkup_149_10.06.2026 14:49:30	500.0	499.6666666666667	True	0.5	40.0	4	True	50.0	30.0	972.673095703125	-84.30680305177926	770.6785278320312	-105.58402390776885	-462.5171203613281	108.00509478977547	-819.07421875	13.106190738904894	-358.21380615234375	-86.28138968475595	-156.0569305419922	-106.37950440030104	-70.79578399658203	-70.73480286988188	-50.37533950805664	2.5430610796882376	0.0	0.0	0.0	0.0
0.420086145401001	1781093599.0	1781093599.1699598	1	10.0	10.0	8.0	8.0	NeuronSpectrum 10.06.2026 14:49:30	EEG	checkup_149_10.06.2026 14:49:30	500.0	499.6666666666667	True	0.5	40.0	4	True	50.0	30.0	516.3719482421875	-97.21751197571928	417.4939880371094	-113.53355666317007	-252.90480041503906	117.19280360806627	-446.2073669433594	25.999597094111717	-195.28909301757812	-81.4127472441471	-117.89620971679688	-102.58044577017743	-23.314016342163086	-66.29937104565211	-26.817962646484375	3.4180941266305624	0.0	0.0	0.0	0.0
0.4200875759124756	1781093599.0	1781093599.1699612	1	10.0	10.0	8.0	8.0	NeuronSpectrum 10.06.2026 14:49:30	EEG	checkup_149_10.06.2026 14:49:30	500.0	499.6666666666667	True	0.5	40.0	4	True	50.0	30.0	1158.696533203125	-96.5870000883426	916.8436279296875	-109.75079112971164	-542.4617309570312	121.2403772985125	-967.4078979492188	29.386477416002023	-425.0282287597656	-80.20784552329809	-167.99258422851562	-98.77911633554348	-92.23002624511719	-61.28303284356709	-59.064178466796875	3.536892421324182	0.0	0.0	0.0	0.0
0.4200894832611084	1781093599.0	1781093599.1699631	1	10.0	10.0	8.0	8.0	NeuronSpectrum 10.06.2026 14:49:30	EEG	checkup_149_10.06.2026 14:49:30	500.0	499.6666666666667	True	0.5	40.0	4	True	50.0	30.0	1157.792724609375	-82.78418324920781	920.7581176757812	-94.72880480845834	-537.8814086914062	119.9292541772612	-960.9315185546875	23.0138927891556	-422.154541015625	-82.88864600387137	-163.16026306152344	-95.30600259642073	-87.14163208007812	-56.28196751033366	-58.7978515625	2.869564173136852	0.0	0.0	0.0	0.0
0.4200911521911621	1781093599.0	1781093599.1699648	1	10.0	10.0	8.0	8.0	NeuronSpectrum 10.06.2026 14:49:30	EEG	checkup_149_10.06.2026 14:49:30	500.0	499.6666666666667	True	0.5	40.0	4	True	50.0	30.0	1165.4901123046875	-58.84986474481692	933.5223999023438	-71.24513552298218	-535.9155883789062	114.09314086668442	-960.2406616210938	8.537903952312591	-421.6616516113281	-88.91723219123507	-157.6997833251953	-92.45008584849026	-80.1937255859375	-51.91818412301603	-59.25	1.5410726394107288	0.0	0.0	0.0	0.0
0.4200925827026367	1781093599.0	1781093599.1699662	1	10.0	10.0	8.0	8.0	NeuronSpectrum 10.06.2026 14:49:30	EEG	checkup_149_10.06.2026 14:49:30	500.0	499.6666666666667	True	0.5	40.0	4	True	50.0	30.0	1180.06884765625	-29.536704046314377	952.7830200195312	-43.571430147631425	-536.54248046875	105.25216207571127	-965.4796142578125	-11.13605395776011	-423.9041442871094	-97.2662354452366	-152.58177185058594	-90.46997613596152	-72.61478424072266	-48.80434790336776	-60.35707092285156	-0.21009880407654186	0.0	0.0	0.0	0.0
0.42009449005126953	1781093599.0	1781093599.1699681	1	10.0	10.0	8.0	8.0	NeuronSpectrum 10.06.2026 14:49:30	EEG	checkup_149_10.06.2026 14:49:30	500.0	499.6666666666667	True	0.5	40.0	4	True	50.0	30.0	1189.9691162109375	-0.11359196040232922	968.0779418945312	-16.4560350483873	-535.4104614257812	95.1677480376879	-968.75537109375	-32.65661567062428	-425.4754638671875	-106.73958621247353	-148.06179809570312	-89.59042474781705	-66.0443344116211	-47.4784893392194	-61.46162033081055	-2.090826619310195	0.0	0.0	0.0	0.0
0.42009592056274414	1781093599.0	1781093599.1699696	1	10.0	10.0	8.0	8.0	NeuronSpectrum 10.06.2026 14:49:30	EEG	checkup_149_10.06.2026 14:49:30	500.0	499.6666666666667	True	0.5	40.0	4	True	50.0	30.0	1180.0113525390625	24.632416415787624	966.04296875	5.766990601628879	-526.6077270507812	85.49869232111314	-958.91650390625	-52.855659691509985	-421.3827209472656	-116.20841964570086	-143.9640350341797	-89.96624675761166	-62.1016731262207	-48.306914952772594	-61.654354095458984	-3.808392241163671	0.0	0.0	0.0	0.0
0.42009758949279785	1781093599.0	1781093599.1699712	1	10.0	10.0	8.0	8.0	NeuronSpectrum 10.06.2026 14:49:30	EEG	checkup_149_10.06.2026 14:49:30	500.0	499.6666666666667	True	0.5	40.0	4	True	50.0	30.0	1146.35986328125	41.00085487325709	942.4568481445312	19.764593363439953	-509.5849609375	77.62558466016262	-933.674072265625	-69.0855013936051	-410.7347412109375	-124.71755266011212	-140.8334503173828	-91.62232538587571	-61.9716682434082	-51.38495547526629	-60.588443756103516	-5.110749600522884	0.0	0.0	0.0	0.0
0.42009925842285156	1781093599.0	1781093599.169973	1	10.0	10.0	8.0	8.0	NeuronSpectrum 10.06.2026 14:49:30	EEG	checkup_149_10.06.2026 14:49:30	500.0	499.6666666666667	True	0.5	40.0	4	True	50.0	30.0	1108.58056640625	46.631724668738045	911.96484375	23.492559809651702	-494.61138916015625	72.60100731598622	-909.4203491210938	-79.33695050486261	-401.40423583984375	-131.50323242306786	-140.86322021484375	-94.39945032447156	-66.12429809570312	-56.478115052930306	-59.148101806640625	-5.811866844264623	0.0	0.0	0.0	0.0
0.4201009273529053	1781093599.0	1781093599.1699746	1	10.0	10.0	8.0	8.0	NeuronSpectrum 10.06.2026 14:49:30	EEG	checkup_149_10.06.2026 14:49:30	500.0	499.6666666666667	True	0.5	40.0	4	True	50.0	30.0	1103.616943359375	40.58935926461919	903.599853515625	16.303379636932	-499.4775390625	71.12419660924556	-916.133544921875	-82.30990390521137	-407.669677734375	-136.00593662164857	-147.15650939941406	-97.94155493215068	-74.21202087402344	-63.035682248003965	-59.1713981628418	-5.808421360710956	0.0	0.0	0.0	0.0
0.4201023578643799	1781093599.0	1781093599.169976	1	10.0	10.0	8.0	8.0	NeuronSpectrum 10.06.2026 14:49:30	EEG	checkup_149_10.06.2026 14:49:30	500.0	499.6666666666667	True	0.5	40.0	4	True	50.0	30.0	1157.6656494140625	23.45627584803297	938.8975830078125	-0.9954950912946763	-535.6605834960938	73.4502907747485	-974.0469970703125	-77.58586282507343	-439.1947937011719	-137.9490419376794	-161.001953125	-101.74755742136347	-85.1283187866211	-70.28301211622578	-62.00931930541992	-5.094294796405014	0.0	0.0	0.0	0.0
0.4201042652130127	1781093599.0	1781093599.169978	1	10.0	10.0	8.0	8.0	NeuronSpectrum 10.06.2026 14:49:30	EEG	checkup_149_10.06.2026 14:49:30	500.0	499.6666666666667	True	0.5	40.0	4	True	50.0	30.0	1252.2308349609375	-2.5191215910472637	1005.2094116210938	-26.093772491680085	-592.060302734375	79.22255212041183	-1065.6751708984375	-65.91686114387223	-487.7198181152344	-137.48878474905422	-178.83412170410156	-105.28341931938867	-97.16144561767578	-77.36991497015094	-66.76029968261719	-3.7732616123389637	0.0	0.0	0.0	0.0
0.4201056957244873	1781093599.0	1781093599.1699793	1	10.0	10.0	8.0	8.0	NeuronSpectrum 10.06.2026 14:49:30	EEG	checkup_149_10.06.2026 14:49:30	500.0	499.6666666666667	True	0.5	40.0	4	True	50.0	30.0	1312.975830078125	-33.37761666576585	1046.49609375	-55.24471130766841	-630.2869873046875	87.32396025727367	-1127.0234375	-49.46238539978212	-522.758544921875	-135.35325961117078	-191.67410278320312	-108.11782888345796	-108.13663482666016	-83.53237952988309	-69.66549682617188	-2.0612602357962317	0.0	0.0	0.0	0.0
0.4201076030731201	1781093599.0	1781093599.1699812	1	10.0	10.0	8.0	8.0	NeuronSpectrum 10.06.2026 14:49:30	EEG	checkup_149_10.06.2026 14:49:30	500.0	499.6666666666667	True	0.5	40.0	4	True	50.0	30.0	1239.7481689453125	-63.79021419201781	986.0535888671875	-83.6410978886901	-600.2225952148438	95.9120654130008	-1073.17236328125	-31.694431237957478	-503.5936584472656	-132.83448916044551	-188.678466796875	-110.02523812579899	-115.45467376708984	-88.22049510346129	-65.62691497802734	-0.26436213006604653	0.0	0.0	0.0	0.0
0.4201090335845947	1781093599.0	1781093599.1699827	1	10.0	10.0	8.0	8.0	NeuronSpectrum 10.06.2026 14:49:30	EEG	checkup_149_10.06.2026 14:49:30	500.0	499.6666666666667	True	0.5	40.0	4	True	50.0	30.0	966.4642333984375	-87.98055267380546	772.6449584960938	-106.22861107020846	-469.8726806640625	102.75774771246309	-848.5914306640625	-16.769347970430054	-403.12969970703125	-131.53391159037648	-163.38587951660156	-111.00870457020687	-116.07456970214844	-91.15828000028235	-51.27741622924805	1.2760968664280088	0.0	0.0	0.0	0.0
0.42011070251464844	1781093599.0	1781093599.1699843	1	10.0	10.0	8.0	8.0	NeuronSpectrum 10.06.2026 14:49:30	EEG	checkup_149_10.06.2026 14:49:30	500.0	499.6666666666667	True	0.5	40.0	4	True	50.0	30.0	512.4728393554688	-101.10046853116769	420.4417419433594	-118.84020837443951	-250.34817504882812	105.84432843885888	-469.9990234375	-8.449619182854212	-228.41619873046875	-132.89573511035488	-118.64601135253906	-111.23391943945376	-106.7188949584961	-92.3263943659714	-27.629196166992188	2.262811759156924	0.0	0.0	0.0	0.0
0.4716067314147949	1781093599.0	1781093599.2214804	1	10.0	10.0	8.0	8.0	NeuronSpectrum 10.06.2026 14:49:30	EEG	checkup_149_10.06.2026 14:49:30	500.0	499.6666666666667	True	0.5	40.0	4	True	50.0	30.0	1150.391357421875	-100.56122609367627	916.0623779296875	-119.25890416824953	-561.9338989257812	103.99337497101443	-1001.43115234375	-8.985763771816568	-487.19622802734375	-137.71717945563583	-182.24298095703125	-110.91364755697441	-111.94430541992188	-91.88646130926497	-60.262020111083984	2.519002586627227	0.0	0.0	0.0	0.0
0.47161293029785156	1781093599.0	1781093599.2214866	1	10.0	10.0	8.0	8.0	NeuronSpectrum 10.06.2026 14:49:30	EEG	checkup_149_10.06.2026 14:49:30	500.0	499.6666666666667	True	0.5	40.0	4	True	50.0	30.0	1149.5390625	-86.72315747174441	917.3070678710938	-107.74868592233473	-559.9140014648438	97.22417363172578	-997.9630126953125	-18.46944237900034	-489.9042663574219	-145.87228966624087	-178.99755859375	-110.20402191777008	-106.93184661865234	-90.08392252279833	-60.01354217529297	2.030217788948454	0.0	0.0	0.0	0.0
0.4716155529022217	1781093599.0	1781093599.2214892	1	10.0	10.0	8.0	8.0	NeuronSpectrum 10.06.2026 14:49:30	EEG	checkup_149_10.06.2026 14:49:30	500.0	499.6666666666667	True	0.5	40.0	4	True	50.0	30.0	1157.5736083984375	-62.65579345225171	926.0380859375	-86.83985514098063	-562.3026123046875	86.69564697030381	-1001.0081176757812	-34.92247596949821	-494.0906677246094	-156.36950236254583	-175.7040557861328	-109.15418380786282	-102.83831787109375	-87.16714449570395	-60.261314392089844	0.9360095065285049	0.0	0.0	0.0	0.0
0.4716174602508545	1781093599.0	1781093599.221491	1	10.0	10.0	8.0	8.0	NeuronSpectrum 10.06.2026 14:49:30	EEG	checkup_149_10.06.2026 14:49:30	500.0	499.6666666666667	True	0.5	40.0	4	True	50.0	30.0	1172.669921875	-33.16661047332036	940.729736328125	-60.534455942563724	-568.835205078125	74.31057286189157	-1009.5244750976562	-54.984769324714584	-499.3931579589844	-167.6741575592887	-172.7515106201172	-107.71004656201386	-100.18175506591797	-83.34555034423632	-60.939056396484375	-0.5185190699088444	0.0	0.0	0.0	0.0
0.4716193675994873	1781093599.0	1781093599.221493	1	10.0	10.0	8.0	8.0	NeuronSpectrum 10.06.2026 14:49:30	EEG	checkup_149_10.06.2026 14:49:30	500.0	499.6666666666667	True	0.5	40.0	4	True	50.0	30.0	1183.155517578125	-3.584396133178931	952.2020263671875	-33.31931521390326	-573.9835205078125	62.200543495390576	-1014.2271728515625	-74.82063718462919	-501.73052978515625	-178.11500450995013	-169.51661682128906	-105.74745057006768	-97.7198715209961	-78.78847175937784	-61.47658920288086	-2.046219160260354	0.0	0.0	0.0	0.0
0.471621036529541	1781093599.0	1781093599.2214947	1	10.0	10.0	8.0	8.0	NeuronSpectrum 10.06.2026 14:49:30	EEG	checkup_149_10.06.2026 14:49:30	500.0	499.6666666666667	True	0.5	40.0	4	True	50.0	30.0	1173.7529296875	21.2620505839959	948.4598999023438	-9.335108845324275	-569.9967651367188	52.29091336135295	-1002.7938842773438	-90.89277227471099	-495.7051696777344	-186.21259408034143	-164.8495330810547	-103.11196806016729	-93.33854675292969	-73.6496602859458	-61.09965896606445	-3.3735495838279945	0.0	0.0	0.0	0.0
0.47162294387817383	1781093599.0	1781093599.2214966	1	10.0	10.0	8.0	8.0	NeuronSpectrum 10.06.2026 14:49:30	EEG	checkup_149_10.06.2026 14:49:30	500.0	499.6666666666667	True	0.5	40.0	4	True	50.0	30.0	1140.51904296875	37.66493854756734	926.4539794921875	8.137919074324044	-554.3316650390625	46.03690080064366	-972.1738891601562	-100.43983644548602	-480.4478759765625	-190.86058345594853	-158.3392791748047	-99.65787619837106	-86.12373352050781	-68.09635212951315	-59.57599639892578	-4.277428766336303	0.0	0.0	0.0	0.0
0.47162461280822754	1781093599.0	1781093599.2214983	1	10.0	10.0	8.0	8.0	NeuronSpectrum 10.06.2026 14:49:30	EEG	checkup_149_10.06.2026 14:49:30	500.0	499.6666666666667	True	0.5	40.0	4	True	50.0	30.0	1102.8701171875	43.293669758361986	901.547119140625	16.907498285601715	-535.8363647460938	44.31335044019346	-938.4431762695312	-101.68490797712545	-464.2666015625	-191.38417535489594	-151.4138946533203	-95.29080052266497	-78.07476806640625	-62.32743773536984	-57.8264045715332	-4.60444845429116	0.0	0.0	0.0	0.0
0.47162652015686035	1781093599.0	1781093599.2215002	1	10.0	10.0	8.0	8.0	NeuronSpectrum 10.06.2026 14:49:30	EEG	checkup_149_10.06.2026 14:49:30	500.0	499.6666666666667	True	0.5	40.0	4	True	50.0	30.0	1097.6011962890625	37.26528362002999	902.6759643554688	15.953085594287277	-532.268310546875	47.37774564082876	-931.843505859375	-93.91523037098514	-462.08306884765625	-187.55267275960773	-147.01095581054688	-90.02080844441952	-73.51190948486328	-56.577739075065736	-57.6384391784668	-4.280712454073275	0.0	0.0	0.0	0.0
0.47162842750549316	1781093599.0	1781093599.221502	1	10.0	10.0	8.0	8.0	NeuronSpectrum 10.06.2026 14:49:30	EEG	checkup_149_10.06.2026 14:49:30	500.0	499.6666666666667	True	0.5	40.0	4	True	50.0	30.0	1150.9014892578125	20.213597652497256	950.05419921875	5.51109290408453	-556.9868774414062	54.82663003549631	-973.7840576171875	-77.57539752474771	-484.122802734375	-179.61930165305205	-147.4113006591797	-84.02519289028487	-75.66724395751953	-51.11525568257484	-60.27589416503906	-3.320662385003499	0.0	0.0	0.0	0.0
0.4716298580169678	1781093599.0	1781093599.2215035	1	10.0	10.0	8.0	8.0	NeuronSpectrum 10.06.2026 14:49:30	EEG	checkup_149_10.06.2026 14:49:30	500.0	499.6666666666667	True	0.5	40.0	4	True	50.0	30.0	1244.56103515625	-5.589789787174588	1028.3712158203125	-12.799840257074278	-602.4187622070312	65.52809569766907	-1049.1365966796875	-54.40773533797837	-522.4302368164062	-168.40286756535608	-151.46849060058594	-77.70567960182144	-82.53395080566406	-46.23729250542269	-64.79431915283203	-1.8365923362518788	0.0	0.0	0.0	0.0
0.4716315269470215	1781093599.0	1781093599.2215052	1	10.0	10.0	8.0	8.0	NeuronSpectrum 10.06.2026 14:49:30	EEG	checkup_149_10.06.2026 14:49:30	500.0	499.6666666666667	True	0.5	40.0	4	True	50.0	30.0	1304.8289794921875	-36.20832864108752	1078.18505859375	-35.93479305996262	-634.0169067382812	77.60515031418636	-1097.1815185546875	-27.51151010088483	-546.6552734375	-155.34174322783997	-153.5303192138672	-71.71020138430966	-85.63168334960938	-42.25987212154981	-67.49187469482422	-0.040737115545475405	0.0	0.0	0.0	0.0
0.4716331958770752	1781093599.0	1781093599.2215068	1	10.0	10.0	8.0	8.0	NeuronSpectrum 10.06.2026 14:49:30	EEG	checkup_149_10.06.2026 14:49:30	500.0	499.6666666666667	True	0.5	40.0	4	True	50.0	30.0	1232.2103271484375	-66.38196286023842	1020.0010375976562	-59.683640615000265	-603.831298828125	88.60238669024	-1036.161376953125	-1.0889370364530726	-516.3727416992188	-142.3976840405695	-145.6279296875	-66.88557626982703	-74.02565002441406	-39.4840364628376	-63.41201400756836	1.7742102002808786	0.0	0.0	0.0	0.0
0.4716348648071289	1781093599.0	1781093599.2215085	1	10.0	10.0	8.0	8.0	NeuronSpectrum 10.06.2026 14:49:30	EEG	checkup_149_10.06.2026 14:49:30	500.0	499.6666666666667	True	0.5	40.0	4	True	50.0	30.0	960.9661254882812	-90.43051235390926	801.90087890625	-79.39415729380619	-478.77874755859375	95.92540344382705	-812.1666259765625	20.284174238326493	-405.2574768066406	-131.722107964831	-122.17916107177734	-64.1443030174151	-42.051475524902344	-38.12801072800616	-49.32818603515625	3.2855426214663965	0.0	0.0	0.0	0.0
0.4716365337371826	1781093599.0	1781093599.2215102	1	10.0	10.0	8.0	8.0	NeuronSpectrum 10.06.2026 14:49:30	EEG	checkup_149_10.06.2026 14:49:30	500.0	499.6666666666667	True	0.5	40.0	4	True	50.0	30.0	510.1801452636719	-103.59668977547678	440.1493225097656	-91.05923374542438	-265.6221618652344	97.48831729379113	-441.0313415527344	32.762937477630416	-221.6290740966797	-125.1294492812513	-84.228271484375	-64.2658254507344	4.422722339630127	-38.24056344354944	-26.289690017700195	4.214810350254705	0.0	0.0	0.0	0.0
0.5225789546966553	1781093599.0	1781093599.2724526	1	10.0	10.0	8.0	8.0	NeuronSpectrum 10.06.2026 14:49:30	EEG	checkup_149_10.06.2026 14:49:30	500.0	499.6666666666667	True	0.5	40.0	4	True	50.0	30.0	1143.9935302734375	-103.34351892606902	945.8991088867188	-92.3781071858662	-578.3873291015625	92.32960643653075	-956.8964233398438	34.31157722843347	-475.381103515625	-123.57399394904218	-139.0215606689453	-67.69199334112405	-72.9644546508789	-39.64057623282011	-58.239131927490234	4.400120035996216	0.0	0.0	0.0	0.0
0.5225846767425537	1781093599.0	1781093599.2724583	1	10.0	10.0	8.0	8.0	NeuronSpectrum 10.06.2026 14:49:30	EEG	checkup_149_10.06.2026 14:49:30	500.0	499.6666666666667	True	0.5	40.0	4	True	50.0	30.0	1142.8455810546875	-90.0223229403886	943.66259765625	-83.32174255665326	-584.709716796875	80.9108335227928	-953.3204956054688	25.269576274871923	-472.386962890625	-126.87081137745034	-143.43064880371094	-74.38974263824839	-75.99330139160156	-41.92983160472308	-58.163795471191406	3.835706444072598	0.0	0.0	0.0	0.0
0.5225870609283447	1781093599.0	1781093599.2724607	1	10.0	10.0	8.0	8.0	NeuronSpectrum 10.06.2026 14:49:30	EEG	checkup_149_10.06.2026 14:49:30	500.0	499.6666666666667	True	0.5	40.0	4	True	50.0	30.0	1150.178466796875	-66.63176207975623	948.9141235351562	-65.97579244722854	-594.1986694335938	64.9636207543188	-957.034912109375	8.167431762894928	-472.648681640625	-133.7810316782017	-151.72174072265625	-83.8277453958486	-78.18915557861328	-44.5889832061943	-58.60034942626953	2.6637222509515173	0.0	0.0	0.0	0.0
0.5225889682769775	1781093599.0	1781093599.2724626	1	10.0	10.0	8.0	8.0	NeuronSpectrum 10.06.2026 14:49:30	EEG	checkup_149_10.06.2026 14:49:30	500.0	499.6666666666667	True	0.5	40.0	4	True	50.0	30.0	1164.2930908203125	-37.865898747215624	960.35986328125	-43.816508663683315	-605.6260986328125	46.98610824873936	-966.8389892578125	-13.054480893461566	-475.69171142578125	-142.3891207639046	-163.39268493652344	-95.0663879207451	-79.24372100830078	-47.11861479892201	-59.420265197753906	1.127782695432773	0.0	0.0	0.0	0.0
0.5225911140441895	1781093599.0	1781093599.2724648	1	10.0	10.0	8.0	8.0	NeuronSpectrum 10.06.2026 14:49:30	EEG	checkup_149_10.06.2026 14:49:30	500.0	499.6666666666667	True	0.5	40.0	4	True	50.0	30.0	1173.8016357421875	-8.929532973867113	968.70361328125	-20.798825157587864	-613.0676879882812	29.630055046829497	-973.4490966796875	-34.03688524608085	-477.14404296875	-150.58449633229648	-176.0513458251953	-106.92423495779292	-79.01490020751953	-49.16742474440935	-60.0224609375	-0.4876081246168929	0.0	0.0	0.0	0.0
0.5225927829742432	1781093599.0	1781093599.2724664	1	10.0	10.0	8.0	8.0	NeuronSpectrum 10.06.2026 14:49:30	EEG	checkup_149_10.06.2026 14:49:30	500.0	499.6666666666667	True	0.5	40.0	4	True	50.0	30.0	1163.7584228515625	15.449917712827348	961.7107543945312	-0.5959862293750833	-609.0797729492188	15.197284705889647	-964.3997802734375	-50.848760143711914	-471.0547790527344	-156.47537903934253	-186.36624145507812	-118.17373847589201	-77.50100708007812	-50.60621510075233	-59.64959716796875	-1.9098006679994255	0.0	0.0	0.0	0.0
0.5225949287414551	1781093599.0	1781093599.2724686	1	10.0	10.0	8.0	8.0	NeuronSpectrum 10.06.2026 14:49:30	EEG	checkup_149_10.06.2026 14:49:30	500.0	499.6666666666667	True	0.5	40.0	4	True	50.0	30.0	1130.418701171875	31.619741851064546	936.2642822265625	13.858600376352957	-592.427978515625	5.3470636989984905	-936.0289916992188	-60.521888067121964	-455.59112548828125	-158.65222682157832	-192.36880493164062	-127.72698715979607	-75.007568359375	-51.53717827297334	-58.11735534667969	-2.9126761759833943	0.0	0.0	0.0	0.0
0.5225968360900879	1781093599.0	1781093599.2724705	1	10.0	10.0	8.0	8.0	NeuronSpectrum 10.06.2026 14:49:30	EEG	checkup_149_10.06.2026 14:49:30	500.0	499.6666666666667	True	0.5	40.0	4	True	50.0	30.0	1093.1256103515625	37.250402736499794	908.0474853515625	20.56575448105385	-574.2455444335938	0.9946230089635567	-903.3050537109375	-61.29161472544203	-437.73345947265625	-156.3084649181792	-195.45947265625	-134.786892480427	-72.39430236816406	-52.250814871647684	-56.387664794921875	-3.3348629594300903	0.0	0.0	0.0	0.0
0.5225989818572998	1781093599.0	1781093599.2724726	1	10.0	10.0	8.0	8.0	NeuronSpectrum 10.06.2026 14:49:30	EEG	checkup_149_10.06.2026 14:49:30	500.0	499.6666666666667	True	0.5	40.0	4	True	50.0	30.0	1088.352783203125	31.414787496788843	906.689697265625	18.53881494323994	-574.6141967773438	2.307027786179855	-895.3687744140625	-52.67406572428243	-431.2221984863281	-149.27950119141545	-199.94541931152344	-138.95282279055954	-71.09847259521484	-53.15134901770634	-56.253814697265625	-3.089976770063013	0.0	0.0	0.0	0.0
0.5226008892059326	1781093599.0	1781093599.2724745	1	10.0	10.0	8.0	8.0	NeuronSpectrum 10.06.2026 14:49:30	EEG	checkup_149_10.06.2026 14:49:30	500.0	499.6666666666667	True	0.5	40.0	4	True	50.0	30.0	1141.93896484375	14.677666449576398	953.1641235351562	7.9105449076748755	-607.482666015625	8.699358773862981	-933.4368896484375	-35.51477133080337	-446.1545715332031	-138.06327984906886	-209.43577575683594	-140.27677982107977	-72.68049621582031	-54.66951781619426	-58.95546340942383	-2.1772648938304706	0.0	0.0	0.0	0.0
0.5226030349731445	1781093599.0	1781093599.2724767	1	10.0	10.0	8.0	8.0	NeuronSpectrum 10.06.2026 14:49:30	EEG	checkup_149_10.06.2026 14:49:30	500.0	499.6666666666667	True	0.5	40.0	4	True	50.0	30.0	1235.5804443359375	-10.759617802393432	1032.5067138671875	-9.898831978926399	-662.6355590820312	18.802426418257465	-1003.818603515625	-12.044262272817209	-476.2393798828125	-123.83876196862923	-222.21156311035156	-139.263590669829	-77.93887329101562	-57.175151850187305	-63.5291862487793	-0.694162761598206	0.0	0.0	0.0	0.0
0.5226051807403564	1781093599.0	1781093599.2724788	1	10.0	10.0	8.0	8.0	NeuronSpectrum 10.06.2026 14:49:30	EEG	checkup_149_10.06.2026 14:49:30	500.0	499.6666666666667	True	0.5	40.0	4	True	50.0	30.0	1295.837646484375	-41.0128443377247	1084.8260498046875	-32.08435015179889	-699.9680786132812	30.477212902131512	-1048.708251953125	14.173088423149858	-494.408203125	-108.42871101139562	-229.4451904296875	-136.80029687348465	-85.98609924316406	-60.896216006599374	-66.29161834716797	1.1577817475302774	0.0	0.0	0.0	0.0
0.5226070880889893	1781093599.0	1781093599.2724807	1	10.0	10.0	8.0	8.0	NeuronSpectrum 10.06.2026 14:49:30	EEG	checkup_149_10.06.2026 14:49:30	500.0	499.6666666666667	True	0.5	40.0	4	True	50.0	30.0	1223.7886962890625	-70.84670346657222	1029.372802734375	-54.666638991128586	-665.7977905273438	41.01811585085018	-989.474609375	38.60307353896327	-463.7429504394531	-94.11050025432237	-218.85256958007812	-133.9988545823595	-93.80650329589844	-65.8493392772166	-62.3380241394043	3.0884657846782897	0.0	0.0	0.0	0.0
0.5226092338562012	1781093599.0	1781093599.2724829	1	10.0	10.0	8.0	8.0	NeuronSpectrum 10.06.2026 14:49:30	EEG	checkup_149_10.06.2026 14:49:30	500.0	499.6666666666667	True	0.5	40.0	4	True	50.0	30.0	954.1581420898438	-94.57897690300821	812.6253051757812	-73.17861600753112	-525.037109375	47.642037076534876	-773.7437744140625	56.551312302502076	-359.63739013671875	-83.2144663315326	-182.39781188964844	-131.95694964557205	-96.65277862548828	-71.7904680858744	-48.48405838012695	4.766663824209831	0.0	0.0	0.0	0.0
0.5226109027862549	1781093599.0	1781093599.2724845	1	10.0	10.0	8.0	8.0	NeuronSpectrum 10.06.2026 14:49:30	EEG	checkup_149_10.06.2026 14:49:30	500.0	499.6666666666667	True	0.5	40.0	4	True	50.0	30.0	506.0306396484375	-107.4327191069047	449.6327819824219	-83.73759741661519	-288.5877990722656	48.19150739814744	-416.07635498046875	64.29664083006	-188.9680633544922	-77.57067853242361	-122.9957275390625	-131.48512732516912	-89.3110122680664	-78.20107631903255	-25.76410675048828	5.893392672647917	0.0	0.0	0.0	0.0
0.5226130485534668	1781093599.0	1781093599.2724867	1	10.0	10.0	8.0	8.0	NeuronSpectrum 10.06.2026 14:49:30	EEG	checkup_149_10.06.2026 14:49:30	500.0	499.6666666666667	True	0.5	40.0	4	True	50.0	30.0	1135.665771484375	-106.84758925976635	959.6875610351562	-84.11249819481615	-635.8728637695312	41.788275257570035	-928.9535522460938	60.1408348138434	-429.2330322265625	-78.00035039270651	-212.32623291015625	-132.88961127523365	-115.81509399414062	-84.32897041559751	-56.18373107910156	6.276404580030788	0.0	0.0	0.0	0.0
0.5226149559020996	1781093599.0	1781093599.2724886	1	10.0	10.0	8.0	8.0	NeuronSpectrum 10.06.2026 14:49:30	EEG	checkup_149_10.06.2026 14:49:30	500.0	499.6666666666667	True	0.5	40.0	4	True	50.0	30.0	1134.669921875	-93.16220676517176	957.142822265625	-74.30952284236459	-642.1273193359375	29.12636476897749	-934.657958984375	44.89939158562854	-431.3581848144531	-84.07990575709279	-216.34335327148438	-135.89952738543255	-120.86312103271484	-89.29463933387056	-55.61129379272461	5.875178675715099	0.0	0.0	0.0	0.0
0.5226168632507324	1781093599.0	1781093599.2724905	1	10.0	10.0	8.0	8.0	NeuronSpectrum 10.06.2026 14:49:30	EEG	checkup_149_10.06.2026 14:49:30	500.0	499.6666666666667	True	0.5	40.0	4	True	50.0	30.0	1142.41748046875	-69.38334036443985	961.2703857421875	-56.43990955447808	-652.1620483398438	12.263684298304858	-947.240966796875	21.615910292283413	-437.15509033203125	-94.28264862223686	-221.13973999023438	-139.76994357219493	-123.3991470336914	-92.25191207452377	-55.757137298583984	4.800088005621004	0.0	0.0	0.0	0.0
0.5226190090179443	1781093599.0	1781093599.2724926	1	10.0	10.0	8.0	8.0	NeuronSpectrum 10.06.2026 14:49:30	EEG	checkup_149_10.06.2026 14:49:30	500.0	499.6666666666667	True	0.5	40.0	4	True	50.0	30.0	1157.1763916015625	-40.235931399324116	971.290283203125	-34.01582923132237	-664.4368896484375	-5.966787305368761	-964.1756591796875	-5.321611866423442	-445.1649475097656	-106.41370644530649	-225.29287719726562	-143.51360029431544	-123.02387237548828	-92.56550396302583	-56.61460494995117	3.272835401021553	0.0	0.0	0.0	0.0
0.5226209163665771	1781093599.0	1781093599.2724946	1	10.0	10.0	8.0	8.0	NeuronSpectrum 10.06.2026 14:49:30	EEG	checkup_149_10.06.2026 14:49:30	500.0	499.6666666666667	True	0.5	40.0	4	True	50.0	30.0	1167.492919921875	-10.97090339334629	978.4209594726562	-11.047153282568939	-672.3704223632812	-22.652565081956517	-975.3220825195312	-31.25096984008505	-450.34637451171875	-118.14081038856672	-226.44578552246094	-146.16818101511748	-118.7667465209961	-89.95401560617964	-57.592105865478516	1.5697135245971288	0.0	0.0	0.0	0.0
0.5226230621337891	1781093599.0	1781093599.2724967	1	10.0	10.0	8.0	8.0	NeuronSpectrum 10.06.2026 14:49:30	EEG	checkup_149_10.06.2026 14:49:30	500.0	499.6666666666667	True	0.5	40.0	4	True	50.0	30.0	1158.3253173828125	13.637352172358659	970.7640991210938	8.724472420083893	-667.6923828125	-35.358918766871874	-968.1199951171875	-52.11869130803188	-446.5933837890625	-127.43887163782921	-222.34811401367188	-147.01224362593243	-109.74205017089844	-84.55393165825353	-57.82088851928711	-0.03183718435187667	0.0	0.0	0.0	0.0
0.5226247310638428	1781093599.0	1781093599.2724984	1	10.0	10.0	8.0	8.0	NeuronSpectrum 10.06.2026 14:49:30	EEG	checkup_149_10.06.2026 14:49:30	500.0	499.6666666666667	True	0.5	40.0	4	True	50.0	30.0	1125.7574462890625	29.903926716615725	945.2650146484375	22.302609005039372	-648.3580932617188	-42.43526474916375	-939.6764526367188	-64.99728993683232	-432.4953308105469	-132.85754847821238	-212.83851623535156	-145.68189718715132	-96.73988342285156	-76.88514136141815	-56.938392639160156	-1.2928463752955845	0.0	0.0	0.0	0.0
0.5226268768310547	1781093599.0	1781093599.2725005	1	10.0	10.0	8.0	8.0	NeuronSpectrum 10.06.2026 14:49:30	EEG	checkup_149_10.06.2026 14:49:30	500.0	499.6666666666667	True	0.5	40.0	4	True	50.0	30.0	1088.85693359375	35.49251306144565	917.3845825195312	27.657770601361694	-624.9546508789062	-43.093618890705876	-906.3719482421875	-68.26142683569968	-415.8887939453125	-133.61781773645495	-201.28759765625	-142.18480606575878	-83.3686752319336	-67.73146077423556	-55.752689361572266	-2.0382902926109367	0.0	0.0	0.0	0.0
0.5226285457611084	1781093599.0	1781093599.2725022	1	10.0	10.0	8.0	8.0	NeuronSpectrum 10.06.2026 14:49:30	EEG	checkup_149_10.06.2026 14:49:30	500.0	499.6666666666667	True	0.5	40.0	4	True	50.0	30.0	1083.7979736328125	29.49610941584065	916.29443359375	23.83391408237284	-617.6406860351562	-37.365081841045146	-898.8251953125	-61.57452726702141	-411.4368591308594	-129.60604723781537	-193.61395263671875	-136.8413335966659	-74.98017883300781	-57.97794495561931	-56.0014533996582	-2.1740938550292173	0.0	0.0	0.0	0.0
0.5226306915283203	1781093599.0	1781093599.2725043	1	10.0	10.0	8.0	8.0	NeuronSpectrum 10.06.2026 14:49:30	EEG	checkup_149_10.06.2026 14:49:30	500.0	499.6666666666667	True	0.5	40.0	4	True	50.0	30.0	1136.3052978515625	12.51819327878662	962.3807983398438	11.075464508703506	-641.4060668945312	-26.047891131948987	-939.042724609375	-45.85156993863646	-429.7416687011719	-121.34400401556331	-194.41244506835938	-130.19564666169248	-75.01884460449219	-48.45805560723317	-58.975013732910156	-1.70134418704009	0.0	0.0	0.0	0.0
0.5226330757141113	1781093599.0	1781093599.2725067	1	10.0	10.0	8.0	8.0	NeuronSpectrum 10.06.2026 14:49:30	EEG	checkup_149_10.06.2026 14:49:30	500.0	499.6666666666667	True	0.5	40.0	4	True	50.0	30.0	1228.3721923828125	-13.197162944936029	1040.14697265625	-9.000638898406592	-688.025390625	-10.692901265763096	-1012.9027099609375	-23.263636003820192	-464.2409362792969	-109.96889431451504	-202.31321716308594	-122.92970902384081	-80.95121002197266	-39.851336425729265	-63.804691314697266	-0.7275839863201271	0.0	0.0	0.0	0.0
0.522634744644165	1781093599.0	1781093599.2725084	1	10.0	10.0	8.0	8.0	NeuronSpectrum 10.06.2026 14:49:30	EEG	checkup_149_10.06.2026 14:49:30	500.0	499.6666666666667	True	0.5	40.0	4	True	50.0	30.0	1287.302734375	-43.733574599295494	1089.4818115234375	-33.32470144461869	-719.65478515625	6.434539399275778	-1061.0330810546875	2.810617960821586	-486.8461608886719	-97.1836660104355	-208.27554321289062	-115.78757665505688	-83.39541625976562	-32.64143003481116	-66.85994720458984	0.5333828473190066	0.0	0.0	0.0	0.0
0.5226366519927979	1781093599.0	1781093599.2725103	1	10.0	10.0	8.0	8.0	NeuronSpectrum 10.06.2026 14:49:30	EEG	checkup_149_10.06.2026 14:49:30	500.0	499.6666666666667	True	0.5	40.0	4	True	50.0	30.0	1215.0880126953125	-73.84214599941846	1029.9727783203125	-57.622704451792835	-683.8950805664062	22.550986074296596	-1002.898681640625	28.09135843116013	-459.3595886230469	-85.0864681842812	-199.24867248535156	-109.49403980662292	-70.62747192382812	-27.11294092624286	-63.20255661010742	1.7863434662861877	0.0	0.0	0.0	0.0
0.5226383209228516	1781093599.0	1781093599.272512	1	10.0	10.0	8.0	8.0	NeuronSpectrum 10.06.2026 14:49:30	EEG	checkup_149_10.06.2026 14:49:30	500.0	499.6666666666667	True	0.5	40.0	4	True	50.0	30.0	947.0432739257812	-97.84327810033315	809.049072265625	-77.15629793781622	-544.8024291992188	34.80948762387785	-785.013427734375	48.11104510496116	-356.36273193359375	-75.81394626910217	-165.8636932373047	-104.65040282343034	-36.68971633911133	-23.35522965820219	-49.5577278137207	2.7115596615277946	0.0	0.0	0.0	0.0
0.5226402282714844	1781093599.0	1781093599.2725139	1	10.0	10.0	8.0	8.0	NeuronSpectrum 10.06.2026 14:49:30	EEG	checkup_149_10.06.2026 14:49:30	500.0	499.6666666666667	True	0.5	40.0	4	True	50.0	30.0	502.1099853515625	-110.96738179598536	443.0523376464844	-87.85235521988217	-310.1167907714844	40.954684452391824	-422.40234375	59.241407421611925	-184.9159698486328	-71.04659383216098	-109.31415557861328	-101.61736349764143	12.247888565063477	-21.260132721743087	-26.888919830322266	3.0441273452046946	0.0	0.0	0.0	0.0
0.5735366344451904	1781093599.0	1781093599.3234103	1	10.0	10.0	8.0	8.0	NeuronSpectrum 10.06.2026 14:49:30	EEG	checkup_149_10.06.2026 14:49:30	500.0	499.6666666666667	True	0.5	40.0	4	True	50.0	30.0	1127.066650390625	-110.65185449246104	956.1866455078125	-87.41807893545634	-645.08056640625	39.936185304181194	-934.9861450195312	59.658247758425105	-427.7753601074219	-71.55610733178902	-188.8977508544922	-100.43037881198842	-61.290199279785156	-20.53171749608408	-59.81562042236328	2.6479203135269183	0.0	0.0	0.0	0.0
0.573542594909668	1781093599.0	1781093599.3234162	1	10.0	10.0	8.0	8.0	NeuronSpectrum 10.06.2026 14:49:30	EEG	checkup_149_10.06.2026 14:49:30	500.0	499.6666666666667	True	0.5	40.0	4	True	50.0	30.0	1126.1787109375	-97.21402103662878	955.3170166015625	-75.95276718674126	-646.5833129882812	32.18894700897141	-933.7349243164062	49.795736055096526	-428.88720703125	-77.00696024595676	-187.87884521484375	-100.79966565458406	-61.662227630615234	-20.736484905366595	-60.50904083251953	1.5522759260615429	0.0	0.0	0.0	0.0
0.573544979095459	1781093599.0	1781093599.3234186	1	10.0	10.0	8.0	8.0	NeuronSpectrum 10.06.2026 14:49:30	EEG	checkup_149_10.06.2026 14:49:30	500.0	499.6666666666667	True	0.5	40.0	4	True	50.0	30.0	1134.0321044921875	-73.62074375629125	962.6300659179688	-55.81261405567245	-651.2763061523438	19.448840703996837	-938.17626953125	32.08859992663099	-432.9101257324219	-86.10511298619177	-186.66787719726562	-102.20845267676138	-60.96806335449219	-21.397146650593903	-61.63266372680664	-0.06326402379501399	0.0	0.0	0.0	0.0
0.5735471248626709	1781093599.0	1781093599.3234208	1	10.0	10.0	8.0	8.0	NeuronSpectrum 10.06.2026 14:49:30	EEG	checkup_149_10.06.2026 14:49:30	500.0	499.6666666666667	True	0.5	40.0	4	True	50.0	30.0	1148.8623046875	-44.548231466779406	976.745361328125	-30.874151492115033	-658.1334838867188	4.21973981386928	-947.2222900390625	10.180735506032256	-438.8780212402344	-97.00409593372135	-185.3361358642578	-104.06777321796461	-58.959983825683594	-22.096744048018596	-62.954959869384766	-1.9248054443845897	0.0	0.0	0.0	0.0
0.5735490322113037	1781093599.0	1781093599.3234227	1	10.0	10.0	8.0	8.0	NeuronSpectrum 10.06.2026 14:49:30	EEG	checkup_149_10.06.2026 14:49:30	500.0	499.6666666666667	True	0.5	40.0	4	True	50.0	30.0	1159.266845703125	-15.204329119929085	988.031982421875	-5.57454871956903	-661.3001708984375	-10.848966882733125	-952.2567749023438	-12.005610146094618	-442.2864685058594	-107.77442781878001	-183.03871154785156	-105.85941470596649	-55.973388671875	-22.54904415742185	-63.78835678100586	-3.7337022505655675	0.0	0.0	0.0	0.0
0.5735514163970947	1781093599.0	1781093599.323425	1	10.0	10.0	8.0	8.0	NeuronSpectrum 10.06.2026 14:49:30	EEG	checkup_149_10.06.2026 14:49:30	500.0	499.6666666666667	True	0.5	40.0	4	True	50.0	30.0	1150.3074951171875	9.660655210158511	983.6525268554688	15.924873755745981	-653.408935546875	-23.44810901005896	-941.9594116210938	-30.998638536344654	-437.5241394042969	-116.76681718676005	-178.63482666015625	-107.2154155686914	-52.736045837402344	-22.612701105677395	-63.339290618896484	-5.225226648224287	0.0	0.0	0.0	0.0
0.5735530853271484	1781093599.0	1781093599.3234267	1	10.0	10.0	8.0	8.0	NeuronSpectrum 10.06.2026 14:49:30	EEG	checkup_149_10.06.2026 14:49:30	500.0	499.6666666666667	True	0.5	40.0	4	True	50.0	30.0	1118.1431884765625	26.35915364006735	959.6862182617188	30.287417964649816	-633.4926147460938	-31.863425774671203	-914.0634155273438	-44.164204358860665	-423.572021484375	-122.79722266832609	-172.38502502441406	-107.92224729037156	-49.89331817626953	-22.257576510959108	-61.48278045654297	-6.20422269124437	0.0	0.0	0.0	0.0
0.5735554695129395	1781093599.0	1781093599.323429	1	10.0	10.0	8.0	8.0	NeuronSpectrum 10.06.2026 14:49:30	EEG	checkup_149_10.06.2026 14:49:30	500.0	499.6666666666667	True	0.5	40.0	4	True	50.0	30.0	1081.8133544921875	32.52514211092782	930.9884033203125	35.281717528775005	-613.1585693359375	-35.037256296257794	-884.7642822265625	-49.810245240941306	-408.4998474121094	-125.18005678415834	-167.2638702392578	-107.87456077139419	-47.57352066040039	-21.509768128773914	-59.35832595825195	-6.55895900690778	0.0	0.0	0.0	0.0
0.5735573768615723	1781093599.0	1781093599.323431	1	10.0	10.0	8.0	8.0	NeuronSpectrum 10.06.2026 14:49:30	EEG	checkup_149_10.06.2026 14:49:30	500.0	499.6666666666667	True	0.5	40.0	4	True	50.0	30.0	1077.3585205078125	27.20105717458848	926.6131591796875	29.92172228042281	-612.8712158203125	-32.55225460309413	-883.700439453125	-47.17947729854029	-406.97259521484375	-123.69409296405885	-167.99578857421875	-107.0224305222516	-45.40767288208008	-20.402255951717244	-59.00996780395508	-6.262798539718991	0.0	0.0	0.0	0.0
0.573559045791626	1781093599.0	1781093599.3234327	1	10.0	10.0	8.0	8.0	NeuronSpectrum 10.06.2026 14:49:30	EEG	checkup_149_10.06.2026 14:49:30	500.0	499.6666666666667	True	0.5	40.0	4	True	50.0	30.0	1130.361328125	10.928840123577116	967.5079345703125	14.593839691913589	-646.3668823242188	-24.650080253683903	-931.3698120117188	-36.49520635702012	-429.2822570800781	-118.56689736210888	-177.38436889648438	-105.35170520738758	-43.11829376220703	-18.94711460881221	-61.87849044799805	-5.374236698915136	0.0	0.0	0.0	0.0
0.5735611915588379	1781093599.0	1781093599.3234348	1	10.0	10.0	8.0	8.0	NeuronSpectrum 10.06.2026 14:49:30	EEG	checkup_149_10.06.2026 14:49:30	500.0	499.6666666666667	True	0.5	40.0	4	True	50.0	30.0	1222.798828125	-14.109840556413447	1039.404541015625	-8.804588798882405	-702.29345703125	-12.318053927694974	-1012.0670776367188	-19.105082060815974	-468.2154235839844	-110.50853353237474	-192.10635375976562	-102.91096665456735	-41.23091125488281	-17.13196993136663	-67.00892639160156	-4.039169936359087	0.0	0.0	0.0	0.0
0.5735628604888916	1781093599.0	1781093599.3234365	1	10.0	10.0	8.0	8.0	NeuronSpectrum 10.06.2026 14:49:30	EEG	checkup_149_10.06.2026 14:49:30	500.0	499.6666666666667	True	0.5	40.0	4	True	50.0	30.0	1282.1484375	-44.05403385602976	1083.73388671875	-36.84400901867274	-738.7227783203125	2.6414380546134746	-1065.2373046875	2.4064690237490085	-494.7817687988281	-100.74166967032444	-201.6455078125	-99.86236360840331	-41.106346130371094	-14.934217840112533	-70.47221374511719	-2.4885629927307793	0.0	0.0	0.0	0.0
0.5735645294189453	1781093599.0	1781093599.3234382	1	10.0	10.0	8.0	8.0	NeuronSpectrum 10.06.2026 14:49:30	EEG	checkup_149_10.06.2026 14:49:30	500.0	499.6666666666667	True	0.5	40.0	4	True	50.0	30.0	1210.6859130859375	-73.6985224492745	1021.3019409179688	-64.88043185491662	-700.3169555664062	17.722544737174406	-1009.8507690429688	24.380176143239623	-469.85888671875	-90.91793695872914	-192.59060668945312	-96.50810376116203	-43.802894592285156	-12.343210192762657	-66.95623779296875	-1.0174016404933346	0.0	0.0	0.0	0.0
0.573566198348999	1781093599.0	1781093599.3234398	1	10.0	10.0	8.0	8.0	NeuronSpectrum 10.06.2026 14:49:30	EEG	checkup_149_10.06.2026 14:49:30	500.0	499.6666666666667	True	0.5	40.0	4	True	50.0	30.0	943.9301147460938	-97.3932196216236	799.823974609375	-87.85796888283015	-551.5231323242188	30.131832283417445	-792.5913696289062	42.69918704413244	-367.3721618652344	-82.83573185157442	-156.61038208007812	-93.25021841296055	-48.23388671875	-9.38110878041121	-52.92540740966797	0.06535404483549007	0.0	0.0	0.0	0.0
0.5735681056976318	1781093599.0	1781093599.3234417	1	10.0	10.0	8.0	8.0	NeuronSpectrum 10.06.2026 14:49:30	EEG	checkup_149_10.06.2026 14:49:30	500.0	499.6666666666667	True	0.5	40.0	4	True	50.0	30.0	500.7751770019531	-110.38275815137425	434.8199462890625	-101.48023084325446	-304.4617614746094	37.45855561598146	-429.0259094238281	53.78564761382888	-194.2179412841797	-77.99312066008773	-96.97888946533203	-90.48216234777226	-50.02561569213867	-6.114879064218544	-29.333120346069336	0.509667998029776	0.0	0.0	0.0	0.0
0.5735695362091064	1781093599.0	1781093599.3234432	1	10.0	10.0	8.0	8.0	NeuronSpectrum 10.06.2026 14:49:30	EEG	checkup_149_10.06.2026 14:49:30	500.0	499.6666666666667	True	0.5	40.0	4	True	50.0	30.0	1122.9124755859375	-110.10307428121023	942.4270629882812	-103.33983013214676	-649.735595703125	38.34672132575678	-937.5393676757812	55.60098423173819	-438.2750244140625	-77.14939733415615	-177.45870971679688	-88.46182918348022	-33.59373474121094	-2.654743429435731	-62.70277786254883	0.19472580721717073	0.0	0.0	0.0	0.0
0.5735714435577393	1781093599.0	1781093599.323445	1	10.0	10.0	8.0	8.0	NeuronSpectrum 10.06.2026 14:49:30	EEG	checkup_149_10.06.2026 14:49:30	500.0	499.6666666666667	True	0.5	40.0	4	True	50.0	30.0	1121.771728515625	-96.85469716693005	941.2608642578125	-93.51809871162774	-646.482666015625	32.85620655698644	-932.6162109375	48.18562779893288	-436.29150390625	-80.1093532088053	-173.99974060058594	-87.2346234121141	-28.79817771911621	0.860406465892532	-62.83491516113281	-0.8344837319961707	0.0	0.0	0.0	0.0
0.573573112487793	1781093599.0	1781093599.3234468	1	10.0	10.0	8.0	8.0	NeuronSpectrum 10.06.2026 14:49:30	EEG	checkup_149_10.06.2026 14:49:30	500.0	499.6666666666667	True	0.5	40.0	4	True	50.0	30.0	1129.3037109375	-73.5734042087737	948.3218383789062	-74.41826973582764	-647.755126953125	22.359700816085635	-933.5287475585938	33.510084318038885	-435.7725524902344	-85.83092795152454	-171.13677978515625	-86.64282597518567	-24.837936401367188	4.284003737075983	-63.433326721191406	-2.3798626445229645	0.0	0.0	0.0	0.0
0.5735752582550049	1781093599.0	1781093599.323449	1	10.0	10.0	8.0	8.0	NeuronSpectrum 10.06.2026 14:49:30	EEG	checkup_149_10.06.2026 14:49:30	500.0	499.6666666666667	True	0.5	40.0	4	True	50.0	30.0	1143.795654296875	-44.89148305654007	961.924072265625	-49.988288226364055	-653.1639404296875	9.076580815769482	-939.6279907226562	14.786585759601136	-436.3726806640625	-92.77738379399511	-168.97801208496094	-86.40217236388831	-21.954477310180664	7.480426740924585	-64.409912109375	-4.142734693398029	0.0	0.0	0.0	0.0
0.5735769271850586	1781093599.0	1781093599.3234506	1	10.0	10.0	8.0	8.0	NeuronSpectrum 10.06.2026 14:49:30	EEG	checkup_149_10.06.2026 14:49:30	500.0	499.6666666666667	True	0.5	40.0	4	True	50.0	30.0	1153.921630859375	-15.961925676520606	972.37158203125	-24.723939803167564	-656.9364013671875	-4.50743807491202	-942.45947265625	-4.3886264764802085	-434.4210205078125	-99.3319493324594	-166.42027282714844	-86.19513278236329	-19.398794174194336	10.337101331358882	-65.16007232666016	-5.791661505235038	0.0	0.0	0.0	0.0
0.5735788345336914	1781093599.0	1781093599.3234525	1	10.0	10.0	8.0	8.0	NeuronSpectrum 10.06.2026 14:49:30	EEG	checkup_149_10.06.2026 14:49:30	500.0	499.6666666666667	True	0.5	40.0	4	True	50.0	30.0	1144.820068359375	8.527553428913471	967.0472412109375	-2.8104906590366525	-651.1280517578125	-16.115513486167515	-930.6328735351562	-20.734020251482832	-425.1210632324219	-104.11656497405626	-161.88687133789062	-85.73875467735505	-16.049501419067383	12.773063692127216	-64.86505889892578	-7.02276567852777	0.0	0.0	0.0	0.0
0.5735805034637451	1781093599.0	1781093599.3234541	1	10.0	10.0	8.0	8.0	NeuronSpectrum 10.06.2026 14:49:30	EEG	checkup_149_10.06.2026 14:49:30	500.0	499.6666666666667	True	0.5	40.0	4	True	50.0	30.0	1112.670166015625	24.954021821328986	942.5174560546875	12.425234181527983	-633.5296630859375	-23.957599584839905	-901.6617431640625	-31.68289417056469	-407.91424560546875	-106.15091736237623	-155.10232543945312	-84.81394814964398	-11.832651138305664	14.748984751624498	-63.2298698425293	-7.601133933220302	0.0	0.0	0.0	0.0
0.5735824108123779	1781093599.0	1781093599.323456	1	10.0	10.0	8.0	8.0	NeuronSpectrum 10.06.2026 14:49:30	EEG	checkup_149_10.06.2026 14:49:30	500.0	499.6666666666667	True	0.5	40.0	4	True	50.0	30.0	1076.4317626953125	31.009273048660244	914.2537231445312	18.772244922514112	-614.1533203125	-26.842931343170772	-871.4744262695312	-35.53236317576511	-390.72186279296875	-104.88098369855729	-148.51930236816406	-83.26933980453023	-8.76925277709961	16.27770646242422	-61.09138488769531	-7.383399675790697	0.0	0.0	0.0	0.0
0.5735840797424316	1781093599.0	1781093599.3234577	1	10.0	10.0	8.0	8.0	NeuronSpectrum 10.06.2026 14:49:30	EEG	checkup_149_10.06.2026 14:49:30	500.0	499.6666666666667	True	0.5	40.0	4	True	50.0	30.0	1071.996337890625	25.77540403313981	911.7698364257812	15.238201379216992	-612.2694702148438	-24.226923768893197	-869.5075073242188	-31.494083840929957	-387.5059509277344	-100.15862554251437	-146.60269165039062	-81.02493623687322	-10.204901695251465	17.42537189144249	-60.160457611083984	-6.328435999711921	0.0	0.0	0.0	0.0
0.5735859870910645	1781093599.0	1781093599.3234596	1	10.0	10.0	8.0	8.0	NeuronSpectrum 10.06.2026 14:49:30	EEG	checkup_149_10.06.2026 14:49:30	500.0	499.6666666666667	True	0.5	40.0	4	True	50.0	30.0	1124.8509521484375	9.804260716002958	955.9802856445312	2.1397786642838192	-641.7530517578125	-16.28539000417677	-916.2178955078125	-19.792239461038093	-407.7452392578125	-92.25028349719423	-152.4903106689453	-78.09567239513679	-17.957509994506836	18.290375106305486	-61.697166442871094	-4.503476913607966	0.0	0.0	0.0	0.0
0.5735876560211182	1781093599.0	1781093599.3234613	1	10.0	10.0	8.0	8.0	NeuronSpectrum 10.06.2026 14:49:30	EEG	checkup_149_10.06.2026 14:49:30	500.0	499.6666666666667	True	0.5	40.0	4	True	50.0	30.0	1217.07177734375	-14.750829748392016	1031.9166259765625	-18.780390567484734	-693.1575927734375	-4.031330300278082	-996.05615234375	-1.8382135339510484	-443.927978515625	-81.89588980732621	-163.94564819335938	-74.6344635937396	-29.16305160522461	18.95694937106438	-64.89326477050781	-2.087201105096961	0.0	0.0	0.0	0.0
0.573589563369751	1781093599.0	1781093599.3234632	1	10.0	10.0	8.0	8.0	NeuronSpectrum 10.06.2026 14:49:30	EEG	checkup_149_10.06.2026 14:49:30	500.0	499.6666666666667	True	0.5	40.0	4	True	50.0	30.0	1276.46923828125	-44.09729233300919	1079.83837890625	-44.32857487223986	-727.5344848632812	10.619780084774533	-1048.763427734375	19.655469482001937	-467.6725158691406	-70.35697612667099	-171.989990234375	-70.96808632776504	-35.75645065307617	19.43954873082427	-66.32968139648438	0.6373038452062781	0.0	0.0	0.0	0.0
0.5735912322998047	1781093599.0	1781093599.3234649	1	10.0	10.0	8.0	8.0	NeuronSpectrum 10.06.2026 14:49:30	EEG	checkup_149_10.06.2026 14:49:30	500.0	499.6666666666667	True	0.5	40.0	4	True	50.0	30.0	1205.7403564453125	-73.13090574527264	1019.4657592773438	-70.14635858897083	-691.8203735351562	24.997489133269646	-993.6193237304688	40.86489651713295	-441.1986083984375	-59.339312605924896	-164.41908264160156	-67.58392362821739	-28.302125930786133	19.650421906663055	-61.38841247558594	3.311796923897983	0.0	0.0	0.0	0.0
0.5735929012298584	1781093599.0	1781093599.3234665	1	10.0	10.0	8.0	8.0	NeuronSpectrum 10.06.2026 14:49:30	EEG	checkup_149_10.06.2026 14:49:30	500.0	499.6666666666667	True	0.5	40.0	4	True	50.0	30.0	940.6414184570312	-96.31856234952454	798.1404418945312	-91.46051401636686	-550.143798828125	36.14884313992493	-777.50048828125	57.52190204131044	-339.7991027832031	-50.704374678634636	-132.9191131591797	-65.03787862089645	-2.640085220336914	19.42011104608313	-47.08012008666992	5.561425037619255	0.0	0.0	0.0	0.0
0.5735945701599121	1781093599.0	1781093599.3234682	1	10.0	10.0	8.0	8.0	NeuronSpectrum 10.06.2026 14:49:30	EEG	checkup_149_10.06.2026 14:49:30	500.0	499.6666666666667	True	0.5	40.0	4	True	50.0	30.0	499.89495849609375	-109.01527493943811	431.9877624511719	-104.19254741198058	-311.12457275390625	41.57161999352078	-415.99090576171875	65.9703858548059	-170.9430389404297	-46.004426610681804	-79.27926635742188	-63.795674913325826	35.08920669555664	18.57364642389586	-24.459033966064453	7.0737555970687565	0.0	0.0	0.0	0.0
0.625478982925415	1781093599.0	1781093599.3753526	1	10.0	10.0	8.0	8.0	NeuronSpectrum 10.06.2026 14:49:30	EEG	checkup_149_10.06.2026 14:49:30	500.0	499.6666666666667	True	0.5	40.0	4	True	50.0	30.0	1119.4805908203125	-108.73821619071423	943.7086791992188	-106.03184288137109	-647.6143798828125	39.94183140707628	-925.5594482421875	64.22162325637838	-406.23382568359375	-46.017010394771276	-153.2688446044922	-64.06801013185722	-20.602895736694336	17.02923023143803	-54.59745407104492	7.672082330502478	0.0	0.0	0.0	0.0
0.6254844665527344	1781093599.0	1781093599.375358	1	10.0	10.0	8.0	8.0	NeuronSpectrum 10.06.2026 14:49:30	EEG	checkup_149_10.06.2026 14:49:30	500.0	499.6666666666667	True	0.5	40.0	4	True	50.0	30.0	1118.2366943359375	-95.82392099069362	941.6717529296875	-96.99894565576889	-648.6063842773438	31.509305626249787	-923.9615478515625	52.52961344179484	-404.7882995605469	-50.4977142842573	-152.5621795654297	-65.71614222520807	-22.757081985473633	14.86963348698706	-54.42807388305664	7.352865285300566	0.0	0.0	0.0	0.0
0.6254868507385254	1781093599.0	1781093599.3753605	1	10.0	10.0	8.0	8.0	NeuronSpectrum 10.06.2026 14:49:30	EEG	checkup_149_10.06.2026 14:49:30	500.0	499.6666666666667	True	0.5	40.0	4	True	50.0	30.0	1125.2374267578125	-73.19333964787126	946.9398803710938	-79.27392401088147	-654.2955322265625	17.99474395344436	-929.4415893554688	33.24582245749722	-406.4045715332031	-58.26146393113043	-152.94847106933594	-68.27042855648365	-25.667665481567383	12.353808880906628	-54.97348403930664	6.273212135588584	0.0	0.0	0.0	0.0
0.6254887580871582	1781093599.0	1781093599.3753624	1	10.0	10.0	8.0	8.0	NeuronSpectrum 10.06.2026 14:49:30	EEG	checkup_149_10.06.2026 14:49:30	500.0	499.6666666666667	True	0.5	40.0	4	True	50.0	30.0	1138.7823486328125	-45.41817093006311	958.1992797851562	-56.45176114724527	-663.50146484375	2.080185060603571	-941.0940551757812	10.094949268627989	-410.6022033691406	-67.52658470709885	-154.29296875	-71.04627454542043	-28.676443099975586	9.870256173035907	-56.03652572631836	4.698836810389322	0.0	0.0	0.0	0.0
0.6254904270172119	1781093599.0	1781093599.375364	1	10.0	10.0	8.0	8.0	NeuronSpectrum 10.06.2026 14:49:30	EEG	checkup_149_10.06.2026 14:49:30	500.0	499.6666666666667	True	0.5	40.0	4	True	50.0	30.0	1147.698486328125	-17.55789533520068	966.2294921875	-32.6120611258295	-669.6504516601562	-13.255813133183649	-949.8197021484375	-12.757794820980926	-413.2579345703125	-76.35037880019951	-155.16397094726562	-73.30399827288221	-31.219635009765625	7.855553052634681	-56.94501495361328	2.93763160277413	0.0	0.0	0.0	0.0
0.6254923343658447	1781093599.0	1781093599.375366	1	10.0	10.0	8.0	8.0	NeuronSpectrum 10.06.2026 14:49:30	EEG	checkup_149_10.06.2026 14:49:30	500.0	499.6666666666667	True	0.5	40.0	4	True	50.0	30.0	1137.36474609375	5.809710953683536	958.935546875	-11.547663340723618	-664.2372436523438	-25.321094962650417	-943.197265625	-31.50896732720783	-408.7839660644531	-82.99973120819234	-153.54547119140625	-74.39852608070792	-32.84743881225586	6.702423521359612	-56.8852424621582	1.282157890511281	0.0	0.0	0.0	0.0
0.6254940032958984	1781093599.0	1781093599.3753676	1	10.0	10.0	8.0	8.0	NeuronSpectrum 10.06.2026 14:49:30	EEG	checkup_149_10.06.2026 14:49:30	500.0	499.6666666666667	True	0.5	40.0	4	True	50.0	30.0	1104.1593017578125	21.171632121402006	933.4102172851562	3.6968214829805293	-645.017822265625	-32.09016247678586	-917.4715576171875	-43.228894740389045	-395.46783447265625	-86.18306087364202	-148.62448120117188	-73.88692179358692	-32.97986602783203	6.6743673176547675	-55.640411376953125	-0.027223446779366167	0.0	0.0	0.0	0.0
0.6254959106445312	1781093599.0	1781093599.3753695	1	10.0	10.0	8.0	8.0	NeuronSpectrum 10.06.2026 14:49:30	EEG	checkup_149_10.06.2026 14:49:30	500.0	499.6666666666667	True	0.5	40.0	4	True	50.0	30.0	1067.0784912109375	26.31560966451058	905.593505859375	11.018794634444324	-622.5845336914062	-32.384473797219705	-887.4114379882812	-46.10458470803251	-379.8697509765625	-85.15342659131446	-142.3106231689453	-71.58664152673565	-30.778770446777344	7.840175864120754	-54.162635803222656	-0.8191669877105493	0.0	0.0	0.0	0.0
0.625497579574585	1781093599.0	1781093599.3753712	1	10.0	10.0	8.0	8.0	NeuronSpectrum 10.06.2026 14:49:30	EEG	checkup_149_10.06.2026 14:49:30	500.0	499.6666666666667	True	0.5	40.0	4	True	50.0	30.0	1061.892822265625	20.39534045909813	905.2803955078125	9.336802038255207	-617.0970458984375	-25.933168523052466	-881.9156494140625	-39.54056653123524	-374.8936462402344	-79.74145905845944	-138.712646484375	-67.59442962996924	-25.593708038330078	10.041944733144158	-54.2508430480957	-0.9965853342921308	0.0	0.0	0.0	0.0
0.6254997253417969	1781093599.0	1781093599.3753734	1	10.0	10.0	8.0	8.0	NeuronSpectrum 10.06.2026 14:49:30	EEG	checkup_149_10.06.2026 14:49:30	500.0	499.6666666666667	True	0.5	40.0	4	True	50.0	30.0	1113.971923828125	4.003248907500186	953.2765502929688	-1.2962866635139654	-643.0228881835938	-13.403103975541585	-922.0025634765625	-24.245396565535177	-390.0282897949219	-70.37783717663909	-141.04759216308594	-62.280240756925394	-17.96971321105957	12.908538769636378	-57.1593017578125	-0.5399619227647203	0.0	0.0	0.0	0.0
0.6255013942718506	1781093599.0	1781093599.375375	1	10.0	10.0	8.0	8.0	NeuronSpectrum 10.06.2026 14:49:30	EEG	checkup_149_10.06.2026 14:49:30	500.0	499.6666666666667	True	0.5	40.0	4	True	50.0	30.0	1205.49560546875	-20.70072607360404	1033.9415283203125	-19.513276752697237	-690.7523803710938	3.575137823222839	-993.901611328125	-2.3299987447644215	-419.3876953125	-58.11989221749558	-147.77413940429688	-56.2617200903008	-10.4498929977417	15.918381057019733	-61.945640563964844	0.487394625659962	0.0	0.0	0.0	0.0
0.6255030632019043	1781093599.0	1781093599.3753767	1	10.0	10.0	8.0	8.0	NeuronSpectrum 10.06.2026 14:49:30	EEG	checkup_149_10.06.2026 14:49:30	500.0	499.6666666666667	True	0.5	40.0	4	True	50.0	30.0	1264.6817626953125	-49.950056564870415	1086.314208984375	-42.52176198612692	-720.6024169921875	22.457143396518973	-1039.8701171875	22.705708256244016	-437.5784912109375	-44.62998911189155	-151.18704223632812	-50.34876503348788	-7.071643352508545	18.501691797165773	-64.95182800292969	1.9377900268278028	0.0	0.0	0.0	0.0
0.625504732131958	1781093599.0	1781093599.3753784	1	10.0	10.0	8.0	8.0	NeuronSpectrum 10.06.2026 14:49:30	EEG	checkup_149_10.06.2026 14:49:30	500.0	499.6666666666667	True	0.5	40.0	4	True	50.0	30.0	1194.768798828125	-78.69281294135224	1028.6593017578125	-66.30581043220056	-679.1126708984375	40.045350455189656	-981.4305419921875	46.31270220571987	-409.9280700683594	-32.01215158051888	-140.60171508789062	-45.43829437402401	-11.110956192016602	20.158936527203032	-61.295047760009766	3.593497538812509	0.0	0.0	0.0	0.0
0.6255066394805908	1781093599.0	1781093599.3753803	1	10.0	10.0	8.0	8.0	NeuronSpectrum 10.06.2026 14:49:30	EEG	checkup_149_10.06.2026 14:49:30	500.0	499.6666666666667	True	0.5	40.0	4	True	50.0	30.0	931.8312377929688	-101.46282772446338	807.1810913085938	-86.31448796970959	-531.40478515625	53.04826843629888	-766.3507080078125	63.698343165929074	-313.2626647949219	-22.446255060454	-108.92727661132812	-42.351149038617415	-22.063629150390625	20.56679287508542	-47.7951545715332	5.205973706082069	0.0	0.0	0.0	0.0
0.6255080699920654	1781093599.0	1781093599.3753817	1	10.0	10.0	8.0	8.0	NeuronSpectrum 10.06.2026 14:49:30	EEG	checkup_149_10.06.2026 14:49:30	500.0	499.6666666666667	True	0.5	40.0	4	True	50.0	30.0	494.39019775390625	-113.68194636892407	437.7276611328125	-98.54717707835985	-288.7398681640625	58.8563651583287	-409.23529052734375	70.97819895581976	-153.91348266601562	-17.67303749344702	-58.35626220703125	-41.638132946232766	-34.01035690307617	19.648589303652347	-25.459646224975586	6.554457166676769	0.0	0.0	0.0	0.0
0.6255097389221191	1781093599.0	1781093599.3753834	1	10.0	10.0	8.0	8.0	NeuronSpectrum 10.06.2026 14:49:30	EEG	checkup_149_10.06.2026 14:49:30	500.0	499.6666666666667	True	0.5	40.0	4	True	50.0	30.0	1109.942626953125	-112.9204048983741	951.8986206054688	-100.64069060315022	-634.6383666992188	56.261207111201074	-920.1589965820312	66.26481142421184	-379.5706787109375	-18.511393449255824	-133.26870727539062	-43.41963888763404	-14.310436248779297	17.598199281950357	-55.350948333740234	7.501760477722428	0.0	0.0	0.0	0.0
0.6255114078521729	1781093599.0	1781093599.375385	1	10.0	10.0	8.0	8.0	NeuronSpectrum 10.06.2026 14:49:30	EEG	checkup_149_10.06.2026 14:49:30	500.0	499.6666666666667	True	0.5	40.0	4	True	50.0	30.0	1108.9844970703125	-99.5460580051689	947.440185546875	-92.47427453531765	-637.911865234375	45.798197472524244	-926.245849609375	50.210793599077356	-381.3001708984375	-24.621674051150542	-136.7371826171875	-47.32866743602369	-17.789913177490234	14.855979131313529	-54.22132110595703	8.020960922084903	0.0	0.0	0.0	0.0
0.6255133152008057	1781093599.0	1781093599.375387	1	10.0	10.0	8.0	8.0	NeuronSpectrum 10.06.2026 14:49:30	EEG	checkup_149_10.06.2026 14:49:30	500.0	499.6666666666667	True	0.5	40.0	4	True	50.0	30.0	1116.2659912109375	-76.48930927530662	950.1077880859375	-76.05084878104506	-646.58203125	29.565318509079216	-939.5629272460938	25.776636519745896	-386.2865905761719	-34.61651583597288	-141.33705139160156	-52.5859977527419	-22.221832275390625	12.039272555713946	-53.32380294799805	8.181678723553702	0.0	0.0	0.0	0.0
0.6255147457122803	1781093599.0	1781093599.3753884	1	10.0	10.0	8.0	8.0	NeuronSpectrum 10.06.2026 14:49:30	EEG	checkup_149_10.06.2026 14:49:30	500.0	499.6666666666667	True	0.5	40.0	4	True	50.0	30.0	1130.15771484375	-48.31572413125523	959.1604614257812	-54.79995495770875	-659.0034790039062	10.634508863553418	-957.6166381835938	-2.6130520053684796	-393.4609375	-46.446285818258026	-146.1331024169922	-58.176433587543066	-26.526750564575195	9.834324161253242	-52.65257263183594	8.107393967214614	0.0	0.0	0.0	0.0
0.6255166530609131	1781093599.0	1781093599.3753903	1	10.0	10.0	8.0	8.0	NeuronSpectrum 10.06.2026 14:49:30	EEG	checkup_149_10.06.2026 14:49:30	500.0	499.6666666666667	True	0.5	40.0	4	True	50.0	30.0	1139.5787353515625	-20.07203184683729	965.6636352539062	-32.67772638129559	-668.3717651367188	-7.672693433912303	-970.3298950195312	-30.12642748435407	-398.4190368652344	-57.881865425021864	-149.31492614746094	-63.059706280374705	-29.040420532226562	8.866897179464377	-51.762916564941406	7.927832899671838	0.0	0.0	0.0	0.0
0.6255180835723877	1781093599.0	1781093599.3753917	1	10.0	10.0	8.0	8.0	NeuronSpectrum 10.06.2026 14:49:30	EEG	checkup_149_10.06.2026 14:49:30	500.0	499.6666666666667	True	0.5	40.0	4	True	50.0	30.0	1129.9683837890625	3.6753899116463993	957.4783325195312	-13.403247607616944	-666.0509643554688	-22.399164214919708	-965.1340942382812	-52.42839343987689	-395.6242370605469	-66.93117906020639	-148.92359924316406	-66.35421217733736	-28.1928653717041	9.580751279591588	-50.068302154541016	7.74662765330706	0.0	0.0	0.0	0.0
0.6255197525024414	1781093599.0	1781093599.3753934	1	10.0	10.0	8.0	8.0	NeuronSpectrum 10.06.2026 14:49:30	EEG	checkup_149_10.06.2026 14:49:30	500.0	499.6666666666667	True	0.5	40.0	4	True	50.0	30.0	1097.6512451171875	19.418833858969062	931.3956909179688	0.015600060946530547	-649.4322509765625	-31.33782194476431	-938.8665161132812	-66.25277925653553	-383.61761474609375	-72.10784685472777	-144.436767578125	-67.45972393708922	-23.70260238647461	12.155522505739246	-47.54326248168945	7.631481240523342	0.0	0.0	0.0	0.0
0.625521183013916	1781093599.0	1781093599.3753948	1	10.0	10.0	8.0	8.0	NeuronSpectrum 10.06.2026 14:49:30	EEG	checkup_149_10.06.2026 14:49:30	500.0	499.6666666666667	True	0.5	40.0	4	True	50.0	30.0	1061.4139404296875	24.94425563377936	902.9395141601562	5.500839323325825	-628.3341064453125	-33.20093856922644	-907.2559814453125	-69.65773266960404	-369.2008056640625	-72.55547938090814	-138.0231475830078	-66.1149162338561	-17.37245750427246	16.483484344566442	-45.2713623046875	7.621316814711304	0.0	0.0	0.0	0.0
0.6255228519439697	1781093599.0	1781093599.3753965	1	10.0	10.0	8.0	8.0	NeuronSpectrum 10.06.2026 14:49:30	EEG	checkup_149_10.06.2026 14:49:30	500.0	499.6666666666667	True	0.5	40.0	4	True	50.0	30.0	1056.7301025390625	19.39830475293242	901.5302124023438	2.0093104570871545	-622.0780639648438	-27.663588237885733	-900.0257568359375	-62.09851475474087	-365.330810546875	-68.0838253173055	-133.8922576904297	-62.40515528200021	-12.397195816040039	22.203783712576605	-45.11777877807617	7.737591350259777	0.0	0.0	0.0	0.0
0.6255245208740234	1781093599.0	1781093599.3753982	1	10.0	10.0	8.0	8.0	NeuronSpectrum 10.06.2026 14:49:30	EEG	checkup_149_10.06.2026 14:49:30	500.0	499.6666666666667	True	0.5	40.0	4	True	50.0	30.0	1108.773681640625	3.364148534847737	947.7755737304688	-10.33811349897886	-645.0420532226562	-15.377373539232831	-938.48291015625	-44.46194682282059	-381.3349914550781	-59.17844881351379	-135.30169677734375	-56.74074735105942	-11.024580955505371	28.774589627945637	-48.34740447998047	7.987306238808112	0.0	0.0	0.0	0.0
0.625525951385498	1781093599.0	1781093599.3753996	1	10.0	10.0	8.0	8.0	NeuronSpectrum 10.06.2026 14:49:30	EEG	checkup_149_10.06.2026 14:49:30	500.0	499.6666666666667	True	0.5	40.0	4	True	50.0	30.0	1199.837890625	-21.006962638623744	1026.109130859375	-30.0766092071462	-688.9414672851562	2.014780111330195	-1008.5294189453125	-19.10800342606275	-411.0997619628906	-47.00400546908599	-140.89817810058594	-49.81579936179758	-11.99198055267334	35.557869291310965	-53.98283767700195	8.353127456428165	0.0	0.0	0.0	0.0
0.6255278587341309	1781093599.0	1781093599.3754015	1	10.0	10.0	8.0	8.0	NeuronSpectrum 10.06.2026 14:49:30	EEG	checkup_149_10.06.2026 14:49:30	500.0	499.6666666666667	True	0.5	40.0	4	True	50.0	30.0	1258.618408203125	-49.95479773949865	1075.9542236328125	-54.302995007814104	-716.57177734375	21.932240220039326	-1051.7822265625	10.189235995229204	-429.1734924316406	-33.35601090183074	-143.3908233642578	-42.54020352849298	-10.040460586547852	41.89973259321523	-58.282936096191406	8.777805934480531	0.0	0.0	0.0	0.0
0.6255292892456055	1781093599.0	1781093599.375403	1	10.0	10.0	8.0	8.0	NeuronSpectrum 10.06.2026 14:49:30	EEG	checkup_149_10.06.2026 14:49:30	500.0	499.6666666666667	True	0.5	40.0	4	True	50.0	30.0	1188.998291015625	-78.43025019000497	1016.2183227539062	-78.90477165981405	-676.6786499023438	41.112373192249805	-989.3475952148438	38.60788084608758	-401.16375732421875	-20.4745168382647	-132.53793334960938	-35.92629158110159	1.1647570133209229	47.203140685174105	-56.221580505371094	9.158635388725223	0.0	0.0	0.0	0.0
0.6255314350128174	1781093599.0	1781093599.375405	1	10.0	10.0	8.0	8.0	NeuronSpectrum 10.06.2026 14:49:30	EEG	checkup_149_10.06.2026 14:49:30	500.0	499.6666666666667	True	0.5	40.0	4	True	50.0	30.0	927.4909057617188	-100.96571750842018	793.8327026367188	-99.27784816824173	-534.4786376953125	56.157624946126916	-769.2564086914062	61.090929678614195	-304.48773193359375	-10.663774712970868	-101.35260009765625	-30.921910194764937	23.929067611694336	50.996428302475046	-44.41382598876953	9.365624779432496	0.0	0.0	0.0	0.0
0.625532865524292	1781093599.0	1781093599.3754065	1	10.0	10.0	8.0	8.0	NeuronSpectrum 10.06.2026 14:49:30	EEG	checkup_149_10.06.2026 14:49:30	500.0	499.6666666666667	True	0.5	40.0	4	True	50.0	30.0	492.5273742675781	-112.97713570037223	425.17547607421875	-111.43371503818875	-298.3578796386719	64.2984424275077	-407.1307067871094	73.49250923705648	-146.1376190185547	-5.7723936829913605	-51.56999206542969	-28.215081666490683	52.7366943359375	52.9938532706294	-23.632532119750977	9.282743964928068	0.0	0.0	0.0	0.0
0.676426887512207	1781093599.0	1781093599.4263005	1	10.0	10.0	8.0	8.0	NeuronSpectrum 10.06.2026 14:49:30	EEG	checkup_149_10.06.2026 14:49:30	500.0	499.6666666666667	True	0.5	40.0	4	True	50.0	30.0	1104.86962890625	-112.02589382044269	939.4443359375	-113.09474222875626	-628.7484130859375	64.10865341630546	-912.3453979492188	73.65761988767679	-369.6433410644531	-6.713041769031101	-119.30316925048828	-28.0717783963741	9.722428321838379	53.13116072842695	-54.20374298095703	8.853730308768013	0.0	0.0	0.0	0.0
0.6764323711395264	1781093599.0	1781093599.426306	1	10.0	10.0	8.0	8.0	NeuronSpectrum 10.06.2026 14:49:30	EEG	checkup_149_10.06.2026 14:49:30	500.0	499.6666666666667	True	0.5	40.0	4	True	50.0	30.0	1104.1954345703125	-98.47230207722532	935.95703125	-104.29171952641092	-630.3697509765625	55.861536687467925	-912.93896484375	61.96174221953597	-371.3773193359375	-13.230636140414525	-120.67125701904297	-30.2743054321811	6.825191974639893	51.55747538878222	-54.01309585571289	8.107564630601939	0.0	0.0	0.0	0.0
0.6764347553253174	1781093599.0	1781093599.4263084	1	10.0	10.0	8.0	8.0	NeuronSpectrum 10.06.2026 14:49:30	EEG	checkup_149_10.06.2026 14:49:30	500.0	499.6666666666667	True	0.5	40.0	4	True	50.0	30.0	1111.797607421875	-75.24657347536314	939.76220703125	-87.223892851722	-637.4959716796875	41.37851066763619	-921.9456787109375	41.08660432878183	-377.3951416015625	-24.0156767573699	-123.81977081298828	-34.18888473960076	3.1589882373809814	48.582351602065565	-53.855201721191406	7.150923308207325	0.0	0.0	0.0	0.0
0.6764369010925293	1781093599.0	1781093599.4263105	1	10.0	10.0	8.0	8.0	NeuronSpectrum 10.06.2026 14:49:30	EEG	checkup_149_10.06.2026 14:49:30	500.0	499.6666666666667	True	0.5	40.0	4	True	50.0	30.0	1125.9881591796875	-46.926358104758954	949.7754516601562	-65.53115035058556	-648.6201171875	23.47832970542842	-937.383544921875	15.197294464967946	-386.5918884277344	-37.08669160877548	-127.9461898803711	-38.93288723372324	-0.5890309810638428	44.59926921503577	-53.842437744140625	6.1353370162343515	0.0	0.0	0.0	0.0
0.6764388084411621	1781093599.0	1781093599.4263124	1	10.0	10.0	8.0	8.0	NeuronSpectrum 10.06.2026 14:49:30	EEG	checkup_149_10.06.2026 14:49:30	500.0	499.6666666666667	True	0.5	40.0	4	True	50.0	30.0	1135.677490234375	-18.58327730189218	956.853759765625	-43.35864223674237	-656.9459838867188	5.288175176397011	-949.3076171875	-11.08375107413645	-394.21563720703125	-50.26365873342128	-131.140625	-43.57624377255854	-4.170961380004883	40.013861415423186	-53.64814758300781	5.218347540400402	0.0	0.0	0.0	0.0
0.6764407157897949	1781093599.0	1781093599.4263144	1	10.0	10.0	8.0	8.0	NeuronSpectrum 10.06.2026 14:49:30	EEG	checkup_149_10.06.2026 14:49:30	500.0	499.6666666666667	True	0.5	40.0	4	True	50.0	30.0	1126.322509765625	5.183874338386415	948.737060546875	-24.55823016520209	-653.9430541992188	-10.342752276129767	-944.9430541992188	-33.545829292793144	-394.246337890625	-61.56982610737685	-131.26246643066406	-47.314111514285266	-7.685121059417725	35.19380140082894	-52.73011016845703	4.53479646190046	0.0	0.0	0.0	0.0
0.6764423847198486	1781093599.0	1781093599.426316	1	10.0	10.0	8.0	8.0	NeuronSpectrum 10.06.2026 14:49:30	EEG	checkup_149_10.06.2026 14:49:30	500.0	499.6666666666667	True	0.5	40.0	4	True	50.0	30.0	1094.2174072265625	20.83722214437228	922.0480346679688	-12.184867277877391	-637.5696411132812	-21.209548732491964	-920.7354125976562	-48.930334357850946	-384.8560485839844	-69.48280910351853	-127.7262191772461	-49.57488556738354	-11.15294075012207	30.441431525847285	-50.975337982177734	4.183520600497188	0.0	0.0	0.0	0.0
0.6764442920684814	1781093599.0	1781093599.426318	1	10.0	10.0	8.0	8.0	NeuronSpectrum 10.06.2026 14:49:30	EEG	checkup_149_10.06.2026 14:49:30	500.0	499.6666666666667	True	0.5	40.0	4	True	50.0	30.0	1058.0029296875	26.1455757354751	892.0451049804688	-8.258873466940953	-618.7350463867188	-25.90942428071454	-892.0071411132812	-55.164089714960284	-372.7725830078125	-73.04231298459882	-122.83677673339844	-50.05911558673982	-14.158018112182617	25.982173234552917	-49.247589111328125	4.224832367124252	0.0	0.0	0.0	0.0
0.6764459609985352	1781093599.0	1781093599.4263196	1	10.0	10.0	8.0	8.0	NeuronSpectrum 10.06.2026 14:49:30	EEG	checkup_149_10.06.2026 14:49:30	500.0	499.6666666666667	True	0.5	40.0	4	True	50.0	30.0	1052.9310302734375	20.25902551025553	887.9671020507812	-13.656965043497031	-617.7545776367188	-23.883485584428893	-888.1617431640625	-51.42503035302512	-371.1607360839844	-71.8755288989902	-120.99189758300781	-48.72831085197857	-16.02935028076172	21.962897017160866	-49.143653869628906	4.679498692952117	0.0	0.0	0.0	0.0
0.6764476299285889	1781093599.0	1781093599.4263213	1	10.0	10.0	8.0	8.0	NeuronSpectrum 10.06.2026 14:49:30	EEG	checkup_149_10.06.2026 14:49:30	500.0	499.6666666666667	True	0.5	40.0	4	True	50.0	30.0	1104.0467529296875	3.7859502224704658	930.6823120117188	-27.996796897624456	-648.7703247070312	-15.442767579605945	-930.2763671875	-38.187733947581144	-389.6150207519531	-66.20684895131961	-125.38846588134766	-45.77101188895923	-16.643571853637695	18.459194616048876	-51.758785247802734	5.521726120301839	0.0	0.0	0.0	0.0
0.6764492988586426	1781093599.0	1781093599.426323	1	10.0	10.0	8.0	8.0	NeuronSpectrum 10.06.2026 14:49:30	EEG	checkup_149_10.06.2026 14:49:30	500.0	499.6666666666667	True	0.5	40.0	4	True	50.0	30.0	1193.8056640625	-21.081318041629054	1005.5685424804688	-49.48822217625975	-701.2288208007812	-1.8119854100667645	-1004.0501098632812	-17.29536836812386	-422.0458679199219	-56.87565352455714	-134.15333557128906	-41.56466358956782	-17.229324340820312	15.492836446601439	-56.18029022216797	6.66617058434902	0.0	0.0	0.0	0.0
0.6764507293701172	1781093599.0	1781093599.4263244	1	10.0	10.0	8.0	8.0	NeuronSpectrum 10.06.2026 14:49:30	EEG	checkup_149_10.06.2026 14:49:30	500.0	499.6666666666667	True	0.5	40.0	4	True	50.0	30.0	1251.4195556640625	-50.536282860425054	1053.4783935546875	-74.8829493389498	-734.1287841796875	14.880955481631556	-1050.8582763671875	8.051060637319225	-442.60479736328125	-45.31798815894713	-139.13943481445312	-36.631828218257986	-20.19331169128418	13.05815934314365	-58.996578216552734	7.958640181915053	0.0	0.0	0.0	0.0
0.67645263671875	1781093599.0	1781093599.4263263	1	10.0	10.0	8.0	8.0	NeuronSpectrum 10.06.2026 14:49:30	EEG	checkup_149_10.06.2026 14:49:30	500.0	499.6666666666667	True	0.5	40.0	4	True	50.0	30.0	1181.4539794921875	-79.48941768046508	994.5350341796875	-99.75264875811226	-692.9144287109375	31.811243977756124	-991.5003051757812	33.596752275092605	-416.1680908203125	-33.42289226547046	-129.38406372070312	-31.57300862980621	-27.4786319732666	11.151018191822857	-55.65596008300781	9.185599193536488	0.0	0.0	0.0	0.0
0.6764540672302246	1781093599.0	1781093599.4263277	1	10.0	10.0	8.0	8.0	NeuronSpectrum 10.06.2026 14:49:30	EEG	checkup_149_10.06.2026 14:49:30	500.0	499.6666666666667	True	0.5	40.0	4	True	50.0	30.0	920.9053344726562	-102.44544009265395	775.8472290039062	-119.25204678313233	-542.48046875	45.95747761997632	-773.6619262695312	54.7763638758196	-319.4136047363281	-23.201588082397308	-97.84689331054688	-26.962195244061732	-38.180152893066406	9.791127334899945	-43.17101287841797	10.112641969971707	0.0	0.0	0.0	0.0
0.6764559745788574	1781093599.0	1781093599.4263296	1	10.0	10.0	8.0	8.0	NeuronSpectrum 10.06.2026 14:49:30	EEG	checkup_149_10.06.2026 14:49:30	500.0	499.6666666666667	True	0.5	40.0	4	True	50.0	30.0	488.1739196777344	-114.80598240138477	412.5777282714844	-129.26121369373936	-295.0034484863281	54.82486486186743	-412.6457824707031	67.792810414166	-158.9681396484375	-16.316345602316833	-47.05377197265625	-23.21930861018923	-47.194847106933594	9.031068833633189	-22.437517166137695	10.546189993372764	0.0	0.0	0.0	0.0
0.6764576435089111	1781093599.0	1781093599.4263313	1	10.0	10.0	8.0	8.0	NeuronSpectrum 10.06.2026 14:49:30	EEG	checkup_149_10.06.2026 14:49:30	500.0	499.6666666666667	True	0.5	40.0	4	True	50.0	30.0	1096.3828125	-114.12718573782465	924.1012573242188	-127.50255514711851	-640.556884765625	57.12656493919549	-915.5366821289062	70.64214796891011	-381.5165710449219	-13.64021420126258	-114.98408508300781	-20.50707362822504	-31.25565528869629	8.950725189674353	-51.617286682128906	10.394849533120656	0.0	0.0	0.0	0.0
0.6764593124389648	1781093599.0	1781093599.426333	1	10.0	10.0	8.0	8.0	NeuronSpectrum 10.06.2026 14:49:30	EEG	checkup_149_10.06.2026 14:49:30	500.0	499.6666666666667	True	0.5	40.0	4	True	50.0	30.0	1095.673828125	-100.76738193420584	925.7713012695312	-114.14548623287463	-636.9462890625	53.10998252397573	-911.7565307617188	63.620889566560066	-378.5292053222656	-15.049646903289394	-112.10906219482422	-18.705793523655945	-29.66205596923828	9.639117048345083	-51.68097686767578	9.701807424188493	0.0	0.0	0.0	0.0
0.6764612197875977	1781093599.0	1781093599.4263349	1	10.0	10.0	8.0	8.0	NeuronSpectrum 10.06.2026 14:49:30	EEG	checkup_149_10.06.2026 14:49:30	500.0	499.6666666666667	True	0.5	40.0	4	True	50.0	30.0	1103.412841796875	-77.65391664725796	935.631591796875	-91.65786413446969	-637.389404296875	44.38541713437284	-914.0197143554688	49.099060124123774	-377.7823791503906	-19.54128114642384	-109.38237762451172	-17.483976374933206	-28.046842575073242	11.165021471934477	-52.117591857910156	8.633807385217528	0.0	0.0	0.0	0.0
0.6764631271362305	1781093599.0	1781093599.4263368	1	10.0	10.0	8.0	8.0	NeuronSpectrum 10.06.2026 14:49:30	EEG	checkup_149_10.06.2026 14:49:30	500.0	499.6666666666667	True	0.5	40.0	4	True	50.0	30.0	1117.8499755859375	-49.35922890625722	952.0612182617188	-64.05276579133972	-641.112060546875	33.376559986988575	-920.959716796875	30.726223998302746	-378.78167724609375	-25.5937958237731	-106.71724700927734	-16.431562994576634	-26.61078453063965	13.53819037009055	-52.7750129699707	7.434944891886063	0.0	0.0	0.0	0.0
0.6764652729034424	1781093599.0	1781093599.426339	1	10.0	10.0	8.0	8.0	NeuronSpectrum 10.06.2026 14:49:30	EEG	checkup_149_10.06.2026 14:49:30	500.0	499.6666666666667	True	0.5	40.0	4	True	50.0	30.0	1127.862548828125	-20.948104985790188	965.320068359375	-35.912369858391145	-642.1926879882812	22.66306510150127	-923.664306640625	12.46242062990325	-377.7501220703125	-31.59723946798562	-103.18232727050781	-15.195763842337257	-24.552066802978516	16.668833376115412	-53.08970642089844	6.367419990321045	0.0	0.0	0.0	0.0
0.6764669418334961	1781093599.0	1781093599.4263406	1	10.0	10.0	8.0	8.0	NeuronSpectrum 10.06.2026 14:49:30	EEG	checkup_149_10.06.2026 14:49:30	500.0	499.6666666666667	True	0.5	40.0	4	True	50.0	30.0	1118.9005126953125	2.98710117829698	962.6371459960938	-11.539022781278325	-632.7703857421875	14.45413165515138	-910.5549926757812	-2.214358020740317	-369.78045654296875	-36.19218064714692	-97.57953643798828	-13.570308600986406	-20.665645599365234	20.340600648981475	-52.371925354003906	5.6600869068460335	0.0	0.0	0.0	0.0
0.6764688491821289	1781093599.0	1781093599.4263425	1	10.0	10.0	8.0	8.0	NeuronSpectrum 10.06.2026 14:49:30	EEG	checkup_149_10.06.2026 14:49:30	500.0	499.6666666666667	True	0.5	40.0	4	True	50.0	30.0	1087.228515625	18.911803977730045	940.3701171875	5.599721230141252	-610.8538208007812	10.299014836473415	-879.0924072265625	-10.763695641220494	-354.02996826171875	-38.448434514518205	-89.89453125	-11.519923416925453	-14.824044227600098	24.213105212207395	-50.44782257080078	5.475453101318047	0.0	0.0	0.0	0.0
0.6764702796936035	1781093599.0	1781093599.426344	1	10.0	10.0	8.0	8.0	NeuronSpectrum 10.06.2026 14:49:30	EEG	checkup_149_10.06.2026 14:49:30	500.0	499.6666666666667	True	0.5	40.0	4	True	50.0	30.0	1051.3905029296875	24.591756612820074	913.7980346679688	13.15245906203449	-586.7261352539062	11.007738733132088	-845.1796875	-11.734880466205016	-337.87921142578125	-37.90182781310433	-82.47987365722656	-9.151700926831019	-9.158699989318848	27.86012460735923	-48.16685485839844	5.895062392185922	0.0	0.0	0.0	0.0
0.6764719486236572	1781093599.0	1781093599.4263456	1	10.0	10.0	8.0	8.0	NeuronSpectrum 10.06.2026 14:49:30	EEG	checkup_149_10.06.2026 14:49:30	500.0	499.6666666666667	True	0.5	40.0	4	True	50.0	30.0	1046.4976806640625	19.164323101802374	912.2884521484375	10.022802336218733	-580.0234985351562	16.677186828332925	-838.3653564453125	-4.765457803049131	-334.7347106933594	-34.52112093480344	-79.44776916503906	-6.662462755040234	-7.433788776397705	30.83384750009039	-47.139530181884766	6.916482114234696	0.0	0.0	0.0	0.0
0.6764736175537109	1781093599.0	1781093599.4263473	1	10.0	10.0	8.0	8.0	NeuronSpectrum 10.06.2026 14:49:30	EEG	checkup_149_10.06.2026 14:49:30	500.0	499.6666666666667	True	0.5	40.0	4	True	50.0	30.0	1097.52685546875	3.2125735660920807	956.6286010742188	-3.501481399891383	-605.2359619140625	26.71482855911103	-879.6842651367188	9.418560935829	-354.0668640136719	-28.68057862865234	-83.82473754882812	-4.292131385013436	-12.24485969543457	32.73403562404855	-48.541385650634766	8.454243631977334	0.0	0.0	0.0	0.0
0.6764755249023438	1781093599.0	1781093599.4263492	1	10.0	10.0	8.0	8.0	NeuronSpectrum 10.06.2026 14:49:30	EEG	checkup_149_10.06.2026 14:49:30	500.0	499.6666666666667	True	0.5	40.0	4	True	50.0	30.0	1187.07666015625	-21.110598184731128	1031.7052001953125	-25.601732783760713	-653.87255859375	39.82239929626437	-954.8973999023438	28.94964922280993	-389.4075927734375	-21.166958521188736	-94.04505157470703	-2.298188929472842	-21.7313232421875	33.26212437828314	-51.672054290771484	10.342033148089719	0.0	0.0	0.0	0.0
0.6764769554138184	1781093599.0	1781093599.4263506	1	10.0	10.0	8.0	8.0	NeuronSpectrum 10.06.2026 14:49:30	EEG	checkup_149_10.06.2026 14:49:30	500.0	499.6666666666667	True	0.5	40.0	4	True	50.0	30.0	1244.7445068359375	-50.05111676674772	1077.642578125	-52.89333977599428	-688.095947265625	54.0081489245642	-1005.6106567382812	50.82057298805262	-414.38543701171875	-13.177128804136865	-102.65008544921875	-0.943026909236913	-28.73314094543457	32.25401242995581	-53.47542953491211	12.341306730325808	0.0	0.0	0.0	0.0
0.6764788627624512	1781093599.0	1781093599.4263525	1	10.0	10.0	8.0	8.0	NeuronSpectrum 10.06.2026 14:49:30	EEG	checkup_149_10.06.2026 14:49:30	500.0	499.6666666666667	True	0.5	40.0	4	True	50.0	30.0	1175.56591796875	-78.57978264014527	1014.1590576171875	-80.72871042008803	-655.6044921875	66.76697526587667	-952.7593994140625	71.15375722484768	-393.2908630371094	-6.2129334127153	-99.1278076171875	-0.46882478082914414	-24.22249984741211	29.701159562340358	-49.794105529785156	14.166523316670446	0.0	0.0	0.0	0.0
0.6764805316925049	1781093599.0	1781093599.4263542	1	10.0	10.0	8.0	8.0	NeuronSpectrum 10.06.2026 14:49:30	EEG	checkup_149_10.06.2026 14:49:30	500.0	499.6666666666667	True	0.5	40.0	4	True	50.0	30.0	916.7980346679688	-101.26032314216586	788.8800048828125	-103.9897033517583	-520.3612060546875	75.52918213810256	-743.6580810546875	85.89039875938528	-302.22210693359375	-1.803746654716856	-75.90809631347656	-1.0384563582747515	-3.6766631603240967	25.772963490750524	-37.88158416748047	15.533433561211176	0.0	0.0	0.0	0.0
0.6764819622039795	1781093599.0	1781093599.4263556	1	10.0	10.0	8.0	8.0	NeuronSpectrum 10.06.2026 14:49:30	EEG	checkup_149_10.06.2026 14:49:30	500.0	499.6666666666667	True	0.5	40.0	4	True	50.0	30.0	486.6546630859375	-113.54038286695209	418.550048828125	-118.25722207655338	-289.6592712402344	78.31764252847152	-392.5287170410156	91.8060759946615	-147.31011962890625	-1.0937750138329774	-33.7667350769043	-2.649096747393517	27.87101936340332	20.83800370697251	-18.55783462524414	16.223401533198285	0.0	0.0	0.0	0.0
0.7273609638214111	1781093599.0	1781093599.4772346	1	10.0	10.0	8.0	8.0	NeuronSpectrum 10.06.2026 14:49:30	EEG	checkup_149_10.06.2026 14:49:30	500.0	499.6666666666667	True	0.5	40.0	4	True	50.0	30.0	1091.715087890625	-112.99849778499579	931.635009765625	-120.94720676359583	-623.8975219726562	74.36621585153067	-895.6188354492188	87.47588924138665	-374.48114013671875	-4.455653260869896	-99.37838745117188	-5.059710596101876	-34.26988220214844	15.46005153145025	-45.50138473510742	16.14157687687116	0.0	0.0	0.0	0.0
0.7273666858673096	1781093599.0	1781093599.4772403	1	10.0	10.0	8.0	8.0	NeuronSpectrum 10.06.2026 14:49:30	EEG	checkup_149_10.06.2026 14:49:30	500.0	499.6666666666667	True	0.5	40.0	4	True	50.0	30.0	1090.75	-99.98599112311709	929.56494140625	-111.92330545340926	-626.78173828125	64.40160440990232	-897.7160034179688	73.73563511713853	-376.59967041015625	-11.32495948950303	-100.41698455810547	-7.7833777383979665	-41.19999313354492	10.341099692774435	-45.823707580566406	15.343158784479737	0.0	0.0	0.0	0.0
0.7273690700531006	1781093599.0	1781093599.4772427	1	10.0	10.0	8.0	8.0	NeuronSpectrum 10.06.2026 14:49:30	EEG	checkup_149_10.06.2026 14:49:30	500.0	499.6666666666667	True	0.5	40.0	4	True	50.0	30.0	1097.852783203125	-77.3947210825592	936.1491088867188	-93.34893674827461	-632.3201904296875	50.449625895987246	-905.0098266601562	53.42570925150671	-379.9576110839844	-20.343289216348033	-100.6422119140625	-10.166013886662668	-46.05290222167969	6.2085007560375605	-46.68934631347656	14.015871041411078	0.0	0.0	0.0	0.0
0.7273707389831543	1781093599.0	1781093599.4772444	1	10.0	10.0	8.0	8.0	NeuronSpectrum 10.06.2026 14:49:30	EEG	checkup_149_10.06.2026 14:49:30	500.0	499.6666666666667	True	0.5	40.0	4	True	50.0	30.0	1111.3662109375	-49.739878600996896	949.7685546875	-68.93635597032343	-639.4541625976562	35.276469854664356	-916.0621948242188	30.580711061204127	-383.9675598144531	-29.731427149173275	-99.9430923461914	-11.526615926725817	-47.92985534667969	3.676946659415447	-47.89459228515625	12.428212908146575	0.0	0.0	0.0	0.0
0.727372407913208	1781093599.0	1781093599.477246	1	10.0	10.0	8.0	8.0	NeuronSpectrum 10.06.2026 14:49:30	EEG	checkup_149_10.06.2026 14:49:30	500.0	499.6666666666667	True	0.5	40.0	4	True	50.0	30.0	1120.390869140625	-22.01707439682182	960.6114501953125	-42.98409152117445	-642.302978515625	21.72266308505612	-922.1146240234375	9.448334300498304	-385.0106506347656	-37.719177804709034	-97.57715606689453	-11.307187874517421	-46.85126495361328	3.1293932855495914	-48.80577850341797	10.866048518870933	0.0	0.0	0.0	0.0
0.7273819446563721	1781093599.0	1781093599.4772556	1	10.0	10.0	8.0	8.0	NeuronSpectrum 10.06.2026 14:49:30	EEG	checkup_149_10.06.2026 14:49:30	500.0	499.6666666666667	True	0.5	40.0	4	True	50.0	30.0	1110.650390625	1.2522084669229456	955.909912109375	-19.557599891355576	-633.34619140625	12.161996359393342	-911.716064453125	-6.317999813267608	-378.40032958984375	-42.88023679980808	-92.57853698730469	-9.18601915955854	-43.516456604003906	4.6478856864615	-48.66444778442383	9.578662397401656	0.0	0.0	0.0	0.0
0.7273836135864258	1781093599.0	1781093599.4772573	1	10.0	10.0	8.0	8.0	NeuronSpectrum 10.06.2026 14:49:30	EEG	checkup_149_10.06.2026 14:49:30	500.0	499.6666666666667	True	0.5	40.0	4	True	50.0	30.0	1078.5819091796875	16.59705805125614	932.290771484375	-1.9769548605924432	-611.16552734375	8.192897094633206	-882.0174560546875	-14.134390552194473	-363.2475280761719	-44.30736032025779	-84.88165283203125	-5.131779807562495	-38.61851119995117	8.00257171192661	-47.26274108886719	8.745312081720794	0.0	0.0	0.0	0.0
0.7273852825164795	1781093599.0	1781093599.477259	1	10.0	10.0	8.0	8.0	NeuronSpectrum 10.06.2026 14:49:30	EEG	checkup_149_10.06.2026 14:49:30	500.0	499.6666666666667	True	0.5	40.0	4	True	50.0	30.0	1042.6768798828125	21.832818055673457	905.648193359375	7.41917098458092	-586.64697265625	10.541975337983514	-847.9583740234375	-12.658729826503338	-346.412109375	-41.64880749122859	-76.26476287841797	0.6000958892908601	-32.29539489746094	12.691588886932761	-45.47632598876953	8.462336326472286	0.0	0.0	0.0	0.0
0.7273869514465332	1781093599.0	1781093599.4772606	1	10.0	10.0	8.0	8.0	NeuronSpectrum 10.06.2026 14:49:30	EEG	checkup_149_10.06.2026 14:49:30	500.0	499.6666666666667	True	0.5	40.0	4	True	50.0	30.0	1037.788330078125	16.127472875375993	906.1162109375	7.379131969956791	-579.6917114257812	19.081975386034646	-837.841796875	-1.8001125568376874	-340.5166931152344	-35.07631261051499	-69.91148376464844	7.512153493282182	-24.363893508911133	18.01946035033091	-44.995033264160156	8.743507783098169	0.0	0.0	0.0	0.0
0.7273886203765869	1781093599.0	1781093599.4772623	1	10.0	10.0	8.0	8.0	NeuronSpectrum 10.06.2026 14:49:30	EEG	checkup_149_10.06.2026 14:49:30	500.0	499.6666666666667	True	0.5	40.0	4	True	50.0	30.0	1088.6240234375	0.07276093252530691	954.9107666015625	-2.1392338651026543	-604.3609008789062	32.86165000010209	-872.1489868164062	17.290393017992002	-354.6439514160156	-25.254617943957204	-68.24181365966797	14.93092394393179	-15.385263442993164	23.201940045399486	-47.07830810546875	9.524710396849821	0.0	0.0	0.0	0.0
0.7273902893066406	1781093599.0	1781093599.477264	1	10.0	10.0	8.0	8.0	NeuronSpectrum 10.06.2026 14:49:30	EEG	checkup_149_10.06.2026 14:49:30	500.0	499.6666666666667	True	0.5	40.0	4	True	50.0	30.0	1177.7642822265625	-24.192412199947015	1036.4630126953125	-19.79322899632151	-651.058837890625	50.112836905234325	-937.7918701171875	42.203180853250764	-383.0482177734375	-13.335210363926649	-70.25439453125	22.082195850389358	-7.690877437591553	27.484792438552507	-51.045806884765625	10.668554354845964	0.0	0.0	0.0	0.0
0.7273919582366943	1781093599.0	1781093599.4772656	1	10.0	10.0	8.0	8.0	NeuronSpectrum 10.06.2026 14:49:30	EEG	checkup_149_10.06.2026 14:49:30	500.0	499.6666666666667	True	0.5	40.0	4	True	50.0	30.0	1235.1624755859375	-52.94804461352255	1089.3470458984375	-42.75721955149548	-680.8212280273438	68.30410168729928	-979.4154663085938	69.33338224184214	-401.34649658203125	-0.9272743960647267	-70.60733032226562	28.17690458902417	-5.077411651611328	30.260543097352947	-53.75298309326172	11.972606274162098	0.0	0.0	0.0	0.0
0.727393627166748	1781093599.0	1781093599.4772673	1	10.0	10.0	8.0	8.0	NeuronSpectrum 10.06.2026 14:49:30	EEG	checkup_149_10.06.2026 14:49:30	500.0	499.6666666666667	True	0.5	40.0	4	True	50.0	30.0	1166.43603515625	-81.21220331888411	1031.041259765625	-66.93968916831702	-641.303955078125	84.37820790100092	-921.7517700195312	94.22530970500594	-376.3325500488281	10.045818178836331	-61.883872985839844	32.51717526718589	-10.60103988647461	31.163704505830744	-50.862178802490234	13.190732774316732	0.0	0.0	0.0	0.0
0.7273950576782227	1781093599.0	1781093599.4772687	1	10.0	10.0	8.0	8.0	NeuronSpectrum 10.06.2026 14:49:30	EEG	checkup_149_10.06.2026 14:49:30	500.0	499.6666666666667	True	0.5	40.0	4	True	50.0	30.0	909.2833251953125	-103.5980271570228	807.1764526367188	-87.68555697964644	-498.3724670410156	95.26801642429054	-714.6642456054688	112.33431268167391	-285.76654052734375	17.668500974291643	-39.17763137817383	34.62457704086341	-23.491905212402344	30.126631993161585	-39.43368148803711	14.074438176320603	0.0	0.0	0.0	0.0
0.7273969650268555	1781093599.0	1781093599.4772706	1	10.0	10.0	8.0	8.0	NeuronSpectrum 10.06.2026 14:49:30	EEG	checkup_149_10.06.2026 14:49:30	500.0	499.6666666666667	True	0.5	40.0	4	True	50.0	30.0	481.87786865234375	-115.59203894268397	433.73297119140625	-100.87123428236633	-262.9507751464844	98.61991890670973	-372.0257263183594	120.09971689460532	-135.49847412109375	20.490205872054418	-4.017518997192383	34.368432398417134	-37.480804443359375	27.38711977972076	-20.18028450012207	14.428683980724038	0.0	0.0	0.0	0.0
0.7785689830780029	1781093599.0	1781093599.5284426	1	10.0	10.0	8.0	8.0	NeuronSpectrum 10.06.2026 14:49:30	EEG	checkup_149_10.06.2026 14:49:30	500.0	499.6666666666667	True	0.5	40.0	4	True	50.0	30.0	1082.6414794921875	-114.79144533247741	952.831787109375	-103.99657785587556	-603.3501586914062	93.46460857510932	-858.991455078125	115.94616439433211	-350.8119201660156	17.951394979018538	-56.53364944458008	32.04653258519241	-17.783906936645508	23.450405636407222	-48.08219909667969	14.162205407534037	0.0	0.0	0.0	0.0
0.77860426902771	1781093599.0	1781093599.528478	1	10.0	10.0	8.0	8.0	NeuronSpectrum 10.06.2026 14:49:30	EEG	checkup_149_10.06.2026 14:49:30	500.0	499.6666666666667	True	0.5	40.0	4	True	50.0	30.0	1081.7530517578125	-101.54380501372546	947.5640258789062	-96.79143631572687	-608.8206787109375	80.52660042599214	-864.1016845703125	100.75915349618342	-354.41668701171875	10.579137933243503	-59.73518371582031	28.36874787327175	-22.404953002929688	19.014428107576336	-48.360713958740234	13.308962052399007	0.0	0.0	0.0	0.0
0.7786073684692383	1781093599.0	1781093599.528481	1	10.0	10.0	8.0	8.0	NeuronSpectrum 10.06.2026 14:49:30	EEG	checkup_149_10.06.2026 14:49:30	500.0	499.6666666666667	True	0.5	40.0	4	True	50.0	30.0	1089.1826171875	-78.72125292564874	949.1344604492188	-81.09984645099762	-619.8294677734375	62.029076778720516	-876.5505981445312	77.61999209055263	-360.8055419921875	-0.14238624568595748	-64.08699798583984	24.32633746109088	-27.93918228149414	14.86626857591882	-48.976192474365234	12.010897092008515	0.0	0.0	0.0	0.0
0.7786095142364502	1781093599.0	1781093599.5284832	1	10.0	10.0	8.0	8.0	NeuronSpectrum 10.06.2026 14:49:30	EEG	checkup_149_10.06.2026 14:49:30	500.0	499.6666666666667	True	0.5	40.0	4	True	50.0	30.0	1103.2745361328125	-50.815458503212355	956.9715576171875	-60.1935113512323	-634.6660766601562	41.10696783066726	-893.7764892578125	50.95973660817591	-368.72137451171875	-12.15607965961253	-68.54365539550781	20.976872135136578	-33.40233612060547	11.757679786879663	-49.86346435546875	10.472631712992252	0.0	0.0	0.0	0.0
0.7786111831665039	1781093599.0	1781093599.5284848	1	10.0	10.0	8.0	8.0	NeuronSpectrum 10.06.2026 14:49:30	EEG	checkup_149_10.06.2026 14:49:30	500.0	499.6666666666667	True	0.5	40.0	4	True	50.0	30.0	1113.0885009765625	-22.80704083577543	962.3729858398438	-37.89344322225777	-646.3548583984375	21.092189638285877	-905.853515625	25.516056711692542	-373.8594665527344	-23.30097942994122	-71.07736206054688	19.205338372130548	-36.99282455444336	10.275563203049598	-50.5169792175293	8.910102034725	0.0	0.0	0.0	0.0
0.7786130905151367	1781093599.0	1781093599.5284867	1	10.0	10.0	8.0	8.0	NeuronSpectrum 10.06.2026 14:49:30	EEG	checkup_149_10.06.2026 14:49:30	500.0	499.6666666666667	True	0.5	40.0	4	True	50.0	30.0	1104.2574462890625	0.781526756666846	953.4802856445312	-17.83659511457732	-646.0302734375	4.910668010402608	-900.4300537109375	5.447200487425583	-370.9861755371094	-31.70898565377339	-69.40556335449219	19.523374797259326	-36.848472595214844	10.734486612615353	-50.27056121826172	7.511902827955811	0.0	0.0	0.0	0.0
0.7786149978637695	1781093599.0	1781093599.5284886	1	10.0	10.0	8.0	8.0	NeuronSpectrum 10.06.2026 14:49:30	EEG	checkup_149_10.06.2026 14:49:30	500.0	499.6666666666667	True	0.5	40.0	4	True	50.0	30.0	1073.053466796875	16.462276595458285	927.4480590820312	-3.0316768097225975	-630.9009399414062	-5.293290369118432	-874.180908203125	-6.220482805338982	-358.8418884277344	-36.05041151476959	-62.6895637512207	21.94976199717546	-32.501609802246094	13.120827079017475	-48.983421325683594	6.4206916918545005	0.0	0.0	0.0	0.0
0.7786166667938232	1781093599.0	1781093599.5284903	1	10.0	10.0	8.0	8.0	NeuronSpectrum 10.06.2026 14:49:30	EEG	checkup_149_10.06.2026 14:49:30	500.0	499.6666666666667	True	0.5	40.0	4	True	50.0	30.0	1037.725341796875	22.024061516264126	900.2321166992188	4.3420337361830335	-610.760986328125	-8.316305169105696	-841.9678955078125	-7.820931973673928	-344.0277099609375	-35.63191557385531	-53.08451843261719	25.989576176288555	-25.940156936645508	17.105668718995346	-47.59102249145508	5.730739055671021	0.0	0.0	0.0	0.0
0.7786180973052979	1781093599.0	1781093599.5284917	1	10.0	10.0	8.0	8.0	NeuronSpectrum 10.06.2026 14:49:30	EEG	checkup_149_10.06.2026 14:49:30	500.0	499.6666666666667	True	0.5	40.0	4	True	50.0	30.0	1032.88671875	16.609053168030286	901.5691528320312	3.0451332928410433	-605.1138916015625	-3.926923227532165	-832.2782592773438	0.9207159984225997	-338.95458984375	-30.402691095357763	-45.489437103271484	30.705340242771065	-20.943042755126953	22.121296102119352	-47.817684173583984	5.491213721777625	0.0	0.0	0.0	0.0
0.7786200046539307	1781093599.0	1781093599.5284936	1	10.0	10.0	8.0	8.0	NeuronSpectrum 10.06.2026 14:49:30	EEG	checkup_149_10.06.2026 14:49:30	500.0	499.6666666666667	True	0.5	40.0	4	True	50.0	30.0	1083.1767578125	0.7930528018044103	951.9215698242188	-7.059857674499784	-628.6592407226562	7.137076292002969	-865.9180297851562	18.91269684340208	-352.5800476074219	-20.932339139552337	-44.7785530090332	34.85713447958778	-20.425683975219727	27.476018464796983	-50.86738204956055	5.705034374896936	0.0	0.0	0.0	0.0
0.7786214351654053	1781093599.0	1781093599.528495	1	10.0	10.0	8.0	8.0	NeuronSpectrum 10.06.2026 14:49:30	EEG	checkup_149_10.06.2026 14:49:30	500.0	499.6666666666667	True	0.5	40.0	4	True	50.0	30.0	1171.4339599609375	-23.28654078640792	1034.8289794921875	-24.77348274233855	-673.4111938476562	23.173356157009437	-930.2250366210938	43.72224576013151	-379.27471923828125	-8.386091037093902	-51.84990692138672	37.084175177820086	-23.383256912231445	32.47493565132061	-55.851036071777344	6.320001520462626	0.0	0.0	0.0	0.0
0.7786233425140381	1781093599.0	1781093599.528497	1	10.0	10.0	8.0	8.0	NeuronSpectrum 10.06.2026 14:49:30	EEG	checkup_149_10.06.2026 14:49:30	500.0	499.6666666666667	True	0.5	40.0	4	True	50.0	30.0	1228.1973876953125	-51.89838437483234	1088.1553955078125	-47.40170269884293	-702.2666015625	41.58749562672346	-970.3845825195312	71.68904049572797	-395.1654357910156	5.53838624467478	-61.39039611816406	36.106437148912185	-24.094823837280273	36.522595383921626	-59.27822494506836	7.219155135455806	0.0	0.0	0.0	0.0
0.7786250114440918	1781093599.0	1781093599.5284986	1	10.0	10.0	8.0	8.0	NeuronSpectrum 10.06.2026 14:49:30	EEG	checkup_149_10.06.2026 14:49:30	500.0	499.6666666666667	True	0.5	40.0	4	True	50.0	30.0	1159.76025390625	-80.04283478916832	1029.171630859375	-70.93264902553817	-663.8035888671875	59.16151551038846	-911.7554931640625	98.3065884438531	-367.93218994140625	18.789151645427093	-63.69593048095703	30.93239837037961	-15.203320503234863	39.19911813469275	-56.461849212646484	8.224354758819752	0.0	0.0	0.0	0.0
0.7786269187927246	1781093599.0	1781093599.5285006	1	10.0	10.0	8.0	8.0	NeuronSpectrum 10.06.2026 14:49:30	EEG	checkup_149_10.06.2026 14:49:30	500.0	499.6666666666667	True	0.5	40.0	4	True	50.0	30.0	904.2097778320312	-102.31725075746049	803.9468383789062	-90.73006844587756	-522.892333984375	72.60226241074406	-704.7826538085938	118.9920712436545	-276.3363952636719	29.30399506872108	-50.15323257446289	21.0556446357564	6.596889972686768	40.310757454984866	-44.30535888671875	9.124234975015519	0.0	0.0	0.0	0.0
0.7786283493041992	1781093599.0	1781093599.528502	1	10.0	10.0	8.0	8.0	NeuronSpectrum 10.06.2026 14:49:30	EEG	checkup_149_10.06.2026 14:49:30	500.0	499.6666666666667	True	0.5	40.0	4	True	50.0	30.0	479.5302429199219	-114.20128718049467	429.3683776855469	-102.65212442208536	-287.6042175292969	79.29049609751569	-363.67755126953125	130.13445729043934	-126.93425750732422	35.471244048505135	-19.020854949951172	6.604796639550561	36.15241622924805	39.91164072818965	-23.68820571899414	9.723668440424907	0.0	0.0	0.0	0.0
0.778630256652832	1781093599.0	1781093599.528504	1	10.0	10.0	8.0	8.0	NeuronSpectrum 10.06.2026 14:49:30	EEG	checkup_149_10.06.2026 14:49:30	500.0	499.6666666666667	True	0.5	40.0	4	True	50.0	30.0	1077.1531982421875	-113.29804632253445	949.7722778320312	-104.1896641356407	-620.85009765625	77.96718220644935	-843.7410278320312	130.04840939113177	-334.5184020996094	36.54493167910993	-103.97125244140625	-11.607180779252799	-18.214078903198242	38.28380190716582	-52.968223571777344	9.895165419498852	0.0	0.0	0.0	0.0
0.7786316871643066	1781093599.0	1781093599.5285053	1	10.0	10.0	8.0	8.0	NeuronSpectrum 10.06.2026 14:49:30	EEG	checkup_149_10.06.2026 14:49:30	500.0	499.6666666666667	True	0.5	40.0	4	True	50.0	30.0	1076.6416015625	-99.97395058743753	945.0531616210938	-95.12380964104703	-624.2583618164062	69.04972336619845	-844.7930908203125	119.40050359972037	-334.326416015625	32.82618960993365	-126.358642578125	-32.179252162693075	-21.763437271118164	35.8658887557479	-52.50238800048828	9.607571531500376	0.0	0.0	0.0	0.0
0.7786335945129395	1781093599.0	1781093599.5285072	1	10.0	10.0	8.0	8.0	NeuronSpectrum 10.06.2026 14:49:30	EEG	checkup_149_10.06.2026 14:49:30	500.0	499.6666666666667	True	0.5	40.0	4	True	50.0	30.0	1084.2513427734375	-77.12938322064811	948.3619384765625	-77.44607301787362	-632.147705078125	54.43918071505937	-852.374267578125	100.91622237470698	-337.31005859375	25.528706524362462	-149.0195770263672	-53.36156996683485	-23.93796157836914	33.14357792113443	-52.2188606262207	8.920382499864797	0.0	0.0	0.0	0.0
0.7786352634429932	1781093599.0	1781093599.528509	1	10.0	10.0	8.0	8.0	NeuronSpectrum 10.06.2026 14:49:30	EEG	checkup_149_10.06.2026 14:49:30	500.0	499.6666666666667	True	0.5	40.0	4	True	50.0	30.0	1098.2584228515625	-49.28626057045647	959.0077514648438	-54.676776777620766	-642.8207397460938	36.938288505130785	-864.4578857421875	78.54464641127826	-342.5181884765625	16.406793363416448	-169.57716369628906	-73.3749381587683	-24.466218948364258	30.538574196847904	-52.19853210449219	7.952473315293502	0.0	0.0	0.0	0.0
0.778637170791626	1781093599.0	1781093599.5285108	1	10.0	10.0	8.0	8.0	NeuronSpectrum 10.06.2026 14:49:30	EEG	checkup_149_10.06.2026 14:49:30	500.0	499.6666666666667	True	0.5	40.0	4	True	50.0	30.0	1107.786376953125	-21.447266983112307	967.7929077148438	-30.953573252983293	-649.5612182617188	19.552667810687296	-871.8978271484375	56.47076018556281	-345.873779296875	7.3173545089763685	-184.7884521484375	-90.7159669949963	-23.859895706176758	28.334652777480727	-52.09832000732422	6.845231657822825	0.0	0.0	0.0	0.0
0.7786388397216797	1781093599.0	1781093599.5285125	1	10.0	10.0	8.0	8.0	NeuronSpectrum 10.06.2026 14:49:30	EEG	checkup_149_10.06.2026 14:49:30	500.0	499.6666666666667	True	0.5	40.0	4	True	50.0	30.0	1098.6202392578125	1.8614660296039078	962.0289916992188	-10.231244700570297	-644.1869506835938	4.921731401276438	-863.213134765625	38.32237473732634	-342.2670593261719	-0.13172217072545633	-191.8395538330078	-104.36643853317803	-23.031557083129883	26.65746386636378	-51.391883850097656	5.736362284382731	0.0	0.0	0.0	0.0
0.7786407470703125	1781093599.0	1781093599.5285144	1	10.0	10.0	8.0	8.0	NeuronSpectrum 10.06.2026 14:49:30	EEG	checkup_149_10.06.2026 14:49:30	500.0	499.6666666666667	True	0.5	40.0	4	True	50.0	30.0	1067.1492919921875	17.17313282903865	937.844482421875	4.247288804935137	-625.2429809570312	-5.005280172980952	-835.8038330078125	26.729165406059277	-330.421875	-4.776979453384313	-190.79393005371094	-113.86842676355022	-22.57579231262207	25.49899269638992	-50.02009201049805	4.749073431978467	0.0	0.0	0.0	0.0
0.7786424160003662	1781093599.0	1781093599.528516	1	10.0	10.0	8.0	8.0	NeuronSpectrum 10.06.2026 14:49:30	EEG	checkup_149_10.06.2026 14:49:30	500.0	499.6666666666667	True	0.5	40.0	4	True	50.0	30.0	1031.595947265625	22.321847222279366	910.2606201171875	10.231246393220468	-604.3775634765625	-9.07016659461507	-804.8780517578125	23.197753428726557	-316.77978515625	-5.953543082098463	-186.2650146484375	-119.2762327475273	-22.249164581298828	24.76424718497995	-48.919795989990234	3.9907907613406057	0.0	0.0	0.0	0.0
0.778644323348999	1781093599.0	1781093599.528518	1	10.0	10.0	8.0	8.0	NeuronSpectrum 10.06.2026 14:49:30	EEG	checkup_149_10.06.2026 14:49:30	500.0	499.6666666666667	True	0.5	40.0	4	True	50.0	30.0	1026.4085693359375	16.510105888015925	908.5829467773438	6.62057753764423	-602.6123046875	-6.89208960830756	-798.7819213867188	28.14836060865484	-313.53546142578125	-3.475241000421135	-185.92198181152344	-121.03374925229068	-21.219955444335938	24.31933269443257	-49.730445861816406	3.550568322484512	0.0	0.0	0.0	0.0
0.7786457538604736	1781093599.0	1781093599.5285194	1	10.0	10.0	8.0	8.0	NeuronSpectrum 10.06.2026 14:49:30	EEG	checkup_149_10.06.2026 14:49:30	500.0	499.6666666666667	True	0.5	40.0	4	True	50.0	30.0	1076.0816650390625	0.3735790821713043	953.7147827148438	-6.373690786088365	-634.4891357421875	1.1434722129117834	-837.7849731445312	40.94908425022354	-329.5404052734375	2.3868438627779014	-195.3597869873047	-119.83842093304014	-19.124155044555664	24.02950228171833	-53.495086669921875	3.4864999703631905	0.0	0.0	0.0	0.0
0.7786476612091064	1781093599.0	1781093599.5285213	1	10.0	10.0	8.0	8.0	NeuronSpectrum 10.06.2026 14:49:30	EEG	checkup_149_10.06.2026 14:49:30	500.0	499.6666666666667	True	0.5	40.0	4	True	50.0	30.0	1163.544189453125	-23.90826078933984	1030.5626220703125	-27.05190968355175	-689.3018188476562	13.847494071622947	-908.5349731445312	59.88338417869283	-359.3013000488281	10.896950513182524	-212.20826721191406	-116.53545758989154	-17.145557403564453	23.784520448559356	-59.116268157958984	3.8029700633824732	0.0	0.0	0.0	0.0
0.7786493301391602	1781093599.0	1781093599.528523	1	10.0	10.0	8.0	8.0	NeuronSpectrum 10.06.2026 14:49:30	EEG	checkup_149_10.06.2026 14:49:30	500.0	499.6666666666667	True	0.5	40.0	4	True	50.0	30.0	1219.7469482421875	-52.59273262826819	1078.8427734375	-52.17131811211469	-725.296142578125	29.210757855897985	-955.5984497070312	82.14297991817544	-379.2617492675781	20.85511548942784	-224.2902374267578	-112.04756198237119	-17.94643211364746	23.512081334583797	-62.897159576416016	4.428626256461501	0.0	0.0	0.0	0.0
0.778651237487793	1781093599.0	1781093599.5285249	1	10.0	10.0	8.0	8.0	NeuronSpectrum 10.06.2026 14:49:30	EEG	checkup_149_10.06.2026 14:49:30	500.0	499.6666666666667	True	0.5	40.0	4	True	50.0	30.0	1151.5587158203125	-80.70259524286661	1017.3406982421875	-77.24767649177076	-686.8176879882812	44.55676772262886	-903.8389892578125	104.0472434293065	-357.2962646484375	30.68989376027242	-214.80162048339844	-107.31012322469388	-23.87964630126953	23.179186123470362	-60.009578704833984	5.212593680795649	0.0	0.0	0.0	0.0
0.7786526679992676	1781093599.0	1781093599.5285263	1	10.0	10.0	8.0	8.0	NeuronSpectrum 10.06.2026 14:49:30	EEG	checkup_149_10.06.2026 14:49:30	500.0	499.6666666666667	True	0.5	40.0	4	True	50.0	30.0	897.4610595703125	-102.88213029131393	792.5230102539062	-97.36417248780764	-537.7943725585938	56.978295342043495	-703.2020263671875	121.64279626078256	-271.8516845703125	38.70900133434265	-172.48104858398438	-103.17690033020074	-34.31242370605469	22.781054987537527	-47.3360481262207	5.951951109757301	0.0	0.0	0.0	0.0
0.7786543369293213	1781093599.0	1781093599.528528	1	10.0	10.0	8.0	8.0	NeuronSpectrum 10.06.2026 14:49:30	EEG	checkup_149_10.06.2026 14:49:30	500.0	499.6666666666667	True	0.5	40.0	4	True	50.0	30.0	475.3486022949219	-114.66369389987355	420.3275451660156	-108.36684465805308	-290.0187683105469	64.00569641168066	-367.25115966796875	131.61220735412775	-128.4929656982422	43.47917553163485	-100.26900482177734	-100.29591268111376	-44.06134033203125	22.320634369877286	-25.872106552124023	6.447041246686975	0.0	0.0	0.0	0.0
0.830435037612915	1781093599.0	1781093599.5803087	1	10.0	10.0	8.0	8.0	NeuronSpectrum 10.06.2026 14:49:30	EEG	checkup_149_10.06.2026 14:49:30	500.0	499.6666666666667	True	0.5	40.0	4	True	50.0	30.0	1068.9970703125	-113.68780214623287	941.6534423828125	-108.02076823423523	-640.9195556640625	64.25932087583448	-842.78955078125	132.15538512620117	-332.2563171386719	44.194513261814244	-202.50111389160156	-99.00376511707815	-28.652603149414062	21.786929840832848	-55.68611526489258	6.562178899435421	0.0	0.0	0.0	0.0
0.8304405212402344	1781093599.0	1781093599.5803142	1	10.0	10.0	8.0	8.0	NeuronSpectrum 10.06.2026 14:49:30	EEG	checkup_149_10.06.2026 14:49:30	500.0	499.6666666666667	True	0.5	40.0	4	True	50.0	30.0	1068.6002197265625	-100.32814368178477	941.5884399414062	-96.6209781610952	-638.8924560546875	57.78353073610916	-840.2467651367188	123.43307176874751	-331.2326965332031	40.861452123077704	-200.10057067871094	-99.30087686708792	-27.964250564575195	21.141527121943945	-55.1773796081543	6.26307166823835	0.0	0.0	0.0	0.0
0.8304426670074463	1781093599.0	1781093599.5803163	1	10.0	10.0	8.0	8.0	NeuronSpectrum 10.06.2026 14:49:30	EEG	checkup_149_10.06.2026 14:49:30	500.0	499.6666666666667	True	0.5	40.0	4	True	50.0	30.0	1076.467529296875	-77.45919551727268	949.363037109375	-76.81013068209803	-640.9140014648438	45.921992453047196	-842.455810546875	107.38229558072396	-332.0243835449219	34.222396163434205	-197.74972534179688	-100.92768462578036	-27.76525115966797	20.317701074202134	-55.06742858886719	5.615706260636178	0.0	0.0	0.0	0.0
0.8304448127746582	1781093599.0	1781093599.5803185	1	10.0	10.0	8.0	8.0	NeuronSpectrum 10.06.2026 14:49:30	EEG	checkup_149_10.06.2026 14:49:30	500.0	499.6666666666667	True	0.5	40.0	4	True	50.0	30.0	1090.849365234375	-49.55293969303306	963.038818359375	-52.76012347613877	-646.7673950195312	30.846710685516467	-849.0488891601562	87.05805629234423	-334.5673522949219	25.48572122491951	-195.87269592285156	-103.49807246437	-28.53030014038086	19.230609049682073	-55.3432502746582	4.753779505445194	0.0	0.0	0.0	0.0
0.830446720123291	1781093599.0	1781093599.5803204	1	10.0	10.0	8.0	8.0	NeuronSpectrum 10.06.2026 14:49:30	EEG	checkup_149_10.06.2026 14:49:30	500.0	499.6666666666667	True	0.5	40.0	4	True	50.0	30.0	1100.843994140625	-21.555191592374076	972.540283203125	-29.119320908628545	-650.9666137695312	14.994706929133741	-852.6792602539062	65.84952953492181	-335.90289306640625	16.0103982306905	-193.58531188964844	-106.61744520441292	-29.65520477294922	17.795958780363264	-55.47932052612305	3.8352772607124157	0.0	0.0	0.0	0.0
0.8304486274719238	1781093599.0	1781093599.5803223	1	10.0	10.0	8.0	8.0	NeuronSpectrum 10.06.2026 14:49:30	EEG	checkup_149_10.06.2026 14:49:30	500.0	499.6666666666667	True	0.5	40.0	4	True	50.0	30.0	1092.216552734375	2.05291222682464	964.8466186523438	-10.098495920682321	-645.912353515625	0.627693638283672	-843.345947265625	46.86803683327355	-332.0135803222656	7.068791697084531	-189.4722137451172	-109.93594214301565	-30.03653335571289	15.956616352850475	-54.754886627197266	3.007021553578982	0.0	0.0	0.0	0.0
0.8304505348205566	1781093599.0	1781093599.5803242	1	10.0	10.0	8.0	8.0	NeuronSpectrum 10.06.2026 14:49:30	EEG	checkup_149_10.06.2026 14:49:30	500.0	499.6666666666667	True	0.5	40.0	4	True	50.0	30.0	1061.3197021484375	17.822971062989662	936.2838745117188	1.1181179852956913	-629.8065795898438	-10.40522233836306	-819.2182006835938	32.61940952399947	-322.4360656738281	-0.27021327632569125	-183.72964477539062	-113.13493938074092	-29.60358238220215	13.715365071350597	-53.000328063964844	2.3854318269173733	0.0	0.0	0.0	0.0
0.8304519653320312	1781093599.0	1781093599.5803256	1	10.0	10.0	8.0	8.0	NeuronSpectrum 10.06.2026 14:49:30	EEG	checkup_149_10.06.2026 14:49:30	500.0	499.6666666666667	True	0.5	40.0	4	True	50.0	30.0	1026.294677734375	23.57404993105773	902.4588012695312	2.644821433864505	-613.0975952148438	-16.749691933772198	-795.3136596679688	24.89653844570144	-313.9031677246094	-5.172366653244175	-179.85531616210938	-115.88459335905985	-30.48000144958496	11.164826635294348	-51.19392395019531	2.050945095185239	0.0	0.0	0.0	0.0
0.8304538726806641	1781093599.0	1781093599.5803275	1	10.0	10.0	8.0	8.0	NeuronSpectrum 10.06.2026 14:49:30	EEG	checkup_149_10.06.2026 14:49:30	500.0	499.6666666666667	True	0.5	40.0	4	True	50.0	30.0	1021.4833374023438	18.462058300554272	893.5123901367188	-6.021903628263514	-615.2929077148438	-17.587310040265663	-798.769287109375	24.73411902049605	-318.1593322753906	-7.057264316296297	-183.51580810546875	-117.82518748747648	-36.14239501953125	8.497506156096263	-51.16450881958008	2.0472015182030567	0.0	0.0	0.0	0.0
0.8304553031921387	1781093599.0	1781093599.580329	1	10.0	10.0	8.0	8.0	NeuronSpectrum 10.06.2026 14:49:30	EEG	checkup_149_10.06.2026 14:49:30	500.0	499.6666666666667	True	0.5	40.0	4	True	50.0	30.0	1071.3270263671875	3.0534686829253745	931.378662109375	-23.96723659098405	-649.92529296875	-12.736112103057511	-847.8074340820312	32.28440610262998	-342.75445556640625	-5.668888551551487	-198.01974487304688	-118.61110022087176	-48.286712646484375	5.979039320932623	-54.20640563964844	2.3762311777571594	0.0	0.0	0.0	0.0
0.8304572105407715	1781093599.0	1781093599.5803308	1	10.0	10.0	8.0	8.0	NeuronSpectrum 10.06.2026 14:49:30	EEG	checkup_149_10.06.2026 14:49:30	500.0	499.6666666666667	True	0.5	40.0	4	True	50.0	30.0	1158.8499755859375	-20.551528926489844	1002.1740112304688	-48.82452573776029	-706.3582763671875	-2.8228441847305845	-926.6600952148438	46.593074323341334	-380.21063232421875	-1.2042017022161	-219.0574951171875	-118.01786393037185	-63.40740966796875	3.8816486836522337	-59.40847396850586	2.987496321728437	0.0	0.0	0.0	0.0
0.8304586410522461	1781093599.0	1781093599.5803323	1	10.0	10.0	8.0	8.0	NeuronSpectrum 10.06.2026 14:49:30	EEG	checkup_149_10.06.2026 14:49:30	500.0	499.6666666666667	True	0.5	40.0	4	True	50.0	30.0	1215.27197265625	-48.687044402769125	1046.8868408203125	-76.85026475742939	-743.793701171875	10.579859709182038	-977.836669921875	65.4197994498046	-404.869140625	5.569639279606607	-233.28009033203125	-116.06615801130235	-72.34998321533203	2.398478864825231	-63.10196304321289	3.7685180930220183	0.0	0.0	0.0	0.0
0.8304605484008789	1781093599.0	1781093599.5803342	1	10.0	10.0	8.0	8.0	NeuronSpectrum 10.06.2026 14:49:30	EEG	checkup_149_10.06.2026 14:49:30	500.0	499.6666666666667	True	0.5	40.0	4	True	50.0	30.0	1147.7962646484375	-76.43993796300364	985.3250732421875	-103.30970611022151	-707.4102172851562	25.03148451035011	-925.2857666015625	85.35086225496718	-383.232666015625	13.326269911553712	-223.55531311035156	-113.08803833133494	-64.66909790039062	1.5783058949860123	-60.32904815673828	4.5513344959464614	0.0	0.0	0.0	0.0
0.8304619789123535	1781093599.0	1781093599.5803356	1	10.0	10.0	8.0	8.0	NeuronSpectrum 10.06.2026 14:49:30	EEG	checkup_149_10.06.2026 14:49:30	500.0	499.6666666666667	True	0.5	40.0	4	True	50.0	30.0	895.0986938476562	-98.49900524051519	764.2999877929688	-123.30530130873717	-560.6532592773438	37.64710600143892	-719.6629028320312	102.383538977623	-293.8447570800781	20.406977712947125	-178.91531372070312	-109.67501627083352	-35.980735778808594	1.3170818496808843	-47.77996826171875	5.145330405494048	0.0	0.0	0.0	0.0
0.8304634094238281	1781093599.0	1781093599.580337	1	10.0	10.0	8.0	8.0	NeuronSpectrum 10.06.2026 14:49:30	EEG	checkup_149_10.06.2026 14:49:30	500.0	499.6666666666667	True	0.5	40.0	4	True	50.0	30.0	474.95556640625	-110.41785323386688	399.108154296875	-132.92590751700422	-313.1280517578125	45.812913847642996	-376.7208557128906	112.908977701184	-143.98184204101562	25.238459331069148	-102.8938217163086	-106.50775071315697	6.6572465896606445	1.4129959016887295	-26.32059669494629	5.391825578805721	0.0	0.0	0.0	0.0
0.8304650783538818	1781093599.0	1781093599.5803387	1	10.0	10.0	8.0	8.0	NeuronSpectrum 10.06.2026 14:49:30	EEG	checkup_149_10.06.2026 14:49:30	500.0	499.6666666666667	True	0.5	40.0	4	True	50.0	30.0	1066.1854248046875	-109.83418540937998	919.1088256835938	-130.30786409711672	-653.8680419921875	47.92805512577562	-850.2244873046875	114.72776202277645	-347.7157287597656	26.784532299722038	-202.35630798339844	-104.1395313685307	-58.513893127441406	1.6531058873149005	-57.46533966064453	5.2182086766910905	0.0	0.0	0.0	0.0
0.8304667472839355	1781093599.0	1781093599.5803404	1	10.0	10.0	8.0	8.0	NeuronSpectrum 10.06.2026 14:49:30	EEG	checkup_149_10.06.2026 14:49:30	500.0	499.6666666666667	True	0.5	40.0	4	True	50.0	30.0	1065.1285400390625	-97.09646350212556	923.3579711914062	-116.13129489102388	-648.791748046875	43.84002136289999	-844.001708984375	107.64124619054371	-343.3288269042969	24.829660469325447	-197.29476928710938	-102.8354625692579	-57.307395935058594	1.8834262270181972	-57.29926681518555	4.664465693735521	0.0	0.0	0.0	0.0
0.8304686546325684	1781093599.0	1781093599.5803423	1	10.0	10.0	8.0	8.0	NeuronSpectrum 10.06.2026 14:49:30	EEG	checkup_149_10.06.2026 14:49:30	500.0	499.6666666666667	True	0.5	40.0	4	True	50.0	30.0	1071.81787109375	-75.03483308323844	934.7571411132812	-93.33599382881236	-648.152099609375	34.79837832206596	-844.9904174804688	93.38085045181248	-342.3957824707031	19.98276426522507	-193.19577026367188	-102.53002409583895	-55.69425964355469	2.0345654399165873	-57.1988410949707	3.8693759839390576	0.0	0.0	0.0	0.0
0.8304708003997803	1781093599.0	1781093599.5803444	1	10.0	10.0	8.0	8.0	NeuronSpectrum 10.06.2026 14:49:30	EEG	checkup_149_10.06.2026 14:49:30	500.0	499.6666666666667	True	0.5	40.0	4	True	50.0	30.0	1084.6824951171875	-48.0617307910677	950.9400024414062	-66.24042131753706	-651.663818359375	23.011048150949176	-852.6494750976562	74.99547581524835	-344.8807067871094	13.44325353282992	-190.51983642578125	-102.89276200862727	-53.951210021972656	2.109783564089285	-57.15607452392578	3.026265796066044	0.0	0.0	0.0	0.0
0.8304722309112549	1781093599.0	1781093599.5803459	1	10.0	10.0	8.0	8.0	NeuronSpectrum 10.06.2026 14:49:30	EEG	checkup_149_10.06.2026 14:49:30	500.0	499.6666666666667	True	0.5	40.0	4	True	50.0	30.0	1093.1556396484375	-21.052027342462114	961.827880859375	-39.48003458092042	-653.4677124023438	11.0465074737736	-858.612060546875	56.034243572088705	-347.1839294433594	6.666703660002392	-188.05471801757812	-103.44519569737085	-52.428192138671875	2.15891033056983	-56.7559814453125	2.331093004861141	0.0	0.0	0.0	0.0
0.8304736614227295	1781093599.0	1781093599.5803473	1	10.0	10.0	8.0	8.0	NeuronSpectrum 10.06.2026 14:49:30	EEG	checkup_149_10.06.2026 14:49:30	500.0	499.6666666666667	True	0.5	40.0	4	True	50.0	30.0	1083.3736572265625	1.5914068193538586	954.8602905273438	-17.13831133148163	-645.4718627929688	1.309319486558044	-851.3123168945312	39.836062786939884	-344.1312561035156	1.0605075451212853	-183.7517547607422	-103.67406282785545	-51.35686111450195	2.2531333354411505	-55.42841720581055	1.9425745105613952	0.0	0.0	0.0	0.0
0.8304755687713623	1781093599.0	1781093599.5803492	1	10.0	10.0	8.0	8.0	NeuronSpectrum 10.06.2026 14:49:30	EEG	checkup_149_10.06.2026 14:49:30	500.0	499.6666666666667	True	0.5	40.0	4	True	50.0	30.0	1051.9097900390625	16.500357684168655	927.2374267578125	-2.242543241182533	-625.5064086914062	-4.300718996083109	-827.1883544921875	29.07349972699305	-333.81048583984375	-2.225769663160727	-176.92526245117188	-103.11525416883971	-50.58382797241211	2.4607682411305203	-53.0968017578125	1.9622632032882392	0.0	0.0	0.0	0.0
0.830477237701416	1781093599.0	1781093599.5803509	1	10.0	10.0	8.0	8.0	NeuronSpectrum 10.06.2026 14:49:30	EEG	checkup_149_10.06.2026 14:49:30	500.0	499.6666666666667	True	0.5	40.0	4	True	50.0	30.0	1016.8311157226562	21.56838786275947	895.644775390625	3.4098415762378043	-603.9208984375	-4.556566839807275	-799.8372802734375	25.53148513100608	-321.59393310546875	-2.417755906585378	-170.09213256835938	-101.41151103399213	-49.5248908996582	2.819167204170278	-50.70820236206055	2.431052590854283	0.0	0.0	0.0	0.0
0.8304789066314697	1781093599.0	1781093599.5803525	1	10.0	10.0	8.0	8.0	NeuronSpectrum 10.06.2026 14:49:30	EEG	checkup_149_10.06.2026 14:49:30	500.0	499.6666666666667	True	0.5	40.0	4	True	50.0	30.0	1012.1435546875	16.010559326385042	891.092529296875	-0.7456023319055868	-600.3663330078125	1.0178887334652418	-795.8901977539062	30.00340492610684	-318.56317138671875	0.8168638488462571	-168.20510864257812	-98.36161023602429	-47.59062576293945	3.303903746382402	-49.96332550048828	3.3323057477495888	0.0	0.0	0.0	0.0
0.8304803371429443	1781093599.0	1781093599.580354	1	10.0	10.0	8.0	8.0	NeuronSpectrum 10.06.2026 14:49:30	EEG	checkup_149_10.06.2026 14:49:30	500.0	499.6666666666667	True	0.5	40.0	4	True	50.0	30.0	1061.926513671875	0.42710721717519684	935.647705078125	-14.039397904830063	-628.6105346679688	12.074532040377184	-834.5567016601562	42.18625119872458	-332.9806213378906	7.3095817694815635	-174.6703643798828	-93.9752400014495	-44.95264434814453	3.805294126429363	-52.05846405029297	4.592347155282859	0.0	0.0	0.0	0.0
0.8304822444915771	1781093599.0	1781093599.580356	1	10.0	10.0	8.0	8.0	NeuronSpectrum 10.06.2026 14:49:30	EEG	checkup_149_10.06.2026 14:49:30	500.0	499.6666666666667	True	0.5	40.0	4	True	50.0	30.0	1149.1268310546875	-23.080839698877053	1014.44775390625	-34.50993435084119	-678.2755126953125	27.355632077632336	-902.7005004882812	60.55083424416274	-359.7456970214844	16.33515912187591	-186.51513671875	-88.52774078584561	-43.035682678222656	4.126201296735246	-56.161956787109375	6.07599002569108	0.0	0.0	0.0	0.0
0.8304836750030518	1781093599.0	1781093599.5803573	1	10.0	10.0	8.0	8.0	NeuronSpectrum 10.06.2026 14:49:30	EEG	checkup_149_10.06.2026 14:49:30	500.0	499.6666666666667	True	0.5	40.0	4	True	50.0	30.0	1205.3221435546875	-50.88062103480784	1066.478759765625	-58.897708071967244	-709.032958984375	44.68108493579524	-946.4351196289062	82.30295819298505	-376.6718444824219	26.60817606812608	-192.86888122558594	-82.58280923402091	-44.00239562988281	4.010586433502768	-58.908260345458984	7.584611456928737	0.0	0.0	0.0	0.0
0.8304855823516846	1781093599.0	1781093599.5803592	1	10.0	10.0	8.0	8.0	NeuronSpectrum 10.06.2026 14:49:30	EEG	checkup_149_10.06.2026 14:49:30	500.0	499.6666666666667	True	0.5	40.0	4	True	50.0	30.0	1138.344482421875	-78.11933753021583	1009.193115234375	-82.91627739905789	-667.1231079101562	61.15555935367441	-892.8058471679688	103.63826844245938	-353.373046875	36.413947939343686	-179.40447998046875	-76.93846568238045	-49.0622673034668	3.201654744948991	-55.74163818359375	8.870538876776846	0.0	0.0	0.0	0.0
0.8304870128631592	1781093599.0	1781093599.5803607	1	10.0	10.0	8.0	8.0	NeuronSpectrum 10.06.2026 14:49:30	EEG	checkup_149_10.06.2026 14:49:30	500.0	499.6666666666667	True	0.5	40.0	4	True	50.0	30.0	887.3592529296875	-99.5578234549807	787.7130126953125	-101.96546525017631	-517.8609008789062	73.69180773913283	-693.4185791015625	120.4262453077673	-269.4603271484375	43.92431741930354	-137.0357666015625	-72.47093076484506	-56.457862854003906	1.5171734846029752	-43.611427307128906	9.677668589889702	0.0	0.0	0.0	0.0
0.8304886817932129	1781093599.0	1781093599.5803623	1	10.0	10.0	8.0	8.0	NeuronSpectrum 10.06.2026 14:49:30	EEG	checkup_149_10.06.2026 14:49:30	500.0	499.6666666666667	True	0.5	40.0	4	True	50.0	30.0	470.1064758300781	-110.81458853291639	417.16046142578125	-112.1982115273156	-273.1484069824219	79.77099641096491	-362.0282897949219	129.22223791894726	-130.37203979492188	47.648084507900606	-69.23893737792969	-69.90372292447945	-60.7037467956543	-1.0776854892505012	-23.300310134887695	9.803279768357335	0.0	0.0	0.0	0.0
0.8812661170959473	1781093599.0	1781093599.6311398	1	10.0	10.0	8.0	8.0	NeuronSpectrum 10.06.2026 14:49:30	EEG	checkup_149_10.06.2026 14:49:30	500.0	499.6666666666667	True	0.5	40.0	4	True	50.0	30.0	1056.9888916015625	-109.56963675585845	938.4874877929688	-111.55504964128565	-620.7343139648438	78.16404173232539	-830.9127197265625	128.2390163753264	-328.2835388183594	46.85416139215854	-162.58375549316406	-69.58578082636468	-53.4573974609375	-4.421532992146205	-52.53525924682617	9.158635454476725	0.0	0.0	0.0	0.0
0.8812718391418457	1781093599.0	1781093599.6311455	1	10.0	10.0	8.0	8.0	NeuronSpectrum 10.06.2026 14:49:30	EEG	checkup_149_10.06.2026 14:49:30	500.0	499.6666666666667	True	0.5	40.0	4	True	50.0	30.0	1056.5692138671875	-96.18575549091442	937.0867309570312	-100.29596239016529	-622.3416137695312	69.288954585008	-831.4989624023438	117.84026324137943	-330.4397277832031	41.77904912402246	-162.58895874023438	-71.37592918687713	-57.33203125	-8.150936112577888	-53.1522216796875	7.800679758164396	0.0	0.0	0.0	0.0
0.8812742233276367	1781093599.0	1781093599.6311479	1	10.0	10.0	8.0	8.0	NeuronSpectrum 10.06.2026 14:49:30	EEG	checkup_149_10.06.2026 14:49:30	500.0	499.6666666666667	True	0.5	40.0	4	True	50.0	30.0	1064.3594970703125	-73.48629967891392	942.5337524414062	-80.80399212331085	-629.0088500976562	55.05153848657713	-837.8372192382812	100.34840006146797	-335.05828857421875	33.53074770839281	-164.22964477539062	-74.68168400329607	-62.599910736083984	-11.748859690084059	-54.337562561035156	5.920613240797571	0.0	0.0	0.0	0.0
0.8812763690948486	1781093599.0	1781093599.63115	1	10.0	10.0	8.0	8.0	NeuronSpectrum 10.06.2026 14:49:30	EEG	checkup_149_10.06.2026 14:49:30	500.0	499.6666666666667	True	0.5	40.0	4	True	50.0	30.0	1078.651123046875	-45.871159934053	953.8358764648438	-56.82164149787063	-639.2766723632812	38.2827786523901	-848.3372802734375	79.31688479909234	-341.0713195800781	23.755883956006144	-166.84922790527344	-78.62375485611531	-68.22610473632812	-14.644145750320792	-55.94572830200195	3.7971304093156286	0.0	0.0	0.0	0.0
0.8812782764434814	1781093599.0	1781093599.631152	1	10.0	10.0	8.0	8.0	NeuronSpectrum 10.06.2026 14:49:30	EEG	checkup_149_10.06.2026 14:49:30	500.0	499.6666666666667	True	0.5	40.0	4	True	50.0	30.0	1088.64697265625	-18.213392602716212	961.83251953125	-32.50685292965178	-646.4656372070312	22.04259906491766	-854.485595703125	58.6277753561923	-344.640625	14.228849856661471	-168.42840576171875	-82.2501641705782	-72.01754760742188	-16.339753433172316	-57.331199645996094	1.7357257933044226	0.0	0.0	0.0	0.0
0.8812799453735352	1781093599.0	1781093599.6311536	1	10.0	10.0	8.0	8.0	NeuronSpectrum 10.06.2026 14:49:30	EEG	checkup_149_10.06.2026 14:49:30	500.0	499.6666666666667	True	0.5	40.0	4	True	50.0	30.0	1080.2218017578125	5.06480054193406	954.2279052734375	-11.652561356436198	-642.0313110351562	9.034398059787657	-845.3883666992188	41.740519271262855	-341.1339416503906	6.508399879486124	-166.5284423828125	-84.72660542915031	-71.65287780761719	-16.53288873800529	-57.660465240478516	0.014389360266718637	0.0	0.0	0.0	0.0
0.8812820911407471	1781093599.0	1781093599.6311557	1	10.0	10.0	8.0	8.0	NeuronSpectrum 10.06.2026 14:49:30	EEG	checkup_149_10.06.2026 14:49:30	500.0	499.6666666666667	True	0.5	40.0	4	True	50.0	30.0	1049.6998291015625	20.55446827500178	927.9024658203125	2.7795100595456903	-623.5245361328125	1.2464851808813084	-818.595947265625	31.24300906228995	-329.7040100097656	1.7321685435278673	-160.38352966308594	-85.46228744173582	-66.6554946899414	-15.189982696861978	-56.64900207519531	-1.153693704068418	0.0	0.0	0.0	0.0
0.8812837600708008	1781093599.0	1781093599.6311574	1	10.0	10.0	8.0	8.0	NeuronSpectrum 10.06.2026 14:49:30	EEG	checkup_149_10.06.2026 14:49:30	500.0	499.6666666666667	True	0.5	40.0	4	True	50.0	30.0	1014.9490356445312	26.096714273868	898.8758544921875	8.852183437803811	-601.0846557617188	-0.19382231082749435	-788.76220703125	28.67795329755224	-316.8838806152344	0.5410846006265178	-152.57801818847656	-84.16624728443679	-59.825130462646484	-12.556152365577807	-55.16242218017578	-1.6400761401158996	0.0	0.0	0.0	0.0
0.8812856674194336	1781093599.0	1781093599.6311593	1	10.0	10.0	8.0	8.0	NeuronSpectrum 10.06.2026 14:49:30	EEG	checkup_149_10.06.2026 14:49:30	500.0	499.6666666666667	True	0.5	40.0	4	True	50.0	30.0	1009.8865966796875	20.85797840696334	897.3764038085938	5.723987813010685	-594.485107421875	4.953834276355506	-783.1464233398438	34.51128105759374	-314.5461730957031	3.076543364346406	-148.2797088623047	-80.85332424372761	-56.30831527709961	-9.104263570892302	-54.95014953613281	-1.4096443796838787	0.0	0.0	0.0	0.0
0.8812873363494873	1781093599.0	1781093599.631161	1	10.0	10.0	8.0	8.0	NeuronSpectrum 10.06.2026 14:49:30	EEG	checkup_149_10.06.2026 14:49:30	500.0	499.6666666666667	True	0.5	40.0	4	True	50.0	30.0	1058.7042236328125	5.408938949326638	944.6807861328125	-6.2562065559321285	-618.47998046875	16.038631641318787	-821.0690307617188	48.105010893670844	-331.04400634765625	8.987915814370721	-151.47354125976562	-75.82539374455239	-59.9381217956543	-5.448893118340858	-57.31095504760742	-0.5245488059059796	0.0	0.0	0.0	0.0
0.8812892436981201	1781093599.0	1781093599.631163	1	10.0	10.0	8.0	8.0	NeuronSpectrum 10.06.2026 14:49:30	EEG	checkup_149_10.06.2026 14:49:30	500.0	499.6666666666667	True	0.5	40.0	4	True	50.0	30.0	1144.7230224609375	-18.150708190924625	1025.163330078125	-25.400801243445624	-664.7909545898438	31.50397825406183	-889.1830444335938	67.65312122671307	-360.63458251953125	17.427001027842493	-160.33592224121094	-69.64133690536696	-69.00240325927734	-2.253808716560393	-61.461273193359375	0.8550274578090991	0.0	0.0	0.0	0.0
0.8812911510467529	1781093599.0	1781093599.6311648	1	10.0	10.0	8.0	8.0	NeuronSpectrum 10.06.2026 14:49:30	EEG	checkup_149_10.06.2026 14:49:30	500.0	499.6666666666667	True	0.5	40.0	4	True	50.0	30.0	1200.0987548828125	-46.16185011699722	1077.186767578125	-48.61765676492061	-695.6705932617188	48.932042202296095	-933.3776245117188	90.18444146880739	-380.0798034667969	27.068063390890625	-165.55567932128906	-63.06665870629721	-75.07579040527344	-0.14746325734869753	-63.97404098510742	2.4797487142301855	0.0	0.0	0.0	0.0
0.8812930583953857	1781093599.0	1781093599.6311667	1	10.0	10.0	8.0	8.0	NeuronSpectrum 10.06.2026 14:49:30	EEG	checkup_149_10.06.2026 14:49:30	500.0	499.6666666666667	True	0.5	40.0	4	True	50.0	30.0	1133.2335205078125	-73.72604589821869	1017.9874877929688	-71.66676204058278	-658.8886108398438	65.28255732085043	-880.6688842773438	111.83067169303774	-358.09149169921875	36.23384555071211	-154.1020050048828	-56.97804440325827	-67.14500427246094	0.3577093453697939	-60.1755485534668	4.0407990056888385	0.0	0.0	0.0	0.0
0.8812949657440186	1781093599.0	1781093599.6311686	1	10.0	10.0	8.0	8.0	NeuronSpectrum 10.06.2026 14:49:30	EEG	checkup_149_10.06.2026 14:49:30	500.0	499.6666666666667	True	0.5	40.0	4	True	50.0	30.0	883.5634765625	-95.55286414826679	793.16162109375	-89.90441555548914	-518.6646728515625	77.41758368679447	-682.8256225585938	128.49748622469681	-274.0415954589844	43.184725278323526	-117.04423522949219	-52.20784078830908	-39.366451263427734	-1.048912806891298	-46.97519302368164	5.226481966374488	0.0	0.0	0.0	0.0
0.8812968730926514	1781093599.0	1781093599.6311705	1	10.0	10.0	8.0	8.0	NeuronSpectrum 10.06.2026 14:49:30	EEG	checkup_149_10.06.2026 14:49:30	500.0	499.6666666666667	True	0.5	40.0	4	True	50.0	30.0	468.6064147949219	-107.21657055131946	419.01263427734375	-99.40976375788286	-282.8602294921875	82.83890353890449	-353.7893981933594	136.8455787116155	-133.95672607421875	46.531947798805135	-56.42551040649414	-49.35198382552292	2.7382121086120605	-4.394187491084361	-25.30724334716797	5.796401625426998	0.0	0.0	0.0	0.0
0.8812987804412842	1781093599.0	1781093599.6311724	1	10.0	10.0	8.0	8.0	NeuronSpectrum 10.06.2026 14:49:30	EEG	checkup_149_10.06.2026 14:49:30	500.0	499.6666666666667	True	0.5	40.0	4	True	50.0	30.0	1052.7930908203125	-106.36791373675831	947.38720703125	-98.08134464592386	-618.3010864257812	80.37606461033758	-818.7130737304688	135.22387119221253	-331.99542236328125	45.62458278037539	-139.9309539794922	-48.608384208926445	-72.81730651855469	-9.377644978914528	-55.98335266113281	5.647036330079468	0.0	0.0	0.0	0.0
0.8813002109527588	1781093599.0	1781093599.6311738	1	10.0	10.0	8.0	8.0	NeuronSpectrum 10.06.2026 14:49:30	EEG	checkup_149_10.06.2026 14:49:30	500.0	499.6666666666667	True	0.5	40.0	4	True	50.0	30.0	1052.19677734375	-93.35661171339896	947.5785522460938	-86.2081327806333	-621.0853881835938	70.51451177648434	-819.0770874023438	124.12738148307339	-333.0244445800781	40.730800650421315	-139.54429626464844	-49.72091841139249	-79.74275970458984	-15.404361086462297	-56.38352966308594	4.839218673469174	0.0	0.0	0.0	0.0
0.8813021183013916	1781093599.0	1781093599.6311758	1	10.0	10.0	8.0	8.0	NeuronSpectrum 10.06.2026 14:49:30	EEG	checkup_149_10.06.2026 14:49:30	500.0	499.6666666666667	True	0.5	40.0	4	True	50.0	30.0	1059.421630859375	-71.00369634819484	954.6929321289062	-66.27579480358028	-628.37158203125	55.21813076460776	-825.46630859375	105.9785789790394	-336.5867919921875	32.93064570777566	-140.0062713623047	-52.05941745613294	-86.0894546508789	-21.700528244950984	-57.25663375854492	3.5746556781256915	0.0	0.0	0.0	0.0
0.8813037872314453	1781093599.0	1781093599.6311774	1	10.0	10.0	8.0	8.0	NeuronSpectrum 10.06.2026 14:49:30	EEG	checkup_149_10.06.2026 14:49:30	500.0	499.6666666666667	True	0.5	40.0	4	True	50.0	30.0	1072.8485107421875	-43.70740114107942	967.0961303710938	-42.171659228501426	-638.7924194335938	37.358086158595405	-836.49755859375	84.38437494038814	-341.9106750488281	23.78794408923044	-140.81494140625	-54.79952344388267	-90.9453125	-27.474960177027775	-58.3658447265625	2.1336579594324228	0.0	0.0	0.0	0.0
0.881305456161499	1781093599.0	1781093599.631179	1	10.0	10.0	8.0	8.0	NeuronSpectrum 10.06.2026 14:49:30	EEG	checkup_149_10.06.2026 14:49:30	500.0	499.6666666666667	True	0.5	40.0	4	True	50.0	30.0	1081.9344482421875	-16.328847492861403	975.16357421875	-18.190556527565963	-645.7371826171875	20.013596746110768	-843.687255859375	63.22872671500909	-345.2503356933594	14.957169192231774	-140.33665466308594	-57.1277298092938	-93.66581726074219	-32.07156360366366	-59.00815963745117	0.8013035693004629	0.0	0.0	0.0	0.0
0.8813073635101318	1781093599.0	1781093599.631181	1	10.0	10.0	8.0	8.0	NeuronSpectrum 10.06.2026 14:49:30	EEG	checkup_149_10.06.2026 14:49:30	500.0	499.6666666666667	True	0.5	40.0	4	True	50.0	30.0	1072.879150390625	6.738900062155936	966.4534301757812	1.7939529590676968	-640.8346557617188	5.887820676906516	-835.9649047851562	45.925341900332675	-341.8507385253906	7.865016949108949	-136.6386260986328	-58.40431902617321	-93.93846893310547	-35.07277681359035	-58.359230041503906	-0.19255742544461021	0.0	0.0	0.0	0.0
0.8813090324401855	1781093599.0	1781093599.6311827	1	10.0	10.0	8.0	8.0	NeuronSpectrum 10.06.2026 14:49:30	EEG	checkup_149_10.06.2026 14:49:30	500.0	499.6666666666667	True	0.5	40.0	4	True	50.0	30.0	1042.2467041015625	22.131903089943528	937.9729614257812	14.824450887124657	-622.2031860351562	-3.043781000459962	-810.5430908203125	34.98036299401652	-330.60174560546875	3.530459425006424	-129.4174346923828	-58.25130734747655	-91.85164642333984	-36.341945746487546	-56.236942291259766	-0.7061762883551334	0.0	0.0	0.0	0.0
0.8813107013702393	1781093599.0	1781093599.6311843	1	10.0	10.0	8.0	8.0	NeuronSpectrum 10.06.2026 14:49:30	EEG	checkup_149_10.06.2026 14:49:30	500.0	499.6666666666667	True	0.5	40.0	4	True	50.0	30.0	1007.9288330078125	27.74106898560007	905.9954833984375	19.052380810308605	-601.011474609375	-5.667103385908184	-781.7091674804688	31.836862250863014	-317.7809143066406	2.5093641779617717	-121.51874542236328	-56.5687802811686	-88.00098419189453	-36.01332686397102	-53.70396041870117	-0.6918217564169894	0.0	0.0	0.0	0.0
0.881312370300293	1781093599.0	1781093599.631186	1	10.0	10.0	8.0	8.0	NeuronSpectrum 10.06.2026 14:49:30	EEG	checkup_149_10.06.2026 14:49:30	500.0	499.6666666666667	True	0.5	40.0	4	True	50.0	30.0	1003.6326904296875	22.768994700628998	901.032958984375	13.78038745260513	-597.9954223632812	-1.7422143528200618	-776.5255737304688	36.86567353823562	-315.18255615234375	4.902689764716421	-118.09307861328125	-53.50681918452237	-83.5611572265625	-34.44623046918848	-52.757911682128906	-0.18434904342271025	0.0	0.0	0.0	0.0
0.8813140392303467	1781093599.0	1781093599.6311877	1	10.0	10.0	8.0	8.0	NeuronSpectrum 10.06.2026 14:49:30	EEG	checkup_149_10.06.2026 14:49:30	500.0	499.6666666666667	True	0.5	40.0	4	True	50.0	30.0	1053.23828125	7.789054800660587	944.7202758789062	-0.4891334712751001	-627.7886962890625	8.09935564605489	-814.465087890625	49.36118470112455	-331.3595886230469	10.364441260614724	-122.8792953491211	-49.42504428232073	-80.14925384521484	-32.158479612126925	-54.908138275146484	0.7152498913007456	0.0	0.0	0.0	0.0
0.8813159465789795	1781093599.0	1781093599.6311896	1	10.0	10.0	8.0	8.0	NeuronSpectrum 10.06.2026 14:49:30	EEG	checkup_149_10.06.2026 14:49:30	500.0	499.6666666666667	True	0.5	40.0	4	True	50.0	30.0	1139.8631591796875	-15.143256786048436	1021.9675903320312	-21.951999176517365	-680.1659545898438	22.335564135961388	-882.7114868164062	67.49537389828839	-360.9899597167969	18.086844144722587	-133.74081420898438	-44.856967886295635	-79.30902862548828	-29.749418550646407	-59.44240188598633	1.8536832481241294	0.0	0.0	0.0	0.0
0.8813173770904541	1781093599.0	1781093599.631191	1	10.0	10.0	8.0	8.0	NeuronSpectrum 10.06.2026 14:49:30	EEG	checkup_149_10.06.2026 14:49:30	500.0	499.6666666666667	True	0.5	40.0	4	True	50.0	30.0	1195.7147216796875	-42.46016752880983	1071.821533203125	-47.465823600413124	-714.0529174804688	38.58364257987347	-927.85302734375	88.3286666559237	-381.2422790527344	26.804014206584263	-141.1796875	-40.47041928954299	-81.61425018310547	-27.81836673221783	-62.806617736816406	3.0382822147385533	0.0	0.0	0.0	0.0
0.8813190460205078	1781093599.0	1781093599.6311927	1	10.0	10.0	8.0	8.0	NeuronSpectrum 10.06.2026 14:49:30	EEG	checkup_149_10.06.2026 14:49:30	500.0	499.6666666666667	True	0.5	40.0	4	True	50.0	30.0	1129.4659423828125	-69.38568297739903	1012.0701904296875	-72.80793431009235	-674.3735961914062	53.82155965542593	-877.372314453125	108.07220367305547	-360.9112243652344	34.89848026590545	-132.21929931640625	-36.99627936851339	-85.69295501708984	-26.882824391528718	-60.02980041503906	4.058162804082067	0.0	0.0	0.0	0.0
0.8813207149505615	1781093599.0	1781093599.6311944	1	10.0	10.0	8.0	8.0	NeuronSpectrum 10.06.2026 14:49:30	EEG	checkup_149_10.06.2026 14:49:30	500.0	499.6666666666667	True	0.5	40.0	4	True	50.0	30.0	880.83935546875	-90.75325056097273	788.3245239257812	-93.39220694206502	-525.2791137695312	64.90210369691636	-682.8922729492188	122.74000139802345	-278.93548583984375	40.67252969871723	-98.18596649169922	-35.10461141994773	-87.7580795288086	-27.30240069287966	-47.66788864135742	4.721203983239615	0.0	0.0	0.0	0.0
0.8813226222991943	1781093599.0	1781093599.6311963	1	10.0	10.0	8.0	8.0	NeuronSpectrum 10.06.2026 14:49:30	EEG	checkup_149_10.06.2026 14:49:30	500.0	499.6666666666667	True	0.5	40.0	4	True	50.0	30.0	467.41998291015625	-102.22760594052986	416.1556701660156	-105.35108859928087	-278.3570861816406	69.29030100489865	-357.5007019042969	129.1033051727751	-140.48753356933594	42.75014921006649	-41.3958740234375	-35.244015364032585	-82.26786041259766	-29.218629221510366	-26.391647338867188	4.901995897662663	0.0	0.0	0.0	0.0
0.9320893287658691	1781093599.0	1781093599.681963	1	10.0	10.0	8.0	8.0	NeuronSpectrum 10.06.2026 14:49:30	EEG	checkup_149_10.06.2026 14:49:30	500.0	499.6666666666667	True	0.5	40.0	4	True	50.0	30.0	1048.48974609375	-101.48849963795284	935.6340942382812	-106.58976136556753	-633.2794799804688	65.75860967483035	-822.7852172851562	125.59833209501983	-340.169921875	40.46286625652168	-125.9385757446289	-37.503331767960624	-89.34790802001953	-32.52499224932477	-58.17885208129883	4.580953205547325	0.0	0.0	0.0	0.0
0.9320952892303467	1781093599.0	1781093599.681969	1	10.0	10.0	8.0	8.0	NeuronSpectrum 10.06.2026 14:49:30	EEG	checkup_149_10.06.2026 14:49:30	500.0	499.6666666666667	True	0.5	40.0	4	True	50.0	30.0	1047.343994140625	-88.84275846477888	932.4459228515625	-97.33562720598135	-636.2803955078125	54.723404656422474	-825.41943359375	112.7689240548077	-342.6102294921875	34.04124525268022	-128.36471557617188	-41.56488134621646	-93.16952514648438	-36.880869192653186	-58.41038131713867	3.8518125137625487	0.0	0.0	0.0	0.0
0.9320976734161377	1781093599.0	1781093599.6819713	1	10.0	10.0	8.0	8.0	NeuronSpectrum 10.06.2026 14:49:30	EEG	checkup_149_10.06.2026 14:49:30	500.0	499.6666666666667	True	0.5	40.0	4	True	50.0	30.0	1054.111328125	-67.008733780697	936.0172119140625	-79.95290501734593	-644.5684814453125	38.07635267074442	-833.6397094726562	93.0481634926595	-347.441650390625	24.527152563516836	-131.63140869140625	-46.77759435243098	-98.35445404052734	-41.77376646497638	-58.549957275390625	2.8900576120886594	0.0	0.0	0.0	0.0
0.9320993423461914	1781093599.0	1781093599.681973	1	10.0	10.0	8.0	8.0	NeuronSpectrum 10.06.2026 14:49:30	EEG	checkup_149_10.06.2026 14:49:30	500.0	499.6666666666667	True	0.5	40.0	4	True	50.0	30.0	1067.2559814453125	-40.25333390138601	945.232421875	-58.18129375986946	-656.8466796875	18.62764303316611	-845.8992309570312	70.03050303759275	-354.0265197753906	13.469477342549732	-135.23374938964844	-52.31658759516606	-104.14918518066406	-46.61774169087743	-58.55665969848633	1.8970612161836446	0.0	0.0	0.0	0.0
0.9321012496948242	1781093599.0	1781093599.681975	1	10.0	10.0	8.0	8.0	NeuronSpectrum 10.06.2026 14:49:30	EEG	checkup_149_10.06.2026 14:49:30	500.0	499.6666666666667	True	0.5	40.0	4	True	50.0	30.0	1076.2908935546875	-13.317383508962322	950.9913940429688	-36.18574299611436	-666.337158203125	-0.5697886834889863	-853.7330932617188	47.5886378779223	-358.72540283203125	2.5525962882298647	-137.5668487548828	-57.36098708396955	-108.57599639892578	-50.86052430957	-58.02487564086914	1.0459855129328266	0.0	0.0	0.0	0.0
0.9321026802062988	1781093599.0	1781093599.6819763	1	10.0	10.0	8.0	8.0	NeuronSpectrum 10.06.2026 14:49:30	EEG	checkup_149_10.06.2026 14:49:30	500.0	499.6666666666667	True	0.5	40.0	4	True	50.0	30.0	1067.423095703125	9.480529388551577	941.1829223632812	-17.763528737218106	-664.2507934570312	-16.77646618180122	-846.2761840820312	29.15108301961147	-356.84912109375	-6.70902707794962	-136.70411682128906	-61.230873458710015	-109.45365142822266	-54.06675761415755	-56.449974060058594	0.44986416020428943	0.0	0.0	0.0	0.0
0.9321045875549316	1781093599.0	1781093599.6819782	1	10.0	10.0	8.0	8.0	NeuronSpectrum 10.06.2026 14:49:30	EEG	checkup_149_10.06.2026 14:49:30	500.0	499.6666666666667	True	0.5	40.0	4	True	50.0	30.0	1037.122802734375	24.78666358798255	912.7540283203125	-5.86305130076859	-648.0464477539062	-27.896999157927386	-821.0453491210938	17.28180613929002	-347.3674621582031	-13.150879218970742	-132.21368408203125	-63.45794921785809	-106.44831085205078	-55.95450831668397	-53.90751647949219	0.15763508153727437	0.0	0.0	0.0	0.0
0.9321062564849854	1781093599.0	1781093599.68198	1	10.0	10.0	8.0	8.0	NeuronSpectrum 10.06.2026 14:49:30	EEG	checkup_149_10.06.2026 14:49:30	500.0	499.6666666666667	True	0.5	40.0	4	True	50.0	30.0	1003.0553588867188	30.44128064373097	881.45654296875	-2.3777229631988126	-628.14306640625	-32.6108874661407	-792.5636596679688	13.527655269198748	-336.66693115234375	-16.028514560179396	-126.5982894897461	-63.798186080752636	-102.49823760986328	-56.38362404297104	-51.584083557128906	0.17010508234505434	0.0	0.0	0.0	0.0
0.93210768699646	1781093599.0	1781093599.6819813	1	10.0	10.0	8.0	8.0	NeuronSpectrum 10.06.2026 14:49:30	EEG	checkup_149_10.06.2026 14:49:30	500.0	499.6666666666667	True	0.5	40.0	4	True	50.0	30.0	998.6396484375	25.558648107244583	877.0071411132812	-8.068981888847917	-624.8009643554688	-30.405557876378914	-787.8814697265625	18.3961952718908	-336.5438232421875	-15.036690776759498	-124.52216339111328	-62.21485299051987	-102.64199829101562	-55.31748211891333	-51.42363357543945	0.4603977551550585	0.0	0.0	0.0	0.0
0.9321093559265137	1781093599.0	1781093599.681983	1	10.0	10.0	8.0	8.0	NeuronSpectrum 10.06.2026 14:49:30	EEG	checkup_149_10.06.2026 14:49:30	500.0	499.6666666666667	True	0.5	40.0	4	True	50.0	30.0	1047.5914306640625	10.620029478651434	920.4091796875	-22.47593277317931	-652.88525390625	-21.61356419633757	-826.1364135742188	31.325417718954142	-355.1941223144531	-10.335777756472918	-129.34779357910156	-58.86164159334675	-109.96343994140625	-52.79082419988716	-54.70451354980469	0.9844943789804924	0.0	0.0	0.0	0.0
0.9321110248565674	1781093599.0	1781093599.6819847	1	10.0	10.0	8.0	8.0	NeuronSpectrum 10.06.2026 14:49:30	EEG	checkup_149_10.06.2026 14:49:30	500.0	499.6666666666667	True	0.5	40.0	4	True	50.0	30.0	1133.19140625	-12.382643078171046	996.585693359375	-43.781162128579965	-703.23974609375	-7.481828549291029	-893.9710083007812	50.605298723119326	-386.43438720703125	-2.599800772333085	-138.97085571289062	-54.07855446305968	-121.16597747802734	-48.90693189025523	-60.36457443237305	1.6765532278159916	0.0	0.0	0.0	0.0
0.9321126937866211	1781093599.0	1781093599.6819863	1	10.0	10.0	8.0	8.0	NeuronSpectrum 10.06.2026 14:49:30	EEG	checkup_149_10.06.2026 14:49:30	500.0	499.6666666666667	True	0.5	40.0	4	True	50.0	30.0	1188.1844482421875	-39.89680927051553	1045.435546875	-68.76484195635442	-736.1991577148438	9.808789752537203	-937.526611328125	73.35811165068105	-406.2872314453125	6.964050961054363	-144.4378662109375	-48.38674651529471	-125.7869873046875	-43.860990853281855	-64.49498748779297	2.4366335501496517	0.0	0.0	0.0	0.0
0.9321143627166748	1781093599.0	1781093599.681988	1	10.0	10.0	8.0	8.0	NeuronSpectrum 10.06.2026 14:49:30	EEG	checkup_149_10.06.2026 14:49:30	500.0	499.6666666666667	True	0.5	40.0	4	True	50.0	30.0	1121.9459228515625	-67.11175699091143	986.1278686523438	-93.08027413096761	-697.38623046875	27.3256727397115	-884.271484375	95.77931092587083	-382.7347106933594	16.715520626728182	-133.58468627929688	-42.44998527146146	-111.3001937866211	-37.96049089745166	-61.90131378173828	3.127599869990379	0.0	0.0	0.0	0.0
0.9321160316467285	1781093599.0	1781093599.6819897	1	10.0	10.0	8.0	8.0	NeuronSpectrum 10.06.2026 14:49:30	EEG	checkup_149_10.06.2026 14:49:30	500.0	499.6666666666667	True	0.5	40.0	4	True	50.0	30.0	874.67041015625	-88.79184068323946	765.4627075195312	-112.01039626830526	-549.9653930664062	41.875356570157756	-686.410400390625	113.78145807002181	-294.92535400390625	24.8644307794544	-98.32696533203125	-36.97755837159064	-71.94200897216797	-31.609486918877362	-49.144752502441406	3.5956648735326455	0.0	0.0	0.0	0.0
0.9321177005767822	1781093599.0	1781093599.6819913	1	10.0	10.0	8.0	8.0	NeuronSpectrum 10.06.2026 14:49:30	EEG	checkup_149_10.06.2026 14:49:30	500.0	499.6666666666667	True	0.5	40.0	4	True	50.0	30.0	463.8526306152344	-100.52443021464155	399.2746887207031	-121.59980932819934	-302.7955627441406	50.73719924338942	-358.05419921875	123.95365984184225	-149.50579833984375	29.897349216230804	-40.946685791015625	-32.57961667694246	-15.314043045043945	-25.24944236173731	-27.130844116210938	3.7137527211280115	0.0	0.0	0.0	0.0
0.9829869270324707	1781093599.0	1781093599.7328606	1	10.0	10.0	8.0	8.0	NeuronSpectrum 10.06.2026 14:49:30	EEG	checkup_149_10.06.2026 14:49:30	500.0	499.6666666666667	True	0.5	40.0	4	True	50.0	30.0	1040.9427490234375	-99.93107075304808	915.3925170898438	-119.7553218162436	-647.2536010742188	52.3750983469088	-818.3042602539062	124.485124863879	-352.0323181152344	30.99076193803157	-115.93415832519531	-29.628610979790704	-92.49024200439453	-19.286119477705938	-58.976131439208984	3.428023729162735	0.0	0.0	0.0	0.0
0.98299241065979	1781093599.0	1781093599.732866	1	10.0	10.0	8.0	8.0	NeuronSpectrum 10.06.2026 14:49:30	EEG	checkup_149_10.06.2026 14:49:30	500.0	499.6666666666667	True	0.5	40.0	4	True	50.0	30.0	1039.845458984375	-87.29925486246154	915.7525634765625	-106.82530643411067	-644.8490600585938	46.8083357180235	-816.3134765625	115.63080338890495	-350.215087890625	28.222275210603872	-112.61782836914062	-28.191903691675268	-84.96430969238281	-14.044294221604117	-58.64818572998047	2.781405050098579	0.0	0.0	0.0	0.0
0.9829950332641602	1781093599.0	1781093599.7328687	1	10.0	10.0	8.0	8.0	NeuronSpectrum 10.06.2026 14:49:30	EEG	checkup_149_10.06.2026 14:49:30	500.0	499.6666666666667	True	0.5	40.0	4	True	50.0	30.0	1046.671875	-65.372136092177	923.7134399414062	-85.41771412201626	-646.7776489257812	35.48892414732833	-820.2813720703125	99.5200191247485	-351.0649108886719	22.490169411780165	-109.97472381591797	-28.064193353628784	-76.86068725585938	-9.765396916772188	-58.50006103515625	1.9012011827789415	0.0	0.0	0.0	0.0
0.9829971790313721	1781093599.0	1781093599.7328708	1	10.0	10.0	8.0	8.0	NeuronSpectrum 10.06.2026 14:49:30	EEG	checkup_149_10.06.2026 14:49:30	500.0	499.6666666666667	True	0.5	40.0	4	True	50.0	30.0	1059.853759765625	-38.4740661493491	937.7823486328125	-59.61086556046973	-652.4124145507812	20.79432204856667	-829.0950927734375	79.4573707473457	-354.075927734375	15.206217638244764	-108.05590057373047	-28.87230244067232	-69.40802001953125	-6.625188698304292	-58.5432014465332	0.9597831016481418	0.0	0.0	0.0	0.0
0.9829995632171631	1781093599.0	1781093599.7328732	1	10.0	10.0	8.0	8.0	NeuronSpectrum 10.06.2026 14:49:30	EEG	checkup_149_10.06.2026 14:49:30	500.0	499.6666666666667	True	0.5	40.0	4	True	50.0	30.0	1068.9466552734375	-11.411441462840262	948.391357421875	-33.947160691212424	-655.7238159179688	5.398051344808818	-834.6319580078125	59.06845390474333	-355.6266174316406	7.917438250187633	-105.86133575439453	-30.194152400493017	-63.66526794433594	-4.738068626581001	-58.31584548950195	0.1298407279679446	0.0	0.0	0.0	0.0
0.983001708984375	1781093599.0	1781093599.7328753	1	10.0	10.0	8.0	8.0	NeuronSpectrum 10.06.2026 14:49:30	EEG	checkup_149_10.06.2026 14:49:30	500.0	499.6666666666667	True	0.5	40.0	4	True	50.0	30.0	1060.2442626953125	11.451634257507285	942.8917846679688	-12.567979734649034	-648.7405395507812	-8.246835555432778	-826.2294921875	41.6046030372469	-350.96844482421875	1.9966291591792271	-102.02987670898438	-31.6437345453746	-60.19358444213867	-4.136491109685255	-57.17561340332031	-0.44761891341222365	0.0	0.0	0.0	0.0
0.9830033779144287	1781093599.0	1781093599.732877	1	10.0	10.0	8.0	8.0	NeuronSpectrum 10.06.2026 14:49:30	EEG	checkup_149_10.06.2026 14:49:30	500.0	499.6666666666667	True	0.5	40.0	4	True	50.0	30.0	1030.2530517578125	26.756229070153402	917.6314697265625	1.3375085756851388	-629.94091796875	-18.207923446115743	-801.4404907226562	29.545397312148175	-338.9361877441406	-1.5349427202856707	-96.54122924804688	-32.90596475680404	-58.98954391479492	-4.741696954123329	-55.00860595703125	-0.6762122080281617	0.0	0.0	0.0	0.0
0.9830052852630615	1781093599.0	1781093599.732879	1	10.0	10.0	8.0	8.0	NeuronSpectrum 10.06.2026 14:49:30	EEG	checkup_149_10.06.2026 14:49:30	500.0	499.6666666666667	True	0.5	40.0	4	True	50.0	30.0	996.5420532226562	32.381100618578124	887.7869262695312	5.7874109056218	-610.9072875976562	-23.18710944172424	-774.6655883789062	24.46086152101011	-325.7344055175781	-2.066916672124132	-92.03005981445312	-33.73579204338417	-59.70498275756836	-6.352602240261117	-52.7957878112793	-0.503043188920604	0.0	0.0	0.0	0.0
0.9830067157745361	1781093599.0	1781093599.7328804	1	10.0	10.0	8.0	8.0	NeuronSpectrum 10.06.2026 14:49:30	EEG	checkup_149_10.06.2026 14:49:30	500.0	499.6666666666667	True	0.5	40.0	4	True	50.0	30.0	992.32080078125	27.50669278059838	882.7501220703125	0.09867795333420482	-612.6305541992188	-22.55591032899779	-772.7208251953125	26.991467872330126	-323.06256103515625	0.5981623308637742	-92.91818237304688	-33.95192241206489	-61.99177169799805	-8.670588437748199	-52.317718505859375	0.08554656399758206	0.0	0.0	0.0	0.0
0.983008623123169	1781093599.0	1781093599.7328823	1	10.0	10.0	8.0	8.0	NeuronSpectrum 10.06.2026 14:49:30	EEG	checkup_149_10.06.2026 14:49:30	500.0	499.6666666666667	True	0.5	40.0	4	True	50.0	30.0	1041.1361083984375	12.678184382644167	923.7443237304688	-15.04583490708739	-649.3102416992188	-16.41899702484556	-814.4630737304688	36.80364734529338	-339.3194274902344	6.237773300394006	-101.95252990722656	-33.45217363889761	-65.7040786743164	-11.358788956827652	-54.81351852416992	1.061445752294012	0.0	0.0	0.0	0.0
0.9830102920532227	1781093599.0	1781093599.732884	1	10.0	10.0	8.0	8.0	NeuronSpectrum 10.06.2026 14:49:30	EEG	checkup_149_10.06.2026 14:49:30	500.0	499.6666666666667	True	0.5	40.0	4	True	50.0	30.0	1126.33642578125	-10.083082555520257	996.5993041992188	-37.516882215509256	-709.1175537109375	-5.731863688413421	-886.2496337890625	52.47976368174389	-368.95166015625	14.176893160028786	-116.18959045410156	-32.25603344722607	-70.74224853515625	-14.116707943408393	-59.372825622558594	2.3432914085869148	0.0	0.0	0.0	0.0
0.9830119609832764	1781093599.0	1781093599.7328856	1	10.0	10.0	8.0	8.0	NeuronSpectrum 10.06.2026 14:49:30	EEG	checkup_149_10.06.2026 14:49:30	500.0	499.6666666666667	True	0.5	40.0	4	True	50.0	30.0	1181.0494384765625	-37.25058170938166	1042.5791015625	-63.76099114265916	-748.333251953125	7.620838314071664	-933.9199829101562	71.45287804747504	-388.87274169921875	23.27388537232635	-125.89761352539062	-30.55046713764479	-76.52021789550781	-16.742666386255408	-62.41857147216797	3.7846907257181717	0.0	0.0	0.0	0.0
0.9830136299133301	1781093599.0	1781093599.7328873	1	10.0	10.0	8.0	8.0	NeuronSpectrum 10.06.2026 14:49:30	EEG	checkup_149_10.06.2026 14:49:30	500.0	499.6666666666667	True	0.5	40.0	4	True	50.0	30.0	1115.1937255859375	-64.09450394658506	982.0765380859375	-89.13926705467054	-709.1773071289062	20.95733129442151	-884.5687866210938	90.19650218549475	-367.718505859375	32.01172722830759	-118.50569915771484	-28.695777792750608	-81.30158996582031	-19.160518809260246	-59.14579391479492	5.177922333675442	0.0	0.0	0.0	0.0
0.9830155372619629	1781093599.0	1781093599.7328892	1	10.0	10.0	8.0	8.0	NeuronSpectrum 10.06.2026 14:49:30	EEG	checkup_149_10.06.2026 14:49:30	500.0	499.6666666666667	True	0.5	40.0	4	True	50.0	30.0	869.3408203125	-85.49072611815357	762.3006591796875	-108.72673350813467	-554.478515625	31.26558992117801	-689.9237060546875	104.82381866693999	-284.4775695800781	38.75860570856826	-86.0613784790039	-27.157539767657703	-81.85966491699219	-21.401307184443034	-46.3720588684082	6.285420603718743	0.0	0.0	0.0	0.0
0.9830172061920166	1781093599.0	1781093599.7328908	1	10.0	10.0	8.0	8.0	NeuronSpectrum 10.06.2026 14:49:30	EEG	checkup_149_10.06.2026 14:49:30	500.0	499.6666666666667	True	0.5	40.0	4	True	50.0	30.0	460.905517578125	-97.12860645131508	398.3880310058594	-118.4598489742857	-296.8751525878906	35.945090031015695	-363.5780029296875	112.0212486178417	-144.59286499023438	42.16484368365553	-31.407405853271484	-26.37118889423013	-73.94517517089844	-23.54932258637612	-24.97652244567871	6.896049753848074	0.0	0.0	0.0	0.0
0.9830188751220703	1781093599.0	1781093599.7328925	1	10.0	10.0	8.0	8.0	NeuronSpectrum 10.06.2026 14:49:30	EEG	checkup_149_10.06.2026 14:49:30	500.0	499.6666666666667	True	0.5	40.0	4	True	50.0	30.0	1034.15380859375	-96.68146141636441	912.0087280273438	-116.2282643928662	-663.2999267578125	33.54952128919774	-825.1605834960938	109.97351736886858	-342.92999267578125	41.54965165387054	-107.88140106201172	-26.594083725158676	-88.75049591064453	-25.677229302822408	-54.848426818847656	6.884949746496899	0.0	0.0	0.0	0.0
0.983020544052124	1781093599.0	1781093599.7328942	1	10.0	10.0	8.0	8.0	NeuronSpectrum 10.06.2026 14:49:30	EEG	checkup_149_10.06.2026 14:49:30	500.0	499.6666666666667	True	0.5	40.0	4	True	50.0	30.0	1032.8509521484375	-84.41379399346697	914.7127075195312	-102.43095566641605	-663.2146606445312	24.193835701891523	-824.9169921875	98.85916655693123	-342.8105773925781	37.09871432485556	-106.3670654296875	-27.816478277945972	-88.2530288696289	-27.798284786236803	-54.51321792602539	6.249558770916523	0.0	0.0	0.0	0.0
0.9830222129821777	1781093599.0	1781093599.7328959	1	10.0	10.0	8.0	8.0	NeuronSpectrum 10.06.2026 14:49:30	EEG	checkup_149_10.06.2026 14:49:30	500.0	499.6666666666667	True	0.5	40.0	4	True	50.0	30.0	1039.4822998046875	-62.973075510708256	925.3339233398438	-79.76768897654955	-668.3737182617188	9.458253645163884	-830.6682739257812	80.70947744169057	-345.0217590332031	29.78613323553368	-105.72968292236328	-29.769812329950284	-88.253173828125	-29.852588340070962	-54.61278533935547	5.107199307111001	0.0	0.0	0.0	0.0
0.9830238819122314	1781093599.0	1781093599.7328975	1	10.0	10.0	8.0	8.0	NeuronSpectrum 10.06.2026 14:49:30	EEG	checkup_149_10.06.2026 14:49:30	500.0	499.6666666666667	True	0.5	40.0	4	True	50.0	30.0	1052.51611328125	-36.54366813291598	941.7802124023438	-52.42803426036899	-678.0577392578125	-8.108256374100627	-841.4475708007812	58.76505211398162	-349.10870361328125	21.081060244165297	-106.01428985595703	-32.01513644332779	-89.26949310302734	-31.72543025167649	-55.17055892944336	3.6608933642815904	0.0	0.0	0.0	0.0
0.9830255508422852	1781093599.0	1781093599.7328992	1	10.0	10.0	8.0	8.0	NeuronSpectrum 10.06.2026 14:49:30	EEG	checkup_149_10.06.2026 14:49:30	500.0	499.6666666666667	True	0.5	40.0	4	True	50.0	30.0	1061.569091796875	-9.791877870165672	954.0200805664062	-25.071706595065063	-685.7296752929688	-25.623800323538834	-849.1084594726562	36.66499373982906	-351.60406494140625	12.58557272577055	-106.02735137939453	-34.06086615331086	-90.2862319946289	-33.28077720033866	-55.715003967285156	2.1526989047727514	0.0	0.0	0.0	0.0
0.9830272197723389	1781093599.0	1781093599.7329009	1	10.0	10.0	8.0	8.0	NeuronSpectrum 10.06.2026 14:49:30	EEG	checkup_149_10.06.2026 14:49:30	500.0	499.6666666666667	True	0.5	40.0	4	True	50.0	30.0	1052.9940185546875	13.014427346723913	949.2598266601562	-1.9581701086732695	-682.4966430664062	-40.41437515624847	-842.7767333984375	17.768276565075375	-347.9151306152344	5.73493850678152	-104.00875091552734	-35.46331812058548	-89.53850555419922	-34.38931109803312	-55.542293548583984	0.8218329716245633	0.0	0.0	0.0	0.0
0.9830291271209717	1781093599.0	1781093599.7329028	1	10.0	10.0	8.0	8.0	NeuronSpectrum 10.06.2026 14:49:30	EEG	checkup_149_10.06.2026 14:49:30	500.0	499.6666666666667	True	0.5	40.0	4	True	50.0	30.0	1023.30126953125	28.540515180289578	924.1159057617188	13.604995641373439	-665.5509033203125	-50.35503680086575	-819.6551513671875	4.739257282836592	-336.9076843261719	1.618824842050968	-99.30908966064453	-35.88871909326621	-86.54336547851562	-34.93860177870359	-54.406272888183594	-0.1250613638476465	0.0	0.0	0.0	0.0
0.9830305576324463	1781093599.0	1781093599.7329042	1	10.0	10.0	8.0	8.0	NeuronSpectrum 10.06.2026 14:49:30	EEG	checkup_149_10.06.2026 14:49:30	500.0	499.6666666666667	True	0.5	40.0	4	True	50.0	30.0	989.9660034179688	34.61437547196741	894.3472290039062	19.51730561580112	-645.1265258789062	-54.03430517500567	-793.746337890625	-0.6371889539469432	-324.60491943359375	0.9094401334994052	-93.80731201171875	-35.14034061973158	-83.70757293701172	-34.828233471128144	-53.097049713134766	-0.5334915694048337	0.0	0.0	0.0	0.0
0.9830324649810791	1781093599.0	1781093599.732906	1	10.0	10.0	8.0	8.0	NeuronSpectrum 10.06.2026 14:49:30	EEG	checkup_149_10.06.2026 14:49:30	500.0	499.6666666666667	True	0.5	40.0	4	True	50.0	30.0	986.035888671875	30.313188047424376	889.919921875	14.980652407839315	-641.481689453125	-50.83587221494905	-791.5226440429688	2.4604419574038054	-322.3400573730469	3.840652551862037	-91.40079498291016	-33.16857743915072	-85.43843078613281	-33.966823209631194	-53.197330474853516	-0.317113852205132	0.0	0.0	0.0	0.0
0.9830338954925537	1781093599.0	1781093599.7329075	1	10.0	10.0	8.0	8.0	NeuronSpectrum 10.06.2026 14:49:30	EEG	checkup_149_10.06.2026 14:49:30	500.0	499.6666666666667	True	0.5	40.0	4	True	50.0	30.0	1034.944580078125	16.06515834694453	932.215087890625	0.5748517147539434	-669.5094604492188	-41.02723351725528	-831.640869140625	13.784191539279584	-338.1332092285156	10.18271517625202	-95.07072448730469	-30.081661645547925	-94.33350372314453	-32.29106385150954	-55.81747817993164	0.5247122987621853	0.0	0.0	0.0	0.0
0.9830355644226074	1781093599.0	1781093599.7329092	1	10.0	10.0	8.0	8.0	NeuronSpectrum 10.06.2026 14:49:30	EEG	checkup_149_10.06.2026 14:49:30	500.0	499.6666666666667	True	0.5	40.0	4	True	50.0	30.0	1120.1107177734375	-6.198733616197755	1006.5777587890625	-21.65097112867583	-719.8170776367188	-25.868821712781916	-900.4774169921875	31.866359276922427	-366.2957763671875	19.19905826263142	-103.20506286621094	-26.16095626139734	-106.8653335571289	-29.813411484425316	-60.051536560058594	1.8895302332283213	0.0	0.0	0.0	0.0
0.9830374717712402	1781093599.0	1781093599.732911	1	10.0	10.0	8.0	8.0	NeuronSpectrum 10.06.2026 14:49:30	EEG	checkup_149_10.06.2026 14:49:30	500.0	499.6666666666667	True	0.5	40.0	4	True	50.0	30.0	1174.955322265625	-32.988650233889274	1053.3302001953125	-48.19220276706139	-752.0886840820312	-7.649050971584227	-944.1646118164062	53.94820893893343	-384.04620361328125	29.633027559277114	-108.2349624633789	-21.86456520765956	-112.56574249267578	-26.679832507701846	-62.47294235229492	3.5650483763386824	0.0	0.0	0.0	0.0
0.9830389022827148	1781093599.0	1781093599.7329125	1	10.0	10.0	8.0	8.0	NeuronSpectrum 10.06.2026 14:49:30	EEG	checkup_149_10.06.2026 14:49:30	500.0	499.6666666666667	True	0.5	40.0	4	True	50.0	30.0	1109.7874755859375	-59.55325226447668	992.0392456054688	-74.42667100330155	-711.1066284179688	10.514271842822739	-890.37841796875	76.20018263078451	-360.7596435546875	39.81121885353009	-99.62503814697266	-17.790361582574413	-99.02584075927734	-23.19905339510009	-58.519805908203125	5.247957368459922	0.0	0.0	0.0	0.0
0.9830408096313477	1781093599.0	1781093599.7329144	1	10.0	10.0	8.0	8.0	NeuronSpectrum 10.06.2026 14:49:30	EEG	checkup_149_10.06.2026 14:49:30	500.0	499.6666666666667	True	0.5	40.0	4	True	50.0	30.0	865.4227294921875	-80.70718113727997	769.8349609375	-95.422115703325	-559.5445556640625	25.21156612659327	-691.6447143554688	94.37904920182103	-276.34637451171875	47.92332908842819	-70.1383056640625	-14.578881183456307	-60.62723922729492	-19.8096197979136	-45.247798919677734	6.5971068841788245	0.0	0.0	0.0	0.0
0.9830422401428223	1781093599.0	1781093599.7329159	1	10.0	10.0	8.0	8.0	NeuronSpectrum 10.06.2026 14:49:30	EEG	checkup_149_10.06.2026 14:49:30	500.0	499.6666666666667	True	0.5	40.0	4	True	50.0	30.0	459.168701171875	-92.07254104996899	402.75347900390625	-107.09708770590889	-306.6148681640625	33.539877172619725	-362.388427734375	104.82949964023958	-136.9580078125	52.43972687667708	-21.380868911743164	-12.77010571315079	-5.089390754699707	-16.98586166044432	-23.677875518798828	7.312819547572565	0.0	0.0	0.0	0.0
1.0337109565734863	1781093599.0	1781093599.7835846	1	10.0	10.0	8.0	8.0	NeuronSpectrum 10.06.2026 14:49:30	EEG	checkup_149_10.06.2026 14:49:30	500.0	499.6666666666667	True	0.5	40.0	4	True	50.0	30.0	1030.13037109375	-91.28514075575937	916.594970703125	-107.32338514977785	-659.7403564453125	33.87697695664716	-821.768798828125	105.46763945936358	-332.79296875	52.51555346711655	-89.51719665527344	-12.66614606859184	-87.36214447021484	-15.126454941026148	-53.54219055175781	7.215579188708432	0.0	0.0	0.0	0.0
1.0337164402008057	1781093599.0	1781093599.78359	1	10.0	10.0	8.0	8.0	NeuronSpectrum 10.06.2026 14:49:30	EEG	checkup_149_10.06.2026 14:49:30	500.0	499.6666666666667	True	0.5	40.0	4	True	50.0	30.0	1029.072265625	-78.62582437893211	915.5265502929688	-96.48210588801076	-659.8013916015625	26.291197702571328	-819.843017578125	96.309989185387	-333.0774841308594	48.20044440429197	-89.67169952392578	-14.261283561433226	-86.64096069335938	-14.482002697122809	-53.82757568359375	6.292333125163717	0.0	0.0	0.0	0.0
1.0337188243865967	1781093599.0	1781093599.7835925	1	10.0	10.0	8.0	8.0	NeuronSpectrum 10.06.2026 14:49:30	EEG	checkup_149_10.06.2026 14:49:30	500.0	499.6666666666667	True	0.5	40.0	4	True	50.0	30.0	1035.8021240234375	-56.81481659092061	921.6922607421875	-77.24085411837478	-665.163818359375	12.421720828271607	-824.7833862304688	79.33486204193036	-336.30908203125	40.36822067816648	-90.8392105102539	-17.267352255846433	-85.76875305175781	-15.145871729938065	-54.78325653076172	4.693754796097828	0.0	0.0	0.0	0.0
1.0337212085723877	1781093599.0	1781093599.7835948	1	10.0	10.0	8.0	8.0	NeuronSpectrum 10.06.2026 14:49:30	EEG	checkup_149_10.06.2026 14:49:30	500.0	499.6666666666667	True	0.5	40.0	4	True	50.0	30.0	1048.7916259765625	-30.14426831060345	933.4912109375	-53.71783231547153	-674.5631103515625	-5.061113559272339	-835.4202270507812	57.81488218099603	-341.8918151855469	30.429342124418316	-92.75916290283203	-21.21109531686503	-84.880859375	-17.085445730183253	-56.242942810058594	2.6899085508402267	0.0	0.0	0.0	0.0
1.0337231159210205	1781093599.0	1781093599.7835968	1	10.0	10.0	8.0	8.0	NeuronSpectrum 10.06.2026 14:49:30	EEG	checkup_149_10.06.2026 14:49:30	500.0	499.6666666666667	True	0.5	40.0	4	True	50.0	30.0	1057.7294921875	-3.384671565968696	941.4393920898438	-30.435797837862328	-681.1619262695312	-23.140800436777646	-843.3836059570312	35.468355343638436	-346.2337951660156	19.97535249029962	-94.1820297241211	-25.550946067075206	-84.14949035644531	-20.172244627944988	-57.55889129638672	0.6068947983995318	0.0	0.0	0.0	0.0
1.0337250232696533	1781093599.0	1781093599.7835987	1	10.0	10.0	8.0	8.0	NeuronSpectrum 10.06.2026 14:49:30	EEG	checkup_149_10.06.2026 14:49:30	500.0	499.6666666666667	True	0.5	40.0	4	True	50.0	30.0	1049.0650634765625	19.137397116038926	933.1334228515625	-11.435259453298507	-676.2774047851562	-39.032622984842575	-837.6533813476562	15.745071658712826	-344.6931457519531	10.487868809248907	-93.58524322509766	-29.767879816766023	-83.75785064697266	-24.18798656698364	-57.91230392456055	-1.2335049858323899	0.0	0.0	0.0	0.0
1.0337269306182861	1781093599.0	1781093599.7836006	1	10.0	10.0	8.0	8.0	NeuronSpectrum 10.06.2026 14:49:30	EEG	checkup_149_10.06.2026 14:49:30	500.0	499.6666666666667	True	0.5	40.0	4	True	50.0	30.0	1019.3276977539062	34.10278371307916	905.2152709960938	0.27371254983640625	-658.064208984375	-50.53476567961662	-815.4164428710938	1.3917670717574175	-336.2017517089844	3.169466819393356	-90.80316925048828	-33.412765893484575	-84.0364761352539	-28.814353076090793	-57.019554138183594	-2.559050089064421	0.0	0.0	0.0	0.0
1.033728837966919	1781093599.0	1781093599.7836025	1	10.0	10.0	8.0	8.0	NeuronSpectrum 10.06.2026 14:49:30	EEG	checkup_149_10.06.2026 14:49:30	500.0	499.6666666666667	True	0.5	40.0	4	True	50.0	30.0	985.8590698242188	39.43291056005743	873.0916748046875	2.938371804067805	-638.3145141601562	-56.17186361116736	-790.7711791992188	-5.73151275295638	-326.9381103515625	-1.1217503656345598	-88.24365997314453	-36.1202457495224	-85.61972045898438	-33.6320185376163	-55.694549560546875	-3.175669849258172	0.0	0.0	0.0	0.0
1.0337305068969727	1781093599.0	1781093599.7836041	1	10.0	10.0	8.0	8.0	NeuronSpectrum 10.06.2026 14:49:30	EEG	checkup_149_10.06.2026 14:49:30	500.0	499.6666666666667	True	0.5	40.0	4	True	50.0	30.0	981.4677734375	34.351509426782215	866.30126953125	-3.8925025917711262	-638.612548828125	-55.236447344964496	-790.3048095703125	-4.7164912712146245	-328.3508605957031	-1.8958503971832514	-90.0278091430664	-37.614697495821495	-89.33647918701172	-38.152624817672454	-55.57322311401367	-2.9847896623601247	0.0	0.0	0.0	0.0
1.0337324142456055	1781093599.0	1781093599.783606	1	10.0	10.0	8.0	8.0	NeuronSpectrum 10.06.2026 14:49:30	EEG	checkup_149_10.06.2026 14:49:30	500.0	499.6666666666667	True	0.5	40.0	4	True	50.0	30.0	1029.4345703125	19.44108702043751	906.2237548828125	-19.356919483733183	-673.7196655273438	-47.83971295158927	-832.6868286132812	4.312178954099242	-348.3339538574219	0.9264105609454072	-98.71199798583984	-37.73220592359599	-95.67082977294922	-41.89127260901274	-57.82411193847656	-1.9954675057417042	0.0	0.0	0.0	0.0
1.0337340831756592	1781093599.0	1781093599.7836077	1	10.0	10.0	8.0	8.0	NeuronSpectrum 10.06.2026 14:49:30	EEG	checkup_149_10.06.2026 14:49:30	500.0	499.6666666666667	True	0.5	40.0	4	True	50.0	30.0	1113.338623046875	-3.2553317435825195	978.9644775390625	-41.24871304126836	-731.90869140625	-35.006956794113364	-904.1143798828125	20.063189086932535	-380.6750793457031	6.937290950825562	-111.54267883300781	-36.4640499310153	-103.97171783447266	-44.465967490457864	-61.59934997558594	-0.3323211047330732	0.0	0.0	0.0	0.0
1.033736228942871	1781093599.0	1781093599.7836099	1	10.0	10.0	8.0	8.0	NeuronSpectrum 10.06.2026 14:49:30	EEG	checkup_149_10.06.2026 14:49:30	500.0	499.6666666666667	True	0.5	40.0	4	True	50.0	30.0	1167.14111328125	-30.21409624029185	1026.1568603515625	-66.07015928544871	-768.9803466796875	-18.734106190977332	-950.3480834960938	40.00388454100709	-401.70599365234375	15.184073381724783	-119.49214172363281	-34.00078002200851	-111.8848876953125	-45.69352983712417	-63.53786087036133	1.7678069808936279	0.0	0.0	0.0	0.0
1.0337376594543457	1781093599.0	1781093599.7836113	1	10.0	10.0	8.0	8.0	NeuronSpectrum 10.06.2026 14:49:30	EEG	checkup_149_10.06.2026 14:49:30	500.0	499.6666666666667	True	0.5	40.0	4	True	50.0	30.0	1101.8619384765625	-56.736006231398235	968.4382934570312	-89.3731005843048	-726.4295654296875	-1.841160478546878	-898.5928955078125	60.5533799672246	-379.8343505859375	24.22548099552368	-111.01644134521484	-30.738254985472928	-115.4643325805664	-45.64611197622589	-59.15176010131836	3.982238364266527	0.0	0.0	0.0	0.0
1.0337395668029785	1781093599.0	1781093599.7836132	1	10.0	10.0	8.0	8.0	NeuronSpectrum 10.06.2026 14:49:30	EEG	checkup_149_10.06.2026 14:49:30	500.0	499.6666666666667	True	0.5	40.0	4	True	50.0	30.0	858.7915649414062	-77.7495057228854	752.8427124023438	-106.53040579736704	-566.71728515625	12.49969871497322	-700.9500732421875	77.69482586338519	-294.3482971191406	32.37425033728856	-79.02775573730469	-27.214882444577327	-110.0916748046875	-44.6423587320649	-45.56156539916992	5.958824809936422	0.0	0.0	0.0	0.0
1.0337412357330322	1781093599.0	1781093599.7836149	1	10.0	10.0	8.0	8.0	NeuronSpectrum 10.06.2026 14:49:30	EEG	checkup_149_10.06.2026 14:49:30	500.0	499.6666666666667	True	0.5	40.0	4	True	50.0	30.0	455.1319885253906	-89.00496857748772	393.7766418457031	-113.83142151701384	-302.91265869140625	21.503222917778338	-371.5966491699219	87.92802682346847	-151.4657745361328	38.09698542032284	-26.5709171295166	-23.985612039660886	-91.94366455078125	-43.17029197434631	-23.814823150634766	7.39386299951976	0.0	0.0	0.0	0.0
1.0846800804138184	1781093599.0	1781093599.8345537	1	10.0	10.0	8.0	8.0	NeuronSpectrum 10.06.2026 14:49:30	EEG	checkup_149_10.06.2026 14:49:30	500.0	499.6666666666667	True	0.5	40.0	4	True	50.0	30.0	1021.9378051757812	-88.22979055690338	904.7548828125	-109.50989156839756	-670.6348876953125	23.508223540406323	-831.0199584960938	89.21637028084476	-346.9515075683594	40.424450115482614	-96.09260559082031	-21.481403935004877	-106.44332122802734	-41.76566788313215	-52.48793029785156	8.10611992544708	0.0	0.0	0.0	0.0
1.0846855640411377	1781093599.0	1781093599.8345592	1	10.0	10.0	8.0	8.0	NeuronSpectrum 10.06.2026 14:49:30	EEG	checkup_149_10.06.2026 14:49:30	500.0	499.6666666666667	True	0.5	40.0	4	True	50.0	30.0	1021.0184936523438	-75.72549341650085	909.8861694335938	-94.2390648524842	-665.978271484375	18.382611731766154	-826.8585815429688	81.50488027070674	-343.4087219238281	39.18892791362952	-91.544677734375	-19.91726657935739	-101.64041900634766	-40.88570504709718	-51.847801208496094	8.077337992184393	0.0	0.0	0.0	0.0
1.0846877098083496	1781093599.0	1781093599.8345613	1	10.0	10.0	8.0	8.0	NeuronSpectrum 10.06.2026 14:49:30	EEG	checkup_149_10.06.2026 14:49:30	500.0	499.6666666666667	True	0.5	40.0	4	True	50.0	30.0	1028.0400390625	-54.15823175912774	922.2356567382812	-70.8770986760082	-666.2176513671875	7.436123994521601	-828.8429565429688	66.60102590274579	-342.2690124511719	34.995116532393794	-87.47406768798828	-19.281785652911914	-98.74190521240234	-40.814693210437945	-51.759193420410156	7.444522155114123	0.0	0.0	0.0	0.0
1.0846896171569824	1781093599.0	1781093599.8345633	1	10.0	10.0	8.0	8.0	NeuronSpectrum 10.06.2026 14:49:30	EEG	checkup_149_10.06.2026 14:49:30	500.0	499.6666666666667	True	0.5	40.0	4	True	50.0	30.0	1041.4090576171875	-27.71822842275502	939.2913818359375	-43.63239082893949	-671.1893920898438	-7.051795776432687	-836.3460693359375	47.55104374063832	-343.4556884765625	28.9766760783065	-84.48126220703125	-19.392098043161205	-98.59061431884766	-41.61959602681751	-52.143104553222656	6.452536339475722	0.0	0.0	0.0	0.0
1.0846915245056152	1781093599.0	1781093599.8345652	1	10.0	10.0	8.0	8.0	NeuronSpectrum 10.06.2026 14:49:30	EEG	checkup_149_10.06.2026 14:49:30	500.0	499.6666666666667	True	0.5	40.0	4	True	50.0	30.0	1050.766845703125	-1.0716569452031415	950.8634643554688	-17.045683069891957	-675.0384521484375	-22.428725193584373	-841.499267578125	27.84432520680118	-343.84765625	22.476878541405046	-82.1005859375	-19.97115657601946	-100.07609558105469	-43.15388525336612	-52.444923400878906	5.389719611497309	0.0	0.0	0.0	0.0
1.084693193435669	1781093599.0	1781093599.8345668	1	10.0	10.0	8.0	8.0	NeuronSpectrum 10.06.2026 14:49:30	EEG	checkup_149_10.06.2026 14:49:30	500.0	499.6666666666667	True	0.5	40.0	4	True	50.0	30.0	1042.522705078125	21.51647744721317	944.3353271484375	4.853502755183461	-669.5032958984375	-36.16493452543598	-833.5776977539062	10.742555538753116	-339.1007995605469	16.777681565282982	-79.22087860107422	-20.711735879368717	-100.98377990722656	-45.096676622040974	-51.908870697021484	4.528132334477137	0.0	0.0	0.0	0.0
1.0846951007843018	1781093599.0	1781093599.8345687	1	10.0	10.0	8.0	8.0	NeuronSpectrum 10.06.2026 14:49:30	EEG	checkup_149_10.06.2026 14:49:30	500.0	499.6666666666667	True	0.5	40.0	4	True	50.0	30.0	1013.1236572265625	36.71903950976636	916.7679443359375	19.050499592648105	-652.1904907226562	-46.157316811153706	-809.7515869140625	-1.1363698745805604	-328.1600341796875	12.9314396545805	-75.44255828857422	-21.316182615649023	-100.26130676269531	-47.01362916960882	-50.26225662231445	4.080151899662306	0.0	0.0	0.0	0.0
1.0846965312957764	1781093599.0	1781093599.8345702	1	10.0	10.0	8.0	8.0	NeuronSpectrum 10.06.2026 14:49:30	EEG	checkup_149_10.06.2026 14:49:30	500.0	499.6666666666667	True	0.5	40.0	4	True	50.0	30.0	979.7537841796875	42.38174644557507	884.46826171875	23.73947743632199	-633.4058227539062	-50.87840378307876	-783.8174438476562	-6.0135236746587015	-316.9167175292969	11.680435654320997	-72.28826141357422	-21.521704651709353	-99.89252471923828	-48.43253985998751	-48.29201126098633	4.17281214305427	0.0	0.0	0.0	0.0
1.0846986770629883	1781093599.0	1781093599.8345723	1	10.0	10.0	8.0	8.0	NeuronSpectrum 10.06.2026 14:49:30	EEG	checkup_149_10.06.2026 14:49:30	500.0	499.6666666666667	True	0.5	40.0	4	True	50.0	30.0	975.044921875	37.614174802419036	877.8994750976562	18.355875297036363	-633.064697265625	-49.47274312005956	-781.9653930664062	-3.048053380242044	-316.3872985839844	13.41145968088139	-72.78764343261719	-21.128876514593294	-104.09649658203125	-48.93348065283731	-47.622772216796875	4.834891302689451	0.0	0.0	0.0	0.0
1.084700107574463	1781093599.0	1781093599.8345737	1	10.0	10.0	8.0	8.0	NeuronSpectrum 10.06.2026 14:49:30	EEG	checkup_149_10.06.2026 14:49:30	500.0	499.6666666666667	True	0.5	40.0	4	True	50.0	30.0	1022.2371215820312	22.890881404073617	918.8302612304688	3.6010327498134647	-665.3009033203125	-41.8889808190629	-822.6510620117188	7.542712734333918	-334.1898193359375	18.09671341660588	-78.97138214111328	-20.04467731764006	-115.3315658569336	-48.25233442034975	-49.49009323120117	5.990958840356521	0.0	0.0	0.0	0.0
1.0847020149230957	1781093599.0	1781093599.8345757	1	10.0	10.0	8.0	8.0	NeuronSpectrum 10.06.2026 14:49:30	EEG	checkup_149_10.06.2026 14:49:30	500.0	499.6666666666667	True	0.5	40.0	4	True	50.0	30.0	1105.162109375	0.19517576584104868	992.9086303710938	-18.492651322551815	-719.658935546875	-29.050066658216203	-892.2561645507812	24.32646029599399	-364.2812805175781	25.216040987885233	-88.74259185791016	-18.333796296325975	-129.66883850097656	-46.382907990338246	-53.21068572998047	7.461268771595348	0.0	0.0	0.0	0.0
1.0847034454345703	1781093599.0	1781093599.834577	1	10.0	10.0	8.0	8.0	NeuronSpectrum 10.06.2026 14:49:30	EEG	checkup_149_10.06.2026 14:49:30	500.0	499.6666666666667	True	0.5	40.0	4	True	50.0	30.0	1158.33935546875	-26.938007766758084	1040.6845703125	-44.56838129346762	-754.7127075195312	-12.949222820241513	-937.1170043945312	44.589511953749984	-383.67291259765625	33.716513571557336	-94.82057189941406	-16.25172616319208	-135.85475158691406	-43.64211009014988	-55.625064849853516	8.973624348906794	0.0	0.0	0.0	0.0
1.084705114364624	1781093599.0	1781093599.8345788	1	10.0	10.0	8.0	8.0	NeuronSpectrum 10.06.2026 14:49:30	EEG	checkup_149_10.06.2026 14:49:30	500.0	499.6666666666667	True	0.5	40.0	4	True	50.0	30.0	1093.4326171875	-53.73232822264674	981.7919921875	-70.24070761739131	-714.4490966796875	3.506205620143382	-885.1470336914062	64.57316042828236	-361.6941833496094	42.101451539453144	-87.54550170898438	-14.224018297467428	-120.59815216064453	-40.652202946998415	-52.36085510253906	10.197343737175752	0.0	0.0	0.0	0.0
1.0847065448760986	1781093599.0	1781093599.8345802	1	10.0	10.0	8.0	8.0	NeuronSpectrum 10.06.2026 14:49:30	EEG	checkup_149_10.06.2026 14:49:30	500.0	499.6666666666667	True	0.5	40.0	4	True	50.0	30.0	852.0992431640625	-75.00379038468553	763.1146240234375	-90.83314820268075	-561.3849487304688	17.020530507727422	-688.912841796875	80.1532689385244	-278.30389404296875	48.709926945273615	-60.542388916015625	-12.750523749494286	-77.88582611083984	-38.212819491792004	-40.455902099609375	10.804341847971	0.0	0.0	0.0	0.0
1.0847084522247314	1781093599.0	1781093599.834582	1	10.0	10.0	8.0	8.0	NeuronSpectrum 10.06.2026 14:49:30	EEG	checkup_149_10.06.2026 14:49:30	500.0	499.6666666666667	True	0.5	40.0	4	True	50.0	30.0	451.3507995605469	-86.39885943278333	400.0540466308594	-102.45776579010919	-305.3213195800781	24.727889821010844	-362.5484313964844	87.86229022675357	-139.70486450195312	52.14442136990589	-15.642450332641602	-12.251582676667038	-15.99278450012207	-37.085665151950366	-20.65932273864746	10.54741822771516	0.0	0.0	0.0	0.0
1.084709882736206	1781093599.0	1781093599.8345835	1	10.0	10.0	8.0	8.0	NeuronSpectrum 10.06.2026 14:49:30	EEG	checkup_149_10.06.2026 14:49:30	500.0	499.6666666666667	True	0.5	40.0	4	True	50.0	30.0	1014.8464965820312	-85.58981757568786	909.0104370117188	-103.04653686303055	-660.2256469726562	25.007000172513195	-822.6085815429688	85.88149797072937	-334.6188659667969	51.68827992251341	-77.87970733642578	-12.914219814463769	-109.40475463867188	-37.76907050027686	-50.58412170410156	9.32974337712167	0.0	0.0	0.0	0.0
1.0847115516662598	1781093599.0	1781093599.8345852	1	10.0	10.0	8.0	8.0	NeuronSpectrum 10.06.2026 14:49:30	EEG	checkup_149_10.06.2026 14:49:30	500.0	499.6666666666667	True	0.5	40.0	4	True	50.0	30.0	1014.2051391601562	-72.89307761988432	907.017578125	-92.86757239732577	-659.1589965820312	17.934384874539376	-822.9915161132812	74.55865249642132	-334.728515625	47.52331090547433	-78.2021484375	-14.607993272473506	-111.49610900878906	-40.353890492788395	-52.235591888427734	7.236368217943574	0.0	0.0	0.0	0.0
1.0847132205963135	1781093599.0	1781093599.8345869	1	10.0	10.0	8.0	8.0	NeuronSpectrum 10.06.2026 14:49:30	EEG	checkup_149_10.06.2026 14:49:30	500.0	499.6666666666667	True	0.5	40.0	4	True	50.0	30.0	1021.271484375	-51.052906943268134	911.65673828125	-74.30706204380925	-663.3495483398438	5.192538410277855	-829.9085083007812	56.23341585215719	-337.4330139160156	40.65429652994556	-79.49258422851562	-16.907836289088642	-114.80315399169922	-44.50916765969378	-54.549827575683594	4.514430886613123	0.0	0.0	0.0	0.0
1.0847151279449463	1781093599.0	1781093599.8345888	1	10.0	10.0	8.0	8.0	NeuronSpectrum 10.06.2026 14:49:30	EEG	checkup_149_10.06.2026 14:49:30	500.0	499.6666666666667	True	0.5	40.0	4	True	50.0	30.0	1034.425048828125	-24.367223796052954	921.8615112304688	-51.08431335314286	-671.5086669921875	-10.469192912790353	-841.7495727539062	34.5109268153613	-341.9453430175781	32.59963549107097	-81.15234375	-19.208235790377348	-118.70816802978516	-49.57993729002911	-57.2251091003418	1.5127783442021434	0.0	0.0	0.0	0.0
1.084716796875	1781093599.0	1781093599.8345904	1	10.0	10.0	8.0	8.0	NeuronSpectrum 10.06.2026 14:49:30	EEG	checkup_149_10.06.2026 14:49:30	500.0	499.6666666666667	True	0.5	40.0	4	True	50.0	30.0	1043.4168701171875	2.4090804758581266	928.7887573242188	-27.293053524112995	-676.6884155273438	-25.948279961889366	-849.7611083984375	13.340493501236102	-344.5307922363281	24.999885924864923	-81.65215301513672	-20.877774709910167	-122.20315551757812	-54.7416514424365	-59.47591781616211	-1.3934695809927953	0.0	0.0	0.0	0.0
1.084718942642212	1781093599.0	1781093599.8345926	1	10.0	10.0	8.0	8.0	NeuronSpectrum 10.06.2026 14:49:30	EEG	checkup_149_10.06.2026 14:49:30	500.0	499.6666666666667	True	0.5	40.0	4	True	50.0	30.0	1034.868408203125	24.985487467027895	920.6783447265625	-6.620054948873049	-669.9921264648438	-38.41690916693115	-842.6353149414062	-3.7689401199429424	-340.4515075683594	19.285727540432003	-79.2628402709961	-21.40102700707155	-124.14892578125	-59.160272080437785	-60.38517761230469	-3.86898057992352	0.0	0.0	0.0	0.0
1.0847203731536865	1781093599.0	1781093599.834594	1	10.0	10.0	8.0	8.0	NeuronSpectrum 10.06.2026 14:49:30	EEG	checkup_149_10.06.2026 14:49:30	500.0	499.6666666666667	True	0.5	40.0	4	True	50.0	30.0	1005.4368896484375	40.093200585307784	894.735595703125	8.102617680548637	-649.1976318359375	-45.72866394233618	-817.3402099609375	-14.231856171657842	-328.49066162109375	16.47613690859211	-73.51847839355469	-20.474283212522828	-123.80392456054688	-62.13056158071668	-59.670955657958984	-5.66140377048916	0.0	0.0	0.0	0.0
1.0847220420837402	1781093599.0	1781093599.8345957	1	10.0	10.0	8.0	8.0	NeuronSpectrum 10.06.2026 14:49:30	EEG	checkup_149_10.06.2026 14:49:30	500.0	499.6666666666667	True	0.5	40.0	4	True	50.0	30.0	972.3982543945312	45.706137581181174	866.726318359375	15.052700387782581	-625.5892944335938	-46.603994368632414	-787.8466186523438	-16.578978181643798	-314.58660888671875	17.102654674806924	-66.33441925048828	-18.045687611469692	-121.3639144897461	-63.1831287543628	-58.28627395629883	-6.6205610235664665	0.0	0.0	0.0	0.0
1.084723711013794	1781093599.0	1781093599.8345973	1	10.0	10.0	8.0	8.0	NeuronSpectrum 10.06.2026 14:49:30	EEG	checkup_149_10.06.2026 14:49:30	500.0	499.6666666666667	True	0.5	40.0	4	True	50.0	30.0	968.3115234375	41.08570599028668	866.1337280273438	13.438165920386052	-620.3855590820312	-40.682465532808834	-780.89990234375	-10.482283718128796	-310.0638122558594	21.207818717478858	-61.4333610534668	-14.309195009671424	-118.06832885742188	-62.156888608579614	-58.108848571777344	-6.701179648447202	0.0	0.0	0.0	0.0
1.0847256183624268	1781093599.0	1781093599.8345993	1	10.0	10.0	8.0	8.0	NeuronSpectrum 10.06.2026 14:49:30	EEG	checkup_149_10.06.2026 14:49:30	500.0	499.6666666666667	True	0.5	40.0	4	True	50.0	30.0	1016.2479248046875	26.819286548816024	913.6369018554688	3.5433635802421986	-648.5882568359375	-28.54325881613226	-815.9274291992188	3.251077997014598	-323.24420166015625	28.358868736779208	-61.75352478027344	-9.670072456387828	-115.58243560791016	-59.23207547388094	-60.53376770019531	-5.959047606567003	0.0	0.0	0.0	0.0
1.0847270488739014	1781093599.0	1781093599.8346007	1	10.0	10.0	8.0	8.0	NeuronSpectrum 10.06.2026 14:49:30	EEG	checkup_149_10.06.2026 14:49:30	500.0	499.6666666666667	True	0.5	40.0	4	True	50.0	30.0	1099.9197998046875	4.908823089274836	993.9413452148438	-13.149934150935433	-699.6672973632812	-11.731040013091611	-880.6541748046875	22.664047204069387	-349.2455139160156	37.65273085319781	-66.31884765625	-4.695511831144521	-114.82643127441406	-54.915864927520694	-64.7798080444336	-4.5458141191659145	0.0	0.0	0.0	0.0
1.0847289562225342	1781093599.0	1781093599.8346026	1	10.0	10.0	8.0	8.0	NeuronSpectrum 10.06.2026 14:49:30	EEG	checkup_149_10.06.2026 14:49:30	500.0	499.6666666666667	True	0.5	40.0	4	True	50.0	30.0	1153.8846435546875	-21.211048128990633	1046.893798828125	-33.88551977098781	-731.4256591796875	7.282038921022844	-922.8508911132812	44.69960663539532	-366.4677734375	47.745785748426194	-69.1309814453125	-0.05131740054438977	-114.87579345703125	-49.97288208060698	-67.32002258300781	-2.6988145020654484	0.0	0.0	0.0	0.0
1.0847303867340088	1781093599.0	1781093599.834604	1	10.0	10.0	8.0	8.0	NeuronSpectrum 10.06.2026 14:49:30	EEG	checkup_149_10.06.2026 14:49:30	500.0	499.6666666666667	True	0.5	40.0	4	True	50.0	30.0	1089.9794921875	-46.9645775939828	991.6221313476562	-54.83124425405313	-687.3803100585938	25.339133666637	-871.4166259765625	65.4942526165838	-345.292236328125	56.98161926786538	-61.71937942504883	3.584620561775366	-112.6363296508789	-45.299602667453726	-63.337398529052734	-0.7157457429528509	0.0	0.0	0.0	0.0
1.0847318172454834	1781093599.0	1781093599.8346055	1	10.0	10.0	8.0	8.0	NeuronSpectrum 10.06.2026 14:49:30	EEG	checkup_149_10.06.2026 14:49:30	500.0	499.6666666666667	True	0.5	40.0	4	True	50.0	30.0	850.0127563476562	-67.40969973565367	774.6438598632812	-71.72549057924836	-530.9616088867188	39.143780548364674	-678.8897094726562	81.04174353914141	-265.7506408691406	63.66940257927456	-38.35332107543945	5.637025224030849	-103.62397766113281	-41.75584990882489	-49.64830780029297	1.093227693573883	0.0	0.0	0.0	0.0
1.0847337245941162	1781093599.0	1781093599.8346074	1	10.0	10.0	8.0	8.0	NeuronSpectrum 10.06.2026 14:49:30	EEG	checkup_149_10.06.2026 14:49:30	500.0	499.6666666666667	True	0.5	40.0	4	True	50.0	30.0	450.9533996582031	-78.39613064208338	411.17462158203125	-80.89236997247397	-274.4624938964844	46.03118917042114	-358.1538391113281	88.13720309446693	-132.86972045898438	66.47631316471303	-0.5343171954154968	5.7590582126337875	-83.61920166015625	-39.98532250915406	-27.212615966796875	2.4697189812158555	0.0	0.0	0.0	0.0
1.135606288909912	1781093599.0	1781093599.88548	1	10.0	10.0	8.0	8.0	NeuronSpectrum 10.06.2026 14:49:30	EEG	checkup_149_10.06.2026 14:49:30	500.0	499.6666666666667	True	0.5	40.0	4	True	50.0	30.0	1011.4314575195312	-77.6887320704389	922.3298950195312	-80.25143339349563	-638.3578491210938	44.69047218247812	-815.2557983398438	85.26092077408501	-323.5169982910156	64.79343325141393	-57.501075744628906	3.9271139031123417	-105.69218444824219	-40.27160615952628	-57.621971130371094	3.2655211244995765	0.0	0.0	0.0	0.0
1.1356110572814941	1781093599.0	1781093599.8854847	1	10.0	10.0	8.0	8.0	NeuronSpectrum 10.06.2026 14:49:30	EEG	checkup_149_10.06.2026 14:49:30	500.0	499.6666666666667	True	0.5	40.0	4	True	50.0	30.0	1010.07080078125	-65.54968261701372	920.226806640625	-69.86121792606723	-639.5806274414062	35.51291767904161	-817.5931396484375	72.99678387716804	-325.5527038574219	58.907456889475384	-59.77927017211914	0.4595712111909205	-105.89275360107422	-42.474369121950886	-56.775230407714844	3.469321896049433	0.0	0.0	0.0	0.0
1.135613203048706	1781093599.0	1781093599.8854868	1	10.0	10.0	8.0	8.0	NeuronSpectrum 10.06.2026 14:49:30	EEG	checkup_149_10.06.2026 14:49:30	500.0	499.6666666666667	True	0.5	40.0	4	True	50.0	30.0	1016.3966674804688	-44.53704915098631	924.6788940429688	-51.771476138281564	-646.0112915039062	20.41811288292655	-825.4541625976562	53.80003695077387	-330.07940673828125	49.901323899792054	-62.80503845214844	-4.055355293097608	-108.36250305175781	-46.06722563074992	-56.16569900512695	3.1909428743421824	0.0	0.0	0.0	0.0
1.1356151103973389	1781093599.0	1781093599.8854887	1	10.0	10.0	8.0	8.0	NeuronSpectrum 10.06.2026 14:49:30	EEG	checkup_149_10.06.2026 14:49:30	500.0	499.6666666666667	True	0.5	40.0	4	True	50.0	30.0	1028.9979248046875	-18.69235718301779	934.740478515625	-29.333726328026653	-656.388671875	2.2805579560950724	-837.2501220703125	31.268627737214228	-336.409912109375	39.3476860611966	-66.10193634033203	-8.894869454042569	-112.79043579101562	-50.264063347586614	-55.785221099853516	2.6147903944825486	0.0	0.0	0.0	0.0
1.1356167793273926	1781093599.0	1781093599.8854904	1	10.0	10.0	8.0	8.0	NeuronSpectrum 10.06.2026 14:49:30	EEG	checkup_149_10.06.2026 14:49:30	500.0	499.6666666666667	True	0.5	40.0	4	True	50.0	30.0	1037.7977294921875	7.469291757665528	941.5194702148438	-6.3377079143485275	-663.9713134765625	-15.765832699960555	-844.6237182617188	9.267791898165026	-340.966796875	28.940339341839486	-68.49032592773438	-13.34899319633749	-117.0692367553711	-54.1929055420215	-55.215110778808594	1.9463298291906128	0.0	0.0	0.0	0.0
1.1356184482574463	1781093599.0	1781093599.885492	1	10.0	10.0	8.0	8.0	NeuronSpectrum 10.06.2026 14:49:30	EEG	checkup_149_10.06.2026 14:49:30	500.0	499.6666666666667	True	0.5	40.0	4	True	50.0	30.0	1029.4822998046875	29.800174720468068	933.1444091796875	13.701828503425238	-659.9814453125	-30.9015564165642	-836.8665161132812	-8.783820899241716	-339.15240478515625	20.191774832861842	-68.5964126586914	-16.836234410369272	-118.33629608154297	-57.067488982928346	-53.88336181640625	1.3713152005814524	0.0	0.0	0.0	0.0
1.1356201171875	1781093599.0	1781093599.8854938	1	10.0	10.0	8.0	8.0	NeuronSpectrum 10.06.2026 14:49:30	EEG	checkup_149_10.06.2026 14:49:30	500.0	499.6666666666667	True	0.5	40.0	4	True	50.0	30.0	1000.593505859375	45.032529514325496	906.7803344726562	27.971158146621498	-641.9300537109375	-40.967157018838286	-811.5213012695312	-20.331685178822568	-329.8653869628906	14.253009599376343	-66.04933166503906	-18.96761268468359	-115.42430114746094	-58.31682452772374	-51.72038650512695	1.0348469056224456	0.0	0.0	0.0	0.0
1.1356220245361328	1781093599.0	1781093599.8854957	1	10.0	10.0	8.0	8.0	NeuronSpectrum 10.06.2026 14:49:30	EEG	checkup_149_10.06.2026 14:49:30	500.0	499.6666666666667	True	0.5	40.0	4	True	50.0	30.0	968.0951538085938	51.00656895749648	878.2843017578125	34.54282733183892	-620.4218139648438	-44.60837755457252	-782.8943481445312	-23.843602145187997	-319.1309814453125	11.840409511688867	-62.44963073730469	-19.563087096835293	-110.82624053955078	-57.65523379508893	-49.68616485595703	1.0355267019912413	0.0	0.0	0.0	0.0
1.1356234550476074	1781093599.0	1781093599.885497	1	10.0	10.0	8.0	8.0	NeuronSpectrum 10.06.2026 14:49:30	EEG	checkup_149_10.06.2026 14:49:30	500.0	499.6666666666667	True	0.5	40.0	4	True	50.0	30.0	964.148193359375	46.77104303632943	877.2767333984375	32.4667390049563	-616.0242919921875	-41.32396155791351	-777.68994140625	-18.843836513159573	-318.2429504394531	13.21335200334569	-60.89813995361328	-18.63918434148788	-109.79418182373047	-55.09933370067846	-49.47692108154297	1.4239315459882802	0.0	0.0	0.0	0.0
1.1356251239776611	1781093599.0	1781093599.8854988	1	10.0	10.0	8.0	8.0	NeuronSpectrum 10.06.2026 14:49:30	EEG	checkup_149_10.06.2026 14:49:30	500.0	499.6666666666667	True	0.5	40.0	4	True	50.0	30.0	1011.5703125	32.70506519420594	924.435791015625	21.902049675004275	-643.83837890625	-31.515898835783194	-814.9116821289062	-5.955650936934122	-335.2032775878906	18.14810469232094	-63.74331283569336	-16.38856901878931	-116.0250244140625	-50.95206594049844	-52.22987365722656	2.195932807575331	0.0	0.0	0.0	0.0
1.1356267929077148	1781093599.0	1781093599.8855004	1	10.0	10.0	8.0	8.0	NeuronSpectrum 10.06.2026 14:49:30	EEG	checkup_149_10.06.2026 14:49:30	500.0	499.6666666666667	True	0.5	40.0	4	True	50.0	30.0	1094.1934814453125	10.686178591775743	1004.2000732421875	4.3074987904994915	-694.5896606445312	-16.564262062791123	-881.624755859375	13.015086815537586	-364.4120788574219	25.895701263055834	-69.81609344482422	-13.161712754374797	-126.60143280029297	-45.76913573236408	-56.97697067260742	3.2793448470312314	0.0	0.0	0.0	0.0
1.1356284618377686	1781093599.0	1781093599.885502	1	10.0	10.0	8.0	8.0	NeuronSpectrum 10.06.2026 14:49:30	EEG	checkup_149_10.06.2026 14:49:30	500.0	499.6666666666667	True	0.5	40.0	4	True	50.0	30.0	1147.1192626953125	-15.845582263295316	1055.9840087890625	-17.455862051453714	-727.9969482421875	1.1625966049282783	-924.9708251953125	35.06746234793736	-383.3019104003906	35.17299028065269	-73.42902374267578	-9.443624196886306	-130.70875549316406	-40.30392980323644	-60.163597106933594	4.523117675464122	0.0	0.0	0.0	0.0
1.1356303691864014	1781093599.0	1781093599.885504	1	10.0	10.0	8.0	8.0	NeuronSpectrum 10.06.2026 14:49:30	EEG	checkup_149_10.06.2026 14:49:30	500.0	499.6666666666667	True	0.5	40.0	4	True	50.0	30.0	1082.9285888671875	-42.18358483676936	998.656494140625	-39.353464766463055	-688.7616577148438	18.520223833868403	-873.5426025390625	56.267146193039984	-361.48736572265625	44.274195802097935	-66.64738464355469	-5.806338211762811	-114.84490203857422	-35.4104340947349	-57.07065200805664	5.704906928080982	0.0	0.0	0.0	0.0
1.135631799697876	1781093599.0	1781093599.8855054	1	10.0	10.0	8.0	8.0	NeuronSpectrum 10.06.2026 14:49:30	EEG	checkup_149_10.06.2026 14:49:30	500.0	499.6666666666667	True	0.5	40.0	4	True	50.0	30.0	843.9673461914062	-63.18164019025558	779.01611328125	-56.901928726904934	-539.3167724609375	32.12910790555415	-680.07275390625	72.42138193200496	-278.9707946777344	51.36266886954758	-44.0109748840332	-2.822427619232463	-72.35948944091797	-31.890866476727947	-44.60514450073242	6.568638081382873	0.0	0.0	0.0	0.0
1.1356334686279297	1781093599.0	1781093599.885507	1	10.0	10.0	8.0	8.0	NeuronSpectrum 10.06.2026 14:49:30	EEG	checkup_149_10.06.2026 14:49:30	500.0	499.6666666666667	True	0.5	40.0	4	True	50.0	30.0	447.1887512207031	-74.49227954207153	413.1788635253906	-66.28295387941523	-288.487548828125	39.16908528927606	-358.0979919433594	80.07403047405369	-141.7261962890625	54.90277776674656	-6.7141242027282715	-0.9486874827567148	-10.843774795532227	-30.311353783107272	-23.677213668823242	6.887719021112452	0.0	0.0	0.0	0.0
1.1356348991394043	1781093599.0	1781093599.8855085	1	10.0	10.0	8.0	8.0	NeuronSpectrum 10.06.2026 14:49:30	EEG	checkup_149_10.06.2026 14:49:30	500.0	499.6666666666667	True	0.5	40.0	4	True	50.0	30.0	1004.3344116210938	-73.76825026811115	928.0892944335938	-65.43433234396296	-641.0711059570312	38.14491558318926	-813.640625	77.462476717451	-335.50390625	54.07831619107816	-56.360633850097656	-0.41776767557553873	-105.8535385131836	-30.850861121030725	-53.34056854248047	6.530999734048007	0.0	0.0	0.0	0.0
1.135636806488037	1781093599.0	1781093599.8855104	1	10.0	10.0	8.0	8.0	NeuronSpectrum 10.06.2026 14:49:30	EEG	checkup_149_10.06.2026 14:49:30	500.0	499.6666666666667	True	0.5	40.0	4	True	50.0	30.0	1003.3753051757812	-61.29149623441304	926.4298706054688	-54.62335752835098	-641.6253051757812	29.284657424932075	-814.5993041992188	65.00653462880652	-335.82177734375	49.012550765072795	-55.676666259765625	-1.183868813654655	-108.58890533447266	-33.25425009134354	-53.39028549194336	5.502488443739541	0.0	0.0	0.0	0.0
1.1356382369995117	1781093599.0	1781093599.8855119	1	10.0	10.0	8.0	8.0	NeuronSpectrum 10.06.2026 14:49:30	EEG	checkup_149_10.06.2026 14:49:30	500.0	499.6666666666667	True	0.5	40.0	4	True	50.0	30.0	1010.150390625	-39.7687701597879	931.3598022460938	-36.26101956372162	-646.9454345703125	14.405214881324483	-821.8746948242188	45.12113490291826	-339.1397399902344	40.69888196688018	-55.55149459838867	-2.945050203695953	-111.5929183959961	-36.91360409218819	-53.97709274291992	3.9391084296071948	0.0	0.0	0.0	0.0
1.1356401443481445	1781093599.0	1781093599.8855138	1	10.0	10.0	8.0	8.0	NeuronSpectrum 10.06.2026 14:49:30	EEG	checkup_149_10.06.2026 14:49:30	500.0	499.6666666666667	True	0.5	40.0	4	True	50.0	30.0	1023.0761108398438	-13.465762803204651	941.5382080078125	-14.11475794967869	-656.0316162109375	-3.6470112988900416	-834.1634521484375	21.493920740244064	-344.89471435546875	30.69975986909535	-55.85236740112305	-5.226991499047697	-114.01555633544922	-41.0376356434305	-55.07917404174805	2.0729370314429247	0.0	0.0	0.0	0.0
1.1356415748596191	1781093599.0	1781093599.8855152	1	10.0	10.0	8.0	8.0	NeuronSpectrum 10.06.2026 14:49:30	EEG	checkup_149_10.06.2026 14:49:30	500.0	499.6666666666667	True	0.5	40.0	4	True	50.0	30.0	1031.990966796875	12.888316811628565	947.7319946289062	7.682548576196821	-662.385498046875	-21.706775845674905	-843.1776733398438	-1.822013887860891	-349.4547424316406	20.761098452841658	-55.84336471557617	-7.490515124889706	-114.99275207519531	-44.83773245752645	-56.158321380615234	0.1781263076282355	0.0	0.0	0.0	0.0
1.1356432437896729	1781093599.0	1781093599.885517	1	10.0	10.0	8.0	8.0	NeuronSpectrum 10.06.2026 14:49:30	EEG	checkup_149_10.06.2026 14:49:30	500.0	499.6666666666667	True	0.5	40.0	4	True	50.0	30.0	1023.5985717773438	35.02758605346089	937.821533203125	25.46131082615593	-657.5234985351562	-36.89821399839454	-838.0093994140625	-21.178727205147204	-348.0057678222656	12.478441590073489	-54.56425094604492	-9.228349283001581	-113.86693572998047	-47.67388799045682	-56.43914794921875	-1.4783118224081757	0.0	0.0	0.0	0.0
1.1356446743011475	1781093599.0	1781093599.8855183	1	10.0	10.0	8.0	8.0	NeuronSpectrum 10.06.2026 14:49:30	EEG	checkup_149_10.06.2026 14:49:30	500.0	499.6666666666667	True	0.5	40.0	4	True	50.0	30.0	994.502685546875	49.71486890643031	908.7609252929688	36.505675006990316	-639.4450073242188	-47.01599277245107	-815.67529296875	-33.812124441662014	-339.0938720703125	7.0819864053189026	-51.77438735961914	-10.034104688671729	-110.58338928222656	-49.13845731004184	-55.61469650268555	-2.672157233149181	0.0	0.0	0.0	0.0
1.1356465816497803	1781093599.0	1781093599.8855202	1	10.0	10.0	8.0	8.0	NeuronSpectrum 10.06.2026 14:49:30	EEG	checkup_149_10.06.2026 14:49:30	500.0	499.6666666666667	True	0.5	40.0	4	True	50.0	30.0	961.695068359375	54.96734240527018	876.2219848632812	39.22846604994267	-619.3864135742188	-50.69078310996949	-789.6541137695312	-38.04562046618122	-328.32464599609375	5.3358407222238995	-48.69691467285156	-9.64365126953243	-106.04237365722656	-49.08331182910701	-54.437828063964844	-3.244123354349448	0.0	0.0	0.0	0.0
1.1356480121612549	1781093599.0	1781093599.8855217	1	10.0	10.0	8.0	8.0	NeuronSpectrum 10.06.2026 14:49:30	EEG	checkup_149_10.06.2026 14:49:30	500.0	499.6666666666667	True	0.5	40.0	4	True	50.0	30.0	957.3164672851562	50.09791159822851	869.849853515625	33.17766302575173	-618.231201171875	-47.43551129649665	-785.7388305664062	-33.34126570766527	-326.6504821777344	7.502858734720706	-47.58010482788086	-7.958599076439652	-102.01293182373047	-47.607723549277694	-54.488067626953125	-3.1142623010469945	0.0	0.0	0.0	0.0
1.1356494426727295	1781093599.0	1781093599.885523	1	10.0	10.0	8.0	8.0	NeuronSpectrum 10.06.2026 14:49:30	EEG	checkup_149_10.06.2026 14:49:30	500.0	499.6666666666667	True	0.5	40.0	4	True	50.0	30.0	1004.2014770507812	35.741163794175485	910.906494140625	19.03476625810619	-650.3923950195312	-37.67680464991043	-822.3458251953125	-20.329447650152378	-342.0009460449219	13.32270072733882	-49.85187530517578	-5.061204822366901	-100.36507415771484	-45.02315751136985	-56.91357421875	-2.294423773609126	0.0	0.0	0.0	0.0
1.1356513500213623	1781093599.0	1781093599.885525	1	10.0	10.0	8.0	8.0	NeuronSpectrum 10.06.2026 14:49:30	EEG	checkup_149_10.06.2026 14:49:30	500.0	499.6666666666667	True	0.5	40.0	4	True	50.0	30.0	1086.357666015625	13.923879351341203	985.1932983398438	-1.3342831334341143	-704.5967407226562	-22.805319008170777	-886.6826782226562	-0.8597324716408825	-369.0947265625	21.987445266096824	-53.98379135131836	-1.2208800018964219	-101.8314437866211	-41.80315454080975	-60.88504409790039	-0.8989871086197057	0.0	0.0	0.0	0.0
1.1356532573699951	1781093599.0	1781093599.885527	1	10.0	10.0	8.0	8.0	NeuronSpectrum 10.06.2026 14:49:30	EEG	checkup_149_10.06.2026 14:49:30	500.0	499.6666666666667	True	0.5	40.0	4	True	50.0	30.0	1139.253662109375	-11.93306466237699	1033.987548828125	-24.874980780727952	-737.9448852539062	-5.167250606585354	-926.866455078125	22.022617160094715	-385.9991760253906	32.156148517838844	-54.94736862182617	3.1198647169845315	-104.94511413574219	-38.51792060612846	-63.07389450073242	0.8540563238386761	0.0	0.0	0.0	0.0
1.1356546878814697	1781093599.0	1781093599.8855283	1	10.0	10.0	8.0	8.0	NeuronSpectrum 10.06.2026 14:49:30	EEG	checkup_149_10.06.2026 14:49:30	500.0	499.6666666666667	True	0.5	40.0	4	True	50.0	30.0	1075.8848876953125	-37.3122758490597	977.6640014648438	-47.59718489243132	-693.556396484375	12.154209859682473	-872.9124755859375	44.3607626251717	-362.9790344238281	42.086543899962585	-46.387237548828125	7.398151287570583	-105.85655212402344	-35.749748238801004	-59.00423049926758	2.6642708449419117	0.0	0.0	0.0	0.0
1.1356563568115234	1781093599.0	1781093599.88553	1	10.0	10.0	8.0	8.0	NeuronSpectrum 10.06.2026 14:49:30	EEG	checkup_149_10.06.2026 14:49:30	500.0	499.6666666666667	True	0.5	40.0	4	True	50.0	30.0	838.7942504882812	-57.36522878155425	763.156982421875	-65.2424230302833	-534.9901733398438	25.87312762443382	-678.6824951171875	61.961131614469494	-280.3176574707031	49.93657574408228	-24.62340545654297	11.030873556967897	-99.32766723632812	-33.99075168152687	-45.768470764160156	4.199849081582761	0.0	0.0	0.0	0.0
1.1356580257415771	1781093599.0	1781093599.8855317	1	10.0	10.0	8.0	8.0	NeuronSpectrum 10.06.2026 14:49:30	EEG	checkup_149_10.06.2026 14:49:30	500.0	499.6666666666667	True	0.5	40.0	4	True	50.0	30.0	444.7046203613281	-68.04700475325157	404.8970642089844	-74.28307024039044	-275.22381591796875	33.27750463619747	-357.8822326660156	71.36811776769781	-143.68284606933594	54.19350799111889	8.150403022766113	13.546021201717913	-80.61180114746094	-33.538036106376005	-24.353914260864258	5.170873754194018	0.0	0.0	0.0	0.0
1.1871099472045898	1781093599.0	1781093599.9369836	1	10.0	10.0	8.0	8.0	NeuronSpectrum 10.06.2026 14:49:30	EEG	checkup_149_10.06.2026 14:49:30	500.0	499.6666666666667	True	0.5	40.0	4	True	50.0	30.0	998.7674560546875	-67.21076433702962	911.1842651367188	-72.88861016359402	-640.0755004882812	32.96960837240641	-806.1556396484375	70.79322428443332	-334.88043212890625	54.079936877916175	-32.69844055175781	14.702596547900457	-100.69817352294922	-34.41577737853198	-53.6925048828125	5.400065664076427	0.0	0.0	0.0	0.0
1.1871159076690674	1781093599.0	1781093599.9369895	1	10.0	10.0	8.0	8.0	NeuronSpectrum 10.06.2026 14:49:30	EEG	checkup_149_10.06.2026 14:49:30	500.0	499.6666666666667	True	0.5	40.0	4	True	50.0	30.0	997.8145751953125	-55.16670605818296	910.8576049804688	-61.41513023371509	-639.3727416992188	25.237222912823345	-806.0322875976562	60.5849324712992	-335.37481689453125	49.75780453719262	-31.694536209106445	14.550753120985513	-100.91568756103516	-36.35621928432487	-53.71004104614258	4.862132221313915	0.0	0.0	0.0	0.0
1.1871182918548584	1781093599.0	1781093599.936992	1	10.0	10.0	8.0	8.0	NeuronSpectrum 10.06.2026 14:49:30	EEG	checkup_149_10.06.2026 14:49:30	500.0	499.6666666666667	True	0.5	40.0	4	True	50.0	30.0	1004.3365478515625	-34.47098212350796	916.5905151367188	-42.20885497321116	-644.2125244140625	11.899081718233518	-812.8800659179688	43.04161796390285	-338.89892578125	42.24512370702944	-32.10514450073242	13.407906714741522	-102.6346664428711	-38.8549846378432	-54.348323822021484	3.6776867179584913	0.0	0.0	0.0	0.0
1.1871206760406494	1781093599.0	1781093599.9369943	1	10.0	10.0	8.0	8.0	NeuronSpectrum 10.06.2026 14:49:30	EEG	checkup_149_10.06.2026 14:49:30	500.0	499.6666666666667	True	0.5	40.0	4	True	50.0	30.0	1016.8123779296875	-9.118201609108668	927.1558837890625	-18.882454311229296	-653.3372802734375	-4.25902835081885	-824.9639282226562	21.708285217485585	-344.5870361328125	33.10627959303844	-33.48566436767578	11.764197801767999	-105.48616790771484	-41.28763919312754	-55.43375778198242	2.070659792633252	0.0	0.0	0.0	0.0
1.1871230602264404	1781093599.0	1781093599.9369967	1	10.0	10.0	8.0	8.0	NeuronSpectrum 10.06.2026 14:49:30	EEG	checkup_149_10.06.2026 14:49:30	500.0	499.6666666666667	True	0.5	40.0	4	True	50.0	30.0	1025.222900390625	16.453546294351906	933.8157958984375	4.566926469082012	-659.8201293945312	-20.1823645642362	-833.4647216796875	0.4973811155359438	-348.5688171386719	24.063572165956156	-34.663116455078125	10.15550706416457	-107.49747467041016	-43.050964407914535	-56.32963180541992	0.3117316267655529	0.0	0.0	0.0	0.0
1.1871252059936523	1781093599.0	1781093599.9369988	1	10.0	10.0	8.0	8.0	NeuronSpectrum 10.06.2026 14:49:30	EEG	checkup_149_10.06.2026 14:49:30	500.0	499.6666666666667	True	0.5	40.0	4	True	50.0	30.0	1016.4369506835938	38.18538985263008	925.1050415039062	24.47723449288265	-654.5948486328125	-33.1338672327073	-827.0252685546875	-17.058513425472714	-345.94610595703125	16.664846857457285	-34.213375091552734	9.043896734905168	-106.1432876586914	-43.685924161310126	-56.2613410949707	-1.3316639506370584	0.0	0.0	0.0	0.0
1.1871275901794434	1781093599.0	1781093599.9370012	1	10.0	10.0	8.0	8.0	NeuronSpectrum 10.06.2026 14:49:30	EEG	checkup_149_10.06.2026 14:49:30	500.0	499.6666666666667	True	0.5	40.0	4	True	50.0	30.0	987.1446533203125	52.894241496412455	898.39306640625	37.94731182446974	-634.9058837890625	-41.05720356742506	-802.5088500976562	-28.27769471866896	-335.4206237792969	12.072290431553602	-31.479198455810547	8.732160695940156	-100.71797943115234	-42.95089897059019	-55.03443908691406	-2.629091733949151	0.0	0.0	0.0	0.0
1.187129259109497	1781093599.0	1781093599.937003	1	10.0	10.0	8.0	8.0	NeuronSpectrum 10.06.2026 14:49:30	EEG	checkup_149_10.06.2026 14:49:30	500.0	499.6666666666667	True	0.5	40.0	4	True	50.0	30.0	954.27197265625	58.49006747033542	869.1336669921875	43.019657478725684	-611.2579345703125	-42.735839318643315	-773.7008056640625	-31.544127219598863	-323.0144348144531	10.966138432767794	-27.437280654907227	9.32256187317009	-94.1694107055664	-40.83692359538237	-53.58919906616211	-3.406012950849556	0.0	0.0	0.0	0.0
1.1871311664581299	1781093599.0	1781093599.9370048	1	10.0	10.0	8.0	8.0	NeuronSpectrum 10.06.2026 14:49:30	EEG	checkup_149_10.06.2026 14:49:30	500.0	499.6666666666667	True	0.5	40.0	4	True	50.0	30.0	949.7747192382812	54.07111910137687	866.0133056640625	38.768305029057494	-604.3977661132812	-37.84306117351282	-767.1575317382812	-26.38252807505835	-320.24468994140625	13.514173245358293	-24.481060028076172	10.716187672259181	-92.08013153076172	-37.54063012034768	-53.683563232421875	-3.5556555737081554	0.0	0.0	0.0	0.0
1.1871328353881836	1781093599.0	1781093599.9370065	1	10.0	10.0	8.0	8.0	NeuronSpectrum 10.06.2026 14:49:30	EEG	checkup_149_10.06.2026 14:49:30	500.0	499.6666666666667	True	0.5	40.0	4	True	50.0	30.0	996.3426513671875	40.04388516302964	908.9591064453125	25.42576960779624	-629.8991088867188	-26.97731328441266	-802.272216796875	-13.51180182279414	-335.5072326660156	19.35566410522246	-24.795677185058594	12.641937993370956	-98.3002700805664	-33.42274932109304	-56.53517150878906	-3.051533634737867	0.0	0.0	0.0	0.0
1.1871349811553955	1781093599.0	1781093599.9370086	1	10.0	10.0	8.0	8.0	NeuronSpectrum 10.06.2026 14:49:30	EEG	checkup_149_10.06.2026 14:49:30	500.0	499.6666666666667	True	0.5	40.0	4	True	50.0	30.0	1078.06982421875	18.2903743868424	982.8010864257812	4.565360348875795	-679.117919921875	-11.70474519905996	-867.019775390625	5.095596120216876	-363.6202087402344	27.58615508460036	-28.19493293762207	14.704473078279094	-109.90081024169922	-28.97219567081024	-61.21304702758789	-1.9617227224746276	0.0	0.0	0.0	0.0
1.1871371269226074	1781093599.0	1781093599.9370108	1	10.0	10.0	8.0	8.0	NeuronSpectrum 10.06.2026 14:49:30	EEG	checkup_149_10.06.2026 14:49:30	500.0	499.6666666666667	True	0.5	40.0	4	True	50.0	30.0	1130.803955078125	-7.76853816670859	1028.9144287109375	-20.806241065526304	-712.3049926757812	5.474391682251152	-909.6785278320312	26.254349823920677	-382.2762756347656	36.78647726086673	-31.102834701538086	16.446464896201103	-115.927001953125	-24.77209264314955	-64.13788604736328	-0.45644128814341756	0.0	0.0	0.0	0.0
1.1871387958526611	1781093599.0	1781093599.9370124	1	10.0	10.0	8.0	8.0	NeuronSpectrum 10.06.2026 14:49:30	EEG	checkup_149_10.06.2026 14:49:30	500.0	499.6666666666667	True	0.5	40.0	4	True	50.0	30.0	1068.0506591796875	-33.468673615256535	969.0322265625	-46.48644621596802	-674.3312377929688	21.382287126108253	-859.6976318359375	45.894080962524725	-361.06536865234375	45.17436698572894	-27.903886795043945	17.42588173351815	-102.62801361083984	-21.442657360427088	-60.544517517089844	1.2054028160981949	0.0	0.0	0.0	0.0
1.187140941619873	1781093599.0	1781093599.9370146	1	10.0	10.0	8.0	8.0	NeuronSpectrum 10.06.2026 14:49:30	EEG	checkup_149_10.06.2026 14:49:30	500.0	499.6666666666667	True	0.5	40.0	4	True	50.0	30.0	832.6704711914062	-53.72630795999689	752.159423828125	-67.80536532052407	-527.317626953125	32.73632331794447	-669.911376953125	59.793169539150554	-279.6849365234375	50.92820309733794	-14.237380981445312	17.30619996973367	-63.0009880065918	-19.538695302181434	-47.34284210205078	2.720558039249745	0.0	0.0	0.0	0.0
1.1871428489685059	1781093599.0	1781093599.9370165	1	10.0	10.0	8.0	8.0	NeuronSpectrum 10.06.2026 14:49:30	EEG	checkup_149_10.06.2026 14:49:30	500.0	499.6666666666667	True	0.5	40.0	4	True	50.0	30.0	441.24493408203125	-64.26944387986637	394.471435546875	-80.74039245286806	-279.408203125	36.950817516340344	-353.0576477050781	64.60697219200131	-143.66758728027344	52.63364216520696	9.83227825164795	15.94424833045878	-4.211558818817139	-19.41339234104189	-25.540599822998047	3.8106797973081874	0.0	0.0	0.0	0.0
1.1871447563171387	1781093599.0	1781093599.9370184	1	10.0	10.0	8.0	8.0	NeuronSpectrum 10.06.2026 14:49:30	EEG	checkup_149_10.06.2026 14:49:30	500.0	499.6666666666667	True	0.5	40.0	4	True	50.0	30.0	992.1915893554688	-62.83001951081528	888.2947998046875	-83.01221057311501	-637.2357177734375	32.87907257174999	-810.207763671875	58.821464879547314	-340.8565673828125	49.69354789192762	-29.903961181640625	13.445996101308513	-98.42564392089844	-21.102073337477975	-54.89278030395508	4.292399012692432	0.0	0.0	0.0	0.0
1.1871464252471924	1781093599.0	1781093599.93702	1	10.0	10.0	8.0	8.0	NeuronSpectrum 10.06.2026 14:49:30	EEG	checkup_149_10.06.2026 14:49:30	500.0	499.6666666666667	True	0.5	40.0	4	True	50.0	30.0	991.7047729492188	-49.76359957391184	883.6016235351562	-74.67524428307524	-641.7767333984375	21.15877685771716	-815.9931640625	43.201795313494905	-344.55267333984375	42.515501571496415	-33.0028190612793	10.16131314222508	-101.23672485351562	-24.288734382748228	-54.11981201171875	4.118795130787826	0.0	0.0	0.0	0.0
1.1871488094329834	1781093599.0	1781093599.9370224	1	10.0	10.0	8.0	8.0	NeuronSpectrum 10.06.2026 14:49:30	EEG	checkup_149_10.06.2026 14:49:30	500.0	499.6666666666667	True	0.5	40.0	4	True	50.0	30.0	998.7460327148438	-27.836348873708115	886.728759765625	-57.96046330982183	-650.0099487304688	4.005088914567014	-827.287353515625	20.53657825844404	-350.62646484375	32.39137985234035	-35.77024459838867	6.6113548779860976	-103.65399169921875	-28.37762254370921	-53.86745071411133	3.377046284406828	0.0	0.0	0.0	0.0
1.1871511936187744	1781093599.0	1781093599.9370248	1	10.0	10.0	8.0	8.0	NeuronSpectrum 10.06.2026 14:49:30	EEG	checkup_149_10.06.2026 14:49:30	500.0	499.6666666666667	True	0.5	40.0	4	True	50.0	30.0	1011.7951049804688	-1.3498080685874365	896.5885620117188	-36.51750716742089	-660.4067993164062	-15.424167182175685	-842.10693359375	-5.16452389287414	-357.96624755859375	21.137996989928418	-37.64347839355469	3.372652746721477	-105.18772888183594	-32.634700260659756	-54.18040084838867	2.2499027211515727	0.0	0.0	0.0	0.0
1.1871528625488281	1781093599.0	1781093599.9370265	1	10.0	10.0	8.0	8.0	NeuronSpectrum 10.06.2026 14:49:30	EEG	checkup_149_10.06.2026 14:49:30	500.0	499.6666666666667	True	0.5	40.0	4	True	50.0	30.0	1020.8723754882812	24.965455513075653	904.0853881835938	-14.440029573087772	-666.3689575195312	-33.79903447931838	-851.9138793945312	-29.649500490952132	-362.7179260253906	10.660517085808603	-37.90742111206055	0.95818693312323	-105.474609375	-36.33763192643748	-54.57855987548828	0.9625926258293986	0.0	0.0	0.0	0.0
1.187154769897461	1781093599.0	1781093599.9370284	1	10.0	10.0	8.0	8.0	NeuronSpectrum 10.06.2026 14:49:30	EEG	checkup_149_10.06.2026 14:49:30	500.0	499.6666666666667	True	0.5	40.0	4	True	50.0	30.0	1012.89013671875	46.88693601416206	897.0204467773438	4.5668858167908795	-659.7487182617188	-48.254686644228634	-846.025390625	-49.23833499439364	-360.2183532714844	2.5881889013483357	-36.016109466552734	-0.2700550596255254	-104.28886413574219	-38.88924691931127	-54.33229064941406	-0.2645987762045565	0.0	0.0	0.0	0.0
1.1871564388275146	1781093599.0	1781093599.93703	1	10.0	10.0	8.0	8.0	NeuronSpectrum 10.06.2026 14:49:30	EEG	checkup_149_10.06.2026 14:49:30	500.0	499.6666666666667	True	0.5	40.0	4	True	50.0	30.0	984.4978637695312	61.26970740972521	871.9232788085938	17.69790853875495	-639.1215209960938	-56.76321588977955	-822.0082397460938	-61.30509420593525	-349.4438781738281	-1.9424899802676678	-32.20065689086914	-0.14119823816772503	-101.63031768798828	-39.882098826216236	-53.182823181152344	-1.2480270472117023	0.0	0.0	0.0	0.0
1.1871583461761475	1781093599.0	1781093599.937032	1	10.0	10.0	8.0	8.0	NeuronSpectrum 10.06.2026 14:49:30	EEG	checkup_149_10.06.2026 14:49:30	500.0	499.6666666666667	True	0.5	40.0	4	True	50.0	30.0	952.4229125976562	66.26389685499065	843.6744384765625	23.248749446377374	-616.2495727539062	-58.25357137664445	-793.9483032226562	-64.44248943090774	-336.5221252441406	-2.361531122594277	-27.844425201416016	1.328198167491562	-97.87137603759766	-39.12454917451056	-51.94953536987305	-1.8571662075001827	0.0	0.0	0.0	0.0
1.1871600151062012	1781093599.0	1781093599.9370337	1	10.0	10.0	8.0	8.0	NeuronSpectrum 10.06.2026 14:49:30	EEG	checkup_149_10.06.2026 14:49:30	500.0	499.6666666666667	True	0.5	40.0	4	True	50.0	30.0	948.3020629882812	61.33171113798653	840.9902954101562	20.64114729727773	-612.3043212890625	-52.58747929173483	-788.0731201171875	-58.44073185365506	-332.835693359375	1.3477819539594464	-25.000675201416016	3.9653291366149817	-93.81774139404297	-36.64462933910759	-52.28528594970703	-2.0227555312837486	0.0	0.0	0.0	0.0
1.1871616840362549	1781093599.0	1781093599.9370353	1	10.0	10.0	8.0	8.0	NeuronSpectrum 10.06.2026 14:49:30	EEG	checkup_149_10.06.2026 14:49:30	500.0	499.6666666666667	True	0.5	40.0	4	True	50.0	30.0	994.5673217773438	47.23397666392827	884.529052734375	10.422427725882027	-641.7975463867188	-40.51329430386002	-823.0009155273438	-44.23022389820564	-346.56304931640625	8.683962111302984	-24.976381301879883	7.480569387303599	-90.50225067138672	-32.681902713312354	-55.36769104003906	-1.743866350368758	0.0	0.0	0.0	0.0
1.1871635913848877	1781093599.0	1781093599.9370372	1	10.0	10.0	8.0	8.0	NeuronSpectrum 10.06.2026 14:49:30	EEG	checkup_149_10.06.2026 14:49:30	500.0	499.6666666666667	True	0.5	40.0	4	True	50.0	30.0	1075.351318359375	26.053603539748888	960.2572021484375	-5.700664008520012	-693.6026000976562	-23.650790614711433	-886.0243530273438	-23.853351568705087	-372.515380859375	18.654074062309196	-26.81386375427246	11.502631718449397	-88.64453125	-27.667501647805455	-60.288551330566406	-1.0954859140218673	0.0	0.0	0.0	0.0
1.1871654987335205	1781093599.0	1781093599.9370391	1	10.0	10.0	8.0	8.0	NeuronSpectrum 10.06.2026 14:49:30	EEG	checkup_149_10.06.2026 14:49:30	500.0	499.6666666666667	True	0.5	40.0	4	True	50.0	30.0	1126.9462890625	1.155919197418851	1010.45458984375	-24.884210181554515	-725.212158203125	-4.445592654300111	-925.3897094726562	-0.391050688105008	-388.7757873535156	29.82136859496471	-26.976428985595703	15.60930037261909	-87.91853332519531	-22.185055173922812	-63.50712585449219	-0.22961788623177554	0.0	0.0	0.0	0.0
1.1871669292449951	1781093599.0	1781093599.9370406	1	10.0	10.0	8.0	8.0	NeuronSpectrum 10.06.2026 14:49:30	EEG	checkup_149_10.06.2026 14:49:30	500.0	499.6666666666667	True	0.5	40.0	4	True	50.0	30.0	1063.55712890625	-23.129334987489457	956.8522338867188	-43.419425019973346	-680.3237915039062	14.048666994115054	-871.3271484375	22.32798502057212	-365.59796142578125	40.445109463641295	-20.960668563842773	19.363612165479186	-86.36756896972656	-16.904451065421856	-60.25764083862305	0.6423713712707639	0.0	0.0	0.0	0.0
1.1871685981750488	1781093599.0	1781093599.9370422	1	10.0	10.0	8.0	8.0	NeuronSpectrum 10.06.2026 14:49:30	EEG	checkup_149_10.06.2026 14:49:30	500.0	499.6666666666667	True	0.5	40.0	4	True	50.0	30.0	828.6295776367188	-42.25964130747237	747.2666625976562	-57.395131397076405	-522.9208374023438	28.666664632860865	-677.8644409179688	40.36209819294195	-283.20892333984375	48.76519559302227	-6.143528938293457	22.36513044168885	-80.38580322265625	-12.48751714849224	-47.389007568359375	1.293914648317334	0.0	0.0	0.0	0.0
1.1871705055236816	1781093599.0	1781093599.9370441	1	10.0	10.0	8.0	8.0	NeuronSpectrum 10.06.2026 14:49:30	EEG	checkup_149_10.06.2026 14:49:30	500.0	499.6666666666667	True	0.5	40.0	4	True	50.0	30.0	438.85040283203125	-52.56179060352474	395.88751220703125	-63.65741576107621	-265.86651611328125	36.843960503062306	-358.6238098144531	50.55322328274573	-147.12867736816406	53.39561829325143	16.003915786743164	24.313543825665104	-65.58526611328125	-9.477755880827676	-25.8154296875	1.5464326339859034	0.0	0.0	0.0	0.0
1.288508653640747	1781093599.0	1781093600.0383823	1	10.0	10.0	8.0	8.0	NeuronSpectrum 10.06.2026 14:49:30	EEG	checkup_149_10.06.2026 14:49:30	500.0	499.6666666666667	True	0.5	40.0	4	True	50.0	30.0	992.6387329101562	-52.24154920567434	903.98974609375	-60.70328324652548	-628.6011352539062	37.28602907908169	-807.60009765625	51.358674531996186	-337.73236083984375	53.68661563128899	-11.619007110595703	25.06566296157425	-75.21587371826172	-8.199300155513303	-57.17628479003906	1.32716638510123	0.0	0.0	0.0	0.0
1.2885146141052246	1781093599.0	1781093600.0383883	1	10.0	10.0	8.0	8.0	NeuronSpectrum 10.06.2026 14:49:30	EEG	checkup_149_10.06.2026 14:49:30	500.0	499.6666666666667	True	0.5	40.0	4	True	50.0	30.0	991.7291870117188	-41.84229875793952	905.8278198242188	-49.078071110073864	-627.0341796875	30.281829675111545	-805.673095703125	43.228417629655475	-337.7186584472656	49.88796081376305	-10.411925315856934	24.661552272680552	-72.80432891845703	-8.69478536149764	-57.368385314941406	0.6935789328836586	0.0	0.0	0.0	0.0
1.2885169982910156	1781093599.0	1781093600.0383906	1	10.0	10.0	8.0	8.0	NeuronSpectrum 10.06.2026 14:49:30	EEG	checkup_149_10.06.2026 14:49:30	500.0	499.6666666666667	True	0.5	40.0	4	True	50.0	30.0	991.1093139648438	-23.938198065016614	906.795654296875	-31.08723555696793	-627.0609741210938	17.51986400485184	-804.7977905273438	28.351449610442263	-338.3861083984375	43.03649811717896	-9.977423667907715	23.307804031769503	-72.1574935913086	-10.722684401825749	-57.436561584472656	-0.18791916618009014	0.0	0.0	0.0	0.0
1.2885189056396484	1781093599.0	1781093600.0383925	1	10.0	10.0	8.0	8.0	NeuronSpectrum 10.06.2026 14:49:30	EEG	checkup_149_10.06.2026 14:49:30	500.0	499.6666666666667	True	0.5	40.0	4	True	50.0	30.0	990.790771484375	-2.251305533598424	907.0554809570312	-9.999326256371917	-628.865234375	1.5257359511255402	-805.038818359375	9.923108519849814	-339.5982360839844	34.63162934740159	-10.376850128173828	21.325972449768848	-73.74234771728516	-13.815673297431674	-57.300743103027344	-1.097376940942738	0.0	0.0	0.0	0.0
1.2885210514068604	1781093599.0	1781093600.0383947	1	10.0	10.0	8.0	8.0	NeuronSpectrum 10.06.2026 14:49:30	EEG	checkup_149_10.06.2026 14:49:30	500.0	499.6666666666667	True	0.5	40.0	4	True	50.0	30.0	990.7259521484375	19.39010254822718	906.9913330078125	10.87892638693657	-632.197509765625	-15.013221757518936	-806.2222900390625	-8.728218295821247	-341.1041259765625	26.24382490183248	-11.487548828125	19.085972925225306	-77.45831298828125	-17.382807901197296	-56.907161712646484	-1.8256463659313324	0.0	0.0	0.0	0.0
1.2885229587554932	1781093599.0	1781093600.0383966	1	10.0	10.0	8.0	8.0	NeuronSpectrum 10.06.2026 14:49:30	EEG	checkup_149_10.06.2026 14:49:30	500.0	499.6666666666667	True	0.5	40.0	4	True	50.0	30.0	990.822998046875	37.8854118283767	907.1002807617188	28.924915651786012	-636.4146118164062	-29.803829684192564	-807.9505615234375	-24.85485550956877	-342.5659484863281	19.18708274317739	-13.003388404846191	16.942814349007985	-82.58745574951172	-20.827341914005103	-56.25017547607422	-2.2249967063221536	0.0	0.0	0.0	0.0
1.288525104522705	1781093599.0	1781093600.0383987	1	10.0	10.0	8.0	8.0	NeuronSpectrum 10.06.2026 14:49:30	EEG	checkup_149_10.06.2026 14:49:30	500.0	499.6666666666667	True	0.5	40.0	4	True	50.0	30.0	990.9706420898438	51.31429246782412	907.8455810546875	42.56930808664088	-640.64599609375	-41.2737490368441	-809.6907958984375	-36.697623871354615	-343.6177062988281	14.32226922173178	-14.496171951293945	15.187279215978604	-87.94927215576172	-23.650649140568184	-55.38064193725586	-2.23455767414469	0.0	0.0	0.0	0.0
1.2885267734527588	1781093599.0	1781093600.0384004	1	10.0	10.0	8.0	8.0	NeuronSpectrum 10.06.2026 14:49:30	EEG	checkup_149_10.06.2026 14:49:30	500.0	499.6666666666667	True	0.5	40.0	4	True	50.0	30.0	991.0672607421875	59.01219288661064	909.5148315429688	51.32562045437503	-644.0328979492188	-48.668888420648244	-810.91552734375	-43.582993904766774	-343.9448547363281	11.998050898729524	-15.522974014282227	14.014525370906753	-92.220458984375	-25.519458031340438	-54.3984260559082	-1.8801010781901832	0.0	0.0	0.0	0.0
1.2885286808013916	1781093599.0	1781093600.0384023	1	10.0	10.0	8.0	8.0	NeuronSpectrum 10.06.2026 14:49:30	EEG	checkup_149_10.06.2026 14:49:30	500.0	499.6666666666667	True	0.5	40.0	4	True	50.0	30.0	991.0433959960938	61.37382683812779	912.129150390625	55.58558534256146	-645.965576171875	-51.9805196804723	-811.2545776367188	-45.78649216794158	-343.3637390136719	12.10026850017696	-15.747546195983887	13.511099033174183	-94.3201675415039	-26.285905012980894	-53.431671142578125	-1.2546349752000436	0.0	0.0	0.0	0.0
1.2885301113128662	1781093599.0	1781093600.0384037	1	10.0	10.0	8.0	8.0	NeuronSpectrum 10.06.2026 14:49:30	EEG	checkup_149_10.06.2026 14:49:30	500.0	499.6666666666667	True	0.5	40.0	4	True	50.0	30.0	990.8727416992188	59.51906959351747	915.4307250976562	56.309371457730194	-646.2415161132812	-51.775771224964174	-810.6082153320312	-44.26513956900547	-341.8787841796875	14.167553116764381	-15.036741256713867	13.659326575460938	-93.73251342773438	-25.964085117070283	-52.60896682739258	-0.48913681435923034	0.0	0.0	0.0	0.0
1.288532018661499	1781093599.0	1781093600.0384057	1	10.0	10.0	8.0	8.0	NeuronSpectrum 10.06.2026 14:49:30	EEG	checkup_149_10.06.2026 14:49:30	500.0	499.6666666666667	True	0.5	40.0	4	True	50.0	30.0	990.5689086914062	54.936912376854075	918.9542236328125	54.717574944336384	-645.0971069335938	-48.99301122323686	-809.1822509765625	-40.35088812946959	-339.6956787109375	17.533269045364104	-13.4982328414917	14.356937009490764	-90.6541519165039	-24.67846920888353	-52.032257080078125	0.27756171798693874	0.0	0.0	0.0	0.0
1.2885334491729736	1781093599.0	1781093600.038407	1	10.0	10.0	8.0	8.0	NeuronSpectrum 10.06.2026 14:49:30	EEG	checkup_149_10.06.2026 14:49:30	500.0	499.6666666666667	True	0.5	40.0	4	True	50.0	30.0	990.5204467773438	49.18164065045531	922.4849853515625	52.04835347695174	-643.3382568359375	-44.74162577792921	-807.7153930664062	-35.46891644194422	-337.2998962402344	21.463816186887765	-11.453786849975586	15.448202494610733	-85.92292022705078	-22.60520172550796	-51.7777214050293	0.9230300913168991	0.0	0.0	0.0	0.0
1.2885351181030273	1781093599.0	1781093600.0384088	1	10.0	10.0	8.0	8.0	NeuronSpectrum 10.06.2026 14:49:30	EEG	checkup_149_10.06.2026 14:49:30	500.0	499.6666666666667	True	0.5	40.0	4	True	50.0	30.0	990.2438354492188	43.65208963077794	925.0765991210938	49.398825600109255	-641.3082885742188	-40.12601863358305	-806.3292846679688	-30.914507614390022	-334.947998046875	25.274901366964368	-9.298942565917969	16.76091879401797	-80.69563293457031	-19.92547532221151	-51.81597137451172	1.3560870154699025	0.0	0.0	0.0	0.0
1.288536787033081	1781093599.0	1781093600.0384104	1	10.0	10.0	8.0	8.0	NeuronSpectrum 10.06.2026 14:49:30	EEG	checkup_149_10.06.2026 14:49:30	500.0	499.6666666666667	True	0.5	40.0	4	True	50.0	30.0	988.6895141601562	39.45277466579858	925.4774780273438	47.638273174716026	-638.875732421875	-36.10199220183481	-804.6149291992188	-27.699025577911137	-332.6624450683594	28.4170118596152	-7.377201557159424	18.141938967935403	-76.05823516845703	-16.802151261532654	-52.03718948364258	1.521789492442191	0.0	0.0	0.0	0.0
1.2885386943817139	1781093599.0	1781093600.0384123	1	10.0	10.0	8.0	8.0	NeuronSpectrum 10.06.2026 14:49:30	EEG	checkup_149_10.06.2026 14:49:30	500.0	499.6666666666667	True	0.5	40.0	4	True	50.0	30.0	985.0455932617188	37.31971584462327	922.9432983398438	47.366938687671386	-635.8018188476562	-33.36991901810564	-802.1409912109375	-26.46209100962604	-330.4021301269531	30.527750065693564	-5.881228446960449	19.483705215622944	-72.67302703857422	-13.37997072420069	-52.31552505493164	1.3985122418483986	0.0	0.0	0.0	0.0
1.2885403633117676	1781093599.0	1781093600.038414	1	10.0	10.0	8.0	8.0	NeuronSpectrum 10.06.2026 14:49:30	EEG	checkup_149_10.06.2026 14:49:30	500.0	499.6666666666667	True	0.5	40.0	4	True	50.0	30.0	980.6605224609375	37.591875384979765	918.9921875	48.896325429281745	-632.9584350585938	-32.30952452318574	-799.9476318359375	-27.441772892032468	-328.6561279296875	31.452366844299455	-4.842165470123291	20.735954029059297	-70.63092041015625	-9.800327889609148	-52.64405059814453	0.9904527475212499	0.0	0.0	0.0	0.0
1.2885420322418213	1781093599.0	1781093600.0384157	1	10.0	10.0	8.0	8.0	NeuronSpectrum 10.06.2026 14:49:30	EEG	checkup_149_10.06.2026 14:49:30	500.0	499.6666666666667	True	0.5	40.0	4	True	50.0	30.0	979.6452026367188	40.21481661530199	917.8576049804688	52.237894560756715	-632.7728271484375	-32.96070022914283	-801.0572509765625	-30.493217896700898	-328.65203857421875	31.23615555920669	-4.158314228057861	21.900442256078016	-69.53470611572266	-6.217084587150254	-53.19102478027344	0.3192468019977772	0.0	0.0	0.0	0.0
1.288543701171875	1781093599.0	1781093600.0384173	1	10.0	10.0	8.0	8.0	NeuronSpectrum 10.06.2026 14:49:30	EEG	checkup_149_10.06.2026 14:49:30	500.0	499.6666666666667	True	0.5	40.0	4	True	50.0	30.0	986.0094604492188	44.76863662093112	923.6873779296875	57.09805779836278	-637.4354248046875	-35.049721662710006	-808.2374877929688	-35.14406858294532	-331.4466552734375	30.094832558120487	-3.5989885330200195	23.0112932679507	-68.73541259765625	-2.8016096824611942	-54.148014068603516	-0.5820959039320972	0.0	0.0	0.0	0.0
1.2885453701019287	1781093599.0	1781093600.038419	1	10.0	10.0	8.0	8.0	NeuronSpectrum 10.06.2026 14:49:30	EEG	checkup_149_10.06.2026 14:49:30	500.0	499.6666666666667	True	0.5	40.0	4	True	50.0	30.0	998.2540283203125	50.512480738418134	935.3880004882812	62.88208083914714	-645.4588012695312	-38.0502733930179	-819.7382202148438	-40.67026419605384	-336.19024658203125	28.372124913545733	-2.786102294921875	24.107936943857744	-67.58817291259766	0.2681311129936186	-55.42296600341797	-1.6707563802321035	0.0	0.0	0.0	0.0
1.2885470390319824	1781093599.0	1781093600.0384207	1	10.0	10.0	8.0	8.0	NeuronSpectrum 10.06.2026 14:49:30	EEG	checkup_149_10.06.2026 14:49:30	500.0	499.6666666666667	True	0.5	40.0	4	True	50.0	30.0	1006.5409545898438	56.43514610353444	943.9039306640625	68.70857676877381	-649.9889526367188	-41.25879924154143	-827.1464233398438	-46.171680699356756	-339.27276611328125	26.49594291573645	-1.2600895166397095	25.210007834590517	-65.63545989990234	2.831224975188953	-56.47789001464844	-2.890471698582337	0.0	0.0	0.0	0.0
1.2885489463806152	1781093599.0	1781093600.0384226	1	10.0	10.0	8.0	8.0	NeuronSpectrum 10.06.2026 14:49:30	EEG	checkup_149_10.06.2026 14:49:30	500.0	499.6666666666667	True	0.5	40.0	4	True	50.0	30.0	997.9796752929688	61.30497371417143	937.0919189453125	73.4380155258175	-642.5227661132812	-43.86315610564236	-819.840576171875	-50.631941916277036	-336.2032775878906	24.94223626893032	1.2636545896530151	26.3027935752151	-62.71826171875	4.7705705487152965	-56.63161849975586	-4.1640592666540766	0.0	0.0	0.0	0.0
1.2885503768920898	1781093599.0	1781093600.038424	1	10.0	10.0	8.0	8.0	NeuronSpectrum 10.06.2026 14:49:30	EEG	checkup_149_10.06.2026 14:49:30	500.0	499.6666666666667	True	0.5	40.0	4	True	50.0	30.0	969.3140258789062	63.73208392795282	911.54248046875	75.7325593871891	-621.4562377929688	-44.99986909695401	-795.412841796875	-52.96792536258189	-325.95672607421875	24.20604773757295	4.5221052169799805	27.337736915268184	-59.06832504272461	6.031271430200059	-55.77913284301758	-5.386121980890211	0.0	0.0	0.0	0.0
1.2885522842407227	1781093599.0	1781093600.038426	1	10.0	10.0	8.0	8.0	NeuronSpectrum 10.06.2026 14:49:30	EEG	checkup_149_10.06.2026 14:49:30	500.0	499.6666666666667	True	0.5	40.0	4	True	50.0	30.0	937.1322631835938	62.2884786457564	882.1896362304688	74.1886322625876	-598.7511596679688	-43.82484326875093	-767.950927734375	-52.10747907531023	-314.417724609375	24.76453904109707	7.527516841888428	28.2463621441906	-55.39146423339844	6.6224245779497055	-54.947166442871094	-6.422516620351932	0.0	0.0	0.0	0.0
1.2885537147521973	1781093599.0	1781093600.0384274	1	10.0	10.0	8.0	8.0	NeuronSpectrum 10.06.2026 14:49:30	EEG	checkup_149_10.06.2026 14:49:30	500.0	499.6666666666667	True	0.5	40.0	4	True	50.0	30.0	932.757080078125	55.750870725641335	877.7603149414062	67.59589638847652	-596.1131591796875	-39.644852740570315	-763.673583984375	-47.155503609348244	-312.5560607910156	27.0067986357466	8.925521850585938	28.960379434712717	-52.84516906738281	6.6007717807922575	-55.94572067260742	-7.1238060618058725	0.0	0.0	0.0	0.0
1.28855562210083	1781093599.0	1781093600.0384293	1	10.0	10.0	8.0	8.0	NeuronSpectrum 10.06.2026 14:49:30	EEG	checkup_149_10.06.2026 14:49:30	500.0	499.6666666666667	True	0.5	40.0	4	True	50.0	30.0	978.4141845703125	43.49880912378043	918.8323974609375	55.342730448310704	-628.5810546875	-32.14303160717943	-801.1962890625	-37.68546596597009	-328.1993408203125	31.11416781948427	7.889725685119629	29.428507223401724	-52.74953079223633	6.042096547658814	-59.94326400756836	-7.356385269954892	0.0	0.0	0.0	0.0
1.288557767868042	1781093599.0	1781093600.0384314	1	10.0	10.0	8.0	8.0	NeuronSpectrum 10.06.2026 14:49:30	EEG	checkup_149_10.06.2026 14:49:30	500.0	499.6666666666667	True	0.5	40.0	4	True	50.0	30.0	1058.4718017578125	25.997425743435066	991.1990356445312	37.89194653626852	-685.072265625	-21.66528566041554	-867.8084716796875	-24.108795346428497	-356.1329345703125	36.90975696769404	5.033112525939941	29.623340120647907	-55.943973541259766	5.011680297758082	-65.80130767822266	-7.0465162885680765	0.0	0.0	0.0	0.0
1.2885596752166748	1781093599.0	1781093600.0384333	1	10.0	10.0	8.0	8.0	NeuronSpectrum 10.06.2026 14:49:30	EEG	checkup_149_10.06.2026 14:49:30	500.0	499.6666666666667	True	0.5	40.0	4	True	50.0	30.0	1109.990234375	5.156552986313025	1036.9697265625	17.125289150778666	-722.3522338867188	-9.439979790197953	-911.6954345703125	-7.95866556845788	-374.8207092285156	43.74419760909278	2.569232702255249	29.538223764582575	-61.92005920410156	3.546785539553923	-69.5948486328125	-6.2219444372127075	0.0	0.0	0.0	0.0
1.2885613441467285	1781093599.0	1781093600.038435	1	10.0	10.0	8.0	8.0	NeuronSpectrum 10.06.2026 14:49:30	EEG	checkup_149_10.06.2026 14:49:30	500.0	499.6666666666667	True	0.5	40.0	4	True	50.0	30.0	1048.1427001953125	-15.715021735111737	977.892333984375	-3.7079489946477944	-682.7775268554688	2.451662288354885	-862.869384765625	8.140280533647314	-355.0749816894531	50.512104391832764	3.325512409210205	29.18059092860261	-68.12193298339844	1.6611848118787411	-66.20198059082031	-5.029659142030939	0.0	0.0	0.0	0.0
1.2885632514953613	1781093599.0	1781093600.038437	1	10.0	10.0	8.0	8.0	NeuronSpectrum 10.06.2026 14:49:30	EEG	checkup_149_10.06.2026 14:49:30	500.0	499.6666666666667	True	0.5	40.0	4	True	50.0	30.0	816.9255981445312	-32.540923015867534	762.1558837890625	-20.604497054139664	-528.9617309570312	11.476579438654914	-674.9097290039062	20.967639790991186	-277.4172058105469	55.86209865161133	9.045166969299316	28.569809047088427	-69.94622802734375	-0.6258737964117675	-52.34885787963867	-3.7136891344689973	0.0	0.0	0.0	0.0
1.288564920425415	1781093599.0	1781093600.0384386	1	10.0	10.0	8.0	8.0	NeuronSpectrum 10.06.2026 14:49:30	EEG	checkup_149_10.06.2026 14:49:30	500.0	499.6666666666667	True	0.5	40.0	4	True	50.0	30.0	432.6588134765625	-41.584890332618606	404.68963623046875	-29.875563672019155	-273.04718017578125	15.35554119082842	-360.7945251464844	27.585807054619238	-147.03509521484375	58.56612116857545	19.08504867553711	27.74242394658741	-61.84687805175781	-3.2450210059071676	-29.16130256652832	-2.5547567736566252	0.0	0.0	0.0	0.0
1.2885665893554688	1781093599.0	1781093600.0384402	1	10.0	10.0	8.0	8.0	NeuronSpectrum 10.06.2026 14:49:30	EEG	checkup_149_10.06.2026 14:49:30	500.0	499.6666666666667	True	0.5	40.0	4	True	50.0	30.0	972.7395629882812	-40.60406342323841	904.2601928710938	-29.26155953182836	-639.2544555664062	12.794328287291718	-804.1390380859375	26.256639090087344	-331.65228271484375	57.90450975826047	2.7377476692199707	26.759580385879126	-72.08245086669922	-6.03595560613525	-59.646305084228516	-1.7946953071135285	0.0	0.0	0.0	0.0
1.2885682582855225	1781093599.0	1781093600.038442	1	10.0	10.0	8.0	8.0	NeuronSpectrum 10.06.2026 14:49:30	EEG	checkup_149_10.06.2026 14:49:30	500.0	499.6666666666667	True	0.5	40.0	4	True	50.0	30.0	971.8809814453125	-29.526563893402866	904.0972290039062	-18.59923627447165	-639.5509033203125	3.901361867005214	-803.1134643554688	16.976178578459223	-331.4931640625	53.8914851279514	3.0409011840820312	25.707852155696756	-73.2532730102539	-8.733599155752785	-58.1988525390625	-1.5768601127120638	0.0	0.0	0.0	0.0
1.2885701656341553	1781093599.0	1781093600.0384438	1	10.0	10.0	8.0	8.0	NeuronSpectrum 10.06.2026 14:49:30	EEG	checkup_149_10.06.2026 14:49:30	500.0	499.6666666666667	True	0.5	40.0	4	True	50.0	30.0	978.4379272460938	-10.387817094694524	911.64111328125	0.2143844450885133	-644.3475341796875	-9.877502740312428	-807.4942016601562	1.4142132147366775	-333.6669616699219	47.25124328262724	3.4878158569335938	24.689440366681925	-75.09454345703125	-10.99576347964736	-57.250877380371094	-1.9218858730880446	0.0	0.0	0.0	0.0
1.2885715961456299	1781093599.0	1781093600.0384452	1	10.0	10.0	8.0	8.0	NeuronSpectrum 10.06.2026 14:49:30	EEG	checkup_149_10.06.2026 14:49:30	500.0	499.6666666666667	True	0.5	40.0	4	True	50.0	30.0	990.929443359375	13.33465320121511	925.2911987304688	23.837547043701043	-652.9423828125	-26.20884657608184	-816.3237915039062	-17.625869008030264	-337.7825927734375	39.191534577425124	3.8712997436523438	23.805818700957804	-77.38690948486328	-12.468751214290164	-56.99503707885742	-2.7368185091647383	0.0	0.0	0.0	0.0
1.2885735034942627	1781093599.0	1781093600.0384471	1	10.0	10.0	8.0	8.0	NeuronSpectrum 10.06.2026 14:49:30	EEG	checkup_149_10.06.2026 14:49:30	500.0	499.6666666666667	True	0.5	40.0	4	True	50.0	30.0	999.5575561523438	37.60823471060779	935.5984497070312	48.327166355720735	-659.0576782226562	-42.453110742667135	-821.9330444335938	-36.91808578638432	-340.6095275878906	31.102632032144214	4.162148952484131	23.142545169045437	-78.49797821044922	-12.869415949892831	-57.07989501953125	-3.842616158726913	0.0	0.0	0.0	0.0
1.2885749340057373	1781093599.0	1781093600.0384486	1	10.0	10.0	8.0	8.0	NeuronSpectrum 10.06.2026 14:49:30	EEG	checkup_149_10.06.2026 14:49:30	500.0	499.6666666666667	True	0.5	40.0	4	True	50.0	30.0	991.4683227539062	58.610705882199134	930.2452392578125	69.88676618500902	-654.1901245117188	-56.15406899709841	-814.141357421875	-53.419106279065346	-337.8356018066406	24.297239927389526	4.503640174865723	22.760206160327865	-76.34219360351562	-12.054221458980356	-56.840763092041016	-5.006310867241671	0.0	0.0	0.0	0.0
1.288576602935791	1781093599.0	1781093600.0384502	1	10.0	10.0	8.0	8.0	NeuronSpectrum 10.06.2026 14:49:30	EEG	checkup_149_10.06.2026 14:49:30	500.0	499.6666666666667	True	0.5	40.0	4	True	50.0	30.0	963.3784790039062	73.22102750388596	905.9295043945312	85.36808468768771	-635.8954467773438	-65.34232662108646	-790.44482421875	-64.64795889067082	-328.32177734375	19.842770085490844	5.063321590423584	22.691529099673602	-70.48321533203125	-10.051739071522533	-55.96564865112305	-5.972586790782625	0.0	0.0	0.0	0.0
1.2885782718658447	1781093599.0	1781093600.038452	1	10.0	10.0	8.0	8.0	NeuronSpectrum 10.06.2026 14:49:30	EEG	checkup_149_10.06.2026 14:49:30	500.0	499.6666666666667	True	0.5	40.0	4	True	50.0	30.0	931.7430419921875	79.26996075969329	877.9195556640625	92.54824247051334	-614.6185302734375	-68.68277217247174	-764.2222900390625	-68.87369547861398	-317.5357666015625	18.474395170806854	5.846701622009277	22.941676806425473	-63.7131233215332	-7.052144519014005	-55.07289123535156	-6.49661282953679	0.0	0.0	0.0	0.0
1.2885801792144775	1781093599.0	1781093600.0384538	1	10.0	10.0	8.0	8.0	NeuronSpectrum 10.06.2026 14:49:30	EEG	checkup_149_10.06.2026 14:49:30	500.0	499.6666666666667	True	0.5	40.0	4	True	50.0	30.0	927.6823120117188	75.68835823772743	875.2846069335938	90.30147559793093	-610.6497802734375	-65.56107896818257	-760.6006469726562	-65.2275352114709	-315.8590087890625	20.542797498475256	6.641306400299072	23.488552211292603	-61.089813232421875	-3.3670963379503247	-55.507667541503906	-6.381968517988848	0.0	0.0	0.0	0.0
1.2885816097259521	1781093599.0	1781093600.0384552	1	10.0	10.0	8.0	8.0	NeuronSpectrum 10.06.2026 14:49:30	EEG	checkup_149_10.06.2026 14:49:30	500.0	499.6666666666667	True	0.5	40.0	4	True	50.0	30.0	973.2843017578125	62.680414928538724	918.6473388671875	78.77756910151271	-638.81982421875	-56.19358248851007	-797.2542724609375	-53.84529771754122	-330.6343078613281	25.954271566719715	7.187373638153076	24.28172416550686	-66.0525131225586	0.6157144817881637	-58.16058349609375	-5.523949807513648	0.0	0.0	0.0	0.0
1.288583517074585	1781093599.0	1781093600.0384572	1	10.0	10.0	8.0	8.0	NeuronSpectrum 10.06.2026 14:49:30	EEG	checkup_149_10.06.2026 14:49:30	500.0	499.6666666666667	True	0.5	40.0	4	True	50.0	30.0	1052.9991455078125	41.93129641343425	993.3627319335938	59.593258390066474	-689.7000732421875	-41.76453693539588	-861.279052734375	-36.04755977668853	-356.5793762207031	34.100472981342406	7.487991809844971	25.241142263168957	-76.01428985595703	4.465204014645073	-62.022212982177734	-3.9507790327590677	0.0	0.0	0.0	0.0
1.2885851860046387	1781093599.0	1781093600.0384588	1	10.0	10.0	8.0	8.0	NeuronSpectrum 10.06.2026 14:49:30	EEG	checkup_149_10.06.2026 14:49:30	500.0	499.6666666666667	True	0.5	40.0	4	True	50.0	30.0	1104.238037109375	16.694445984522932	1040.7606201171875	35.893927991006265	-723.0144653320312	-24.485861726567606	-901.6907348632812	-14.429233164600529	-372.67327880859375	43.830118765302814	8.015863418579102	26.258940241964996	-81.3723373413086	7.729054795328477	-63.73994827270508	-1.847067266693356	0.0	0.0	0.0	0.0
1.2885870933532715	1781093599.0	1781093600.0384607	1	10.0	10.0	8.0	8.0	NeuronSpectrum 10.06.2026 14:49:30	EEG	checkup_149_10.06.2026 14:49:30	500.0	499.6666666666667	True	0.5	40.0	4	True	50.0	30.0	1042.6553955078125	-8.491270260189705	981.9420776367188	12.057793572034383	-683.5866088867188	-7.412356075967713	-850.0565185546875	7.348749049908828	-350.6986083984375	53.54669360656928	9.594810485839844	27.20813271954599	-70.22586059570312	9.96720803771101	-58.981544494628906	0.45863901579909205	0.0	0.0	0.0	0.0
1.288588523864746	1781093599.0	1781093600.0384622	1	10.0	10.0	8.0	8.0	NeuronSpectrum 10.06.2026 14:49:30	EEG	checkup_149_10.06.2026 14:49:30	500.0	499.6666666666667	True	0.5	40.0	4	True	50.0	30.0	812.5850830078125	-28.615961516336487	765.1079711914062	-7.099987741734118	-533.9962158203125	6.095558542419953	-661.4630126953125	25.201898811841673	-272.1986083984375	61.48628706508449	12.951416015625	27.96002401234012	-36.803314208984375	10.817761622661493	-45.081993103027344	2.5518010191309437	0.0	0.0	0.0	0.0
1.288590431213379	1781093600.0	1781093600.038464	1	10.0	10.0	8.0	8.0	NeuronSpectrum 10.06.2026 14:49:30	EEG	checkup_149_10.06.2026 14:49:30	500.0	499.6666666666667	True	0.5	40.0	4	True	50.0	30.0	430.3028564453125	-39.42054769509899	406.0315246582031	-17.498115480543667	-283.1611022949219	13.18084647286116	-349.5533142089844	35.60300584628341	-142.95425415039062	66.13365277584509	18.194639205932617	28.407929286497733	12.131675720214844	10.088981200662896	-23.253896713256836	4.025534155198093	0.0	0.0	0.0	0.0
1.33939528465271	1781093600.0	1781093600.089269	1	10.0	10.0	8.0	8.0	NeuronSpectrum 10.06.2026 14:49:30	EEG	checkup_149_10.06.2026 14:49:30	500.0	499.6666666666667	True	0.5	40.0	4	True	50.0	30.0	967.4110717773438	-38.583871845659424	910.2368774414062	-16.913829938771634	-635.459228515625	12.279551371958995	-782.7330932617188	36.54607079405402	-322.7099914550781	66.62771554501829	12.89054012298584	28.4904419030534	-69.89926147460938	7.836380379358214	-51.42157745361328	4.579951546086565	0.0	0.0	0.0	0.0
1.3394012451171875	1781093600.0	1781093600.089275	1	10.0	10.0	8.0	8.0	NeuronSpectrum 10.06.2026 14:49:30	EEG	checkup_149_10.06.2026 14:49:30	500.0	499.6666666666667	True	0.5	40.0	4	True	50.0	30.0	966.5214233398438	-26.34984950547649	909.8729248046875	-5.56684245460648	-635.7784423828125	3.5438153096097835	-779.9600830078125	28.06840586686844	-322.2287902832031	62.97985300396979	13.1879243850708	28.206123490993097	-72.99085235595703	4.37620460260208	-51.039215087890625	4.091226844064905	0.0	0.0	0.0	0.0
1.3394036293029785	1781093600.0	1781093600.0892773	1	10.0	10.0	8.0	8.0	NeuronSpectrum 10.06.2026 14:49:30	EEG	checkup_149_10.06.2026 14:49:30	500.0	499.6666666666667	True	0.5	40.0	4	True	50.0	30.0	973.036865234375	-5.33825264346085	916.7583618164062	14.075042910291307	-640.9761352539062	-11.2737840367184	-783.74462890625	12.12129983588186	-324.67669677734375	56.01848628478904	13.183813095092773	27.614639706600236	-75.3893051147461	0.22008783049227232	-51.80057144165039	2.6291700014512838	0.0	0.0	0.0	0.0
1.3394052982330322	1781093600.0	1781093600.089279	1	10.0	10.0	8.0	8.0	NeuronSpectrum 10.06.2026 14:49:30	EEG	checkup_149_10.06.2026 14:49:30	500.0	499.6666666666667	True	0.5	40.0	4	True	50.0	30.0	985.4833984375	20.295418995270836	929.212646484375	38.10653114226838	-650.0927124023438	-29.36916791639022	-793.0924682617188	-8.080795828780767	-329.54608154296875	47.114936842677785	12.944396018981934	26.824902296296674	-76.87535095214844	-4.037984908175018	-53.58297348022461	0.4266704399021418	0.0	0.0	0.0	0.0
1.3394074440002441	1781093600.0	1781093600.089281	1	10.0	10.0	8.0	8.0	NeuronSpectrum 10.06.2026 14:49:30	EEG	checkup_149_10.06.2026 14:49:30	500.0	499.6666666666667	True	0.5	40.0	4	True	50.0	30.0	994.1162719726562	45.930894560457006	937.7341918945312	62.20908460647742	-656.657470703125	-47.59433853927318	-800.1920166015625	-28.897814885105507	-333.5078430175781	37.83065050780803	12.566202163696289	25.974986277205755	-77.50270080566406	-7.832387485309033	-55.65872573852539	-2.179036086430453	0.0	0.0	0.0	0.0
1.3394091129302979	1781093600.0	1781093600.0892828	1	10.0	10.0	8.0	8.0	NeuronSpectrum 10.06.2026 14:49:30	EEG	checkup_149_10.06.2026 14:49:30	500.0	499.6666666666667	True	0.5	40.0	4	True	50.0	30.0	986.1353149414062	67.3953511077204	930.0466918945312	82.51606344413929	-652.1957397460938	-63.06668379568436	-794.6231079101562	-46.97866083831841	-332.16851806640625	29.615338850120857	12.152850151062012	25.209779227904903	-77.41056823730469	-10.700936729215883	-57.03762435913086	-4.811666984258266	0.0	0.0	0.0	0.0
1.3394110202789307	1781093600.0	1781093600.0892847	1	10.0	10.0	8.0	8.0	NeuronSpectrum 10.06.2026 14:49:30	EEG	checkup_149_10.06.2026 14:49:30	500.0	499.6666666666667	True	0.5	40.0	4	True	50.0	30.0	958.216796875	81.52526568619223	903.0706176757812	96.13535681937118	-634.6461181640625	-73.55183965646769	-773.4951782226562	-59.702411396922926	-324.2858581542969	23.619082249309084	11.822318077087402	24.661386178738518	-76.60365295410156	-12.31965488172667	-57.25408935546875	-7.113803244560085	0.0	0.0	0.0	0.0
1.3394126892089844	1781093600.0	1781093600.0892863	1	10.0	10.0	8.0	8.0	NeuronSpectrum 10.06.2026 14:49:30	EEG	checkup_149_10.06.2026 14:49:30	500.0	499.6666666666667	True	0.5	40.0	4	True	50.0	30.0	926.6189575195312	86.39490608815223	872.5472412109375	101.3468409339303	-615.057861328125	-77.6292749865945	-749.6405029296875	-65.3625542420118	-315.17327880859375	20.611706403770892	11.746047019958496	24.435638858181523	-74.90282440185547	-12.51034050694604	-57.013916015625	-8.792601392095568	0.0	0.0	0.0	0.0
1.3394145965576172	1781093600.0	1781093600.0892882	1	10.0	10.0	8.0	8.0	NeuronSpectrum 10.06.2026 14:49:30	EEG	checkup_149_10.06.2026 14:49:30	500.0	499.6666666666667	True	0.5	40.0	4	True	50.0	30.0	922.1773681640625	81.35980723897828	868.2427978515625	97.61985580854258	-614.02392578125	-74.73703231532124	-747.6243896484375	-63.21447923692785	-315.03936767578125	20.95927389019904	12.173952102661133	24.606251976267657	-72.18414306640625	-11.236165618266037	-57.943641662597656	-9.654747963809706	0.0	0.0	0.0	0.0
1.339416265487671	1781093600.0	1781093600.08929	1	10.0	10.0	8.0	8.0	NeuronSpectrum 10.06.2026 14:49:30	EEG	checkup_149_10.06.2026 14:49:30	500.0	499.6666666666667	True	0.5	40.0	4	True	50.0	30.0	966.823486328125	67.07864451222201	911.5072021484375	85.61244125835971	-645.71533203125	-65.2022779643959	-784.8616333007812	-53.51653125310646	-331.1324462890625	24.60323095998949	13.378507614135742	25.216336689943976	-68.76939392089844	-8.593161459928286	-61.23703384399414	-9.633341543912726	0.0	0.0	0.0	0.0
1.3394181728363037	1781093600.0	1781093600.0892918	1	10.0	10.0	8.0	8.0	NeuronSpectrum 10.06.2026 14:49:30	EEG	checkup_149_10.06.2026 14:49:30	500.0	499.6666666666667	True	0.5	40.0	4	True	50.0	30.0	1045.215576171875	45.573271017083414	988.1051025390625	67.2158159864611	-698.8868408203125	-50.2951183061453	-848.8021850585938	-37.60989916556004	-358.2422180175781	31.02322605340503	15.494439125061035	26.285182154664497	-65.56981658935547	-4.7968337304349	-65.99537658691406	-8.805229413805257	0.0	0.0	0.0	0.0
1.3394196033477783	1781093600.0	1781093600.0892932	1	10.0	10.0	8.0	8.0	NeuronSpectrum 10.06.2026 14:49:30	EEG	checkup_149_10.06.2026 14:49:30	500.0	499.6666666666667	True	0.5	40.0	4	True	50.0	30.0	1095.3914794921875	20.220122067761224	1039.1083984375	45.547090078611156	-731.06494140625	-32.23189549502759	-889.4450073242188	-17.947673493907814	-375.5669250488281	39.221024887657734	18.32422637939453	27.81667670191604	-63.58112335205078	-0.15874709335701026	-68.66796875	-7.390479659362186	0.0	0.0	0.0	0.0
1.3394215106964111	1781093600.0	1781093600.0892951	1	10.0	10.0	8.0	8.0	NeuronSpectrum 10.06.2026 14:49:30	EEG	checkup_149_10.06.2026 14:49:30	500.0	499.6666666666667	True	0.5	40.0	4	True	50.0	30.0	1033.802001953125	-4.547677116729757	984.5678100585938	24.680887493392028	-686.078125	-13.978886374018634	-839.5330200195312	2.1084636657929665	-355.09173583984375	47.801505135438724	21.253198623657227	29.804961082192506	-62.73486328125	4.950830289337138	-64.4977035522461	-5.722190353058892	0.0	0.0	0.0	0.0
1.3394229412078857	1781093600.0	1781093600.0892966	1	10.0	10.0	8.0	8.0	NeuronSpectrum 10.06.2026 14:49:30	EEG	checkup_149_10.06.2026 14:49:30	500.0	499.6666666666667	True	0.5	40.0	4	True	50.0	30.0	805.2925415039062	-23.988585442002883	771.1183471679688	8.96262781966593	-528.1235961914062	1.2508234172825075	-654.7933959960938	18.857415182983654	-278.3231506347656	55.20700976601825	23.39546012878418	32.23357208940752	-60.754661560058594	10.152927739031808	-50.42019271850586	-4.181072237910986	0.0	0.0	0.0	0.0
1.3394248485565186	1781093600.0	1781093600.0892985	1	10.0	10.0	8.0	8.0	NeuronSpectrum 10.06.2026 14:49:30	EEG	checkup_149_10.06.2026 14:49:30	500.0	499.6666666666667	True	0.5	40.0	4	True	50.0	30.0	425.9908142089844	-34.15586959591907	413.0830078125	1.9868388667943209	-270.3460388183594	10.740561292547056	-348.4091491699219	29.12077684270483	-150.65748596191406	60.07554379807264	23.961233139038086	35.06685334080574	-53.06444549560547	15.114795665440608	-27.540042877197266	-3.105970315651529	0.0	0.0	0.0	0.0
1.3903555870056152	1781093600.0	1781093600.1402292	1	10.0	10.0	8.0	8.0	NeuronSpectrum 10.06.2026 14:49:30	EEG	checkup_149_10.06.2026 14:49:30	500.0	499.6666666666667	True	0.5	40.0	4	True	50.0	30.0	959.1084594726562	-32.960514871141505	921.9185791015625	5.608393677968944	-628.5640869140625	12.985190587137101	-775.3573608398438	31.083894061089072	-327.3936462402344	61.59281575497506	28.47548484802246	38.236206584363636	-45.68499755859375	19.59683841927285	-58.64286804199219	-2.70935875364032	0.0	0.0	0.0	0.0
1.3903610706329346	1781093600.0	1781093600.1402347	1	10.0	10.0	8.0	8.0	NeuronSpectrum 10.06.2026 14:49:30	EEG	checkup_149_10.06.2026 14:49:30	500.0	499.6666666666667	True	0.5	40.0	4	True	50.0	30.0	958.8028564453125	-20.715504787050797	923.5128784179688	19.435892255359782	-624.9124145507812	8.05629673704296	-771.37548828125	24.735137760558096	-325.5686340332031	59.679903176618545	31.84817886352539	41.62706240107244	-40.942508697509766	23.477162971962308	-58.32039260864258	-3.0305931046905297	0.0	0.0	0.0	0.0
1.3903632164001465	1781093600.0	1781093600.1402369	1	10.0	10.0	8.0	8.0	NeuronSpectrum 10.06.2026 14:49:30	EEG	checkup_149_10.06.2026 14:49:30	500.0	499.6666666666667	True	0.5	40.0	4	True	50.0	30.0	966.038330078125	0.0663086325981963	931.5584106445312	41.0222955496553	-626.6538696289062	-2.533099401210139	-772.8117065429688	11.72340541365947	-325.95074462890625	54.941345244986174	35.735103607177734	45.073334908092725	-37.79288101196289	26.744044923324893	-58.63595962524414	-3.9428457500308918	0.0	0.0	0.0	0.0
1.3903648853302002	1781093600.0	1781093600.1402385	1	10.0	10.0	8.0	8.0	NeuronSpectrum 10.06.2026 14:49:30	EEG	checkup_149_10.06.2026 14:49:30	500.0	499.6666666666667	True	0.5	40.0	4	True	50.0	30.0	979.2138671875	25.455193449121403	944.6633911132812	66.59802442054031	-632.8621826171875	-16.34925200988377	-778.9036865234375	-5.232133912443329	-328.2286682128906	48.42882372461793	39.91579818725586	48.3640643409724	-36.06332015991211	29.457744305082787	-59.44755554199219	-5.204005412693553	0.0	0.0	0.0	0.0
1.390366792678833	1781093600.0	1781093600.1402404	1	10.0	10.0	8.0	8.0	NeuronSpectrum 10.06.2026 14:49:30	EEG	checkup_149_10.06.2026 14:49:30	500.0	499.6666666666667	True	0.5	40.0	4	True	50.0	30.0	988.5028686523438	51.07478451440475	953.7316284179688	91.97765246418008	-637.0491943359375	-30.676994511553595	-782.3313598632812	-23.066484624747698	-329.4097900390625	41.35019824290275	43.832618713378906	51.26311654790449	-34.38718795776367	31.696360128767022	-60.080448150634766	-6.526115136291761	0.0	0.0	0.0	0.0
1.3903684616088867	1781093600.0	1781093600.140242	1	10.0	10.0	8.0	8.0	NeuronSpectrum 10.06.2026 14:49:30	EEG	checkup_149_10.06.2026 14:49:30	500.0	499.6666666666667	True	0.5	40.0	4	True	50.0	30.0	981.081298828125	72.91113371062742	946.8439331054688	113.31517068673958	-630.6244506835938	-43.04401106654834	-773.3488159179688	-38.95462998707528	-325.54461669921875	34.8365091099144	46.79458236694336	53.538933585032765	-31.08080291748047	33.50821520622345	-59.66370391845703	-7.638967932897772	0.0	0.0	0.0	0.0
1.3903703689575195	1781093600.0	1781093600.140244	1	10.0	10.0	8.0	8.0	NeuronSpectrum 10.06.2026 14:49:30	EEG	checkup_149_10.06.2026 14:49:30	500.0	499.6666666666667	True	0.5	40.0	4	True	50.0	30.0	953.6243286132812	87.80848086003103	921.0014038085938	127.56865941343789	-611.1904296875	-51.53054451649164	-749.8297729492188	-50.64738618795179	-315.893310546875	29.811833441410965	48.38357925415039	54.99870912782984	-25.97748374938965	34.88972012588024	-57.91099166870117	-8.334396749804172	0.0	0.0	0.0	0.0
1.3903720378875732	1781093600.0	1781093600.1402457	1	10.0	10.0	8.0	8.0	NeuronSpectrum 10.06.2026 14:49:30	EEG	checkup_149_10.06.2026 14:49:30	500.0	499.6666666666667	True	0.5	40.0	4	True	50.0	30.0	922.3618774414062	93.69229648506919	891.5529174804688	132.71601878489224	-589.3209228515625	-54.89499177781136	-725.3445434570312	-56.60242055978085	-306.2418212890625	26.94514385957982	48.77949142456055	55.52058571372823	-21.739362716674805	35.79324518779347	-55.75849914550781	-8.48959020686589	0.0	0.0	0.0	0.0
1.390373706817627	1781093600.0	1781093600.1402473	1	10.0	10.0	8.0	8.0	NeuronSpectrum 10.06.2026 14:49:30	EEG	checkup_149_10.06.2026 14:49:30	500.0	499.6666666666667	True	0.5	40.0	4	True	50.0	30.0	918.0675659179688	89.66756788307934	887.3958740234375	127.86227929078417	-585.47119140625	-52.617663493966624	-724.9902954101562	-56.04052344682408	-307.0892639160156	26.627697309240354	48.67189025878906	55.07831006924674	-22.859106063842773	36.15205708831321	-55.09037780761719	-8.07553504190297	0.0	0.0	0.0	0.0
1.3903753757476807	1781093600.0	1781093600.140249	1	10.0	10.0	8.0	8.0	NeuronSpectrum 10.06.2026 14:49:30	EEG	checkup_149_10.06.2026 14:49:30	500.0	499.6666666666667	True	0.5	40.0	4	True	50.0	30.0	962.6420288085938	76.13263390223138	928.8532104492188	113.36842787237435	-614.6680908203125	-44.95981244645427	-766.2626953125	-49.04645319716849	-325.6075439453125	28.92454881524065	48.68991470336914	53.754259821860174	-32.05779266357422	35.90034807103861	-57.334651947021484	-7.158303783098875	0.0	0.0	0.0	0.0
1.3903770446777344	1781093600.0	1781093600.1402507	1	10.0	10.0	8.0	8.0	NeuronSpectrum 10.06.2026 14:49:30	EEG	checkup_149_10.06.2026 14:49:30	500.0	499.6666666666667	True	0.5	40.0	4	True	50.0	30.0	1040.83984375	54.93216752671174	1001.0883178710938	91.01841523105553	-667.7064208984375	-33.057456638792104	-836.0343627929688	-36.73264913565857	-356.036865234375	33.49235308099289	48.7123908996582	51.73783736667806	-46.31003189086914	34.973670674359454	-61.731990814208984	-5.896177430233476	0.0	0.0	0.0	0.0
1.390378713607788	1781093600.0	1781093600.1402524	1	10.0	10.0	8.0	8.0	NeuronSpectrum 10.06.2026 14:49:30	EEG	checkup_149_10.06.2026 14:49:30	500.0	499.6666666666667	True	0.5	40.0	4	True	50.0	30.0	1090.958251953125	29.407541261313018	1045.554931640625	64.08320198634242	-704.4866333007812	-18.959280074753114	-883.083984375	-21.343187016896128	-376.6582336425781	39.51633010687616	47.649417877197266	49.3068546521582	-56.10721969604492	33.29579044921376	-64.71414184570312	-4.527513021051265	0.0	0.0	0.0	0.0
1.390380620956421	1781093600.0	1781093600.1402543	1	10.0	10.0	8.0	8.0	NeuronSpectrum 10.06.2026 14:49:30	EEG	checkup_149_10.06.2026 14:49:30	500.0	499.6666666666667	True	0.5	40.0	4	True	50.0	30.0	1029.7801513671875	4.1033508880081335	983.8182983398438	37.047334570001155	-669.7964477539062	-5.450143688980767	-838.6508178710938	-6.089405854321765	-358.5225524902344	45.7568873846363	44.03485870361328	46.79101413596118	-50.01116180419922	30.777136536869524	-61.337799072265625	-3.339196149458193	0.0	0.0	0.0	0.0
1.3903820514678955	1781093600.0	1781093600.1402557	1	10.0	10.0	8.0	8.0	NeuronSpectrum 10.06.2026 14:49:30	EEG	checkup_149_10.06.2026 14:49:30	500.0	499.6666666666667	True	0.5	40.0	4	True	50.0	30.0	802.3654174804688	-16.03007853617708	764.6815185546875	14.842902754568891	-525.799560546875	4.447867469683455	-657.2948608398438	5.427539640851971	-282.6378479003906	50.77069707520184	37.1446418762207	44.52061627863913	-22.574609756469727	27.34918806061166	-48.24422073364258	-2.610099592225289	0.0	0.0	0.0	0.0
1.3903839588165283	1781093600.0	1781093600.1402576	1	10.0	10.0	8.0	8.0	NeuronSpectrum 10.06.2026 14:49:30	EEG	checkup_149_10.06.2026 14:49:30	500.0	499.6666666666667	True	0.5	40.0	4	True	50.0	30.0	424.7733154296875	-26.821886284032534	404.3375549316406	1.7011024643945964	-280.5962829589844	8.225480498753367	-351.9302673339844	10.125468938019713	-154.61981201171875	53.2763225849718	27.842845916748047	42.770100050182364	19.733041763305664	23.032225600880203	-26.248485565185547	-2.5392042542648605	0.0	0.0	0.0	0.0
1.390385627746582	1781093600.0	1781093600.1402593	1	10.0	10.0	8.0	8.0	NeuronSpectrum 10.06.2026 14:49:30	EEG	checkup_149_10.06.2026 14:49:30	500.0	499.6666666666667	True	0.5	40.0	4	True	50.0	30.0	955.0530395507812	-26.026263742253597	902.3229370117188	0.029606635421512317	-631.7944946289062	4.612007939872534	-787.2740478515625	6.342030091666861	-336.2379455566406	52.52584246932665	40.04581832885742	41.71139705827906	-59.19685363769531	17.999241761255828	-59.064552307128906	-3.1846532590187877	0.0	0.0	0.0	0.0
1.3903875350952148	1781093600.0	1781093600.1402612	1	10.0	10.0	8.0	8.0	NeuronSpectrum 10.06.2026 14:49:30	EEG	checkup_149_10.06.2026 14:49:30	500.0	499.6666666666667	True	0.5	40.0	4	True	50.0	30.0	954.2405395507812	-13.9191128908281	899.2911987304688	9.804418312778614	-634.153564453125	-6.053960025154946	-787.7845458984375	-5.684144403678195	-335.5821228027344	48.51198121786077	40.275062561035156	41.39104003535168	-63.7890625	12.589295826634928	-59.91506576538086	-4.4427101322866545	0.0	0.0	0.0	0.0
1.3903889656066895	1781093600.0	1781093600.1402626	1	10.0	10.0	8.0	8.0	NeuronSpectrum 10.06.2026 14:49:30	EEG	checkup_149_10.06.2026 14:49:30	500.0	499.6666666666667	True	0.5	40.0	4	True	50.0	30.0	960.8356323242188	6.900863643069359	904.6502685546875	28.717909575981373	-640.602783203125	-21.96932099567177	-793.79931640625	-23.955209049179803	-337.0951232910156	41.92544719021517	41.019737243652344	41.735984572605915	-67.48487854003906	7.252906259860348	-60.98052978515625	-6.077960439217901	0.0	0.0	0.0	0.0
1.3903908729553223	1781093600.0	1781093600.1402645	1	10.0	10.0	8.0	8.0	NeuronSpectrum 10.06.2026 14:49:30	EEG	checkup_149_10.06.2026 14:49:30	500.0	499.6666666666667	True	0.5	40.0	4	True	50.0	30.0	973.3401489257812	32.34115437358869	916.9976196289062	52.934779183031424	-650.2161865234375	-40.41742245579952	-804.4043579101562	-45.350531390948625	-340.6089172363281	33.91365938631818	42.080997467041016	42.58168500285734	-70.26593017578125	2.454606397554931	-62.02666473388672	-7.790322872232849	0.0	0.0	0.0	0.0
1.3903923034667969	1781093600.0	1781093600.140266	1	10.0	10.0	8.0	8.0	NeuronSpectrum 10.06.2026 14:49:30	EEG	checkup_149_10.06.2026 14:49:30	500.0	499.6666666666667	True	0.5	40.0	4	True	50.0	30.0	982.0787353515625	57.8620920596114	926.9320068359375	78.07214651770508	-656.6039428710938	-58.453688906092026	-811.8693237304688	-66.43096252673858	-343.10498046875	25.773132492023226	43.09060287475586	43.70975325226464	-72.0914077758789	-1.4237309554619804	-62.42086410522461	-9.289722816339454	0.0	0.0	0.0	0.0
1.3903942108154297	1781093600.0	1781093600.1402678	1	10.0	10.0	8.0	8.0	NeuronSpectrum 10.06.2026 14:49:30	EEG	checkup_149_10.06.2026 14:49:30	500.0	499.6666666666667	True	0.5	40.0	4	True	50.0	30.0	974.373291015625	79.36200548213124	922.0106201171875	100.0479336301325	-651.4382934570312	-73.47631275857846	-805.8817138671875	-84.11199762439847	-340.4377136230469	18.694905567345266	43.64396667480469	44.88389687398577	-72.79863739013672	-4.148498407664022	-61.46059036254883	-10.352560416928043	0.0	0.0	0.0	0.0
1.3903961181640625	1781093600.0	1781093600.1402698	1	10.0	10.0	8.0	8.0	NeuronSpectrum 10.06.2026 14:49:30	EEG	checkup_149_10.06.2026 14:49:30	500.0	499.6666666666667	True	0.5	40.0	4	True	50.0	30.0	946.9502563476562	93.71806717463751	898.5910034179688	115.62308917269756	-632.9613037109375	-83.56285074386383	-783.7801513671875	-96.06558809368522	-331.57586669921875	13.615974215292619	43.605525970458984	45.878468571328	-72.20025634765625	-5.662427609733175	-59.09706497192383	-10.848025927996948	0.0	0.0	0.0	0.0
1.3903977870941162	1781093600.0	1781093600.1402714	1	10.0	10.0	8.0	8.0	NeuronSpectrum 10.06.2026 14:49:30	EEG	checkup_149_10.06.2026 14:49:30	500.0	499.6666666666667	True	0.5	40.0	4	True	50.0	30.0	915.933349609375	99.00471872447444	871.4116821289062	122.65277835156743	-612.75927734375	-87.59071412442253	-758.832763671875	-100.87415704271328	-322.0441589355469	11.162526674765694	43.358551025390625	46.49969415230335	-70.38975524902344	-6.0832177203285935	-56.48250961303711	-10.737003340990574	0.0	0.0	0.0	0.0
1.3903992176055908	1781093600.0	1781093600.1402729	1	10.0	10.0	8.0	8.0	NeuronSpectrum 10.06.2026 14:49:30	EEG	checkup_149_10.06.2026 14:49:30	500.0	499.6666666666667	True	0.5	40.0	4	True	50.0	30.0	911.8704223632812	94.53836804587718	869.0103149414062	120.17889343202755	-612.1179809570312	-85.24511148740491	-756.2005615234375	-98.05976002477114	-322.2355041503906	11.631732076734771	43.681522369384766	46.60305963426039	-68.05730438232422	-5.6824204505869	-55.610984802246094	-10.055930812246494	0.0	0.0	0.0	0.0
1.3904011249542236	1781093600.0	1781093600.1402748	1	10.0	10.0	8.0	8.0	NeuronSpectrum 10.06.2026 14:49:30	EEG	checkup_149_10.06.2026 14:49:30	500.0	499.6666666666667	True	0.5	40.0	4	True	50.0	30.0	956.4715576171875	80.90860925087408	911.798095703125	108.50638967011133	-645.7568359375	-77.02523585475126	-793.8156127929688	-88.1167393770657	-339.4346008300781	14.959664615961545	45.148712158203125	46.1103592020505	-66.48772430419922	-4.848959516603166	-57.8804931640625	-8.899786082161198	0.0	0.0	0.0	0.0
1.3904035091400146	1781093600.0	1781093600.1402771	1	10.0	10.0	8.0	8.0	NeuronSpectrum 10.06.2026 14:49:30	EEG	checkup_149_10.06.2026 14:49:30	500.0	499.6666666666667	True	0.5	40.0	4	True	50.0	30.0	1034.5196533203125	60.05125859268953	985.4888916015625	89.30788480767708	-702.4328002929688	-64.28652097326851	-859.2339477539062	-72.58743635027983	-368.1756286621094	20.6629519383186	47.378257751464844	45.02656114039648	-67.0020980834961	-4.036357855904856	-62.39887619018555	-7.4120126958771895	0.0	0.0	0.0	0.0
1.3904054164886475	1781093600.0	1781093600.140279	1	10.0	10.0	8.0	8.0	NeuronSpectrum 10.06.2026 14:49:30	EEG	checkup_149_10.06.2026 14:49:30	500.0	499.6666666666667	True	0.5	40.0	4	True	50.0	30.0	1084.626708984375	35.252952613760854	1032.2608642578125	65.64706589572724	-738.9053344726562	-49.242017838109234	-901.95654296875	-54.08390704067202	-387.0833435058594	27.800737442870684	48.73606491088867	43.45159102289909	-69.92521667480469	-3.6918138560992158	-65.44831848144531	-5.77812378991111	0.0	0.0	0.0	0.0
1.390406847000122	1781093600.0	1781093600.1402805	1	10.0	10.0	8.0	8.0	NeuronSpectrum 10.06.2026 14:49:30	EEG	checkup_149_10.06.2026 14:49:30	500.0	499.6666666666667	True	0.5	40.0	4	True	50.0	30.0	1024.0330810546875	10.8653752529685	974.0645751953125	41.709131189354196	-697.6666259765625	-34.76883846230347	-853.767578125	-36.06813416182253	-367.4378662109375	35.04170512098054	46.925880432128906	41.57864016147461	-73.5580825805664	-4.1698732341692635	-62.001220703125	-4.211113051786163	0.0	0.0	0.0	0.0
1.3904087543487549	1781093600.0	1781093600.1402824	1	10.0	10.0	8.0	8.0	NeuronSpectrum 10.06.2026 14:49:30	EEG	checkup_149_10.06.2026 14:49:30	500.0	499.6666666666667	True	0.5	40.0	4	True	50.0	30.0	798.1033325195312	-8.43174163321257	759.3145751953125	22.087347603413505	-541.6126708984375	-23.908667331533362	-669.4489135742188	-22.256150800874227	-290.25390625	40.89748203620351	40.28495788574219	39.67215044864097	-73.8630599975586	-5.642302945904249	-48.70907211303711	-2.9182786399560374	0.0	0.0	0.0	0.0
1.3904101848602295	1781093600.0	1781093600.1402838	1	10.0	10.0	8.0	8.0	NeuronSpectrum 10.06.2026 14:49:30	EEG	checkup_149_10.06.2026 14:49:30	500.0	499.6666666666667	True	0.5	40.0	4	True	50.0	30.0	422.79095458984375	-18.723601386731303	403.040283203125	10.719341764392837	-283.30548095703125	-19.12946258206519	-361.7884216308594	-15.725213963265212	-160.94813537597656	44.091822501956585	29.001449584960938	38.026128387549505	-65.42359924316406	-8.025796343957513	-26.457786560058594	-2.0524805435792675	0.0	0.0	0.0	0.0
1.4413063526153564	1781093600.0	1781093600.19118	1	10.0	10.0	8.0	8.0	NeuronSpectrum 10.06.2026 14:49:30	EEG	checkup_149_10.06.2026 14:49:30	500.0	499.6666666666667	True	0.5	40.0	4	True	50.0	30.0	950.0344848632812	-17.915917768427875	899.65087890625	9.850183811062081	-652.62109375	-21.621626952640487	-797.908203125	-18.050776339172664	-343.12603759765625	43.928456240714056	41.663631439208984	36.91301788568144	-77.86113739013672	-10.955074149771214	-57.15434646606445	-1.6675143177011769	0.0	0.0	0.0	0.0
1.441312313079834	1781093600.0	1781093600.191186	1	10.0	10.0	8.0	8.0	NeuronSpectrum 10.06.2026 14:49:30	EEG	checkup_149_10.06.2026 14:49:30	500.0	499.6666666666667	True	0.5	40.0	4	True	50.0	30.0	949.1421508789062	-6.277380896433504	897.4208374023438	19.477927971910944	-653.6572265625	-30.956832949098516	-798.5048217773438	-28.868381271783875	-342.16961669921875	40.489371121433955	40.72050094604492	36.53794426046805	-81.36129760742188	-13.82410783516262	-56.369544982910156	-1.702065273248051	0.0	0.0	0.0	0.0
1.441314697265625	1781093600.0	1781093600.1911883	1	10.0	10.0	8.0	8.0	NeuronSpectrum 10.06.2026 14:49:30	EEG	checkup_149_10.06.2026 14:49:30	500.0	499.6666666666667	True	0.5	40.0	4	True	50.0	30.0	955.5343627929688	13.757672028565532	902.3134155273438	37.50193205131427	-659.3675537109375	-45.26211399742739	-804.4558715820312	-46.049374193826736	-343.30169677734375	34.58008183331596	40.722503662109375	37.00897734454537	-84.7541275024414	-15.899359344486355	-55.70766067504883	-2.002677994419221	0.0	0.0	0.0	0.0
1.4413166046142578	1781093600.0	1781093600.1911902	1	10.0	10.0	8.0	8.0	NeuronSpectrum 10.06.2026 14:49:30	EEG	checkup_149_10.06.2026 14:49:30	500.0	499.6666666666667	True	0.5	40.0	4	True	50.0	30.0	967.759033203125	38.3621927434603	913.0979614257812	60.424110507444354	-668.4403076171875	-61.78886013336975	-814.4146118164062	-66.35496362609658	-346.1307678222656	27.47378693584236	41.90491485595703	38.3253203674813	-86.87191009521484	-16.481999422544487	-55.17778778076172	-2.3742673892432413	0.0	0.0	0.0	0.0
1.4413185119628906	1781093600.0	1781093600.1911922	1	10.0	10.0	8.0	8.0	NeuronSpectrum 10.06.2026 14:49:30	EEG	checkup_149_10.06.2026 14:49:30	500.0	499.6666666666667	True	0.5	40.0	4	True	50.0	30.0	976.2376708984375	63.27376200307896	920.8587646484375	84.23736639702402	-674.0718994140625	-77.59897075642776	-820.4793090820312	-86.24347974031102	-347.5132751464844	20.58636316929574	43.946563720703125	40.37956047306426	-85.77738952636719	-15.07415941184743	-54.35395812988281	-2.63463071187582	0.0	0.0	0.0	0.0
1.4413201808929443	1781093600.0	1781093600.1911938	1	10.0	10.0	8.0	8.0	NeuronSpectrum 10.06.2026 14:49:30	EEG	checkup_149_10.06.2026 14:49:30	500.0	499.6666666666667	True	0.5	40.0	4	True	50.0	30.0	968.412353515625	84.58948346661874	913.8356323242188	105.17562477546046	-667.512939453125	-90.1227074679403	-812.4234619140625	-102.54031864805503	-343.27960205078125	15.201237524509668	46.18299102783203	42.970132902401325	-79.76779174804688	-11.498837920369317	-52.638492584228516	-2.6532271265774288	0.0	0.0	0.0	0.0
1.4413220882415771	1781093600.0	1781093600.1911957	1	10.0	10.0	8.0	8.0	NeuronSpectrum 10.06.2026 14:49:30	EEG	checkup_149_10.06.2026 14:49:30	500.0	499.6666666666667	True	0.5	40.0	4	True	50.0	30.0	941.0943603515625	99.246871421523	889.0604858398438	120.18250871413987	-646.438720703125	-97.48023487061634	-787.8101196289062	-112.84057434274575	-332.3899230957031	12.298259731060863	48.23040771484375	45.82311943402202	-69.12593841552734	-5.937453040870382	-49.948402404785156	-2.3668461684604476	0.0	0.0	0.0	0.0
1.4413237571716309	1781093600.0	1781093600.1911974	1	10.0	10.0	8.0	8.0	NeuronSpectrum 10.06.2026 14:49:30	EEG	checkup_149_10.06.2026 14:49:30	500.0	499.6666666666667	True	0.5	40.0	4	True	50.0	30.0	910.4011840820312	105.23174657487466	861.690185546875	127.13559748864901	-621.7367553710938	-98.59456421713656	-760.1181030273438	-115.6743725717405	-320.2851867675781	12.476120130667686	50.521240234375	48.62476277996374	-57.20436096191406	1.122059248477738	-47.28404998779297	-1.7765545951617325	0.0	0.0	0.0	0.0
1.4413254261016846	1781093600.0	1781093600.191199	1	10.0	10.0	8.0	8.0	NeuronSpectrum 10.06.2026 14:49:30	EEG	checkup_149_10.06.2026 14:49:30	500.0	499.6666666666667	True	0.5	40.0	4	True	50.0	30.0	906.7807006835938	101.66259022792141	860.2335205078125	124.96348349750926	-614.3285522460938	-93.2017314817751	-754.6259155273438	-110.5570191600967	-317.22796630859375	15.921068935995748	54.10994338989258	51.065673578845754	-49.232421875	9.002060519366305	-46.45934295654297	-0.9367735958858227	0.0	0.0	0.0	0.0
1.4413273334503174	1781093600.0	1781093600.191201	1	10.0	10.0	8.0	8.0	NeuronSpectrum 10.06.2026 14:49:30	EEG	checkup_149_10.06.2026 14:49:30	500.0	499.6666666666667	True	0.5	40.0	4	True	50.0	30.0	951.8182983398438	88.89456456105265	904.6055297851562	113.78486830086253	-639.6993408203125	-81.86400652085297	-789.3395385742188	-98.0443493490462	-330.52099609375	22.375830771527667	59.58930969238281	52.89388079328497	-48.69833755493164	16.972462747148597	-48.78458023071289	0.05314126384137019	0.0	0.0	0.0	0.0
1.441329002380371	1781093600.0	1781093600.1912026	1	10.0	10.0	8.0	8.0	NeuronSpectrum 10.06.2026 14:49:30	EEG	checkup_149_10.06.2026 14:49:30	500.0	499.6666666666667	True	0.5	40.0	4	True	50.0	30.0	1030.2518310546875	68.67071990420295	979.7742919921875	95.08817376123086	-688.9465942382812	-66.01692403449184	-851.974365234375	-79.82145256659827	-355.1130065917969	31.099990506049647	65.80604553222656	53.96717588469341	-53.50431823730469	24.365717736847895	-53.449947357177734	1.0514301181752235	0.0	0.0	0.0	0.0
1.4413306713104248	1781093600.0	1781093600.1912043	1	10.0	10.0	8.0	8.0	NeuronSpectrum 10.06.2026 14:49:30	EEG	checkup_149_10.06.2026 14:49:30	500.0	499.6666666666667	True	0.5	40.0	4	True	50.0	30.0	1080.7882080078125	44.182363106432895	1027.31787109375	71.8136094314605	-722.0743408203125	-47.970022351320374	-892.3629150390625	-58.718374134267975	-370.5186767578125	40.86702560955373	69.54676055908203	54.28853534815399	-55.293827056884766	30.64867947047825	-56.95841979980469	1.8771607304947753	0.0	0.0	0.0	0.0
1.4413325786590576	1781093600.0	1781093600.1912062	1	10.0	10.0	8.0	8.0	NeuronSpectrum 10.06.2026 14:49:30	EEG	checkup_149_10.06.2026 14:49:30	500.0	499.6666666666667	True	0.5	40.0	4	True	50.0	30.0	1020.858642578125	19.79905358076596	969.1092529296875	48.10553901068909	-683.8650512695312	-30.709883920573738	-842.740478515625	-38.46262066249041	-349.134765625	50.075691543659374	66.888916015625	54.00695793753853	-43.79264450073242	35.457621732415085	-54.49980545043945	2.3271365582816044	0.0	0.0	0.0	0.0
1.4413342475891113	1781093600.0	1781093600.191208	1	10.0	10.0	8.0	8.0	NeuronSpectrum 10.06.2026 14:49:30	EEG	checkup_149_10.06.2026 14:49:30	500.0	499.6666666666667	True	0.5	40.0	4	True	50.0	30.0	795.9811401367188	0.3056770327952878	754.1277465820312	28.579478352033515	-536.52490234375	-17.399268973694195	-658.2763671875	-23.039497212812265	-272.806640625	57.02653173408281	55.65364456176758	53.37456960246404	-14.252518653869629	38.615469113940016	-42.76955032348633	2.2156175633922324	0.0	0.0	0.0	0.0
1.4413363933563232	1781093600.0	1781093600.19121	1	10.0	10.0	8.0	8.0	NeuronSpectrum 10.06.2026 14:49:30	EEG	checkup_149_10.06.2026 14:49:30	500.0	499.6666666666667	True	0.5	40.0	4	True	50.0	30.0	422.0912780761719	-10.244568421567923	398.3410339355469	17.209321804696547	-288.34735107421875	-10.64030945302787	-351.88702392578125	-15.75121457050015	-147.00811767578125	60.32279602362189	37.320648193359375	52.66885919464698	27.07479476928711	40.13947964648824	-22.442346572875977	1.4309482793033355	0.0	0.0	0.0	0.0
1.441338062286377	1781093600.0	1781093600.1912117	1	10.0	10.0	8.0	8.0	NeuronSpectrum 10.06.2026 14:49:30	EEG	checkup_149_10.06.2026 14:49:30	500.0	499.6666666666667	True	0.5	40.0	4	True	50.0	30.0	947.2498779296875	-9.64517970321206	893.2202758789062	16.235136665521296	-638.7306518554688	-11.76966378333681	-784.9097900390625	-18.314978191969555	-324.4877014160156	59.25241924045379	63.735198974609375	52.10735332579954	-38.23748016357422	40.226232777820535	-53.98230743408203	-0.013996863575235219	0.0	0.0	0.0	0.0
1.4413397312164307	1781093600.0	1781093600.1912134	1	10.0	10.0	8.0	8.0	NeuronSpectrum 10.06.2026 14:49:30	EEG	checkup_149_10.06.2026 14:49:30	500.0	499.6666666666667	True	0.5	40.0	4	True	50.0	30.0	945.9235229492188	1.8793055248035393	889.6331176757812	25.57242774165573	-639.3303833007812	-20.50704579815732	-786.5590209960938	-30.405566604757478	-325.7572326660156	53.981496927796975	62.90626907348633	51.78739289980985	-39.876930236816406	39.19603012787855	-55.42703628540039	-1.9649467954834063	0.0	0.0	0.0	0.0
1.4413416385650635	1781093600.0	1781093600.1912153	1	10.0	10.0	8.0	8.0	NeuronSpectrum 10.06.2026 14:49:30	EEG	checkup_149_10.06.2026 14:49:30	500.0	499.6666666666667	True	0.5	40.0	4	True	50.0	30.0	951.7047729492188	21.86126891095898	893.1593017578125	42.960997436789285	-644.331787109375	-35.1086985647067	-794.8448486328125	-49.83520385619832	-330.296142578125	45.47830089986073	62.29981231689453	51.67044823644807	-40.68433380126953	37.4024206606745	-57.084190368652344	-4.155055290262858	0.0	0.0	0.0	0.0
1.4413437843322754	1781093600.0	1781093600.1912174	1	10.0	10.0	8.0	8.0	NeuronSpectrum 10.06.2026 14:49:30	EEG	checkup_149_10.06.2026 14:49:30	500.0	499.6666666666667	True	0.5	40.0	4	True	50.0	30.0	963.2596435546875	46.38791825188909	902.7237548828125	64.70767969751854	-652.8325805664062	-52.911096882335606	-808.2312622070312	-73.2311464090697	-337.2526550292969	35.22511901699569	61.99819564819336	51.608747580168576	-40.459835052490234	35.14270545183866	-58.70064163208008	-6.267706402571039	0.0	0.0	0.0	0.0
1.441345453262329	1781093600.0	1781093600.191219	1	10.0	10.0	8.0	8.0	NeuronSpectrum 10.06.2026 14:49:30	EEG	checkup_149_10.06.2026 14:49:30	500.0	499.6666666666667	True	0.5	40.0	4	True	50.0	30.0	971.1776733398438	71.10620538889236	909.5018310546875	86.64617038229498	-658.5235595703125	-70.993457039295	-818.3558959960938	-96.87451673272597	-342.86822509765625	24.85806575645556	61.67056655883789	51.39758702379912	-39.474029541015625	32.610637629849315	-59.60722351074219	-8.00733558455871	0.0	0.0	0.0	0.0
1.441347360610962	1781093600.0	1781093600.191221	1	10.0	10.0	8.0	8.0	NeuronSpectrum 10.06.2026 14:49:30	EEG	checkup_149_10.06.2026 14:49:30	500.0	499.6666666666667	True	0.5	40.0	4	True	50.0	30.0	963.0632934570312	92.06730065633847	901.6399536132812	104.9656872371688	-653.2120361328125	-86.71576287996452	-814.4595336914062	-117.39530137346655	-342.3965148925781	15.863886302330103	60.7347297668457	50.83503794051819	-38.277183532714844	29.908514768981124	-59.04703140258789	-9.154426913285858	0.0	0.0	0.0	0.0
1.4413487911224365	1781093600.0	1781093600.1912224	1	10.0	10.0	8.0	8.0	NeuronSpectrum 10.06.2026 14:49:30	EEG	checkup_149_10.06.2026 14:49:30	500.0	499.6666666666667	True	0.5	40.0	4	True	50.0	30.0	935.7876586914062	106.23786337944553	875.7542114257812	116.73839985156357	-635.2552490234375	-98.02420231010007	-793.7704467773438	-132.18208003383617	-334.47662353515625	9.396397986450973	58.886356353759766	49.7762210069035	-37.412506103515625	27.104107055339203	-56.899818420410156	-9.592888383601819	0.0	0.0	0.0	0.0
1.4413506984710693	1781093600.0	1781093600.1912243	1	10.0	10.0	8.0	8.0	NeuronSpectrum 10.06.2026 14:49:30	EEG	checkup_149_10.06.2026 14:49:30	500.0	499.6666666666667	True	0.5	40.0	4	True	50.0	30.0	905.3543701171875	111.70583952113613	846.3179321289062	120.15980057366988	-616.2061767578125	-103.55469805537142	-769.778076171875	-139.53421439130062	-324.6038513183594	6.205150272988061	56.62199401855469	48.17516145048494	-37.233131408691406	24.29897010961386	-54.24325180053711	-9.311073009081161	0.0	0.0	0.0	0.0
1.441352128982544	1781093600.0	1781093600.1912258	1	10.0	10.0	8.0	8.0	NeuronSpectrum 10.06.2026 14:49:30	EEG	checkup_149_10.06.2026 14:49:30	500.0	499.6666666666667	True	0.5	40.0	4	True	50.0	30.0	901.9573364257812	107.73013738555026	841.2918701171875	114.62835620505476	-617.0670776367188	-102.64871454695833	-767.9942626953125	-138.68784154281556	-323.3909912109375	6.624378112207159	55.18259048461914	46.11076463177956	-37.961509704589844	21.674052348217778	-53.03246307373047	-8.386578920698023	0.0	0.0	0.0	0.0
1.4413537979125977	1781093600.0	1781093600.1912274	1	10.0	10.0	8.0	8.0	NeuronSpectrum 10.06.2026 14:49:30	EEG	checkup_149_10.06.2026 14:49:30	500.0	499.6666666666667	True	0.5	40.0	4	True	50.0	30.0	946.9512329101562	94.79052156202542	880.8054809570312	100.79882544132735	-652.0577392578125	-95.39742446257127	-806.5242309570312	-129.85388506588473	-338.5173034667969	10.564800882698844	55.66591262817383	43.79427542519428	-39.905006408691406	19.49111885003425	-54.71638870239258	-6.967063364247436	0.0	0.0	0.0	0.0
1.4413554668426514	1781093600.0	1781093600.191229	1	10.0	10.0	8.0	8.0	NeuronSpectrum 10.06.2026 14:49:30	EEG	checkup_149_10.06.2026 14:49:30	500.0	499.6666666666667	True	0.5	40.0	4	True	50.0	30.0	1025.0716552734375	74.68657150049029	951.1987915039062	80.6482052329101	-709.420654296875	-82.75004906114526	-872.7078247070312	-114.3153119627593	-365.02032470703125	17.485670572350266	57.77482604980469	41.55426221330415	-43.500789642333984	18.046523567023556	-58.57728958129883	-5.2541652468537485	0.0	0.0	0.0	0.0
1.441357135772705	1781093600.0	1781093600.1912308	1	10.0	10.0	8.0	8.0	NeuronSpectrum 10.06.2026 14:49:30	EEG	checkup_149_10.06.2026 14:49:30	500.0	499.6666666666667	True	0.5	40.0	4	True	50.0	30.0	1075.340087890625	50.5690068040734	996.2598266601562	57.44635149648514	-745.6561279296875	-66.59982145493116	-915.4973754882812	-94.48869498603733	-382.0631408691406	26.381432609389655	59.20330810546875	39.793737100137214	-48.854915618896484	17.590514073476513	-61.16591262817383	-3.4881848994624898	0.0	0.0	0.0	0.0
1.4413588047027588	1781093600.0	1781093600.1912324	1	10.0	10.0	8.0	8.0	NeuronSpectrum 10.06.2026 14:49:30	EEG	checkup_149_10.06.2026 14:49:30	500.0	499.6666666666667	True	0.5	40.0	4	True	50.0	30.0	1015.6851196289062	26.676803236827006	939.812255859375	35.429327096507826	-703.414306640625	-49.677612775636696	-866.1309204101562	-73.75732399514565	-361.3822937011719	35.857711916552034	56.4372673034668	38.91619561132297	-54.80509948730469	18.2364037848637	-57.71477127075195	-1.9239237807101477	0.0	0.0	0.0	0.0
1.4413607120513916	1781093600.0	1781093600.1912344	1	10.0	10.0	8.0	8.0	NeuronSpectrum 10.06.2026 14:49:30	EEG	checkup_149_10.06.2026 14:49:30	500.0	499.6666666666667	True	0.5	40.0	4	True	50.0	30.0	791.9938354492188	7.616633359062965	731.2244873046875	19.039832402651562	-546.0886840820312	-35.12247285256253	-679.2545166015625	-55.929111179106656	-284.2134704589844	44.35416606660741	46.76463317871094	39.22658708493362	-58.10639572143555	19.887827258640797	-44.9954719543457	-0.7900291005348472	0.0	0.0	0.0	0.0
1.4413626194000244	1781093600.0	1781093600.1912363	1	10.0	10.0	8.0	8.0	NeuronSpectrum 10.06.2026 14:49:30	EEG	checkup_149_10.06.2026 14:49:30	500.0	499.6666666666667	True	0.5	40.0	4	True	50.0	30.0	420.15545654296875	-2.7217010173972915	384.6953430175781	11.843376113717833	-286.7944641113281	-25.776017653506525	-368.1288757324219	-44.38194343102283	-155.84524536132812	50.48841088142814	30.257770538330078	40.82873678356709	-53.6647834777832	22.208473211691732	-23.792715072631836	-0.23694556868740482	0.0	0.0	0.0	0.0
1.492239236831665	1781093600.0	1781093600.2421129	1	10.0	10.0	8.0	8.0	NeuronSpectrum 10.06.2026 14:49:30	EEG	checkup_149_10.06.2026 14:49:30	500.0	499.6666666666667	True	0.5	40.0	4	True	50.0	30.0	941.7630004882812	-2.221711500240746	875.315185546875	15.507199270792471	-646.9627075195312	-23.45781754111835	-799.7882690429688	-41.20653215959797	-332.1376647949219	53.39632636110867	57.186988830566406	43.55426145394738	-47.20473098754883	24.64787586927026	-54.21478271484375	-0.29381297698802195	0.0	0.0	0.0	0.0
1.4922451972961426	1781093600.0	1781093600.2421188	1	10.0	10.0	8.0	8.0	NeuronSpectrum 10.06.2026 14:49:30	EEG	checkup_149_10.06.2026 14:49:30	500.0	499.6666666666667	True	0.5	40.0	4	True	50.0	30.0	940.1659545898438	8.907067069523407	878.3934936523438	29.301293204960583	-642.0405883789062	-28.54339810760527	-793.47900390625	-46.72973197561774	-328.2702941894531	52.915963609602244	61.56428527832031	46.95703538727696	-42.24870681762695	26.521927756089756	-54.159297943115234	-0.8579891267206243	0.0	0.0	0.0	0.0
1.4922475814819336	1781093600.0	1781093600.2421212	1	10.0	10.0	8.0	8.0	NeuronSpectrum 10.06.2026 14:49:30	EEG	checkup_149_10.06.2026 14:49:30	500.0	499.6666666666667	True	0.5	40.0	4	True	50.0	30.0	945.7496948242188	28.30945113930074	888.321533203125	50.340257953570415	-642.4829711914062	-40.00519019667578	-792.5512084960938	-59.604183321512046	-326.02203369140625	49.543643536947	66.75662994384766	50.38660718689413	-38.753658294677734	27.13297058609214	-54.22547912597656	-1.7259921238312625	0.0	0.0	0.0	0.0
1.4922494888305664	1781093600.0	1781093600.2421231	1	10.0	10.0	8.0	8.0	NeuronSpectrum 10.06.2026 14:49:30	EEG	checkup_149_10.06.2026 14:49:30	500.0	499.6666666666667	True	0.5	40.0	4	True	50.0	30.0	957.2163696289062	52.23925903689316	902.694580078125	74.4084910334776	-648.3999633789062	-55.81907642985466	-797.1226196289062	-77.33805686237369	-325.556640625	44.21780847852781	71.5932388305664	53.12395509875256	-37.97760009765625	25.90640393477279	-54.327423095703125	-2.65251547687671	0.0	0.0	0.0	0.0
1.4922511577606201	1781093600.0	1781093600.2421248	1	10.0	10.0	8.0	8.0	NeuronSpectrum 10.06.2026 14:49:30	EEG	checkup_149_10.06.2026 14:49:30	500.0	499.6666666666667	True	0.5	40.0	4	True	50.0	30.0	965.193359375	76.50269627842167	911.7002563476562	96.98604304366926	-654.1830444335938	-73.49272925523051	-800.5901489257812	-96.96143874611411	-324.52142333984375	38.056469154309205	74.44507598876953	54.5410003631417	-39.71559524536133	22.519501691009626	-53.98220443725586	-3.4122153948211116	0.0	0.0	0.0	0.0
1.492253303527832	1781093600.0	1781093600.242127	1	10.0	10.0	8.0	8.0	NeuronSpectrum 10.06.2026 14:49:30	EEG	checkup_149_10.06.2026 14:49:30	500.0	499.6666666666667	True	0.5	40.0	4	True	50.0	30.0	957.2958984375	97.24679375285739	903.0670166015625	114.1225396066416	-651.7141723632812	-90.50693801382748	-793.55908203125	-115.56913150071739	-319.54364013671875	32.153254397978976	73.83155822753906	54.24039252859347	-42.888919830322266	17.000186665985545	-52.57977294921875	-3.843119974918158	0.0	0.0	0.0	0.0
1.4922549724578857	1781093600.0	1781093600.2421286	1	10.0	10.0	8.0	8.0	NeuronSpectrum 10.06.2026 14:49:30	EEG	checkup_149_10.06.2026 14:49:30	500.0	499.6666666666667	True	0.5	40.0	4	True	50.0	30.0	930.3252563476562	111.44101887765163	873.5267333984375	122.98409012906514	-638.554931640625	-104.59204854955577	-773.8419189453125	-130.64149704329895	-310.0866394042969	27.467975560804298	69.37690734863281	52.141668338110904	-47.26292419433594	9.775170046984258	-50.05733871459961	-3.8635192882629092	0.0	0.0	0.0	0.0
1.4922568798065186	1781093600.0	1781093600.2421305	1	10.0	10.0	8.0	8.0	NeuronSpectrum 10.06.2026 14:49:30	EEG	checkup_149_10.06.2026 14:49:30	500.0	499.6666666666667	True	0.5	40.0	4	True	50.0	30.0	900.1090698242188	117.09012354307983	838.002685546875	122.0824092748893	-624.7072143554688	-113.88290290204385	-754.577880859375	-140.19770710248505	-301.5379638671875	24.783643425010908	62.486202239990234	48.4973501691753	-54.72095489501953	1.6480929013475225	-47.44540023803711	-3.466896184375384	0.0	0.0	0.0	0.0
1.4922585487365723	1781093600.0	1781093600.2421322	1	10.0	10.0	8.0	8.0	NeuronSpectrum 10.06.2026 14:49:30	EEG	checkup_149_10.06.2026 14:49:30	500.0	499.6666666666667	True	0.5	40.0	4	True	50.0	30.0	896.6238403320312	113.32380043902928	825.111083984375	111.31010934585815	-629.5108642578125	-117.05434499054343	-760.0792236328125	-142.91310992076546	-303.4604187011719	24.670607517640963	55.980045318603516	43.8417976554873	-68.22303009033203	-6.306229942709412	-46.58011245727539	-2.7068781652896736	0.0	0.0	0.0	0.0
1.492260456085205	1781093600.0	1781093600.242134	1	10.0	10.0	8.0	8.0	NeuronSpectrum 10.06.2026 14:49:30	EEG	checkup_149_10.06.2026 14:49:30	500.0	499.6666666666667	True	0.5	40.0	4	True	50.0	30.0	941.1201782226562	100.5033336786431	855.936279296875	91.91974122769157	-666.3463134765625	-113.51930271874969	-806.6737670898438	-138.3117472938732	-321.9888916015625	27.408815519003475	52.50400924682617	38.8909137952142	-88.2350082397461	-12.929469214950666	-48.78551483154297	-1.6843746965359212	0.0	0.0	0.0	0.0
1.4922621250152588	1781093600.0	1781093600.2421358	1	10.0	10.0	8.0	8.0	NeuronSpectrum 10.06.2026 14:49:30	EEG	checkup_149_10.06.2026 14:49:30	500.0	499.6666666666667	True	0.5	40.0	4	True	50.0	30.0	1018.4981079101562	80.37195449044721	918.2798461914062	66.49659056965308	-724.0289916992188	-103.68098853923513	-879.7478637695312	-127.03450437970943	-350.8511962890625	32.866896189849996	52.54692077636719	34.41762777745693	-109.08746337890625	-17.219538347351428	-53.272525787353516	-0.5422147949728013	0.0	0.0	0.0	0.0
1.4922640323638916	1781093600.0	1781093600.2421377	1	10.0	10.0	8.0	8.0	NeuronSpectrum 10.06.2026 14:49:30	EEG	checkup_149_10.06.2026 14:49:30	500.0	499.6666666666667	True	0.5	40.0	4	True	50.0	30.0	1068.2305908203125	56.1126285489659	957.8854370117188	38.836026622356805	-760.67724609375	-89.11357863286212	-926.614501953125	-111.03644169767284	-368.7588806152344	40.39918351464856	53.537025451660156	31.125819251987693	-119.0218276977539	-18.56180335151995	-56.58747100830078	0.5378591276946088	0.0	0.0	0.0	0.0
1.4922657012939453	1781093600.0	1781093600.2421393	1	10.0	10.0	8.0	8.0	NeuronSpectrum 10.06.2026 14:49:30	EEG	checkup_149_10.06.2026 14:49:30	500.0	499.6666666666667	True	0.5	40.0	4	True	50.0	30.0	1008.7989501953125	32.0769608585138	900.5304565429688	13.545951609288547	-720.2733764648438	-72.47996537856717	-877.6802368164062	-93.48120157234422	-348.0069274902344	48.85880643733087	51.0153694152832	29.538516169602296	-105.77640533447266	-16.875941848417206	-53.983375549316406	1.3483965900908041	0.0	0.0	0.0	0.0
1.4922676086425781	1781093600.0	1781093600.2421412	1	10.0	10.0	8.0	8.0	NeuronSpectrum 10.06.2026 14:49:30	EEG	checkup_149_10.06.2026 14:49:30	500.0	499.6666666666667	True	0.5	40.0	4	True	50.0	30.0	786.4302368164062	13.025032443391602	696.661376953125	-4.742637355207242	-565.7877807617188	-57.05701791970317	-687.8982543945312	-78.17197038638737	-270.981689453125	56.79768050742632	41.439640045166016	29.911874885086373	-65.22501373291016	-12.621447478821029	-42.212646484375	1.6897232768373265	0.0	0.0	0.0	0.0
1.4922690391540527	1781093600.0	1781093600.2421427	1	10.0	10.0	8.0	8.0	NeuronSpectrum 10.06.2026 14:49:30	EEG	checkup_149_10.06.2026 14:49:30	500.0	499.6666666666667	True	0.5	40.0	4	True	50.0	30.0	416.8988342285156	2.9842602174729302	359.9208679199219	-12.44183857284888	-307.7497253417969	-45.936186703146916	-371.9400634765625	-68.59852183087753	-143.98654174804688	62.828132733582585	24.800519943237305	32.188303553845934	-7.1202616691589355	-6.658603165719889	-21.967002868652344	1.4200666566089877	0.0	0.0	0.0	0.0
1.5432038307189941	1781093600.0	1781093600.2930775	1	10.0	10.0	8.0	8.0	NeuronSpectrum 10.06.2026 14:49:30	EEG	checkup_149_10.06.2026 14:49:30	500.0	499.6666666666667	True	0.5	40.0	4	True	50.0	30.0	936.3258666992188	4.139346937068611	842.3480224609375	-7.97261163761323	-656.1270751953125	-41.189570610914906	-806.8250732421875	-66.95202636683364	-312.33746337890625	66.01050310026548	61.39591979980469	36.004970436712796	-77.01695251464844	-0.02357942339040886	-52.55369567871094	0.5022819531957434	0.0	0.0	0.0	0.0
1.5432095527648926	1781093600.0	1781093600.2930832	1	10.0	10.0	8.0	8.0	NeuronSpectrum 10.06.2026 14:49:30	EEG	checkup_149_10.06.2026 14:49:30	500.0	499.6666666666667	True	0.5	40.0	4	True	50.0	30.0	935.7930297851562	16.24754506480685	848.0598754882812	7.806814330868136	-649.0357055664062	-43.35908264238706	-801.238037109375	-73.54157971941156	-307.4911804199219	66.09512408979195	67.0718765258789	40.76674539145052	-68.95178985595703	6.295583053840282	-53.3974723815918	-0.9774271897409416	0.0	0.0	0.0	0.0
1.5432121753692627	1781093600.0	1781093600.2930858	1	10.0	10.0	8.0	8.0	NeuronSpectrum 10.06.2026 14:49:30	EEG	checkup_149_10.06.2026 14:49:30	500.0	499.6666666666667	True	0.5	40.0	4	True	50.0	30.0	942.5889282226562	36.82000650138394	860.3590698242188	31.903317792080937	-647.4135131835938	-51.45863888019214	-802.4366455078125	-86.83958940139557	-305.4299011230469	63.52576381843987	71.99774169921875	45.77152823628019	-62.2149658203125	11.519241674376753	-54.439666748046875	-2.829573647979499	0.0	0.0	0.0	0.0
1.5432140827178955	1781093600.0	1781093600.2930877	1	10.0	10.0	8.0	8.0	NeuronSpectrum 10.06.2026 14:49:30	EEG	checkup_149_10.06.2026 14:49:30	500.0	499.6666666666667	True	0.5	40.0	4	True	50.0	30.0	955.2442626953125	61.91086300781434	877.0819702148438	60.04529780523062	-650.90283203125	-63.40528710111231	-809.6708374023438	-104.04681684367199	-305.9698181152344	59.24264672785965	75.67576599121094	50.353153967514835	-57.39920425415039	15.158463075080897	-55.56346893310547	-4.809453285339272	0.0	0.0	0.0	0.0
1.5432159900665283	1781093600.0	1781093600.2930896	1	10.0	10.0	8.0	8.0	NeuronSpectrum 10.06.2026 14:49:30	EEG	checkup_149_10.06.2026 14:49:30	500.0	499.6666666666667	True	0.5	40.0	4	True	50.0	30.0	964.2592163085938	87.11735669896672	888.9440307617188	87.70148489719367	-653.335693359375	-76.62566912988429	-815.0588989257812	-121.86172944997143	-306.16510009765625	54.40424226384455	77.5050277709961	53.999860557415445	-54.63504409790039	17.03617940922307	-56.25507354736328	-6.670388761836417	0.0	0.0	0.0	0.0
1.5432178974151611	1781093600.0	1781093600.2930915	1	10.0	10.0	8.0	8.0	NeuronSpectrum 10.06.2026 14:49:30	EEG	checkup_149_10.06.2026 14:49:30	500.0	499.6666666666667	True	0.5	40.0	4	True	50.0	30.0	957.1771850585938	108.42807015942921	884.2861328125	110.91176352538216	-646.2869873046875	-88.59808445286822	-807.9137573242188	-137.15860617980735	-301.9741516113281	50.140108764044285	77.01359558105469	56.41893183535612	-53.59498977661133	17.265127845350136	-55.888668060302734	-8.202882737990283	0.0	0.0	0.0	0.0
1.543219804763794	1781093600.0	1781093600.2930934	1	10.0	10.0	8.0	8.0	NeuronSpectrum 10.06.2026 14:49:30	EEG	checkup_149_10.06.2026 14:49:30	500.0	499.6666666666667	True	0.5	40.0	4	True	50.0	30.0	930.7319946289062	122.74686172665659	860.3905639648438	126.76827452230319	-627.5736083984375	-97.21195933128014	-785.06298828125	-147.42952353792418	-292.1993408203125	47.389239674064015	74.5177001953125	57.540768808423536	-53.620357513427734	16.190445170666894	-54.39469528198242	-9.252627788854216	0.0	0.0	0.0	0.0
1.5432214736938477	1781093600.0	1781093600.293095	1	10.0	10.0	8.0	8.0	NeuronSpectrum 10.06.2026 14:49:30	EEG	checkup_149_10.06.2026 14:49:30	500.0	499.6666666666667	True	0.5	40.0	4	True	50.0	30.0	900.63037109375	128.11639265754593	832.5462036132812	133.57857529973734	-608.0392456054688	-100.9543750766571	-759.2215576171875	-151.00191333625932	-281.67193603515625	46.818449543657415	71.63387298583984	57.47645173982873	-54.025474548339844	14.30166030036848	-52.772647857666016	-9.722189353886254	0.0	0.0	0.0	0.0
1.5432233810424805	1781093600.0	1781093600.293097	1	10.0	10.0	8.0	8.0	NeuronSpectrum 10.06.2026 14:49:30	EEG	checkup_149_10.06.2026 14:49:30	500.0	499.6666666666667	True	0.5	40.0	4	True	50.0	30.0	896.69384765625	123.78411391907089	829.3544311523438	130.86106820499992	-608.0574340820312	-99.0110875771901	-755.1000366210938	-147.1380981763289	-279.75799560546875	48.77961676437269	70.84333038330078	56.45479593584088	-54.504703521728516	12.124903021339529	-52.76190948486328	-9.56770805904599	0.0	0.0	0.0	0.0
1.5432250499725342	1781093600.0	1781093600.2930987	1	10.0	10.0	8.0	8.0	NeuronSpectrum 10.06.2026 14:49:30	EEG	checkup_149_10.06.2026 14:49:30	500.0	499.6666666666667	True	0.5	40.0	4	True	50.0	30.0	940.1144409179688	110.26048472606135	871.2183837890625	119.33174356459874	-641.5963134765625	-91.37264550338101	-790.4766845703125	-136.1281248259449	-293.1413269042969	53.263612900474584	73.87760925292969	54.76503451429703	-55.39002227783203	10.114717211693154	-55.51266098022461	-8.801180960256278	0.0	0.0	0.0	0.0
1.543226718902588	1781093600.0	1781093600.2931004	1	10.0	10.0	8.0	8.0	NeuronSpectrum 10.06.2026 14:49:30	EEG	checkup_149_10.06.2026 14:49:30	500.0	499.6666666666667	True	0.5	40.0	4	True	50.0	30.0	1015.99560546875	89.41440420835615	944.3888549804688	100.94035820649505	-697.2105712890625	-78.96418738705452	-853.2022094726562	-119.40253852798094	-317.068115234375	59.8421313474345	79.79409790039062	52.72015545166541	-57.437744140625	8.569163556489954	-60.03463363647461	-7.501111441290021	0.0	0.0	0.0	0.0
1.5432283878326416	1781093600.0	1781093600.293102	1	10.0	10.0	8.0	8.0	NeuronSpectrum 10.06.2026 14:49:30	EEG	checkup_149_10.06.2026 14:49:30	500.0	499.6666666666667	True	0.5	40.0	4	True	50.0	30.0	1064.3262939453125	64.48987953505092	992.3550415039062	78.85664002817947	-732.1869506835938	-63.708222420115305	-893.4896850585938	-99.56261335354421	-332.4266662597656	67.6388399905839	84.31428527832031	50.63877603792996	-61.0085563659668	7.588625058435179	-62.74822998046875	-5.823273879495146	0.0	0.0	0.0	0.0
1.5432300567626953	1781093600.0	1781093600.2931037	1	10.0	10.0	8.0	8.0	NeuronSpectrum 10.06.2026 14:49:30	EEG	checkup_149_10.06.2026 14:49:30	500.0	499.6666666666667	True	0.5	40.0	4	True	50.0	30.0	1004.2452392578125	39.82250805308594	938.6189575195312	57.20002016969172	-690.0477905273438	-48.36046950551867	-843.9735107421875	-80.14341657159723	-313.4125671386719	75.4031559428368	81.47895050048828	48.82968458552103	-64.93426513671875	7.088389341077894	-58.95602035522461	-3.9959801164906015	0.0	0.0	0.0	0.0
1.54323148727417	1781093600.0	1781093600.2931051	1	10.0	10.0	8.0	8.0	NeuronSpectrum 10.06.2026 14:49:30	EEG	checkup_149_10.06.2026 14:49:30	500.0	499.6666666666667	True	0.5	40.0	4	True	50.0	30.0	782.4382934570312	20.099409556293644	732.3221435546875	40.360351405107075	-534.640380859375	-36.00905910930043	-659.9933471679688	-64.98422747970997	-242.9047088623047	81.73733135010401	67.05613708496094	47.56239598100356	-65.80374908447266	6.8606502415707205	-45.661495208740234	-2.287530172318293	0.0	0.0	0.0	0.0
1.5432333946228027	1781093600.0	1781093600.293107	1	10.0	10.0	8.0	8.0	NeuronSpectrum 10.06.2026 14:49:30	EEG	checkup_149_10.06.2026 14:49:30	500.0	499.6666666666667	True	0.5	40.0	4	True	50.0	30.0	414.6402587890625	9.261731284700078	387.5537109375	31.99291618022997	-278.7994689941406	-29.309693777405286	-354.2669677734375	-57.29677776952458	-125.70800018310547	85.44449881734835	41.60149002075195	47.021806383317	-58.48762512207031	6.666948359223874	-23.92522621154785	-0.9486947346403152	0.0	0.0	0.0	0.0
1.5432348251342773	1781093600.0	1781093600.2931085	1	10.0	10.0	8.0	8.0	NeuronSpectrum 10.06.2026 14:49:30	EEG	checkup_149_10.06.2026 14:49:30	500.0	499.6666666666667	True	0.5	40.0	4	True	50.0	30.0	929.701416015625	9.443411168940882	874.1892700195312	34.047381826233156	-640.7958374023438	-29.73671003810369	-785.7152099609375	-58.767853378287285	-288.9529724121094	85.87029698482121	77.48381805419922	47.26521464765731	-63.345272064208984	6.331716400563521	-52.30473327636719	-0.15122900848238235	0.0	0.0	0.0	0.0
1.5432367324829102	1781093600.0	1781093600.2931104	1	10.0	10.0	8.0	8.0	NeuronSpectrum 10.06.2026 14:49:30	EEG	checkup_149_10.06.2026 14:49:30	500.0	499.6666666666667	True	0.5	40.0	4	True	50.0	30.0	928.40380859375	20.4203097641103	874.3697509765625	46.26853987342662	-639.91748046875	-37.185298046782044	-786.1126098632812	-69.09790935441059	-288.2019958496094	83.08446086648743	77.71329498291016	48.207547579788056	-63.3410530090332	5.806413508460796	-51.05318069458008	0.050316193191079536	0.0	0.0	0.0	0.0
1.5432384014129639	1781093600.0	1781093600.293112	1	10.0	10.0	8.0	8.0	NeuronSpectrum 10.06.2026 14:49:30	EEG	checkup_149_10.06.2026 14:49:30	500.0	499.6666666666667	True	0.5	40.0	4	True	50.0	30.0	934.4234008789062	39.797267231156965	881.2274169921875	66.37897350643323	-643.9710083007812	-50.08599207256602	-792.309814453125	-86.16796880152991	-289.37353515625	77.82736869073315	78.2991943359375	49.64661593896969	-63.962127685546875	5.1844903746060576	-50.35182189941406	-0.28127785090174684	0.0	0.0	0.0	0.0
1.5432403087615967	1781093600.0	1781093600.293114	1	10.0	10.0	8.0	8.0	NeuronSpectrum 10.06.2026 14:49:30	EEG	checkup_149_10.06.2026 14:49:30	500.0	499.6666666666667	True	0.5	40.0	4	True	50.0	30.0	946.3206787109375	63.773541306070975	893.5682373046875	90.79398820913366	-652.0639038085938	-65.9211247430968	-802.8524780273438	-106.69975499935566	-292.0296630859375	71.2706329156085	79.21267700195312	51.31646782674035	-65.02064514160156	4.666829998712988	-50.27956771850586	-0.9975666391690742	0.0	0.0	0.0	0.0
1.5432422161102295	1781093600.0	1781093600.2931159	1	10.0	10.0	8.0	8.0	NeuronSpectrum 10.06.2026 14:49:30	EEG	checkup_149_10.06.2026 14:49:30	500.0	499.6666666666667	True	0.5	40.0	4	True	50.0	30.0	954.688720703125	88.10013478303608	902.6036987304688	115.50906479484135	-657.7611694335938	-81.87492028379258	-809.7095336914062	-127.08087904637789	-293.318359375	64.71437743331451	79.8377914428711	52.94373104232767	-65.22130584716797	4.496298471441713	-50.37381362915039	-1.9089361238575702	0.0	0.0	0.0	0.0
1.5432441234588623	1781093600.0	1781093600.2931178	1	10.0	10.0	8.0	8.0	NeuronSpectrum 10.06.2026 14:49:30	EEG	checkup_149_10.06.2026 14:49:30	500.0	499.6666666666667	True	0.5	40.0	4	True	50.0	30.0	947.1878051757812	108.88251356575799	896.712890625	136.8397513278374	-652.4964599609375	-95.37769738203798	-802.5302124023438	-144.05822703864737	-289.521240234375	59.332320106875	79.3459243774414	54.28661286232345	-62.97797393798828	4.889385504396008	-49.902584075927734	-2.8245473737024605	0.0	0.0	0.0	0.0
1.543245553970337	1781093600.0	1781093600.2931192	1	10.0	10.0	8.0	8.0	NeuronSpectrum 10.06.2026 14:49:30	EEG	checkup_149_10.06.2026 14:49:30	500.0	499.6666666666667	True	0.5	40.0	4	True	50.0	30.0	920.6155395507812	123.0723972782419	872.93212890625	151.87330743631662	-633.8656616210938	-104.43715968137451	-778.7901611328125	-155.16171209273443	-279.81591796875	56.01590893194822	77.59521484375	55.15082012787916	-58.172462463378906	5.988526343646527	-48.58643341064453	-3.579806255949292	0.0	0.0	0.0	0.0
1.5432474613189697	1781093600.0	1781093600.293121	1	10.0	10.0	8.0	8.0	NeuronSpectrum 10.06.2026 14:49:30	EEG	checkup_149_10.06.2026 14:49:30	500.0	499.6666666666667	True	0.5	40.0	4	True	50.0	30.0	890.6266479492188	128.6825076166723	846.1962280273438	158.6692837556441	-612.4295654296875	-107.78077104388781	-751.9425048828125	-158.88189225715357	-269.30615234375	55.308247572609574	75.82173156738281	55.390364558955916	-53.38993453979492	7.843328495461808	-47.217079162597656	-4.052646125267234	0.0	0.0	0.0	0.0
1.5432488918304443	1781093600.0	1781093600.2931225	1	10.0	10.0	8.0	8.0	NeuronSpectrum 10.06.2026 14:49:30	EEG	checkup_149_10.06.2026 14:49:30	500.0	499.6666666666667	True	0.5	40.0	4	True	50.0	30.0	886.895751953125	124.86796912434036	844.67919921875	156.34700798854598	-608.6295776367188	-104.90773689653892	-747.3067626953125	-154.72062397908948	-267.46746826171875	57.3831477911723	76.20528411865234	54.9080314113355	-52.89425277709961	10.411291441017628	-47.43491744995117	-4.174860473236001	0.0	0.0	0.0	0.0
1.5432507991790771	1781093600.0	1781093600.2931244	1	10.0	10.0	8.0	8.0	NeuronSpectrum 10.06.2026 14:49:30	EEG	checkup_149_10.06.2026 14:49:30	500.0	499.6666666666667	True	0.5	40.0	4	True	50.0	30.0	930.4922485351562	112.01624655950424	888.1865844726562	145.1925139535073	-637.441162109375	-96.14700165512753	-782.96826171875	-143.23645410374516	-280.9841613769531	62.024509312821316	80.11750030517578	53.66784398518917	-59.114585876464844	13.559892440280834	-50.443138122558594	-3.9440228679669334	0.0	0.0	0.0	0.0
1.5432524681091309	1781093600.0	1781093600.293126	1	10.0	10.0	8.0	8.0	NeuronSpectrum 10.06.2026 14:49:30	EEG	checkup_149_10.06.2026 14:49:30	500.0	499.6666666666667	True	0.5	40.0	4	True	50.0	30.0	1006.5662231445312	91.87773834636516	962.1543579101562	126.80986832541433	-689.5287475585938	-82.74237396316944	-846.7061767578125	-126.11753142692535	-305.11602783203125	68.59534793868977	86.11052703857422	51.720756835200255	-68.88692474365234	17.059208597018312	-55.401668548583984	-3.435506591923795	0.0	0.0	0.0	0.0
1.5432543754577637	1781093600.0	1781093600.293128	1	10.0	10.0	8.0	8.0	NeuronSpectrum 10.06.2026 14:49:30	EEG	checkup_149_10.06.2026 14:49:30	500.0	499.6666666666667	True	0.5	40.0	4	True	50.0	30.0	1055.37158203125	67.60861557803459	1009.25146484375	104.18724084756369	-724.6083984375	-66.87661078567066	-888.3453979492188	-106.18147009950205	-320.87823486328125	76.03610483201973	89.40809631347656	49.230070343755166	-72.96863555908203	20.573980186378726	-58.85319137573242	-2.8058829857247405	0.0	0.0	0.0	0.0
1.5432560443878174	1781093600.0	1781093600.2931297	1	10.0	10.0	8.0	8.0	NeuronSpectrum 10.06.2026 14:49:30	EEG	checkup_149_10.06.2026 14:49:30	500.0	499.6666666666667	True	0.5	40.0	4	True	50.0	30.0	996.4057006835938	43.49720216315036	952.6260375976562	81.45270714188007	-687.356201171875	-51.47841996030225	-840.016357421875	-87.11680935563923	-302.7113952636719	82.96319151532012	83.94026947021484	46.47385079118054	-60.7043342590332	23.681139293514875	-56.079288482666016	-2.274582216034541	0.0	0.0	0.0	0.0
1.5432579517364502	1781093600.0	1781093600.2931316	1	10.0	10.0	8.0	8.0	NeuronSpectrum 10.06.2026 14:49:30	EEG	checkup_149_10.06.2026 14:49:30	500.0	499.6666666666667	True	0.5	40.0	4	True	50.0	30.0	776.5612182617188	24.21749193844591	741.970947265625	63.16583505561143	-540.0701293945312	-39.70626887899996	-656.7093505859375	-72.83941358576028	-233.7544708251953	87.91544034432037	66.08625793457031	43.80693310188459	-27.777807235717773	25.935466592917397	-43.895225524902344	-2.0762339986697422	0.0	0.0	0.0	0.0
1.543259620666504	1781093600.0	1781093600.2931333	1	10.0	10.0	8.0	8.0	NeuronSpectrum 10.06.2026 14:49:30	EEG	checkup_149_10.06.2026 14:49:30	500.0	499.6666666666667	True	0.5	40.0	4	True	50.0	30.0	411.4237976074219	13.715003855076624	392.82733154296875	53.243942589513495	-291.3214416503906	-34.18215459066268	-351.1522521972656	-66.55436284037417	-118.93363189697266	89.71299676488296	37.671749114990234	41.586052325089724	18.294570922851562	26.97709700790642	-23.096399307250977	-2.3921728266573403	0.0	0.0	0.0	0.0
1.5942211151123047	1781093600.0	1781093600.3440948	1	10.0	10.0	8.0	8.0	NeuronSpectrum 10.06.2026 14:49:30	EEG	checkup_149_10.06.2026 14:49:30	500.0	499.6666666666667	True	0.5	40.0	4	True	50.0	30.0	923.9977416992188	14.127604311456599	882.4856567382812	53.9090802794234	-643.8104248046875	-36.25249541370932	-784.8434448242188	-69.8614686788237	-283.2283020019531	87.79900547795376	75.53760528564453	40.08614825478423	-54.13656997680664	26.638930539165564	-54.30125427246094	-3.286991292751553	0.0	0.0	0.0	0.0
1.5942277908325195	1781093600.0	1781093600.3441014	1	10.0	10.0	8.0	8.0	NeuronSpectrum 10.06.2026 14:49:30	EEG	checkup_149_10.06.2026 14:49:30	500.0	499.6666666666667	True	0.5	40.0	4	True	50.0	30.0	922.7904663085938	25.223686633659632	881.3301391601562	65.12046366331606	-645.0247802734375	-45.60844955696838	-786.7791748046875	-82.30777146311587	-284.641845703125	82.40975100526066	74.1728286743164	39.4441769968476	-54.70491409301758	25.002098243891712	-55.232391357421875	-4.679859644821392	0.0	0.0	0.0	0.0
1.5942306518554688	1781093600.0	1781093600.3441043	1	10.0	10.0	8.0	8.0	NeuronSpectrum 10.06.2026 14:49:30	EEG	checkup_149_10.06.2026 14:49:30	500.0	499.6666666666667	True	0.5	40.0	4	True	50.0	30.0	928.6116333007812	44.59021265899374	887.8004150390625	84.72001665467424	-650.5819702148438	-60.42666478796157	-794.6784057617188	-101.57896056642117	-288.3835144042969	74.49928269138704	73.63794708251953	39.650078460681016	-55.413360595703125	22.376524918834676	-56.41751480102539	-6.364214607700758	0.0	0.0	0.0	0.0
1.5942327976226807	1781093600.0	1781093600.3441064	1	10.0	10.0	8.0	8.0	NeuronSpectrum 10.06.2026 14:49:30	EEG	checkup_149_10.06.2026 14:49:30	500.0	499.6666666666667	True	0.5	40.0	4	True	50.0	30.0	940.0838623046875	68.41099509171276	900.6663818359375	109.14486365292639	-659.434814453125	-77.92120818711628	-807.0821533203125	-124.1909995027474	-293.8157958984375	65.47039998369989	73.98787689208984	40.57688747083845	-56.2923583984375	19.225849084928146	-57.6331901550293	-8.064793889854318	0.0	0.0	0.0	0.0
1.5942349433898926	1781093600.0	1781093600.3441086	1	10.0	10.0	8.0	8.0	NeuronSpectrum 10.06.2026 14:49:30	EEG	checkup_149_10.06.2026 14:49:30	500.0	499.6666666666667	True	0.5	40.0	4	True	50.0	30.0	947.9408569335938	92.44320745679103	910.851318359375	134.33839029898576	-665.15625	-95.03547973176816	-815.8856201171875	-146.34730088741856	-297.79083251953125	56.83911951712127	74.55265808105469	42.02581884976677	-57.41943359375	16.07513481784875	-58.23978042602539	-9.506159229886403	0.0	0.0	0.0	0.0
1.5942373275756836	1781093600.0	1781093600.344111	1	10.0	10.0	8.0	8.0	NeuronSpectrum 10.06.2026 14:49:30	EEG	checkup_149_10.06.2026 14:49:30	500.0	499.6666666666667	True	0.5	40.0	4	True	50.0	30.0	940.022705078125	112.83636183751304	906.3006591796875	156.52478587323523	-659.4295043945312	-109.02550548324291	-810.578857421875	-164.65732286974244	-296.24652099609375	49.94953403650382	74.34036254882812	43.7652721127754	-58.693992614746094	13.428857060033558	-57.50017166137695	-10.468654394911416	0.0	0.0	0.0	0.0
1.5942394733428955	1781093600.0	1781093600.344113	1	10.0	10.0	8.0	8.0	NeuronSpectrum 10.06.2026 14:49:30	EEG	checkup_149_10.06.2026 14:49:30	500.0	499.6666666666667	True	0.5	40.0	4	True	50.0	30.0	913.2657470703125	126.62822246816769	883.673828125	172.69137875459197	-640.3739624023438	-117.81604011633105	-788.3793334960938	-176.57308442908064	-287.9909362792969	45.79638759079745	73.06206512451172	45.55621093205097	-59.60152816772461	11.706599472810783	-55.28968811035156	-10.819574432700383	0.0	0.0	0.0	0.0
1.5942416191101074	1781093600.0	1781093600.3441153	1	10.0	10.0	8.0	8.0	NeuronSpectrum 10.06.2026 14:49:30	EEG	checkup_149_10.06.2026 14:49:30	500.0	499.6666666666667	True	0.5	40.0	4	True	50.0	30.0	883.3504028320312	131.9465856186558	857.7950439453125	180.80600295831346	-619.1478881835938	-120.1459574539784	-762.4010620117188	-180.5648632627014	-277.76690673828125	44.950909077270694	71.9891128540039	47.16915419621077	-59.258602142333984	11.193685685127976	-52.65049743652344	-10.52017458999272	0.0	0.0	0.0	0.0
1.5942437648773193	1781093600.0	1781093600.3441174	1	10.0	10.0	8.0	8.0	NeuronSpectrum 10.06.2026 14:49:30	EEG	checkup_149_10.06.2026 14:49:30	500.0	499.6666666666667	True	0.5	40.0	4	True	50.0	30.0	879.864013671875	128.06249092786658	857.0674438476562	179.905195217468	-616.380126953125	-115.60209103908959	-757.6362915039062	-176.15718059450168	-274.8110656738281	47.54717251479602	73.58677673339844	48.4042502652447	-56.923118591308594	12.00580332516382	-51.482975006103516	-9.617771329516037	0.0	0.0	0.0	0.0
1.5942456722259521	1781093600.0	1781093600.3441193	1	10.0	10.0	8.0	8.0	NeuronSpectrum 10.06.2026 14:49:30	EEG	checkup_149_10.06.2026 14:49:30	500.0	499.6666666666667	True	0.5	40.0	4	True	50.0	30.0	923.769775390625	115.44522620543643	901.6998901367188	170.19101534999072	-646.3231201171875	-104.64608088541998	-792.0247802734375	-163.9523986332229	-285.8852844238281	53.28213623530751	79.6080551147461	49.123352903283994	-52.7601203918457	14.072997311804308	-53.19111251831055	-8.234077035405777	0.0	0.0	0.0	0.0
1.594247817993164	1781093600.0	1781093600.3441215	1	10.0	10.0	8.0	8.0	NeuronSpectrum 10.06.2026 14:49:30	EEG	checkup_149_10.06.2026 14:49:30	500.0	499.6666666666667	True	0.5	40.0	4	True	50.0	30.0	1000.221923828125	95.86344331142439	977.3489990234375	153.17086378735127	-698.0076293945312	-88.66659689113271	-853.5474243164062	-145.6824702550053	-306.8006286621094	61.41256747987234	88.72611236572266	49.29207273586137	-48.23143768310547	17.15134366238699	-57.05176544189453	-6.555675878328383	0.0	0.0	0.0	0.0
1.5942497253417969	1781093600.0	1781093600.3441234	1	10.0	10.0	8.0	8.0	NeuronSpectrum 10.06.2026 14:49:30	EEG	checkup_149_10.06.2026 14:49:30	500.0	499.6666666666667	True	0.5	40.0	4	True	50.0	30.0	1049.643798828125	72.41540894281466	1026.3812255859375	131.71944308214404	-729.4491577148438	-69.97806079345226	-892.6071166992188	-124.19591323753447	-319.53729248046875	70.77963013567589	95.67484283447266	49.01522958245943	-45.45901107788086	20.866706840928153	-59.65790939331055	-4.8231890849958505	0.0	0.0	0.0	0.0
1.5942516326904297	1781093600.0	1781093600.3441253	1	10.0	10.0	8.0	8.0	NeuronSpectrum 10.06.2026 14:49:30	EEG	checkup_149_10.06.2026 14:49:30	500.0	499.6666666666667	True	0.5	40.0	4	True	50.0	30.0	991.776611328125	49.26586605460786	971.0543212890625	109.84196719896501	-684.9793090820312	-51.61435425501426	-842.0938110351562	-103.1997111861161	-299.5550231933594	79.92326164288518	93.22596740722656	48.54037373185556	-45.529136657714844	24.786025962944343	-56.30747985839844	-3.3086940966182596	0.0	0.0	0.0	0.0
1.5942533016204834	1781093600.0	1781093600.344127	1	10.0	10.0	8.0	8.0	NeuronSpectrum 10.06.2026 14:49:30	EEG	checkup_149_10.06.2026 14:49:30	500.0	499.6666666666667	True	0.5	40.0	4	True	50.0	30.0	773.631591796875	30.93116979861097	759.9159545898438	91.9827112098562	-528.9766235351562	-36.81160773582453	-657.577880859375	-86.62991450126195	-230.54527282714844	87.32874379868758	76.32125091552734	48.210772559639985	-46.66652297973633	28.502391566595605	-43.81552505493164	-2.2732828347738794	0.0	0.0	0.0	0.0
1.5942552089691162	1781093600.0	1781093600.3441288	1	10.0	10.0	8.0	8.0	NeuronSpectrum 10.06.2026 14:49:30	EEG	checkup_149_10.06.2026 14:49:30	500.0	499.6666666666667	True	0.5	40.0	4	True	50.0	30.0	410.62286376953125	21.20788522611574	407.7123718261719	81.97155779702916	-274.2042236328125	-28.25115438973203	-351.86260986328125	-77.73647202092604	-117.16150665283203	91.77106963220172	45.77511215209961	48.373153996092206	-43.774932861328125	31.714895964388006	-22.95165252685547	-1.909843910255812	0.0	0.0	0.0	0.0
1.6456117630004883	1781093600.0	1781093600.3954854	1	10.0	10.0	8.0	8.0	NeuronSpectrum 10.06.2026 14:49:30	EEG	checkup_149_10.06.2026 14:49:30	500.0	499.6666666666667	True	0.5	40.0	4	True	50.0	30.0	921.0686645507812	22.132744848735584	900.6033325195312	81.98758181100908	-630.3887329101562	-27.336488291326923	-781.1032104492188	-78.21118186756111	-274.4156188964844	92.63491812133014	90.45089721679688	49.273556728097276	-35.25312423706055	34.28403541740091	-53.22959899902344	-2.291901640993381	0.0	0.0	0.0	0.0
1.6456172466278076	1781093600.0	1781093600.395491	1	10.0	10.0	8.0	8.0	NeuronSpectrum 10.06.2026 14:49:30	EEG	checkup_149_10.06.2026 14:49:30	500.0	499.6666666666667	True	0.5	40.0	4	True	50.0	30.0	920.096435546875	33.442701903527876	898.6765747070312	91.99937488902042	-629.057373046875	-33.83127359024473	-780.837890625	-87.75203620270227	-273.5329284667969	90.06629158073105	90.76486206054688	50.98480491987375	-32.84909439086914	36.247591008662944	-53.675296783447266	-3.353284618279299	0.0	0.0	0.0	0.0
1.6456191539764404	1781093600.0	1781093600.3954928	1	10.0	10.0	8.0	8.0	NeuronSpectrum 10.06.2026 14:49:30	EEG	checkup_149_10.06.2026 14:49:30	500.0	499.6666666666667	True	0.5	40.0	4	True	50.0	30.0	926.0158081054688	52.76072399879199	903.46044921875	109.90768166074228	-633.0438232421875	-46.01215455506046	-786.4434814453125	-104.24918289651812	-274.84051513671875	84.8900709243481	91.76579284667969	53.39093378974453	-32.03965377807617	37.79032632371645	-54.426639556884766	-4.9090965176340715	0.0	0.0	0.0	0.0
1.6456210613250732	1781093600.0	1781093600.3954947	1	10.0	10.0	8.0	8.0	NeuronSpectrum 10.06.2026 14:49:30	EEG	checkup_149_10.06.2026 14:49:30	500.0	499.6666666666667	True	0.5	40.0	4	True	50.0	30.0	937.496826171875	76.35030820180125	913.8150024414062	132.24508449390424	-641.1137084960938	-61.220759250014986	-796.5167236328125	-124.45311172033811	-277.7160339355469	78.34820655081982	93.57678985595703	56.22239381304961	-32.314483642578125	39.17374996580944	-55.376487731933594	-6.7066424218472775	0.0	0.0	0.0	0.0
1.645622730255127	1781093600.0	1781093600.3954964	1	10.0	10.0	8.0	8.0	NeuronSpectrum 10.06.2026 14:49:30	EEG	checkup_149_10.06.2026 14:49:30	500.0	499.6666666666667	True	0.5	40.0	4	True	50.0	30.0	945.3504028320312	100.0571502205035	920.9776000976562	155.0682763113692	-646.5917358398438	-76.54242072639708	-803.0914916992188	-144.7956578349783	-279.1873474121094	71.78342410565908	95.47220611572266	59.116279734801935	-32.01951217651367	40.646732416969726	-55.999874114990234	-8.48286299765854	0.0	0.0	0.0	0.0
1.6456246376037598	1781093600.0	1781093600.3954983	1	10.0	10.0	8.0	8.0	NeuronSpectrum 10.06.2026 14:49:30	EEG	checkup_149_10.06.2026 14:49:30	500.0	499.6666666666667	True	0.5	40.0	4	True	50.0	30.0	937.4773559570312	120.0958675505969	913.345703125	174.7140831616647	-640.82666015625	-89.36803106573517	-795.8948364257812	-162.0686723493574	-275.5086975097656	66.38021529578664	96.30561828613281	61.67737127401495	-29.300317764282227	42.36684869606981	-55.63608169555664	-10.008397075702257	0.0	0.0	0.0	0.0
1.6456263065338135	1781093600.0	1781093600.3955	1	10.0	10.0	8.0	8.0	NeuronSpectrum 10.06.2026 14:49:30	EEG	checkup_149_10.06.2026 14:49:30	500.0	499.6666666666667	True	0.5	40.0	4	True	50.0	30.0	910.7780151367188	133.52780412984572	888.0014038085938	188.26991955424387	-621.4431762695312	-97.72852775265667	-772.4981689453125	-173.82678631431338	-265.8474426269531	63.01430539080872	95.61808013916016	63.528928444174994	-23.870582580566406	44.359082330644064	-54.177730560302734	-11.110577309416295	0.0	0.0	0.0	0.0
1.6456282138824463	1781093600.0	1781093600.3955019	1	10.0	10.0	8.0	8.0	NeuronSpectrum 10.06.2026 14:49:30	EEG	checkup_149_10.06.2026 14:49:30	500.0	499.6666666666667	True	0.5	40.0	4	True	50.0	30.0	880.753662109375	138.4642056532113	859.97705078125	193.78945847176095	-599.0628662109375	-100.42471261444304	-746.4575805664062	-178.5438994730432	-255.2135772705078	62.20017511476503	94.5465316772461	64.35477184078188	-18.207292556762695	46.52236408643302	-52.61691665649414	-11.679448137651459	0.0	0.0	0.0	0.0
1.645629644393921	1781093600.0	1781093600.3955033	1	10.0	10.0	8.0	8.0	NeuronSpectrum 10.06.2026 14:49:30	EEG	checkup_149_10.06.2026 14:49:30	500.0	499.6666666666667	True	0.5	40.0	4	True	50.0	30.0	876.7364501953125	134.1378511448124	857.5631713867188	190.38803711436776	-594.1958618164062	-97.05319283581368	-743.1491088867188	-175.649342487169	-252.9169158935547	64.089014598126	95.4114990234375	63.94001388102177	-16.575613021850586	48.67291288054436	-52.73162078857422	-11.66737115339863	0.0	0.0	0.0	0.0
1.6456315517425537	1781093600.0	1781093600.3955052	1	10.0	10.0	8.0	8.0	NeuronSpectrum 10.06.2026 14:49:30	EEG	checkup_149_10.06.2026 14:49:30	500.0	499.6666666666667	True	0.5	40.0	4	True	50.0	30.0	919.5474243164062	120.98456940960833	900.6018676757812	178.34967215278544	-621.9655151367188	-88.03099219158136	-780.5844116210938	-165.57116709711312	-265.58843994140625	68.46727164687424	99.71627044677734	62.21489546576772	-21.704322814941406	50.598604793103185	-55.729148864746094	-11.09206635078764	0.0	0.0	0.0	0.0
1.6456329822540283	1781093600.0	1781093600.3955066	1	10.0	10.0	8.0	8.0	NeuronSpectrum 10.06.2026 14:49:30	EEG	checkup_149_10.06.2026 14:49:30	500.0	499.6666666666667	True	0.5	40.0	4	True	50.0	30.0	994.517333984375	100.76746579557364	974.3756103515625	159.27198633037708	-673.3615112304688	-74.64894536975095	-846.2798461914062	-149.82235261513017	-288.7901611328125	74.7384918819714	105.78661346435547	59.29550240216507	-31.206026077270508	52.09988769321241	-60.632198333740234	-10.045411170397404	0.0	0.0	0.0	0.0
1.6456348896026611	1781093600.0	1781093600.3955085	1	10.0	10.0	8.0	8.0	NeuronSpectrum 10.06.2026 14:49:30	EEG	checkup_149_10.06.2026 14:49:30	500.0	499.6666666666667	True	0.5	40.0	4	True	50.0	30.0	1042.614990234375	76.61760923903316	1021.1856689453125	136.12180346972355	-708.586181640625	-59.07535790321298	-889.6419677734375	-131.02844164481792	-304.26031494140625	81.92139107833155	108.13859558105469	55.50220165660545	-36.995582580566406	53.00936791073028	-63.77699279785156	-8.699703031939785	0.0	0.0	0.0	0.0
1.6456365585327148	1781093600.0	1781093600.3955102	1	10.0	10.0	8.0	8.0	NeuronSpectrum 10.06.2026 14:49:30	EEG	checkup_149_10.06.2026 14:49:30	500.0	499.6666666666667	True	0.5	40.0	4	True	50.0	30.0	984.2904052734375	52.76515556350724	963.7245483398438	112.97928425834603	-672.760498046875	-44.161183515272285	-842.3763427734375	-112.70624881220198	-287.3071594238281	88.73091916813256	99.82952117919922	51.33130457260244	-29.453182220458984	53.20174929110073	-60.29291534423828	-7.296345397727905	0.0	0.0	0.0	0.0
1.6456382274627686	1781093600.0	1781093600.3955119	1	10.0	10.0	8.0	8.0	NeuronSpectrum 10.06.2026 14:49:30	EEG	checkup_149_10.06.2026 14:49:30	500.0	499.6666666666667	True	0.5	40.0	4	True	50.0	30.0	767.0478515625	33.80564115614746	751.3790283203125	94.3199957836773	-528.2803955078125	-32.942561051598986	-659.2415771484375	-98.65893646728256	-221.5552520751953	93.79128567387681	76.82765197753906	47.36701516286629	-4.46673059463501	52.611582876735326	-47.004398345947266	-6.10598256010302	0.0	0.0	0.0	0.0
1.6456410884857178	1781093600.0	1781093600.3955147	1	10.0	10.0	8.0	8.0	NeuronSpectrum 10.06.2026 14:49:30	EEG	checkup_149_10.06.2026 14:49:30	500.0	499.6666666666667	True	0.5	40.0	4	True	50.0	30.0	406.2571105957031	23.604232392336808	399.7422790527344	83.93781244405606	-283.2781982421875	-27.90881685999861	-353.05859375	-92.06879923268781	-111.59524536132812	95.95411690355378	41.51163864135742	44.149174293356616	31.523242950439453	51.26129163488395	-24.900400161743164	-5.36502276871845	0.0	0.0	0.0	0.0
1.6456427574157715	1781093600.0	1781093600.3955164	1	10.0	10.0	8.0	8.0	NeuronSpectrum 10.06.2026 14:49:30	EEG	checkup_149_10.06.2026 14:49:30	500.0	499.6666666666667	True	0.5	40.0	4	True	50.0	30.0	912.9421997070312	24.234570874575255	890.689697265625	83.89896199834176	-632.7540893554688	-30.302043713675022	-788.0410766601562	-94.61759589575439	-268.87744140625	94.60661402704753	86.56201934814453	42.042157352580176	-35.55062484741211	49.279525791414414	-55.21599578857422	-5.211927057418731	0.0	0.0	0.0	0.0
1.6456446647644043	1781093600.0	1781093600.3955183	1	10.0	10.0	8.0	8.0	NeuronSpectrum 10.06.2026 14:49:30	EEG	checkup_149_10.06.2026 14:49:30	500.0	499.6666666666667	True	0.5	40.0	4	True	50.0	30.0	912.1227416992188	35.42802324943486	889.0985717773438	93.99481709607888	-634.4260864257812	-39.767525323372865	-788.6317749023438	-106.0321045489925	-269.4848327636719	89.83021067446634	85.16790008544922	41.157586614158106	-37.122596740722656	46.885572530419516	-54.81517028808594	-5.652179468817265	0.0	0.0	0.0	0.0
1.645646095275879	1781093600.0	1781093600.3955197	1	10.0	10.0	8.0	8.0	NeuronSpectrum 10.06.2026 14:49:30	EEG	checkup_149_10.06.2026 14:49:30	500.0	499.6666666666667	True	0.5	40.0	4	True	50.0	30.0	918.2883911132812	54.76278580757771	894.868896484375	111.9203396587586	-639.7687377929688	-54.50623015261268	-794.6000366210938	-124.24515219293404	-272.24005126953125	82.34383237927844	85.25808715820312	41.35826814942117	-36.92485809326172	44.33877737113904	-54.909759521484375	-6.5665260172375195	0.0	0.0	0.0	0.0
1.6456482410430908	1781093600.0	1781093600.3955219	1	10.0	10.0	8.0	8.0	NeuronSpectrum 10.06.2026 14:49:30	EEG	checkup_149_10.06.2026 14:49:30	500.0	499.6666666666667	True	0.5	40.0	4	True	50.0	30.0	929.9970092773438	78.43532793752176	906.4664916992188	134.02643457016342	-647.9071044921875	-71.81707277369753	-804.9495239257812	-146.03697004427156	-276.87744140625	73.28105181261962	86.54186248779297	42.33096452747317	-35.48788070678711	41.880419313681834	-55.440834045410156	-7.753901852649266	0.0	0.0	0.0	0.0
1.6456499099731445	1781093600.0	1781093600.3955235	1	10.0	10.0	8.0	8.0	NeuronSpectrum 10.06.2026 14:49:30	EEG	checkup_149_10.06.2026 14:49:30	500.0	499.6666666666667	True	0.5	40.0	4	True	50.0	30.0	938.0169067382812	102.22728369859658	914.579345703125	156.26833106046496	-652.783447265625	-88.76162870631939	-812.1488037109375	-167.83170428297095	-280.6893615722656	63.91650502481153	87.78422546386719	43.68992784880659	-33.855098724365234	39.6998202078798	-55.83489990234375	-8.986481537316616	0.0	0.0	0.0	0.0
1.6456520557403564	1781093600.0	1781093600.3955257	1	10.0	10.0	8.0	8.0	NeuronSpectrum 10.06.2026 14:49:30	EEG	checkup_149_10.06.2026 14:49:30	500.0	499.6666666666667	True	0.5	40.0	4	True	50.0	30.0	930.2786254882812	122.31666880545545	907.0597534179688	175.00400643713436	-646.521484375	-102.71144536821669	-806.2329711914062	-186.3592486113223	-280.019287109375	55.44217269701621	87.4035415649414	45.0726067466305	-33.03412628173828	37.93474563337211	-55.320926666259766	-10.056105531998844	0.0	0.0	0.0	0.0
1.6456537246704102	1781093600.0	1781093600.3955274	1	10.0	10.0	8.0	8.0	NeuronSpectrum 10.06.2026 14:49:30	EEG	checkup_149_10.06.2026 14:49:30	500.0	499.6666666666667	True	0.5	40.0	4	True	50.0	30.0	903.72900390625	135.7699476913082	880.6548461914062	187.47764044359775	-627.5726318359375	-111.67020260076251	-784.762451171875	-199.05464841628557	-273.9501647949219	48.8346678899921	84.82274627685547	46.20427655125192	-33.32242965698242	36.691116935487905	-53.679542541503906	-10.802293113236438	0.0	0.0	0.0	0.0
1.6456553936004639	1781093600.0	1781093600.395529	1	10.0	10.0	8.0	8.0	NeuronSpectrum 10.06.2026 14:49:30	EEG	checkup_149_10.06.2026 14:49:30	500.0	499.6666666666667	True	0.5	40.0	4	True	50.0	30.0	873.8660888671875	140.74317765918033	850.4756469726562	192.01024939233508	-607.1666870117188	-114.39721289303247	-760.8348999023438	-204.228848434981	-267.2864685058594	44.79673129962671	81.59542846679688	46.9266946074447	-34.0128288269043	36.05775827178304	-51.848106384277344	-11.123383938659579	0.0	0.0	0.0	0.0
1.6456568241119385	1781093600.0	1781093600.3955305	1	10.0	10.0	8.0	8.0	NeuronSpectrum 10.06.2026 14:49:30	EEG	checkup_149_10.06.2026 14:49:30	500.0	499.6666666666667	True	0.5	40.0	4	True	50.0	30.0	869.9608154296875	136.53533293550487	845.4225463867188	188.03437959135007	-605.7130737304688	-110.4379364521523	-758.99658203125	-201.1367820828548	-269.0420227050781	43.724594428589675	81.00234985351562	47.19976403568546	-33.88468933105469	36.10004858755792	-51.636016845703125	-10.979250392441015	0.0	0.0	0.0	0.0
1.6456587314605713	1781093600.0	1781093600.3955324	1	10.0	10.0	8.0	8.0	NeuronSpectrum 10.06.2026 14:49:30	EEG	checkup_149_10.06.2026 14:49:30	500.0	499.6666666666667	True	0.5	40.0	4	True	50.0	30.0	912.796142578125	123.64156550528243	886.3923950195312	176.11865872913668	-637.0865478515625	-100.16726202248154	-796.3928833007812	-190.0649615345783	-285.4320068359375	45.65723496273523	85.7061996459961	47.090408969327974	-32.32732391357422	36.832608067626495	-54.35136413574219	-10.39442927751597	0.0	0.0	0.0	0.0
1.645660400390625	1781093600.0	1781093600.395534	1	10.0	10.0	8.0	8.0	NeuronSpectrum 10.06.2026 14:49:30	EEG	checkup_149_10.06.2026 14:49:30	500.0	499.6666666666667	True	0.5	40.0	4	True	50.0	30.0	987.802490234375	103.84969447800326	959.8125610351562	158.03063697831655	-690.0120849609375	-84.87348893579721	-860.1080932617188	-172.4643585166309	-311.4435119628906	50.20199562614322	94.7531509399414	46.757717496482506	-30.259965896606445	38.1848003657592	-59.133201599121094	-9.464371937730844	0.0	0.0	0.0	0.0
1.6456623077392578	1781093600.0	1781093600.395536	1	10.0	10.0	8.0	8.0	NeuronSpectrum 10.06.2026 14:49:30	EEG	checkup_149_10.06.2026 14:49:30	500.0	499.6666666666667	True	0.5	40.0	4	True	50.0	30.0	1036.224609375	80.26450684913085	1008.6764526367188	136.73449379299194	-722.453857421875	-66.7953521611474	-899.878662109375	-151.01482475717464	-328.1373596191406	56.484659311853314	102.32605743408203	46.431345613712175	-29.836885452270508	39.977539853022606	-62.38885498046875	-8.35799896448031	0.0	0.0	0.0	0.0
1.6456639766693115	1781093600.0	1781093600.3955376	1	10.0	10.0	8.0	8.0	NeuronSpectrum 10.06.2026 14:49:30	EEG	checkup_149_10.06.2026 14:49:30	500.0	499.6666666666667	True	0.5	40.0	4	True	50.0	30.0	978.848876953125	57.04093900943434	955.4385986328125	116.11937275793018	-678.953125	-48.9498090046161	-848.4326171875	-129.41949359245098	-310.25640869140625	63.20510213359963	99.92813873291016	46.37073873265239	-32.64560317993164	41.92565067942439	-59.23893356323242	-7.303445039859037	0.0	0.0	0.0	0.0
1.6456658840179443	1781093600.0	1781093600.3955395	1	10.0	10.0	8.0	8.0	NeuronSpectrum 10.06.2026 14:49:30	EEG	checkup_149_10.06.2026 14:49:30	500.0	499.6666666666667	True	0.5	40.0	4	True	50.0	30.0	763.3496704101562	38.67119697271458	748.2210693359375	100.31369926788706	-524.175048828125	-34.634557469296176	-661.7513427734375	-111.7873088029408	-241.2748260498047	68.85623023036126	81.27147674560547	46.79695749521288	-37.39104080200195	43.67122406942408	-46.42646408081055	-6.54763427059609	0.0	0.0	0.0	0.0
1.645667314529419	1781093600.0	1781093600.395541	1	10.0	10.0	8.0	8.0	NeuronSpectrum 10.06.2026 14:49:30	EEG	checkup_149_10.06.2026 14:49:30	500.0	499.6666666666667	True	0.5	40.0	4	True	50.0	30.0	404.9118347167969	28.92146607584548	400.78106689453125	92.68035205620487	-271.0029296875	-26.669212097390385	-353.4361267089844	-101.68381438255638	-126.25570678710938	72.07872988139525	46.812171936035156	47.809618982930026	-38.93135070800781	44.84447568176086	-24.824848175048828	-6.295359774754276	0.0	0.0	0.0	0.0
1.6456692218780518	1781093600.0	1781093600.3955429	1	10.0	10.0	8.0	8.0	NeuronSpectrum 10.06.2026 14:49:30	EEG	checkup_149_10.06.2026 14:49:30	500.0	499.6666666666667	True	0.5	40.0	4	True	50.0	30.0	909.1885375976562	29.802641191244614	895.4325561523438	94.86365289231944	-625.004638671875	-26.646647028077535	-780.4093017578125	-101.18563961458341	-285.24298095703125	72.02587198198614	101.99516296386719	49.32511721456365	-24.22169303894043	45.14079050479447	-56.24590301513672	-6.6508593557336475	0.0	0.0	0.0	0.0
1.6456706523895264	1781093600.0	1781093600.3955443	1	10.0	10.0	8.0	8.0	NeuronSpectrum 10.06.2026 14:49:30	EEG	checkup_149_10.06.2026 14:49:30	500.0	499.6666666666667	True	0.5	40.0	4	True	50.0	30.0	908.4150390625	41.03858120595827	896.399169921875	106.33127912070067	-624.3550415039062	-34.52536159468014	-778.462646484375	-110.34886880910774	-284.1205139160156	68.58180095552535	103.25955200195312	51.075083160763796	-23.4539737701416	44.39552118890828	-56.534488677978516	-7.589396658188383	0.0	0.0	0.0	0.0
1.6456725597381592	1781093600.0	1781093600.3955462	1	10.0	10.0	8.0	8.0	NeuronSpectrum 10.06.2026 14:49:30	EEG	checkup_149_10.06.2026 14:49:30	500.0	499.6666666666667	True	0.5	40.0	4	True	50.0	30.0	914.459228515625	60.25431551862434	902.33935546875	124.61558124774116	-629.872314453125	-48.72663771690545	-783.7589111328125	-127.29958025772673	-285.82720947265625	62.35013310964158	103.79534149169922	52.675927249269485	-25.56233787536621	42.633986571130265	-57.16244125366211	-8.971410436329851	0.0	0.0	0.0	0.0
1.6456739902496338	1781093600.0	1781093600.3955476	1	10.0	10.0	8.0	8.0	NeuronSpectrum 10.06.2026 14:49:30	EEG	checkup_149_10.06.2026 14:49:30	500.0	499.6666666666667	True	0.5	40.0	4	True	50.0	30.0	925.9819946289062	83.7278000995146	911.8145141601562	146.08817567201407	-640.5322875976562	-66.63502604776409	-795.1566162109375	-148.83074628736443	-290.004150390625	54.450278873963086	103.52070617675781	53.74095651393361	-30.132217407226562	40.07835857376868	-58.04890441894531	-10.588664788705165	0.0	0.0	0.0	0.0
1.6456756591796875	1781093600.0	1781093600.3955493	1	10.0	10.0	8.0	8.0	NeuronSpectrum 10.06.2026 14:49:30	EEG	checkup_149_10.06.2026 14:49:30	500.0	499.6666666666667	True	0.5	40.0	4	True	50.0	30.0	933.8899536132812	107.32654638073782	916.2367553710938	166.88699204257355	-649.609130859375	-85.24394207571612	-804.6090087890625	-171.19450377080486	-293.62823486328125	46.2331006225585	101.78172302246094	53.98662559076853	-35.26698684692383	37.10741269023948	-58.6317253112793	-12.21861822695538	0.0	0.0	0.0	0.0
1.6456773281097412	1781093600.0	1781093600.395551	1	10.0	10.0	8.0	8.0	NeuronSpectrum 10.06.2026 14:49:30	EEG	checkup_149_10.06.2026 14:49:30	500.0	499.6666666666667	True	0.5	40.0	4	True	50.0	30.0	926.2286376953125	127.28950970717077	904.5868530273438	183.65857761448913	-648.1516723632812	-101.71292669197331	-801.40673828125	-190.80332534481357	-292.6272888183594	39.02096289813619	97.79444122314453	53.294169395428284	-38.58600997924805	34.18248709039413	-58.18290710449219	-13.666314406415342	0.0	0.0	0.0	0.0
1.6456787586212158	1781093600.0	1781093600.3955524	1	10.0	10.0	8.0	8.0	NeuronSpectrum 10.06.2026 14:49:30	EEG	checkup_149_10.06.2026 14:49:30	500.0	499.6666666666667	True	0.5	40.0	4	True	50.0	30.0	899.9566650390625	140.70109704384043	874.765869140625	193.96822738307637	-633.3275146484375	-113.72934496410477	-782.3113403320312	-204.70302347574517	-285.68499755859375	33.92443191913669	91.79119110107422	51.71392846464437	-39.09581756591797	31.7627160759675	-56.57272720336914	-14.785359482868763	0.0	0.0	0.0	0.0
1.6456806659698486	1781093600.0	1781093600.3955543	1	10.0	10.0	8.0	8.0	NeuronSpectrum 10.06.2026 14:49:30	EEG	checkup_149_10.06.2026 14:49:30	500.0	499.6666666666667	True	0.5	40.0	4	True	50.0	30.0	870.4324340820312	145.6911259700019	842.6527099609375	196.42101184582927	-615.2561645507812	-119.69291648336943	-759.74072265625	-210.83195192721112	-277.3070373535156	31.733740903551322	85.91413116455078	49.425093231124094	-38.50407028198242	30.229505702616684	-54.88013458251953	-15.481767984496377	0.0	0.0	0.0	0.0
1.6456820964813232	1781093600.0	1781093600.3955557	1	10.0	10.0	8.0	8.0	NeuronSpectrum 10.06.2026 14:49:30	EEG	checkup_149_10.06.2026 14:49:30	500.0	499.6666666666667	True	0.5	40.0	4	True	50.0	30.0	866.683837890625	141.50303315853722	837.2533569335938	190.64852827729925	-613.9603881835938	-118.81301409478769	-757.8373413085938	-208.1687279059913	-276.3757629394531	32.8514046771318	83.60620880126953	46.67857944648111	-40.370147705078125	29.828601248125885	-55.064640045166016	-15.711516303256936	0.0	0.0	0.0	0.0
1.645683765411377	1781093600.0	1781093600.3955574	1	10.0	10.0	8.0	8.0	NeuronSpectrum 10.06.2026 14:49:30	EEG	checkup_149_10.06.2026 14:49:30	500.0	499.6666666666667	True	0.5	40.0	4	True	50.0	30.0	909.3001098632812	128.5715631461049	878.9173583984375	177.31705808957608	-644.0935668945312	-111.20621889069915	-793.7393798828125	-196.8697851933857	-289.2157287597656	37.23228797598678	87.19257354736328	43.75114062666659	-46.92020034790039	30.628135069777894	-58.493595123291016	-15.48237786789555	0.0	0.0	0.0	0.0
1.6456851959228516	1781093600.0	1781093600.3955588	1	10.0	10.0	8.0	8.0	NeuronSpectrum 10.06.2026 14:49:30	EEG	checkup_149_10.06.2026 14:49:30	500.0	499.6666666666667	True	0.5	40.0	4	True	50.0	30.0	983.742431640625	108.64376512082218	953.20166015625	158.205207046582	-696.2005004882812	-98.00817073416374	-854.959228515625	-178.41073337431862	-311.22576904296875	44.32824004012478	95.04801177978516	40.92492143621007	-55.61336135864258	32.491249360978884	-64.17234802246094	-14.86312185321425	0.0	0.0	0.0	0.0
1.6456873416900635	1781093600.0	1781093600.395561	1	10.0	10.0	8.0	8.0	NeuronSpectrum 10.06.2026 14:49:30	EEG	checkup_149_10.06.2026 14:49:30	500.0	499.6666666666667	True	0.5	40.0	4	True	50.0	30.0	1031.5765380859375	84.8192071119499	1002.4134521484375	136.2382890708166	-730.1619262695312	-81.40767460241183	-892.0015869140625	-155.61836541920704	-324.166015625	53.079404340430294	100.7561264038086	38.485145511095986	-58.66402816772461	35.072000356026585	-68.16606903076172	-13.99208315909099	0.0	0.0	0.0	0.0
1.6456890106201172	1781093600.0	1781093600.3955626	1	10.0	10.0	8.0	8.0	NeuronSpectrum 10.06.2026 14:49:30	EEG	checkup_149_10.06.2026 14:49:30	500.0	499.6666666666667	True	0.5	40.0	4	True	50.0	30.0	974.0735473632812	61.28568058197399	948.92333984375	115.26087449589917	-691.0906372070312	-64.446696880175	-838.4677734375	-132.4041548274172	-303.6123352050781	62.02049263155031	95.75892639160156	36.71233033658329	-47.18950271606445	37.85251080507371	-65.17076873779297	-13.069695863177454	0.0	0.0	0.0	0.0
1.645690679550171	1781093600.0	1781093600.3955643	1	10.0	10.0	8.0	8.0	NeuronSpectrum 10.06.2026 14:49:30	EEG	checkup_149_10.06.2026 14:49:30	500.0	499.6666666666667	True	0.5	40.0	4	True	50.0	30.0	759.284423828125	42.595728536870325	741.4432983398438	99.38834073908413	-541.8603515625	-50.482765521723174	-651.017333984375	-113.07718381757846	-233.72360229492188	69.54423238738373	74.46592712402344	35.84738032406361	-18.06766128540039	40.23348780643641	-51.64726257324219	-12.323266997859179	0.0	0.0	0.0	0.0
1.6456923484802246	1781093600.0	1781093600.395566	1	10.0	10.0	8.0	8.0	NeuronSpectrum 10.06.2026 14:49:30	EEG	checkup_149_10.06.2026 14:49:30	500.0	499.6666666666667	True	0.5	40.0	4	True	50.0	30.0	402.4178466796875	32.58407532769124	394.64471435546875	92.02159844873091	-291.5554504394531	-42.391353143758025	-343.5035400390625	-101.33721914020799	-119.80297088623047	74.28155920235626	38.5321044921875	36.03092061237282	21.335548400878906	41.66499978081508	-28.521068572998047	-11.948389422709567	0.0	0.0	0.0	0.0
1.697136402130127	1781093600.0	1781093600.44701	1	10.0	10.0	8.0	8.0	NeuronSpectrum 10.06.2026 14:49:30	EEG	checkup_149_10.06.2026 14:49:30	500.0	499.6666666666667	True	0.5	40.0	4	True	50.0	30.0	903.7581787109375	33.31687496397871	886.6287231445312	94.89130565102636	-639.6415405273438	-41.790542138600074	-766.9708862304688	-99.29852918763771	-275.9808349609375	75.46647863072123	94.53838348388672	37.24692535446268	-42.79256057739258	41.775442152300386	-61.56169509887695	-12.050300619378124	0.0	0.0	0.0	0.0
1.6971418857574463	1781093600.0	1781093600.4470155	1	10.0	10.0	8.0	8.0	NeuronSpectrum 10.06.2026 14:49:30	EEG	checkup_149_10.06.2026 14:49:30	500.0	499.6666666666667	True	0.5	40.0	4	True	50.0	30.0	902.9886474609375	44.5428461851628	887.5048828125	107.5765935106504	-638.5985107421875	-48.62560762729943	-764.1830444335938	-106.96087471335173	-274.2624816894531	73.1305483036366	95.78543853759766	39.30896894860958	-42.972469329833984	40.45065739203617	-61.22513198852539	-12.613989153225466	0.0	0.0	0.0	0.0
1.697143793106079	1781093600.0	1781093600.4470174	1	10.0	10.0	8.0	8.0	NeuronSpectrum 10.06.2026 14:49:30	EEG	checkup_149_10.06.2026 14:49:30	500.0	499.6666666666667	True	0.5	40.0	4	True	50.0	30.0	909.2189331054688	63.8739203985339	894.9705810546875	127.71032205164563	-642.55224609375	-61.27985221015745	-768.55908203125	-122.333071271983	-275.05694580078125	68.05134376087587	97.08687591552734	41.90379192215788	-43.14287567138672	37.84180876379813	-61.074729919433594	-13.516685344902365	0.0	0.0	0.0	0.0
1.697145938873291	1781093600.0	1781093600.4470196	1	10.0	10.0	8.0	8.0	NeuronSpectrum 10.06.2026 14:49:30	EEG	checkup_149_10.06.2026 14:49:30	500.0	499.6666666666667	True	0.5	40.0	4	True	50.0	30.0	921.06982421875	87.54147153268653	907.71044921875	151.71540874934033	-650.5243530273438	-77.10715893366338	-778.781494140625	-142.083130310838	-277.871826171875	61.50272908987332	98.35735321044922	44.6707212703762	-43.75087356567383	34.31676256996282	-61.1444206237793	-14.572410937350293	0.0	0.0	0.0	0.0
1.6971476078033447	1781093600.0	1781093600.4470212	1	10.0	10.0	8.0	8.0	NeuronSpectrum 10.06.2026 14:49:30	EEG	checkup_149_10.06.2026 14:49:30	500.0	499.6666666666667	True	0.5	40.0	4	True	50.0	30.0	929.422607421875	111.34800810365401	916.7244873046875	175.70169018985354	-655.98291015625	-93.11794004413967	-786.7905883789062	-162.3891101467845	-279.8063049316406	54.929077354448594	98.83384704589844	47.27745052249596	-45.347816467285156	30.384609270252103	-60.98202896118164	-15.584623272913026	0.0	0.0	0.0	0.0
1.6971495151519775	1781093600.0	1781093600.4470232	1	10.0	10.0	8.0	8.0	NeuronSpectrum 10.06.2026 14:49:30	EEG	checkup_149_10.06.2026 14:49:30	500.0	499.6666666666667	True	0.5	40.0	4	True	50.0	30.0	922.2998046875	131.46939822484617	910.2015991210938	196.19293296910152	-650.3867797851562	-106.56984300283834	-781.9570922851562	-179.68781232425724	-277.03106689453125	49.65727656286126	97.54364013671875	49.46253757870462	-48.12636947631836	26.612615311896278	-59.93135452270508	-16.386328574803755	0.0	0.0	0.0	0.0
1.6971511840820312	1781093600.0	1781093600.4470248	1	10.0	10.0	8.0	8.0	NeuronSpectrum 10.06.2026 14:49:30	EEG	checkup_149_10.06.2026 14:49:30	500.0	499.6666666666667	True	0.5	40.0	4	True	50.0	30.0	896.578369140625	144.94714578894764	885.2067260742188	210.53872039737374	-631.6325073242188	-115.3416323942635	-761.0468139648438	-191.17005374730303	-268.333740234375	46.70454360024978	94.49736785888672	51.03902554997049	-51.487422943115234	23.539612313668723	-57.87339782714844	-16.85969394035502	0.0	0.0	0.0	0.0
1.697152853012085	1781093600.0	1781093600.4470265	1	10.0	10.0	8.0	8.0	NeuronSpectrum 10.06.2026 14:49:30	EEG	checkup_149_10.06.2026 14:49:30	500.0	499.6666666666667	True	0.5	40.0	4	True	50.0	30.0	867.428466796875	149.89802630875434	857.0878295898438	217.05262745767808	-610.7928466796875	-118.10170158122472	-736.3092651367188	-195.0283934974382	-258.01953125	46.68220278986595	91.63187408447266	51.87503525638049	-54.06256103515625	21.586251353635408	-55.83723831176758	-16.939411750454155	0.0	0.0	0.0	0.0
1.6971545219421387	1781093600.0	1781093600.4470282	1	10.0	10.0	8.0	8.0	NeuronSpectrum 10.06.2026 14:49:30	EEG	checkup_149_10.06.2026 14:49:30	500.0	499.6666666666667	True	0.5	40.0	4	True	50.0	30.0	863.6298828125	145.5801516777899	854.779541015625	215.02789374407334	-608.609130859375	-114.36479446673225	-731.6988525390625	-190.55930720383031	-254.61651611328125	49.759895351109314	92.22001647949219	51.877157612479714	-54.43408966064453	20.970783802347206	-55.700653076171875	-16.610691547693595	0.0	0.0	0.0	0.0
1.6971564292907715	1781093600.0	1781093600.44703	1	10.0	10.0	8.0	8.0	NeuronSpectrum 10.06.2026 14:49:30	EEG	checkup_149_10.06.2026 14:49:30	500.0	499.6666666666667	True	0.5	40.0	4	True	50.0	30.0	905.6275634765625	132.45795624112418	898.8654174804688	204.78232472421294	-639.5714721679688	-104.53671519755538	-764.5316162109375	-178.22977754334707	-264.4029541015625	55.65068084935564	98.41272735595703	50.99800445164547	-52.253562927246094	21.649519753445485	-58.76482391357422	-15.911877558839228	0.0	0.0	0.0	0.0
1.697157859802246	1781093600.0	1781093600.4470315	1	10.0	10.0	8.0	8.0	NeuronSpectrum 10.06.2026 14:49:30	EEG	checkup_149_10.06.2026 14:49:30	500.0	499.6666666666667	True	0.5	40.0	4	True	50.0	30.0	979.035400390625	112.30529068139022	975.0671997070312	187.77679827611834	-692.8892822265625	-89.97628217146514	-823.1973876953125	-159.7388264342572	-283.48779296875	63.604732271793445	108.31844329833984	49.271727891412006	-48.916141510009766	23.304380956577816	-64.02776336669922	-14.943751344780003	0.0	0.0	0.0	0.0
1.697159767150879	1781093600.0	1781093600.4470334	1	10.0	10.0	8.0	8.0	NeuronSpectrum 10.06.2026 14:49:30	EEG	checkup_149_10.06.2026 14:49:30	500.0	499.6666666666667	True	0.5	40.0	4	True	50.0	30.0	1025.9227294921875	88.2301203461436	1025.459716796875	166.6907871700285	-726.5157470703125	-72.99445363441585	-859.6775512695312	-137.98192871992063	-295.0790710449219	72.44204469451013	115.08887481689453	46.858211910142536	-46.94113540649414	25.391978964408015	-67.62020874023438	-13.876478753913785	0.0	0.0	0.0	0.0
1.6971611976623535	1781093600.0	1781093600.4470348	1	10.0	10.0	8.0	8.0	NeuronSpectrum 10.06.2026 14:49:30	EEG	checkup_149_10.06.2026 14:49:30	500.0	499.6666666666667	True	0.5	40.0	4	True	50.0	30.0	968.2271118164062	64.40404227493546	971.7630615234375	145.23170389932793	-684.4285888671875	-56.63969671254026	-808.966552734375	-116.74924574019475	-276.2603454589844	80.6813482916184	109.5999984741211	44.06134956136765	-47.99341583251953	27.252083950554788	-64.34907531738281	-12.938212965931566	0.0	0.0	0.0	0.0
1.6971631050109863	1781093600.0	1781093600.4470367	1	10.0	10.0	8.0	8.0	NeuronSpectrum 10.06.2026 14:49:30	EEG	checkup_149_10.06.2026 14:49:30	500.0	499.6666666666667	True	0.5	40.0	4	True	50.0	30.0	754.45947265625	45.345239754156374	761.9757690429688	127.51360645819392	-530.4945678710938	-44.165851191581986	-628.0845336914062	-100.0480748420106	-211.7472686767578	86.80106987434237	85.75284576416016	41.29257889460537	-50.658382415771484	28.2550806172441	-50.773067474365234	-12.373885018013901	0.0	0.0	0.0	0.0
1.697164535522461	1781093600.0	1781093600.4470382	1	10.0	10.0	8.0	8.0	NeuronSpectrum 10.06.2026 14:49:30	EEG	checkup_149_10.06.2026 14:49:30	500.0	499.6666666666667	True	0.5	40.0	4	True	50.0	30.0	399.76153564453125	34.852709979117776	410.5182189941406	117.08443730312366	-277.0494689941406	-38.25712286000201	-329.6384582519531	-91.14985669995932	-105.80404663085938	89.5937467957671	45.06166076660156	38.98000638600028	-49.74884796142578	27.95462809993638	-27.84349822998047	-12.37976527193204	0.0	0.0	0.0	0.0
1.6971664428710938	1781093600.0	1781093600.44704	1	10.0	10.0	8.0	8.0	NeuronSpectrum 10.06.2026 14:49:30	EEG	checkup_149_10.06.2026 14:49:30	500.0	499.6666666666667	True	0.5	40.0	4	True	50.0	30.0	897.005615234375	34.975496854422566	904.7416381835938	115.96449428344255	-639.0322875976562	-40.28849491966698	-748.6921997070312	-91.69859245659671	-254.7838134765625	88.4916864109998	98.24679565429688	37.45923059810191	-41.62302017211914	26.206584790369455	-61.329307556152344	-13.038993859219724	0.0	0.0	0.0	0.0
1.6971678733825684	1781093600.0	1781093600.4470415	1	10.0	10.0	8.0	8.0	NeuronSpectrum 10.06.2026 14:49:30	EEG	checkup_149_10.06.2026 14:49:30	500.0	499.6666666666667	True	0.5	40.0	4	True	50.0	30.0	895.8573608398438	45.4782412669368	900.9300537109375	124.13926279700783	-640.7401733398438	-49.95277796956465	-749.6001586914062	-101.2753930473448	-256.46990966796875	83.72173884480291	95.95318603515625	36.89606382396064	-46.43120574951172	23.21929571999035	-61.89937973022461	-14.288977251686482	0.0	0.0	0.0	0.0
1.6971697807312012	1781093600.0	1781093600.4470434	1	10.0	10.0	8.0	8.0	NeuronSpectrum 10.06.2026 14:49:30	EEG	checkup_149_10.06.2026 14:49:30	500.0	499.6666666666667	True	0.5	40.0	4	True	50.0	30.0	901.6781005859375	64.02476515963949	902.56103515625	139.71858712912572	-647.8563842773438	-65.41053540366083	-756.4403686523438	-117.60316085786133	-260.75018310546875	76.22292946181335	94.49707794189453	37.27015490634675	-54.041961669921875	19.514672887172544	-62.83990478515625	-15.935916985406545	0.0	0.0	0.0	0.0
1.6971714496612549	1781093600.0	1781093600.447045	1	10.0	10.0	8.0	8.0	NeuronSpectrum 10.06.2026 14:49:30	EEG	checkup_149_10.06.2026 14:49:30	500.0	499.6666666666667	True	0.5	40.0	4	True	50.0	30.0	913.0797729492188	86.92522927477624	909.143310546875	159.6098775135415	-659.116943359375	-83.8475237503374	-767.3508911132812	-137.25004575157686	-266.7000732421875	67.37789150094625	94.14801788330078	38.410752487260034	-62.46384811401367	15.804108817629583	-63.967708587646484	-17.706665412056932	0.0	0.0	0.0	0.0
1.6971733570098877	1781093600.0	1781093600.447047	1	10.0	10.0	8.0	8.0	NeuronSpectrum 10.06.2026 14:49:30	EEG	checkup_149_10.06.2026 14:49:30	500.0	499.6666666666667	True	0.5	40.0	4	True	50.0	30.0	920.991455078125	110.07089074935011	912.7069091796875	180.3432949933787	-667.6605834960938	-102.16584931472813	-774.133056640625	-156.49749916615485	-271.0605163574219	58.679564385753835	94.1817626953125	40.05309878519081	-68.57539367675781	12.812083378642697	-64.6240234375	-19.31299682554906	0.0	0.0	0.0	0.0
1.6971750259399414	1781093600.0	1781093600.4470487	1	10.0	10.0	8.0	8.0	NeuronSpectrum 10.06.2026 14:49:30	EEG	checkup_149_10.06.2026 14:49:30	500.0	499.6666666666667	True	0.5	40.0	4	True	50.0	30.0	913.5214233398438	129.71770848457578	902.44580078125	198.73265199297927	-664.5555419921875	-117.56338992449503	-766.4913330078125	-172.06787096068578	-269.846923828125	51.44601807817188	93.39041137695312	41.88767778779086	-69.51946258544922	11.100588539938181	-64.01405334472656	-20.50538040619019	0.0	0.0	0.0	0.0
1.6971769332885742	1781093600.0	1781093600.4470506	1	10.0	10.0	8.0	8.0	NeuronSpectrum 10.06.2026 14:49:30	EEG	checkup_149_10.06.2026 14:49:30	500.0	499.6666666666667	True	0.5	40.0	4	True	50.0	30.0	887.6193237304688	142.96391417036378	876.189208984375	212.2432938822234	-647.2159423828125	-127.8890877869307	-741.9442749023438	-181.56412528740594	-262.0243835449219	46.6409038814353	91.4197998046875	43.59266577473248	-64.82266235351562	10.94742168837863	-61.96672439575195	-21.105260440789873	0.0	0.0	0.0	0.0
1.6971783638000488	1781093600.0	1781093600.447052	1	10.0	10.0	8.0	8.0	NeuronSpectrum 10.06.2026 14:49:30	EEG	checkup_149_10.06.2026 14:49:30	500.0	499.6666666666667	True	0.5	40.0	4	True	50.0	30.0	858.469482421875	147.95218152545795	849.6146850585938	219.12170396198482	-626.2634887695312	-131.79489947185868	-713.74560546875	-183.63782233231376	-252.42919921875	44.798108758561646	89.85556030273438	44.85688909714105	-57.66962432861328	12.309246337138081	-59.52777099609375	-21.017208293403513	0.0	0.0	0.0	0.0
1.6971802711486816	1781093600.0	1781093600.447054	1	10.0	10.0	8.0	8.0	NeuronSpectrum 10.06.2026 14:49:30	EEG	checkup_149_10.06.2026 14:49:30	500.0	499.6666666666667	True	0.5	40.0	4	True	50.0	30.0	854.8129272460938	143.93584636013574	851.3681640625	218.44272183315462	-622.3798217773438	-128.78305846426122	-706.8527221679688	-178.0031496806502	-250.28488159179688	46.01116042977519	91.67453002929688	45.408308994252174	-53.62095642089844	14.866611079983382	-58.63401794433594	-20.229909920217708	0.0	0.0	0.0	0.0
1.6971817016601562	1781093600.0	1781093600.4470553	1	10.0	10.0	8.0	8.0	NeuronSpectrum 10.06.2026 14:49:30	EEG	checkup_149_10.06.2026 14:49:30	500.0	499.6666666666667	True	0.5	40.0	4	True	50.0	30.0	897.0684204101562	131.34951836469756	901.0159912109375	210.2191090991395	-650.7899169921875	-119.24854427445577	-739.3080444335938	-165.42542769199997	-262.3507080078125	49.94195947181092	98.72782897949219	45.05877339347302	-56.664794921875	18.120050934423066	-60.68057632446289	-18.815614150772287	0.0	0.0	0.0	0.0
1.697183609008789	1781093600.0	1781093600.4470572	1	10.0	10.0	8.0	8.0	NeuronSpectrum 10.06.2026 14:49:30	EEG	checkup_149_10.06.2026 14:49:30	500.0	499.6666666666667	True	0.5	40.0	4	True	50.0	30.0	970.9116821289062	111.91989329001795	982.6531372070312	195.59989802052067	-702.24169921875	-104.54344349042489	-799.7315673828125	-147.73151263116554	-284.6339111328125	55.83058375365034	108.7799301147461	43.76064432009975	-64.99028015136719	21.498042792902385	-64.80572509765625	-16.93137898364655	0.0	0.0	0.0	0.0
1.6971850395202637	1781093600.0	1781093600.4470587	1	10.0	10.0	8.0	8.0	NeuronSpectrum 10.06.2026 14:49:30	EEG	checkup_149_10.06.2026 14:49:30	500.0	499.6666666666667	True	0.5	40.0	4	True	50.0	30.0	1018.5751342773438	88.69729537525387	1036.5919189453125	177.01685751160196	-736.3151245117188	-86.98072635650612	-839.76513671875	-127.76101567384794	-299.5776672363281	62.5328714089711	114.70625305175781	41.65198018799352	-70.12158203125	24.450795347139934	-67.3281478881836	-14.815606678268614	0.0	0.0	0.0	0.0
1.6971869468688965	1781093600.0	1781093600.4470606	1	10.0	10.0	8.0	8.0	NeuronSpectrum 10.06.2026 14:49:30	EEG	checkup_149_10.06.2026 14:49:30	500.0	499.6666666666667	True	0.5	40.0	4	True	50.0	30.0	962.1705322265625	65.78979979210234	983.39794921875	158.03354955180055	-697.4620971679688	-69.62542630803078	-793.6204223632812	-109.09120864919343	-283.1864318847656	68.64284882235094	107.43431091308594	39.05697250664683	-61.37628173828125	26.525748812451685	-63.2520751953125	-12.766821819266875	0.0	0.0	0.0	0.0
1.697188377380371	1781093600.0	1781093600.447062	1	10.0	10.0	8.0	8.0	NeuronSpectrum 10.06.2026 14:49:30	EEG	checkup_149_10.06.2026 14:49:30	500.0	499.6666666666667	True	0.5	40.0	4	True	50.0	30.0	750.2500610351562	47.648986113315964	771.1668090820312	142.72039552178842	-547.9087524414062	-55.76862365278699	-617.3939819335938	-95.41809752069325	-219.40586853027344	72.73886440365882	81.45465850830078	36.41958177906692	-33.63750457763672	27.431701740627087	-49.268898010253906	-11.095513187555447	0.0	0.0	0.0	0.0
1.697190284729004	1781093600.0	1781093600.447064	1	10.0	10.0	8.0	8.0	NeuronSpectrum 10.06.2026 14:49:30	EEG	checkup_149_10.06.2026 14:49:30	500.0	499.6666666666667	True	0.5	40.0	4	True	50.0	30.0	397.7657775878906	38.00662198305982	415.7566833496094	134.63858559306848	-296.48529052734375	-48.156624403477856	-322.9825439453125	-89.6781735029771	-112.54008483886719	73.71916735626456	39.308170318603516	34.181618850089734	6.891985893249512	27.08861208231954	-26.33329963684082	-10.055385212262186	0.0	0.0	0.0	0.0
1.7480697631835938	1781093600.0	1781093600.4979434	1	10.0	10.0	8.0	8.0	NeuronSpectrum 10.06.2026 14:49:30	EEG	checkup_149_10.06.2026 14:49:30	500.0	499.6666666666667	True	0.5	40.0	4	True	50.0	30.0	894.1509399414062	38.84742551710801	915.8303833007812	135.81441722808054	-649.212158203125	-48.250278802675844	-744.5762329101562	-93.22815839527097	-267.5970458984375	71.10873388336066	96.49219512939453	32.65323079196885	-64.14158630371094	25.641579803575222	-57.74492645263672	-9.778268861788113	0.0	0.0	0.0	0.0
1.7480754852294922	1781093600.0	1781093600.4979491	1	10.0	10.0	8.0	8.0	NeuronSpectrum 10.06.2026 14:49:30	EEG	checkup_149_10.06.2026 14:49:30	500.0	499.6666666666667	True	0.5	40.0	4	True	50.0	30.0	893.6683959960938	49.87992792135877	913.3554077148438	146.1739099908013	-648.8814697265625	-55.843886197416026	-747.1774291992188	-105.45953525669738	-269.807373046875	65.19869752116834	94.69775390625	31.934356759240725	-66.77098083496094	23.417030072156198	-57.306644439697266	-10.241685296393397	0.0	0.0	0.0	0.0
1.7480781078338623	1781093600.0	1781093600.4979517	1	10.0	10.0	8.0	8.0	NeuronSpectrum 10.06.2026 14:49:30	EEG	checkup_149_10.06.2026 14:49:30	500.0	499.6666666666667	True	0.5	40.0	4	True	50.0	30.0	899.8130493164062	68.72701402689088	917.7936401367188	163.6733747244909	-653.0350952148438	-69.20194483101665	-754.7252807617188	-124.02038226675867	-273.90289306640625	56.955687053343134	93.76498413085938	31.91755688665974	-67.58953857421875	20.827426922868998	-57.350555419921875	-11.282741814949324	0.0	0.0	0.0	0.0
1.7480802536010742	1781093600.0	1781093600.497954	1	10.0	10.0	8.0	8.0	NeuronSpectrum 10.06.2026 14:49:30	EEG	checkup_149_10.06.2026 14:49:30	500.0	499.6666666666667	True	0.5	40.0	4	True	50.0	30.0	911.1982421875	91.68061838566234	928.1756591796875	184.9856988704824	-660.78515625	-85.60293491657538	-765.8511352539062	-145.50109030496407	-279.2195739746094	47.75506742497251	93.60714721679688	32.35746393080723	-66.70343017578125	18.26435578604051	-57.84866714477539	-12.648167930527217	0.0	0.0	0.0	0.0
1.748082160949707	1781093600.0	1781093600.4979558	1	10.0	10.0	8.0	8.0	NeuronSpectrum 10.06.2026 14:49:30	EEG	checkup_149_10.06.2026 14:49:30	500.0	499.6666666666667	True	0.5	40.0	4	True	50.0	30.0	918.8494873046875	114.64250906980628	935.4512329101562	206.37773275443072	-665.8456420898438	-102.01973000512419	-773.0017700195312	-166.25744382955003	-282.86419677734375	39.060058845553485	93.1543960571289	32.96464594243503	-64.8312759399414	16.02600297903313	-58.26652908325195	-14.056349502836193	0.0	0.0	0.0	0.0
1.748084306716919	1781093600.0	1781093600.497958	1	10.0	10.0	8.0	8.0	NeuronSpectrum 10.06.2026 14:49:30	EEG	checkup_149_10.06.2026 14:49:30	500.0	499.6666666666667	True	0.5	40.0	4	True	50.0	30.0	911.0283203125	133.90965464840968	927.46826171875	224.44730445201	-659.9724731445312	-115.69148504604505	-766.4329833984375	-183.0809870378811	-281.1781311035156	32.156132579979534	90.97168731689453	33.484462532134394	-62.87516403198242	14.30019593915235	-57.84754943847656	-15.249697512176972	0.0	0.0	0.0	0.0
1.7480859756469727	1781093600.0	1781093600.4979596	1	10.0	10.0	8.0	8.0	NeuronSpectrum 10.06.2026 14:49:30	EEG	checkup_149_10.06.2026 14:49:30	500.0	499.6666666666667	True	0.5	40.0	4	True	50.0	30.0	884.8004150390625	146.6469744481401	900.9428100585938	236.56817854156904	-641.2498779296875	-124.47343337120809	-743.7998657226562	-193.58715062241208	-273.19281005859375	27.991673159052688	86.72711181640625	33.74181386620837	-61.36985778808594	13.191935638581592	-56.3394775390625	-16.027365938076926	0.0	0.0	0.0	0.0
1.7480881214141846	1781093600.0	1781093600.4979618	1	10.0	10.0	8.0	8.0	NeuronSpectrum 10.06.2026 14:49:30	EEG	checkup_149_10.06.2026 14:49:30	500.0	499.6666666666667	True	0.5	40.0	4	True	50.0	30.0	855.3414916992188	151.07750300841747	871.1739501953125	241.07366409552392	-620.6813354492188	-126.98560341437408	-717.8593139648438	-196.35296706274917	-263.398193359375	27.116600886291632	82.39973449707031	33.65396987952066	-60.20101547241211	12.766422948557201	-54.599143981933594	-16.25999658011611	0.0	0.0	0.0	0.0
1.7480895519256592	1781093600.0	1781093600.4979632	1	10.0	10.0	8.0	8.0	NeuronSpectrum 10.06.2026 14:49:30	EEG	checkup_149_10.06.2026 14:49:30	500.0	499.6666666666667	True	0.5	40.0	4	True	50.0	30.0	851.2650146484375	146.53127780528723	867.4463500976562	237.3167794495741	-618.65380859375	-122.66177692216348	-712.5488891601562	-190.9313433358392	-260.3534240722656	29.674853657972744	81.74703979492188	33.22693274278255	-58.88824462890625	13.07956693176548	-54.3336296081543	-15.89496182509034	0.0	0.0	0.0	0.0
1.748091459274292	1781093600.0	1781093600.497965	1	10.0	10.0	8.0	8.0	NeuronSpectrum 10.06.2026 14:49:30	EEG	checkup_149_10.06.2026 14:49:30	500.0	499.6666666666667	True	0.5	40.0	4	True	50.0	30.0	892.8751831054688	133.4974669959576	910.8527221679688	225.74531416586515	-649.1710205078125	-111.80202885919773	-744.884033203125	-177.8709818524753	-270.2307434082031	35.40409523538657	87.5895767211914	32.55207580532644	-57.30179214477539	14.180995379553956	-56.771324157714844	-14.960674664794894	0.0	0.0	0.0	0.0
1.7480931282043457	1781093600.0	1781093600.4979668	1	10.0	10.0	8.0	8.0	NeuronSpectrum 10.06.2026 14:49:30	EEG	checkup_149_10.06.2026 14:49:30	500.0	499.6666666666667	True	0.5	40.0	4	True	50.0	30.0	965.92822265625	113.72105776866302	987.3228759765625	208.02530387533056	-701.1072387695312	-95.65679867638939	-803.1466674804688	-158.78223407925668	-289.02587890625	43.626182246122355	98.42636108398438	31.808765997953337	-56.189205169677734	16.090247443860225	-61.03730392456055	-13.57218150897429	0.0	0.0	0.0	0.0
1.7480950355529785	1781093600.0	1781093600.4979687	1	10.0	10.0	8.0	8.0	NeuronSpectrum 10.06.2026 14:49:30	EEG	checkup_149_10.06.2026 14:49:30	500.0	499.6666666666667	True	0.5	40.0	4	True	50.0	30.0	1013.0116577148438	90.22986138327559	1038.49365234375	187.0903090807888	-732.4815673828125	-76.45713670320245	-839.7410888671875	-136.35551934609333	-299.9823303222656	53.25855300632598	107.15167999267578	31.261136378951427	-56.79591369628906	18.758264279151465	-63.60927200317383	-11.930844360916137	0.0	0.0	0.0	0.0
1.7480967044830322	1781093600.0	1781093600.4979703	1	10.0	10.0	8.0	8.0	NeuronSpectrum 10.06.2026 14:49:30	EEG	checkup_149_10.06.2026 14:49:30	500.0	499.6666666666667	True	0.5	40.0	4	True	50.0	30.0	956.7359619140625	67.07668368962058	985.09375	166.89419120905177	-687.7759399414062	-57.23268579838038	-790.4874267578125	-114.15071354647615	-280.42474365234375	62.907787717486244	103.75628662109375	31.225602018461505	-59.44432830810547	22.03111383071606	-59.742897033691406	-10.305039643083026	0.0	0.0	0.0	0.0
1.7480990886688232	1781093600.0	1781093600.4979727	1	10.0	10.0	8.0	8.0	NeuronSpectrum 10.06.2026 14:49:30	EEG	checkup_149_10.06.2026 14:49:30	500.0	499.6666666666667	True	0.5	40.0	4	True	50.0	30.0	745.9923095703125	48.64475425163605	774.1219482421875	151.7124556146007	-531.5687255859375	-41.305618930642375	-613.058349609375	-96.02528068517213	-215.4121856689453	71.08934899221633	81.08292388916016	31.99333124513394	-61.912681579589844	25.63211890508269	-46.32896041870117	-8.983118221330281	0.0	0.0	0.0	0.0
1.7481012344360352	1781093600.0	1781093600.4979749	1	10.0	10.0	8.0	8.0	NeuronSpectrum 10.06.2026 14:49:30	EEG	checkup_149_10.06.2026 14:49:30	500.0	499.6666666666667	True	0.5	40.0	4	True	50.0	30.0	395.6365051269531	38.61013066094382	419.6553955078125	145.08988705617435	-276.7449035644531	-31.52787061040395	-319.9130554199219	-85.27185952407433	-109.44857025146484	76.54615168369286	40.02859115600586	33.721124191609206	-59.06913757324219	29.173888523755043	-24.342201232910156	-8.205359523435012	0.0	0.0	0.0	0.0
1.7990951538085938	1781093600.0	1781093600.5489688	1	10.0	10.0	8.0	8.0	NeuronSpectrum 10.06.2026 14:49:30	EEG	checkup_149_10.06.2026 14:49:30	500.0	499.6666666666667	True	0.5	40.0	4	True	50.0	30.0	888.035888671875	38.93736777324488	926.2605590820312	148.8217195998955	-631.2174072265625	-29.534568797821635	-726.4873046875	-83.77205741914814	-252.47657775878906	78.55576397990065	104.740234375	36.3373368505469	-47.12500762939453	32.203778691524136	-55.15949630737305	-8.099150856695914	0.0	0.0	0.0	0.0
1.799102783203125	1781093600.0	1781093600.5489764	1	10.0	10.0	8.0	8.0	NeuronSpectrum 10.06.2026 14:49:30	EEG	checkup_149_10.06.2026 14:49:30	500.0	499.6666666666667	True	0.5	40.0	4	True	50.0	30.0	886.9585571289062	49.36185707537313	928.459228515625	162.43443163147714	-629.1953735351562	-35.343070153641655	-723.7526245117188	-91.54076000304758	-249.87661743164062	77.09311632884594	107.19195556640625	39.516727624635394	-42.33966827392578	34.275806261820726	-55.15204620361328	-8.646043205407027	0.0	0.0	0.0	0.0
1.7991063594818115	1781093600.0	1781093600.54898	1	10.0	10.0	8.0	8.0	NeuronSpectrum 10.06.2026 14:49:30	EEG	checkup_149_10.06.2026 14:49:30	500.0	499.6666666666667	True	0.5	40.0	4	True	50.0	30.0	892.4982299804688	67.57608486859324	936.7442626953125	183.39008799071115	-632.8552856445312	-47.45715062507215	-727.4885864257812	-106.84393672834067	-249.56333923339844	72.78446094361466	109.50731658935547	42.74613153664575	-39.689876556396484	35.032461544940304	-55.503868103027344	-9.69411371002337	0.0	0.0	0.0	0.0
1.7991089820861816	1781093600.0	1781093600.5489826	1	10.0	10.0	8.0	8.0	NeuronSpectrum 10.06.2026 14:49:30	EEG	checkup_149_10.06.2026 14:49:30	500.0	499.6666666666667	True	0.5	40.0	4	True	50.0	30.0	903.3657836914062	89.96615429373597	949.6713256835938	207.8572215708106	-641.2542724609375	-63.369419644148905	-736.9238891601562	-126.76959566563478	-251.29385375976562	66.69658902793864	111.3135757446289	45.45440985195136	-39.93020248413086	34.27641824059252	-56.072486877441406	-11.005563465872761	0.0	0.0	0.0	0.0
1.7991111278533936	1781093600.0	1781093600.5489848	1	10.0	10.0	8.0	8.0	NeuronSpectrum 10.06.2026 14:49:30	EEG	checkup_149_10.06.2026 14:49:30	500.0	499.6666666666667	True	0.5	40.0	4	True	50.0	30.0	910.709716796875	112.52721868066008	958.11083984375	231.66622761525224	-647.9434814453125	-80.1995615734351	-744.7816162109375	-147.95384064057288	-252.62648010253906	60.06854711323856	111.42341613769531	47.15201275885175	-42.31731033325195	32.016794927170665	-56.308204650878906	-12.315816389606573	0.0	0.0	0.0	0.0
1.79911470413208	1781093600.0	1781093600.5489883	1	10.0	10.0	8.0	8.0	NeuronSpectrum 10.06.2026 14:49:30	EEG	checkup_149_10.06.2026 14:49:30	500.0	499.6666666666667	True	0.5	40.0	4	True	50.0	30.0	902.900634765625	131.62468822644652	950.1554565429688	251.10411452823047	-644.3759765625	-95.23430098692259	-741.2477416992188	-167.1961187990135	-250.25039672851562	54.081638288363166	108.4814224243164	47.53142158149059	-45.27244567871094	28.483271384480172	-55.54494857788086	-13.38295439417311	0.0	0.0	0.0	0.0
1.799117088317871	1781093600.0	1781093600.5489907	1	10.0	10.0	8.0	8.0	NeuronSpectrum 10.06.2026 14:49:30	EEG	checkup_149_10.06.2026 14:49:30	500.0	499.6666666666667	True	0.5	40.0	4	True	50.0	30.0	877.0369873046875	144.45100590435186	922.9412231445312	263.3896310822793	-628.1409301757812	-106.26543768896303	-723.6554565429688	-181.84709366655926	-243.25390625	49.71058384371713	102.42720794677734	46.50602671836578	-48.09112548828125	24.107494909203975	-53.66892623901367	-14.018024716096708	0.0	0.0	0.0	0.0
1.799119234085083	1781093600.0	1781093600.5489929	1	10.0	10.0	8.0	8.0	NeuronSpectrum 10.06.2026 14:49:30	EEG	checkup_149_10.06.2026 14:49:30	500.0	499.6666666666667	True	0.5	40.0	4	True	50.0	30.0	848.2061157226562	149.21172674782431	892.1576538085938	266.85888200165306	-609.6753540039062	-111.75108112380487	-704.3119506835938	-190.00026388255353	-235.767333984375	47.64666543320176	95.61955261230469	44.19302382133401	-52.2459602355957	19.472090734423467	-51.63866424560547	-14.098424355831812	0.0	0.0	0.0	0.0
1.7991225719451904	1781093600.0	1781093600.5489962	1	10.0	10.0	8.0	8.0	NeuronSpectrum 10.06.2026 14:49:30	EEG	checkup_149_10.06.2026 14:49:30	500.0	499.6666666666667	True	0.5	40.0	4	True	50.0	30.0	844.834716796875	145.1819397428949	887.2379760742188	261.00391840542693	-609.1093139648438	-110.89759336441726	-706.6054077148438	-190.6009496805049	-235.64004516601562	48.25468400658707	92.14794921875	40.864649413028616	-60.5635986328125	15.226702360746469	-51.177268981933594	-13.573256817760123	0.0	0.0	0.0	0.0
1.7991251945495605	1781093600.0	1781093600.5489988	1	10.0	10.0	8.0	8.0	NeuronSpectrum 10.06.2026 14:49:30	EEG	checkup_149_10.06.2026 14:49:30	500.0	499.6666666666667	True	0.5	40.0	4	True	50.0	30.0	887.0450439453125	132.77387839773772	929.0637817382812	246.51001282461533	-640.9260864257812	-103.75539938553169	-746.7932739257812	-183.57919773592522	-248.2797393798828	51.527694487860124	94.97762298583984	36.89614292892753	-74.05033874511719	11.974660319472383	-53.46921157836914	-12.469384486941987	0.0	0.0	0.0	0.0
1.7991275787353516	1781093600.0	1781093600.5490012	1	10.0	10.0	8.0	8.0	NeuronSpectrum 10.06.2026 14:49:30	EEG	checkup_149_10.06.2026 14:49:30	500.0	499.6666666666667	True	0.5	40.0	4	True	50.0	30.0	960.5438842773438	113.65158123126805	1003.09228515625	225.3330976874667	-695.2305908203125	-91.3442799980281	-812.0779418945312	-170.02030988691817	-269.25653076171875	57.03491126955003	102.56668090820312	32.727326634651185	-88.55078125	10.147088462902651	-57.615543365478516	-10.900172989711754	0.0	0.0	0.0	0.0
1.7991297245025635	1781093600.0	1781093600.5490034	1	10.0	10.0	8.0	8.0	NeuronSpectrum 10.06.2026 14:49:30	EEG	checkup_149_10.06.2026 14:49:30	500.0	499.6666666666667	True	0.5	40.0	4	True	50.0	30.0	1008.0621337890625	90.77314279065993	1050.5675048828125	200.70205960404303	-731.3043823242188	-75.71276623746556	-853.5680541992188	-152.2551982106355	-281.973388671875	63.902483095180514	107.7776107788086	28.833930314967763	-94.60930633544922	9.898857408357966	-60.1531982421875	-9.069147848130923	0.0	0.0	0.0	0.0
1.7991316318511963	1781093600.0	1781093600.5490053	1	10.0	10.0	8.0	8.0	NeuronSpectrum 10.06.2026 14:49:30	EEG	checkup_149_10.06.2026 14:49:30	500.0	499.6666666666667	True	0.5	40.0	4	True	50.0	30.0	952.4725341796875	68.14205438194223	992.3363037109375	176.83003763957214	-693.7025146484375	-59.7679554121577	-806.0126953125	-133.67302228162322	-264.4051818847656	70.89309877141517	100.85912322998047	25.68842688590475	-82.22418212890625	11.069138790992485	-56.4635124206543	-7.254588324226281	0.0	0.0	0.0	0.0
1.7991337776184082	1781093600.0	1781093600.5490074	1	10.0	10.0	8.0	8.0	NeuronSpectrum 10.06.2026 14:49:30	EEG	checkup_149_10.06.2026 14:49:30	500.0	499.6666666666667	True	0.5	40.0	4	True	50.0	30.0	742.8724365234375	50.114837545783786	776.260009765625	158.18568425255614	-545.0004272460938	-46.76343660081583	-626.8387451171875	-118.12150738725848	-202.3355712890625	76.62786033418217	75.33802795410156	23.692768166909037	-48.31888198852539	13.23401942992233	-43.53350067138672	-5.765116517891624	0.0	0.0	0.0	0.0
1.7991368770599365	1781093600.0	1781093600.5490105	1	10.0	10.0	8.0	8.0	NeuronSpectrum 10.06.2026 14:49:30	EEG	checkup_149_10.06.2026 14:49:30	500.0	499.6666666666667	True	0.5	40.0	4	True	50.0	30.0	394.104736328125	40.35980161044634	417.80230712890625	148.42717515757653	-294.3684387207031	-39.51562940768908	-329.4474182128906	-108.97870571887394	-100.576171875	79.91864103148053	33.02213668823242	23.09045016034029	-1.66389000415802	15.838853178137768	-22.303075790405273	-4.871650178170774	0.0	0.0	0.0	0.0
1.7991387844085693	1781093600.0	1781093600.5490124	1	10.0	10.0	8.0	8.0	NeuronSpectrum 10.06.2026 14:49:30	EEG	checkup_149_10.06.2026 14:49:30	500.0	499.6666666666667	True	0.5	40.0	4	True	50.0	30.0	884.5272216796875	40.845452064664954	924.00390625	149.38899506653982	-644.2639770507812	-39.627515703069975	-742.3596801757812	-108.22802390290323	-240.07431030273438	80.09442612675352	97.04241943359375	23.895726244909895	-70.42528533935547	18.355840248960646	-50.97646713256836	-4.738844658131578	0.0	0.0	0.0	0.0
1.7991409301757812	1781093600.0	1781093600.5490146	1	10.0	10.0	8.0	8.0	NeuronSpectrum 10.06.2026 14:49:30	EEG	checkup_149_10.06.2026 14:49:30	500.0	499.6666666666667	True	0.5	40.0	4	True	50.0	30.0	883.4996337890625	51.314701281454376	924.3848876953125	160.58599541846962	-643.0391235351562	-47.0588411198385	-739.5238647460938	-115.93913639844017	-239.1509552001953	77.18154506932946	98.49104309082031	25.884193395615245	-68.44827270507812	20.40110036733554	-50.70694351196289	-5.384663085415239	0.0	0.0	0.0	0.0
1.7991430759429932	1781093600.0	1781093600.5490167	1	10.0	10.0	8.0	8.0	NeuronSpectrum 10.06.2026 14:49:30	EEG	checkup_149_10.06.2026 14:49:30	500.0	499.6666666666667	True	0.5	40.0	4	True	50.0	30.0	889.0633544921875	69.46502350815396	931.4789428710938	179.4516132093532	-646.9482421875	-60.214529967255174	-743.0933227539062	-130.35872317395302	-240.71681213378906	71.86662193467077	100.0942153930664	28.65879194641313	-66.28871154785156	21.777011362796724	-51.14210510253906	-6.6832555847101345	0.0	0.0	0.0	0.0
1.7991456985473633	1781093600.0	1781093600.5490193	1	10.0	10.0	8.0	8.0	NeuronSpectrum 10.06.2026 14:49:30	EEG	checkup_149_10.06.2026 14:49:30	500.0	499.6666666666667	True	0.5	40.0	4	True	50.0	30.0	899.9368286132812	91.68322408235034	943.5435791015625	202.1422475611199	-655.3027954101562	-76.45449872805897	-752.0715942382812	-148.49747885069846	-244.20523071289062	65.2811005666356	101.61834716796875	31.761397508510306	-64.04673767089844	22.45219761292162	-52.2246208190918	-8.404239506835896	0.0	0.0	0.0	0.0
1.799147605895996	1781093600.0	1781093600.5490212	1	10.0	10.0	8.0	8.0	NeuronSpectrum 10.06.2026 14:49:30	EEG	checkup_149_10.06.2026 14:49:30	500.0	499.6666666666667	True	0.5	40.0	4	True	50.0	30.0	907.29150390625	113.96412145214317	951.1129760742188	224.51449051510923	-661.6807861328125	-92.76455303898798	-758.8550415039062	-166.90765905789297	-246.83273315429688	58.713939688235556	102.09056091308594	34.77847995803055	-62.00032043457031	22.514909251533215	-53.35347366333008	-10.267794475110561	0.0	0.0	0.0	0.0
1.799149513244629	1781093600.0	1781093600.5490232	1	10.0	10.0	8.0	8.0	NeuronSpectrum 10.06.2026 14:49:30	EEG	checkup_149_10.06.2026 14:49:30	500.0	499.6666666666667	True	0.5	40.0	4	True	50.0	30.0	899.5150756835938	132.67836317643932	942.0419311523438	242.92247474559304	-657.408935546875	-106.3457000056697	-753.2713012695312	-182.36727987901105	-244.9978790283203	53.353715036938006	100.37059020996094	37.40136380960784	-60.410118103027344	22.12707315921264	-53.692073822021484	-11.996035252510437	0.0	0.0	0.0	0.0
1.7991516590118408	1781093600.0	1781093600.5490253	1	10.0	10.0	8.0	8.0	NeuronSpectrum 10.06.2026 14:49:30	EEG	checkup_149_10.06.2026 14:49:30	500.0	499.6666666666667	True	0.5	40.0	4	True	50.0	30.0	873.6571044921875	145.03578872689457	913.4544067382812	254.6750109020339	-640.0181274414062	-115.00197979703096	-732.2705688476562	-192.33172888293197	-237.53707885742188	50.11326134419375	96.5501708984375	39.43155951992801	-59.25499725341797	21.48645098739366	-52.91342544555664	-13.350698215372235	0.0	0.0	0.0	0.0
1.7991538047790527	1781093600.0	1781093600.5490274	1	10.0	10.0	8.0	8.0	NeuronSpectrum 10.06.2026 14:49:30	EEG	checkup_149_10.06.2026 14:49:30	500.0	499.6666666666667	True	0.5	40.0	4	True	50.0	30.0	844.6511840820312	149.27438457758524	881.3258056640625	258.18800756448195	-620.0796508789062	-117.33449320785203	-707.8138427734375	-195.1622390223687	-228.3729705810547	49.53909047839911	93.0316162109375	40.749455418338854	-58.19477081298828	20.792653480306992	-51.81611633300781	-14.157118600429646	0.0	0.0	0.0	0.0
1.7991557121276855	1781093600.0	1781093600.5490294	1	10.0	10.0	8.0	8.0	NeuronSpectrum 10.06.2026 14:49:30	EEG	checkup_149_10.06.2026 14:49:30	500.0	499.6666666666667	True	0.5	40.0	4	True	50.0	30.0	840.7224731445312	144.71345871799969	875.6385498046875	252.98531521195855	-617.8785400390625	-112.82671277926784	-703.2281494140625	-190.22977397006278	-225.3365020751953	51.77571173489224	93.78874206542969	41.27920354784583	-56.937801361083984	20.213063560083704	-52.073402404785156	-14.320377582094373	0.0	0.0	0.0	0.0
1.7991578578948975	1781093600.0	1781093600.5490315	1	10.0	10.0	8.0	8.0	NeuronSpectrum 10.06.2026 14:49:30	EEG	checkup_149_10.06.2026 14:49:30	500.0	499.6666666666667	True	0.5	40.0	4	True	50.0	30.0	881.9132080078125	131.81189191793356	917.9028930664062	239.70658066803017	-647.7030029296875	-101.91032545810108	-735.3865966796875	-177.99701177241985	-234.2720947265625	56.550564905395944	101.43746185302734	40.97952632341781	-55.80714797973633	19.851115488992814	-54.91130828857422	-13.839519729652528	0.0	0.0	0.0	0.0
1.7991597652435303	1781093600.0	1781093600.5490334	1	10.0	10.0	8.0	8.0	NeuronSpectrum 10.06.2026 14:49:30	EEG	checkup_149_10.06.2026 14:49:30	500.0	499.6666666666667	True	0.5	40.0	4	True	50.0	30.0	954.1526489257812	112.27010286998038	993.9710083007812	220.17471678311142	-698.95263671875	-86.03203076721852	-793.0199584960938	-160.10164416589922	-251.808837890625	63.16876051305144	113.78423309326172	39.87039528105441	-55.931419372558594	19.724858742651833	-59.48628616333008	-12.819908906668225	0.0	0.0	0.0	0.0
1.7991619110107422	1781093600.0	1781093600.5490355	1	10.0	10.0	8.0	8.0	NeuronSpectrum 10.06.2026 14:49:30	EEG	checkup_149_10.06.2026 14:49:30	500.0	499.6666666666667	True	0.5	40.0	4	True	50.0	30.0	1000.7244873046875	89.06109261438051	1044.9266357421875	197.41325244448376	-730.1360473632812	-67.63749368529153	-829.40087890625	-139.34442962296183	-262.82269287109375	70.54454193660689	122.75601196289062	38.07769480021225	-58.53295135498047	19.764343294200952	-62.330814361572266	-11.475221382275922	0.0	0.0	0.0	0.0
1.799163579940796	1781093600.0	1781093600.5490372	1	10.0	10.0	8.0	8.0	NeuronSpectrum 10.06.2026 14:49:30	EEG	checkup_149_10.06.2026 14:49:30	500.0	499.6666666666667	True	0.5	40.0	4	True	50.0	30.0	945.1660766601562	66.17714904038728	990.7626953125	175.39540336484276	-685.9390869140625	-49.92462714634605	-781.196533203125	-119.4115318374199	-246.5279541015625	77.32027664951228	117.5673599243164	35.85798437665674	-63.405155181884766	19.832089709191298	-58.75362777709961	-10.105599645128267	0.0	0.0	0.0	0.0
1.7991654872894287	1781093600.0	1781093600.5490391	1	10.0	10.0	8.0	8.0	NeuronSpectrum 10.06.2026 14:49:30	EEG	checkup_149_10.06.2026 14:49:30	500.0	499.6666666666667	True	0.5	40.0	4	True	50.0	30.0	736.9713134765625	47.942346912448095	777.9951782226562	158.36584144127966	-530.7793579101562	-36.27168322706245	-606.415283203125	-104.22069545159222	-188.93557739257812	82.10475042012936	90.96277618408203	33.569389339748696	-67.52457427978516	19.764207139291532	-45.66765594482422	-9.043615152869146	0.0	0.0	0.0	0.0
1.7991678714752197	1781093600.0	1781093600.5490415	1	10.0	10.0	8.0	8.0	NeuronSpectrum 10.06.2026 14:49:30	EEG	checkup_149_10.06.2026 14:49:30	500.0	499.6666666666667	True	0.5	40.0	4	True	50.0	30.0	390.8070068359375	37.98453377492501	420.787353515625	149.8232723131062	-277.1424560546875	-29.427212194839004	-317.10491943359375	-96.98794282261764	-93.69931030273438	83.79577212804317	44.61201095581055	31.585986677150114	-65.13488006591797	19.42307318614026	-24.024337768554688	-8.57584933857126	0.0	0.0	0.0	0.0
1.8512353897094727	1781093600.0	1781093600.601109	1	10.0	10.0	8.0	8.0	NeuronSpectrum 10.06.2026 14:49:30	EEG	checkup_149_10.06.2026 14:49:30	500.0	499.6666666666667	True	0.5	40.0	4	True	50.0	30.0	877.5796508789062	38.24008776932725	928.7212524414062	151.5392487542191	-638.1261596679688	-30.75175379570491	-726.5824584960938	-99.34459463573208	-229.3696746826172	81.87692602456988	107.12731170654297	30.19294905686692	-61.99721145629883	18.747374990284953	-54.8114128112793	-8.86599177180847	0.0	0.0	0.0	0.0
1.851240873336792	1781093600.0	1781093600.6011145	1	10.0	10.0	8.0	8.0	NeuronSpectrum 10.06.2026 14:49:30	EEG	checkup_149_10.06.2026 14:49:30	500.0	499.6666666666667	True	0.5	40.0	4	True	50.0	30.0	876.6172485351562	48.44074865790531	928.8018188476562	163.0678906455259	-641.1930541992188	-39.84947026775002	-729.6063232421875	-110.89319960374989	-231.70486450195312	76.56036676753274	104.35408782958984	29.515613723344632	-62.51922607421875	17.78337037550457	-55.15510559082031	-9.910318926791668	0.0	0.0	0.0	0.0
1.851243257522583	1781093600.0	1781093600.601117	1	10.0	10.0	8.0	8.0	NeuronSpectrum 10.06.2026 14:49:30	EEG	checkup_149_10.06.2026 14:49:30	500.0	499.6666666666667	True	0.5	40.0	4	True	50.0	30.0	882.1109008789062	66.29783687876808	934.282958984375	181.96129030038813	-649.66552734375	-54.74598255312529	-739.058349609375	-129.3872154659352	-236.2689666748047	68.71584234058759	101.80592346191406	29.51188218899752	-63.68220901489258	16.6849945077868	-56.00078582763672	-11.541567887145659	0.0	0.0	0.0	0.0
1.8512451648712158	1781093600.0	1781093600.6011188	1	10.0	10.0	8.0	8.0	NeuronSpectrum 10.06.2026 14:49:30	EEG	checkup_149_10.06.2026 14:49:30	500.0	499.6666666666667	True	0.5	40.0	4	True	50.0	30.0	892.7723999023438	88.23188043782015	944.1439208984375	204.5287893708171	-661.6130981445312	-72.48964063665436	-753.0285034179688	-151.40243866041752	-242.2068328857422	59.631447659689826	99.93631744384766	30.01550842406963	-65.30386352539062	15.680949038826263	-57.210872650146484	-13.473621720866346	0.0	0.0	0.0	0.0
1.8512468338012695	1781093600.0	1781093600.6011205	1	10.0	10.0	8.0	8.0	NeuronSpectrum 10.06.2026 14:49:30	EEG	checkup_149_10.06.2026 14:49:30	500.0	499.6666666666667	True	0.5	40.0	4	True	50.0	30.0	899.87548828125	110.27992862138744	949.8401489257812	226.75975324937548	-669.7928466796875	-89.88935258771824	-763.2432250976562	-173.17888325465222	-246.60092163085938	50.71453633350874	98.22645568847656	30.794074202273517	-66.22728729248047	15.020464853538039	-58.19874954223633	-15.364939762246516	0.0	0.0	0.0	0.0
1.8512487411499023	1781093600.0	1781093600.6011224	1	10.0	10.0	8.0	8.0	NeuronSpectrum 10.06.2026 14:49:30	EEG	checkup_149_10.06.2026 14:49:30	500.0	499.6666666666667	True	0.5	40.0	4	True	50.0	30.0	891.9691162109375	128.85033476516526	940.0377197265625	245.07340654648266	-665.2899169921875	-104.12866136860832	-759.2957153320312	-191.33766149405932	-245.91017150878906	43.2326883622398	95.6518783569336	31.59225417080342	-65.05580139160156	14.918481762314599	-58.204654693603516	-16.879715193640045	0.0	0.0	0.0	0.0
1.851250410079956	1781093600.0	1781093600.601124	1	10.0	10.0	8.0	8.0	NeuronSpectrum 10.06.2026 14:49:30	EEG	checkup_149_10.06.2026 14:49:30	500.0	499.6666666666667	True	0.5	40.0	4	True	50.0	30.0	866.2183227539062	141.1756774311427	912.2351684570312	256.75043764128714	-645.8828125	-113.13190932966864	-738.4736938476562	-203.3282908607997	-239.26170349121094	38.144376178008244	92.03030395507812	32.15341874872122	-61.69244384765625	15.51944538081579	-56.95028305053711	-17.7355678232376	0.0	0.0	0.0	0.0
1.8512520790100098	1781093600.0	1781093600.6011257	1	10.0	10.0	8.0	8.0	NeuronSpectrum 10.06.2026 14:49:30	EEG	checkup_149_10.06.2026 14:49:30	500.0	499.6666666666667	True	0.5	40.0	4	True	50.0	30.0	837.5308227539062	145.49662916894474	882.1221923828125	260.09089845513506	-622.729248046875	-115.69859603524799	-713.602294921875	-207.6190682269704	-231.0544891357422	36.01648084132969	89.1363754272461	32.23219304371197	-58.366363525390625	16.88698034506857	-55.171348571777344	-17.736550355258455	0.0	0.0	0.0	0.0
1.8512537479400635	1781093600.0	1781093600.6011274	1	10.0	10.0	8.0	8.0	NeuronSpectrum 10.06.2026 14:49:30	EEG	checkup_149_10.06.2026 14:49:30	500.0	499.6666666666667	True	0.5	40.0	4	True	50.0	30.0	833.9659423828125	141.11609711906632	878.7473754882812	254.45133955958076	-617.016845703125	-111.50857876031448	-709.0713500976562	-203.7408313043052	-229.58596801757812	36.99336182178582	90.13267517089844	31.61815318626839	-58.644813537597656	19.011486642286176	-54.377201080322266	-16.795974416760107	0.0	0.0	0.0	0.0
1.8512556552886963	1781093600.0	1781093600.6011293	1	10.0	10.0	8.0	8.0	NeuronSpectrum 10.06.2026 14:49:30	EEG	checkup_149_10.06.2026 14:49:30	500.0	499.6666666666667	True	0.5	40.0	4	True	50.0	30.0	875.3815307617188	128.46321599014533	922.3685302734375	240.3099257526686	-644.309326171875	-101.10944779457692	-742.4691772460938	-192.30409082042453	-240.85009765625	40.77958655011534	96.95127868652344	30.184004714118412	-64.31786346435547	21.819446560410935	-55.6646842956543	-14.953589113432754	0.0	0.0	0.0	0.0
1.851257085800171	1781093600.0	1781093600.6011307	1	10.0	10.0	8.0	8.0	NeuronSpectrum 10.06.2026 14:49:30	EEG	checkup_149_10.06.2026 14:49:30	500.0	499.6666666666667	True	0.5	40.0	4	True	50.0	30.0	947.6781616210938	109.20335384373816	997.8413696289062	219.39546751493012	-695.485107421875	-85.92821972068104	-802.4142456054688	-175.03034531042903	-261.07525634765625	46.62589471928887	107.20441436767578	27.952527549354677	-72.22103881835938	25.17362574963539	-58.281673431396484	-12.386368588610706	0.0	0.0	0.0	0.0
1.8512587547302246	1781093600.0	1781093600.6011324	1	10.0	10.0	8.0	8.0	NeuronSpectrum 10.06.2026 14:49:30	EEG	checkup_149_10.06.2026 14:49:30	500.0	499.6666666666667	True	0.5	40.0	4	True	50.0	30.0	994.3578491210938	86.27693614856831	1046.0809326171875	194.7523249472525	-730.07470703125	-68.23993635222874	-841.1749877929688	-154.71358198405574	-274.251220703125	53.35054696051271	113.34562683105469	25.153782829687618	-74.09015655517578	28.869600496586965	-59.159889221191406	-9.404707518810957	0.0	0.0	0.0	0.0
1.8512604236602783	1781093600.0	1781093600.601134	1	10.0	10.0	8.0	8.0	NeuronSpectrum 10.06.2026 14:49:30	EEG	checkup_149_10.06.2026 14:49:30	500.0	499.6666666666667	True	0.5	40.0	4	True	50.0	30.0	939.3338012695312	63.651893484605836	987.979248046875	170.50876901914492	-692.3446655273438	-50.95173106800593	-794.0276489257812	-134.9458149355435	-258.6524963378906	59.45552677730991	105.75245666503906	22.231905877576956	-60.95616912841797	32.648278456705796	-54.193729400634766	-6.422004909853725	0.0	0.0	0.0	0.0
1.851262092590332	1781093600.0	1781093600.6011357	1	10.0	10.0	8.0	8.0	NeuronSpectrum 10.06.2026 14:49:30	EEG	checkup_149_10.06.2026 14:49:30	500.0	499.6666666666667	True	0.5	40.0	4	True	50.0	30.0	732.39404296875	45.63905205246505	771.7162475585938	151.1836246643064	-544.2387084960938	-37.10111925273679	-618.049560546875	-119.49237810919519	-199.8875732421875	63.37777469126909	78.5185546875	19.772793071737016	-30.033113479614258	36.241191651153024	-40.77228546142578	-3.8911719136061245	0.0	0.0	0.0	0.0
1.8512635231018066	1781093600.0	1781093600.6011372	1	10.0	10.0	8.0	8.0	NeuronSpectrum 10.06.2026 14:49:30	EEG	checkup_149_10.06.2026 14:49:30	500.0	499.6666666666667	True	0.5	40.0	4	True	50.0	30.0	388.1888427734375	35.8638926695549	413.1177978515625	140.62233677648817	-294.2597351074219	-29.136311508849793	-325.47900390625	-111.40443840743337	-102.1030044555664	63.84415293115964	34.19697189331055	18.361171800112356	10.761784553527832	39.441544647718935	-19.924270629882812	-2.217069554221224	0.0	0.0	0.0	0.0
1.8512649536132812	1781093600.0	1781093600.6011386	1	10.0	10.0	8.0	8.0	NeuronSpectrum 10.06.2026 14:49:30	EEG	checkup_149_10.06.2026 14:49:30	500.0	499.6666666666667	True	0.5	40.0	4	True	50.0	30.0	872.1127319335938	36.267960529761254	915.9879760742188	140.94848722914483	-644.6651611328125	-28.242390404869038	-738.7080688476562	-112.18721822872651	-243.05615234375	60.21616205816864	95.02655029296875	18.4178980360547	-50.266117095947266	42.166038808686224	-46.57642364501953	-1.67073084048459	0.0	0.0	0.0	0.0
1.851266860961914	1781093600.0	1781093600.6011405	1	10.0	10.0	8.0	8.0	NeuronSpectrum 10.06.2026 14:49:30	EEG	checkup_149_10.06.2026 14:49:30	500.0	499.6666666666667	True	0.5	40.0	4	True	50.0	30.0	871.2562255859375	46.58989125847402	915.1094360351562	152.0007079035907	-643.4158935546875	-34.028316075121694	-738.932373046875	-121.40104077045183	-245.57969665527344	52.685580655653546	94.95729064941406	20.083775878236178	-47.54572296142578	44.46787689710806	-46.51155090332031	-2.335672236484373	0.0	0.0	0.0	0.0
1.8512685298919678	1781093600.0	1781093600.6011422	1	10.0	10.0	8.0	8.0	NeuronSpectrum 10.06.2026 14:49:30	EEG	checkup_149_10.06.2026 14:49:30	500.0	499.6666666666667	True	0.5	40.0	4	True	50.0	30.0	876.9824829101562	64.54331692643393	921.9728393554688	171.486535120346	-645.7756958007812	-44.718755482025635	-744.2694702148438	-136.86939678527563	-250.74620056152344	42.24684470544691	96.64639282226562	23.190008718468743	-44.491390228271484	46.48962838217095	-47.63459014892578	-4.102595701363186	0.0	0.0	0.0	0.0
1.8512704372406006	1781093600.0	1781093600.601144	1	10.0	10.0	8.0	8.0	NeuronSpectrum 10.06.2026 14:49:30	EEG	checkup_149_10.06.2026 14:49:30	500.0	499.6666666666667	True	0.5	40.0	4	True	50.0	30.0	887.9844360351562	86.54252728242811	935.298095703125	195.70605409206348	-650.8450317382812	-57.72854427908688	-753.3809204101562	-155.35415602556725	-258.13262939453125	30.47722743008529	99.94493865966797	27.309250046977407	-41.22556686401367	48.38201632203419	-49.78910446166992	-6.706451086292431	0.0	0.0	0.0	0.0
1.8512721061706543	1781093600.0	1781093600.6011457	1	10.0	10.0	8.0	8.0	NeuronSpectrum 10.06.2026 14:49:30	EEG	checkup_149_10.06.2026 14:49:30	500.0	499.6666666666667	True	0.5	40.0	4	True	50.0	30.0	895.5	108.61035188412863	945.7814331054688	220.47360800712076	-652.4448852539062	-70.34223918957107	-758.7649536132812	-173.37455980626652	-265.0980224609375	19.22161945654598	103.52918243408203	31.851087173012886	-38.00556182861328	50.22925942125643	-52.246788024902344	-9.78559615348806	0.0	0.0	0.0	0.0
1.851274013519287	1781093600.0	1781093600.6011477	1	10.0	10.0	8.0	8.0	NeuronSpectrum 10.06.2026 14:49:30	EEG	checkup_149_10.06.2026 14:49:30	500.0	499.6666666666667	True	0.5	40.0	4	True	50.0	30.0	888.027099609375	127.13810031383855	941.0513916015625	241.90097446900182	-642.6170043945312	-80.25147601328138	-750.7499389648438	-187.87999044085194	-267.9228820800781	10.27625139244157	105.53324127197266	36.165171261478314	-35.01308059692383	52.008136469455835	-54.04291534423828	-12.94288246762854	0.0	0.0	0.0	0.0
1.8512754440307617	1781093600.0	1781093600.601149	1	10.0	10.0	8.0	8.0	NeuronSpectrum 10.06.2026 14:49:30	EEG	checkup_149_10.06.2026 14:49:30	500.0	499.6666666666667	True	0.5	40.0	4	True	50.0	30.0	862.6309204101562	139.3460098921742	917.6044311523438	256.88765003652816	-619.98583984375	-85.8401295653706	-727.0570068359375	-196.64332681668085	-264.7655029296875	5.125389481371024	105.07466125488281	39.631548718195624	-32.11732482910156	53.58581938507621	-54.741485595703125	-15.797174533726826	0.0	0.0	0.0	0.0
1.8512771129608154	1781093600.0	1781093600.6011508	1	10.0	10.0	8.0	8.0	NeuronSpectrum 10.06.2026 14:49:30	EEG	checkup_149_10.06.2026 14:49:30	500.0	499.6666666666667	True	0.5	40.0	4	True	50.0	30.0	834.0505981445312	143.4736123759891	890.4725341796875	263.34759170934984	-596.3634643554688	-86.24777351928948	-700.4947509765625	-198.40081505388363	-258.2218017578125	4.744795351535279	103.54237365722656	41.734777308019474	-28.932872772216797	54.747852985584494	-55.05142593383789	-18.023301456600507	0.0	0.0	0.0	0.0
1.8512787818908691	1781093600.0	1781093600.6011524	1	10.0	10.0	8.0	8.0	NeuronSpectrum 10.06.2026 14:49:30	EEG	checkup_149_10.06.2026 14:49:30	500.0	499.6666666666667	True	0.5	40.0	4	True	50.0	30.0	830.1618041992188	138.8363232916049	888.5784301757812	260.3086168363107	-593.072509765625	-81.32718833954159	-695.0872192382812	-192.859716287921	-254.5255126953125	9.463555423841992	104.1551513671875	42.12794681749164	-25.3535099029541	55.244825368055956	-56.55329895019531	-19.38432956071993	0.0	0.0	0.0	0.0
1.8512804508209229	1781093600.0	1781093600.601154	1	10.0	10.0	8.0	8.0	NeuronSpectrum 10.06.2026 14:49:30	EEG	checkup_149_10.06.2026 14:49:30	500.0	499.6666666666667	True	0.5	40.0	4	True	50.0	30.0	870.7684326171875	125.8865402705877	932.5460205078125	248.01960587171968	-624.8602294921875	-71.61612546364255	-728.0445556640625	-180.69961545842241	-258.4925231933594	18.876460022674618	109.35047149658203	40.69181791710516	-22.280027389526367	54.848355298349595	-60.349525451660156	-19.760293828124727	0.0	0.0	0.0	0.0
1.8512821197509766	1781093600.0	1781093600.6011558	1	10.0	10.0	8.0	8.0	NeuronSpectrum 10.06.2026 14:49:30	EEG	checkup_149_10.06.2026 14:49:30	500.0	499.6666666666667	True	0.5	40.0	4	True	50.0	30.0	941.9969482421875	106.31653850463962	1007.8170166015625	228.09438471943625	-680.7664184570312	-58.36697109437229	-787.9569091796875	-163.60852149051624	-267.1811828613281	31.819566354622108	117.5179214477539	37.583311443963844	-21.813549041748047	53.40829953832355	-65.4401626586914	-19.172015091270552	0.0	0.0	0.0	0.0
1.8512837886810303	1781093600.0	1781093600.6011574	1	10.0	10.0	8.0	8.0	NeuronSpectrum 10.06.2026 14:49:30	EEG	checkup_149_10.06.2026 14:49:30	500.0	499.6666666666667	True	0.5	40.0	4	True	50.0	30.0	987.8693237304688	83.08922638887849	1055.727294921875	203.56494881154276	-718.165283203125	-43.55976663114163	-827.5145263671875	-144.26564032676487	-267.65301513671875	46.44810174512637	121.81922149658203	33.25250424689247	-26.257564544677734	50.90184724200655	-68.21488952636719	-17.790458720551918	0.0	0.0	0.0	0.0
1.851285457611084	1781093600.0	1781093600.601159	1	10.0	10.0	8.0	8.0	NeuronSpectrum 10.06.2026 14:49:30	EEG	checkup_149_10.06.2026 14:49:30	500.0	499.6666666666667	True	0.5	40.0	4	True	50.0	30.0	932.9107055664062	60.1855766806506	997.1427612304688	178.61905318080613	-680.19970703125	-29.743603164227427	-782.5593872070312	-126.09786239042698	-242.36611938476562	60.46384705578099	112.91331481933594	28.40008178799878	-36.062618255615234	47.463732474383434	-63.935630798339844	-15.91765397376742	0.0	0.0	0.0	0.0
1.8512871265411377	1781093600.0	1781093600.6011608	1	10.0	10.0	8.0	8.0	NeuronSpectrum 10.06.2026 14:49:30	EEG	checkup_149_10.06.2026 14:49:30	500.0	499.6666666666667	True	0.5	40.0	4	True	50.0	30.0	727.2703247070312	41.920734007860574	779.78076171875	157.8685459061488	-529.891357421875	-19.59043899428855	-610.3300170898438	-112.68766688446516	-180.16412353515625	71.50521479088802	84.59447479248047	23.86001895113633	-47.92361068725586	43.38861280306007	-49.63304901123047	-13.931014192310235	0.0	0.0	0.0	0.0
1.8512887954711914	1781093600.0	1781093600.6011624	1	10.0	10.0	8.0	8.0	NeuronSpectrum 10.06.2026 14:49:30	EEG	checkup_149_10.06.2026 14:49:30	500.0	499.6666666666667	True	0.5	40.0	4	True	50.0	30.0	385.438720703125	31.921797156428873	418.89947509765625	145.25198366168618	-278.96929931640625	-15.218743342896554	-322.4291076660156	-106.91188858726841	-85.70389556884766	77.63749374277239	38.73377990722656	20.42626091475901	-54.72011184692383	39.102603432239114	-26.538942337036133	-12.199762694664885	0.0	0.0	0.0	0.0
1.903153419494629	1781093600.0	1781093600.653027	1	10.0	10.0	8.0	8.0	NeuronSpectrum 10.06.2026 14:49:30	EEG	checkup_149_10.06.2026 14:49:30	500.0	499.6666666666667	True	0.5	40.0	4	True	50.0	30.0	865.9655151367188	32.136867010125705	921.6265869140625	142.96758343254112	-641.3860473632812	-17.546912282369554	-732.9328002929688	-110.12350366439945	-208.201171875	77.8035364570538	99.07176208496094	18.678723454018865	-50.51532745361328	35.10804455463365	-56.38262176513672	-11.0006595677446	0.0	0.0	0.0	0.0
1.9031596183776855	1781093600.0	1781093600.6530333	1	10.0	10.0	8.0	8.0	NeuronSpectrum 10.06.2026 14:49:30	EEG	checkup_149_10.06.2026 14:49:30	500.0	499.6666666666667	True	0.5	40.0	4	True	50.0	30.0	865.1345825195312	42.320446108776714	918.7757568359375	150.91135324105093	-642.0684814453125	-25.991945626365045	-735.4313354492188	-121.75139158216699	-211.3856658935547	72.0794507763091	98.13445281982422	18.87290264914433	-52.848331451416016	31.910001470564186	-55.245357513427734	-10.465021235960428	0.0	0.0	0.0	0.0
1.9031617641448975	1781093600.0	1781093600.6530354	1	10.0	10.0	8.0	8.0	NeuronSpectrum 10.06.2026 14:49:30	EEG	checkup_149_10.06.2026 14:49:30	500.0	499.6666666666667	True	0.5	40.0	4	True	50.0	30.0	870.8634643554688	60.20946545941995	922.7385864257812	166.85004460177396	-646.1304321289062	-38.65920182392977	-743.1749877929688	-139.49609316242265	-219.83596801757812	61.65243658440014	98.82738494873047	20.92591604487191	-54.59814453125	29.93456508044809	-54.71663284301758	-10.573501462527723	0.0	0.0	0.0	0.0
1.9031636714935303	1781093600.0	1781093600.6530373	1	10.0	10.0	8.0	8.0	NeuronSpectrum 10.06.2026 14:49:30	EEG	checkup_149_10.06.2026 14:49:30	500.0	499.6666666666667	True	0.5	40.0	4	True	50.0	30.0	881.8923950195312	82.2414193446502	932.15966796875	187.17342698726182	-652.7511596679688	-52.90399959404345	-754.6809692382812	-159.9903478792307	-231.57229614257812	48.551230504475235	101.044189453125	24.48305571341461	-55.58550262451172	29.451083726057327	-54.75482177734375	-11.1907678360414	0.0	0.0	0.0	0.0
1.903165578842163	1781093600.0	1781093600.6530392	1	10.0	10.0	8.0	8.0	NeuronSpectrum 10.06.2026 14:49:30	EEG	checkup_149_10.06.2026 14:49:30	500.0	499.6666666666667	True	0.5	40.0	4	True	50.0	30.0	889.568603515625	104.45250645528873	937.9666137695312	207.84209725798402	-655.8397216796875	-65.99371411214705	-762.272216796875	-179.61042660662804	-242.69886779785156	35.23677493076044	103.58727264404297	29.01973566298568	-54.744667053222656	30.514377980621347	-54.80238342285156	-12.117436697256911	0.0	0.0	0.0	0.0
1.9031672477722168	1781093600.0	1781093600.653041	1	10.0	10.0	8.0	8.0	NeuronSpectrum 10.06.2026 14:49:30	EEG	checkup_149_10.06.2026 14:49:30	500.0	499.6666666666667	True	0.5	40.0	4	True	50.0	30.0	882.5015258789062	123.2297923705324	928.3106079101562	225.1826017563055	-647.3099975585938	-75.63228176037923	-756.0760498046875	-195.15399396197205	-248.8243408203125	24.170827916551204	104.84709167480469	33.93738446015146	-50.88057327270508	32.94462583889584	-54.10751724243164	-13.138071464591514	0.0	0.0	0.0	0.0
1.9031691551208496	1781093600.0	1781093600.6530428	1	10.0	10.0	8.0	8.0	NeuronSpectrum 10.06.2026 14:49:30	EEG	checkup_149_10.06.2026 14:49:30	500.0	499.6666666666667	True	0.5	40.0	4	True	50.0	30.0	857.7796630859375	135.768969576669	900.3577880859375	236.36822891215257	-625.18603515625	-80.24488579561229	-733.54736328125	-204.2513616889487	-247.6906280517578	17.447025332926525	104.39442443847656	38.634412937170424	-44.25558853149414	36.356169820859606	-52.477569580078125	-14.054839289378132	0.0	0.0	0.0	0.0
1.9031710624694824	1781093600.0	1781093600.6530447	1	10.0	10.0	8.0	8.0	NeuronSpectrum 10.06.2026 14:49:30	EEG	checkup_149_10.06.2026 14:49:30	500.0	499.6666666666667	True	0.5	40.0	4	True	50.0	30.0	830.0103149414062	140.26822991860377	869.7354125976562	239.6142196693802	-600.283935546875	-79.05432956469953	-707.1355590820312	-205.53104288042013	-241.14666748046875	16.525866942915382	104.20635986328125	42.5563209333534	-37.659671783447266	40.23122886381898	-50.881587982177734	-14.707583290258933	0.0	0.0	0.0	0.0
1.9031729698181152	1781093600.0	1781093600.6530466	1	10.0	10.0	8.0	8.0	NeuronSpectrum 10.06.2026 14:49:30	EEG	checkup_149_10.06.2026 14:49:30	500.0	499.6666666666667	True	0.5	40.0	4	True	50.0	30.0	826.812744140625	135.99340594111175	865.6927490234375	234.22985931850928	-593.1787719726562	-72.05734657066662	-700.4903564453125	-198.65309051284186	-234.2239532470703	22.080620245733957	107.91426849365234	45.24169473829002	-35.41048812866211	44.017024291589564	-51.14639663696289	-14.987690133202998	0.0	0.0	0.0	0.0
1.903174638748169	1781093600.0	1781093600.6530483	1	10.0	10.0	8.0	8.0	NeuronSpectrum 10.06.2026 14:49:30	EEG	checkup_149_10.06.2026 14:49:30	500.0	499.6666666666667	True	0.5	40.0	4	True	50.0	30.0	867.7484130859375	123.34977317415633	908.856689453125	220.6738468101566	-619.0647583007812	-60.00856345505374	-730.6546020507812	-184.3285604866022	-230.86996459960938	33.943476584541514	117.72647094726562	46.378716372592166	-40.11806106567383	47.21563346200161	-54.547882080078125	-14.853161074577331	0.0	0.0	0.0	0.0
1.9031765460968018	1781093600.0	1781093600.6530502	1	10.0	10.0	8.0	8.0	NeuronSpectrum 10.06.2026 14:49:30	EEG	checkup_149_10.06.2026 14:49:30	500.0	499.6666666666667	True	0.5	40.0	4	True	50.0	30.0	938.8922119140625	103.99430623871659	984.4699096679688	200.6548146506046	-669.1024780273438	-44.44507392958641	-786.5234375	-164.36163998880596	-228.92909240722656	51.14263083413413	130.8819580078125	45.87032012996868	-49.271018981933594	49.44234499827229	-60.11164855957031	-14.345774905276707	0.0	0.0	0.0	0.0
1.9031782150268555	1781093600.0	1781093600.6530519	1	10.0	10.0	8.0	8.0	NeuronSpectrum 10.06.2026 14:49:30	EEG	checkup_149_10.06.2026 14:49:30	500.0	499.6666666666667	True	0.5	40.0	4	True	50.0	30.0	984.4937744140625	80.87172097175223	1033.689453125	177.1607974746562	-703.740478515625	-27.67412571128024	-821.67333984375	-141.6261169416676	-218.645263671875	72.03375516758547	138.74282836914062	43.88347562360973	-54.809444427490234	50.448187538883964	-64.05403137207031	-13.601553011704171	0.0	0.0	0.0	0.0
1.9031801223754883	1781093600.0	1781093600.6530538	1	10.0	10.0	8.0	8.0	NeuronSpectrum 10.06.2026 14:49:30	EEG	checkup_149_10.06.2026 14:49:30	500.0	499.6666666666667	True	0.5	40.0	4	True	50.0	30.0	929.4959106445312	57.962096964379285	977.38916015625	154.1989472767134	-668.282470703125	-12.574941762424173	-773.2074584960938	-119.8067886143061	-187.22596740722656	94.53584914372638	130.38284301757812	40.84484809906676	-47.330169677734375	50.122676991468296	-61.28474426269531	-12.83970747332274	0.0	0.0	0.0	0.0
1.903181791305542	1781093600.0	1781093600.6530554	1	10.0	10.0	8.0	8.0	NeuronSpectrum 10.06.2026 14:49:30	EEG	checkup_149_10.06.2026 14:49:30	500.0	499.6666666666667	True	0.5	40.0	4	True	50.0	30.0	724.4202270507812	39.592828886971965	763.4510498046875	136.09156275838563	-525.0891723632812	-2.109444621584873	-599.5140991210938	-102.78820846988702	-127.51457977294922	116.46309236463267	99.22476959228516	37.35668581647111	-23.01069450378418	48.49739967416366	-48.40985870361328	-12.319865338418712	0.0	0.0	0.0	0.0
1.9031834602355957	1781093600.0	1781093600.653057	1	10.0	10.0	8.0	8.0	NeuronSpectrum 10.06.2026 14:49:30	EEG	checkup_149_10.06.2026 14:49:30	500.0	499.6666666666667	True	0.5	40.0	4	True	50.0	30.0	383.848388671875	29.40968259464709	407.219970703125	126.42504588378698	-281.9911193847656	1.3916411065943	-312.71783447265625	-93.77273406659054	-44.96161651611328	135.89911359264207	48.4077262878418	34.04500457933828	11.573368072509766	45.75395651459403	-26.318790435791016	-12.273749046615828	0.0	0.0	0.0	0.0
1.9538791179656982	1781093600.0	1781093600.7037528	1	10.0	10.0	8.0	8.0	NeuronSpectrum 10.06.2026 14:49:30	EEG	checkup_149_10.06.2026 14:49:30	500.0	499.6666666666667	True	0.5	40.0	4	True	50.0	30.0	861.7938842773438	29.37850994430151	911.0902099609375	127.0362002691899	-632.8467407226562	-3.0969439774499814	-716.4576416015625	-94.43865860478049	-124.45838165283203	151.51555801949803	115.44441986083984	31.39534198116615	-54.310508728027344	42.21560016391353	-58.49229431152344	-12.836232534370813	0.0	0.0	0.0	0.0
1.9538843631744385	1781093600.0	1781093600.703758	1	10.0	10.0	8.0	8.0	NeuronSpectrum 10.06.2026 14:49:30	EEG	checkup_149_10.06.2026 14:49:30	500.0	499.6666666666667	True	0.5	40.0	4	True	50.0	30.0	860.8670043945312	39.26458434836233	910.5458984375	137.49802160855657	-637.6358032226562	-14.977850150422514	-717.6355590820312	-104.50974409197482	-111.87687683105469	162.73655830868313	111.89509582519531	29.644602930740508	-57.80059814453125	38.297012168619254	-58.774654388427734	-14.006077640093945	0.0	0.0	0.0	0.0
1.9538867473602295	1781093600.0	1781093600.7037604	1	10.0	10.0	8.0	8.0	NeuronSpectrum 10.06.2026 14:49:30	EEG	checkup_149_10.06.2026 14:49:30	500.0	499.6666666666667	True	0.5	40.0	4	True	50.0	30.0	866.6229248046875	56.80572514300326	916.2559204101562	155.32511281257663	-647.0975952148438	-32.2205006509861	-724.7854614257812	-121.91229001143633	-102.6410903930664	169.7106447440928	109.15498352050781	28.765596294855392	-60.68109130859375	34.411324056218014	-59.51274490356445	-15.65163417871126	0.0	0.0	0.0	0.0
1.9538886547088623	1781093600.0	1781093600.7037623	1	10.0	10.0	8.0	8.0	NeuronSpectrum 10.06.2026 14:49:30	EEG	checkup_149_10.06.2026 14:49:30	500.0	499.6666666666667	True	0.5	40.0	4	True	50.0	30.0	877.7052001953125	78.4322127973461	926.7920532226562	176.73970846964886	-660.011962890625	-51.9419635956357	-736.5463256835938	-143.39152068859903	-96.24687194824219	173.13323799420343	107.36357116699219	28.5292234725872	-62.94181442260742	30.865806452215804	-60.677982330322266	-17.55280336691823	0.0	0.0	0.0	0.0
1.953890323638916	1781093600.0	1781093600.703764	1	10.0	10.0	8.0	8.0	NeuronSpectrum 10.06.2026 14:49:30	EEG	checkup_149_10.06.2026 14:49:30	500.0	499.6666666666667	True	0.5	40.0	4	True	50.0	30.0	885.37353515625	100.17149997628259	933.1687622070312	197.61704129396108	-669.4432983398438	-71.10727275912521	-745.6270751953125	-165.28120263439823	-91.17744445800781	174.00904730544042	105.63115692138672	28.598440429747583	-64.48773956298828	27.787362456981207	-61.69570541381836	-19.456204678081857	0.0	0.0	0.0	0.0
1.953892469406128	1781093600.0	1781093600.703766	1	10.0	10.0	8.0	8.0	NeuronSpectrum 10.06.2026 14:49:30	EEG	checkup_149_10.06.2026 14:49:30	500.0	499.6666666666667	True	0.5	40.0	4	True	50.0	30.0	878.181640625	118.40970906003696	923.6624755859375	214.26802349148525	-666.4351196289062	-87.10255409259399	-742.6222534179688	-184.1525853565567	-85.66272735595703	173.4354577087819	102.6144790649414	28.612120972854175	-65.07527923583984	25.10131266404637	-61.75973892211914	-21.122482991675835	0.0	0.0	0.0	0.0
1.9538941383361816	1781093600.0	1781093600.7037678	1	10.0	10.0	8.0	8.0	NeuronSpectrum 10.06.2026 14:49:30	EEG	checkup_149_10.06.2026 14:49:30	500.0	499.6666666666667	True	0.5	40.0	4	True	50.0	30.0	853.1659545898438	130.35780158268562	895.3140258789062	223.90418360691427	-648.9593505859375	-98.06609825485803	-725.0288696289062	-197.219178774271	-79.18338012695312	172.4488097377677	97.8969955444336	28.239974378250704	-64.61933898925781	22.561200319616756	-60.61146545410156	-22.3560304959957	0.0	0.0	0.0	0.0
1.9538958072662354	1781093600.0	1781093600.7037694	1	10.0	10.0	8.0	8.0	NeuronSpectrum 10.06.2026 14:49:30	EEG	checkup_149_10.06.2026 14:49:30	500.0	499.6666666666667	True	0.5	40.0	4	True	50.0	30.0	824.8543090820312	134.24901395424183	863.177490234375	224.81787816440422	-629.1232299804688	-102.99935924922458	-704.3934326171875	-202.52420723078907	-73.543212890625	171.9351194251882	93.11021423339844	27.21208623761382	-63.75605010986328	19.81095837630114	-59.17873001098633	-23.01893863889356	0.0	0.0	0.0	0.0
1.953897476196289	1781093600.0	1781093600.703771	1	10.0	10.0	8.0	8.0	NeuronSpectrum 10.06.2026 14:49:30	EEG	checkup_149_10.06.2026 14:49:30	500.0	499.6666666666667	True	0.5	40.0	4	True	50.0	30.0	820.7907104492188	129.40020457303189	855.70751953125	216.42126475607228	-629.5008544921875	-101.76397681418828	-702.4981689453125	-199.02430083484379	-72.0811767578125	172.58128025747223	91.42951965332031	25.338855093545448	-64.17303466796875	16.457488524775197	-59.28834915161133	-23.03777657882262	0.0	0.0	0.0	0.0
1.9538993835449219	1781093600.0	1781093600.703773	1	10.0	10.0	8.0	8.0	NeuronSpectrum 10.06.2026 14:49:30	EEG	checkup_149_10.06.2026 14:49:30	500.0	499.6666666666667	True	0.5	40.0	4	True	50.0	30.0	860.5821533203125	116.27260838536768	893.2179565429688	199.289510831549	-666.1651611328125	-95.07584963147671	-734.330078125	-186.68182832114428	-76.7729721069336	174.83784760263504	95.0832748413086	22.53619970792079	-68.15623474121094	12.137256551504738	-62.241153717041016	-22.411767155780318	0.0	0.0	0.0	0.0
1.9539008140563965	1781093600.0	1781093600.7037745	1	10.0	10.0	8.0	8.0	NeuronSpectrum 10.06.2026 14:49:30	EEG	checkup_149_10.06.2026 14:49:30	500.0	499.6666666666667	True	0.5	40.0	4	True	50.0	30.0	930.592041015625	96.56887040150653	961.8648071289062	175.24999587805507	-728.2256469726562	-84.53156331931804	-787.812255859375	-166.5927143763105	-84.96392822265625	178.87918615568304	102.32823181152344	18.857953720776084	-77.22976684570312	6.56960562079246	-67.08236694335938	-21.224173336696467	0.0	0.0	0.0	0.0
1.9539027214050293	1781093600.0	1781093600.7037764	1	10.0	10.0	8.0	8.0	NeuronSpectrum 10.06.2026 14:49:30	EEG	checkup_149_10.06.2026 14:49:30	500.0	499.6666666666667	True	0.5	40.0	4	True	50.0	30.0	975.595703125	73.25498880912501	1005.0464477539062	147.40409001901256	-771.1181030273438	-72.58561281843414	-817.556396484375	-141.0513636347979	-88.5705795288086	184.57190591286218	106.44654083251953	14.519047824733265	-90.47142028808594	-0.4021097280991591	-70.03369140625	-19.64867872450751	0.0	0.0	0.0	0.0
1.953904390335083	1781093600.0	1781093600.703778	1	10.0	10.0	8.0	8.0	NeuronSpectrum 10.06.2026 14:49:30	EEG	checkup_149_10.06.2026 14:49:30	500.0	499.6666666666667	True	0.5	40.0	4	True	50.0	30.0	921.092041015625	50.30061023425511	946.2886962890625	119.86765504269232	-734.703369140625	-62.320405259203255	-763.47509765625	-113.37488814517462	-77.41340637207031	191.481519135182	98.41236877441406	9.881814456818974	-103.56900024414062	-8.776161808132827	-66.02651977539062	-17.93617507594535	0.0	0.0	0.0	0.0
1.9539062976837158	1781093600.0	1781093600.70378	1	10.0	10.0	8.0	8.0	NeuronSpectrum 10.06.2026 14:49:30	EEG	checkup_149_10.06.2026 14:49:30	500.0	499.6666666666667	True	0.5	40.0	4	True	50.0	30.0	717.8605346679688	31.993932888738982	734.99755859375	97.07896995992947	-579.313720703125	-56.89945022017854	-587.0690307617188	-87.36101513451946	-45.32979965209961	198.94358086553814	72.23867797851562	5.385948892124386	-109.5248031616211	-18.361947247815472	-51.75429153442383	-16.371761518931173	0.0	0.0	0.0	0.0
1.9539079666137695	1781093600.0	1781093600.7037816	1	10.0	10.0	8.0	8.0	NeuronSpectrum 10.06.2026 14:49:30	EEG	checkup_149_10.06.2026 14:49:30	500.0	499.6666666666667	True	0.5	40.0	4	True	50.0	30.0	380.2049865722656	21.925356289953452	385.77325439453125	82.76615573244754	-316.5692443847656	-58.78168973949495	-302.0273742675781	-66.45068506892208	4.875763893127441	206.1954647146049	29.601654052734375	1.4321267447904926	-101.11981964111328	-28.75996701655511	-28.279096603393555	-15.208037661207017	0.0	0.0	0.0	0.0
1.9539098739624023	1781093600.0	1781093600.7037835	1	10.0	10.0	8.0	8.0	NeuronSpectrum 10.06.2026 14:49:30	EEG	checkup_149_10.06.2026 14:49:30	500.0	499.6666666666667	True	0.5	40.0	4	True	50.0	30.0	855.0415649414062	22.006524189952536	868.974609375	78.94637905516558	-713.93505859375	-68.9890054482226	-672.8264770507812	-52.89177978926687	-49.166568756103516	212.52668784780468	83.04653930664062	-1.7369581806461178	-131.59527587890625	-39.36991480297466	-60.42905044555664	-14.599333398657079	0.0	0.0	0.0	0.0
1.953911304473877	1781093600.0	1781093600.703785	1	10.0	10.0	8.0	8.0	NeuronSpectrum 10.06.2026 14:49:30	EEG	checkup_149_10.06.2026 14:49:30	500.0	499.6666666666667	True	0.5	40.0	4	True	50.0	30.0	854.3723754882812	31.964901839132253	864.2022094726562	85.40635743766737	-725.1766967773438	-86.77204230675115	-658.1717529296875	-47.26403923039173	-40.482177734375	217.390860544567	78.96015930175781	-4.104306649504418	-141.4429931640625	-49.445947525882396	-59.76296615600586	-14.566461400641389	0.0	0.0	0.0	0.0
1.9539132118225098	1781093600.0	1781093600.7037868	1	10.0	10.0	8.0	8.0	NeuronSpectrum 10.06.2026 14:49:30	EEG	checkup_149_10.06.2026 14:49:30	500.0	499.6666666666667	True	0.5	40.0	4	True	50.0	30.0	860.154541015625	49.52484709921368	866.1319580078125	99.88118094670685	-740.6085205078125	-109.8296690846998	-649.2811279296875	-48.54290883253615	-33.98299789428711	220.4459875050015	75.12274169921875	-5.867353339192335	-150.5150909423828	-58.20289034099718	-59.39103317260742	-15.005971239219726	0.0	0.0	0.0	0.0
1.9539151191711426	1781093600.0	1781093600.7037888	1	10.0	10.0	8.0	8.0	NeuronSpectrum 10.06.2026 14:49:30	EEG	checkup_149_10.06.2026 14:49:30	500.0	499.6666666666667	True	0.5	40.0	4	True	50.0	30.0	871.096435546875	71.12676725575918	873.8037109375	118.78229801707808	-758.4445190429688	-134.94611430772198	-645.88671875	-54.591818227497406	-30.610368728637695	221.5313817819216	71.77173614501953	-7.361971355211559	-157.85037231445312	-64.95171151204954	-59.26471710205078	-15.733671520750667	0.0	0.0	0.0	0.0
1.9539170265197754	1781093600.0	1781093600.7037907	1	10.0	10.0	8.0	8.0	NeuronSpectrum 10.06.2026 14:49:30	EEG	checkup_149_10.06.2026 14:49:30	500.0	499.6666666666667	True	0.5	40.0	4	True	50.0	30.0	878.6243896484375	92.8244066869539	878.7706909179688	138.1098469366809	-771.2108764648438	-158.7428122889156	-641.9951782226562	-62.80311885246277	-29.39679718017578	220.6144657662974	68.42341613769531	-8.961141522632127	-161.3973388671875	-69.22371062158037	-58.899559020996094	-16.53837043875481	0.0	0.0	0.0	0.0
1.953918695449829	1781093600.0	1781093600.7037923	1	10.0	10.0	8.0	8.0	NeuronSpectrum 10.06.2026 14:49:30	EEG	checkup_149_10.06.2026 14:49:30	500.0	499.6666666666667	True	0.5	40.0	4	True	50.0	30.0	871.4804077148438	111.03595553769462	869.6902465820312	154.22062719315207	-769.595703125	-178.27863415417102	-629.40283203125	-70.63720408894363	-28.236303329467773	217.73718952432765	64.201904296875	-10.98472426977806	-159.2107696533203	-70.84262998499092	-57.66409683227539	-17.224932610156817	0.0	0.0	0.0	0.0
1.9539203643798828	1781093600.0	1781093600.703794	1	10.0	10.0	8.0	8.0	NeuronSpectrum 10.06.2026 14:49:30	EEG	checkup_149_10.06.2026 14:49:30	500.0	499.6666666666667	True	0.5	40.0	4	True	50.0	30.0	846.7940063476562	123.00053865336925	843.56787109375	164.30124329556563	-751.5585327148438	-191.38348607473912	-606.114990234375	-75.94984162705974	-26.345090866088867	212.97300761906158	58.8294792175293	-13.638562523372746	-151.6942138671875	-69.92270584660635	-55.47921371459961	-17.63821499817901	0.0	0.0	0.0	0.0
1.9539220333099365	1781093600.0	1781093600.7037957	1	10.0	10.0	8.0	8.0	NeuronSpectrum 10.06.2026 14:49:30	EEG	checkup_149_10.06.2026 14:49:30	500.0	499.6666666666667	True	0.5	40.0	4	True	50.0	30.0	819.0101318359375	126.96924299320624	814.8927612304688	166.57503106333579	-729.6084594726562	-196.76145626008503	-583.0685424804688	-77.13741390407482	-26.567790985107422	206.38787541442247	53.49458694458008	-16.983503963545058	-142.9955596923828	-66.80018152145361	-53.369895935058594	-17.671518832011323	0.0	0.0	0.0	0.0
1.9539239406585693	1781093600.0	1781093600.7037976	1	10.0	10.0	8.0	8.0	NeuronSpectrum 10.06.2026 14:49:30	EEG	checkup_149_10.06.2026 14:49:30	500.0	499.6666666666667	True	0.5	40.0	4	True	50.0	30.0	815.4426879882812	122.26423150463549	811.2081298828125	160.3756020745923	-727.0048828125	-193.9879480281219	-580.6375122070312	-73.20909706836302	-34.869625091552734	197.99147933646316	50.537113189697266	-20.92523520867066	-139.42587280273438	-61.932924018684524	-53.14390182495117	-17.269736116011984	0.0	0.0	0.0	0.0
1.953925609588623	1781093600.0	1781093600.7037992	1	10.0	10.0	8.0	8.0	NeuronSpectrum 10.06.2026 14:49:30	EEG	checkup_149_10.06.2026 14:49:30	500.0	499.6666666666667	True	0.5	40.0	4	True	50.0	30.0	855.4752807617188	109.34072813733795	852.0369873046875	146.21966368735713	-760.4094848632812	-183.52506347701797	-612.755859375	-63.89168669277632	-55.98784637451172	187.6722411733448	51.63202667236328	-25.215765201516863	-144.7525177001953	-55.81333601672152	-56.01408767700195	-16.436539656434803	0.0	0.0	0.0	0.0
1.9539275169372559	1781093600.0	1781093600.7038012	1	10.0	10.0	8.0	8.0	NeuronSpectrum 10.06.2026 14:49:30	EEG	checkup_149_10.06.2026 14:49:30	500.0	499.6666666666667	True	0.5	40.0	4	True	50.0	30.0	925.443603515625	89.88708864437355	923.3777465820312	125.9102826272303	-818.9210815429688	-166.79289904367167	-667.9280395507812	-49.790200196593396	-87.59791564941406	175.1314801847566	55.54366683959961	-29.46561515405577	-155.31898498535156	-48.92562761214027	-60.96282196044922	-15.247254000347715	0.0	0.0	0.0	0.0
1.9539291858673096	1781093600.0	1781093600.7038028	1	10.0	10.0	8.0	8.0	NeuronSpectrum 10.06.2026 14:49:30	EEG	checkup_149_10.06.2026 14:49:30	500.0	499.6666666666667	True	0.5	40.0	4	True	50.0	30.0	970.376708984375	66.84995801240679	969.312255859375	102.55231936532901	-857.0196533203125	-146.2053876020548	-703.2667236328125	-32.50738288184306	-117.72429656982422	159.85901666292943	57.38496780395508	-33.17687903423712	-159.43943786621094	-41.745549168208804	-64.23775482177734	-13.858297782830865	0.0	0.0	0.0	0.0
1.9539310932159424	1781093600.0	1781093600.7038047	1	10.0	10.0	8.0	8.0	NeuronSpectrum 10.06.2026 14:49:30	EEG	checkup_149_10.06.2026 14:49:30	500.0	499.6666666666667	True	0.5	40.0	4	True	50.0	30.0	916.1961059570312	44.17707194422929	914.5745849609375	80.26841928673106	-812.7839965820312	-124.99406508348231	-661.7857666015625	-14.547914062500055	-128.87559509277344	141.20430384091858	50.63143539428711	-35.81209614514208	-143.33627319335938	-34.74948970729032	-60.85862350463867	-12.497400963042173	0.0	0.0	0.0	0.0
1.953932762145996	1781093600.0	1781093600.7038064	1	10.0	10.0	8.0	8.0	NeuronSpectrum 10.06.2026 14:49:30	EEG	checkup_149_10.06.2026 14:49:30	500.0	499.6666666666667	True	0.5	40.0	4	True	50.0	30.0	714.0108032226562	26.13386702509738	709.5750732421875	63.47226671792415	-644.635986328125	-106.68975886862655	-506.3681640625	1.1206151519764356	-107.67127990722656	118.572567752792	31.11836051940918	-36.90373037372316	-100.91692352294922	-28.394664714816297	-47.56525802612305	-11.423208633482396	0.0	0.0	0.0	0.0
1.9539344310760498	1781093600.0	1781093600.703808	1	10.0	10.0	8.0	8.0	NeuronSpectrum 10.06.2026 14:49:30	EEG	checkup_149_10.06.2026 14:49:30	500.0	499.6666666666667	True	0.5	40.0	4	True	50.0	30.0	378.1193542480469	16.288237922552867	368.9881896972656	55.8017173795809	-363.2364501953125	-94.32613787566926	-248.62733459472656	11.794824283105907	-53.977378845214844	91.71173050540125	0.4100191593170166	-36.18402215707526	-40.68354034423828	-23.061119311786687	-25.32448387145996	-10.859400127102564	0.0	0.0	0.0	0.0
2.0048253536224365	1781093600.0	1781093600.754699	1	10.0	10.0	8.0	8.0	NeuronSpectrum 10.06.2026 14:49:30	EEG	checkup_149_10.06.2026 14:49:30	500.0	499.6666666666667	True	0.5	40.0	4	True	50.0	30.0	850.4527587890625	16.530186246963403	853.7355346679688	59.093994941421215	-748.5963745117188	-89.65528380589961	-602.417236328125	15.782846584908015	-189.53294372558594	60.98580414658133	48.583316802978516	-33.68966612248536	-127.31977081298828	-18.987326788950615	-56.248802185058594	-10.92755037519985	0.0	0.0	0.0	0.0
2.004831314086914	1781093600.0	1781093600.754705	1	10.0	10.0	8.0	8.0	NeuronSpectrum 10.06.2026 14:49:30	EEG	checkup_149_10.06.2026 14:49:30	500.0	499.6666666666667	True	0.5	40.0	4	True	50.0	30.0	850.1395263671875	26.56676485214668	857.5030517578125	72.86017955180692	-743.5277099609375	-92.73083275656367	-596.2000732421875	12.839415562507805	-219.9539031982422	27.509200848941937	52.422183990478516	-29.792664020024493	-122.0443115234375	-16.244550510537977	-56.018333435058594	-11.608908312830673	0.0	0.0	0.0	0.0
2.0048341751098633	1781093600.0	1781093600.7547078	1	10.0	10.0	8.0	8.0	NeuronSpectrum 10.06.2026 14:49:30	EEG	checkup_149_10.06.2026 14:49:30	500.0	499.6666666666667	True	0.5	40.0	4	True	50.0	30.0	856.393798828125	44.10419952282325	869.1245727539062	94.48094262261522	-743.2300415039062	-102.03146813730432	-594.7901000976562	4.120138835451065	-253.12303161621094	-6.928974175855349	57.24047088623047	-25.13683440336559	-116.20709228515625	-14.764655902482781	-56.26757049560547	-12.750903312295167	0.0	0.0	0.0	0.0
2.004836320877075	1781093600.0	1781093600.75471	1	10.0	10.0	8.0	8.0	NeuronSpectrum 10.06.2026 14:49:30	EEG	checkup_149_10.06.2026 14:49:30	500.0	499.6666666666667	True	0.5	40.0	4	True	50.0	30.0	867.7755126953125	65.57003285511325	886.4780883789062	119.97508338667255	-747.0489501953125	-115.00659691301051	-598.1016845703125	-8.250102906121132	-286.9669494628906	-40.128360827841895	62.203399658203125	-20.500773496126985	-110.83052062988281	-14.392661115899045	-56.93875503540039	-14.110621251157268	0.0	0.0	0.0	0.0
2.004838705062866	1781093600.0	1781093600.7547123	1	10.0	10.0	8.0	8.0	NeuronSpectrum 10.06.2026 14:49:30	EEG	checkup_149_10.06.2026 14:49:30	500.0	499.6666666666667	True	0.5	40.0	4	True	50.0	30.0	875.5663452148438	87.01565770717283	899.6515502929688	144.97023456876627	-748.4903564453125	-128.75510038404244	-600.5477905273438	-21.744567984455728	-316.4634704589844	-69.8400449544779	65.78938293457031	-16.63420711073758	-106.87193298339844	-14.922579322644742	-57.47545623779297	-15.412956806315076	0.0	0.0	0.0	0.0
2.004840612411499	1781093600.0	1781093600.7547143	1	10.0	10.0	8.0	8.0	NeuronSpectrum 10.06.2026 14:49:30	EEG	checkup_149_10.06.2026 14:49:30	500.0	499.6666666666667	True	0.5	40.0	4	True	50.0	30.0	868.41650390625	104.87336612441202	896.0029907226562	165.53426545782935	-738.9796752929688	-140.5795894115279	-594.2597045898438	-33.914666353988665	-335.5816650390625	-94.12990190512016	66.37028503417969	-14.114583672689436	-104.8208236694336	-16.09932909603236	-57.11294174194336	-16.402377447413198	0.0	0.0	0.0	0.0
2.004842758178711	1781093600.0	1781093600.7547164	1	10.0	10.0	8.0	8.0	NeuronSpectrum 10.06.2026 14:49:30	EEG	checkup_149_10.06.2026 14:49:30	500.0	499.6666666666667	True	0.5	40.0	4	True	50.0	30.0	843.4256591796875	116.41640643755555	871.9566650390625	178.70052515167734	-716.80322265625	-148.30516591724972	-577.0682983398438	-42.68701406577163	-341.7657775878906	-111.67251188512147	63.44075393676758	-13.253655855230724	-104.52690887451172	-17.601751737582934	-55.569244384765625	-16.877564343804003	0.0	0.0	0.0	0.0
2.0048446655273438	1781093600.0	1781093600.7547183	1	10.0	10.0	8.0	8.0	NeuronSpectrum 10.06.2026 14:49:30	EEG	checkup_149_10.06.2026 14:49:30	500.0	499.6666666666667	True	0.5	40.0	4	True	50.0	30.0	815.0532836914062	119.94811276047196	842.503662109375	182.7013368279137	-694.1209716796875	-150.3987875398372	-558.9820556640625	-46.50698005752813	-339.7499084472656	-121.94523434142688	58.626949310302734	-14.062783085091565	-105.37528228759766	-19.036273874004554	-53.60862350463867	-16.708948089388112	0.0	0.0	0.0	0.0
2.0048463344573975	1781093600.0	1781093600.75472	1	10.0	10.0	8.0	8.0	NeuronSpectrum 10.06.2026 14:49:30	EEG	checkup_149_10.06.2026 14:49:30	500.0	499.6666666666667	True	0.5	40.0	4	True	50.0	30.0	810.6737060546875	114.85217505226865	836.6644897460938	177.0358172285172	-692.969970703125	-146.01000299044745	-559.0269165039062	-44.42655422891091	-340.3828125	-125.32445933909581	55.293731689453125	-16.268781832018178	-106.70317077636719	-19.96338393330904	-52.79887008666992	-15.845785910139183	0.0	0.0	0.0	0.0
2.0048482418060303	1781093600.0	1781093600.7547219	1	10.0	10.0	8.0	8.0	NeuronSpectrum 10.06.2026 14:49:30	EEG	checkup_149_10.06.2026 14:49:30	500.0	499.6666666666667	True	0.5	40.0	4	True	50.0	30.0	849.813720703125	101.64002721190998	875.7450561523438	162.50751465461374	-728.0904541015625	-135.0505515478305	-590.31298828125	-36.22679190366929	-353.06671142578125	-123.0985895524126	56.361488342285156	-19.363937701623954	-108.14678192138672	-19.95938024529996	-54.28456497192383	-14.320181629853877	0.0	0.0	0.0	0.0
2.004849910736084	1781093600.0	1781093600.7547235	1	10.0	10.0	8.0	8.0	NeuronSpectrum 10.06.2026 14:49:30	EEG	checkup_149_10.06.2026 14:49:30	500.0	499.6666666666667	True	0.5	40.0	4	True	50.0	30.0	919.0763549804688	82.03449983342125	946.8736572265625	141.2737021610084	-786.6912231445312	-118.34140996726335	-642.0667114257812	-22.58591356181541	-376.0047302246094	-117.39900845170635	61.48994827270508	-22.676163442090388	-109.57498168945312	-18.69580772578346	-57.29765701293945	-12.250387044496119	0.0	0.0	0.0	0.0
2.004851818084717	1781093600.0	1781093600.7547255	1	10.0	10.0	8.0	8.0	NeuronSpectrum 10.06.2026 14:49:30	EEG	checkup_149_10.06.2026 14:49:30	500.0	499.6666666666667	True	0.5	40.0	4	True	50.0	30.0	963.851318359375	58.982351903573274	993.9095458984375	116.80196333138568	-822.4825439453125	-97.72590361941148	-673.92236328125	-5.19312629313615	-392.0958251953125	-111.02151166065657	65.82765197753906	-25.455034578705643	-110.49589538574219	-16.00766502547205	-58.66743469238281	-9.837736796317031	0.0	0.0	0.0	0.0
2.0048534870147705	1781093600.0	1781093600.7547271	1	10.0	10.0	8.0	8.0	NeuronSpectrum 10.06.2026 14:49:30	EEG	checkup_149_10.06.2026 14:49:30	500.0	499.6666666666667	True	0.5	40.0	4	True	50.0	30.0	910.37744140625	36.393543452333375	940.0658569335938	93.53469242183506	-774.7227172851562	-75.96287801830614	-632.2115478515625	13.359640849143018	-375.8946533203125	-107.09599673554254	61.89849853515625	-26.97751492558088	-109.23432922363281	-11.922897448174917	-54.13304901123047	-7.346488402013501	0.0	0.0	0.0	0.0
2.0048553943634033	1781093600.0	1781093600.754729	1	10.0	10.0	8.0	8.0	NeuronSpectrum 10.06.2026 14:49:30	EEG	checkup_149_10.06.2026 14:49:30	500.0	499.6666666666667	True	0.5	40.0	4	True	50.0	30.0	709.8436889648438	18.466089162806103	733.8035888671875	76.12600413036877	-604.8338623046875	-56.262019196919255	-482.06134033203125	30.02565202600698	-309.16143798828125	-108.59518831263935	44.01545333862305	-26.673113334132317	-102.53209686279297	-6.639041962835964	-40.952083587646484	-5.059646903601593	0.0	0.0	0.0	0.0
2.004856824874878	1781093600.0	1781093600.7547305	1	10.0	10.0	8.0	8.0	NeuronSpectrum 10.06.2026 14:49:30	EEG	checkup_149_10.06.2026 14:49:30	500.0	499.6666666666667	True	0.5	40.0	4	True	50.0	30.0	376.2708740234375	8.689225821408344	388.6272277832031	68.35706060815973	-326.9515380859375	-41.518468503379985	-234.69390869140625	42.02971180448618	-194.99806213378906	-117.75943913001691	12.457084655761719	-24.249224236459366	-86.22897338867188	-0.4533775418101609	-20.116132736206055	-3.2174542025159782	0.0	0.0	0.0	0.0
2.0048587322235107	1781093600.0	1781093600.7547324	1	10.0	10.0	8.0	8.0	NeuronSpectrum 10.06.2026 14:49:30	EEG	checkup_149_10.06.2026 14:49:30	500.0	499.6666666666667	True	0.5	40.0	4	True	50.0	30.0	846.3991088867188	8.885859825327135	883.1934814453125	72.11207281704257	-702.5084228515625	-33.530980937723506	-570.6341552734375	47.60776420660159	-388.99993896484375	-135.60521993622015	66.46080017089844	-19.776211521022255	-84.33853149414062	6.327397511573448	-47.05601501464844	-1.9604231483648336	0.0	0.0	0.0	0.0
2.0048601627349854	1781093600.0	1781093600.7547338	1	10.0	10.0	8.0	8.0	NeuronSpectrum 10.06.2026 14:49:30	EEG	checkup_149_10.06.2026 14:49:30	500.0	499.6666666666667	True	0.5	40.0	4	True	50.0	30.0	846.0027465820312	18.727010091492172	887.7877197265625	86.86874832015334	-692.3878784179688	-32.5563430852346	-563.833251953125	46.43526198098215	-412.1290283203125	-161.69743013394677	72.49884033203125	-13.690938871602048	-76.88079833984375	13.462571210846793	-45.941959381103516	-1.302126464349732	0.0	0.0	0.0	0.0
2.004862070083618	1781093600.0	1781093600.7547357	1	10.0	10.0	8.0	8.0	NeuronSpectrum 10.06.2026 14:49:30	EEG	checkup_149_10.06.2026 14:49:30	500.0	499.6666666666667	True	0.5	40.0	4	True	50.0	30.0	851.755126953125	35.92385865377575	899.389892578125	109.91728007806847	-687.3744506835938	-37.377438815372344	-561.8595581054688	39.580449101222904	-441.6593933105469	-194.26495258061695	79.23210144042969	-6.706777339674849	-70.43546295166016	20.809597460180154	-45.19062423706055	-1.142713445474931	0.0	0.0	0.0	0.0
2.004863739013672	1781093600.0	1781093600.7547374	1	10.0	10.0	8.0	8.0	NeuronSpectrum 10.06.2026 14:49:30	EEG	checkup_149_10.06.2026 14:49:30	500.0	499.6666666666667	True	0.5	40.0	4	True	50.0	30.0	862.3592529296875	56.947767838603795	916.291015625	137.1489099209494	-687.3572998046875	-45.78111307422427	-564.390625	29.07513057835247	-475.2251281738281	-230.59121921479544	85.8529281616211	0.3407195688634061	-64.54207611083984	28.305521594708143	-44.72721862792969	-1.3127910000857361	0.0	0.0	0.0	0.0
2.0048656463623047	1781093600.0	1781093600.7547393	1	10.0	10.0	8.0	8.0	NeuronSpectrum 10.06.2026 14:49:30	EEG	checkup_149_10.06.2026 14:49:30	500.0	499.6666666666667	True	0.5	40.0	4	True	50.0	30.0	869.3643798828125	77.92021094988766	929.1652221679688	164.03546755395678	-686.4017944335938	-55.17706992556456	-565.8646850585938	17.34764237691224	-506.65887451171875	-267.5225436592109	90.8232421875	6.659817477559887	-57.83423614501953	35.91356755911687	-44.100582122802734	-1.6252830562356648	0.0	0.0	0.0	0.0
2.0048670768737793	1781093600.0	1781093600.7547407	1	10.0	10.0	8.0	8.0	NeuronSpectrum 10.06.2026 14:49:30	EEG	checkup_149_10.06.2026 14:49:30	500.0	499.6666666666667	True	0.5	40.0	4	True	50.0	30.0	861.7103881835938	95.35116084961484	925.9258422851562	186.45787806984197	-676.1095581054688	-63.11818696311271	-558.6517333984375	6.739124691438784	-528.6016845703125	-301.9460394331807	92.5453872680664	11.632992136670662	-48.96902847290039	43.56490993604054	-42.74264144897461	-1.9158155776032497	0.0	0.0	0.0	0.0
2.004868745803833	1781093600.0	1781093600.7547424	1	10.0	10.0	8.0	8.0	NeuronSpectrum 10.06.2026 14:49:30	EEG	checkup_149_10.06.2026 14:49:30	500.0	499.6666666666667	True	0.5	40.0	4	True	50.0	30.0	836.6646118164062	106.58000737734756	903.3414916992188	201.22421998708563	-654.0357666015625	-67.61850879766133	-540.7986450195312	-0.798320777150235	-538.4636840820312	-331.15742644405486	90.77547454833984	14.887681974455804	-38.12605285644531	51.12419064797101	-40.58168411254883	-2.063452182920373	0.0	0.0	0.0	0.0
2.0048704147338867	1781093600.0	1781093600.754744	1	10.0	10.0	8.0	8.0	NeuronSpectrum 10.06.2026 14:49:30	EEG	checkup_149_10.06.2026 14:49:30	500.0	499.6666666666667	True	0.5	40.0	4	True	50.0	30.0	808.6301879882812	109.95016904482044	876.3644409179688	206.30324117210822	-630.6602172851562	-67.29775462425367	-522.2828979492188	-3.8453759757753705	-543.151611328125	-353.11338281918944	87.67627716064453	16.309023282784402	-27.858186721801758	58.39192617673609	-38.52620315551758	-1.9947954308922111	0.0	0.0	0.0	0.0
2.0048718452453613	1781093600.0	1781093600.7547455	1	10.0	10.0	8.0	8.0	NeuronSpectrum 10.06.2026 14:49:30	EEG	checkup_149_10.06.2026 14:49:30	500.0	499.6666666666667	True	0.5	40.0	4	True	50.0	30.0	804.7245483398438	104.85273798452783	873.4345703125	200.9091201022942	-626.319091796875	-61.45408259468134	-521.885986328125	-1.5943033634926111	-556.6293334960938	-366.6099321836386	87.11830139160156	16.01420995754553	-22.02007293701172	65.13608909382026	-38.18962097167969	-1.6809900149250419	0.0	0.0	0.0	0.0
2.004873752593994	1781093600.0	1781093600.7547474	1	10.0	10.0	8.0	8.0	NeuronSpectrum 10.06.2026 14:49:30	EEG	checkup_149_10.06.2026 14:49:30	500.0	499.6666666666667	True	0.5	40.0	4	True	50.0	30.0	844.1856689453125	91.77587761286641	914.69921875	185.57582637073023	-655.6477661132812	-50.160681235161235	-552.6106567382812	6.047904330134282	-588.8071899414062	-371.429848898985	91.91563415527344	14.312908303415194	-22.79326057434082	71.13069569520681	-40.692142486572266	-1.1372105009771536	0.0	0.0	0.0	0.0
2.0048751831054688	1781093600.0	1781093600.7547488	1	10.0	10.0	8.0	8.0	NeuronSpectrum 10.06.2026 14:49:30	EEG	checkup_149_10.06.2026 14:49:30	500.0	499.6666666666667	True	0.5	40.0	4	True	50.0	30.0	913.5162963867188	72.39753059931382	985.8028564453125	162.25665205440907	-708.4745483398438	-34.401244033887195	-604.1358642578125	18.316988815145905	-632.2398071289062	-368.4560933302491	100.58377075195312	11.668399868060986	-27.739683151245117	76.17999818889827	-45.22509765625	-0.4279732952570423	0.0	0.0	0.0	0.0
2.0048770904541016	1781093600.0	1781093600.7547507	1	10.0	10.0	8.0	8.0	NeuronSpectrum 10.06.2026 14:49:30	EEG	checkup_149_10.06.2026 14:49:30	500.0	499.6666666666667	True	0.5	40.0	4	True	50.0	30.0	958.3111572265625	49.61102713475798	1029.399658203125	134.3307618629381	-743.198974609375	-16.145481255068265	-637.200927734375	33.50138156250475	-657.9041137695312	-359.6798168542464	106.31854248046875	8.655628554960556	-29.651391983032227	80.12223304454605	-48.580848693847656	0.32777917398681444	0.0	0.0	0.0	0.0
2.0048787593841553	1781093600.0	1781093600.7547524	1	10.0	10.0	8.0	8.0	NeuronSpectrum 10.06.2026 14:49:30	EEG	checkup_149_10.06.2026 14:49:30	500.0	499.6666666666667	True	0.5	40.0	4	True	50.0	30.0	905.2210083007812	27.278036102964137	968.517578125	106.30116394265056	-703.1888427734375	1.8039413928245782	-599.4309692382812	49.06327415223772	-627.1849975585938	-347.9929059848338	99.87405395507812	5.898158747784522	-20.48522186279297	82.82544311317474	-46.42280197143555	0.9643328870126823	0.0	0.0	0.0	0.0
2.004880428314209	1781093600.0	1781093600.754754	1	10.0	10.0	8.0	8.0	NeuronSpectrum 10.06.2026 14:49:30	EEG	checkup_149_10.06.2026 14:49:30	500.0	499.6666666666667	True	0.5	40.0	4	True	50.0	30.0	705.7817993164062	9.56455667968133	752.87890625	83.03649763488743	-550.2177734375	16.309197918413346	-456.6152038574219	62.0824924863765	-515.445068359375	-336.70015403734783	75.20175170898438	3.9701973089342637	2.5004987716674805	84.19433185823046	-35.823516845703125	1.299412667094225	0.0	0.0	0.0	0.0
2.0048820972442627	1781093600.0	1781093600.7547557	1	10.0	10.0	8.0	8.0	NeuronSpectrum 10.06.2026 14:49:30	EEG	checkup_149_10.06.2026 14:49:30	500.0	499.6666666666667	True	0.5	40.0	4	True	50.0	30.0	374.0277404785156	-0.049916100097746274	398.4022521972656	68.65962424977978	-293.668212890625	24.66999488283969	-219.3807373046875	69.9631438313522	-331.96038818359375	-328.82207598072233	34.204559326171875	3.2755229591777177	32.74840545654297	84.194587782524	-17.457914352416992	1.1837202738666812	0.0	0.0	0.0	0.0
2.055748701095581	1781093600.0	1781093600.8056223	1	10.0	10.0	8.0	8.0	NeuronSpectrum 10.06.2026 14:49:30	EEG	checkup_149_10.06.2026 14:49:30	500.0	499.6666666666667	True	0.5	40.0	4	True	50.0	30.0	841.2861328125	0.2692267469082896	889.6888427734375	65.47214144114075	-653.1268310546875	25.389453917186948	-550.7379760742188	71.14621681898005	-580.1485595703125	-326.4097986444999	94.01542663574219	3.945830674126806	-19.375152587890625	82.88042307821779	-44.76819610595703	0.550988523343599	0.0	0.0	0.0	0.0
2.055755376815796	1781093600.0	1781093600.805629	1	10.0	10.0	8.0	8.0	NeuronSpectrum 10.06.2026 14:49:30	EEG	checkup_149_10.06.2026 14:49:30	500.0	499.6666666666667	True	0.5	40.0	4	True	50.0	30.0	841.0497436523438	10.218581938711328	887.2418212890625	73.3817643790757	-652.7232666015625	18.591841110019267	-548.7780151367188	65.51436065976458	-576.9161987304688	-330.1332416615844	94.57701873779297	5.808097602740385	-21.194795608520508	80.40372705756116	-45.14107894897461	-0.5551383765073472	0.0	0.0	0.0	0.0
2.0557572841644287	1781093600.0	1781093600.805631	1	10.0	10.0	8.0	8.0	NeuronSpectrum 10.06.2026 14:49:30	EEG	checkup_149_10.06.2026 14:49:30	500.0	499.6666666666667	True	0.5	40.0	4	True	50.0	30.0	847.1812133789062	27.53707646120194	892.7327880859375	90.06081294258435	-657.0657348632812	5.922928331119117	-551.6875	54.33135758661327	-579.3983764648438	-339.2778518629841	95.88036346435547	8.441323719333525	-22.84680938720703	76.99827327003783	-45.67534255981445	-1.989198596748286	0.0	0.0	0.0	0.0
2.0557596683502197	1781093600.0	1781093600.8056333	1	10.0	10.0	8.0	8.0	NeuronSpectrum 10.06.2026 14:49:30	EEG	checkup_149_10.06.2026 14:49:30	500.0	499.6666666666667	True	0.5	40.0	4	True	50.0	30.0	858.3353881835938	48.714626835189904	904.6654663085938	111.68817154103161	-665.2071533203125	-9.96276652646103	-558.8470458984375	39.80793183468814	-586.880859375	-352.08590533897	97.73825073242188	11.298557769955684	-24.508495330810547	72.95323445273489	-46.35654830932617	-3.5395688168064137	0.0	0.0	0.0	0.0
2.0557615756988525	1781093600.0	1781093600.8056352	1	10.0	10.0	8.0	8.0	NeuronSpectrum 10.06.2026 14:49:30	EEG	checkup_149_10.06.2026 14:49:30	500.0	499.6666666666667	True	0.5	40.0	4	True	50.0	30.0	865.979736328125	69.87533640287013	913.8461303710938	133.9032729127776	-670.7035522460938	-26.060454143537893	-564.4638671875	24.53309089579439	-594.1610717773438	-366.2549757812771	98.98967742919922	13.844547070244014	-26.702411651611328	68.59408749020965	-46.8132209777832	-4.973147176366311	0.0	0.0	0.0	0.0
2.0557637214660645	1781093600.0	1781093600.8056374	1	10.0	10.0	8.0	8.0	NeuronSpectrum 10.06.2026 14:49:30	EEG	checkup_149_10.06.2026 14:49:30	500.0	499.6666666666667	True	0.5	40.0	4	True	50.0	30.0	858.96337890625	87.5157403184422	908.1827392578125	152.63255305441433	-665.1563110351562	-39.57598713711988	-560.7606201171875	10.986799111630383	-594.2498168945312	-379.4134278145911	98.07606506347656	15.664618520531628	-29.847553253173828	64.2743246881854	-46.52482604980469	-6.072873114708011	0.0	0.0	0.0	0.0
2.0557658672332764	1781093600.0	1781093600.8056395	1	10.0	10.0	8.0	8.0	NeuronSpectrum 10.06.2026 14:49:30	EEG	checkup_149_10.06.2026 14:49:30	500.0	499.6666666666667	True	0.5	40.0	4	True	50.0	30.0	834.4555053710938	98.95115426047478	884.1118774414062	164.626036084519	-646.6448364257812	-48.27743605050982	-545.6373901367188	1.2302981024132136	-584.6158447265625	-389.4763963094164	94.50926208496094	16.523222321997004	-33.65985107421875	60.365702783074696	-45.35234832763672	-6.661524121478196	0.0	0.0	0.0	0.0
2.05576753616333	1781093600.0	1781093600.8056412	1	10.0	10.0	8.0	8.0	NeuronSpectrum 10.06.2026 14:49:30	EEG	checkup_149_10.06.2026 14:49:30	500.0	499.6666666666667	True	0.5	40.0	4	True	50.0	30.0	806.7471923828125	102.49812641040997	855.8292846679688	167.7217118906046	-626.3909912109375	-50.65932750248951	-528.8351440429688	-3.2487253861621	-572.2328491210938	-394.8743359961015	90.12715148925781	16.374082876072585	-36.94001770019531	57.23204128414661	-43.96538162231445	-6.614339125296635	0.0	0.0	0.0	0.0
2.055769205093384	1781093600.0	1781093600.8056428	1	10.0	10.0	8.0	8.0	NeuronSpectrum 10.06.2026 14:49:30	EEG	checkup_149_10.06.2026 14:49:30	500.0	499.6666666666667	True	0.5	40.0	4	True	50.0	30.0	802.852783203125	97.52460882208764	850.8548583984375	160.96205257299323	-625.105224609375	-46.019696397974	-528.8601684570312	-1.6261822611568708	-571.3209228515625	-394.7012052011084	88.6388931274414	15.339111562367489	-38.19093322753906	55.18167718822954	-43.616546630859375	-5.867644373880324	0.0	0.0	0.0	0.0
2.0557708740234375	1781093600.0	1781093600.8056445	1	10.0	10.0	8.0	8.0	NeuronSpectrum 10.06.2026 14:49:30	EEG	checkup_149_10.06.2026 14:49:30	500.0	499.6666666666667	True	0.5	40.0	4	True	50.0	30.0	841.9866943359375	84.50192320598393	888.884765625	144.69063775107264	-656.9202270507812	-34.54884265163893	-558.6498413085938	6.1474175832899025	-592.169921875	-388.8343919524063	92.97773742675781	13.676327602475723	-36.87807083129883	54.40781682310918	-45.12874984741211	-4.4296025827852255	0.0	0.0	0.0	0.0
2.055772542953491	1781093600.0	1781093600.8056462	1	10.0	10.0	8.0	8.0	NeuronSpectrum 10.06.2026 14:49:30	EEG	checkup_149_10.06.2026 14:49:30	500.0	499.6666666666667	True	0.5	40.0	4	True	50.0	30.0	910.7855224609375	65.09563516878751	956.1967163085938	120.65994254379318	-710.3497924804688	-17.44970923565868	-608.3250732421875	19.20236113856655	-627.5647583007812	-378.0332244773613	101.93103790283203	11.74765210706939	-34.38428497314453	54.93514534808532	-47.70026779174805	-2.3930943863979866	0.0	0.0	0.0	0.0
2.055774688720703	1781093600.0	1781093600.8056483	1	10.0	10.0	8.0	8.0	NeuronSpectrum 10.06.2026 14:49:30	EEG	checkup_149_10.06.2026 14:49:30	500.0	499.6666666666667	True	0.5	40.0	4	True	50.0	30.0	955.1466064453125	42.18687014848234	997.1828002929688	92.03623109839023	-742.5396118164062	3.0059706177803065	-639.6327514648438	35.66369825480603	-648.260986328125	-363.9529555915522	108.79446411132812	9.981116197151348	-33.54221725463867	56.59093360679818	-48.56632614135742	0.057319158705100515	0.0	0.0	0.0	0.0
2.055776357650757	1781093600.0	1781093600.80565	1	10.0	10.0	8.0	8.0	NeuronSpectrum 10.06.2026 14:49:30	EEG	checkup_149_10.06.2026 14:49:30	500.0	499.6666666666667	True	0.5	40.0	4	True	50.0	30.0	902.0849609375	19.621921020480244	936.8707885742188	63.097040389714245	-696.959228515625	23.654277545247776	-601.4002685546875	52.78104417273103	-614.8591918945312	-348.9690977749084	103.94873046875	8.81071371131461	-36.48180389404297	59.01145234817753	-44.156856536865234	2.656984545925222	0.0	0.0	0.0	0.0
2.0557780265808105	1781093600.0	1781093600.8056517	1	10.0	10.0	8.0	8.0	NeuronSpectrum 10.06.2026 14:49:30	EEG	checkup_149_10.06.2026 14:49:30	500.0	499.6666666666667	True	0.5	40.0	4	True	50.0	30.0	703.37158203125	1.5489499375566478	725.9364013671875	38.485505028851414	-537.6356811523438	40.96580019809295	-460.1412353515625	67.38467778715112	-501.57354736328125	-335.74717468427457	80.48373413085938	8.58359391339002	-41.98887634277344	61.685224228124326	-32.29472732543945	5.099820267478235	0.0	0.0	0.0	0.0
2.0557796955108643	1781093600.0	1781093600.8056533	1	10.0	10.0	8.0	8.0	NeuronSpectrum 10.06.2026 14:49:30	EEG	checkup_149_10.06.2026 14:49:30	500.0	499.6666666666667	True	0.5	40.0	4	True	50.0	30.0	372.98773193359375	-8.56710037544583	379.32257080078125	22.12939532477013	-277.7994079589844	51.852547160321315	-226.1786346435547	76.60870373529465	-316.6042175292969	-326.62341954991336	39.3268928527832	9.450894390895723	-44.494842529296875	64.0275785739754	-14.008471488952637	7.09927493608169	0.0	0.0	0.0	0.0
2.1067519187927246	1781093600.0	1781093600.8566256	1	10.0	10.0	8.0	8.0	NeuronSpectrum 10.06.2026 14:49:30	EEG	checkup_149_10.06.2026 14:49:30	500.0	499.6666666666667	True	0.5	40.0	4	True	50.0	30.0	837.6923828125	-8.894026113085197	854.8977661132812	16.208066560435874	-637.6126708984375	54.47100239280552	-549.7687377929688	78.62722433497235	-565.8003540039062	-323.00748642943296	102.88151550292969	11.288144161423556	-26.08717155456543	65.47566599920823	-35.98098373413086	8.451740761361163	0.0	0.0	0.0	0.0
2.1067583560943604	1781093600.0	1781093600.856632	1	10.0	10.0	8.0	8.0	NeuronSpectrum 10.06.2026 14:49:30	EEG	checkup_149_10.06.2026 14:49:30	500.0	499.6666666666667	True	0.5	40.0	4	True	50.0	30.0	836.8701171875	0.28261632277651116	849.9819946289062	20.621117965150784	-635.4295654296875	48.67596819560839	-547.0994262695312	73.09143325517384	-561.550048828125	-325.05463067638016	105.12664794921875	13.694975737577073	-25.336076736450195	65.58701429826854	-34.7120361328125	9.077794198062916	0.0	0.0	0.0	0.0
2.1067609786987305	1781093600.0	1781093600.8566346	1	10.0	10.0	8.0	8.0	NeuronSpectrum 10.06.2026 14:49:30	EEG	checkup_149_10.06.2026 14:49:30	500.0	499.6666666666667	True	0.5	40.0	4	True	50.0	30.0	842.18212890625	16.743463584715933	852.3460693359375	33.17456414838824	-640.013427734375	35.95126928670709	-550.4150390625	61.10687609185981	-561.402587890625	-331.7277793140843	106.97115325927734	16.08961754668821	-27.487438201904297	64.1193670552172	-34.200958251953125	9.02749518988282	0.0	0.0	0.0	0.0
2.1067631244659424	1781093600.0	1781093600.8566368	1	10.0	10.0	8.0	8.0	NeuronSpectrum 10.06.2026 14:49:30	EEG	checkup_149_10.06.2026 14:49:30	500.0	499.6666666666667	True	0.5	40.0	4	True	50.0	30.0	852.3682861328125	37.04124033571748	860.5433959960938	50.32997233987835	-650.5062866210938	18.91623970016378	-559.3291015625	44.8336208473233	-564.58447265625	-341.17281118067956	107.83318328857422	17.864505743651534	-32.28165817260742	61.071371142131774	-34.40047836303711	8.454031509227027	0.0	0.0	0.0	0.0
2.1067652702331543	1781093600.0	1781093600.856639	1	10.0	10.0	8.0	8.0	NeuronSpectrum 10.06.2026 14:49:30	EEG	checkup_149_10.06.2026 14:49:30	500.0	499.6666666666667	True	0.5	40.0	4	True	50.0	30.0	859.0802612304688	57.37520102461667	865.6795043945312	68.14253266307367	-660.0821533203125	0.6697347608156035	-567.990234375	26.937769326909493	-566.4148559570312	-351.21272519385735	106.55236053466797	18.542174256932377	-38.02631378173828	56.67590503350398	-34.829933166503906	7.571458755230623	0.0	0.0	0.0	0.0
2.106767416000366	1781093600.0	1781093600.856641	1	10.0	10.0	8.0	8.0	NeuronSpectrum 10.06.2026 14:49:30	EEG	checkup_149_10.06.2026 14:49:30	500.0	499.6666666666667	True	0.5	40.0	4	True	50.0	30.0	851.384033203125	74.31674809245466	856.1857299804688	83.04761791211675	-659.489501953125	-15.789014855852756	-568.2933349609375	10.10258801120387	-560.7780151367188	-359.78193330775036	102.0101089477539	17.8787954029212	-42.59175109863281	51.353991069134956	-34.818138122558594	6.61207481156067	0.0	0.0	0.0	0.0
2.106769323348999	1781093600.0	1781093600.856643	1	10.0	10.0	8.0	8.0	NeuronSpectrum 10.06.2026 14:49:30	EEG	checkup_149_10.06.2026 14:49:30	500.0	499.6666666666667	True	0.5	40.0	4	True	50.0	30.0	826.5828247070312	85.242371091374	829.1390380859375	92.33474684743152	-645.638671875	-27.949975834394735	-557.6813354492188	-3.305803726370166	-545.97412109375	-365.2138192908618	94.44377899169922	15.892205632849091	-45.347442626953125	45.64635012882034	-34.069053649902344	5.792021273894909	0.0	0.0	0.0	0.0
2.106771469116211	1781093600.0	1781093600.856645	1	10.0	10.0	8.0	8.0	NeuronSpectrum 10.06.2026 14:49:30	EEG	checkup_149_10.06.2026 14:49:30	500.0	499.6666666666667	True	0.5	40.0	4	True	50.0	30.0	798.9261474609375	88.50514596518441	799.34814453125	94.33261313146713	-628.6685791015625	-34.00661722095167	-545.4573364257812	-11.436238425019168	-529.4251098632812	-366.38897099772515	86.40107727050781	12.822586831046008	-48.46017837524414	40.136837183714285	-33.12777328491211	5.286399090125341	0.0	0.0	0.0	0.0
2.1067733764648438	1781093600.0	1781093600.856647	1	10.0	10.0	8.0	8.0	NeuronSpectrum 10.06.2026 14:49:30	EEG	checkup_149_10.06.2026 14:49:30	500.0	499.6666666666667	True	0.5	40.0	4	True	50.0	30.0	795.2278442382812	83.47895491085478	794.802978515625	88.44164456042711	-628.8653564453125	-32.98218894882797	-549.7428588867188	-13.094754580444969	-525.358642578125	-362.80794192900703	81.99881744384766	9.055349736504134	-55.784461975097656	35.37243633545812	-33.20094299316406	5.210781817494807	0.0	0.0	0.0	0.0
2.1067750453948975	1781093600.0	1781093600.8566487	1	10.0	10.0	8.0	8.0	NeuronSpectrum 10.06.2026 14:49:30	EEG	checkup_149_10.06.2026 14:49:30	500.0	499.6666666666667	True	0.5	40.0	4	True	50.0	30.0	834.4908447265625	70.61071973389538	835.4757690429688	75.15876417130843	-661.0082397460938	-24.853340234729508	-583.041259765625	-7.906000700513249	-543.9216918945312	-354.6548390607461	84.18806457519531	5.041269170125753	-69.2150650024414	31.778970831106957	-35.181976318359375	5.605736765056157	0.0	0.0	0.0	0.0
2.1067769527435303	1781093600.0	1781093600.8566506	1	10.0	10.0	8.0	8.0	NeuronSpectrum 10.06.2026 14:49:30	EEG	checkup_149_10.06.2026 14:49:30	500.0	499.6666666666667	True	0.5	40.0	4	True	50.0	30.0	903.3251342773438	51.5174930333293	907.7236938476562	56.14263539757392	-715.1476440429688	-10.682299074388768	-634.883544921875	3.5040911606012926	-578.0338134765625	-342.8674206696351	91.56792449951172	1.2374878041342343	-84.91942596435547	29.578074970532814	-38.45127868652344	6.424762994940376	0.0	0.0	0.0	0.0
2.106778621673584	1781093600.0	1781093600.8566523	1	10.0	10.0	8.0	8.0	NeuronSpectrum 10.06.2026 14:49:30	EEG	checkup_149_10.06.2026 14:49:30	500.0	499.6666666666667	True	0.5	40.0	4	True	50.0	30.0	947.8746948242188	29.01845223688435	955.8154296875	34.21794828171518	-749.91748046875	7.338678428061189	-666.3518676757812	19.404225025506378	-599.064697265625	-329.15299442073984	97.37496948242188	-1.9290918842345983	-93.06893920898438	28.726817043720906	-40.461936950683594	7.5317342278300945	0.0	0.0	0.0	0.0
2.106780529022217	1781093600.0	1781093600.8566542	1	10.0	10.0	8.0	8.0	NeuronSpectrum 10.06.2026 14:49:30	EEG	checkup_149_10.06.2026 14:49:30	500.0	499.6666666666667	True	0.5	40.0	4	True	50.0	30.0	895.556396484375	6.897332491766685	904.4146728515625	13.117772046671746	-708.9375610351562	26.091646107137212	-625.8720092773438	37.09233316741364	-568.4375610351562	-315.8410291702453	92.29195404052734	-4.093622160343458	-82.85230255126953	28.912737657760715	-37.76535415649414	8.717041093821704	0.0	0.0	0.0	0.0
2.1067819595336914	1781093600.0	1781093600.8566556	1	10.0	10.0	8.0	8.0	NeuronSpectrum 10.06.2026 14:49:30	EEG	checkup_149_10.06.2026 14:49:30	500.0	499.6666666666667	True	0.5	40.0	4	True	50.0	30.0	698.419189453125	-10.748786041857304	703.5426025390625	-3.1794893226032555	-554.2932739257812	42.091722975264524	-480.240234375	53.37584148105749	-460.7657470703125	-305.4978985402477	69.98593139648438	-4.999332095390889	-50.44003677368164	29.627292382646786	-28.08920669555664	9.737596852072098	0.0	0.0	0.0	0.0
2.106783866882324	1781093600.0	1781093600.8566575	1	10.0	10.0	8.0	8.0	NeuronSpectrum 10.06.2026 14:49:30	EEG	checkup_149_10.06.2026 14:49:30	500.0	499.6666666666667	True	0.5	40.0	4	True	50.0	30.0	370.3457946777344	-20.48643809306	367.2043762207031	-11.428518036426224	-295.75433349609375	52.31896906156703	-240.91799926757812	65.32874291369887	-283.66473388671875	-300.35540042589855	31.831178665161133	-4.556180623941031	-4.314510822296143	30.305992774544244	-12.127555847167969	10.374151812658278	0.0	0.0	0.0	0.0
2.106785297393799	1781093600.0	1781093600.856659	1	10.0	10.0	8.0	8.0	NeuronSpectrum 10.06.2026 14:49:30	EEG	checkup_149_10.06.2026 14:49:30	500.0	499.6666666666667	True	0.5	40.0	4	True	50.0	30.0	832.0921020507812	-20.493900471904546	848.8882446289062	-10.051127677119513	-652.9122314453125	55.03108164396896	-564.211669921875	71.05813281832948	-530.7899780273438	-301.74912797286476	91.50494384765625	-2.8831606831832626	-76.72152709960938	30.484091221722185	-34.489315032958984	10.486625059997268	0.0	0.0	0.0	0.0
2.1067872047424316	1781093600.0	1781093600.8566608	1	10.0	10.0	8.0	8.0	NeuronSpectrum 10.06.2026 14:49:30	EEG	checkup_149_10.06.2026 14:49:30	500.0	499.6666666666667	True	0.5	40.0	4	True	50.0	30.0	831.4929809570312	-11.05238304738769	850.3917236328125	0.4057044263830113	-650.7653198242188	50.2073837912791	-557.9597778320312	70.15598461185841	-532.4901733398438	-309.8030501723789	92.96715545654297	-0.2982010698234938	-76.17522430419922	29.905662537617953	-34.50370407104492	10.04527656446507	0.0	0.0	0.0	0.0
2.1067888736724854	1781093600.0	1781093600.8566625	1	10.0	10.0	8.0	8.0	NeuronSpectrum 10.06.2026 14:49:30	EEG	checkup_149_10.06.2026 14:49:30	500.0	499.6666666666667	True	0.5	40.0	4	True	50.0	30.0	837.1286010742188	5.626622816678352	856.7918701171875	17.489559559316156	-653.8497314453125	39.45047125630057	-556.9794311523438	63.66948320465879	-539.5067749023438	-323.4780279196447	94.3207015991211	2.754820945680572	-75.62276458740234	28.554112293556265	-34.936805725097656	9.127133534163798	0.0	0.0	0.0	0.0
2.106790781021118	1781093600.0	1781093600.8566644	1	10.0	10.0	8.0	8.0	NeuronSpectrum 10.06.2026 14:49:30	EEG	checkup_149_10.06.2026 14:49:30	500.0	499.6666666666667	True	0.5	40.0	4	True	50.0	30.0	847.7440795898438	26.09598731624481	866.7750854492188	37.58353254731944	-661.1226806640625	25.450233372825014	-560.6663208007812	53.67529677577635	-551.0474243164062	-340.91384633079645	95.48185729980469	5.814429042456065	-75.47113037109375	26.61687156532061	-35.71797180175781	7.8847470165152265	0.0	0.0	0.0	0.0
2.106792449951172	1781093600.0	1781093600.856666	1	10.0	10.0	8.0	8.0	NeuronSpectrum 10.06.2026 14:49:30	EEG	checkup_149_10.06.2026 14:49:30	500.0	499.6666666666667	True	0.5	40.0	4	True	50.0	30.0	854.973388671875	46.541599181944406	872.1015625	56.80418503259746	-665.9342651367188	11.283554908071649	-563.298095703125	42.69601773973744	-561.913818359375	-359.88185011085653	95.65325164794922	8.499472901050634	-76.03263092041016	24.418856641050702	-36.41059875488281	6.504773883190242	0.0	0.0	0.0	0.0
2.1067943572998047	1781093600.0	1781093600.856668	1	10.0	10.0	8.0	8.0	NeuronSpectrum 10.06.2026 14:49:30	EEG	checkup_149_10.06.2026 14:49:30	500.0	499.6666666666667	True	0.5	40.0	4	True	50.0	30.0	847.8297729492188	63.510520839942636	862.0651245117188	71.73353553136967	-659.607666015625	-0.19622383222330708	-557.1494750976562	33.180431476225316	-565.21240234375	-378.1813174822079	93.81097412109375	10.562553153562268	-77.21366119384766	22.350682868840906	-36.44924545288086	5.172263306939047	0.0	0.0	0.0	0.0
2.1067960262298584	1781093600.0	1781093600.8566697	1	10.0	10.0	8.0	8.0	NeuronSpectrum 10.06.2026 14:49:30	EEG	checkup_149_10.06.2026 14:49:30	500.0	499.6666666666667	True	0.5	40.0	4	True	50.0	30.0	823.494384765625	74.35378533624076	834.3154907226562	79.84295865811575	-639.883056640625	-6.754537280711938	-539.9124145507812	27.155824119962364	-558.9215698242188	-393.9027358192059	90.00252532958984	11.89190121668786	-78.32613372802734	20.799734791890305	-35.69586944580078	4.047938283815383	0.0	0.0	0.0	0.0
2.106797933578491	1781093600.0	1781093600.8566716	1	10.0	10.0	8.0	8.0	NeuronSpectrum 10.06.2026 14:49:30	EEG	checkup_149_10.06.2026 14:49:30	500.0	499.6666666666667	True	0.5	40.0	4	True	50.0	30.0	796.015869140625	77.41079609279596	803.572509765625	79.646784172488	-617.6368408203125	-6.963969023415605	-520.7039794921875	26.044320280160218	-551.2100219726562	-405.5731432636556	86.39777374267578	12.479030311742225	-78.30778503417969	20.08397177509544	-34.879756927490234	3.256902626110097	0.0	0.0	0.0	0.0
2.106799364089966	1781093600.0	1781093600.856673	1	10.0	10.0	8.0	8.0	NeuronSpectrum 10.06.2026 14:49:30	EEG	checkup_149_10.06.2026 14:49:30	500.0	499.6666666666667	True	0.5	40.0	4	True	50.0	30.0	791.9990844726562	72.06378635711233	797.1648559570312	70.72710996249886	-613.396728515625	-0.27649069227220036	-517.231201171875	30.566218121796076	-557.8343505859375	-412.25222649573215	86.67858123779297	12.381544054408712	-76.41123962402344	20.391849599703257	-35.3592643737793	2.881907368844252	0.0	0.0	0.0	0.0
2.1068012714385986	1781093600.0	1781093600.856675	1	10.0	10.0	8.0	8.0	NeuronSpectrum 10.06.2026 14:49:30	EEG	checkup_149_10.06.2026 14:49:30	500.0	499.6666666666667	True	0.5	40.0	4	True	50.0	30.0	830.3827514648438	58.792861432548314	834.445556640625	53.76994556052265	-641.5298461914062	12.923309065178726	-542.135986328125	40.650784404210626	-589.8270874023438	-413.64504968574033	93.36969757080078	11.70684160207519	-72.98369598388672	21.73913838040024	-38.063819885253906	2.954309582533769	0.0	0.0	0.0	0.0
2.1068029403686523	1781093600.0	1781093600.8566766	1	10.0	10.0	8.0	8.0	NeuronSpectrum 10.06.2026 14:49:30	EEG	checkup_149_10.06.2026 14:49:30	500.0	499.6666666666667	True	0.5	40.0	4	True	50.0	30.0	898.00341796875	39.26668737009059	901.9580078125	30.65011118312633	-691.3675537109375	31.256262342207336	-586.4461669921875	55.337439843459485	-638.6121215820312	-410.238268707749	104.61498260498047	10.624327301376931	-69.63750457763672	23.95668123113029	-42.2318000793457	3.4411945114303624	0.0	0.0	0.0	0.0
2.106804847717285	1781093600.0	1781093600.8566785	1	10.0	10.0	8.0	8.0	NeuronSpectrum 10.06.2026 14:49:30	EEG	checkup_149_10.06.2026 14:49:30	500.0	499.6666666666667	True	0.5	40.0	4	True	50.0	30.0	941.53125	16.360997168375125	945.2651977539062	4.451558468398365	-721.3147583007812	52.35728699841457	-614.0899047851562	72.7439752580762	-671.127685546875	-403.38102254114386	113.09315490722656	9.389054039733736	-68.2911605834961	26.718670185470504	-45.01448059082031	4.235177480200996	0.0	0.0	0.0	0.0
2.106806516647339	1781093600.0	1781093600.8566802	1	10.0	10.0	8.0	8.0	NeuronSpectrum 10.06.2026 14:49:30	EEG	checkup_149_10.06.2026 14:49:30	500.0	499.6666666666667	True	0.5	40.0	4	True	50.0	30.0	889.0083618164062	-6.094292185570126	890.8975830078125	-20.786451971457577	-676.028076171875	73.10234416751149	-576.4447631835938	90.23691999852457	-643.0580444335938	-395.17899689092127	108.84896087646484	8.342926677100316	-69.32026672363281	29.61037843499428	-42.62413024902344	5.158822567253176	0.0	0.0	0.0	0.0
2.1068081855773926	1781093600.0	1781093600.8566818	1	10.0	10.0	8.0	8.0	NeuronSpectrum 10.06.2026 14:49:30	EEG	checkup_149_10.06.2026 14:49:30	500.0	499.6666666666667	True	0.5	40.0	4	True	50.0	30.0	692.8783569335938	-23.977385766659708	690.19189453125	-40.74473680496952	-519.9868774414062	90.15264817722839	-441.43524169921875	104.89470293724285	-525.22119140625	-388.1115323169863	85.03584289550781	7.865134266913659	-69.96311950683594	32.22203853031773	-32.58974075317383	5.99288310940402	0.0	0.0	0.0	0.0
2.1068098545074463	1781093600.0	1781093600.8566835	1	10.0	10.0	8.0	8.0	NeuronSpectrum 10.06.2026 14:49:30	EEG	checkup_149_10.06.2026 14:49:30	500.0	499.6666666666667	True	0.5	40.0	4	True	50.0	30.0	366.92987060546875	-33.854468646090396	356.97711181640625	-51.83166588134338	-265.73779296875	100.73728096889892	-218.51007080078125	114.19646832193861	-326.2305603027344	-384.4264678950672	42.97100830078125	8.274147612813398	-64.43733978271484	34.24605344797251	-15.675439834594727	6.525587071827714	0.0	0.0	0.0	0.0
2.106811761856079	1781093600.0	1781093600.8566854	1	10.0	10.0	8.0	8.0	NeuronSpectrum 10.06.2026 14:49:30	EEG	checkup_149_10.06.2026 14:49:30	500.0	499.6666666666667	True	0.5	40.0	4	True	50.0	30.0	825.9972534179688	-33.9224204349012	824.2241821289062	-52.16101351788156	-621.8810424804688	103.39423357431025	-527.7408447265625	116.69068653385612	-607.4264526367188	-385.53210720250274	103.87409210205078	9.721368298740417	-60.61905288696289	35.550636770958704	-39.216373443603516	6.605873950816649	0.0	0.0	0.0	0.0
2.106813669204712	1781093600.0	1781093600.8566873	1	10.0	10.0	8.0	8.0	NeuronSpectrum 10.06.2026 14:49:30	EEG	checkup_149_10.06.2026 14:49:30	500.0	499.6666666666667	True	0.5	40.0	4	True	50.0	30.0	825.7963256835938	-24.489569929781965	824.4067993164062	-42.06243151288303	-620.5958862304688	98.3399504202446	-526.0809936523438	112.35084230273682	-605.9154663085938	-391.6517996930366	104.54237365722656	12.13052162294086	-61.349491119384766	36.206200230918256	-38.96980667114258	6.178602277217453	0.0	0.0	0.0	0.0
2.1068155765533447	1781093600.0	1781093600.8566892	1	10.0	10.0	8.0	8.0	NeuronSpectrum 10.06.2026 14:49:30	EEG	checkup_149_10.06.2026 14:49:30	500.0	499.6666666666667	True	0.5	40.0	4	True	50.0	30.0	831.7720336914062	-7.792112811399212	831.9615478515625	-23.910489902272197	-624.5604248046875	87.31431499830039	-529.2250366210938	102.47772936757363	-608.0067749023438	-401.87281103115293	105.89419555664062	15.212237716828666	-63.290950775146484	36.452931256715345	-39.106689453125	5.289733442004734	0.0	0.0	0.0	0.0
2.1068174839019775	1781093600.0	1781093600.8566911	1	10.0	10.0	8.0	8.0	NeuronSpectrum 10.06.2026 14:49:30	EEG	checkup_149_10.06.2026 14:49:30	500.0	499.6666666666667	True	0.5	40.0	4	True	50.0	30.0	842.5733642578125	12.708230845145652	845.5361328125	-1.412696999168758	-632.552734375	73.02005713423115	-536.3508911132812	89.24540773809503	-613.41552734375	-414.5096080434878	107.87871551513672	18.540366920440647	-65.29473876953125	36.61767819058033	-39.659671783447266	4.066122671367055	0.0	0.0	0.0	0.0
2.1068193912506104	1781093600.0	1781093600.856693	1	10.0	10.0	8.0	8.0	NeuronSpectrum 10.06.2026 14:49:30	EEG	checkup_149_10.06.2026 14:49:30	500.0	499.6666666666667	True	0.5	40.0	4	True	50.0	30.0	849.8526000976562	33.19524781906789	856.31689453125	21.291799567061734	-637.9796752929688	58.43355571892275	-541.7230224609375	75.12776746825978	-617.259765625	-427.5769621888796	109.43580627441406	21.65019835550439	-65.38684844970703	37.00841728046597	-40.27873229980469	2.684326907723775	0.0	0.0	0.0	0.0
2.106821060180664	1781093600.0	1781093600.8566947	1	10.0	10.0	8.0	8.0	NeuronSpectrum 10.06.2026 14:49:30	EEG	checkup_149_10.06.2026 14:49:30	500.0	499.6666666666667	True	0.5	40.0	4	True	50.0	30.0	842.73583984375	50.22305320023955	852.659912109375	40.40206537719279	-632.3257446289062	46.234518196079684	-537.8255615234375	62.41918890667673	-612.84130859375	-439.1890461058646	109.08731842041016	24.12195417296474	-61.88618087768555	37.82470853533372	-40.43463134765625	1.34112061500544	0.0	0.0	0.0	0.0
2.1068227291107178	1781093600.0	1781093600.8566964	1	10.0	10.0	8.0	8.0	NeuronSpectrum 10.06.2026 14:49:30	EEG	checkup_149_10.06.2026 14:49:30	500.0	499.6666666666667	True	0.5	40.0	4	True	50.0	30.0	818.5169067382812	61.15117735743754	831.2020263671875	52.9424341013977	-613.3740844726562	38.46692096863363	-522.8720092773438	52.94596671485623	-598.44677734375	-447.8034865470838	106.39092254638672	25.63300981050528	-55.20928192138672	39.11552416478568	-39.94136047363281	0.2306474083018369	0.0	0.0	0.0	0.0
2.1068243980407715	1781093600.0	1781093600.856698	1	10.0	10.0	8.0	8.0	NeuronSpectrum 10.06.2026 14:49:30	EEG	checkup_149_10.06.2026 14:49:30	500.0	499.6666666666667	True	0.5	40.0	4	True	50.0	30.0	791.248291015625	64.31970582278524	805.843017578125	56.988144131053055	-591.8695678710938	36.40778589480167	-506.82574462890625	47.946431154095826	-582.8544311523438	-452.33210573836203	103.12046813964844	25.98248913934432	-48.84779357910156	40.7934750600218	-39.384368896484375	-0.4739213433096613	0.0	0.0	0.0	0.0
2.1068263053894043	1781093600.0	1781093600.8567	1	10.0	10.0	8.0	8.0	NeuronSpectrum 10.06.2026 14:49:30	EEG	checkup_149_10.06.2026 14:49:30	500.0	499.6666666666667	True	0.5	40.0	4	True	50.0	30.0	787.4061279296875	59.096477258838604	803.4096069335938	51.7536094819653	-588.3150634765625	40.54022887933679	-508.3002014160156	48.02768684165996	-582.6364135742188	-452.1984445736533	102.7093734741211	25.103290096951742	-47.89989471435547	42.687800288888965	-39.91806411743164	-0.639400136930273	0.0	0.0	0.0	0.0
2.106827974319458	1781093600.0	1781093600.8567016	1	10.0	10.0	8.0	8.0	NeuronSpectrum 10.06.2026 14:49:30	EEG	checkup_149_10.06.2026 14:49:30	500.0	499.6666666666667	True	0.5	40.0	4	True	50.0	30.0	825.771484375	45.929990203179976	843.0379028320312	37.67015902479935	-617.6021118164062	50.525001818443684	-540.3330078125	53.10692986421556	-609.421875	-447.4184264687041	107.58145904541016	23.075758123768807	-55.17085266113281	44.602473706270665	-42.29454040527344	-0.195617916863714	0.0	0.0	0.0	0.0
2.106829881668091	1781093600.0	1781093600.8567035	1	10.0	10.0	8.0	8.0	NeuronSpectrum 10.06.2026 14:49:30	EEG	checkup_149_10.06.2026 14:49:30	500.0	499.6666666666667	True	0.5	40.0	4	True	50.0	30.0	893.1709594726562	26.44476142372693	911.2494506835938	16.484558058543396	-670.2460327148438	65.13869812837208	-593.2640380859375	62.3146302726918	-654.5274658203125	-438.71655132574966	115.94498443603516	20.144559012695698	-67.31452941894531	46.35056776764986	-45.70364761352539	0.8402126329306002	0.0	0.0	0.0	0.0
2.1068317890167236	1781093600.0	1781093600.8567054	1	10.0	10.0	8.0	8.0	NeuronSpectrum 10.06.2026 14:49:30	EEG	checkup_149_10.06.2026 14:49:30	500.0	499.6666666666667	True	0.5	40.0	4	True	50.0	30.0	936.51611328125	3.4709561272720464	953.7659301757812	-8.733411604437237	-705.8637084960938	82.2583069732065	-629.1636962890625	73.94008671069851	-683.9609375	-427.59804927036555	120.78726196289062	16.72236841281153	-74.58415985107422	47.75913919380828	-47.43181228637695	2.34771897984493	0.0	0.0	0.0	0.0
2.1068334579467773	1781093600.0	1781093600.856707	1	10.0	10.0	8.0	8.0	NeuronSpectrum 10.06.2026 14:49:30	EEG	checkup_149_10.06.2026 14:49:30	500.0	499.6666666666667	True	0.5	40.0	4	True	50.0	30.0	884.25830078125	-19.193400099712438	897.5485229492188	-33.87592731760719	-669.1497192382812	99.0448613511472	-597.0765991210938	85.56661776919819	-652.126708984375	-416.2402765431074	112.78851318359375	13.353565716089875	-65.88699340820312	48.66428269322083	-43.96950149536133	4.109585546823202	0.0	0.0	0.0	0.0
2.106835126876831	1781093600.0	1781093600.8567088	1	10.0	10.0	8.0	8.0	NeuronSpectrum 10.06.2026 14:49:30	EEG	checkup_149_10.06.2026 14:49:30	500.0	499.6666666666667	True	0.5	40.0	4	True	50.0	30.0	689.1661987304688	-37.42998996687354	694.7042846679688	-54.510362572494124	-522.5176391601562	112.43549897975036	-463.34649658203125	94.50189104597524	-529.0518798828125	-407.10792292184675	86.01321411132812	10.621005520530993	-36.774940490722656	48.923209360417935	-33.138916015625	5.848091310467891	0.0	0.0	0.0	0.0
2.106837034225464	1781093600.0	1781093600.8567107	1	10.0	10.0	8.0	8.0	NeuronSpectrum 10.06.2026 14:49:30	EEG	checkup_149_10.06.2026 14:49:30	500.0	499.6666666666667	True	0.5	40.0	4	True	50.0	30.0	365.0117492675781	-47.77107708764148	360.0393371582031	-66.9190533166836	-274.67669677734375	119.87957732056894	-237.6127166748047	98.44641460395353	-323.6627502441406	-402.34582503766603	42.67840576171875	9.01058616599026	5.170065879821777	48.450958736164964	-15.867451667785645	7.28647595604319	0.0	0.0	0.0	0.0
2.157644748687744	1781093600.0	1781093600.9075184	1	10.0	10.0	8.0	8.0	NeuronSpectrum 10.06.2026 14:49:30	EEG	checkup_149_10.06.2026 14:49:30	500.0	499.6666666666667	True	0.5	40.0	4	True	50.0	30.0	820.119873046875	-48.343826450402005	829.142578125	-69.09455371609576	-622.7199096679688	120.05289780577472	-561.7109985351562	96.15526245298949	-613.517333984375	-403.17355321730554	103.87216186523438	8.783193111521765	-65.28504180908203	47.259448546178824	-37.5799446105957	8.214517801812864	0.0	0.0	0.0	0.0
2.1576502323150635	1781093600.0	1781093600.9075239	1	10.0	10.0	8.0	8.0	NeuronSpectrum 10.06.2026 14:49:30	EEG	checkup_149_10.06.2026 14:49:30	500.0	499.6666666666667	True	0.5	40.0	4	True	50.0	30.0	819.2156982421875	-39.36511229753221	829.1358642578125	-61.24926067429915	-622.6875	113.2268011085724	-563.1536254882812	87.79384136122825	-612.184814453125	-409.5540537617768	104.18190002441406	9.911688892163648	-65.46052551269531	45.46632210865794	-36.6868896484375	8.533029646506169	0.0	0.0	0.0	0.0
2.1576521396636963	1781093600.0	1781093600.9075258	1	10.0	10.0	8.0	8.0	NeuronSpectrum 10.06.2026 14:49:30	EEG	checkup_149_10.06.2026 14:49:30	500.0	499.6666666666667	True	0.5	40.0	4	True	50.0	30.0	824.6821899414062	-22.981361766199022	836.1263427734375	-45.62925588949428	-627.0794677734375	101.13415472503769	-568.6492919921875	74.83953722488504	-614.3757934570312	-420.27088898206216	105.41119384765625	12.109248893938748	-64.94717407226562	43.263382223826845	-36.459815979003906	8.262938300077558	0.0	0.0	0.0	0.0
2.157654285430908	1781093600.0	1781093600.907528	1	10.0	10.0	8.0	8.0	NeuronSpectrum 10.06.2026 14:49:30	EEG	checkup_149_10.06.2026 14:49:30	500.0	499.6666666666667	True	0.5	40.0	4	True	50.0	30.0	835.3349609375	-2.591438736037044	848.3052368164062	-25.782507352428183	-634.9741821289062	86.43753536635512	-577.5044555664062	59.62189442518686	-619.5198974609375	-433.3303075179837	107.22280883789062	14.92752436426127	-64.36991882324219	40.86634139262699	-36.86568832397461	7.522821434550292	0.0	0.0	0.0	0.0
2.157656192779541	1781093600.0	1781093600.9075298	1	10.0	10.0	8.0	8.0	NeuronSpectrum 10.06.2026 14:49:30	EEG	checkup_149_10.06.2026 14:49:30	500.0	499.6666666666667	True	0.5	40.0	4	True	50.0	30.0	842.9365844726562	18.006289393065924	856.6128540039062	-5.6449222898440805	-640.0391845703125	72.06237141170635	-583.9802856445312	44.73706970179783	-622.6319580078125	-446.4752184861404	108.39618682861328	17.875249235229802	-64.30685424804688	38.47665872870937	-37.443458557128906	6.49054635386002	0.0	0.0	0.0	0.0
2.157658100128174	1781093600.0	1781093600.9075317	1	10.0	10.0	8.0	8.0	NeuronSpectrum 10.06.2026 14:49:30	EEG	checkup_149_10.06.2026 14:49:30	500.0	499.6666666666667	True	0.5	40.0	4	True	50.0	30.0	836.613037109375	35.33417502466068	849.5149536132812	11.225467526634084	-633.9771118164062	60.63482331147256	-580.3853149414062	32.55040130843655	-617.07470703125	-457.61879765326586	107.4652099609375	20.51304922591255	-64.92071533203125	36.26826975537432	-37.554412841796875	5.3647442218100805	0.0	0.0	0.0	0.0
2.1576600074768066	1781093600.0	1781093600.9075336	1	10.0	10.0	8.0	8.0	NeuronSpectrum 10.06.2026 14:49:30	EEG	checkup_149_10.06.2026 14:49:30	500.0	499.6666666666667	True	0.5	40.0	4	True	50.0	30.0	813.4987182617188	46.68062345844827	824.1917114257812	22.11088065656255	-614.7869873046875	54.137218684154604	-564.6046752929688	24.88578640336222	-601.2544555664062	-465.1107799431481	104.16503143310547	22.50449448921799	-65.80361938476562	34.389280044337795	-36.95659255981445	4.3349011583500126	0.0	0.0	0.0	0.0
2.1576614379882812	1781093600.0	1781093600.907535	1	10.0	10.0	8.0	8.0	NeuronSpectrum 10.06.2026 14:49:30	EEG	checkup_149_10.06.2026 14:49:30	500.0	499.6666666666667	True	0.5	40.0	4	True	50.0	30.0	787.3300170898438	50.29640432573292	795.4805908203125	25.317242973314976	-593.3643188476562	53.76361584098021	-546.231689453125	22.884681566560175	-584.0078735351562	-467.8553224845639	100.56444549560547	23.628572841567625	-66.24933624267578	32.96008545808566	-36.26603317260742	3.561142348946918	0.0	0.0	0.0	0.0
2.157663345336914	1781093600.0	1781093600.907537	1	10.0	10.0	8.0	8.0	NeuronSpectrum 10.06.2026 14:49:30	EEG	checkup_149_10.06.2026 14:49:30	500.0	499.6666666666667	True	0.5	40.0	4	True	50.0	30.0	784.2084350585938	45.46643162632772	791.3277587890625	20.212609718161566	-590.0756225585938	59.87992568320235	-543.6810913085938	26.950215329808085	-581.85595703125	-465.36040097624175	100.4256591796875	23.774346025911186	-65.89380645751953	32.05648843469781	-36.7457389831543	3.159819665204867	0.0	0.0	0.0	0.0
2.1576650142669678	1781093600.0	1781093600.9075387	1	10.0	10.0	8.0	8.0	NeuronSpectrum 10.06.2026 14:49:30	EEG	checkup_149_10.06.2026 14:49:30	500.0	499.6666666666667	True	0.5	40.0	4	True	50.0	30.0	822.667724609375	32.582406188033275	831.7782592773438	7.26148589252044	-619.1788330078125	71.99008076399366	-570.206298828125	36.69227491816006	-606.3318481445312	-457.79723147632563	106.41259765625	22.939894801963383	-65.2901611328125	31.680490253374877	-39.28030014038086	3.190386373030109	0.0	0.0	0.0	0.0
2.1576671600341797	1781093600.0	1781093600.9075408	1	10.0	10.0	8.0	8.0	NeuronSpectrum 10.06.2026 14:49:30	EEG	checkup_149_10.06.2026 14:49:30	500.0	499.6666666666667	True	0.5	40.0	4	True	50.0	30.0	889.5916748046875	13.247130673167863	903.5938720703125	-11.899346697878075	-670.1902465820312	88.68128287303232	-616.9008178710938	50.85556915703746	-648.735595703125	-446.0860250839956	116.7343521118164	21.24445723077038	-65.811279296875	31.733084187412842	-43.1398811340332	3.642961223169503	0.0	0.0	0.0	0.0
2.1576690673828125	1781093600.0	1781093600.9075427	1	10.0	10.0	8.0	8.0	NeuronSpectrum 10.06.2026 14:49:30	EEG	checkup_149_10.06.2026 14:49:30	500.0	499.6666666666667	True	0.5	40.0	4	True	50.0	30.0	932.293701171875	-9.699163973806389	951.7632446289062	-34.44541110856776	-702.02197265625	107.62929525847208	-646.9780883789062	67.30983968384756	-675.2139892578125	-431.9336009354007	124.01600646972656	18.941548234249627	-68.5714340209961	32.006977055448225	-45.5838508605957	4.43226099244753	0.0	0.0	0.0	0.0
2.1576709747314453	1781093600.0	1781093600.9075446	1	10.0	10.0	8.0	8.0	NeuronSpectrum 10.06.2026 14:49:30	EEG	checkup_149_10.06.2026 14:49:30	500.0	499.6666666666667	True	0.5	40.0	4	True	50.0	30.0	879.8026733398438	-32.42893355112473	901.6231689453125	-56.60951158303785	-659.874267578125	125.81324803210335	-610.5806884765625	83.24150105916691	-640.4208374023438	-417.6916009127237	118.2101821899414	16.405560640687955	-72.78266143798828	32.21199254994832	-42.97003936767578	5.407492138912223	0.0	0.0	0.0	0.0
2.157672643661499	1781093600.0	1781093600.9075463	1	10.0	10.0	8.0	8.0	NeuronSpectrum 10.06.2026 14:49:30	EEG	checkup_149_10.06.2026 14:49:30	500.0	499.6666666666667	True	0.5	40.0	4	True	50.0	30.0	685.3319702148438	-50.79006019152624	703.3062133789062	-74.33053822601167	-508.35894775390625	140.0412311831395	-474.57440185546875	95.63978580171296	-514.6060791015625	-405.9447522286472	92.4849624633789	14.069368959226093	-74.66386413574219	32.03455141716929	-32.943843841552734	6.384387316157909	0.0	0.0	0.0	0.0
2.157674551010132	1781093600.0	1781093600.9075482	1	10.0	10.0	8.0	8.0	NeuronSpectrum 10.06.2026 14:49:30	EEG	checkup_149_10.06.2026 14:49:30	500.0	499.6666666666667	True	0.5	40.0	4	True	50.0	30.0	362.7010803222656	-61.288597973311916	370.107177734375	-84.21949124413237	-259.4608154296875	147.71128594037756	-248.2431640625	102.00764564529989	-306.7870788574219	-398.8864724628272	48.36843490600586	12.319039181962921	-68.09593200683594	31.21887037398666	-16.296117782592773	7.194055723498129	0.0	0.0	0.0	0.0
2.2086105346679688	1781093600.0	1781093600.9584842	1	10.0	10.0	8.0	8.0	NeuronSpectrum 10.06.2026 14:49:30	EEG	checkup_149_10.06.2026 14:49:30	500.0	499.6666666666667	True	0.5	40.0	4	True	50.0	30.0	815.2749633789062	-62.03813492387254	843.2053833007812	-84.48993372757369	-613.4738159179688	147.53214183654356	-569.0444946289062	101.04337098703176	-591.9130859375	-397.70786458194937	108.97594451904297	11.386492642049483	-70.69451141357422	29.6457705806193	-39.15226364135742	7.730448209588385	0.0	0.0	0.0	0.0
2.208615779876709	1781093600.0	1781093600.9584894	1	10.0	10.0	8.0	8.0	NeuronSpectrum 10.06.2026 14:49:30	EEG	checkup_149_10.06.2026 14:49:30	500.0	499.6666666666667	True	0.5	40.0	4	True	50.0	30.0	814.5416259765625	-53.252675564032266	842.7462158203125	-75.42831096811854	-615.2741088867188	139.87721724778424	-571.1920166015625	92.99050586871363	-588.786376953125	-402.2730080982692	107.11929321289062	11.29184128127426	-72.99555206298828	27.38068987839891	-38.50065994262695	7.975205525451184	0.0	0.0	0.0	0.0
2.208617687225342	1781093600.0	1781093600.9584913	1	10.0	10.0	8.0	8.0	NeuronSpectrum 10.06.2026 14:49:30	EEG	checkup_149_10.06.2026 14:49:30	500.0	499.6666666666667	True	0.5	40.0	4	True	50.0	30.0	820.2440185546875	-37.079904350983306	847.7412719726562	-59.204770598164245	-622.118408203125	126.6195072393268	-578.2096557617188	79.51072343110711	-589.8284912109375	-411.2148241407351	105.51776885986328	11.860293643601564	-76.73272705078125	24.670246803589816	-38.012699127197266	7.990238409311796	0.0	0.0	0.0	0.0
2.208620071411133	1781093600.0	1781093600.9584937	1	10.0	10.0	8.0	8.0	NeuronSpectrum 10.06.2026 14:49:30	EEG	checkup_149_10.06.2026 14:49:30	500.0	499.6666666666667	True	0.5	40.0	4	True	50.0	30.0	831.0714721679688	-16.91618176201046	857.447509765625	-39.17655895825522	-632.5327758789062	110.56443360415186	-588.8634643554688	63.18021418879037	-594.1473388671875	-422.3662220146361	104.38925170898438	12.795584587826525	-81.12303161621094	21.88556017400069	-37.65909957885742	7.8859458121783765	0.0	0.0	0.0	0.0
2.2086217403411865	1781093600.0	1781093600.9584954	1	10.0	10.0	8.0	8.0	NeuronSpectrum 10.06.2026 14:49:30	EEG	checkup_149_10.06.2026 14:49:30	500.0	499.6666666666667	True	0.5	40.0	4	True	50.0	30.0	838.7314453125	3.4521845020601925	863.9319458007812	-19.038940793925153	-639.7578125	94.7554511812029	-596.9200439453125	46.85656195895256	-596.431640625	-433.3098765225833	103.06845092773438	13.767866929410705	-84.2093276977539	19.432090053565506	-37.08899688720703	7.7829218552940524	0.0	0.0	0.0	0.0
2.2086236476898193	1781093600.0	1781093600.9584973	1	10.0	10.0	8.0	8.0	NeuronSpectrum 10.06.2026 14:49:30	EEG	checkup_149_10.06.2026 14:49:30	500.0	499.6666666666667	True	0.5	40.0	4	True	50.0	30.0	832.3773803710938	20.570208845395506	856.5044555664062	-2.136008058090819	-635.2130126953125	81.8995807117279	-594.3861083984375	33.14165432977329	-589.75439453125	-441.84798306683956	100.48314666748047	14.480837681994034	-83.95182800292969	17.658732865478523	-35.847076416015625	7.782658920307835	0.0	0.0	0.0	0.0
2.208625316619873	1781093600.0	1781093600.958499	1	10.0	10.0	8.0	8.0	NeuronSpectrum 10.06.2026 14:49:30	EEG	checkup_149_10.06.2026 14:49:30	500.0	499.6666666666667	True	0.5	40.0	4	True	50.0	30.0	809.1967163085938	31.754837744437353	832.6608276367188	8.936011371609643	-616.6635131835938	74.02695929105066	-579.1633911132812	24.047806133277145	-572.13623046875	-446.29677264958195	96.45568084716797	14.70596915266995	-80.23932647705078	16.796111226520487	-33.878379821777344	7.953592687923227	0.0	0.0	0.0	0.0
2.208627223968506	1781093600.0	1781093600.9585009	1	10.0	10.0	8.0	8.0	NeuronSpectrum 10.06.2026 14:49:30	EEG	checkup_149_10.06.2026 14:49:30	500.0	499.6666666666667	True	0.5	40.0	4	True	50.0	30.0	782.9281005859375	35.28194956121445	806.92236328125	12.477966219657011	-594.8148803710938	72.36325349772044	-561.1824340820312	20.852217866031832	-551.8101806640625	-445.61640263152856	92.77120971679688	14.29294137955163	-76.16114807128906	16.936678966500914	-31.925777435302734	8.329800936399401	0.0	0.0	0.0	0.0
2.2086291313171387	1781093600.0	1781093600.9585028	1	10.0	10.0	8.0	8.0	NeuronSpectrum 10.06.2026 14:49:30	EEG	checkup_149_10.06.2026 14:49:30	500.0	499.6666666666667	True	0.5	40.0	4	True	50.0	30.0	779.606201171875	30.44733366215832	806.3417358398438	7.734759616757308	-590.116943359375	77.31246228317983	-559.3074340820312	24.050812794962308	-544.656982421875	-439.4505359266951	92.62960815429688	13.175554258433037	-76.68266296386719	18.04702736156587	-31.31163215637207	8.914484543330367	0.0	0.0	0.0	0.0
2.2086308002471924	1781093600.0	1781093600.9585044	1	10.0	10.0	8.0	8.0	NeuronSpectrum 10.06.2026 14:49:30	EEG	checkup_149_10.06.2026 14:49:30	500.0	499.6666666666667	True	0.5	40.0	4	True	50.0	30.0	817.711181640625	17.631005376153652	849.7206420898438	-5.021128436244821	-617.5159301757812	88.44306634710392	-586.9898071289062	33.318382017993	-562.1176147460938	-428.15391619584636	98.12300872802734	11.388806441044535	-84.61014556884766	19.989230244072	-32.97331619262695	9.680450345162551	0.0	0.0	0.0	0.0
2.208632707595825	1781093600.0	1781093600.9585063	1	10.0	10.0	8.0	8.0	NeuronSpectrum 10.06.2026 14:49:30	EEG	checkup_149_10.06.2026 14:49:30	500.0	499.6666666666667	True	0.5	40.0	4	True	50.0	30.0	884.214599609375	-1.6008504746494157	922.6238403320312	-24.339696872412954	-667.8516845703125	104.44183244164446	-634.9707641601562	47.447727498946335	-596.606201171875	-412.83162385571325	107.23463439941406	9.097104573164476	-96.44060516357422	22.532680496979534	-36.30486297607422	10.565001423361227	0.0	0.0	0.0	0.0
2.2086341381073	1781093600.0	1781093600.9585078	1	10.0	10.0	8.0	8.0	NeuronSpectrum 10.06.2026 14:49:30	EEG	checkup_149_10.06.2026 14:49:30	500.0	499.6666666666667	True	0.5	40.0	4	True	50.0	30.0	926.7176513671875	-24.464132096656	969.3772583007812	-47.50363040307835	-701.3817138671875	123.10940043190477	-665.6015014648438	64.3412972625054	-616.7131958007812	-395.3301900163675	112.95753479003906	6.6134098691755945	-101.97016906738281	25.35812165914569	-38.77098846435547	11.46437311324771	0.0	0.0	0.0	0.0
2.2086355686187744	1781093600.0	1781093600.9585092	1	10.0	10.0	8.0	8.0	NeuronSpectrum 10.06.2026 14:49:30	EEG	checkup_149_10.06.2026 14:49:30	500.0	499.6666666666667	True	0.5	40.0	4	True	50.0	30.0	874.6328125	-47.19427071498976	915.5724487304688	-70.72413035853124	-663.5730590820312	141.5451935942424	-628.1173706054688	81.19452215613616	-580.04541015625	-378.06709477955485	106.15528106689453	4.3779073675288425	-89.57978057861328	28.075670574969358	-36.91523361206055	12.238217512413405	0.0	0.0	0.0	0.0
2.2086374759674072	1781093600.0	1781093600.958511	1	10.0	10.0	8.0	8.0	NeuronSpectrum 10.06.2026 14:49:30	EEG	checkup_149_10.06.2026 14:49:30	500.0	499.6666666666667	True	0.5	40.0	4	True	50.0	30.0	681.4173583984375	-65.69219300605602	712.5499267578125	-89.78329339202756	-517.38134765625	156.6288359609516	-489.09197998046875	94.96853880328045	-458.80413818359375	-363.62127580567284	81.0512466430664	2.8752507108791465	-54.73500061035156	30.278891407915097	-28.386348724365234	12.732592106643455	0.0	0.0	0.0	0.0
2.208639144897461	1781093600.0	1781093600.9585128	1	10.0	10.0	8.0	8.0	NeuronSpectrum 10.06.2026 14:49:30	EEG	checkup_149_10.06.2026 14:49:30	500.0	499.6666666666667	True	0.5	40.0	4	True	50.0	30.0	360.78204345703125	-76.49135554170442	375.3233642578125	-101.03965075095955	-271.5	165.73686217270404	-258.5333557128906	103.08889087907572	-261.6387023925781	-354.1425387071209	39.7930793762207	2.502647406775204	-5.764421463012695	31.630954046933105	-13.694499015808105	12.81940963592069	0.0	0.0	0.0	0.0
2.2086410522460938	1781093600.0	1781093600.9585147	1	10.0	10.0	8.0	8.0	NeuronSpectrum 10.06.2026 14:49:30	EEG	checkup_149_10.06.2026 14:49:30	500.0	499.6666666666667	True	0.5	40.0	4	True	50.0	30.0	810.0601806640625	-77.69810303805102	848.260986328125	-102.43182832200897	-615.6484985351562	167.43726903783443	-582.4619140625	104.12145393059728	-531.3953857421875	-350.7914881098223	99.25152587890625	3.438185283467414	-84.35539245605469	31.94562632476232	-35.093116760253906	12.437540961996316	0.0	0.0	0.0	0.0
2.2086424827575684	1781093600.0	1781093600.9585161	1	10.0	10.0	8.0	8.0	NeuronSpectrum 10.06.2026 14:49:30	EEG	checkup_149_10.06.2026 14:49:30	500.0	499.6666666666667	True	0.5	40.0	4	True	50.0	30.0	808.85009765625	-69.48585676183355	847.1963500976562	-94.03238343205969	-614.4585571289062	161.84949370215202	-582.3347778320312	98.12645366043384	-527.6184692382812	-353.46027274950654	100.10426330566406	5.569730121374547	-84.1899185180664	31.218783835320046	-35.25736999511719	11.616333931762151	0.0	0.0	0.0	0.0
2.208644390106201	1781093600.0	1781093600.958518	1	10.0	10.0	8.0	8.0	NeuronSpectrum 10.06.2026 14:49:30	EEG	checkup_149_10.06.2026 14:49:30	500.0	499.6666666666667	True	0.5	40.0	4	True	50.0	30.0	813.9465942382812	-53.93941632037847	853.4119873046875	-77.92587672842565	-617.622314453125	150.52003300098283	-587.0460815429688	86.54691162880904	-527.2636108398438	-360.8898700845936	101.97095489501953	8.516056628201238	-83.60099029541016	29.597764341283646	-35.66476058959961	10.47124381716771	0.0	0.0	0.0	0.0
2.208646059036255	1781093600.0	1781093600.9585197	1	10.0	10.0	8.0	8.0	NeuronSpectrum 10.06.2026 14:49:30	EEG	checkup_149_10.06.2026 14:49:30	500.0	499.6666666666667	True	0.5	40.0	4	True	50.0	30.0	824.1351318359375	-34.385988927240504	865.6680908203125	-57.54188598032795	-624.6024169921875	135.92058452092982	-595.7037353515625	71.73182350440091	-529.63720703125	-371.0922435388693	104.49715423583984	11.725105949194237	-82.88538360595703	27.31782719254015	-36.333194732666016	9.176333343763368	0.0	0.0	0.0	0.0
2.2086479663848877	1781093600.0	1781093600.9585216	1	10.0	10.0	8.0	8.0	NeuronSpectrum 10.06.2026 14:49:30	EEG	checkup_149_10.06.2026 14:49:30	500.0	499.6666666666667	True	0.5	40.0	4	True	50.0	30.0	831.2514038085938	-14.551081271372144	875.1126708984375	-36.78809494363786	-629.4804077148438	120.82553473233637	-602.3323974609375	56.33757820501685	-530.1533203125	-381.8656734593909	106.37288665771484	14.604481798829646	-82.38582611083984	24.64837537251596	-36.94114685058594	7.927526463052467	0.0	0.0	0.0	0.0
2.2086496353149414	1781093600.0	1781093600.9585233	1	10.0	10.0	8.0	8.0	NeuronSpectrum 10.06.2026 14:49:30	EEG	checkup_149_10.06.2026 14:49:30	500.0	499.6666666666667	True	0.5	40.0	4	True	50.0	30.0	824.5657348632812	2.154430507513206	869.9881591796875	-19.300540179422264	-624.29052734375	107.79702284876917	-599.0903930664062	42.82605474047865	-522.8638305664062	-391.21536990674423	105.94342803955078	16.63983864984414	-82.24671173095703	21.87069911310342	-37.00027084350586	6.909353973968362	0.0	0.0	0.0	0.0
2.208651304244995	1781093600.0	1781093600.958525	1	10.0	10.0	8.0	8.0	NeuronSpectrum 10.06.2026 14:49:30	EEG	checkup_149_10.06.2026 14:49:30	500.0	499.6666666666667	True	0.5	40.0	4	True	50.0	30.0	801.3107299804688	13.074226571348968	846.912353515625	-7.96175707081066	-607.2160034179688	98.87656269392646	-583.9856567382812	33.15760059003184	-506.583251953125	-397.59639752778025	102.62178039550781	17.47564569243933	-82.3018798828125	19.279222564292482	-36.32977294921875	6.271140101619523	0.0	0.0	0.0	0.0
2.2086527347564697	1781093600.0	1781093600.9585264	1	10.0	10.0	8.0	8.0	NeuronSpectrum 10.06.2026 14:49:30	EEG	checkup_149_10.06.2026 14:49:30	500.0	499.6666666666667	True	0.5	40.0	4	True	50.0	30.0	775.1619262695312	16.498318227066612	820.0296630859375	-4.668010958122399	-589.1505737304688	95.4534473860101	-567.0858154296875	28.656271394728563	-489.7734069824219	-400.00108716750725	98.06285858154297	16.95386683244714	-82.24443817138672	17.18271446617362	-35.46111297607422	6.1120008387308635	0.0	0.0	0.0	0.0
2.2086546421051025	1781093600.0	1781093600.9585283	1	10.0	10.0	8.0	8.0	NeuronSpectrum 10.06.2026 14:49:30	EEG	checkup_149_10.06.2026 14:49:30	500.0	499.6666666666667	True	0.5	40.0	4	True	50.0	30.0	772.0172729492188	11.729908032814112	816.693359375	-10.226341623986675	-590.2221069335938	98.20707588279284	-567.4022827148438	29.954590266484484	-487.8905029296875	-397.974503025697	95.71846771240234	15.120683594956507	-82.01618957519531	15.88514675314156	-35.47793197631836	6.470575864073087	0.0	0.0	0.0	0.0
2.208656072616577	1781093600.0	1781093600.9585297	1	10.0	10.0	8.0	8.0	NeuronSpectrum 10.06.2026 14:49:30	EEG	checkup_149_10.06.2026 14:49:30	500.0	499.6666666666667	True	0.5	40.0	4	True	50.0	30.0	810.2559814453125	-0.8476244231687973	856.6143188476562	-24.25978483102202	-624.1546630859375	107.0250118726806	-598.3760375976562	36.92630468344232	-511.5679931640625	-391.64169999839623	98.35253143310547	12.215578802946348	-82.09235382080078	15.640480359151523	-37.14830017089844	7.31602306910671	0.0	0.0	0.0	0.0
2.20865797996521	1781093600.0	1781093600.9585316	1	10.0	10.0	8.0	8.0	NeuronSpectrum 10.06.2026 14:49:30	EEG	checkup_149_10.06.2026 14:49:30	500.0	499.6666666666667	True	0.5	40.0	4	True	50.0	30.0	876.901611328125	-19.67147489668575	926.5236206054688	-45.09344388529358	-679.6453857421875	120.87843693931408	-650.356201171875	48.58651590039344	-552.4802856445312	-381.7711124181521	104.90636444091797	8.650084077702374	-83.2503890991211	16.591977355239496	-39.85879898071289	8.541107527960662	0.0	0.0	0.0	0.0
2.208660364151001	1781093600.0	1781093600.958534	1	10.0	10.0	8.0	8.0	NeuronSpectrum 10.06.2026 14:49:30	EEG	checkup_149_10.06.2026 14:49:30	500.0	499.6666666666667	True	0.5	40.0	4	True	50.0	30.0	919.7868041992188	-41.9745841283357	971.6451416015625	-69.73519644905602	-714.6685180664062	137.75126886721478	-684.8292846679688	63.04279851909543	-578.8547973632812	-369.8100419530266	109.26726531982422	4.969987748639607	-85.6708755493164	18.717382253929173	-41.26302719116211	9.963891601871774	0.0	0.0	0.0	0.0
2.2086617946624756	1781093600.0	1781093600.9585354	1	10.0	10.0	8.0	8.0	NeuronSpectrum 10.06.2026 14:49:30	EEG	checkup_149_10.06.2026 14:49:30	500.0	499.6666666666667	True	0.5	40.0	4	True	50.0	30.0	868.619384765625	-64.03022967110672	917.7462768554688	-94.1529694056695	-673.6968994140625	154.7905914813341	-649.8895263671875	77.64714850513299	-548.2626953125	-357.77026365708247	102.680419921875	1.7856819888571787	-87.75997161865234	21.802977749780496	-38.235111236572266	11.347290394212067	0.0	0.0	0.0	0.0
2.2086634635925293	1781093600.0	1781093600.958537	1	10.0	10.0	8.0	8.0	NeuronSpectrum 10.06.2026 14:49:30	EEG	checkup_149_10.06.2026 14:49:30	500.0	499.6666666666667	True	0.5	40.0	4	True	50.0	30.0	677.0093994140625	-81.80048356199376	715.5135498046875	-113.98338633088876	-521.1758422851562	168.7956924649358	-511.1385192871094	89.45404992028845	-432.8597717285156	-347.87462217321996	78.95977783203125	-0.3375608077599871	-85.56517791748047	25.46197053393223	-28.76961898803711	12.44140188911634	0.0	0.0	0.0	0.0
2.208665132522583	1781093600.0	1781093600.9585388	1	10.0	10.0	8.0	8.0	NeuronSpectrum 10.06.2026 14:49:30	EEG	checkup_149_10.06.2026 14:49:30	500.0	499.6666666666667	True	0.5	40.0	4	True	50.0	30.0	358.5223693847656	-91.89793798551328	378.8290100097656	-125.56841662149057	-269.6392822265625	176.97954063497835	-278.2430419921875	95.9229772678021	-240.9396209716797	-342.0093479195774	39.1949577331543	-1.0119256866875093	-73.64871215820312	29.19823070638153	-13.601996421813965	13.04177023519119	0.0	0.0	0.0	0.0
2.2595438957214355	1781093600.0	1781093601.0094175	1	10.0	10.0	8.0	8.0	NeuronSpectrum 10.06.2026 14:49:30	EEG	checkup_149_10.06.2026 14:49:30	500.0	499.6666666666667	True	0.5	40.0	4	True	50.0	30.0	806.1343383789062	-92.51325653791989	853.5606689453125	-126.94738886874558	-624.2688598632812	177.7269698831451	-608.388671875	95.61194482206967	-506.08465576171875	-341.1824349049751	96.94304656982422	-0.1360556768239442	-73.46341705322266	32.49990783227192	-34.26506042480469	13.044130833386406	0.0	0.0	0.0	0.0
2.259550094604492	1781093600.0	1781093601.0094237	1	10.0	10.0	8.0	8.0	NeuronSpectrum 10.06.2026 14:49:30	EEG	checkup_149_10.06.2026 14:49:30	500.0	499.6666666666667	True	0.5	40.0	4	True	50.0	30.0	805.299072265625	-83.89265783405877	853.5855712890625	-118.36318427021341	-623.5482177734375	171.0142791198835	-608.3932495117188	88.55473647307758	-502.1185607910156	-345.23354611052775	98.34526062011719	2.069845904406687	-69.0035629272461	34.93606561736619	-34.558658599853516	12.47316381898292	0.0	0.0	0.0	0.0
2.259552478790283	1781093600.0	1781093601.009426	1	10.0	10.0	8.0	8.0	NeuronSpectrum 10.06.2026 14:49:30	EEG	checkup_149_10.06.2026 14:49:30	500.0	499.6666666666667	True	0.5	40.0	4	True	50.0	30.0	810.5782470703125	-68.16670298696988	859.9625854492188	-102.0751377806509	-628.7854614257812	158.32328344923755	-612.9632568359375	76.17064427336852	-501.1357116699219	-352.9163076448727	100.39326477050781	5.122554036520006	-66.48873138427734	36.22952745933264	-35.4202995300293	11.473893420468913	0.0	0.0	0.0	0.0
2.259554624557495	1781093600.0	1781093601.0094283	1	10.0	10.0	8.0	8.0	NeuronSpectrum 10.06.2026 14:49:30	EEG	checkup_149_10.06.2026 14:49:30	500.0	499.6666666666667	True	0.5	40.0	4	True	50.0	30.0	820.7755737304688	-48.671537489232406	871.3925170898438	-81.6331094904688	-639.1071166992188	142.1501584703761	-621.5250854492188	60.80284121640978	-502.7160949707031	-362.27565901354336	102.66932678222656	8.40256653785344	-66.22542572021484	36.29076757205494	-36.62654113769531	10.27184381390136	0.0	0.0	0.0	0.0
2.2595560550689697	1781093600.0	1781093601.0094297	1	10.0	10.0	8.0	8.0	NeuronSpectrum 10.06.2026 14:49:30	EEG	checkup_149_10.06.2026 14:49:30	500.0	499.6666666666667	True	0.5	40.0	4	True	50.0	30.0	827.8070678710938	-29.103462074957477	879.3616943359375	-60.97860828269094	-647.8013916015625	125.36828417332656	-628.24658203125	45.127500988994406	-502.67413330078125	-371.12642176540817	103.97366333007812	11.297626091088599	-67.01454162597656	35.21384655836373	-37.596405029296875	9.119293986777128	0.0	0.0	0.0	0.0
2.2595579624176025	1781093600.0	1781093601.0094316	1	10.0	10.0	8.0	8.0	NeuronSpectrum 10.06.2026 14:49:30	EEG	checkup_149_10.06.2026 14:49:30	500.0	499.6666666666667	True	0.5	40.0	4	True	50.0	30.0	821.04052734375	-12.813568551595548	872.732666015625	-43.70043256351492	-645.8535766601562	110.68073754310585	-625.2279663085938	31.65167902128549	-495.3575439453125	-377.45898010022285	102.90744018554688	13.316867394681818	-67.07341766357422	33.24683187334083	-37.648250579833984	8.24506144498984	0.0	0.0	0.0	0.0
2.2595596313476562	1781093600.0	1781093601.0094333	1	10.0	10.0	8.0	8.0	NeuronSpectrum 10.06.2026 14:49:30	EEG	checkup_149_10.06.2026 14:49:30	500.0	499.6666666666667	True	0.5	40.0	4	True	50.0	30.0	797.7344360351562	-2.382278231657765	848.7749633789062	-32.59194395196378	-630.4652709960938	100.27141350980041	-610.3121337890625	22.397887236091574	-479.09527587890625	-379.69294884409857	99.19390106201172	14.153066652606642	-66.04901885986328	30.750289502338727	-36.53443145751953	7.818375783303679	0.0	0.0	0.0	0.0
2.259561538696289	1781093600.0	1781093601.0094352	1	10.0	10.0	8.0	8.0	NeuronSpectrum 10.06.2026 14:49:30	EEG	checkup_149_10.06.2026 14:49:30	500.0	499.6666666666667	True	0.5	40.0	4	True	50.0	30.0	771.454833984375	0.5549846283492275	822.0059204101562	-29.475066457112906	-612.044921875	95.63592633549891	-593.4193725585938	18.75307345199894	-460.5295715332031	-376.7929182724685	94.70423126220703	13.695318224166419	-66.4201889038086	28.149145030968562	-34.86554718017578	7.929381365864777	0.0	0.0	0.0	0.0
2.2595629692077637	1781093600.0	1781093601.0094366	1	10.0	10.0	8.0	8.0	NeuronSpectrum 10.06.2026 14:49:30	EEG	checkup_149_10.06.2026 14:49:30	500.0	499.6666666666667	True	0.5	40.0	4	True	50.0	30.0	767.9002075195312	-4.641082452850625	819.6381225585938	-35.14931156255521	-611.11767578125	97.49888751989911	-593.4633178710938	21.39108550709014	-452.4093017578125	-368.3127468722288	92.86837768554688	12.010722071890614	-72.33061218261719	25.872758298067403	-33.927040100097656	8.582973956605835	0.0	0.0	0.0	0.0
2.2595651149749756	1781093600.0	1781093601.0094388	1	10.0	10.0	8.0	8.0	NeuronSpectrum 10.06.2026 14:49:30	EEG	checkup_149_10.06.2026 14:49:30	500.0	499.6666666666667	True	0.5	40.0	4	True	50.0	30.0	805.3284912109375	-17.55662860069321	860.7291870117188	-49.323775755026084	-642.7426147460938	105.72453896953509	-623.737548828125	30.18109069741782	-463.5330810546875	-354.4338628542744	96.15343475341797	9.316936216810188	-85.66552734375	24.275807412259542	-34.753665924072266	9.70069889197136	0.0	0.0	0.0	0.0
2.25956654548645	1781093600.0	1781093601.0094402	1	10.0	10.0	8.0	8.0	NeuronSpectrum 10.06.2026 14:49:30	EEG	checkup_149_10.06.2026 14:49:30	500.0	499.6666666666667	True	0.5	40.0	4	True	50.0	30.0	870.9149780273438	-36.62724635839375	931.1497192382812	-70.49372861642831	-697.361083984375	119.20169803979731	-674.272216796875	44.06753383311488	-486.8102722167969	-336.01280920265367	103.07475280761719	5.957428064858034	-101.98494720458984	23.54495235109045	-36.98567581176758	11.12777164770507	0.0	0.0	0.0	0.0
2.259568452835083	1781093600.0	1781093601.009442	1	10.0	10.0	8.0	8.0	NeuronSpectrum 10.06.2026 14:49:30	EEG	checkup_149_10.06.2026 14:49:30	500.0	499.6666666666667	True	0.5	40.0	4	True	50.0	30.0	912.9708862304688	-59.10679447072333	975.5543823242188	-95.87753074882764	-734.0559692382812	135.79361254158496	-706.1082153320312	61.012642022447615	-495.67462158203125	-314.58153178883936	107.25640106201172	2.373892301087613	-110.26667785644531	23.61850109186418	-38.437583923339844	12.647234043908593	0.0	0.0	0.0	0.0
2.2595701217651367	1781093600.0	1781093601.0094438	1	10.0	10.0	8.0	8.0	NeuronSpectrum 10.06.2026 14:49:30	EEG	checkup_149_10.06.2026 14:49:30	500.0	499.6666666666667	True	0.5	40.0	4	True	50.0	30.0	861.8217163085938	-81.29958751359999	919.8472290039062	-121.62961767676082	-696.7323608398438	152.51287731470885	-667.062255859375	78.1575699610843	-455.1930236816406	-292.20110777898583	100.11041259765625	-0.9422201367051664	-98.4154281616211	24.161714687977135	-35.99344253540039	14.006787801647997	0.0	0.0	0.0	0.0
2.2595717906951904	1781093600.0	1781093601.0094454	1	10.0	10.0	8.0	8.0	NeuronSpectrum 10.06.2026 14:49:30	EEG	checkup_149_10.06.2026 14:49:30	500.0	499.6666666666667	True	0.5	40.0	4	True	50.0	30.0	671.4769287109375	-99.19437249038518	715.5943603515625	-143.4849070400413	-547.3131103515625	166.0329203152724	-523.0224609375	92.30950951906165	-343.4914855957031	-271.1050081592934	76.0767822265625	-3.5322107736469586	-61.988975524902344	24.630023798476202	-27.494571685791016	14.96151218216038	0.0	0.0	0.0	0.0
2.259573459625244	1781093600.0	1781093601.009447	1	10.0	10.0	8.0	8.0	NeuronSpectrum 10.06.2026 14:49:30	EEG	checkup_149_10.06.2026 14:49:30	500.0	499.6666666666667	True	0.5	40.0	4	True	50.0	30.0	355.3812561035156	-109.41453541334056	377.8688049316406	-157.75170925300725	-294.8238830566406	173.46744054720514	-284.6811828613281	100.68850093936939	-169.5984344482422	-253.18686560473162	37.02350997924805	-5.075167868686173	-10.031148910522461	24.41243933261235	-13.407310485839844	15.32648778861315	0.0	0.0	0.0	0.0
2.31052565574646	1781093600.0	1781093601.0603993	1	10.0	10.0	8.0	8.0	NeuronSpectrum 10.06.2026 14:49:30	EEG	checkup_149_10.06.2026 14:49:30	500.0	499.6666666666667	True	0.5	40.0	4	True	50.0	30.0	799.5556030273438	-110.14166961195471	847.7140502929688	-162.29451824878913	-651.4927368164062	173.14193505957172	-618.0934448242188	101.66957886400269	-382.7793884277344	-239.51966519045826	93.3228530883789	-5.475622445359543	-93.50009155273438	23.001137897036884	-34.14579772949219	15.022883092688977	0.0	0.0	0.0	0.0
2.3105320930480957	1781093600.0	1781093601.0604057	1	10.0	10.0	8.0	8.0	NeuronSpectrum 10.06.2026 14:49:30	EEG	checkup_149_10.06.2026 14:49:30	500.0	499.6666666666667	True	0.5	40.0	4	True	50.0	30.0	798.9987182617188	-101.59846777657583	843.9705810546875	-157.068791601674	-652.1654052734375	165.02215822543766	-617.7757568359375	95.19914755845217	-367.9444274902344	-230.1250429696093	92.92423248291016	-4.888465375417191	-95.0281982421875	20.118625411112102	-34.673622131347656	14.09889096103845	0.0	0.0	0.0	0.0
2.3105344772338867	1781093600.0	1781093601.060408	1	10.0	10.0	8.0	8.0	NeuronSpectrum 10.06.2026 14:49:30	EEG	checkup_149_10.06.2026 14:49:30	500.0	499.6666666666667	True	0.5	40.0	4	True	50.0	30.0	804.6189575195312	-85.88977972440175	846.9014892578125	-143.99163599194983	-658.4296264648438	150.63210613402381	-623.2186889648438	82.72323455847176	-355.7469787597656	-224.0945007357642	92.72908020019531	-3.6644415511600514	-97.4367904663086	15.765828199044131	-35.445343017578125	12.717245329266012	0.0	0.0	0.0	0.0
2.3105363845825195	1781093600.0	1781093601.06041	1	10.0	10.0	8.0	8.0	NeuronSpectrum 10.06.2026 14:49:30	EEG	checkup_149_10.06.2026 14:49:30	500.0	499.6666666666667	True	0.5	40.0	4	True	50.0	30.0	815.123291015625	-66.33682837874441	855.5909423828125	-126.28504108152427	-669.5208740234375	132.56151526974355	-633.4710083007812	66.71888091670216	-345.8065490722656	-219.98390097031202	92.61595153808594	-2.2414134400588845	-100.88237762451172	10.203039048975427	-36.39402389526367	11.116552087325	0.0	0.0	0.0	0.0
2.3105385303497314	1781093600.0	1781093601.0604122	1	10.0	10.0	8.0	8.0	NeuronSpectrum 10.06.2026 14:49:30	EEG	checkup_149_10.06.2026 14:49:30	500.0	499.6666666666667	True	0.5	40.0	4	True	50.0	30.0	822.3732299804688	-46.638923536190575	861.77294921875	-107.63671449061926	-678.72021484375	113.82238043574478	-642.1199951171875	50.072841187180416	-334.95709228515625	-216.2938286595589	91.7936019897461	-1.0291406571701485	-105.08716583251953	3.8983935945208312	-37.19220733642578	9.562633627008001	0.0	0.0	0.0	0.0
2.310540199279785	1781093600.0	1781093601.0604138	1	10.0	10.0	8.0	8.0	NeuronSpectrum 10.06.2026 14:49:30	EEG	checkup_149_10.06.2026 14:49:30	500.0	499.6666666666667	True	0.5	40.0	4	True	50.0	30.0	815.740478515625	-30.166009809051133	854.3775634765625	-91.4895710320297	-677.0210571289062	97.29045653569393	-640.6528930664062	35.53321094949463	-319.0907897949219	-211.86021710247152	89.2520751953125	-0.3277689087462637	-109.30329132080078	-2.5331844636266814	-37.40008544921875	8.304504605848104	0.0	0.0	0.0	0.0
2.310542106628418	1781093600.0	1781093601.0604157	1	10.0	10.0	8.0	8.0	NeuronSpectrum 10.06.2026 14:49:30	EEG	checkup_149_10.06.2026 14:49:30	500.0	499.6666666666667	True	0.5	40.0	4	True	50.0	30.0	792.52392578125	-19.523156034192688	830.5718383789062	-80.6005683949027	-661.98046875	85.33988203773062	-626.4754638671875	25.343101498292498	-297.50262451171875	-206.0619918722877	84.9055404663086	-0.29619322786408664	-112.64863586425781	-8.39977655895988	-36.86932373046875	7.542235766435038	0.0	0.0	0.0	0.0
2.3105435371398926	1781093600.0	1781093601.0604172	1	10.0	10.0	8.0	8.0	NeuronSpectrum 10.06.2026 14:49:30	EEG	checkup_149_10.06.2026 14:49:30	500.0	499.6666666666667	True	0.5	40.0	4	True	50.0	30.0	766.3285522460938	-16.363278887039392	804.6908569335938	-76.83914170449344	-644.8282470703125	79.6498305917097	-609.4144897460938	21.046424078985698	-276.3401184082031	-198.84063904541753	80.51848602294922	-0.9629323284961879	-114.70176696777344	-13.020337943802677	-36.0800895690918	7.406792217963456	0.0	0.0	0.0	0.0
2.3105454444885254	1781093600.0	1781093601.060419	1	10.0	10.0	8.0	8.0	NeuronSpectrum 10.06.2026 14:49:30	EEG	checkup_149_10.06.2026 14:49:30	500.0	499.6666666666667	True	0.5	40.0	4	True	50.0	30.0	762.8724975585938	-21.326587156349817	803.8234252929688	-81.09754892692398	-646.8792114257812	81.0878169369033	-608.6671142578125	23.385365915875006	-266.75421142578125	-190.58655375227355	79.20555877685547	-2.258110474220996	-115.9263916015625	-15.834014139038887	-35.98054885864258	7.947979501720892	0.0	0.0	0.0	0.0
2.310547113418579	1781093600.0	1781093601.0604208	1	10.0	10.0	8.0	8.0	NeuronSpectrum 10.06.2026 14:49:30	EEG	checkup_149_10.06.2026 14:49:30	500.0	499.6666666666667	True	0.5	40.0	4	True	50.0	30.0	800.4362182617188	-33.98255873476322	847.0518798828125	-93.18813449130401	-682.9552612304688	89.57828490509186	-638.038330078125	32.20775221572451	-276.6041259765625	-181.96560224187144	83.16546630859375	-4.043947796788974	-117.44552612304688	-16.519384455973718	-37.21132278442383	9.12681086233211	0.0	0.0	0.0	0.0
2.310548782348633	1781093600.0	1781093601.0604224	1	10.0	10.0	8.0	8.0	NeuronSpectrum 10.06.2026 14:49:30	EEG	checkup_149_10.06.2026 14:49:30	500.0	499.6666666666667	True	0.5	40.0	4	True	50.0	30.0	866.26318359375	-52.74119078695084	920.3584594726562	-111.70268334866027	-741.53173828125	103.94581385599676	-688.021240234375	46.36907871377721	-300.48565673828125	-173.73594140864472	90.92887115478516	-6.13239131182824	-120.04234313964844	-15.097399833538143	-39.17404556274414	10.812460106873354	0.0	0.0	0.0	0.0
2.3105502128601074	1781093600.0	1781093601.0604239	1	10.0	10.0	8.0	8.0	NeuronSpectrum 10.06.2026 14:49:30	EEG	checkup_149_10.06.2026 14:49:30	500.0	499.6666666666667	True	0.5	40.0	4	True	50.0	30.0	908.78955078125	-74.83690361274535	968.3734130859375	-133.9548346493773	-778.5095825195312	121.83857823745198	-719.8016357421875	63.71307100891499	-316.4463806152344	-166.5580154024707	96.41490936279297	-8.296265041735102	-122.84750366210938	-11.984557849120147	-39.752044677734375	12.789152490214343	0.0	0.0	0.0	0.0
2.3105521202087402	1781093600.0	1781093601.0604258	1	10.0	10.0	8.0	8.0	NeuronSpectrum 10.06.2026 14:49:30	EEG	checkup_149_10.06.2026 14:49:30	500.0	499.6666666666667	True	0.5	40.0	4	True	50.0	30.0	858.470703125	-96.57577765627298	916.5952758789062	-156.21677386734902	-735.2855834960938	139.90855786121165	-680.9135131835938	81.27540512360004	-294.76263427734375	-160.76737922846002	91.30917358398438	-10.293157215021655	-122.57587432861328	-7.96762812324104	-36.19253921508789	14.780797941549034	0.0	0.0	0.0	0.0
2.310553789138794	1781093600.0	1781093601.0604274	1	10.0	10.0	8.0	8.0	NeuronSpectrum 10.06.2026 14:49:30	EEG	checkup_149_10.06.2026 14:49:30	500.0	499.6666666666667	True	0.5	40.0	4	True	50.0	30.0	669.3540649414062	-113.97753963138553	715.7579345703125	-174.39345406809574	-574.1444091796875	154.36823169157427	-536.6531372070312	95.80535135725341	-215.49505615234375	-156.09915452295468	69.91364288330078	-11.917491104689692	-114.06669616699219	-4.089244287312942	-26.80955696105957	16.497038858089166	0.0	0.0	0.0	0.0
2.3105554580688477	1781093600.0	1781093601.060429	1	10.0	10.0	8.0	8.0	NeuronSpectrum 10.06.2026 14:49:30	EEG	checkup_149_10.06.2026 14:49:30	500.0	499.6666666666667	True	0.5	40.0	4	True	50.0	30.0	354.76025390625	-123.72231916991856	379.9618835449219	-185.036308197478	-308.1128845214844	161.84721587417016	-297.1034240722656	104.52882580308558	-83.6287612915039	-151.42972098767706	33.41482925415039	-13.07357830356131	-92.25659942626953	-1.4615383896395735	-12.402419090270996	17.693512839142883	0.0	0.0	0.0	0.0
2.3105571269989014	1781093600.0	1781093601.0604308	1	10.0	10.0	8.0	8.0	NeuronSpectrum 10.06.2026 14:49:30	EEG	checkup_149_10.06.2026 14:49:30	500.0	499.6666666666667	True	0.5	40.0	4	True	50.0	30.0	797.6802978515625	-124.05954421137096	852.4473876953125	-186.32497527066724	-686.7330932617188	160.24962858779622	-632.8327026367188	105.88344706647547	-266.0603332519531	-144.68150939350195	84.3812484741211	-13.835667465075238	-108.70415496826172	-1.052706339904593	-30.483022689819336	18.227607347859976	0.0	0.0	0.0	0.0
2.310558795928955	1781093600.0	1781093601.0604324	1	10.0	10.0	8.0	8.0	NeuronSpectrum 10.06.2026 14:49:30	EEG	checkup_149_10.06.2026 14:49:30	500.0	499.6666666666667	True	0.5	40.0	4	True	50.0	30.0	797.174560546875	-115.26978935110826	851.4179077148438	-178.57305131547457	-689.8362426757812	149.25018005697905	-632.4964599609375	99.90658931599987	-254.57496643066406	-133.0331461222094	82.97306060791016	-14.454934748776855	-109.59656524658203	-3.504204181480915	-30.34910011291504	18.088393221050055	0.0	0.0	0.0	0.0
2.310560464859009	1781093600.0	1781093601.060434	1	10.0	10.0	8.0	8.0	NeuronSpectrum 10.06.2026 14:49:30	EEG	checkup_149_10.06.2026 14:49:30	500.0	499.6666666666667	True	0.5	40.0	4	True	50.0	30.0	802.6742553710938	-99.48585558494547	856.3634643554688	-164.0450242089887	-700.9641723632812	130.24642538141453	-637.2605590820312	88.12345282574171	-232.3838653564453	-113.45650190477964	80.92390441894531	-15.298874034973911	-114.64277648925781	-9.024673174157444	-31.034730911254883	17.389908346553028	0.0	0.0	0.0	0.0
2.3105621337890625	1781093600.0	1781093601.0604358	1	10.0	10.0	8.0	8.0	NeuronSpectrum 10.06.2026 14:49:30	EEG	checkup_149_10.06.2026 14:49:30	500.0	499.6666666666667	True	0.5	40.0	4	True	50.0	30.0	812.9884643554688	-80.01528184498011	865.9745483398438	-146.23333578549065	-719.2095336914062	105.8693374657574	-646.1681518554688	73.04053987480319	-197.0483856201172	-83.44047808902609	78.05469512939453	-16.746691572634514	-123.61917114257812	-17.376574213621318	-32.31150817871094	16.333422437224336	0.0	0.0	0.0	0.0
2.310563802719116	1781093601.0	1781093601.0604374	1	10.0	10.0	8.0	8.0	NeuronSpectrum 10.06.2026 14:49:30	EEG	checkup_149_10.06.2026 14:49:30	500.0	499.6666666666667	True	0.5	40.0	4	True	50.0	30.0	820.111328125	-60.50320630765939	871.728515625	-128.95842774711983	-736.8653564453125	79.32393430354975	-652.9747314453125	57.502706361550494	-148.39784240722656	-41.673434702908	73.83219909667969	-19.084946659905494	-134.08721923828125	-27.940473527121174	-33.550537109375	15.155197589515662	0.0	0.0	0.0	0.0
2.31056547164917	1781093601.0	1781093601.060439	1	10.0	10.0	8.0	8.0	NeuronSpectrum 10.06.2026 14:49:30	EEG	checkup_149_10.06.2026 14:49:30	500.0	499.6666666666667	True	0.5	40.0	4	True	50.0	30.0	813.52490234375	-44.239390609746025	862.486083984375	-115.62030259892147	-743.4598999023438	53.807179595617015	-649.4789428710938	44.14800882659705	-88.52616119384766	11.518584679483428	67.72452545166016	-22.44044690995001	-142.79002380371094	-39.82500285295693	-34.00056838989258	14.07690558893728	0.0	0.0	0.0	0.0
2.3105671405792236	1781093601.0	1781093601.0604408	1	10.0	10.0	8.0	8.0	NeuronSpectrum 10.06.2026 14:49:30	EEG	checkup_149_10.06.2026 14:49:30	500.0	499.6666666666667	True	0.5	40.0	4	True	50.0	30.0	790.54638671875	-33.746580461990156	835.4453125	-108.75361542033808	-735.6206665039062	32.115825709379834	-633.5050659179688	35.06940931249145	-20.523426055908203	74.08836367976643	59.957000732421875	-26.76472741322452	-148.69569396972656	-51.99209646319047	-33.3504753112793	13.269807206384408	0.0	0.0	0.0	0.0
2.3105688095092773	1781093601.0	1781093601.0604424	1	10.0	10.0	8.0	8.0	NeuronSpectrum 10.06.2026 14:49:30	EEG	checkup_149_10.06.2026 14:49:30	500.0	499.6666666666667	True	0.5	40.0	4	True	50.0	30.0	764.6671142578125	-30.619236181051093	804.9493408203125	-109.85817553824793	-725.1822509765625	16.421292432127444	-615.325439453125	31.664660665546638	53.0536003112793	142.54815661701375	52.04782485961914	-31.86216277977466	-155.2034149169922	-63.38222149184084	-32.175594329833984	12.836140872478266	0.0	0.0	0.0	0.0
2.310570478439331	1781093601.0	1781093601.060444	1	10.0	10.0	8.0	8.0	NeuronSpectrum 10.06.2026 14:49:30	EEG	checkup_149_10.06.2026 14:49:30	500.0	499.6666666666667	True	0.5	40.0	4	True	50.0	30.0	761.3987426757812	-35.48284489565642	798.102294921875	-119.36892872843765	-735.5472412109375	8.111716308592785	-614.4429321289062	34.57962705071569	130.41201782226562	212.54195923251427	46.362525939941406	-37.44026954194437	-168.55218505859375	-73.04139519000924	-31.759376525878906	12.805015708235857	0.0	0.0	0.0	0.0
2.3105721473693848	1781093601.0	1781093601.0604458	1	10.0	10.0	8.0	8.0	NeuronSpectrum 10.06.2026 14:49:30	EEG	checkup_149_10.06.2026 14:49:30	500.0	499.6666666666667	True	0.5	40.0	4	True	50.0	30.0	798.8511352539062	-47.94308218625434	834.2799682617188	-136.62515595597685	-783.4945678710938	7.60797930198194	-644.6106567382812	43.64840042491806	208.7885284423828	279.58082342455356	44.54383850097656	-43.158890465439924	-192.00808715820312	-80.25645823390103	-33.15220642089844	13.137296481563778	0.0	0.0	0.0	0.0
2.3105738162994385	1781093601.0	1781093601.0604475	1	10.0	10.0	8.0	8.0	NeuronSpectrum 10.06.2026 14:49:30	EEG	checkup_149_10.06.2026 14:49:30	500.0	499.6666666666667	True	0.5	40.0	4	True	50.0	30.0	864.28076171875	-66.48890723018116	900.3903198242188	-159.79635411637344	-856.8983764648438	14.14943746176463	-695.7828979492188	57.80488490268024	282.0085754394531	339.7833725393213	45.727752685546875	-48.664076482025315	-219.56544494628906	-84.68895587611188	-36.00001525878906	13.73532761878597	0.0	0.0	0.0	0.0
2.3105757236480713	1781093601.0	1781093601.0604494	1	10.0	10.0	8.0	8.0	NeuronSpectrum 10.06.2026 14:49:30	EEG	checkup_149_10.06.2026 14:49:30	500.0	499.6666666666667	True	0.5	40.0	4	True	50.0	30.0	906.3792114257812	-88.45504577028595	942.7099609375	-185.87060973590206	-907.05908203125	25.671857257985668	-728.2499389648438	75.04764813929211	339.9161682128906	390.46332643897847	46.0450439453125	-53.607686036749456	-235.03546142578125	-86.46849003256682	-38.09141159057617	14.457592545332254	0.0	0.0	0.0	0.0
2.310577392578125	1781093601.0	1781093601.060451	1	10.0	10.0	8.0	8.0	NeuronSpectrum 10.06.2026 14:49:30	EEG	checkup_149_10.06.2026 14:49:30	500.0	499.6666666666667	True	0.5	40.0	4	True	50.0	30.0	855.9937744140625	-110.24071171651093	888.6592407226562	-210.90840558922403	-867.9005126953125	38.97627830885714	-688.7188720703125	92.60872020212024	371.4523010253906	430.4386673709955	40.30062484741211	-57.666153569394304	-219.6665802001953	-86.1879198311323	-36.25326919555664	15.141830036023059	0.0	0.0	0.0	0.0
2.310579299926758	1781093601.0	1781093601.060453	1	10.0	10.0	8.0	8.0	NeuronSpectrum 10.06.2026 14:49:30	EEG	checkup_149_10.06.2026 14:49:30	500.0	499.6666666666667	True	0.5	40.0	4	True	50.0	30.0	667.4712524414062	-127.92447536657114	690.2840576171875	-230.70651652018424	-695.0114135742188	50.3225978643269	-542.2548828125	107.43204546806002	370.4059143066406	460.00478201329975	25.14133644104004	-60.57261642999899	-164.91934204101562	-84.76256307686602	-28.263032913208008	15.638445095331061	0.0	0.0	0.0	0.0
2.3105809688568115	1781093601.0	1781093601.0604546	1	10.0	10.0	8.0	8.0	NeuronSpectrum 10.06.2026 14:49:30	EEG	checkup_149_10.06.2026 14:49:30	500.0	499.6666666666667	True	0.5	40.0	4	True	50.0	30.0	354.12744140625	-138.19369771661079	361.5435791015625	-241.78512168806247	-399.6808166503906	56.36190884150263	-299.5877990722656	116.89615279595046	340.21966552734375	480.6057546959679	1.654032826423645	-62.16329780203287	-81.66456604003906	-83.17828048577088	-14.549877166748047	15.848218622947101	0.0	0.0	0.0	0.0
2.361734628677368	1781093601.0	1781093601.1116083	1	10.0	10.0	8.0	8.0	NeuronSpectrum 10.06.2026 14:49:30	EEG	checkup_149_10.06.2026 14:49:30	500.0	499.6666666666667	True	0.5	40.0	4	True	50.0	30.0	794.3491821289062	-139.25158180463782	827.0297241210938	-242.34346555231235	-816.9246826171875	55.071856032625305	-638.16357421875	119.5191770245061	414.28936767578125	494.3233792808101	34.10157012939453	-62.42092854282998	-205.41062927246094	-82.22285302712383	-35.723114013671875	15.749659461745363	0.0	0.0	0.0	0.0
2.361741065979004	1781093601.0	1781093601.1116147	1	10.0	10.0	8.0	8.0	NeuronSpectrum 10.06.2026 14:49:30	EEG	checkup_149_10.06.2026 14:49:30	500.0	499.6666666666667	True	0.5	40.0	4	True	50.0	30.0	793.3220825195312	-131.29334627562304	828.5269775390625	-232.75435698008206	-817.9532470703125	46.28716276492367	-636.2815551757812	115.33041221528707	421.69537353515625	503.3422212638073	33.65407180786133	-61.49126073060245	-204.07423400878906	-82.31272182641982	-36.07191467285156	15.40100648234468	0.0	0.0	0.0	0.0
2.361743927001953	1781093601.0	1781093601.1116176	1	10.0	10.0	8.0	8.0	NeuronSpectrum 10.06.2026 14:49:30	EEG	checkup_149_10.06.2026 14:49:30	500.0	499.6666666666667	True	0.5	40.0	4	True	50.0	30.0	798.1434326171875	-116.35264274795455	836.6328125	-215.38826052569044	-825.0093994140625	31.61712840718809	-639.1704711914062	105.75573822262874	428.911865234375	509.5229350856366	33.873043060302734	-59.6611080057322	-203.36370849609375	-83.469793463969	-36.23061752319336	14.91351406254336	0.0	0.0	0.0	0.0
2.361746311187744	1781093601.0	1781093601.11162	1	10.0	10.0	8.0	8.0	NeuronSpectrum 10.06.2026 14:49:30	EEG	checkup_149_10.06.2026 14:49:30	500.0	499.6666666666667	True	0.5	40.0	4	True	50.0	30.0	807.6306762695312	-97.6510653793361	849.848876953125	-193.90684865150095	-836.6904296875	13.86337891294812	-645.9148559570312	93.12127539648928	436.733642578125	514.1496010301574	34.8165168762207	-57.307049905745004	-203.2564239501953	-85.41736879004802	-36.15226745605469	14.408284550073365	0.0	0.0	0.0	0.0
2.361748456954956	1781093601.0	1781093601.111622	1	10.0	10.0	8.0	8.0	NeuronSpectrum 10.06.2026 14:49:30	EEG	checkup_149_10.06.2026 14:49:30	500.0	499.6666666666667	True	0.5	40.0	4	True	50.0	30.0	813.8814086914062	-78.77996537992772	859.527587890625	-172.3731765143985	-844.6995849609375	-3.751661026893597	-650.30224609375	80.03144157815659	443.86212158203125	517.8543677160101	36.032470703125	-54.83527647385345	-202.79287719726562	-87.71922456740712	-35.59211730957031	13.976478855737083	0.0	0.0	0.0	0.0
2.361750841140747	1781093601.0	1781093601.1116245	1	10.0	10.0	8.0	8.0	NeuronSpectrum 10.06.2026 14:49:30	EEG	checkup_149_10.06.2026 14:49:30	500.0	499.6666666666667	True	0.5	40.0	4	True	50.0	30.0	806.5452270507812	-63.012370200014544	854.4094848632812	-154.49404155042734	-838.3743896484375	-18.254500991755386	-644.2171020507812	68.85272434183545	447.9647521972656	520.687567690184	36.762752532958984	-52.62947953872137	-200.51751708984375	-89.90023034093865	-34.283470153808594	13.658336036792155	0.0	0.0	0.0	0.0
2.36175274848938	1781093601.0	1781093601.1116264	1	10.0	10.0	8.0	8.0	NeuronSpectrum 10.06.2026 14:49:30	EEG	checkup_149_10.06.2026 14:49:30	500.0	499.6666666666667	True	0.5	40.0	4	True	50.0	30.0	783.0784301757812	-52.88207746755394	831.5347900390625	-143.14288785229962	-815.1212768554688	-27.34464706412513	-625.7173461914062	61.408901614820145	447.8506164550781	522.2891223958196	36.59831619262695	-51.013037349194754	-195.76234436035156	-91.52744243783395	-32.38811492919922	13.445430275944272	0.0	0.0	0.0	0.0
2.361755132675171	1781093601.0	1781093601.1116288	1	10.0	10.0	8.0	8.0	NeuronSpectrum 10.06.2026 14:49:30	EEG	checkup_149_10.06.2026 14:49:30	500.0	499.6666666666667	True	0.5	40.0	4	True	50.0	30.0	756.9887084960938	-50.00443145511958	805.0541381835938	-140.14217887536557	-788.6777954101562	-29.58490615492584	-605.5174560546875	58.86576178468843	445.2216491699219	522.1157689232001	36.079200744628906	-50.22285126390021	-189.9451446533203	-92.2621011683531	-30.837770462036133	13.299907170639493	0.0	0.0	0.0	0.0
2.3617570400238037	1781093601.0	1781093601.1116307	1	10.0	10.0	8.0	8.0	NeuronSpectrum 10.06.2026 14:49:30	EEG	checkup_149_10.06.2026 14:49:30	500.0	499.6666666666667	True	0.5	40.0	4	True	50.0	30.0	753.67138671875	-55.017585452386456	801.8819580078125	-146.18390704946304	-784.8251342773438	-24.467034181664296	-603.7232666015625	61.70724059702621	444.1065673828125	519.6813073134177	36.538700103759766	-50.38871898557875	-186.53741455078125	-91.90330086954188	-31.060871124267578	13.178196757534634	0.0	0.0	0.0	0.0
2.3617587089538574	1781093601.0	1781093601.1116323	1	10.0	10.0	8.0	8.0	NeuronSpectrum 10.06.2026 14:49:30	EEG	checkup_149_10.06.2026 14:49:30	500.0	499.6666666666667	True	0.5	40.0	4	True	50.0	30.0	791.0935668945312	-67.52163452148956	841.2338256835938	-160.7642127588349	-821.9259643554688	-12.469989518559771	-634.6519775390625	69.70244404205047	447.5184631347656	514.7690177291588	38.95765686035156	-51.51443580699459	-188.98123168945312	-90.43601532421265	-33.97051239013672	13.046769392362625	0.0	0.0	0.0	0.0
2.3617606163024902	1781093601.0	1781093601.1116343	1	10.0	10.0	8.0	8.0	NeuronSpectrum 10.06.2026 14:49:30	EEG	checkup_149_10.06.2026 14:49:30	500.0	499.6666666666667	True	0.5	40.0	4	True	50.0	30.0	856.503173828125	-85.9839467120297	909.8652954101562	-182.1010354641752	-887.5872802734375	4.855082134591521	-688.4871215820312	81.83367229119884	453.3761291503906	507.57418296110666	42.4966926574707	-53.46364357310898	-197.42864990234375	-88.07705198767728	-38.78584289550781	12.883822667437943	0.0	0.0	0.0	0.0
2.361762046813965	1781093601.0	1781093601.1116357	1	10.0	10.0	8.0	8.0	NeuronSpectrum 10.06.2026 14:49:30	EEG	checkup_149_10.06.2026 14:49:30	500.0	499.6666666666667	True	0.5	40.0	4	True	50.0	30.0	898.800048828125	-107.7146906584082	953.8493041992188	-207.14274947552758	-931.1064453125	24.869329187969157	-725.1710205078125	96.26277967275342	453.195068359375	498.73419702462354	43.95956039428711	-55.961266733467326	-206.5435028076172	-85.29268052543411	-42.679931640625	12.670516893921619	0.0	0.0	0.0	0.0
2.3617639541625977	1781093601.0	1781093601.1116376	1	10.0	10.0	8.0	8.0	NeuronSpectrum 10.06.2026 14:49:30	EEG	checkup_149_10.06.2026 14:49:30	500.0	499.6666666666667	True	0.5	40.0	4	True	50.0	30.0	849.166015625	-129.10289877221476	900.3204956054688	-231.86256605343956	-884.1846923828125	44.0817613452386	-690.4603881835938	110.48365962783801	435.73614501953125	489.2153513317667	39.03889083862305	-58.624380483428396	-206.43531799316406	-82.75383398877084	-41.884254455566406	12.382989803374306	0.0	0.0	0.0	0.0
2.3617656230926514	1781093601.0	1781093601.1116393	1	10.0	10.0	8.0	8.0	NeuronSpectrum 10.06.2026 14:49:30	EEG	checkup_149_10.06.2026 14:49:30	500.0	499.6666666666667	True	0.5	40.0	4	True	50.0	30.0	662.1785888671875	-146.2444263926842	701.0303344726562	-251.9677713872945	-701.9597778320312	58.76215887712701	-548.1340942382812	121.76675475846332	394.1541442871094	480.0605490244022	24.910057067871094	-61.02913320932254	-186.89662170410156	-81.20978160270656	-33.842220306396484	11.99616608433822	0.0	0.0	0.0	0.0
2.361767292022705	1781093601.0	1781093601.111641	1	10.0	10.0	8.0	8.0	NeuronSpectrum 10.06.2026 14:49:30	EEG	checkup_149_10.06.2026 14:49:30	500.0	499.6666666666667	True	0.5	40.0	4	True	50.0	30.0	351.0653381347656	-155.87371915090054	369.8247985839844	-263.91954056537895	-397.94354248046875	65.84463192280734	-307.76470947265625	127.83425739581054	331.94927978515625	472.0585154920836	2.5210816860198975	-62.8029299212249	-142.78355407714844	-81.2991872719252	-19.05880355834961	11.500880855540164	0.0	0.0	0.0	0.0
2.412632942199707	1781093601.0	1781093601.1625066	1	10.0	10.0	8.0	8.0	NeuronSpectrum 10.06.2026 14:49:30	EEG	checkup_149_10.06.2026 14:49:30	500.0	499.6666666666667	True	0.5	40.0	4	True	50.0	30.0	788.5726928710938	-156.26099035495596	834.0894775390625	-265.89589544509033	-835.2354736328125	63.791129455346876	-651.8176879882812	127.51202180746192	405.2410888671875	465.4457517143709	30.166656494140625	-63.71286177172962	-200.00074768066406	-83.3596896619132	-41.704586029052734	10.923293791801985	0.0	0.0	0.0	0.0
2.4126391410827637	1781093601.0	1781093601.1625128	1	10.0	10.0	8.0	8.0	NeuronSpectrum 10.06.2026 14:49:30	EEG	checkup_149_10.06.2026 14:49:30	500.0	499.6666666666667	True	0.5	40.0	4	True	50.0	30.0	787.8009643554688	-147.67022109303775	833.3797607421875	-258.265012420474	-837.4678955078125	53.02067733342141	-651.5933227539062	121.05312890220311	400.2578125	459.7578546499584	29.702014923095703	-63.71701986953794	-201.1968536376953	-87.31197817408744	-41.713165283203125	10.33096669885942	0.0	0.0	0.0	0.0
2.412642002105713	1781093601.0	1781093601.1625156	1	10.0	10.0	8.0	8.0	NeuronSpectrum 10.06.2026 14:49:30	EEG	checkup_149_10.06.2026 14:49:30	500.0	499.6666666666667	True	0.5	40.0	4	True	50.0	30.0	793.0147094726562	-132.18612827768965	839.206787109375	-243.3680211827233	-845.08056640625	35.72029311243553	-654.6246337890625	109.99218885925413	395.11737060546875	453.8916200552621	30.201642990112305	-62.961197188513516	-204.1803436279297	-92.66462769191548	-41.529781341552734	9.81855289168515	0.0	0.0	0.0	0.0
2.412644386291504	1781093601.0	1781093601.162518	1	10.0	10.0	8.0	8.0	NeuronSpectrum 10.06.2026 14:49:30	EEG	checkup_149_10.06.2026 14:49:30	500.0	499.6666666666667	True	0.5	40.0	4	True	50.0	30.0	803.0670166015625	-113.05010274127592	850.1123046875	-224.76844971372694	-856.91943359375	15.179384065746895	-660.3873291015625	96.64418227701242	388.411865234375	446.3561963484895	31.356361389160156	-61.728583369472375	-208.7388458251953	-98.63063807725511	-41.22099304199219	9.48031031011621	0.0	0.0	0.0	0.0
2.412646770477295	1781093601.0	1781093601.1625204	1	10.0	10.0	8.0	8.0	NeuronSpectrum 10.06.2026 14:49:30	EEG	checkup_149_10.06.2026 14:49:30	500.0	499.6666666666667	True	0.5	40.0	4	True	50.0	30.0	810.05859375	-93.83933868855446	857.3980102539062	-206.3352874410121	-865.2067260742188	-5.022003594719635	-663.3111572265625	83.50713954385094	378.5227355957031	435.6315064440577	32.38370132446289	-60.36652364640483	-212.55699157714844	-104.30378260629271	-40.570770263671875	9.38418264902735	0.0	0.0	0.0	0.0
2.4126486778259277	1781093601.0	1781093601.1625223	1	10.0	10.0	8.0	8.0	NeuronSpectrum 10.06.2026 14:49:30	EEG	checkup_149_10.06.2026 14:49:30	500.0	499.6666666666667	True	0.5	40.0	4	True	50.0	30.0	803.594970703125	-77.78839152990011	849.76318359375	-191.4897917453414	-859.6719970703125	-21.678378416001856	-655.9744873046875	72.79415303751608	363.97857666015625	420.53639310794586	32.389076232910156	-59.21510232349381	-212.5756378173828	-108.83352132837045	-39.24955368041992	9.558818355115312	0.0	0.0	0.0	0.0
2.4126505851745605	1781093601.0	1781093601.1625242	1	10.0	10.0	8.0	8.0	NeuronSpectrum 10.06.2026 14:49:30	EEG	checkup_149_10.06.2026 14:49:30	500.0	499.6666666666667	True	0.5	40.0	4	True	50.0	30.0	781.0073852539062	-67.38743868768555	824.3442993164062	-182.7677178399739	-837.6836547851562	-32.34914369743649	-636.9166870117188	66.18641453691811	343.8631591796875	400.5238736133729	31.054031372070312	-58.55295875622575	-208.11680603027344	-111.55592151272872	-37.267250061035156	9.995920836820206	0.0	0.0	0.0	0.0
2.412652015686035	1781093601.0	1781093601.1625257	1	10.0	10.0	8.0	8.0	NeuronSpectrum 10.06.2026 14:49:30	EEG	checkup_149_10.06.2026 14:49:30	500.0	499.6666666666667	True	0.5	40.0	4	True	50.0	30.0	755.5835571289062	-64.22528647179021	795.5962524414062	-181.66616824789446	-812.5198364257812	-35.50938555500379	-616.88232421875	64.7672578530084	318.18988037109375	375.84749351194284	29.140377044677734	-58.564578082326406	-203.20970153808594	-112.06888151725862	-35.34190368652344	10.662296197748073	0.0	0.0	0.0	0.0
2.412653923034668	1781093601.0	1781093601.1625276	1	10.0	10.0	8.0	8.0	NeuronSpectrum 10.06.2026 14:49:30	EEG	checkup_149_10.06.2026 14:49:30	500.0	499.6666666666667	True	0.5	40.0	4	True	50.0	30.0	752.4641723632812	-68.94782530939754	790.87939453125	-188.63410951841263	-809.4223022460938	-30.59050823140144	-615.472900390625	69.02310768003072	288.1251220703125	347.5725219170733	28.19637107849121	-59.32517581653598	-205.004638671875	-110.26722389148249	-34.700584411621094	11.512191242217565	0.0	0.0	0.0	0.0
2.4126555919647217	1781093601.0	1781093601.1625292	1	10.0	10.0	8.0	8.0	NeuronSpectrum 10.06.2026 14:49:30	EEG	checkup_149_10.06.2026 14:49:30	500.0	499.6666666666667	True	0.5	40.0	4	True	50.0	30.0	789.4735107421875	-81.20244589670807	829.800048828125	-203.0600410765012	-846.5548095703125	-18.037755021321246	-646.1456909179688	78.80251313095357	255.93186950683594	317.43583722558606	29.34916877746582	-60.79659058993483	-217.75350952148438	-106.36262802214932	-36.182716369628906	12.49196666756764	0.0	0.0	0.0	0.0
2.4126574993133545	1781093601.0	1781093601.1625311	1	10.0	10.0	8.0	8.0	NeuronSpectrum 10.06.2026 14:49:30	EEG	checkup_149_10.06.2026 14:49:30	500.0	499.6666666666667	True	0.5	40.0	4	True	50.0	30.0	853.9872436523438	-99.53365026655855	899.2354125976562	-223.20867543674973	-911.7783813476562	0.584180077348281	-698.2874755859375	93.20591932369285	224.5592803955078	287.58573702898866	31.906009674072266	-62.83080254272078	-236.16476440429688	-100.89767448365087	-39.16333770751953	13.535242462532963	0.0	0.0	0.0	0.0
2.412658929824829	1781093601.0	1781093601.1625326	1	10.0	10.0	8.0	8.0	NeuronSpectrum 10.06.2026 14:49:30	EEG	checkup_149_10.06.2026 14:49:30	500.0	499.6666666666667	True	0.5	40.0	4	True	50.0	30.0	895.343505859375	-121.33581036785075	945.0355224609375	-246.20926429333758	-954.6973876953125	22.546669694990477	-731.58203125	110.49621041160627	196.93673706054688	260.25347543444053	32.94981002807617	-65.18429800820417	-244.22915649414062	-94.73130846274175	-41.209049224853516	14.554650298223942	0.0	0.0	0.0	0.0
2.412660837173462	1781093601.0	1781093601.1625345	1	10.0	10.0	8.0	8.0	NeuronSpectrum 10.06.2026 14:49:30	EEG	checkup_149_10.06.2026 14:49:30	500.0	499.6666666666667	True	0.5	40.0	4	True	50.0	30.0	845.3115234375	-143.0600388009946	893.9061889648438	-268.298566157235	-906.692138671875	44.17286246118305	-692.3318481445312	128.19650202003197	175.19049072265625	237.4183402480329	28.630638122558594	-67.55096525126837	-222.86654663085938	-88.95076313293607	-39.052371978759766	15.441455072699952	0.0	0.0	0.0	0.0
2.4126622676849365	1781093601.0	1781093601.162536	1	10.0	10.0	8.0	8.0	NeuronSpectrum 10.06.2026 14:49:30	EEG	checkup_149_10.06.2026 14:49:30	500.0	499.6666666666667	True	0.5	40.0	4	True	50.0	30.0	658.8959350585938	-160.81600685039433	697.2251586914062	-285.4657840170322	-721.5820922851562	61.45488870539358	-545.5317993164062	143.49970555745097	160.0941925048828	220.52570286475066	16.605751037597656	-69.61774819507148	-163.0244598388672	-84.68109908228033	-30.52122688293457	16.081913900705853	0.0	0.0	0.0	0.0
2.4126639366149902	1781093601.0	1781093601.1625376	1	10.0	10.0	8.0	8.0	NeuronSpectrum 10.06.2026 14:49:30	EEG	checkup_149_10.06.2026 14:49:30	500.0	499.6666666666667	True	0.5	40.0	4	True	50.0	30.0	349.3202819824219	-171.2901524432702	368.6989440917969	-294.4163074980094	-411.035400390625	70.99235251419834	-302.13616943359375	153.94123368667144	150.9995574951172	210.30374865737446	-1.9896481037139893	-71.13490644354565	-75.2732162475586	-82.82322197278526	-16.19345474243164	16.388681187027643	0.0	0.0	0.0	0.0
2.412665605545044	1781093601.0	1781093601.1625392	1	10.0	10.0	8.0	8.0	NeuronSpectrum 10.06.2026 14:49:30	EEG	checkup_149_10.06.2026 14:49:30	500.0	499.6666666666667	True	0.5	40.0	4	True	50.0	30.0	783.2221069335938	-172.64817918103338	839.696044921875	-293.5030405431631	-845.2844848632812	70.91572757473035	-637.22900390625	158.08353788534828	150.1951904296875	206.70317308148992	23.42031478881836	-71.97895514761777	-207.5132598876953	-83.81729962550975	-36.6610221862793	16.333132223684075	0.0	0.0	0.0	0.0
2.4126672744750977	1781093601.0	1781093601.162541	1	10.0	10.0	8.0	8.0	NeuronSpectrum 10.06.2026 14:49:30	EEG	checkup_149_10.06.2026 14:49:30	500.0	499.6666666666667	True	0.5	40.0	4	True	50.0	30.0	781.8487548828125	-165.0173149009535	842.3576049804688	-283.19881103214385	-845.6920166015625	61.383576815945176	-632.1785278320312	155.8984488725014	154.79949951171875	208.95995117946921	22.696260452270508	-72.18358514074798	-210.6678466796875	-87.54025598239664	-36.67674255371094	15.96051542742857	0.0	0.0	0.0	0.0
2.4126689434051514	1781093601.0	1781093601.1625426	1	10.0	10.0	8.0	8.0	NeuronSpectrum 10.06.2026 14:49:30	EEG	checkup_149_10.06.2026 14:49:30	500.0	499.6666666666667	True	0.5	40.0	4	True	50.0	30.0	786.4296264648438	-150.34909504692442	850.333984375	-265.9043647976435	-853.5111694335938	44.44768388758454	-631.69580078125	148.6875005375938	163.9930877685547	215.75922089738458	22.052326202392578	-71.92726464555412	-215.85650634765625	-93.38004529288995	-36.86582946777344	15.379063766108622	0.0	0.0	0.0	0.0
2.412670850753784	1781093601.0	1781093601.1625445	1	10.0	10.0	8.0	8.0	NeuronSpectrum 10.06.2026 14:49:30	EEG	checkup_149_10.06.2026 14:49:30	500.0	499.6666666666667	True	0.5	40.0	4	True	50.0	30.0	795.842529296875	-131.79005064822437	862.1295776367188	-245.23593015661018	-867.2876586914062	23.409994893950312	-635.2909545898438	138.6309369629304	175.86178588867188	225.4624064414403	21.459407806396484	-71.48615261824021	-221.94720458984375	-100.43572093225721	-37.15041732788086	14.72929963982732	0.0	0.0	0.0	0.0
2.412672281265259	1781093601.0	1781093601.162546	1	10.0	10.0	8.0	8.0	NeuronSpectrum 10.06.2026 14:49:30	EEG	checkup_149_10.06.2026 14:49:30	500.0	499.6666666666667	True	0.5	40.0	4	True	50.0	30.0	802.279296875	-112.88185076355819	869.4093017578125	-225.14227887326174	-878.166015625	1.9950289009002553	-637.1836547851562	128.2060174648149	188.1138916015625	236.3527168599463	20.71955680847168	-71.17254480810068	-226.667724609375	-107.74445702941891	-37.164581298828125	14.148747266048781	0.0	0.0	0.0	0.0
2.4126741886138916	1781093601.0	1781093601.1625478	1	10.0	10.0	8.0	8.0	NeuronSpectrum 10.06.2026 14:49:30	EEG	checkup_149_10.06.2026 14:49:30	500.0	499.6666666666667	True	0.5	40.0	4	True	50.0	30.0	795.4701538085938	-96.88289770881005	861.4485473632812	-209.16644495819972	-874.6032104492188	-16.36298626099744	-629.5232543945312	119.69368900860673	198.57080078125	246.8570105814982	19.5373592376709	-71.27754559557174	-227.51060485839844	-114.45554476368395	-36.46144485473633	13.745667783426878	0.0	0.0	0.0	0.0
2.4126758575439453	1781093601.0	1781093601.1625495	1	10.0	10.0	8.0	8.0	NeuronSpectrum 10.06.2026 14:49:30	EEG	checkup_149_10.06.2026 14:49:30	500.0	499.6666666666667	True	0.5	40.0	4	True	50.0	30.0	772.8297729492188	-86.34678249098603	835.8131713867188	-199.99659015272152	-853.4246215820312	-28.973759022888963	-610.1931762695312	114.87444565095814	205.98133850097656	255.71337005965077	17.75800132751465	-72.02826833430831	-223.66250610351562	-119.92235101719766	-34.98375701904297	13.58766515979184	0.0	0.0	0.0	0.0
2.412677764892578	1781093601.0	1781093601.1625514	1	10.0	10.0	8.0	8.0	NeuronSpectrum 10.06.2026 14:49:30	EEG	checkup_149_10.06.2026 14:49:30	500.0	499.6666666666667	True	0.5	40.0	4	True	50.0	30.0	747.6193237304688	-82.93449113742662	806.920166015625	-199.2788463130222	-828.6710205078125	-34.10184196075853	-589.155029296875	114.89526519253906	210.61749267578125	262.07001732135444	15.585293769836426	-73.56187384753868	-217.66592407226562	-123.72758893536322	-33.42911148071289	13.70296059887949	0.0	0.0	0.0	0.0
2.412680149078369	1781093601.0	1781093601.1625538	1	10.0	10.0	8.0	8.0	NeuronSpectrum 10.06.2026 14:49:30	EEG	checkup_149_10.06.2026 14:49:30	500.0	499.6666666666667	True	0.5	40.0	4	True	50.0	30.0	744.8463134765625	-87.34396926597132	801.6071166992188	-207.56430036504787	-827.20654296875	-31.04953797633456	-585.446044921875	120.2203379150924	213.96836853027344	265.5172883011084	13.517308235168457	-75.91412356559894	-214.9585418701172	-125.67871920679073	-33.03813171386719	14.087120646682605	0.0	0.0	0.0	0.0
2.412682056427002	1781093601.0	1781093601.1625557	1	10.0	10.0	8.0	8.0	NeuronSpectrum 10.06.2026 14:49:30	EEG	checkup_149_10.06.2026 14:49:30	500.0	499.6666666666667	True	0.5	40.0	4	True	50.0	30.0	782.1913452148438	-99.23933230762184	838.848388671875	-224.26066485402202	-868.2390747070312	-20.23168626740256	-612.7001953125	130.57817154987265	217.3824005126953	266.06507717836934	11.913701057434082	-79.0190185329065	-220.52032470703125	-125.80732058572715	-34.68887710571289	14.707565233198602	0.0	0.0	0.0	0.0
2.4126834869384766	1781093601.0	1781093601.1625571	1	10.0	10.0	8.0	8.0	NeuronSpectrum 10.06.2026 14:49:30	EEG	checkup_149_10.06.2026 14:49:30	500.0	499.6666666666667	True	0.5	40.0	4	True	50.0	30.0	847.0088500976562	-117.15080639887918	905.3348388671875	-247.55400532649816	-938.6605224609375	-3.2730076251161107	-661.5603637695312	144.8847713620326	220.44436645507812	264.0805703466565	10.451034545898438	-82.71766348011249	-234.1894989013672	-124.38365663829273	-37.816802978515625	15.50243979105819	0.0	0.0	0.0	0.0
2.4126853942871094	1781093601.0	1781093601.162559	1	10.0	10.0	8.0	8.0	NeuronSpectrum 10.06.2026 14:49:30	EEG	checkup_149_10.06.2026 14:49:30	500.0	499.6666666666667	True	0.5	40.0	4	True	50.0	30.0	888.8019409179688	-138.44878083355013	947.48828125	-274.40714527098464	-985.0018920898438	16.977994809097865	-693.7758178710938	161.22190120343447	220.411865234375	260.19677604322516	7.941162109375	-86.7770208268691	-247.978515625	-121.92691513547113	-40.06185531616211	16.377360001068908	0.0	0.0	0.0	0.0
2.412687063217163	1781093601.0	1781093601.1625607	1	10.0	10.0	8.0	8.0	NeuronSpectrum 10.06.2026 14:49:30	EEG	checkup_149_10.06.2026 14:49:30	500.0	499.6666666666667	True	0.5	40.0	4	True	50.0	30.0	839.613037109375	-159.5788988074734	893.1132202148438	-300.8308292765926	-935.2513427734375	36.71204167334236	-657.5440063476562	177.0116134866314	213.5230255126953	255.1973781752117	2.828822612762451	-90.92025911556613	-248.12538146972656	-119.17088763294764	-38.21778869628906	17.20875161509545	0.0	0.0	0.0	0.0
2.412688732147217	1781093601.0	1781093601.1625624	1	10.0	10.0	8.0	8.0	NeuronSpectrum 10.06.2026 14:49:30	EEG	checkup_149_10.06.2026 14:49:30	500.0	499.6666666666667	True	0.5	40.0	4	True	50.0	30.0	654.6358642578125	-176.6857353903611	694.5343627929688	-322.5613877627027	-742.1790161132812	51.83051820760256	-518.3550415039062	189.48243893105771	197.60580444335938	249.88495123779936	-5.808745861053467	-94.86785278247645	-221.6108856201172	-116.95237330980417	-30.125112533569336	17.861327514536576	0.0	0.0	0.0	0.0
2.4126904010772705	1781093601.0	1781093601.162564	1	10.0	10.0	8.0	8.0	NeuronSpectrum 10.06.2026 14:49:30	EEG	checkup_149_10.06.2026 14:49:30	500.0	499.6666666666667	True	0.5	40.0	4	True	50.0	30.0	347.0247497558594	-186.53574236462939	365.6163024902344	-336.0491412057872	-420.25311279296875	58.92908529369088	-285.5951843261719	196.35810295243144	174.2176055908203	244.94972205434516	-17.398223876953125	-98.3825877030241	-163.55264282226562	-116.02969651802017	-16.300987243652344	18.21852299580075	0.0	0.0	0.0	0.0
2.463644504547119	1781093601.0	1781093601.2135181	1	10.0	10.0	8.0	8.0	NeuronSpectrum 10.06.2026 14:49:30	EEG	checkup_149_10.06.2026 14:49:30	500.0	499.6666666666667	True	0.5	40.0	4	True	50.0	30.0	778.529296875	-187.40378547743356	822.2728271484375	-339.4011120478082	-885.1705322265625	56.23829721581821	-615.97998046875	196.5136075251381	201.09938049316406	240.86734370590747	-9.077733039855957	-101.30590095955789	-240.2981719970703	-116.88940523490999	-36.14147186279297	18.213882572210057	0.0	0.0	0.0	0.0
2.463653326034546	1781093601.0	1781093601.213527	1	10.0	10.0	8.0	8.0	NeuronSpectrum 10.06.2026 14:49:30	EEG	checkup_149_10.06.2026 14:49:30	500.0	499.6666666666667	True	0.5	40.0	4	True	50.0	30.0	777.0186157226562	-179.52367790994558	819.7268676757812	-332.85480459754126	-887.6923217773438	44.09996320507128	-616.0975341796875	190.29674493181707	199.77235412597656	237.85318031007623	-11.308201789855957	-103.57312772286224	-238.76702880859375	-119.620091336238	-35.9488410949707	17.84793694467493	0.0	0.0	0.0	0.0
2.4636569023132324	1781093601.0	1781093601.2135305	1	10.0	10.0	8.0	8.0	NeuronSpectrum 10.06.2026 14:49:30	EEG	checkup_149_10.06.2026 14:49:30	500.0	499.6666666666667	True	0.5	40.0	4	True	50.0	30.0	781.3389282226562	-164.91459874624184	824.109375	-318.5854462021986	-895.8951416015625	24.78238237739057	-619.8653564453125	179.37569267051762	199.18771362304688	235.88181557590858	-12.714964866638184	-105.2033168388802	-237.9066619873047	-123.90108920137672	-35.90988540649414	17.18335373807502	0.0	0.0	0.0	0.0
2.4636595249176025	1781093601.0	1781093601.2135332	1	10.0	10.0	8.0	8.0	NeuronSpectrum 10.06.2026 14:49:30	EEG	checkup_149_10.06.2026 14:49:30	500.0	499.6666666666667	True	0.5	40.0	4	True	50.0	30.0	790.443603515625	-146.7237585581917	834.2960205078125	-299.99856754771156	-908.7459106445312	1.7838469148398115	-626.37109375	166.22399772038276	198.79135131835938	234.75509731706504	-13.508025169372559	-106.27044561387096	-238.49630737304688	-129.09458125412573	-36.08917236328125	16.324203138385702	0.0	0.0	0.0	0.0
2.4636623859405518	1781093601.0	1781093601.213536	1	10.0	10.0	8.0	8.0	NeuronSpectrum 10.06.2026 14:49:30	EEG	checkup_149_10.06.2026 14:49:30	500.0	499.6666666666667	True	0.5	40.0	4	True	50.0	30.0	796.611328125	-128.41727495932187	841.90625	-280.8630739732312	-918.2444458007812	-21.026504268119503	-629.8974609375	153.49926033433698	197.67942810058594	234.1875481200272	-14.115765571594238	-106.8695803208496	-239.18690490722656	-134.38883344623517	-36.25222396850586	15.392000711525792	0.0	0.0	0.0	0.0
2.4636642932891846	1781093601.0	1781093601.213538	1	10.0	10.0	8.0	8.0	NeuronSpectrum 10.06.2026 14:49:30	EEG	checkup_149_10.06.2026 14:49:30	500.0	499.6666666666667	True	0.5	40.0	4	True	50.0	30.0	789.6307373046875	-113.11564168761753	835.8350219726562	-264.6008514939742	-913.677734375	-40.12172196813446	-623.034912109375	143.54249550415358	195.07781982421875	233.88079746571037	-14.962115287780762	-107.09070056518058	-237.5745086669922	-138.93929220577908	-36.02255630493164	14.508252486225238	0.0	0.0	0.0	0.0
2.4636664390563965	1781093601.0	1781093601.21354	1	10.0	10.0	8.0	8.0	NeuronSpectrum 10.06.2026 14:49:30	EEG	checkup_149_10.06.2026 14:49:30	500.0	499.6666666666667	True	0.5	40.0	4	True	50.0	30.0	766.8960571289062	-103.20583418381695	813.134765625	-253.87225303888118	-892.1925048828125	-52.748894590545525	-604.1591796875	138.0971498466063	191.1655731201172	233.57215173668416	-16.122623443603516	-107.0069042741991	-233.25723266601562	-141.98014262909635	-35.32073974609375	13.785489563024472	0.0	0.0	0.0	0.0
2.463669776916504	1781093601.0	1781093601.2135434	1	10.0	10.0	8.0	8.0	NeuronSpectrum 10.06.2026 14:49:30	EEG	checkup_149_10.06.2026 14:49:30	500.0	499.6666666666667	True	0.5	40.0	4	True	50.0	30.0	741.5557861328125	-100.19664215175968	787.7760620117188	-250.4189708245152	-867.453369140625	-57.11598812117792	-583.4086303710938	138.2183404563802	187.5875701904297	233.05726185890174	-17.113534927368164	-106.67637931976203	-230.2268524169922	-142.9093064667297	-34.7276496887207	13.322221676134786	0.0	0.0	0.0	0.0
2.463671922683716	1781093601.0	1781093601.2135456	1	10.0	10.0	8.0	8.0	NeuronSpectrum 10.06.2026 14:49:30	EEG	checkup_149_10.06.2026 14:49:30	500.0	499.6666666666667	True	0.5	40.0	4	True	50.0	30.0	738.4807739257812	-104.68700897177361	786.2932739257812	-255.02210650779745	-865.5236206054688	-52.46642453770757	-579.5369262695312	144.26802226847394	186.8701934814453	232.19710025582754	-17.087297439575195	-106.15177199899234	-235.27430725097656	-141.36824820010648	-35.29959487915039	13.194822203468547	0.0	0.0	0.0	0.0
2.4636740684509277	1781093601.0	1781093601.2135477	1	10.0	10.0	8.0	8.0	NeuronSpectrum 10.06.2026 14:49:30	EEG	checkup_149_10.06.2026 14:49:30	500.0	499.6666666666667	True	0.5	40.0	4	True	50.0	30.0	775.328369140625	-116.31714710742828	827.4280395507812	-267.43455568110573	-904.953125	-39.16887207139005	-605.6674194335938	155.89215830834559	190.6222381591797	230.921752455359	-15.454719543457031	-105.4883860673865	-251.79586791992188	-137.33361430847359	-37.70948791503906	13.441824144388445	0.0	0.0	0.0	0.0
2.463676929473877	1781093601.0	1781093601.2135506	1	10.0	10.0	8.0	8.0	NeuronSpectrum 10.06.2026 14:49:30	EEG	checkup_149_10.06.2026 14:49:30	500.0	499.6666666666667	True	0.5	40.0	4	True	50.0	30.0	839.6590576171875	-133.66672775985816	897.5888671875	-286.2507517467747	-972.5337524414062	-18.847413686551036	-652.208740234375	171.94946873976113	197.53692626953125	229.23709408789378	-12.565433502197266	-104.74485797226697	-272.9944152832031	-131.2088034921473	-41.221439361572266	14.042636226633874	0.0	0.0	0.0	0.0
2.463679313659668	1781093601.0	1781093601.213553	1	10.0	10.0	8.0	8.0	NeuronSpectrum 10.06.2026 14:49:30	EEG	checkup_149_10.06.2026 14:49:30	500.0	499.6666666666667	True	0.5	40.0	4	True	50.0	30.0	881.3927001953125	-154.20486177327527	942.85693359375	-308.83040963272003	-1015.1331176757812	5.569303404295958	-681.378173828125	190.4703313252751	202.84654235839844	227.22884488580564	-9.885709762573242	-103.97549054643669	-280.919677734375	-123.86452583768235	-43.388179779052734	14.900357855300005	0.0	0.0	0.0	0.0
2.4636809825897217	1781093601.0	1781093601.2135546	1	10.0	10.0	8.0	8.0	NeuronSpectrum 10.06.2026 14:49:30	EEG	checkup_149_10.06.2026 14:49:30	500.0	499.6666666666667	True	0.5	40.0	4	True	50.0	30.0	833.0026245117188	-174.48783590707643	890.7996215820312	-331.4929054698573	-960.8861083984375	30.091676753295364	-642.5408325195312	208.7961519937611	200.22369384765625	225.0497953280284	-9.364679336547852	-103.21919450398086	-254.8618927001953	-116.55850864157107	-41.032936096191406	15.842363876119885	0.0	0.0	0.0	0.0
2.4636828899383545	1781093601.0	1781093601.2135565	1	10.0	10.0	8.0	8.0	NeuronSpectrum 10.06.2026 14:49:30	EEG	checkup_149_10.06.2026 14:49:30	500.0	499.6666666666667	True	0.5	40.0	4	True	50.0	30.0	649.848388671875	-190.74585980964687	693.828125	-350.14031401784433	-761.927978515625	50.350349288507516	-502.5453186035156	224.0102709725922	185.39503479003906	222.8787995278243	-12.271344184875488	-102.49229878540268	-185.4314727783203	-110.6954389237453	-32.1434326171875	16.648154228077914	0.0	0.0	0.0	0.0
2.463684558868408	1781093601.0	1781093601.2135582	1	10.0	10.0	8.0	8.0	NeuronSpectrum 10.06.2026 14:49:30	EEG	checkup_149_10.06.2026 14:49:30	500.0	499.6666666666667	True	0.5	40.0	4	True	50.0	30.0	344.8044738769531	-199.78317971118426	366.2704162597656	-361.2320494574677	-431.41558837890625	62.62096765835603	-271.6007385253906	233.60859298584322	159.205810546875	220.8564955910101	-18.270505905151367	-101.78964039136592	-84.71595001220703	-107.47015791281393	-17.46272850036621	17.101309689651288	0.0	0.0	0.0	0.0
2.463686466217041	1781093601.0	1781093601.21356	1	10.0	10.0	8.0	8.0	NeuronSpectrum 10.06.2026 14:49:30	EEG	checkup_149_10.06.2026 14:49:30	500.0	499.6666666666667	True	0.5	40.0	4	True	50.0	30.0	775.1884155273438	-199.8644939775417	828.1571044921875	-362.7600645989071	-888.1126708984375	64.82617959612298	-591.8348388671875	236.16768013838816	192.33787536621094	219.02265937047227	-6.557732105255127	-101.09263048775085	-227.2523956298828	-107.5234794061213	-37.5136833190918	17.04796971866071	0.0	0.0	0.0	0.0
2.463688373565674	1781093601.0	1781093601.213562	1	10.0	10.0	8.0	8.0	NeuronSpectrum 10.06.2026 14:49:30	EEG	checkup_149_10.06.2026 14:49:30	500.0	499.6666666666667	True	0.5	40.0	4	True	50.0	30.0	774.9636840820312	-191.1878543229149	827.5407104492188	-354.7907087735192	-887.1801147460938	57.072054733943176	-589.9491577148438	231.71068160099858	188.93528747558594	217.28622682297697	-6.489991664886475	-100.37945832671463	-229.58251953125	-110.75926670598362	-37.481693267822266	16.438808396580853	0.0	0.0	0.0	0.0
2.463690757751465	1781093601.0	1781093601.2135644	1	10.0	10.0	8.0	8.0	NeuronSpectrum 10.06.2026 14:49:30	EEG	checkup_149_10.06.2026 14:49:30	500.0	499.6666666666667	True	0.5	40.0	4	True	50.0	30.0	780.3594360351562	-175.7462307371628	833.2953491210938	-339.3522188990493	-894.12841796875	41.498497980633	-593.2350463867188	221.62019440081585	185.40623474121094	215.4432675448249	-6.862949848175049	-99.63399311259279	-235.97512817382812	-116.39531297908447	-38.042884826660156	15.340089981070722	0.0	0.0	0.0	0.0
2.4636929035186768	1781093601.0	1781093601.2135665	1	10.0	10.0	8.0	8.0	NeuronSpectrum 10.06.2026 14:49:30	EEG	checkup_149_10.06.2026 14:49:30	500.0	499.6666666666667	True	0.5	40.0	4	True	50.0	30.0	790.1870727539062	-156.7024403678973	844.3020629882812	-319.79125059553604	-907.0056762695312	21.578386739707234	-600.8646240234375	208.18722867268022	182.24913024902344	213.2328731482058	-7.3166584968566895	-98.85342765321168	-244.4424591064453	-123.2049249210549	-39.15549850463867	13.915001934570943	0.0	0.0	0.0	0.0
2.4636948108673096	1781093601.0	1781093601.2135684	1	10.0	10.0	8.0	8.0	NeuronSpectrum 10.06.2026 14:49:30	EEG	checkup_149_10.06.2026 14:49:30	500.0	499.6666666666667	True	0.5	40.0	4	True	50.0	30.0	796.714599609375	-137.59441793740302	852.2570190429688	-299.9296372030218	-916.25	1.2165998803901417	-606.8317260742188	194.0294533132829	179.2966766357422	210.4061357247732	-7.5562825202941895	-98.05554156494476	-251.24603271484375	-129.83584896461733	-40.380279541015625	12.387165243958261	0.0	0.0	0.0	0.0
2.4636969566345215	1781093601.0	1781093601.2135706	1	10.0	10.0	8.0	8.0	NeuronSpectrum 10.06.2026 14:49:30	EEG	checkup_149_10.06.2026 14:49:30	500.0	499.6666666666667	True	0.5	40.0	4	True	50.0	30.0	789.832275390625	-121.6594396499418	846.114501953125	-283.3267821140092	-909.7609252929688	-16.0234563889262	-603.1791381835938	181.59199379455399	175.85018920898438	206.78596963551027	-7.453736305236816	-97.28396871553666	-252.3264923095703	-135.09730210361852	-41.09010314941406	10.99933066679986	0.0	0.0	0.0	0.0
2.4636988639831543	1781093601.0	1781093601.2135725	1	10.0	10.0	8.0	8.0	NeuronSpectrum 10.06.2026 14:49:30	EEG	checkup_149_10.06.2026 14:49:30	500.0	499.6666666666667	True	0.5	40.0	4	True	50.0	30.0	767.0487670898438	-111.41216731968636	822.8888549804688	-272.79487033221005	-884.4772338867188	-27.4033972623684	-587.7265625	172.83092619775195	171.38418579101562	202.30724403517095	-7.0041022300720215	-96.60733002648368	-245.87608337402344	-138.15214826331257	-40.96863555908203	9.975643512224714	0.0	0.0	0.0	0.0
2.4637017250061035	1781093601.0	1781093601.2135754	1	10.0	10.0	8.0	8.0	NeuronSpectrum 10.06.2026 14:49:30	EEG	checkup_149_10.06.2026 14:49:30	500.0	499.6666666666667	True	0.5	40.0	4	True	50.0	30.0	741.5259399414062	-108.45552854062048	796.438232421875	-270.15352830898917	-855.5126953125	-31.216148730300233	-570.3141479492188	169.06467844913942	166.3000946044922	197.03756737042121	-6.202812671661377	-96.10834304149141	-234.47544860839844	-138.60066711790336	-40.428794860839844	9.490625025632628	0.0	0.0	0.0	0.0
2.4637038707733154	1781093601.0	1781093601.2135775	1	10.0	10.0	8.0	8.0	NeuronSpectrum 10.06.2026 14:49:30	EEG	checkup_149_10.06.2026 14:49:30	500.0	499.6666666666667	True	0.5	40.0	4	True	50.0	30.0	738.018310546875	-113.41147240610125	793.2621459960938	-276.116007279264	-851.3892822265625	-26.83834749234818	-569.7747802734375	170.91061248802077	161.94940185546875	191.1845199367158	-5.003544807434082	-95.86222170024053	-224.6614227294922	-136.47694660076428	-40.471927642822266	9.64473260457121	0.0	0.0	0.0	0.0
2.463705539703369	1781093601.0	1781093601.2135792	1	10.0	10.0	8.0	8.0	NeuronSpectrum 10.06.2026 14:49:30	EEG	checkup_149_10.06.2026 14:49:30	500.0	499.6666666666667	True	0.5	40.0	4	True	50.0	30.0	774.0481567382812	-125.85671436385961	832.3328247070312	-290.1968260285317	-892.4850463867188	-14.764524317842596	-599.552490234375	178.22274889543084	159.59051513671875	185.09423779985468	-3.46187686920166	-95.90838146926886	-223.0765380859375	-132.19337028657813	-41.854042053222656	10.44598744399325	0.0	0.0	0.0	0.0
2.463707685470581	1781093601.0	1781093601.2135813	1	10.0	10.0	8.0	8.0	NeuronSpectrum 10.06.2026 14:49:30	EEG	checkup_149_10.06.2026 14:49:30	500.0	499.6666666666667	True	0.5	40.0	4	True	50.0	30.0	837.2105712890625	-144.234949474348	900.60009765625	-310.619020551302	-965.203369140625	3.330581612501904	-650.2802734375	190.01108992932538	158.88462829589844	179.24008709021484	-1.9817231893539429	-96.22378939064629	-230.9912872314453	-126.46230976829952	-44.05328369140625	11.799705532740571	0.0	0.0	0.0	0.0
2.463710308074951	1781093601.0	1781093601.213584	1	10.0	10.0	8.0	8.0	NeuronSpectrum 10.06.2026 14:49:30	EEG	checkup_149_10.06.2026 14:49:30	500.0	499.6666666666667	True	0.5	40.0	4	True	50.0	30.0	877.7462768554688	-165.84601399094305	944.7811279296875	-334.3300807359903	-1013.5968017578125	24.598349852255726	-683.9700927734375	204.41951006094087	157.20077514648438	174.1924690829768	-1.4183226823806763	-96.70839472862968	-240.97650146484375	-120.2033222102611	-44.916099548339844	13.5121231017257	0.0	0.0	0.0	0.0
2.463711977005005	1781093601.0	1781093601.2135856	1	10.0	10.0	8.0	8.0	NeuronSpectrum 10.06.2026 14:49:30	EEG	checkup_149_10.06.2026 14:49:30	500.0	499.6666666666667	True	0.5	40.0	4	True	50.0	30.0	828.652099609375	-187.09359991045358	892.7695922851562	-357.3144927019363	-962.2366333007812	45.28394412843192	-649.2643432617188	218.89975954522887	150.66246032714844	170.55788207819896	-2.826892852783203	-97.19141633218014	-238.84835815429688	-114.42438107321902	-41.5480842590332	15.315072560684976	0.0	0.0	0.0	0.0
2.4637138843536377	1781093601.0	1781093601.2135875	1	10.0	10.0	8.0	8.0	NeuronSpectrum 10.06.2026 14:49:30	EEG	checkup_149_10.06.2026 14:49:30	500.0	499.6666666666667	True	0.5	40.0	4	True	50.0	30.0	645.7437744140625	-204.11394331940664	696.6699829101562	-375.3207645200689	-761.5516357421875	61.39103772662888	-512.0291137695312	230.67392828617903	136.5885467529297	168.88320749677231	-6.899556636810303	-97.46125632875825	-210.6636199951172	-110.06574752889368	-32.10781478881836	16.914173350907024	0.0	0.0	0.0	0.0
2.4637155532836914	1781093601.0	1781093601.2135892	1	10.0	10.0	8.0	8.0	NeuronSpectrum 10.06.2026 14:49:30	EEG	checkup_149_10.06.2026 14:49:30	500.0	499.6666666666667	True	0.5	40.0	4	True	50.0	30.0	341.9944152832031	-213.69431571357634	369.9156799316406	-384.88865089013785	-426.4459228515625	69.65025746214991	-281.7065124511719	237.41601832592332	115.71978759765625	169.5399201631983	-13.419642448425293	-97.3127671818904	-150.83009338378906	-107.82252742684426	-17.33618927001953	18.05206101032536	0.0	0.0	0.0	0.0
2.515575408935547	1781093601.0	1781093601.265449	1	10.0	10.0	8.0	8.0	NeuronSpectrum 10.06.2026 14:49:30	EEG	checkup_149_10.06.2026 14:49:30	500.0	499.6666666666667	True	0.5	40.0	4	True	50.0	30.0	767.9700317382812	-214.14840203944976	832.1077270507812	-384.3047171702558	-909.4552612304688	68.4350045181999	-608.3789672851562	237.90087250432416	150.59515380859375	172.62252450023294	-5.914627552032471	-96.59736034125741	-234.70413208007812	-107.99854493575138	-36.7303352355957	18.567015966327475	0.0	0.0	0.0	0.0
2.5155813694000244	1781093601.0	1781093601.265455	1	10.0	10.0	8.0	8.0	NeuronSpectrum 10.06.2026 14:49:30	EEG	checkup_149_10.06.2026 14:49:30	500.0	499.6666666666667	True	0.5	40.0	4	True	50.0	30.0	766.8837280273438	-205.75447817492056	834.2074584960938	-374.05573210628967	-909.3856201171875	58.20265403364958	-607.6741943359375	232.32403172423574	157.5135498046875	177.89996417562392	-4.637319087982178	-95.25900896451525	-233.33465576171875	-110.45280748705618	-36.67153549194336	18.425510300391593	0.0	0.0	0.0	0.0
2.5155844688415527	1781093601.0	1781093601.265458	1	10.0	10.0	8.0	8.0	NeuronSpectrum 10.06.2026 14:49:30	EEG	checkup_149_10.06.2026 14:49:30	500.0	499.6666666666667	True	0.5	40.0	4	True	50.0	30.0	771.744873046875	-190.5728494978787	843.019287109375	-356.5860621856331	-913.3919067382812	41.2713605932489	-610.427001953125	222.15775079588346	166.6598358154297	184.8406362414043	-2.0959408283233643	-93.34482108396995	-231.35789489746094	-114.66144269183391	-37.15745544433594	17.718518625043025	0.0	0.0	0.0	0.0
2.5155866146087646	1781093601.0	1781093601.2654603	1	10.0	10.0	8.0	8.0	NeuronSpectrum 10.06.2026 14:49:30	EEG	checkup_149_10.06.2026 14:49:30	500.0	499.6666666666667	True	0.5	40.0	4	True	50.0	30.0	781.4243774414062	-171.78432807286993	856.7435302734375	-335.5251209096829	-920.9890747070312	21.097203804657006	-615.9874877929688	209.65578540181335	176.6400146484375	192.70225827655898	1.3253116607666016	-90.98931170464229	-229.76797485351562	-119.85965465422635	-38.04110336303711	16.628197593382016	0.0	0.0	0.0	0.0
2.5155885219573975	1781093601.0	1781093601.2654622	1	10.0	10.0	8.0	8.0	NeuronSpectrum 10.06.2026 14:49:30	EEG	checkup_149_10.06.2026 14:49:30	500.0	499.6666666666667	True	0.5	40.0	4	True	50.0	30.0	788.1991577148438	-152.88067194341698	866.3512573242188	-314.7601339685357	-924.9114990234375	1.4151975800366094	-618.8707275390625	197.26087016382397	185.24977111816406	200.65671161813418	4.817628383636475	-88.38067380117823	-227.8708953857422	-125.19715972442732	-38.85757064819336	15.381685326471015	0.0	0.0	0.0	0.0
2.5155909061431885	1781093601.0	1781093601.2654645	1	10.0	10.0	8.0	8.0	NeuronSpectrum 10.06.2026 14:49:30	EEG	checkup_149_10.06.2026 14:49:30	500.0	499.6666666666667	True	0.5	40.0	4	True	50.0	30.0	781.9072265625	-137.0017374874278	860.3591918945312	-297.68955090621404	-915.1583862304688	-14.443642769840782	-611.8405151367188	187.13665211806025	190.33477783203125	207.91618890332663	7.49165678024292	-85.72137830306905	-224.10154724121094	-129.85440418635903	-39.0390625	14.207922904275451	0.0	0.0	0.0	0.0
2.5155932903289795	1781093601.0	1781093601.265467	1	10.0	10.0	8.0	8.0	NeuronSpectrum 10.06.2026 14:49:30	EEG	checkup_149_10.06.2026 14:49:30	500.0	499.6666666666667	True	0.5	40.0	4	True	50.0	30.0	759.9290771484375	-126.55013957839533	835.9950561523438	-286.80837416816667	-889.4220581054688	-23.934142815291576	-593.40771484375	180.91616975230812	191.33377075195312	213.83611040428676	8.941727638244629	-83.1942216817707	-218.76199340820312	-133.10629032992534	-38.39353942871094	13.306017972141614	0.0	0.0	0.0	0.0
2.5155951976776123	1781093601.0	1781093601.2654688	1	10.0	10.0	8.0	8.0	NeuronSpectrum 10.06.2026 14:49:30	EEG	checkup_149_10.06.2026 14:49:30	500.0	499.6666666666667	True	0.5	40.0	4	True	50.0	30.0	735.2284545898438	-123.04915890429575	808.0934448242188	-283.58743309316645	-861.6716918945312	-25.43217157598848	-573.8374633789062	179.63022499446413	190.3820037841797	217.98430187370258	9.645339965820312	-80.94025100246846	-216.13792419433594	-134.3576064935406	-37.483192443847656	12.825734634847143	0.0	0.0	0.0	0.0
2.515597105026245	1781093601.0	1781093601.2654707	1	10.0	10.0	8.0	8.0	NeuronSpectrum 10.06.2026 14:49:30	EEG	checkup_149_10.06.2026 14:49:30	500.0	499.6666666666667	True	0.5	40.0	4	True	50.0	30.0	732.354248046875	-127.11305203864963	804.5128784179688	-288.49340636183194	-857.9910278320312	-18.274271489099174	-571.9804077148438	183.705590646817	191.5771484375	220.1784870499017	10.759610176086426	-79.04918380998042	-222.7782440185547	-133.1915507399113	-37.433837890625	12.855631342990973	0.0	0.0	0.0	0.0
2.515599012374878	1781093601.0	1781093601.2654727	1	10.0	10.0	8.0	8.0	NeuronSpectrum 10.06.2026 14:49:30	EEG	checkup_149_10.06.2026 14:49:30	500.0	499.6666666666667	True	0.5	40.0	4	True	50.0	30.0	768.725341796875	-138.3990379114602	845.1600341796875	-300.9901580171247	-896.63916015625	-2.840480487306218	-600.9243774414062	192.92680520751864	198.0918426513672	220.4999126347319	13.240272521972656	-77.55869070972527	-241.39198303222656	-129.46028740713749	-39.055870056152344	13.413705791339323	0.0	0.0	0.0	0.0
2.5156009197235107	1781093601.0	1781093601.2654746	1	10.0	10.0	8.0	8.0	NeuronSpectrum 10.06.2026 14:49:30	EEG	checkup_149_10.06.2026 14:49:30	500.0	499.6666666666667	True	0.5	40.0	4	True	50.0	30.0	832.0343627929688	-155.50476402376037	916.7307739257812	-319.4650733415517	-963.8336791992188	19.294078490293266	-650.786865234375	206.33371240796816	208.73463439941406	219.28687413036133	16.802047729492188	-76.45825224856348	-264.33795166015625	-123.4059934699835	-41.78753662109375	14.439204590364657	0.0	0.0	0.0	0.0
2.5156023502349854	1781093601.0	1781093601.265476	1	10.0	10.0	8.0	8.0	NeuronSpectrum 10.06.2026 14:49:30	EEG	checkup_149_10.06.2026 14:49:30	500.0	499.6666666666667	True	0.5	40.0	4	True	50.0	30.0	872.8174438476562	-175.91541634588503	964.3807373046875	-341.1836266984175	-1005.7232666015625	45.27046295064179	-683.2109375	222.14092660628162	216.71829223632812	217.10109685261313	19.565332412719727	-75.69606141560942	-273.0282287597656	-115.75097207962031	-43.350467681884766	15.790346516046315	0.0	0.0	0.0	0.0
2.515604257583618	1781093601.0	1781093601.265478	1	10.0	10.0	8.0	8.0	NeuronSpectrum 10.06.2026 14:49:30	EEG	checkup_149_10.06.2026 14:49:30	500.0	499.6666666666667	True	0.5	40.0	4	True	50.0	30.0	824.4227294921875	-196.19615761491954	913.9255981445312	-362.48512391571774	-949.8377075195312	71.14857302680534	-646.8585815429688	237.840453024174	212.4226837158203	214.6525751554243	18.897890090942383	-75.19073490584609	-246.578125	-107.66980879262634	-40.68421936035156	17.256702145941336	0.0	0.0	0.0	0.0
2.515605926513672	1781093601.0	1781093601.2654796	1	10.0	10.0	8.0	8.0	NeuronSpectrum 10.06.2026 14:49:30	EEG	checkup_149_10.06.2026 14:49:30	500.0	499.6666666666667	True	0.5	40.0	4	True	50.0	30.0	642.8524780273438	-212.57197778815004	716.1771850585938	-379.3827777088233	-748.0965576171875	92.56301188452211	-508.0414733886719	250.60935163332238	189.12152099609375	212.67662166158723	13.088530540466309	-74.84950170791072	-175.89508056640625	-100.5865706843372	-31.802125930786133	18.592352261706267	0.0	0.0	0.0	0.0
2.515608072280884	1781093601.0	1781093601.2654817	1	10.0	10.0	8.0	8.0	NeuronSpectrum 10.06.2026 14:49:30	EEG	checkup_149_10.06.2026 14:49:30	500.0	499.6666666666667	True	0.5	40.0	4	True	50.0	30.0	340.9427490234375	-221.82199438908555	385.0004577636719	-388.50055626187236	-413.9642639160156	105.74879517378061	-276.8690490722656	257.9774266341602	148.04600524902344	211.78323546612626	2.7356700897216797	-74.58959113401168	-73.59761047363281	-95.8265336631779	-17.373321533203125	19.565888081983978	0.0	0.0	0.0	0.0
2.5667147636413574	1781093601.0	1781093601.3165884	1	10.0	10.0	8.0	8.0	NeuronSpectrum 10.06.2026 14:49:30	EEG	checkup_149_10.06.2026 14:49:30	500.0	499.6666666666667	True	0.5	40.0	4	True	50.0	30.0	765.4803466796875	-222.16509740375653	858.4306030273438	-388.00514110532674	-870.1636962890625	108.57098368437471	-600.8800048828125	258.5127297599789	206.99176025390625	212.32764890124434	21.207670211791992	-74.35357781198029	-213.1017303466797	-94.24660211166702	-36.729244232177734	20.01161990769314	0.0	0.0	0.0	0.0
2.5667202472686768	1781093601.0	1781093601.316594	1	10.0	10.0	8.0	8.0	NeuronSpectrum 10.06.2026 14:49:30	EEG	checkup_149_10.06.2026 14:49:30	500.0	499.6666666666667	True	0.5	40.0	4	True	50.0	30.0	764.86767578125	-213.73985871992582	859.5877685546875	-378.107167648244	-867.3626098632812	101.10551830887161	-599.888916015625	252.2185196553588	207.2047576904297	214.3548366867977	21.597286224365234	-74.10956752099854	-211.09719848632812	-95.99775625698364	-36.3983154296875	19.862780968000042	0.0	0.0	0.0	0.0
2.5667226314544678	1781093601.0	1781093601.3165963	1	10.0	10.0	8.0	8.0	NeuronSpectrum 10.06.2026 14:49:30	EEG	checkup_149_10.06.2026 14:49:30	500.0	499.6666666666667	True	0.5	40.0	4	True	50.0	30.0	770.0360107421875	-198.47958938111327	866.1773071289062	-360.91880184061137	-872.9971923828125	85.53430943929796	-603.932861328125	240.47977042989658	208.8826904296875	217.63827150395772	21.451095581054688	-73.83598957526513	-213.87966918945312	-100.50607427650738	-36.501976013183594	19.15646551575947	0.0	0.0	0.0	0.0
2.5667245388031006	1781093601.0	1781093601.3165982	1	10.0	10.0	8.0	8.0	NeuronSpectrum 10.06.2026 14:49:30	EEG	checkup_149_10.06.2026 14:49:30	500.0	499.6666666666667	True	0.5	40.0	4	True	50.0	30.0	779.802001953125	-179.50172470765975	877.2235717773438	-339.798900262236	-885.27587890625	65.47169278279682	-612.3512573242188	225.63661291670516	212.2458953857422	221.78636097756944	20.882259368896484	-73.50177095262191	-220.33047485351562	-106.64955623068677	-37.05350112915039	18.01451521205219	0.0	0.0	0.0	0.0
2.5667266845703125	1781093601.0	1781093601.3166003	1	10.0	10.0	8.0	8.0	NeuronSpectrum 10.06.2026 14:49:30	EEG	checkup_149_10.06.2026 14:49:30	500.0	499.6666666666667	True	0.5	40.0	4	True	50.0	30.0	786.4486694335938	-160.32191930228947	884.63037109375	-318.5211318108341	-894.7349853515625	45.06013809550522	-619.2069091796875	210.4084173942686	216.0223846435547	226.36370520372978	19.922626495361328	-73.05631384518688	-227.22874450683594	-113.03860708059018	-37.74232864379883	16.613197941398667	0.0	0.0	0.0	0.0
2.5667290687561035	1781093601.0	1781093601.3166027	1	10.0	10.0	8.0	8.0	NeuronSpectrum 10.06.2026 14:49:30	EEG	checkup_149_10.06.2026 14:49:30	500.0	499.6666666666667	True	0.5	40.0	4	True	50.0	30.0	779.870849609375	-144.17770403021336	877.615478515625	-300.567623323501	-889.1605834960938	28.15821561499584	-616.4503784179688	197.3771733720936	218.1900177001953	230.98120055337844	18.603370666503906	-72.4376819097872	-230.4497833251953	-118.30612389657539	-38.10845184326172	15.15333118160134	0.0	0.0	0.0	0.0
2.5667309761047363	1781093601.0	1781093601.3166046	1	10.0	10.0	8.0	8.0	NeuronSpectrum 10.06.2026 14:49:30	EEG	checkup_149_10.06.2026 14:49:30	500.0	499.6666666666667	True	0.5	40.0	4	True	50.0	30.0	757.5098876953125	-133.5975074543495	853.6287231445312	-288.6854590530682	-864.9234619140625	17.78979076197037	-601.6395263671875	188.63237568853185	217.9923553466797	235.33564786750046	17.242345809936523	-71.59704211312459	-227.37625122070312	-121.34726526250569	-37.99227523803711	13.835981169579759	0.0	0.0	0.0	0.0
2.5667331218719482	1781093601.0	1781093601.3166068	1	10.0	10.0	8.0	8.0	NeuronSpectrum 10.06.2026 14:49:30	EEG	checkup_149_10.06.2026 14:49:30	500.0	499.6666666666667	True	0.5	40.0	4	True	50.0	30.0	732.3486938476562	-130.19895381744075	827.1947631835938	-284.6790631153718	-836.021728515625	15.858973478621472	-584.2581176757812	185.57172647226696	217.6590576171875	239.20750655442967	16.659088134765625	-70.52881837997656	-219.1110382080078	-121.48358545779512	-37.90102005004883	12.842681640217263	0.0	0.0	0.0	0.0
2.566734790802002	1781093601.0	1781093601.3166084	1	10.0	10.0	8.0	8.0	NeuronSpectrum 10.06.2026 14:49:30	EEG	checkup_149_10.06.2026 14:49:30	500.0	499.6666666666667	True	0.5	40.0	4	True	50.0	30.0	728.9153442382812	-134.60995661271298	825.483642578125	-289.31769545925425	-829.6473388671875	23.031119466570402	-582.837158203125	188.78922505886476	221.74996948242188	242.44304865882745	17.938480377197266	-69.29241443672929	-210.5001220703125	-118.54841168302073	-38.824527740478516	12.316152899288783	0.0	0.0	0.0	0.0
2.5667366981506348	1781093601.0	1781093601.3166103	1	10.0	10.0	8.0	8.0	NeuronSpectrum 10.06.2026 14:49:30	EEG	checkup_149_10.06.2026 14:49:30	500.0	499.6666666666667	True	0.5	40.0	4	True	50.0	30.0	764.635498046875	-146.40285738937408	867.608642578125	-302.2401069628595	-865.4134521484375	38.667038304001736	-610.7369995117188	197.98229878840348	233.51551818847656	244.94786686831787	21.648250579833984	-68.01375354331002	-207.04580688476562	-112.89965866573863	-41.382015228271484	12.338697344119113	0.0	0.0	0.0	0.0
2.5667383670806885	1781093601.0	1781093601.316612	1	10.0	10.0	8.0	8.0	NeuronSpectrum 10.06.2026 14:49:30	EEG	checkup_149_10.06.2026 14:49:30	500.0	499.6666666666667	True	0.5	40.0	4	True	50.0	30.0	827.3234252929688	-164.01444353948787	939.62353515625	-321.8344251633385	-930.341064453125	60.77776253117241	-658.8161010742188	211.87084295577847	250.3962860107422	246.70135605056288	26.945308685302734	-66.86260350976593	-210.14512634277344	-105.36473653848319	-44.810752868652344	12.910368272499788	0.0	0.0	0.0	0.0
2.5667402744293213	1781093601.0	1781093601.316614	1	10.0	10.0	8.0	8.0	NeuronSpectrum 10.06.2026 14:49:30	EEG	checkup_149_10.06.2026 14:49:30	500.0	499.6666666666667	True	0.5	40.0	4	True	50.0	30.0	867.7750244140625	-184.74897364403913	986.3231201171875	-345.21051948152734	-970.6928100585938	86.09528910993747	-689.57421875	228.21023124885454	262.4786071777344	247.77477978676794	31.332469940185547	-66.01192863230601	-213.95335388183594	-97.11526410172242	-46.68006896972656	13.93520743165419	0.0	0.0	0.0	0.0
2.566741943359375	1781093601.0	1781093601.3166156	1	10.0	10.0	8.0	8.0	NeuronSpectrum 10.06.2026 14:49:30	EEG	checkup_149_10.06.2026 14:49:30	500.0	499.6666666666667	True	0.5	40.0	4	True	50.0	30.0	819.6421508789062	-205.03899229285096	933.430419921875	-368.4663960994716	-914.0587768554688	110.4351087055051	-652.2271728515625	244.0315214512134	256.4014587402344	248.31697113123548	31.557355880737305	-65.59360435850284	-206.7376251220703	-89.46782687499248	-43.879051208496094	15.226938546564249	0.0	0.0	0.0	0.0
2.5667436122894287	1781093601.0	1781093601.3166173	1	10.0	10.0	8.0	8.0	NeuronSpectrum 10.06.2026 14:49:30	EEG	checkup_149_10.06.2026 14:49:30	500.0	499.6666666666667	True	0.5	40.0	4	True	50.0	30.0	639.0972900390625	-221.07920331468938	731.855712890625	-387.380099616313	-713.1917114257812	129.4598684008729	-513.0758056640625	256.18799690968774	223.267822265625	248.48067498758857	25.350915908813477	-65.6659787416971	-176.7227325439453	-83.62313471793989	-34.494354248046875	16.5412649749423	0.0	0.0	0.0	0.0
2.5667452812194824	1781093601.0	1781093601.316619	1	10.0	10.0	8.0	8.0	NeuronSpectrum 10.06.2026 14:49:30	EEG	checkup_149_10.06.2026 14:49:30	500.0	499.6666666666667	True	0.5	40.0	4	True	50.0	30.0	338.8700256347656	-229.73839446282776	395.7185363769531	-398.42070113642836	-383.2874755859375	139.72488549402732	-281.7060241699219	262.1195901022132	165.48292541503906	248.30260799323892	12.96195125579834	-66.20157047003929	-119.12947082519531	-80.39134766057902	-19.365049362182617	17.63004566055929	0.0	0.0	0.0	0.0
2.566746711730957	1781093601.0	1781093601.3166203	1	10.0	10.0	8.0	8.0	NeuronSpectrum 10.06.2026 14:49:30	EEG	checkup_149_10.06.2026 14:49:30	500.0	499.6666666666667	True	0.5	40.0	4	True	50.0	30.0	761.3449096679688	-229.4179930516194	866.1683349609375	-399.7065256648491	-851.9833984375	139.63195364641203	-609.7607421875	260.56308644556896	251.84571838378906	247.59683468429682	28.113161087036133	-67.09230332344063	-196.29342651367188	-79.98581364471283	-38.55160903930664	18.299527929849507	0.0	0.0	0.0	0.0
2.5667483806610107	1781093601.0	1781093601.316622	1	10.0	10.0	8.0	8.0	NeuronSpectrum 10.06.2026 14:49:30	EEG	checkup_149_10.06.2026 14:49:30	500.0	499.6666666666667	True	0.5	40.0	4	True	50.0	30.0	760.7176513671875	-220.468966228374	864.3088989257812	-391.4756760095082	-853.10400390625	129.8631120395519	-612.177978515625	251.89526512172716	250.91773986816406	245.93253121314646	26.028789520263672	-68.16363118091441	-197.5330352783203	-81.96610046154906	-37.8612174987793	18.450737356556736	0.0	0.0	0.0	0.0
2.5667500495910645	1781093601.0	1781093601.3166237	1	10.0	10.0	8.0	8.0	NeuronSpectrum 10.06.2026 14:49:30	EEG	checkup_149_10.06.2026 14:49:30	500.0	499.6666666666667	True	0.5	40.0	4	True	50.0	30.0	765.6981811523438	-204.99044016125677	869.1339111328125	-375.8718148994929	-859.5039672851562	113.1065796197798	-619.5858764648438	237.96619022574907	247.55104064941406	242.7252983956395	23.932538986206055	-69.19216593786511	-198.71759033203125	-85.35859434794034	-37.8160514831543	18.08959617328825	0.0	0.0	0.0	0.0
2.566751718521118	1781093601.0	1781093601.3166254	1	10.0	10.0	8.0	8.0	NeuronSpectrum 10.06.2026 14:49:30	EEG	checkup_149_10.06.2026 14:49:30	500.0	499.6666666666667	True	0.5	40.0	4	True	50.0	30.0	775.1463012695312	-186.15704512280254	879.6358642578125	-356.21102785426643	-869.3463745117188	93.24821979781507	-630.5221557617188	221.53814243833057	241.02914428710938	237.40697204028885	22.27907371520996	-69.9288838459822	-199.12095642089844	-88.90870601685121	-38.36970138549805	17.310020611924585	0.0	0.0	0.0	0.0
2.566753625869751	1781093601.0	1781093601.3166273	1	10.0	10.0	8.0	8.0	NeuronSpectrum 10.06.2026 14:49:30	EEG	checkup_149_10.06.2026 14:49:30	500.0	499.6666666666667	True	0.5	40.0	4	True	50.0	30.0	781.4668579101562	-167.40852872843362	887.3004150390625	-336.1039834686271	-874.3396606445312	74.4085709146955	-638.40966796875	205.59751962601683	230.475341796875	229.60218306183452	21.144214630126953	-70.13269515622146	-196.79591369628906	-91.37240391071622	-39.06919860839844	16.263190333225733	0.0	0.0	0.0	0.0
2.5667552947998047	1781093601.0	1781093601.316629	1	10.0	10.0	8.0	8.0	NeuronSpectrum 10.06.2026 14:49:30	EEG	checkup_149_10.06.2026 14:49:30	500.0	499.6666666666667	True	0.5	40.0	4	True	50.0	30.0	774.7000732421875	-151.79656574223694	880.7968139648438	-318.7624158478449	-863.9962158203125	60.16181293236396	-634.9183959960938	192.78214390765635	215.39797973632812	219.24826197240102	20.380420684814453	-69.61425750707589	-189.70254516601562	-91.75825980696165	-39.301753997802734	15.125908706249946	0.0	0.0	0.0	0.0
2.5667572021484375	1781093601.0	1781093601.3166308	1	10.0	10.0	8.0	8.0	NeuronSpectrum 10.06.2026 14:49:30	EEG	checkup_149_10.06.2026 14:49:30	500.0	499.6666666666667	True	0.5	40.0	4	True	50.0	30.0	752.3602905273438	-141.61749166879113	857.2992553710938	-306.6293634701377	-835.8377685546875	53.08829361525805	-617.8291625976562	185.03875063810307	196.66256713867188	206.62888437259892	20.10598373413086	-68.28176309916226	-178.2549285888672	-89.46968354919801	-38.8375244140625	14.07470821714842	0.0	0.0	0.0	0.0
2.566758871078491	1781093601.0	1781093601.3166325	1	10.0	10.0	8.0	8.0	NeuronSpectrum 10.06.2026 14:49:30	EEG	checkup_149_10.06.2026 14:49:30	500.0	499.6666666666667	True	0.5	40.0	4	True	50.0	30.0	727.358154296875	-138.2926970927367	831.602783203125	-301.2816953723624	-803.6318969726562	54.62675393734983	-597.3404541015625	183.49301886040345	177.0908203125	192.3264065150525	21.089567184448242	-66.17455753405852	-167.04690551757812	-84.34467350214824	-38.260032653808594	13.265758389100217	0.0	0.0	0.0	0.0
2.566760778427124	1781093601.0	1781093601.3166344	1	10.0	10.0	8.0	8.0	NeuronSpectrum 10.06.2026 14:49:30	EEG	checkup_149_10.06.2026 14:49:30	500.0	499.6666666666667	True	0.5	40.0	4	True	50.0	30.0	724.03125	-142.3607326454121	831.5430297851562	-303.4418855090963	-793.2697143554688	65.08232535752708	-592.9390869140625	188.43300321305574	160.7083740234375	177.12088692034715	24.479833602905273	-63.47003175267036	-163.06983947753906	-76.6266778015926	-38.76639175415039	12.816850471534963	0.0	0.0	0.0	0.0
2.5667624473571777	1781093601.0	1781093601.316636	1	10.0	10.0	8.0	8.0	NeuronSpectrum 10.06.2026 14:49:30	EEG	checkup_149_10.06.2026 14:49:30	500.0	499.6666666666667	True	0.5	40.0	4	True	50.0	30.0	759.6392822265625	-153.44536842446004	876.6959228515625	-312.93791167216006	-823.4500732421875	83.64134910544927	-618.7438354492188	199.3006583797164	150.47637939453125	161.871609869839	30.76972198486328	-60.45536964896213	-170.1017303466797	-66.91088972679542	-41.20735549926758	12.788141110492857	0.0	0.0	0.0	0.0
2.5667643547058105	1781093601.0	1781093601.316638	1	10.0	10.0	8.0	8.0	NeuronSpectrum 10.06.2026 14:49:30	EEG	checkup_149_10.06.2026 14:49:30	500.0	499.6666666666667	True	0.5	40.0	4	True	50.0	30.0	822.0299072265625	-170.15952834655462	952.7123413085938	-328.5635634783846	-882.2227783203125	108.34077639434375	-665.7691040039062	214.65555474918648	145.74037170410156	147.4099440991502	38.64008712768555	-57.467438188734214	-182.81642150878906	-56.0910095532517	-44.929054260253906	13.162924171469973	0.0	0.0	0.0	0.0
2.5667660236358643	1781093601.0	1781093601.3166397	1	10.0	10.0	8.0	8.0	NeuronSpectrum 10.06.2026 14:49:30	EEG	checkup_149_10.06.2026 14:49:30	500.0	499.6666666666667	True	0.5	40.0	4	True	50.0	30.0	862.2992553710938	-190.04730181650996	1002.9686279296875	-347.95979447858355	-919.0035400390625	136.0868435842084	-695.9807739257812	232.1829383541738	141.43031311035156	134.45593157222066	44.74205017089844	-54.81742547108649	-186.0985107421875	-45.29418464075812	-47.3934211730957	13.836154485443894	0.0	0.0	0.0	0.0
2.566767692565918	1781093601.0	1781093601.3166413	1	10.0	10.0	8.0	8.0	NeuronSpectrum 10.06.2026 14:49:30	EEG	checkup_149_10.06.2026 14:49:30	500.0	499.6666666666667	True	0.5	40.0	4	True	50.0	30.0	814.533203125	-209.76028458298737	951.4140014648438	-367.7507354975323	-864.8228759765625	162.91575382789728	-657.7294921875	248.89087905140562	130.26437377929688	123.555393119048	45.026161193847656	-52.7252508748028	-162.4068145751953	-35.76425674083775	-45.20000457763672	14.622107040890379	0.0	0.0	0.0	0.0
2.5667693614959717	1781093601.0	1781093601.316643	1	10.0	10.0	8.0	8.0	NeuronSpectrum 10.06.2026 14:49:30	EEG	checkup_149_10.06.2026 14:49:30	500.0	499.6666666666667	True	0.5	40.0	4	True	50.0	30.0	635.1943359375	-225.6139320664841	747.9779663085938	-384.113238813184	-673.3312377929688	184.63751426759683	-516.747314453125	261.60206772308516	107.10104370117188	115.0303855098329	37.07897186279297	-51.28615163321508	-103.87032318115234	-28.66441497268227	-36.12005615234375	15.28864831209216	0.0	0.0	0.0	0.0
2.5667710304260254	1781093601.0	1781093601.3166447	1	10.0	10.0	8.0	8.0	NeuronSpectrum 10.06.2026 14:49:30	EEG	checkup_149_10.06.2026 14:49:30	500.0	499.6666666666667	True	0.5	40.0	4	True	50.0	30.0	336.91656494140625	-234.45752694504108	407.4190368652344	-393.7158551133676	-356.44122314453125	197.78489301419356	-282.8263854980469	267.6806019531031	72.69983673095703	108.94672656313857	21.9541072845459	-50.47726438674828	-20.835044860839844	-24.825027175894718	-20.83615493774414	15.61340778689608	0.0	0.0	0.0	0.0
2.566772699356079	1781093601.0	1781093601.3166463	1	10.0	10.0	8.0	8.0	NeuronSpectrum 10.06.2026 14:49:30	EEG	checkup_149_10.06.2026 14:49:30	500.0	499.6666666666667	True	0.5	40.0	4	True	50.0	30.0	756.3837280273438	-234.5425887017086	891.1993408203125	-394.67529243532823	-791.2191162109375	200.53264514524483	-616.4713134765625	265.7402827904138	111.64685821533203	105.11717572471129	45.139774322509766	-50.19317175632109	-138.8976593017578	-24.525294588335683	-42.24643325805664	15.443233019806678	0.0	0.0	0.0	0.0
2.566774368286133	1781093601.0	1781093601.316648	1	10.0	10.0	8.0	8.0	NeuronSpectrum 10.06.2026 14:49:30	EEG	checkup_149_10.06.2026 14:49:30	500.0	499.6666666666667	True	0.5	40.0	4	True	50.0	30.0	755.6127319335938	-225.99853672834743	889.9275512695312	-387.0870720280714	-789.0203247070312	193.17655858449362	-619.7713623046875	256.023203613593	108.12682342529297	103.1584896649528	44.157859802246094	-50.289072082095544	-139.76055908203125	-27.41078698044862	-42.310001373291016	14.73363713536655	0.0	0.0	0.0	0.0
2.5667757987976074	1781093601.0	1781093601.3166494	1	10.0	10.0	8.0	8.0	NeuronSpectrum 10.06.2026 14:49:30	EEG	checkup_149_10.06.2026 14:49:30	500.0	499.6666666666667	True	0.5	40.0	4	True	50.0	30.0	760.45751953125	-210.71693004163538	893.5072021484375	-372.9033356198646	-793.9486083984375	177.96798193992436	-628.4266967773438	240.2913818927557	105.644287109375	102.59720385274042	42.80486297607422	-50.61499120896328	-143.4456787109375	-32.58955572683146	-42.930355072021484	13.554650278733764	0.0	0.0	0.0	0.0
2.5667777061462402	1781093601.0	1781093601.3166513	1	10.0	10.0	8.0	8.0	NeuronSpectrum 10.06.2026 14:49:30	EEG	checkup_149_10.06.2026 14:49:30	500.0	499.6666666666667	True	0.5	40.0	4	True	50.0	30.0	769.783935546875	-191.75799519396085	900.8463745117188	-355.2847160075051	-804.3878173828125	158.43179539386193	-641.0726318359375	221.3229914374351	104.33814239501953	102.98912387498841	41.41461181640625	-51.03719320422147	-148.9430389404297	-38.862020495947085	-44.09171676635742	12.06612537655228	0.0	0.0	0.0	0.0
2.566779375076294	1781093601.0	1781093601.316653	1	10.0	10.0	8.0	8.0	NeuronSpectrum 10.06.2026 14:49:30	EEG	checkup_149_10.06.2026 14:49:30	500.0	499.6666666666667	True	0.5	40.0	4	True	50.0	30.0	776.0146484375	-172.58167907250223	903.680908203125	-337.7657438444865	-811.7720336914062	138.4978716323351	-651.0633544921875	202.25624675455708	103.60733032226562	104.00617100888311	40.00765609741211	-51.45114581343079	-154.04074096679688	-44.99128806646259	-45.32651138305664	10.476611385891946	0.0	0.0	0.0	0.0
2.566781520843506	1781093601.0	1781093601.3166552	1	10.0	10.0	8.0	8.0	NeuronSpectrum 10.06.2026 14:49:30	EEG	checkup_149_10.06.2026 14:49:30	500.0	499.6666666666667	True	0.5	40.0	4	True	50.0	30.0	769.2127075195312	-156.3816277805114	891.19921875	-323.5436769655561	-805.1132202148438	121.75291896450814	-649.8594360351562	186.0079059708362	102.50860595703125	105.45913980947492	38.39637756347656	-51.789736959534196	-156.04043579101562	-49.93110885812033	-45.947784423828125	9.000550989682264	0.0	0.0	0.0	0.0
2.5667829513549805	1781093601.0	1781093601.3166566	1	10.0	10.0	8.0	8.0	NeuronSpectrum 10.06.2026 14:49:30	EEG	checkup_149_10.06.2026 14:49:30	500.0	499.6666666666667	True	0.5	40.0	4	True	50.0	30.0	746.8884887695312	-145.65578117786424	861.2962036132812	-315.03453830817404	-781.5411376953125	110.96518895661923	-635.0365600585938	174.88096549746126	100.87442779541016	107.25401059300742	36.61516571044922	-52.02585985877706	-153.34225463867188	-52.9688781770286	-45.643043518066406	7.822941655768185	0.0	0.0	0.0	0.0
2.5667848587036133	1781093601.0	1781093601.3166585	1	10.0	10.0	8.0	8.0	NeuronSpectrum 10.06.2026 14:49:30	EEG	checkup_149_10.06.2026 14:49:30	500.0	499.6666666666667	True	0.5	40.0	4	True	50.0	30.0	721.8971557617188	-141.99986002118	829.66259765625	-313.6730945962558	-754.6472778320312	107.8729165851115	-616.7318725585938	170.35978191142482	100.2035140991211	109.30689514767273	35.32777786254883	-52.165608332923796	-146.96783447265625	-53.77853202677763	-44.986019134521484	7.074227277027041	0.0	0.0	0.0	0.0
2.566786527633667	1781093601.0	1781093601.3166602	1	10.0	10.0	8.0	8.0	NeuronSpectrum 10.06.2026 14:49:30	EEG	checkup_149_10.06.2026 14:49:30	500.0	499.6666666666667	True	0.5	40.0	4	True	50.0	30.0	718.4921875	-146.02238941481588	825.1595458984375	-319.8365225399673	-750.11572265625	113.12641177338953	-614.5025024414062	173.0195775752735	103.12120056152344	111.45824108675622	35.69993591308594	-52.229120742040905	-140.60443115234375	-52.40077059342446	-45.27524185180664	6.813934566589861	0.0	0.0	0.0	0.0
2.5667881965637207	1781093601.0	1781093601.3166618	1	10.0	10.0	8.0	8.0	NeuronSpectrum 10.06.2026 14:49:30	EEG	checkup_149_10.06.2026 14:49:30	500.0	499.6666666666667	True	0.5	40.0	4	True	50.0	30.0	753.9003295898438	-157.27668952843865	868.3306884765625	-332.7720540808415	-786.0233154296875	126.26257001659734	-642.464599609375	182.47104865999552	111.13803100585938	113.42540662929669	38.54298400878906	-52.220355660327925	-138.4326934814453	-49.175663934753736	-47.517616271972656	7.020712662352983	0.0	0.0	0.0	0.0
2.5667898654937744	1781093601.0	1781093601.3166635	1	10.0	10.0	8.0	8.0	NeuronSpectrum 10.06.2026 14:49:30	EEG	checkup_149_10.06.2026 14:49:30	500.0	499.6666666666667	True	0.5	40.0	4	True	50.0	30.0	816.0756225585938	-174.18521621394464	945.3580932617188	-350.5047979640421	-849.3228149414062	145.6705192129445	-691.3010864257812	197.31972514808317	122.0597915649414	114.81410019449434	43.196998596191406	-52.093568899769075	-141.6464080810547	-44.64828401372565	-51.143611907958984	7.589209875616874	0.0	0.0	0.0	0.0
2.5667917728424072	1781093601.0	1781093601.3166654	1	10.0	10.0	8.0	8.0	NeuronSpectrum 10.06.2026 14:49:30	EEG	checkup_149_10.06.2026 14:49:30	500.0	499.6666666666667	True	0.5	40.0	4	True	50.0	30.0	856.373046875	-194.0518035139235	999.2845458984375	-369.84305317164984	-888.4348754882812	168.6339778299056	-722.2479248046875	215.21099935518728	129.32762145996094	115.1807631854545	47.0827751159668	-51.73032494848779	-145.977783203125	-39.4571495071575	-53.527286529541016	8.338789253941233	0.0	0.0	0.0	0.0
2.566793441772461	1781093601.0	1781093601.316667	1	10.0	10.0	8.0	8.0	NeuronSpectrum 10.06.2026 14:49:30	EEG	checkup_149_10.06.2026 14:49:30	500.0	499.6666666666667	True	0.5	40.0	4	True	50.0	30.0	809.18408203125	-213.33151255376572	952.6879272460938	-386.6845202267217	-834.4948120117188	191.61824721106214	-682.7846069335938	233.08772439320342	124.65774536132812	114.11389418028764	46.595008850097656	-50.94232089925527	-142.38766479492188	-34.20720306796138	-51.02937698364258	9.041243078522916	0.0	0.0	0.0	0.0
2.5667953491210938	1781093601.0	1781093601.316669	1	10.0	10.0	8.0	8.0	NeuronSpectrum 10.06.2026 14:49:30	EEG	checkup_149_10.06.2026 14:49:30	500.0	499.6666666666667	True	0.5	40.0	4	True	50.0	30.0	631.1387329101562	-228.26751302643032	753.4286499023438	-396.75502343035544	-643.0169067382812	210.913052255245	-538.1146850585938	247.73804823466048	102.9336166381836	111.29725440624688	39.07134246826172	-49.50828680156584	-121.16653442382812	-29.333631118537454	-41.18360900878906	9.469962187051378	0.0	0.0	0.0	0.0
2.5667970180511475	1781093601.0	1781093601.3166707	1	10.0	10.0	8.0	8.0	NeuronSpectrum 10.06.2026 14:49:30	EEG	checkup_149_10.06.2026 14:49:30	500.0	499.6666666666667	True	0.5	40.0	4	True	50.0	30.0	334.7564392089844	-235.7968802521827	414.3269348144531	-396.6667305802148	-329.0704345703125	223.53182433135532	-298.25238037109375	256.54654429313143	66.19738006591797	106.5364339421104	24.635591506958008	-47.238027992535656	-77.3095474243164	-24.98232208153135	-24.621000289916992	9.461015329129118	0.0	0.0	0.0	0.0
2.6176373958587646	1781093601.0	1781093601.367511	1	10.0	10.0	8.0	8.0	NeuronSpectrum 10.06.2026 14:49:30	EEG	checkup_149_10.06.2026 14:49:30	500.0	499.6666666666667	True	0.5	40.0	4	True	50.0	30.0	752.7735595703125	-234.39548001853072	912.065673828125	-384.9092313756062	-768.1968383789062	228.03198667893844	-632.2315063476562	258.1798272124868	110.68656921386719	99.75896649460063	49.0943603515625	-44.0407357367988	-128.59373474121094	-20.953307785724274	-49.29029083251953	8.964298659586062	0.0	0.0	0.0	0.0
2.617643356323242	1781093601.0	1781093601.367517	1	10.0	10.0	8.0	8.0	NeuronSpectrum 10.06.2026 14:49:30	EEG	checkup_149_10.06.2026 14:49:30	500.0	499.6666666666667	True	0.5	40.0	4	True	50.0	30.0	752.6454467773438	-224.47881218831424	922.4390258789062	-362.32162719240694	-762.1950073242188	224.87092491962275	-629.7765502929688	252.90000650311512	101.80059051513672	91.0124789744213	52.37336730957031	-39.96968188764659	-124.89306640625	-16.750104866365085	-49.985713958740234	8.061616387300454	0.0	0.0	0.0	0.0
2.617645502090454	1781093601.0	1781093601.3675191	1	10.0	10.0	8.0	8.0	NeuronSpectrum 10.06.2026 14:49:30	EEG	checkup_149_10.06.2026 14:49:30	500.0	499.6666666666667	True	0.5	40.0	4	True	50.0	30.0	758.0753173828125	-208.1876549270701	940.58984375	-331.8399347611066	-759.4583129882812	216.1372987563814	-631.9317626953125	242.37374442166217	89.64095306396484	80.47310890147514	56.720985412597656	-35.22672207019538	-119.43763732910156	-11.738847439784482	-50.835384368896484	6.942761569587011	0.0	0.0	0.0	0.0
2.617647647857666	1781093601.0	1781093601.3675213	1	10.0	10.0	8.0	8.0	NeuronSpectrum 10.06.2026 14:49:30	EEG	checkup_149_10.06.2026 14:49:30	500.0	499.6666666666667	True	0.5	40.0	4	True	50.0	30.0	767.8795776367188	-188.70880006307297	964.8815307617188	-297.6905795340473	-759.2017211914062	204.83091022514378	-637.9485473632812	229.10504780419836	74.70759582519531	68.45307532831372	61.85426330566406	-30.129499045907284	-111.47703552246094	-5.3676152319802295	-51.62519073486328	5.850926871385402	0.0	0.0	0.0	0.0
2.617649793624878	1781093601.0	1781093601.3675234	1	10.0	10.0	8.0	8.0	NeuronSpectrum 10.06.2026 14:49:30	EEG	checkup_149_10.06.2026 14:49:30	500.0	499.6666666666667	True	0.5	40.0	4	True	50.0	30.0	774.492919921875	-169.4652733417206	985.4500122070312	-264.41862525841617	-754.9059448242188	194.0474939451908	-641.7762451171875	215.76758338321184	58.02928924560547	55.387082771387995	66.84258270263672	-25.05781810334435	-99.7213363647461	2.6348433024591618	-51.84743881225586	5.020465129745716	0.0	0.0	0.0	0.0
2.6176517009735107	1781093601.0	1781093601.3675253	1	10.0	10.0	8.0	8.0	NeuronSpectrum 10.06.2026 14:49:30	EEG	checkup_149_10.06.2026 14:49:30	500.0	499.6666666666667	True	0.5	40.0	4	True	50.0	30.0	768.0281982421875	-153.47020031161136	989.2855224609375	-236.09532417549224	-738.0236206054688	186.3703817774471	-635.3475341796875	204.67775072612267	41.00410461425781	41.788437899292205	70.51822662353516	-20.397135918725443	-83.37760162353516	12.153117911608211	-50.94407653808594	4.627866764311506	0.0	0.0	0.0	0.0
2.6176536083221436	1781093601.0	1781093601.3675272	1	10.0	10.0	8.0	8.0	NeuronSpectrum 10.06.2026 14:49:30	EEG	checkup_149_10.06.2026 14:49:30	500.0	499.6666666666667	True	0.5	40.0	4	True	50.0	30.0	746.0067749023438	-142.97109282653082	972.4581909179688	-215.85567053338048	-707.129150390625	183.5865743735522	-616.6284790039062	197.5118684189651	25.050395965576172	28.1835507058775	72.3720932006836	-16.49028474539192	-63.97850036621094	22.705286690180866	-48.839393615722656	4.766390466689475	0.0	0.0	0.0	0.0
2.6176557540893555	1781093601.0	1781093601.3675294	1	10.0	10.0	8.0	8.0	NeuronSpectrum 10.06.2026 14:49:30	EEG	checkup_149_10.06.2026 14:49:30	500.0	499.6666666666667	True	0.5	40.0	4	True	50.0	30.0	721.1856079101562	-139.34332459764454	950.0208129882812	-205.720641662631	-675.2971801757812	186.6661499211681	-596.177734375	195.23232505732477	11.189146041870117	15.043980231227218	73.26448059082031	-13.59983813255844	-46.314083099365234	33.5741848224502	-46.352169036865234	5.443567715633233	0.0	0.0	0.0	0.0
2.6176576614379883	1781093601.0	1781093601.3675313	1	10.0	10.0	8.0	8.0	NeuronSpectrum 10.06.2026 14:49:30	EEG	checkup_149_10.06.2026 14:49:30	500.0	499.6666666666667	True	0.5	40.0	4	True	50.0	30.0	717.6276245117188	-143.0933994990507	951.2841186523438	-206.54452326487566	-666.2282104492188	195.84394958507386	-594.0030517578125	198.10621660386445	-0.23917147517204285	2.7349196514116656	75.10647583007812	-11.877480832967132	-36.652706146240234	43.9953407740917	-44.95547103881836	6.593211059951661	0.0	0.0	0.0	0.0
2.617659330368042	1781093601.0	1781093601.367533	1	10.0	10.0	8.0	8.0	NeuronSpectrum 10.06.2026 14:49:30	EEG	checkup_149_10.06.2026 14:49:30	500.0	499.6666666666667	True	0.5	40.0	4	True	50.0	30.0	752.4149169921875	-153.833217560967	997.2060546875	-217.931058762321	-696.55517578125	210.64745592779917	-624.457275390625	205.70016458017423	-9.55418586730957	-8.508542803846911	79.30848693847656	-11.336347407744729	-38.29557418823242	53.33161967994884	-45.74748229980469	8.091651740659183	0.0	0.0	0.0	0.0
2.6176609992980957	1781093601.0	1781093601.3675346	1	10.0	10.0	8.0	8.0	NeuronSpectrum 10.06.2026 14:49:30	EEG	checkup_149_10.06.2026 14:49:30	500.0	499.6666666666667	True	0.5	40.0	4	True	50.0	30.0	813.5831909179688	-170.18342201724104	1073.0484619140625	-238.08099220380507	-754.4699096679688	229.81845541637307	-677.8676147460938	216.81506665458775	-17.404760360717773	-18.575811810127586	84.92105102539062	-11.828375615051737	-47.27403259277344	61.17987960531519	-48.21511459350586	9.771961201285347	0.0	0.0	0.0	0.0
2.6176624298095703	1781093601.0	1781093601.367536	1	10.0	10.0	8.0	8.0	NeuronSpectrum 10.06.2026 14:49:30	EEG	checkup_149_10.06.2026 14:49:30	500.0	499.6666666666667	True	0.5	40.0	4	True	50.0	30.0	852.8724365234375	-189.70787023415306	1119.4112548828125	-263.70780247619336	-792.6200561523438	251.22675288179934	-714.3330078125	229.44392284333213	-24.316560745239258	-27.45208998442395	88.0526351928711	-13.03808812691737	-52.18324661254883	67.39353877578084	-49.810150146484375	11.437419338515465	0.0	0.0	0.0	0.0
2.6176645755767822	1781093601.0	1781093601.3675382	1	10.0	10.0	8.0	8.0	NeuronSpectrum 10.06.2026 14:49:30	EEG	checkup_149_10.06.2026 14:49:30	500.0	499.6666666666667	True	0.5	40.0	4	True	50.0	30.0	805.2265014648438	-209.07725891386664	1056.4388427734375	-290.2709991659428	-746.9144897460938	271.97658887419584	-679.70654296875	240.91572422120873	-30.393953323364258	-35.176855150827926	83.54582214355469	-14.509527182659085	-39.97496032714844	72.04516197170034	-46.996360778808594	12.881332563997447	0.0	0.0	0.0	0.0
2.617666006088257	1781093601.0	1781093601.3675396	1	10.0	10.0	8.0	8.0	NeuronSpectrum 10.06.2026 14:49:30	EEG	checkup_149_10.06.2026 14:49:30	500.0	499.6666666666667	True	0.5	40.0	4	True	50.0	30.0	627.690673828125	-224.61144395888175	832.0023803710938	-312.7085641507705	-574.3060913085938	288.8650440155886	-537.813720703125	248.34831125875985	-35.35054016113281	-41.80026375465367	68.23307800292969	-15.71658800866492	-4.964212894439697	75.37001809712169	-37.37355422973633	13.919055633908773	0.0	0.0	0.0	0.0
2.6176679134368896	1781093601.0	1781093601.3675416	1	10.0	10.0	8.0	8.0	NeuronSpectrum 10.06.2026 14:49:30	EEG	checkup_149_10.06.2026 14:49:30	500.0	499.6666666666667	True	0.5	40.0	4	True	50.0	30.0	332.7803039550781	-233.1396384977862	462.8490905761719	-326.58187653437733	-285.5519104003906	299.14906365582596	-298.2926940917969	249.35833497797285	-38.8148078918457	-47.34683433396627	43.62482833862305	-16.167513748146437	45.160675048828125	77.71520874404796	-21.520553588867188	14.428465787766385	0.0	0.0	0.0	0.0
2.6176693439483643	1781093601.0	1781093601.367543	1	10.0	10.0	8.0	8.0	NeuronSpectrum 10.06.2026 14:49:30	EEG	checkup_149_10.06.2026 14:49:30	500.0	499.6666666666667	True	0.5	40.0	4	True	50.0	30.0	746.8681030273438	-232.86894180602755	976.617431640625	-329.23286328413536	-684.0845947265625	301.3339856057774	-649.81396484375	242.7695491553684	-49.10185241699219	-51.79360584565777	79.77816772460938	-15.512407560545531	-32.233070373535156	79.48759815835164	-44.21519088745117	14.38350072318124	0.0	0.0	0.0	0.0
2.617671489715576	1781093601.0	1781093601.3675451	1	10.0	10.0	8.0	8.0	NeuronSpectrum 10.06.2026 14:49:30	EEG	checkup_149_10.06.2026 14:49:30	500.0	499.6666666666667	True	0.5	40.0	4	True	50.0	30.0	746.1576538085938	-223.872503766088	975.6699829101562	-320.45389476197977	-679.0367431640625	295.61468013071374	-656.8392944335938	228.9949770756653	-54.808589935302734	-55.06695768469075	81.03760528564453	-13.615850042734818	-27.426305770874023	81.08202851496607	-44.439964294433594	13.862641837706281	0.0	0.0	0.0	0.0
2.617673397064209	1781093601.0	1781093601.367547	1	10.0	10.0	8.0	8.0	NeuronSpectrum 10.06.2026 14:49:30	EEG	checkup_149_10.06.2026 14:49:30	500.0	499.6666666666667	True	0.5	40.0	4	True	50.0	30.0	751.213623046875	-207.9952351000062	982.9948120117188	-302.40598669245315	-678.68798828125	283.7757659730257	-668.576171875	209.92481198907808	-58.45426559448242	-57.0582103152265	83.38633728027344	-10.573015558339115	-20.526084899902344	82.79374463624895	-44.87330627441406	13.025350433813895	0.0	0.0	0.0	0.0
2.617675304412842	1781093601.0	1781093601.367549	1	10.0	10.0	8.0	8.0	NeuronSpectrum 10.06.2026 14:49:30	EEG	checkup_149_10.06.2026 14:49:30	500.0	499.6666666666667	True	0.5	40.0	4	True	50.0	30.0	760.8817138671875	-188.28198565891313	996.5440063476562	-278.9088435806757	-682.6415405273438	268.65037943011015	-683.4323120117188	188.40976468139814	-59.36166763305664	-57.654082773549234	86.63102722167969	-6.674538152609431	-12.861809730529785	84.74939857252072	-45.380577087402344	12.06636921864155	0.0	0.0	0.0	0.0
2.6176767349243164	1781093601.0	1781093601.3675504	1	10.0	10.0	8.0	8.0	NeuronSpectrum 10.06.2026 14:49:30	EEG	checkup_149_10.06.2026 14:49:30	500.0	499.6666666666667	True	0.5	40.0	4	True	50.0	30.0	767.6044921875	-168.2205511878599	1006.2249145507812	-254.46743248370524	-684.3502197265625	253.41551603470745	-694.3386840820312	167.58874954018464	-57.481510162353516	-56.77569481905216	89.91148376464844	-2.3424341452523225	-5.97194242477417	86.89310984892074	-45.51298522949219	11.167347253046609	0.0	0.0	0.0	0.0
2.617678642272949	1781093601.0	1781093601.3675523	1	10.0	10.0	8.0	8.0	NeuronSpectrum 10.06.2026 14:49:30	EEG	checkup_149_10.06.2026 14:49:30	500.0	499.6666666666667	True	0.5	40.0	4	True	50.0	30.0	761.4678955078125	-151.0720253248385	999.1624145507812	-233.38314538568144	-674.819580078125	240.98103498912866	-692.3780517578125	150.29584368450315	-53.37648391723633	-54.41930532365782	92.09613800048828	1.9406872050218769	-0.9292728900909424	89.03479262729387	-44.746952056884766	10.462677967104153	0.0	0.0	0.0	0.0
2.617680072784424	1781093601.0	1781093601.3675537	1	10.0	10.0	8.0	8.0	NeuronSpectrum 10.06.2026 14:49:30	EEG	checkup_149_10.06.2026 14:49:30	500.0	499.6666666666667	True	0.5	40.0	4	True	50.0	30.0	739.9055786132812	-139.42296973331517	971.9466552734375	-219.13178055523906	-651.7888793945312	233.59542339165557	-675.3333740234375	138.66690216934688	-47.910404205322266	-50.69216793810087	92.71610260009766	5.696596008506749	2.0769004821777344	90.93483724670044	-43.033905029296875	10.026788520473687	0.0	0.0	0.0	0.0
2.6176819801330566	1781093601.0	1781093601.3675556	1	10.0	10.0	8.0	8.0	NeuronSpectrum 10.06.2026 14:49:30	EEG	checkup_149_10.06.2026 14:49:30	500.0	499.6666666666667	True	0.5	40.0	4	True	50.0	30.0	715.5177612304688	-134.95257187253554	940.4208374023438	-214.01661108792752	-627.160888671875	232.6557884221403	-654.5562744140625	133.9460090498972	-41.85254669189453	-45.836832056053815	92.73188781738281	8.507960189546408	3.5917809009552	92.38572648142724	-41.228294372558594	9.880051710500393	0.0	0.0	0.0	0.0
2.6176834106445312	1781093601.0	1781093601.367557	1	10.0	10.0	8.0	8.0	NeuronSpectrum 10.06.2026 14:49:30	EEG	checkup_149_10.06.2026 14:49:30	500.0	499.6666666666667	True	0.5	40.0	4	True	50.0	30.0	712.190673828125	-138.3234907600073	934.7733764648438	-218.9966725159048	-623.2921752929688	238.63011396321957	-651.5479736328125	136.41686881118372	-35.6907958984375	-40.237279578439946	94.20801544189453	10.069165926551756	4.230995178222656	93.26013123968418	-40.835235595703125	10.003878601337487	0.0	0.0	0.0	0.0
2.617685317993164	1781093601.0	1781093601.367559	1	10.0	10.0	8.0	8.0	NeuronSpectrum 10.06.2026 14:49:30	EEG	checkup_149_10.06.2026 14:49:30	500.0	499.6666666666667	True	0.5	40.0	4	True	50.0	30.0	746.9156494140625	-149.10094985318543	976.7164306640625	-233.5781265684492	-655.7089233398438	250.9983829820917	-681.9406127929688	145.37589472738168	-29.792936325073242	-34.40161173246001	98.63690185546875	10.233388952160047	4.002432823181152	93.51629420494461	-42.93461990356445	10.354300166605901	0.0	0.0	0.0	0.0
2.6176869869232178	1781093601.0	1781093601.3675606	1	10.0	10.0	8.0	8.0	NeuronSpectrum 10.06.2026 14:49:30	EEG	checkup_149_10.06.2026 14:49:30	500.0	499.6666666666667	True	0.5	40.0	4	True	50.0	30.0	807.8302612304688	-165.67985097808608	1051.9088134765625	-255.74120838997	-712.3753662109375	268.1935916875988	-736.0656127929688	159.12349674486305	-24.747804641723633	-28.91940116070062	104.88092803955078	9.051087116803352	2.286205768585205	93.17267956403958	-46.89153289794922	10.867844683126062	0.0	0.0	0.0	0.0
2.6176886558532715	1781093601.0	1781093601.3675623	1	10.0	10.0	8.0	8.0	NeuronSpectrum 10.06.2026 14:49:30	EEG	checkup_149_10.06.2026 14:49:30	500.0	499.6666666666667	True	0.5	40.0	4	True	50.0	30.0	846.9837036132812	-185.31315193464974	1100.7464599609375	-282.00869480310905	-747.1904296875	287.6333997185848	-772.3497314453125	175.04439686031083	-21.51213836669922	-24.39685585861446	108.4615707397461	6.785964434756746	-1.221070408821106	92.27601061537831	-49.92110824584961	11.461563278734033	0.0	0.0	0.0	0.0
2.617690324783325	1781093601.0	1781093601.367564	1	10.0	10.0	8.0	8.0	NeuronSpectrum 10.06.2026 14:49:30	EEG	checkup_149_10.06.2026 14:49:30	500.0	499.6666666666667	True	0.5	40.0	4	True	50.0	30.0	799.710205078125	-204.40319968813353	1042.4041748046875	-307.8430607032146	-698.8865356445312	305.99786598756634	-734.0601196289062	189.90574558739831	-21.09974479675293	-21.377728400277675	103.32939147949219	3.8903154709978054	-5.069244861602783	90.88641237496017	-48.19742202758789	12.035662815341166	0.0	0.0	0.0	0.0
2.617692232131958	1781093601.0	1781093601.3675659	1	10.0	10.0	8.0	8.0	NeuronSpectrum 10.06.2026 14:49:30	EEG	checkup_149_10.06.2026 14:49:30	500.0	499.6666666666667	True	0.5	40.0	4	True	50.0	30.0	623.308349609375	-219.1555910604422	823.0963134765625	-328.48333438186444	-528.0493774414062	319.84710515332876	-583.1508178710938	200.44925324482205	-23.935091018676758	-20.260139227661856	85.46990966796875	0.9299738023454105	-5.256778717041016	89.09172162612114	-39.09452819824219	12.486895374260097	0.0	0.0	0.0	0.0
2.6176936626434326	1781093601.0	1781093601.3675673	1	10.0	10.0	8.0	8.0	NeuronSpectrum 10.06.2026 14:49:30	EEG	checkup_149_10.06.2026 14:49:30	500.0	499.6666666666667	True	0.5	40.0	4	True	50.0	30.0	330.2319641113281	-226.49071938400888	457.66790771484375	-340.0839215895781	-248.34225463867188	326.4752625478189	-329.56683349609375	204.1796284025214	-29.34538459777832	-21.218300344408647	56.054691314697266	-1.529443090644994	3.8500633239746094	87.04474312966212	-23.137449264526367	12.732121448020296	0.0	0.0	0.0	0.0
2.6685500144958496	1781093601.0	1781093601.4184237	1	10.0	10.0	8.0	8.0	NeuronSpectrum 10.06.2026 14:49:30	EEG	checkup_149_10.06.2026 14:49:30	500.0	499.6666666666667	True	0.5	40.0	4	True	50.0	30.0	742.33203125	-224.88275355462955	967.8081665039062	-340.7450302892469	-644.9370727539062	324.6819605617871	-694.6087646484375	200.06099037308925	-21.849496841430664	-24.135525585539398	92.55415344238281	-3.040243871515594	-0.9406703114509583	84.99965128340253	-46.62605285644531	12.730357995464388	0.0	0.0	0.0	0.0
2.668555974960327	1781093601.0	1781093601.4184296	1	10.0	10.0	8.0	8.0	NeuronSpectrum 10.06.2026 14:49:30	EEG	checkup_149_10.06.2026 14:49:30	500.0	499.6666666666667	True	0.5	40.0	4	True	50.0	30.0	741.741455078125	-214.74803419944854	964.43115234375	-330.97203763426916	-646.00341796875	315.10012629206653	-697.255615234375	188.79775692406224	-23.975757598876953	-28.554666212610048	90.71113586425781	-3.353639438878401	-3.9315972328186035	83.31614216119155	-46.248313903808594	12.488827537726674	0.0	0.0	0.0	0.0
2.668558359146118	1781093601.0	1781093601.418432	1	10.0	10.0	8.0	8.0	NeuronSpectrum 10.06.2026 14:49:30	EEG	checkup_149_10.06.2026 14:49:30	500.0	499.6666666666667	True	0.5	40.0	4	True	50.0	30.0	746.7943115234375	-198.21860071337431	967.5625	-313.3710765370329	-652.5162353515625	299.928823998231	-704.0553588867188	172.5686795393033	-25.64152717590332	-33.65583966451363	89.96461486816406	-2.4424256206532617	-7.95224142074585	82.40929039843827	-45.71858215332031	12.04865731968198	0.0	0.0	0.0	0.0
2.66856050491333	1781093601.0	1781093601.4184341	1	10.0	10.0	8.0	8.0	NeuronSpectrum 10.06.2026 14:49:30	EEG	checkup_149_10.06.2026 14:49:30	500.0	499.6666666666667	True	0.5	40.0	4	True	50.0	30.0	756.3636474609375	-178.4562870896056	976.2020263671875	-291.7856300765734	-662.6051025390625	282.2301576279568	-713.8319702148438	154.3648313060947	-26.7758846282959	-38.27587354312324	90.50115203857422	-0.4735576219166835	-11.376365661621094	82.64750196846421	-45.17871856689453	11.460512270475288	0.0	0.0	0.0	0.0
2.668562412261963	1781093601.0	1781093601.418436	1	10.0	10.0	8.0	8.0	NeuronSpectrum 10.06.2026 14:49:30	EEG	checkup_149_10.06.2026 14:49:30	500.0	499.6666666666667	True	0.5	40.0	4	True	50.0	30.0	762.9889526367188	-158.84406694656712	981.6073608398438	-270.3000136773352	-668.41845703125	265.12457383527254	-719.9061279296875	137.23964141908513	-28.68850326538086	-40.98387298565387	91.78079986572266	2.243677182281485	-11.579054832458496	84.22860722301154	-44.50203323364258	10.766571180526626	0.0	0.0	0.0	0.0
2.668564796447754	1781093601.0	1781093601.4184384	1	10.0	10.0	8.0	8.0	NeuronSpectrum 10.06.2026 14:49:30	EEG	checkup_149_10.06.2026 14:49:30	500.0	499.6666666666667	True	0.5	40.0	4	True	50.0	30.0	756.8733520507812	-142.34853948770362	972.1006469726562	-252.475224229244	-660.215576171875	251.17639504175054	-713.648681640625	123.73676373176271	-32.893402099609375	-40.21951259315453	92.8761978149414	5.310879748930716	-6.354278564453125	87.0801512400264	-43.4500846862793	9.99912157372174	0.0	0.0	0.0	0.0
2.6685667037963867	1781093601.0	1781093601.4184403	1	10.0	10.0	8.0	8.0	NeuronSpectrum 10.06.2026 14:49:30	EEG	checkup_149_10.06.2026 14:49:30	500.0	499.6666666666667	True	0.5	40.0	4	True	50.0	30.0	735.4968872070312	-131.1778521349922	944.7686157226562	-240.9640399927978	-635.8488159179688	242.09433018747634	-693.04248046875	115.60600747559359	-38.289710998535156	-34.48520515230176	93.36640167236328	8.285932645411336	3.9062037467956543	90.82523814488927	-42.14610290527344	9.194227235521314	0.0	0.0	0.0	0.0
2.6685686111450195	1781093601.0	1781093601.4184422	1	10.0	10.0	8.0	8.0	NeuronSpectrum 10.06.2026 14:49:30	EEG	checkup_149_10.06.2026 14:49:30	500.0	499.6666666666667	True	0.5	40.0	4	True	50.0	30.0	711.366943359375	-126.6896043264972	914.8797607421875	-237.43577516435053	-608.3739013671875	238.70195559447092	-669.57958984375	113.7615999133686	-38.86634063720703	-22.563442947897535	94.06017303466797	10.724366062598916	14.97916030883789	94.83107376413608	-41.44727325439453	8.409316408157375	0.0	0.0	0.0	0.0
2.6685709953308105	1781093601.0	1781093601.4184446	1	10.0	10.0	8.0	8.0	NeuronSpectrum 10.06.2026 14:49:30	EEG	checkup_149_10.06.2026 14:49:30	500.0	499.6666666666667	True	0.5	40.0	4	True	50.0	30.0	708.1688842773438	-129.40448019402433	911.104248046875	-242.61726297231607	-602.2711181640625	241.03029960116965	-664.7908325195312	118.34512860278959	-24.95734405517578	-3.713796592870078	96.63123321533203	12.226283724453458	20.342897415161133	98.3248376951136	-42.66557312011719	7.730327724234325	0.0	0.0	0.0	0.0
2.6685729026794434	1781093601.0	1781093601.4184465	1	10.0	10.0	8.0	8.0	NeuronSpectrum 10.06.2026 14:49:30	EEG	checkup_149_10.06.2026 14:49:30	500.0	499.6666666666667	True	0.5	40.0	4	True	50.0	30.0	742.7304077148438	-138.9828450426356	953.4295043945312	-256.262357956562	-635.6431274414062	248.37923383568796	-694.0860595703125	128.75507066718052	10.895716667175293	22.198718191020884	101.96642303466797	12.494793798725539	15.528776168823242	100.53719904308984	-46.50755310058594	7.258366480377253	0.0	0.0	0.0	0.0
2.6685750484466553	1781093601.0	1781093601.4184487	1	10.0	10.0	8.0	8.0	NeuronSpectrum 10.06.2026 14:49:30	EEG	checkup_149_10.06.2026 14:49:30	500.0	499.6666666666667	True	0.5	40.0	4	True	50.0	30.0	803.237548828125	-154.12055094980175	1026.6365966796875	-276.9926502931953	-698.4476318359375	259.2864859368161	-747.2275390625	143.5940708674331	66.41849517822266	54.67288674291318	108.27009582519531	11.400006964982026	2.6560256481170654	100.83063556869544	-51.86159896850586	7.076378931573525	0.0	0.0	0.0	0.0
2.668576955795288	1781093601.0	1781093601.4184506	1	10.0	10.0	8.0	8.0	NeuronSpectrum 10.06.2026 14:49:30	EEG	checkup_149_10.06.2026 14:49:30	500.0	499.6666666666667	True	0.5	40.0	4	True	50.0	30.0	842.063232421875	-172.46687435737948	1071.8336181640625	-302.14266431388313	-744.7338256835938	271.4867427202123	-781.8529052734375	160.6193538269357	126.1758041381836	92.63012664612769	110.65741729736328	9.028284783673202	-8.753754615783691	98.78820050495628	-55.505096435546875	7.208866476203998	0.0	0.0	0.0	0.0
2.668578863143921	1781093601.0	1781093601.4184525	1	10.0	10.0	8.0	8.0	NeuronSpectrum 10.06.2026 14:49:30	EEG	checkup_149_10.06.2026 14:49:30	500.0	499.6666666666667	True	0.5	40.0	4	True	50.0	30.0	795.001708984375	-190.76621191411996	1010.3673095703125	-327.8722622961753	-710.7424926757812	282.0463410985167	-740.6162109375	176.87443624384667	166.53506469726562	134.52081942546315	103.23771667480469	5.689242285246723	-6.6828742027282715	94.26410975953692	-53.3847541809082	7.595371370069019	0.0	0.0	0.0	0.0
2.668581008911133	1781093601.0	1781093601.4184546	1	10.0	10.0	8.0	8.0	NeuronSpectrum 10.06.2026 14:49:30	EEG	checkup_149_10.06.2026 14:49:30	500.0	499.6666666666667	True	0.5	40.0	4	True	50.0	30.0	619.6624145507812	-205.3789851053063	791.0074462890625	-349.7553948208352	-552.3162231445312	287.8254518051238	-585.4965209960938	189.14365174415755	167.6855926513672	178.43214101771417	82.81790161132812	1.8619673705973598	15.050458908081055	87.40982256372727	-42.97895431518555	8.0951462090312	0.0	0.0	0.0	0.0
2.6685829162597656	1781093601.0	1781093601.4184566	1	10.0	10.0	8.0	8.0	NeuronSpectrum 10.06.2026 14:49:30	EEG	checkup_149_10.06.2026 14:49:30	500.0	499.6666666666667	True	0.5	40.0	4	True	50.0	30.0	328.41510009765625	-213.12817611141543	430.0912780761719	-363.79480700892776	-277.9223327636719	286.22789680711867	-327.2867126464844	194.687488883635	125.5660171508789	222.18812668352786	51.77003860473633	-1.912556091324789	50.77940368652344	78.67817710595867	-25.238248825073242	8.52531612951738	0.0	0.0	0.0	0.0
2.7192938327789307	1781093601.0	1781093601.4691675	1	10.0	10.0	8.0	8.0	NeuronSpectrum 10.06.2026 14:49:30	EEG	checkup_149_10.06.2026 14:49:30	500.0	499.6666666666667	True	0.5	40.0	4	True	50.0	30.0	737.68603515625	-212.16834160572924	929.0433349609375	-367.4982750207513	-684.9557495117188	275.9632527343566	-695.7402954101562	191.9948195458062	291.3645935058594	263.48263571424883	87.91156005859375	-5.157191826129738	-34.74053955078125	68.78756172315235	-49.149906158447266	8.716180343295925	0.0	0.0	0.0	0.0
2.719299554824829	1781093601.0	1781093601.4691732	1	10.0	10.0	8.0	8.0	NeuronSpectrum 10.06.2026 14:49:30	EEG	checkup_149_10.06.2026 14:49:30	500.0	499.6666666666667	True	0.5	40.0	4	True	50.0	30.0	737.2161865234375	-202.4906015629742	924.1663208007812	-360.5398334965835	-691.9476928710938	257.46539527621644	-698.0375366210938	181.21250782490196	323.6676940917969	300.0954510491161	84.6455078125	-7.556274738443742	-42.63237380981445	58.627020939986224	-48.33742904663086	8.55856062341465	0.0	0.0	0.0	0.0
2.719302177429199	1781093601.0	1781093601.4691758	1	10.0	10.0	8.0	8.0	NeuronSpectrum 10.06.2026 14:49:30	EEG	checkup_149_10.06.2026 14:49:30	500.0	499.6666666666667	True	0.5	40.0	4	True	50.0	30.0	742.4859619140625	-185.85687985156397	926.789794921875	-344.7410254702276	-703.3457641601562	232.78122714062562	-705.5776977539062	164.07096977214957	347.61083984375	330.1865711062509	82.51561737060547	-8.995743344951256	-47.52113723754883	49.1127283889153	-47.96360397338867	8.026000413500782	0.0	0.0	0.0	0.0
2.719304323196411	1781093601.0	1781093601.469178	1	10.0	10.0	8.0	8.0	NeuronSpectrum 10.06.2026 14:49:30	EEG	checkup_149_10.06.2026 14:49:30	500.0	499.6666666666667	True	0.5	40.0	4	True	50.0	30.0	752.3421020507812	-165.2577525582711	935.7359008789062	-323.47084950580376	-718.6209716796875	205.02785660427412	-717.1476440429688	143.3903929325708	363.68914794921875	352.5874399265114	81.47642517089844	-9.546854573363145	-50.047393798828125	41.04049650618064	-48.1215934753418	7.171167140371735	0.0	0.0	0.0	0.0
2.719305992126465	1781093601.0	1781093601.4691796	1	10.0	10.0	8.0	8.0	NeuronSpectrum 10.06.2026 14:49:30	EEG	checkup_149_10.06.2026 14:49:30	500.0	499.6666666666667	True	0.5	40.0	4	True	50.0	30.0	759.316162109375	-144.17451055988064	941.9202270507812	-300.79084155540636	-730.7608642578125	177.6889547190549	-725.7991943359375	122.41655632643102	371.13916015625	366.9794583764499	80.7956771850586	-9.4153108929406	-51.231563568115234	34.98335591206286	-48.441497802734375	6.106983689148763	0.0	0.0	0.0	0.0
2.7193081378936768	1781093601.0	1781093601.4691818	1	10.0	10.0	8.0	8.0	NeuronSpectrum 10.06.2026 14:49:30	EEG	checkup_149_10.06.2026 14:49:30	500.0	499.6666666666667	True	0.5	40.0	4	True	50.0	30.0	753.6163940429688	-125.91056988245678	933.2724609375	-280.6575774214044	-730.1455688476562	153.99860172676875	-722.5099487304688	104.22042724615207	368.7690124511719	373.89049190431666	79.46247100830078	-8.879859635675205	-51.80213165283203	31.255110566015617	-48.334259033203125	4.983404933225608	0.0	0.0	0.0	0.0
2.7193098068237305	1781093601.0	1781093601.4691834	1	10.0	10.0	8.0	8.0	NeuronSpectrum 10.06.2026 14:49:30	EEG	checkup_149_10.06.2026 14:49:30	500.0	499.6666666666667	True	0.5	40.0	4	True	50.0	30.0	732.7020874023438	-113.12677626040988	906.5934448242188	-266.34372672140904	-714.33984375	136.52903206174747	-704.943115234375	91.27928124999627	357.9365234375	374.51466183727956	77.09221649169922	-8.235757670561897	-51.76557540893555	29.926788213394524	-47.58987045288086	3.9651191611314314	0.0	0.0	0.0	0.0
2.719311475753784	1781093601.0	1781093601.469185	1	10.0	10.0	8.0	8.0	NeuronSpectrum 10.06.2026 14:49:30	EEG	checkup_149_10.06.2026 14:49:30	500.0	499.6666666666667	True	0.5	40.0	4	True	50.0	30.0	708.9937744140625	-107.58094017676214	877.1607666015625	-260.0842500984222	-696.0518188476562	126.96686204873082	-684.4969482421875	85.23814240307757	345.0558166503906	370.4261763587754	74.66421508789062	-7.7486723337566215	-50.54935073852539	30.866145357975068	-46.86621856689453	3.2099311687468464	0.0	0.0	0.0	0.0
2.719313144683838	1781093601.0	1781093601.4691868	1	10.0	10.0	8.0	8.0	NeuronSpectrum 10.06.2026 14:49:30	EEG	checkup_149_10.06.2026 14:49:30	500.0	499.6666666666667	True	0.5	40.0	4	True	50.0	30.0	706.0321044921875	-109.99149531092023	874.0831909179688	-262.86315119194364	-699.163818359375	125.98757280929009	-682.7835083007812	86.77969947738383	340.0617980957031	363.28913373169183	74.22760772705078	-7.618170306730036	-47.68259048461914	33.774455791117255	-47.47296142578125	2.8451004909307263	0.0	0.0	0.0	0.0
2.7193150520324707	1781093601.0	1781093601.4691887	1	10.0	10.0	8.0	8.0	NeuronSpectrum 10.06.2026 14:49:30	EEG	checkup_149_10.06.2026 14:49:30	500.0	499.6666666666667	True	0.5	40.0	4	True	50.0	30.0	740.5244750976562	-119.94054811400494	918.1602783203125	-274.2529102113086	-740.1951293945312	133.14216983683	-715.1895751953125	95.52809142697392	349.8066101074219	354.65220029666335	77.3265380859375	-7.94854943630649	-43.51308059692383	38.210818162336764	-50.29523849487305	2.940399106429851	0.0	0.0	0.0	0.0
2.7193164825439453	1781093601.0	1781093601.4691901	1	10.0	10.0	8.0	8.0	NeuronSpectrum 10.06.2026 14:49:30	EEG	checkup_149_10.06.2026 14:49:30	500.0	499.6666666666667	True	0.5	40.0	4	True	50.0	30.0	800.6747436523438	-135.80192981796802	995.015869140625	-292.3018907416564	-806.060546875	146.7508139525804	-771.0226440429688	109.97633603990056	370.1448669433594	345.86348204817017	83.03590393066406	-8.728614252390772	-39.260284423828125	43.61096621092432	-54.49456787109375	3.4818249270677746	0.0	0.0	0.0	0.0
2.719318151473999	1781093601.0	1781093601.4691918	1	10.0	10.0	8.0	8.0	NeuronSpectrum 10.06.2026 14:49:30	EEG	checkup_149_10.06.2026 14:49:30	500.0	499.6666666666667	True	0.5	40.0	4	True	50.0	30.0	839.0695190429688	-154.7859398282457	1046.0914306640625	-313.5880978618637	-847.1072998046875	163.9131980458869	-806.9546508789062	127.52331702311183	383.4202575683594	338.06909124117277	87.22152709960938	-9.82849634684102	-36.04753112792969	49.3169764489766	-57.100608825683594	4.35628537339856	0.0	0.0	0.0	0.0
2.7193198204040527	1781093601.0	1781093601.4691935	1	10.0	10.0	8.0	8.0	NeuronSpectrum 10.06.2026 14:49:30	EEG	checkup_149_10.06.2026 14:49:30	500.0	499.6666666666667	True	0.5	40.0	4	True	50.0	30.0	791.8471069335938	-173.25417152359464	992.1095581054688	-333.62507329372147	-797.4440307617188	180.80975329719953	-764.507568359375	144.76159133746728	365.6908874511719	332.2081002989012	84.11244201660156	-11.024796033950077	-33.343597412109375	54.63319230562788	-54.20146942138672	5.360326582919148	0.0	0.0	0.0	0.0
2.7193217277526855	1781093601.0	1781093601.4691954	1	10.0	10.0	8.0	8.0	NeuronSpectrum 10.06.2026 14:49:30	EEG	checkup_149_10.06.2026 14:49:30	500.0	499.6666666666667	True	0.5	40.0	4	True	50.0	30.0	616.9156494140625	-187.39279339921137	780.2568969726562	-347.719029430919	-614.7398681640625	193.3955839123564	-605.0005493164062	158.09708640192133	301.0179443359375	328.9252596752569	69.63732147216797	-12.058719521933764	-27.95539665222168	58.913209464395365	-43.28038024902344	6.240305159664685	0.0	0.0	0.0	0.0
2.7193233966827393	1781093601.0	1781093601.469197	1	10.0	10.0	8.0	8.0	NeuronSpectrum 10.06.2026 14:49:30	EEG	checkup_149_10.06.2026 14:49:30	500.0	499.6666666666667	True	0.5	40.0	4	True	50.0	30.0	326.7188415527344	-194.13072710824105	424.9150085449219	-352.12493554050735	-313.7991638183594	198.3713143493999	-339.5748596191406	164.59685379720185	193.72071838378906	328.39827160571303	44.42909240722656	-12.714762805063097	-14.72892951965332	61.66668463765468	-25.197574615478516	6.756983285038375	0.0	0.0	0.0	0.0
2.719325304031372	1781093601.0	1781093601.469199	1	10.0	10.0	8.0	8.0	NeuronSpectrum 10.06.2026 14:49:30	EEG	checkup_149_10.06.2026 14:49:30	500.0	499.6666666666667	True	0.5	40.0	4	True	50.0	30.0	733.51416015625	-191.9702224971316	932.600341796875	-345.0814897667693	-739.9270629882812	194.0793177339153	-711.2294311523438	162.76081032754553	348.4667053222656	330.1717117036818	79.52468872070312	-12.889878047277529	-15.676061630249023	62.65905623594423	-49.8258056640625	6.752103057734125	0.0	0.0	0.0	0.0
2.719326972961426	1781093601.0	1781093601.4692006	1	10.0	10.0	8.0	8.0	NeuronSpectrum 10.06.2026 14:49:30	EEG	checkup_149_10.06.2026 14:49:30	500.0	499.6666666666667	True	0.5	40.0	4	True	50.0	30.0	732.6448364257812	-181.35630568462585	936.2465209960938	-327.2602785386817	-741.5076293945312	180.92554974198382	-710.393798828125	152.87565695624224	349.04248046875	333.1254243343384	78.67229461669922	-12.621239319643085	-16.357791900634766	61.969971145920525	-49.505977630615234	6.190379365127195	0.0	0.0	0.0	0.0
2.7193288803100586	1781093601.0	1781093601.4692025	1	10.0	10.0	8.0	8.0	NeuronSpectrum 10.06.2026 14:49:30	EEG	checkup_149_10.06.2026 14:49:30	500.0	499.6666666666667	True	0.5	40.0	4	True	50.0	30.0	737.5103759765625	-164.42900060351096	947.3834228515625	-301.4401792060843	-750.1655883789062	161.15159194517628	-715.2962036132812	136.80731373612738	348.59564208984375	335.642877510801	77.8504867553711	-12.061058706252101	-20.31618309020996	59.98381335338905	-49.678565979003906	5.162784407673403	0.0	0.0	0.0	0.0
2.7193305492401123	1781093601.0	1781093601.4692042	1	10.0	10.0	8.0	8.0	NeuronSpectrum 10.06.2026 14:49:30	EEG	checkup_149_10.06.2026 14:49:30	500.0	499.6666666666667	True	0.5	40.0	4	True	50.0	30.0	746.9505004882812	-144.32203592576425	964.6602783203125	-271.6185937567095	-764.0562744140625	138.11616214124552	-725.0858764648438	117.37958892085702	345.556884765625	335.9359400229029	77.15300750732422	-11.415309166943546	-25.96688461303711	57.307462745349326	-50.332271575927734	3.856625304371664	0.0	0.0	0.0	0.0
2.719332456588745	1781093601.0	1781093601.469206	1	10.0	10.0	8.0	8.0	NeuronSpectrum 10.06.2026 14:49:30	EEG	checkup_149_10.06.2026 14:49:30	500.0	499.6666666666667	True	0.5	40.0	4	True	50.0	30.0	753.5209350585938	-124.35080682417045	978.5059204101562	-241.99351716593006	-774.5909423828125	115.43671860180217	-732.9228515625	97.6493229702117	337.2784118652344	332.4144038803352	76.1940689086914	-10.878248095020385	-30.438989639282227	54.63667595158418	-51.031219482421875	2.5099221176589324	0.0	0.0	0.0	0.0
2.719334125518799	1781093601.0	1781093601.4692078	1	10.0	10.0	8.0	8.0	NeuronSpectrum 10.06.2026 14:49:30	EEG	checkup_149_10.06.2026 14:49:30	500.0	499.6666666666667	True	0.5	40.0	4	True	50.0	30.0	747.4802856445312	-107.38605529169371	976.2364501953125	-216.18925763015082	-770.8167724609375	96.30088470507177	-729.6644287109375	80.34486598894158	321.20672607421875	323.99382223208033	74.38748931884766	-10.589026981188832	-30.969219207763672	52.610503090910974	-51.132320404052734	1.366704998296003	0.0	0.0	0.0	0.0
2.7193357944488525	1781093601.0	1781093601.4692094	1	10.0	10.0	8.0	8.0	NeuronSpectrum 10.06.2026 14:49:30	EEG	checkup_149_10.06.2026 14:49:30	500.0	499.6666666666667	True	0.5	40.0	4	True	50.0	30.0	726.3304443359375	-95.53561488220261	954.479736328125	-196.875699025733	-749.540771484375	83.08396285935433	-712.775146484375	67.57507801091606	297.203857421875	310.28219631344905	71.70340728759766	-10.619445274608957	-26.997547149658203	51.69445613096251	-50.337642669677734	0.6417248660675392	0.0	0.0	0.0	0.0
2.7193377017974854	1781093601.0	1781093601.4692113	1	10.0	10.0	8.0	8.0	NeuronSpectrum 10.06.2026 14:49:30	EEG	checkup_149_10.06.2026 14:49:30	500.0	499.6666666666667	True	0.5	40.0	4	True	50.0	30.0	702.4929809570312	-90.08227980642407	929.2427978515625	-185.70740747466326	-723.4934692382812	77.23299601607918	-693.5184326171875	60.75735178842372	269.2854919433594	291.63495986102225	69.2776107788086	-10.984998326435354	-21.353878021240234	52.11762773893601	-49.1629753112793	0.4949625530793035	0.0	0.0	0.0	0.0
2.719339609146118	1781093601.0	1781093601.4692132	1	10.0	10.0	8.0	8.0	NeuronSpectrum 10.06.2026 14:49:30	EEG	checkup_149_10.06.2026 14:49:30	500.0	499.6666666666667	True	0.5	40.0	4	True	50.0	30.0	699.4774169921875	-91.52424131857747	930.9869995117188	-183.37899706672653	-717.4948120117188	79.2730679610654	-693.4102783203125	60.62260034788911	244.56565856933594	269.10056665435053	69.05882263183594	-11.66187227736717	-18.908527374267578	53.86508183485518	-48.771907806396484	1.011952504355849	0.0	0.0	0.0	0.0
2.719341278076172	1781093601.0	1781093601.469215	1	10.0	10.0	8.0	8.0	NeuronSpectrum 10.06.2026 14:49:30	EEG	checkup_149_10.06.2026 14:49:30	500.0	499.6666666666667	True	0.5	40.0	4	True	50.0	30.0	733.9896850585938	-99.56622240710824	981.3199462890625	-189.59845019843382	-749.8782348632812	88.78882772472853	-727.5694580078125	67.16092318488447	228.85162353515625	244.29120228126357	72.29202270507812	-12.593439085640334	-22.749696731567383	56.70783729522749	-50.019264221191406	2.186499996369868	0.0	0.0	0.0	0.0
2.7193429470062256	1781093601.0	1781093601.4692166	1	10.0	10.0	8.0	8.0	NeuronSpectrum 10.06.2026 14:49:30	EEG	checkup_149_10.06.2026 14:49:30	500.0	499.6666666666667	True	0.5	40.0	4	True	50.0	30.0	794.3311157226562	-113.01175999206424	1064.800537109375	-202.91775827844037	-809.7931518554688	104.33215022548542	-784.6547241210938	79.47062992579404	221.31983947753906	219.20553303987776	77.73851013183594	-13.680596209148193	-30.370159149169922	60.249133676622044	-52.2708740234375	3.9073662149896418	0.0	0.0	0.0	0.0
2.7193446159362793	1781093601.0	1781093601.4692183	1	10.0	10.0	8.0	8.0	NeuronSpectrum 10.06.2026 14:49:30	EEG	checkup_149_10.06.2026 14:49:30	500.0	499.6666666666667	True	0.5	40.0	4	True	50.0	30.0	833.2874145507812	-129.6591217940533	1119.646728515625	-220.56304149882743	-849.260498046875	123.35567124996209	-820.3814086914062	95.61704977589726	212.53231811523438	196.0114892253763	81.18192291259766	-14.765792099027482	-33.34391403198242	63.97748646093516	-53.00945281982422	5.957071107105109	0.0	0.0	0.0	0.0
2.719346523284912	1781093601.0	1781093601.4692202	1	10.0	10.0	8.0	8.0	NeuronSpectrum 10.06.2026 14:49:30	EEG	checkup_149_10.06.2026 14:49:30	500.0	499.6666666666667	True	0.5	40.0	4	True	50.0	30.0	787.19140625	-146.40783046639524	1062.650390625	-238.5453560915461	-802.3302001953125	142.3742620775568	-775.4679565429688	112.70451378036181	188.57249450683594	176.78410078556198	77.17201232910156	-15.631418698430485	-22.059677124023438	67.33222382481794	-48.87688064575195	8.03405395139982	0.0	0.0	0.0	0.0
2.719348192214966	1781093601.0	1781093601.4692218	1	10.0	10.0	8.0	8.0	NeuronSpectrum 10.06.2026 14:49:30	EEG	checkup_149_10.06.2026 14:49:30	500.0	499.6666666666667	True	0.5	40.0	4	True	50.0	30.0	613.97705078125	-159.74114576297222	838.9251708984375	-252.27814085024454	-624.2855224609375	157.51235545850687	-611.203369140625	127.32285426784517	139.72784423828125	163.2043779771382	62.316707611083984	-16.030229767157252	6.869844913482666	69.78929244481675	-37.753963470458984	9.804198116236499	0.0	0.0	0.0	0.0
2.7193500995635986	1781093601.0	1781093601.4692237	1	10.0	10.0	8.0	8.0	NeuronSpectrum 10.06.2026 14:49:30	EEG	checkup_149_10.06.2026 14:49:30	500.0	499.6666666666667	True	0.5	40.0	4	True	50.0	30.0	325.8388977050781	-166.54272526310615	464.5851745605469	-257.6517144799511	-325.9142761230469	165.38409720392949	-339.7899475097656	136.3312407349826	68.13693237304688	156.262740479616	37.98223114013672	-15.746777045587852	45.84709167480469	70.95790981002828	-20.524860382080078	10.973883285193438	0.0	0.0	0.0	0.0
2.771256923675537	1781093601.0	1781093601.5211306	1	10.0	10.0	8.0	8.0	NeuronSpectrum 10.06.2026 14:49:30	EEG	checkup_149_10.06.2026 14:49:30	500.0	499.6666666666667	True	0.5	40.0	4	True	50.0	30.0	731.14404296875	-164.9541886955645	999.865478515625	-252.17904387835515	-744.8452758789062	163.99878920403353	-716.0173950195312	137.70158456435408	162.54800415039062	156.04873193666117	74.03050231933594	-14.665515551176997	-21.99614715576172	70.65662218071827	-43.006919860839844	11.361748929095096	0.0	0.0	0.0	0.0
2.7712624073028564	1781093601.0	1781093601.521136	1	10.0	10.0	8.0	8.0	NeuronSpectrum 10.06.2026 14:49:30	EEG	checkup_149_10.06.2026 14:49:30	500.0	499.6666666666667	True	0.5	40.0	4	True	50.0	30.0	730.4223022460938	-154.89087178232003	1003.8495483398438	-235.70294861934912	-743.6015014648438	153.2969699920832	-712.736328125	131.05528975440222	164.47947692871094	161.70589288957464	75.31859588623047	-12.811884557296052	-21.282726287841797	68.93642140411882	-43.041351318359375	10.942141689229478	0.0	0.0	0.0	0.0
2.7712650299072266	1781093601.0	1781093601.5211387	1	10.0	10.0	8.0	8.0	NeuronSpectrum 10.06.2026 14:49:30	EEG	checkup_149_10.06.2026 14:49:30	500.0	499.6666666666667	True	0.5	40.0	4	True	50.0	30.0	735.15576171875	-138.00428483678803	1015.699462890625	-210.37510009246407	-747.398193359375	135.1030211043212	-715.0381469726562	117.68397126463049	168.60382080078125	171.57173219625903	77.5980453491211	-10.34660737124345	-19.33135986328125	66.04691041536722	-43.79084396362305	9.845124898466342	0.0	0.0	0.0	0.0
2.7712669372558594	1781093601.0	1781093601.5211406	1	10.0	10.0	8.0	8.0	NeuronSpectrum 10.06.2026 14:49:30	EEG	checkup_149_10.06.2026 14:49:30	500.0	499.6666666666667	True	0.5	40.0	4	True	50.0	30.0	744.2752075195312	-117.17385978624151	1033.3828125	-180.0031271553406	-755.5540771484375	112.58519124459465	-722.1171875	100.11884244727301	173.87452697753906	183.44650620387878	80.49690246582031	-7.51914482721975	-17.222227096557617	62.37418528002936	-45.020999908447266	8.317546568121173	0.0	0.0	0.0	0.0
2.771268844604492	1781093601.0	1781093601.5211425	1	10.0	10.0	8.0	8.0	NeuronSpectrum 10.06.2026 14:49:30	EEG	checkup_149_10.06.2026 14:49:30	500.0	499.6666666666667	True	0.5	40.0	4	True	50.0	30.0	750.4736938476562	-95.7952171015755	1046.2598876953125	-149.10963718557153	-761.2021484375	89.50330468200946	-727.2340087890625	81.48823151353065	179.13690185546875	194.8973478707445	82.86560821533203	-4.603451566758782	-16.409332275390625	58.385128878515175	-46.10787582397461	6.663051276480332	0.0	0.0	0.0	0.0
2.771270990371704	1781093601.0	1781093601.5211446	1	10.0	10.0	8.0	8.0	NeuronSpectrum 10.06.2026 14:49:30	EEG	checkup_149_10.06.2026 14:49:30	500.0	499.6666666666667	True	0.5	40.0	4	True	50.0	30.0	744.143310546875	-77.12125215502047	1040.6905517578125	-122.0409281965644	-755.0568237304688	69.50997102124163	-721.3536987304688	64.89754262604248	183.27203369140625	203.52250154860712	83.34722137451172	-1.839742521087489	-17.869070053100586	54.591042704072834	-46.31327819824219	5.180435137271064	0.0	0.0	0.0	0.0
2.771272659301758	1781093601.0	1781093601.5211463	1	10.0	10.0	8.0	8.0	NeuronSpectrum 10.06.2026 14:49:30	EEG	checkup_149_10.06.2026 14:49:30	500.0	499.6666666666667	True	0.5	40.0	4	True	50.0	30.0	722.8515014648438	-63.78982099374127	1013.2193603515625	-102.31007417112835	-734.7387084960938	55.64147005023039	-701.9632568359375	52.95840635412363	185.17442321777344	207.1461112981373	81.60039520263672	0.603912456705892	-21.252643585205078	51.518692607243636	-45.374534606933594	4.11360651311311	0.0	0.0	0.0	0.0
2.7712745666503906	1781093601.0	1781093601.5211482	1	10.0	10.0	8.0	8.0	NeuronSpectrum 10.06.2026 14:49:30	EEG	checkup_149_10.06.2026 14:49:30	500.0	499.6666666666667	True	0.5	40.0	4	True	50.0	30.0	698.978515625	-57.545350489539125	981.1708984375	-92.1967455971966	-712.2559814453125	50.00290645366307	-680.229248046875	47.48245433089665	183.41314697265625	203.95372253852182	79.27959442138672	2.6481312126335212	-24.704280853271484	49.66907020061697	-43.97249221801758	3.618585570943992	0.0	0.0	0.0	0.0
2.7712762355804443	1781093601.0	1781093601.5211499	1	10.0	10.0	8.0	8.0	NeuronSpectrum 10.06.2026 14:49:30	EEG	checkup_149_10.06.2026 14:49:30	500.0	499.6666666666667	True	0.5	40.0	4	True	50.0	30.0	695.9118041992188	-59.08550238911597	977.4285278320312	-92.52452234703432	-710.0741577148438	53.575605234274455	-677.568359375	49.28853084153529	175.77313232421875	192.59655755345383	79.59971618652344	4.30363408266372	-25.7673282623291	49.454679280922015	-43.51464080810547	3.7468101995484733	0.0	0.0	0.0	0.0
2.771277904510498	1781093601.0	1781093601.5211515	1	10.0	10.0	8.0	8.0	NeuronSpectrum 10.06.2026 14:49:30	EEG	checkup_149_10.06.2026 14:49:30	500.0	499.6666666666667	True	0.5	40.0	4	True	50.0	30.0	730.2512817382812	-67.95847291087455	1025.8399658203125	-102.52400243742966	-743.3843383789062	66.07311533400892	-709.2261352539062	58.06758611877741	159.2393035888672	172.28798338949431	85.13462829589844	5.666943344808612	-23.031251907348633	51.124176001321345	-45.08241271972656	4.441278523180734	0.0	0.0	0.0	0.0
2.7712795734405518	1781093601.0	1781093601.5211532	1	10.0	10.0	8.0	8.0	NeuronSpectrum 10.06.2026 14:49:30	EEG	checkup_149_10.06.2026 14:49:30	500.0	499.6666666666667	True	0.5	40.0	4	True	50.0	30.0	790.321533203125	-82.50110990238177	1111.3658447265625	-119.76933302379688	-799.048583984375	85.84265109735529	-764.3717651367188	72.30609746219537	130.9468536376953	142.89612663787523	95.04615020751953	6.914778312910831	-17.36958885192871	54.69663926322618	-48.14335250854492	5.543438979677204	0.0	0.0	0.0	0.0
2.7712814807891846	1781093601.0	1781093601.521155	1	10.0	10.0	8.0	8.0	NeuronSpectrum 10.06.2026 14:49:30	EEG	checkup_149_10.06.2026 14:49:30	500.0	499.6666666666667	True	0.5	40.0	4	True	50.0	30.0	829.1046142578125	-99.9059428119842	1169.9176025390625	-140.30093245993191	-829.3208618164062	109.91094346644442	-799.4952392578125	89.35339727952397	89.99153900146484	105.01439898663831	103.94456481933594	8.291434355652536	-11.545938491821289	59.929791623313626	-50.090576171875	6.812728237611196	0.0	0.0	0.0	0.0
2.771282911300659	1781093601.0	1781093601.5211565	1	10.0	10.0	8.0	8.0	NeuronSpectrum 10.06.2026 14:49:30	EEG	checkup_149_10.06.2026 14:49:30	500.0	499.6666666666667	True	0.5	40.0	4	True	50.0	30.0	783.2225952148438	-116.5600171937751	1114.065185546875	-159.1173719430326	-771.6211547851562	134.32783014259016	-755.9220581054688	105.76181725792667	39.13474655151367	59.97847151958483	103.90807342529297	10.076049149947359	-7.982426643371582	66.33773325279984	-47.30326461791992	7.963175407251417	0.0	0.0	0.0	0.0
2.771284818649292	1781093601.0	1781093601.5211585	1	10.0	10.0	8.0	8.0	NeuronSpectrum 10.06.2026 14:49:30	EEG	checkup_149_10.06.2026 14:49:30	500.0	499.6666666666667	True	0.5	40.0	4	True	50.0	30.0	610.8206787109375	-128.73119257026838	885.0384521484375	-171.12833736688398	-586.62841796875	154.8877927037835	-594.8712158203125	117.96018274479388	-14.928430557250977	9.800235300712973	88.9883041381836	12.521377352258456	-6.040826797485352	73.25991129053993	-37.3309326171875	8.717957002599297	0.0	0.0	0.0	0.0
2.7712862491607666	1781093601.0	1781093601.52116	1	10.0	10.0	8.0	8.0	NeuronSpectrum 10.06.2026 14:49:30	EEG	checkup_149_10.06.2026 14:49:30	500.0	499.6666666666667	True	0.5	40.0	4	True	50.0	30.0	324.0718994140625	-133.47952106630922	497.80157470703125	-172.395345840671	-290.0152282714844	168.10251947574665	-327.5923156738281	123.13462746846244	-63.441673278808594	-42.99490176964939	59.39945983886719	15.774848185782007	-1.0336564779281616	79.96987753997921	-20.799785614013672	8.872381021187136	0.0	0.0	0.0	0.0
2.82210111618042	1781093601.0	1781093601.5719748	1	10.0	10.0	8.0	8.0	NeuronSpectrum 10.06.2026 14:49:30	EEG	checkup_149_10.06.2026 14:49:30	500.0	499.6666666666667	True	0.5	40.0	4	True	50.0	30.0	727.7529296875	-129.4606812485591	1057.6812744140625	-161.20651793291162	-688.0067749023438	172.0788579359087	-702.387451171875	119.99647474381226	-120.91278076171875	-95.61811794951996	111.06531524658203	19.81419654280455	21.801332473754883	85.80204637400695	-44.63473892211914	8.34490854021906	0.0	0.0	0.0	0.0
2.8221073150634766	1781093601.0	1781093601.571981	1	10.0	10.0	8.0	8.0	NeuronSpectrum 10.06.2026 14:49:30	EEG	checkup_149_10.06.2026 14:49:30	500.0	499.6666666666667	True	0.5	40.0	4	True	50.0	30.0	727.2683715820312	-117.25601570124822	1062.8082275390625	-138.49440020528397	-680.5740966796875	166.92059580345608	-702.1917724609375	109.09172236807815	-172.4234619140625	-145.3225210992136	113.77238464355469	24.432768588468228	25.796161651611328	90.26726723886816	-45.162925720214844	7.195170778687488	0.0	0.0	0.0	0.0
2.8221099376678467	1781093601.0	1781093601.5719836	1	10.0	10.0	8.0	8.0	NeuronSpectrum 10.06.2026 14:49:30	EEG	checkup_149_10.06.2026 14:49:30	500.0	499.6666666666667	True	0.5	40.0	4	True	50.0	30.0	732.2077026367188	-99.0861257518553	1075.217041015625	-107.41416907669682	-680.9502563476562	154.49666012103424	-707.4661865234375	92.51999241121617	-218.14756774902344	-189.71388115418105	116.08731079101562	29.2850490766024	25.931306838989258	93.12643973210027	-46.09852600097656	5.601740146831127	0.0	0.0	0.0	0.0
2.8221118450164795	1781093601.0	1781093601.5719855	1	10.0	10.0	8.0	8.0	NeuronSpectrum 10.06.2026 14:49:30	EEG	checkup_149_10.06.2026 14:49:30	500.0	499.6666666666667	True	0.5	40.0	4	True	50.0	30.0	741.465576171875	-78.08475612181358	1093.8055419921875	-72.33654212660389	-687.6755981445312	137.74319928881212	-716.947265625	73.23414441508203	-256.2676696777344	-227.00914424194582	118.2527084350586	33.96901383094237	23.439762115478516	94.4011141966583	-47.29041290283203	3.811467891168932	0.0	0.0	0.0	0.0
2.822113513946533	1781093601.0	1781093601.5719872	1	10.0	10.0	8.0	8.0	NeuronSpectrum 10.06.2026 14:49:30	EEG	checkup_149_10.06.2026 14:49:30	500.0	499.6666666666667	True	0.5	40.0	4	True	50.0	30.0	747.7598876953125	-57.48458261045904	1108.5452880859375	-37.74335161849539	-692.810546875	119.8482197997989	-723.46240234375	54.25784118227883	-285.1199035644531	-256.19198406412033	119.85537719726562	38.10597799348552	20.76862335205078	94.32132240174643	-48.22612762451172	2.082471193387213	0.0	0.0	0.0	0.0
2.822115421295166	1781093601.0	1781093601.571989	1	10.0	10.0	8.0	8.0	NeuronSpectrum 10.06.2026 14:49:30	EEG	checkup_149_10.06.2026 14:49:30	500.0	499.6666666666667	True	0.5	40.0	4	True	50.0	30.0	741.5509033203125	-40.0133627207872	1105.9442138671875	-7.43145870082704	-686.0894165039062	103.62082376104635	-717.76220703125	38.10858341925783	-303.674072265625	-277.03742963381546	120.12055969238281	41.38904109477104	20.28309440612793	93.23387138968765	-48.2768440246582	0.639586334131714	0.0	0.0	0.0	0.0
2.8221168518066406	1781093601.0	1781093601.5719905	1	10.0	10.0	8.0	8.0	NeuronSpectrum 10.06.2026 14:49:30	EEG	checkup_149_10.06.2026 14:49:30	500.0	499.6666666666667	True	0.5	40.0	4	True	50.0	30.0	720.4459838867188	-27.616958031036706	1082.589111328125	15.828646537223355	-664.5303955078125	91.17105280285033	-697.5940551757812	26.540313217584828	-312.71954345703125	-290.01122876485266	118.91215515136719	43.59491111214063	22.424114227294922	91.5056369767688	-47.25800704956055	-0.3498252407625971	0.0	0.0	0.0	0.0
2.8221187591552734	1781093601.0	1781093601.5719924	1	10.0	10.0	8.0	8.0	NeuronSpectrum 10.06.2026 14:49:30	EEG	checkup_149_10.06.2026 14:49:30	500.0	499.6666666666667	True	0.5	40.0	4	True	50.0	30.0	696.7630004882812	-21.444982503977997	1056.143310546875	30.28760901580866	-640.1875	83.84931519441126	-674.9691162109375	20.545025633242673	-315.6820068359375	-296.08338348641183	117.58193969726562	44.574605704070876	24.737213134765625	89.45026365096707	-45.87371063232422	-0.7827510115243849	0.0	0.0	0.0	0.0
2.822120428085327	1781093601.0	1781093601.571994	1	10.0	10.0	8.0	8.0	NeuronSpectrum 10.06.2026 14:49:30	EEG	checkup_149_10.06.2026 14:49:30	500.0	499.6666666666667	True	0.5	40.0	4	True	50.0	30.0	693.7288818359375	-21.93055296080812	1059.8929443359375	35.11579420169053	-636.5074462890625	82.28993168916912	-672.4679565429688	20.449687352740742	-317.66015625	-296.51645392269654	118.52972412109375	44.24743724651778	23.143741607666016	87.28887233484176	-45.489402770996094	-0.6195501902403204	0.0	0.0	0.0	0.0
2.82212233543396	1781093601.0	1781093601.571996	1	10.0	10.0	8.0	8.0	NeuronSpectrum 10.06.2026 14:49:30	EEG	checkup_149_10.06.2026 14:49:30	500.0	499.6666666666667	True	0.5	40.0	4	True	50.0	30.0	727.7977294921875	-28.799647787744377	1117.1300048828125	30.440585635334326	-670.6787109375	86.40280890834553	-706.173095703125	25.945684410026647	-322.3878173828125	-292.6877078495757	123.18234252929688	42.61705757106147	15.314586639404297	85.13837564649573	-47.09164810180664	0.1153590044853932	0.0	0.0	0.0	0.0
2.8221237659454346	1781093601.0	1781093601.5719974	1	10.0	10.0	8.0	8.0	NeuronSpectrum 10.06.2026 14:49:30	EEG	checkup_149_10.06.2026 14:49:30	500.0	499.6666666666667	True	0.5	40.0	4	True	50.0	30.0	787.32470703125	-40.954509311904125	1210.2403564453125	17.589684798140453	-732.05126953125	95.25862687167144	-765.0796508789062	35.99146503646415	-328.8198547363281	-285.97817908977265	129.62730407714844	39.810302043413344	3.9156365394592285	83.01544396041811	-50.039222717285156	1.32777729270539	0.0	0.0	0.0	0.0
2.8221256732940674	1781093601.0	1781093601.5719993	1	10.0	10.0	8.0	8.0	NeuronSpectrum 10.06.2026 14:49:30	EEG	checkup_149_10.06.2026 14:49:30	500.0	499.6666666666667	True	0.5	40.0	4	True	50.0	30.0	825.5747680664062	-56.33619214831469	1270.6773681640625	-0.6325875702926874	-774.572021484375	106.96598872073596	-804.2973022460938	48.68463751020887	-330.18353271484375	-277.7215524667648	132.02589416503906	36.117298905348385	-3.3035669326782227	80.85140155878669	-51.65697479248047	2.8488111792247284	0.0	0.0	0.0	0.0
2.822127103805542	1781093601.0	1781093601.5720007	1	10.0	10.0	8.0	8.0	NeuronSpectrum 10.06.2026 14:49:30	EEG	checkup_149_10.06.2026 14:49:30	500.0	499.6666666666667	True	0.5	40.0	4	True	50.0	30.0	779.6019287109375	-71.98373315327328	1206.60546875	-19.97418766351701	-735.0016479492188	118.74691805647528	-763.1649780273438	61.31093855459778	-317.1977844238281	-269.17235327331724	123.08724212646484	31.997968179398296	2.150102138519287	78.52372764520949	-48.340484619140625	4.443039713067199	0.0	0.0	0.0	0.0
2.822129011154175	1781093601.0	1781093601.5720026	1	10.0	10.0	8.0	8.0	NeuronSpectrum 10.06.2026 14:49:30	EEG	checkup_149_10.06.2026 14:49:30	500.0	499.6666666666667	True	0.5	40.0	4	True	50.0	30.0	607.8768920898438	-84.47062263488935	957.792724609375	-35.34958599748543	-570.2457275390625	127.38088614741031	-601.4591674804688	70.74592589202457	-284.1388854980469	-261.4477096612741	98.60692596435547	28.02773415648577	22.96079444885254	75.9096684171809	-37.746856689453125	5.839793016604688	0.0	0.0	0.0	0.0
2.8221306800842285	1781093601.0	1781093601.5720043	1	10.0	10.0	8.0	8.0	NeuronSpectrum 10.06.2026 14:49:30	EEG	checkup_149_10.06.2026 14:49:30	500.0	499.6666666666667	True	0.5	40.0	4	True	50.0	30.0	322.55059814453125	-90.69241109495545	542.5463256835938	-42.008336722767496	-290.068115234375	129.98568178355498	-330.5049133300781	74.18931150191963	-233.80177307128906	-255.42673557575384	61.09056854248047	24.785252745748455	51.983768463134766	72.9517065569082	-20.659692764282227	6.785476916758652	0.0	0.0	0.0	0.0
2.8221323490142822	1781093601.0	1781093601.572006	1	10.0	10.0	8.0	8.0	NeuronSpectrum 10.06.2026 14:49:30	EEG	checkup_149_10.06.2026 14:49:30	500.0	499.6666666666667	True	0.5	40.0	4	True	50.0	30.0	722.6364135742188	-88.72286305345831	1129.3597412109375	-36.84094037746423	-689.7587280273438	124.85349527375995	-717.6962890625	69.96617826966141	-298.0254211425781	-251.63704534713517	107.68990325927734	22.720698739019323	-8.566814422607422	69.70591610640392	-43.59367752075195	7.099965959578991	0.0	0.0	0.0	0.0
2.822134017944336	1781093601.0	1781093601.5720077	1	10.0	10.0	8.0	8.0	NeuronSpectrum 10.06.2026 14:49:30	EEG	checkup_149_10.06.2026 14:49:30	500.0	499.6666666666667	True	0.5	40.0	4	True	50.0	30.0	721.4093627929688	-78.35701166608021	1131.205078125	-19.249690426715425	-690.6818237304688	111.96630438078456	-719.0194702148438	58.03261362084888	-297.0713806152344	-250.1828054144287	106.04467010498047	22.05797655656786	-10.120878219604492	66.34463537289051	-43.259033203125	6.71440596435944	0.0	0.0	0.0	0.0
2.8221356868743896	1781093601.0	1781093601.5720093	1	10.0	10.0	8.0	8.0	NeuronSpectrum 10.06.2026 14:49:30	EEG	checkup_149_10.06.2026 14:49:30	500.0	499.6666666666667	True	0.5	40.0	4	True	50.0	30.0	725.6038208007812	-61.11924926607627	1142.284912109375	8.760711392333064	-695.5919189453125	92.97618070772434	-724.9481201171875	39.97393683577037	-297.98272705078125	-250.7525068091507	106.07586669921875	22.765206901842166	-9.717745780944824	63.11089495690221	-43.477596282958984	5.677175731601413	0.0	0.0	0.0	0.0
2.8221373558044434	1781093601.0	1781093601.572011	1	10.0	10.0	8.0	8.0	NeuronSpectrum 10.06.2026 14:49:30	EEG	checkup_149_10.06.2026 14:49:30	500.0	499.6666666666667	True	0.5	40.0	4	True	50.0	30.0	734.1612548828125	-39.80057971425482	1160.672119140625	43.20017357546411	-703.7116088867188	70.72173674654	-734.4088745117188	18.555706221218124	-300.02764892578125	-252.70507542328485	107.43621826171875	24.591486461613773	-8.304661750793457	60.25180266208228	-44.222869873046875	4.131470767452028	0.0	0.0	0.0	0.0
2.822139263153076	1781093601.0	1781093601.572013	1	10.0	10.0	8.0	8.0	NeuronSpectrum 10.06.2026 14:49:30	EEG	checkup_149_10.06.2026 14:49:30	500.0	499.6666666666667	True	0.5	40.0	4	True	50.0	30.0	739.8599243164062	-17.773639938973922	1174.8935546875	79.06951775819537	-708.3110961914062	48.53502508284702	-740.470703125	-2.9364507465739895	-301.443359375	-255.20459061724566	108.84890747070312	27.142719584746185	-7.191502094268799	57.96473562603652	-45.0504150390625	2.2786977753771254	0.0	0.0	0.0	0.0
2.82214093208313	1781093601.0	1781093601.5720146	1	10.0	10.0	8.0	8.0	NeuronSpectrum 10.06.2026 14:49:30	EEG	checkup_149_10.06.2026 14:49:30	500.0	499.6666666666667	True	0.5	40.0	4	True	50.0	30.0	733.2061767578125	1.6687163694298497	1170.0006103515625	111.34170273132855	-700.4550170898438	29.587934538567865	-734.0531005859375	-21.334342195463993	-300.2693176269531	-257.37013670032974	108.75281524658203	29.96662210439733	-7.281434059143066	56.37238357314103	-45.34284973144531	0.341612755154556	0.0	0.0	0.0	0.0
2.8221428394317627	1781093601.0	1781093601.5720165	1	10.0	10.0	8.0	8.0	NeuronSpectrum 10.06.2026 14:49:30	EEG	checkup_149_10.06.2026 14:49:30	500.0	499.6666666666667	True	0.5	40.0	4	True	50.0	30.0	711.7843017578125	15.81549867708756	1141.91015625	135.74393027223624	-678.1771850585938	16.41326166879132	-712.8793334960938	-34.07192756443905	-296.0054626464844	-258.41679734401407	106.65901947021484	32.62793173127433	-8.33698844909668	55.52102920764004	-44.9122428894043	-1.4654141664695441	0.0	0.0	0.0	0.0
2.8221445083618164	1781093601.0	1781093601.5720181	1	10.0	10.0	8.0	8.0	NeuronSpectrum 10.06.2026 14:49:30	EEG	checkup_149_10.06.2026 14:49:30	500.0	499.6666666666667	True	0.5	40.0	4	True	50.0	30.0	687.794921875	22.85955603561196	1108.9459228515625	149.29719610773694	-653.8345947265625	10.616222341679652	-688.7135620117188	-39.495265630319786	-290.8379821777344	-257.77341692860153	104.21672821044922	34.76761376496277	-8.918306350708008	55.387626605184224	-44.486717224121094	-2.958439458711179	0.0	0.0	0.0	0.0
2.82214617729187	1781093601.0	1781093601.5720198	1	10.0	10.0	8.0	8.0	NeuronSpectrum 10.06.2026 14:49:30	EEG	checkup_149_10.06.2026 14:49:30	500.0	499.6666666666667	True	0.5	40.0	4	True	50.0	30.0	684.3125610351562	22.089008787793613	1106.198486328125	150.66966768280355	-650.24853515625	12.718675641109527	-683.7952270507812	-37.04190960452492	-288.8751220703125	-255.16841863730045	104.69788360595703	36.148431843631265	-7.351594924926758	55.886077445468786	-45.46737289428711	-4.001748250319459	0.0	0.0	0.0	0.0
2.822147846221924	1781093601.0	1781093601.5720215	1	10.0	10.0	8.0	8.0	NeuronSpectrum 10.06.2026 14:49:30	EEG	checkup_149_10.06.2026 14:49:30	500.0	499.6666666666667	True	0.5	40.0	4	True	50.0	30.0	717.7471923828125	14.005290400449468	1158.8734130859375	140.41223426475577	-683.2344360351562	22.070256954111684	-714.04052734375	-27.341835084829697	-293.0554504394531	-250.67650054415338	110.55223846435547	36.69087951684475	-3.287097930908203	56.87295786675478	-48.7963752746582	-4.524847768349472	0.0	0.0	0.0	0.0
2.8221499919891357	1781093601.0	1781093601.5720236	1	10.0	10.0	8.0	8.0	NeuronSpectrum 10.06.2026 14:49:30	EEG	checkup_149_10.06.2026 14:49:30	500.0	499.6666666666667	True	0.5	40.0	4	True	50.0	30.0	776.6558837890625	0.36973674440934357	1250.008056640625	121.06666075737331	-740.7341918945312	36.81821078192178	-768.708984375	-12.24155160458268	-301.5181579589844	-244.71678475165595	120.40877532958984	36.49730475536427	1.3624632358551025	58.15902242303094	-53.60002136230469	-4.537924390490053	0.0	0.0	0.0	0.0
2.8221516609191895	1781093601.0	1781093601.5720253	1	10.0	10.0	8.0	8.0	NeuronSpectrum 10.06.2026 14:49:30	EEG	checkup_149_10.06.2026 14:49:30	500.0	499.6666666666667	True	0.5	40.0	4	True	50.0	30.0	814.7520751953125	-15.904120548696568	1309.669921875	97.01635998684176	-776.3106079101562	54.0166083280795	-803.6380615234375	5.324684470719437	-306.4613952636719	-237.99026701072535	127.97692108154297	35.85174239369324	3.2643325328826904	59.53152024618634	-56.765419006347656	-4.1389250337684516	0.0	0.0	0.0	0.0
2.822153329849243	1781093601.0	1781093601.572027	1	10.0	10.0	8.0	8.0	NeuronSpectrum 10.06.2026 14:49:30	EEG	checkup_149_10.06.2026 14:49:30	500.0	499.6666666666667	True	0.5	40.0	4	True	50.0	30.0	769.58935546875	-31.138821749211413	1243.1217041015625	73.8912621299222	-728.20068359375	70.00322318785923	-759.066650390625	21.73118421906621	-297.36761474609375	-231.34895182679716	124.47852325439453	35.17756941957665	0.28688544034957886	60.78627983052203	-54.186279296875	-3.5020750542379813	0.0	0.0	0.0	0.0
2.8221547603607178	1781093601.0	1781093601.5720284	1	10.0	10.0	8.0	8.0	NeuronSpectrum 10.06.2026 14:49:30	EEG	checkup_149_10.06.2026 14:49:30	500.0	499.6666666666667	True	0.5	40.0	4	True	50.0	30.0	599.88330078125	-41.61644283495359	987.393310546875	57.45112759696374	-556.579833984375	81.10361565945493	-595.3541870117188	33.369505986910355	-267.32818603515625	-225.60870957227587	103.74458312988281	34.94463090910986	-5.710838317871094	61.76314882631328	-43.20504379272461	-2.841999730226915	0.0	0.0	0.0	0.0
2.8221566677093506	1781093601.0	1781093601.5720303	1	10.0	10.0	8.0	8.0	NeuronSpectrum 10.06.2026 14:49:30	EEG	checkup_149_10.06.2026 14:49:30	500.0	499.6666666666667	True	0.5	40.0	4	True	50.0	30.0	317.5574951171875	-44.49873087995661	560.0444946289062	52.16513153573701	-274.9930419921875	84.53000618778731	-323.7193298339844	37.53081068233918	-218.39727783203125	-221.35060052683707	66.76781463623047	35.54338024490194	-8.272195816040039	62.37693386261344	-24.68593406677246	-2.3602324680316156	0.0	0.0	0.0	0.0
2.8730404376983643	1781093601.0	1781093601.622914	1	10.0	10.0	8.0	8.0	NeuronSpectrum 10.06.2026 14:49:30	EEG	checkup_149_10.06.2026 14:49:30	500.0	499.6666666666667	True	0.5	40.0	4	True	50.0	30.0	715.7108154296875	-38.606594915432936	1162.370849609375	60.00486513240456	-669.8330688476562	79.14325894790588	-704.4609375	33.13677365921326	-282.2928161621094	-218.78128889071058	121.50902557373047	37.17082512623834	9.489500999450684	62.636751111506456	-49.977272033691406	-2.1943226074733406	0.0	0.0	0.0	0.0
2.8730454444885254	1781093601.0	1781093601.622919	1	10.0	10.0	8.0	8.0	NeuronSpectrum 10.06.2026 14:49:30	EEG	checkup_149_10.06.2026 14:49:30	500.0	499.6666666666667	True	0.5	40.0	4	True	50.0	30.0	715.5982666015625	-24.702087529050914	1162.058349609375	79.99447569601901	-669.7804565429688	65.72468557330465	-703.6148681640625	20.980573891250724	-279.9720458984375	-217.71376055960422	122.03779602050781	39.77694138678808	7.964970588684082	62.64630894586163	-49.21638107299805	-2.3919970662280154	0.0	0.0	0.0	0.0
2.8730478286743164	1781093601.0	1781093601.6229215	1	10.0	10.0	8.0	8.0	NeuronSpectrum 10.06.2026 14:49:30	EEG	checkup_149_10.06.2026 14:49:30	500.0	499.6666666666667	True	0.5	40.0	4	True	50.0	30.0	720.7440185546875	-5.146619426162031	1169.5936279296875	108.70947254723563	-675.65625	46.63174397188856	-707.9212036132812	3.36538021508293	-278.9444580078125	-217.67752616969972	122.86869049072266	43.09080826240581	4.82191276550293	62.57742405544599	-48.73752975463867	-2.9191783106562847	0.0	0.0	0.0	0.0
2.8730499744415283	1781093601.0	1781093601.6229236	1	10.0	10.0	8.0	8.0	NeuronSpectrum 10.06.2026 14:49:30	EEG	checkup_149_10.06.2026 14:49:30	500.0	499.6666666666667	True	0.5	40.0	4	True	50.0	30.0	730.0154418945312	16.86955886083208	1183.4617919921875	141.42730604677237	-685.7583618164062	25.030023611159695	-716.21484375	-16.661694160398902	-279.2002868652344	-218.10435488460877	124.1475830078125	46.703972686396405	1.5463216304779053	62.615059782590706	-48.59326171875	-3.6912315247377023	0.0	0.0	0.0	0.0
2.873051881790161	1781093601.0	1781093601.6229255	1	10.0	10.0	8.0	8.0	NeuronSpectrum 10.06.2026 14:49:30	EEG	checkup_149_10.06.2026 14:49:30	500.0	499.6666666666667	True	0.5	40.0	4	True	50.0	30.0	736.2120971679688	38.16074233837969	1192.9285888671875	173.37411093762094	-692.389892578125	4.063823484569859	-721.4418334960938	-36.11932893162027	-279.5028381347656	-218.50513318961387	125.23068237304688	50.16651478370969	0.3387710750102997	62.88614145953904	-48.42673873901367	-4.606908667566457	0.0	0.0	0.0	0.0
2.873054027557373	1781093601.0	1781093601.6229277	1	10.0	10.0	8.0	8.0	NeuronSpectrum 10.06.2026 14:49:30	EEG	checkup_149_10.06.2026 14:49:30	500.0	499.6666666666667	True	0.5	40.0	4	True	50.0	30.0	729.9223022460938	56.137246707332146	1183.86962890625	200.6065443415947	-685.8544311523438	-13.731848573955459	-714.473876953125	-52.6476779776734	-278.08465576171875	-218.57024535666952	125.08248901367188	53.05957413646894	2.913860559463501	63.39793302867965	-47.712772369384766	-5.569011709482478	0.0	0.0	0.0	0.0
2.8730556964874268	1781093601.0	1781093601.6229293	1	10.0	10.0	8.0	8.0	NeuronSpectrum 10.06.2026 14:49:30	EEG	checkup_149_10.06.2026 14:49:30	500.0	499.6666666666667	True	0.5	40.0	4	True	50.0	30.0	708.7911376953125	69.04220194667592	1152.84765625	220.3616666325957	-663.7161865234375	-26.664199730152728	-693.2135009765625	-64.70342984298465	-274.3699645996094	-218.1710552774634	123.39948272705078	55.03275541696829	8.822517395019531	64.01310085767949	-46.35752487182617	-6.488038263156297	0.0	0.0	0.0	0.0
2.8730576038360596	1781093601.0	1781093601.6229312	1	10.0	10.0	8.0	8.0	NeuronSpectrum 10.06.2026 14:49:30	EEG	checkup_149_10.06.2026 14:49:30	500.0	499.6666666666667	True	0.5	40.0	4	True	50.0	30.0	684.9872436523438	75.91094315305575	1118.4224853515625	230.99824767682082	-638.2223510742188	-33.83482184257957	-669.8845825195312	-71.47736227306679	-270.3905334472656	-217.28693761899905	121.53465270996094	55.817838758343775	14.669632911682129	64.47404622566305	-45.17779541015625	-7.2763633055018655	0.0	0.0	0.0	0.0
2.8730592727661133	1781093601.0	1781093601.622933	1	10.0	10.0	8.0	8.0	NeuronSpectrum 10.06.2026 14:49:30	EEG	checkup_149_10.06.2026 14:49:30	500.0	499.6666666666667	True	0.5	40.0	4	True	50.0	30.0	681.4723510742188	76.43966673608304	1115.357177734375	231.81844458573013	-632.6320190429688	-34.995016779407884	-667.2738647460938	-72.72739228207983	-270.1679382324219	-215.91213387552992	122.02277374267578	55.24136220950718	15.572894096374512	64.4664456385436	-45.640472412109375	-7.845929952151045	0.0	0.0	0.0	0.0
2.873061180114746	1781093601.0	1781093601.6229348	1	10.0	10.0	8.0	8.0	NeuronSpectrum 10.06.2026 14:49:30	EEG	checkup_149_10.06.2026 14:49:30	500.0	499.6666666666667	True	0.5	40.0	4	True	50.0	30.0	714.5782470703125	70.94483778650816	1167.974365234375	223.04694354433332	-663.941650390625	-30.48590404543325	-701.4994506835938	-68.71528553287912	-276.5919494628906	-213.99921576980054	126.4136962890625	53.25432505785269	8.704574584960938	63.694891443142424	-48.7060661315918	-8.120113883946544	0.0	0.0	0.0	0.0
2.8730628490448	1781093601.0	1781093601.6229365	1	10.0	10.0	8.0	8.0	NeuronSpectrum 10.06.2026 14:49:30	EEG	checkup_149_10.06.2026 14:49:30	500.0	499.6666666666667	True	0.5	40.0	4	True	50.0	30.0	772.9627685546875	60.47886264995206	1258.137939453125	206.0617695813499	-721.8543701171875	-21.33357621085947	-761.26123046875	-60.318500683148905	-287.6121520996094	-211.47002889761495	132.73745727539062	49.97927296110962	-3.3485512733459473	61.942649550752776	-53.4547004699707	-8.061077084118992	0.0	0.0	0.0	0.0
2.8730647563934326	1781093601.0	1781093601.6229384	1	10.0	10.0	8.0	8.0	NeuronSpectrum 10.06.2026 14:49:30	EEG	checkup_149_10.06.2026 14:49:30	500.0	499.6666666666667	True	0.5	40.0	4	True	50.0	30.0	810.668212890625	46.99643583296598	1314.9561767578125	183.70404142721412	-761.4708251953125	-9.402431251040412	-801.0458984375	-49.21524885014652	-294.9525451660156	-208.28210172736928	134.85818481445312	45.75192722310048	-12.486105918884277	59.102856357803994	-56.67145919799805	-7.701606383710961	0.0	0.0	0.0	0.0
2.8730664253234863	1781093601.0	1781093601.62294	1	10.0	10.0	8.0	8.0	NeuronSpectrum 10.06.2026 14:49:30	EEG	checkup_149_10.06.2026 14:49:30	500.0	499.6666666666667	True	0.5	40.0	4	True	50.0	30.0	765.6749267578125	33.34322545212718	1243.500244140625	160.3036078936535	-721.1304321289062	2.61244775507946	-759.4920043945312	-37.9140240214905	-287.4209899902344	-204.5013776208021	125.07573699951172	41.120541680506264	-9.560261726379395	55.18810421290414	-54.132301330566406	-7.162216458658226	0.0	0.0	0.0	0.0
2.87306809425354	1781093601.0	1781093601.6229417	1	10.0	10.0	8.0	8.0	NeuronSpectrum 10.06.2026 14:49:30	EEG	checkup_149_10.06.2026 14:49:30	500.0	499.6666666666667	True	0.5	40.0	4	True	50.0	30.0	596.9652709960938	22.86830685863668	981.6473999023438	141.1046306451401	-558.8560791015625	11.547919513993987	-595.9910888671875	-29.422988825588536	-257.5684509277344	-200.32477441374522	98.9237060546875	36.774609247384014	8.837108612060547	50.333129300882035	-43.101139068603516	-6.637066521237428	0.0	0.0	0.0	0.0
2.8730697631835938	1781093601.0	1781093601.6229434	1	10.0	10.0	8.0	8.0	NeuronSpectrum 10.06.2026 14:49:30	EEG	checkup_149_10.06.2026 14:49:30	500.0	499.6666666666667	True	0.5	40.0	4	True	50.0	30.0	316.3520202636719	18.66725871571175	548.57470703125	131.0953151184038	-284.2440490722656	14.487627183882244	-322.08624267578125	-26.554222207821056	-207.42457580566406	-196.02717647282907	59.01496887207031	33.40708676480736	36.10699462890625	44.79428093440946	-24.439844131469727	-6.347281166494372	0.0	0.0	0.0	0.0
2.8730714321136475	1781093601.0	1781093601.622945	1	10.0	10.0	8.0	8.0	NeuronSpectrum 10.06.2026 14:49:30	EEG	checkup_149_10.06.2026 14:49:30	500.0	499.6666666666667	True	0.5	40.0	4	True	50.0	30.0	711.9613037109375	22.724903270056096	1151.438720703125	133.65495656504993	-671.4158325195312	9.57251788173352	-712.2349853515625	-31.116457465658602	-276.8822937011719	-191.85768775125592	108.35643768310547	31.553505934740574	-27.062152862548828	38.931556618731236	-50.492862701416016	-6.479280111934001	0.0	0.0	0.0	0.0
2.873073101043701	1781093601.0	1781093601.6229467	1	10.0	10.0	8.0	8.0	NeuronSpectrum 10.06.2026 14:49:30	EEG	checkup_149_10.06.2026 14:49:30	500.0	499.6666666666667	True	0.5	40.0	4	True	50.0	30.0	712.0913696289062	35.337786298874235	1149.395263671875	149.6090234657805	-671.5496215820312	-3.457727777737974	-712.4362182617188	-43.363098958041064	-273.8062744140625	-187.94101228771837	107.18618774414062	31.468488377313264	-30.7596492767334	33.15700277823689	-50.08070373535156	-7.134572364981726	0.0	0.0	0.0	0.0
2.873075008392334	1781093601.0	1781093601.6229486	1	10.0	10.0	8.0	8.0	NeuronSpectrum 10.06.2026 14:49:30	EEG	checkup_149_10.06.2026 14:49:30	500.0	499.6666666666667	True	0.5	40.0	4	True	50.0	30.0	717.7239990234375	55.051327251174826	1157.0045166015625	177.06561645439407	-675.9743041992188	-23.216101874982293	-717.14599609375	-61.92513971007734	-269.84051513671875	-184.22892845872408	108.04937744140625	33.080857408799496	-32.38972854614258	27.855168426560954	-50.086341857910156	-8.308943798516351	0.0	0.0	0.0	0.0
2.8730764389038086	1781093601.0	1781093601.62295	1	10.0	10.0	8.0	8.0	NeuronSpectrum 10.06.2026 14:49:30	EEG	checkup_149_10.06.2026 14:49:30	500.0	499.6666666666667	True	0.5	40.0	4	True	50.0	30.0	727.6883544921875	79.07090146669388	1172.4307861328125	211.9856163389019	-683.9806518554688	-47.068316805732685	-725.4551391601562	-84.19303478898775	-265.0060729980469	-180.5111351763181	110.5025863647461	36.02949762608722	-32.72293472290039	23.30652750279607	-50.58243942260742	-9.901329565612215	0.0	0.0	0.0	0.0
2.8730781078338623	1781093601.0	1781093601.6229517	1	10.0	10.0	8.0	8.0	NeuronSpectrum 10.06.2026 14:49:30	EEG	checkup_149_10.06.2026 14:49:30	500.0	499.6666666666667	True	0.5	40.0	4	True	50.0	30.0	734.71484375	103.92177388908492	1184.147705078125	249.15375638577734	-689.0477294921875	-71.75969619316162	-730.5416259765625	-106.93405479086223	-258.8150939941406	-176.4689444939887	113.11167907714844	39.753326690029375	-32.78118133544922	19.647069695994645	-51.182334899902344	-11.74061909822383	0.0	0.0	0.0	0.0
2.873079538345337	1781093601.0	1781093601.6229532	1	10.0	10.0	8.0	8.0	NeuronSpectrum 10.06.2026 14:49:30	EEG	checkup_149_10.06.2026 14:49:30	500.0	499.6666666666667	True	0.5	40.0	4	True	50.0	30.0	729.3038330078125	126.1250730521373	1177.072998046875	283.2003897813559	-682.4998168945312	-94.04377777253158	-723.3831787109375	-126.92494602731675	-250.679443359375	-171.75181548750695	114.11907196044922	43.602657264021595	-33.24509048461914	16.875348941135915	-51.2816162109375	-13.617850771432774	0.0	0.0	0.0	0.0
2.8730814456939697	1781093601.0	1781093601.622955	1	10.0	10.0	8.0	8.0	NeuronSpectrum 10.06.2026 14:49:30	EEG	checkup_149_10.06.2026 14:49:30	500.0	499.6666666666667	True	0.5	40.0	4	True	50.0	30.0	708.9840698242188	142.75076509052286	1147.0877685546875	309.4607915484847	-662.5114135742188	-111.18431983494973	-701.7808227539062	-141.4699853663416	-240.94078063964844	-166.06279493208717	112.8145523071289	46.94736772660781	-34.02400207519531	14.892902331244429	-50.681419372558594	-15.31676719243906	0.0	0.0	0.0	0.0
2.8730828762054443	1781093601.0	1781093601.6229565	1	10.0	10.0	8.0	8.0	NeuronSpectrum 10.06.2026 14:49:30	EEG	checkup_149_10.06.2026 14:49:30	500.0	499.6666666666667	True	0.5	40.0	4	True	50.0	30.0	685.7659301757812	151.80864067097764	1112.703369140625	324.6067036995199	-641.3131713867188	-121.3041659739427	-677.6608276367188	-148.76916107902971	-231.65049743652344	-159.24176003376724	110.60951232910156	49.268270509873375	-34.391414642333984	13.552377660459598	-50.099464416503906	-16.64129447334464	0.0	0.0	0.0	0.0
2.873084545135498	1781093601.0	1781093601.6229582	1	10.0	10.0	8.0	8.0	NeuronSpectrum 10.06.2026 14:49:30	EEG	checkup_149_10.06.2026 14:49:30	500.0	499.6666666666667	True	0.5	40.0	4	True	50.0	30.0	682.43310546875	152.50084290678916	1109.2984619140625	327.0777176058494	-641.3203125	-123.61582052770368	-673.4678955078125	-148.15881544678598	-225.9693603515625	-151.3336147414891	110.54891204833984	50.22654499301777	-33.759525299072266	12.691926407754522	-50.92881393432617	-17.4414027120411	0.0	0.0	0.0	0.0
2.8730862140655518	1781093601.0	1781093601.6229599	1	10.0	10.0	8.0	8.0	NeuronSpectrum 10.06.2026 14:49:30	EEG	checkup_149_10.06.2026 14:49:30	500.0	499.6666666666667	True	0.5	40.0	4	True	50.0	30.0	715.2023315429688	145.3694077214372	1162.08642578125	317.3550223051887	-677.826171875	-118.57358234699979	-705.1893310546875	-140.2544223884304	-225.9251251220703	-142.6258278225791	114.93666076660156	49.709748051158705	-32.59027099609375	12.14710542969695	-54.079246520996094	-17.638156022064322	0.0	0.0	0.0	0.0
2.8730878829956055	1781093601.0	1781093601.6229615	1	10.0	10.0	8.0	8.0	NeuronSpectrum 10.06.2026 14:49:30	EEG	checkup_149_10.06.2026 14:49:30	500.0	499.6666666666667	True	0.5	40.0	4	True	50.0	30.0	772.7858276367188	132.32886920030376	1253.454833984375	298.0549137042214	-738.3860473632812	-107.9357957602099	-761.81103515625	-126.9822394860004	-229.8230438232422	-133.6387202441609	122.43807220458984	47.85064481799214	-32.56795120239258	11.744372088511842	-58.5908317565918	-17.244710856948476	0.0	0.0	0.0	0.0
2.873089551925659	1781093601.0	1781093601.6229632	1	10.0	10.0	8.0	8.0	NeuronSpectrum 10.06.2026 14:49:30	EEG	checkup_149_10.06.2026 14:49:30	500.0	499.6666666666667	True	0.5	40.0	4	True	50.0	30.0	809.5007934570312	116.50604920344854	1312.1746826171875	273.71745244307164	-776.482666015625	-94.6497530008331	-798.498779296875	-111.42141804834013	-231.52085876464844	-125.05530067189481	127.05264282226562	45.00950379875132	-35.455135345458984	11.288204492394133	-61.21925354003906	-16.374737485763102	0.0	0.0	0.0	0.0
2.873090982437134	1781093601.0	1781093601.6229646	1	10.0	10.0	8.0	8.0	NeuronSpectrum 10.06.2026 14:49:30	EEG	checkup_149_10.06.2026 14:49:30	500.0	499.6666666666667	True	0.5	40.0	4	True	50.0	30.0	763.7504272460938	101.78091987023065	1242.140380859375	250.12482072728574	-730.5479125976562	-82.43850074068713	-754.6508178710938	-97.35272890015175	-222.93685913085938	-117.58884011677742	120.51612091064453	41.70903382534723	-41.03171157836914	10.55587252979772	-57.746543884277344	-15.227746188735097	0.0	0.0	0.0	0.0
2.8730926513671875	1781093601.0	1781093601.6229663	1	10.0	10.0	8.0	8.0	NeuronSpectrum 10.06.2026 14:49:30	EEG	checkup_149_10.06.2026 14:49:30	500.0	499.6666666666667	True	0.5	40.0	4	True	50.0	30.0	594.9015502929688	92.0011721321781	979.8216552734375	233.10755656524057	-561.0126342773438	-75.04772360484691	-590.0517578125	-88.48909723691509	-198.829345703125	-111.80822714915251	97.24137115478516	38.52219512808279	-45.54723358154297	9.311013553985529	-45.5142936706543	-14.046706006816422	0.0	0.0	0.0	0.0
2.873094081878662	1781093601.0	1781093601.6229677	1	10.0	10.0	8.0	8.0	NeuronSpectrum 10.06.2026 14:49:30	EEG	checkup_149_10.06.2026 14:49:30	500.0	499.6666666666667	True	0.5	40.0	4	True	50.0	30.0	314.915283203125	90.03212059377104	543.619873046875	227.08967644232405	-281.506103515625	-75.30522616092591	-315.9864196777344	-87.54897939712231	-160.80535888671875	-107.96874379024213	58.65006637573242	35.93724440785552	-42.295318603515625	7.340327746566641	-25.548261642456055	-13.057234654944915	0.0	0.0	0.0	0.0
2.9239706993103027	1781093601.0	1781093601.6738443	1	10.0	10.0	8.0	8.0	NeuronSpectrum 10.06.2026 14:49:30	EEG	checkup_149_10.06.2026 14:49:30	500.0	499.6666666666667	True	0.5	40.0	4	True	50.0	30.0	707.5145263671875	96.98884938855859	1151.8216552734375	233.90921776060554	-675.4348754882812	-84.3391031968686	-702.390869140625	-95.51427467201941	-209.13282775878906	-105.9127802894639	108.71822357177734	34.247096089024126	-39.09463882446289	4.507539761987708	-51.38768005371094	-12.411490330250869	0.0	0.0	0.0	0.0
2.923976421356201	1781093601.0	1781093601.67385	1	10.0	10.0	8.0	8.0	NeuronSpectrum 10.06.2026 14:49:30	EEG	checkup_149_10.06.2026 14:49:30	500.0	499.6666666666667	True	0.5	40.0	4	True	50.0	30.0	706.7025146484375	112.00048302899464	1146.8565673828125	252.45280257653476	-676.3043823242188	-101.31174090608336	-702.4715576171875	-111.41523809865846	-206.60536193847656	-105.09059766366889	106.28599548339844	33.50858223421876	-41.277095794677734	0.8080607481209815	-50.0849609375	-12.161292844594808	0.0	0.0	0.0	0.0
2.923978567123413	1781093601.0	1781093601.6738522	1	10.0	10.0	8.0	8.0	NeuronSpectrum 10.06.2026 14:49:30	EEG	checkup_149_10.06.2026 14:49:30	500.0	499.6666666666667	True	0.5	40.0	4	True	50.0	30.0	711.3941650390625	132.61326191986288	1149.20654296875	279.26389000118644	-683.3353881835938	-123.78883072463807	-708.0537109375	-132.74396534117182	-205.2804412841797	-104.70294959628544	104.2356948852539	33.58379276562096	-45.63115310668945	-3.5975724844613812	-49.134708404541016	-12.269458270788784	0.0	0.0	0.0	0.0
2.923980236053467	1781093601.0	1781093601.6738539	1	10.0	10.0	8.0	8.0	NeuronSpectrum 10.06.2026 14:49:30	EEG	checkup_149_10.06.2026 14:49:30	500.0	499.6666666666667	True	0.5	40.0	4	True	50.0	30.0	720.4603881835938	155.6131893198544	1157.7633056640625	309.77992065397586	-695.0363159179688	-148.5377040278278	-718.0914306640625	-156.27688452669054	-205.14451599121094	-103.91256699984946	102.71522521972656	34.232573050083865	-51.521942138671875	-8.388350670333013	-48.56492233276367	-12.646944855558145	0.0	0.0	0.0	0.0
2.9239821434020996	1781093601.0	1781093601.6738558	1	10.0	10.0	8.0	8.0	NeuronSpectrum 10.06.2026 14:49:30	EEG	checkup_149_10.06.2026 14:49:30	500.0	499.6666666666667	True	0.5	40.0	4	True	50.0	30.0	726.7186889648438	177.88198674915844	1162.2821044921875	339.59928740457013	-703.74169921875	-172.37886619226046	-725.3960571289062	-178.9231370200067	-205.24295043945312	-102.04566650405442	101.17535400390625	35.20459254301545	-57.01715850830078	-13.128274082185525	-47.99054718017578	-13.192552765386948	0.0	0.0	0.0	0.0
2.9239840507507324	1781093601.0	1781093601.6738577	1	10.0	10.0	8.0	8.0	NeuronSpectrum 10.06.2026 14:49:30	EEG	checkup_149_10.06.2026 14:49:30	500.0	499.6666666666667	True	0.5	40.0	4	True	50.0	30.0	720.7767333984375	196.97185619097397	1149.1343994140625	365.29780907758635	-699.5506591796875	-192.77935012629848	-720.4772338867188	-198.28829922173773	-204.06224060058594	-98.71896972724264	98.78483581542969	36.29136000735753	-59.950557708740234	-17.34014948111515	-46.86583709716797	-13.81686427767563	0.0	0.0	0.0	0.0
2.923985719680786	1781093601.0	1781093601.6738594	1	10.0	10.0	8.0	8.0	NeuronSpectrum 10.06.2026 14:49:30	EEG	checkup_149_10.06.2026 14:49:30	500.0	499.6666666666667	True	0.5	40.0	4	True	50.0	30.0	700.2360229492188	211.2910167079467	1115.294189453125	384.64174504744517	-679.6199340820312	-208.07433683224744	-700.8519287109375	-212.8487901354557	-200.5539093017578	-93.86636302782019	95.51074981689453	37.328435370346924	-59.791778564453125	-20.587506581757292	-45.093257904052734	-14.445621511702193	0.0	0.0	0.0	0.0
2.92398738861084	1781093601.0	1781093601.673861	1	10.0	10.0	8.0	8.0	NeuronSpectrum 10.06.2026 14:49:30	EEG	checkup_149_10.06.2026 14:49:30	500.0	499.6666666666667	True	0.5	40.0	4	True	50.0	30.0	677.1000366210938	219.9954737843664	1079.5419921875	396.36359150538254	-655.715576171875	-217.3996441469119	-678.5863647460938	-221.8350890717219	-195.1009063720703	-87.68007091952535	92.95924377441406	38.16649955940318	-58.79633712768555	-22.547439228068146	-43.50761795043945	-15.010475500658567	0.0	0.0	0.0	0.0
2.9239892959594727	1781093601.0	1781093601.673863	1	10.0	10.0	8.0	8.0	NeuronSpectrum 10.06.2026 14:49:30	EEG	checkup_149_10.06.2026 14:49:30	500.0	499.6666666666667	True	0.5	40.0	4	True	50.0	30.0	674.0775756835938	222.79910009808137	1076.5887451171875	399.84585851982143	-650.7219848632812	-220.53118445797952	-676.6192016601562	-225.03761743772415	-189.48448181152344	-80.50861426800941	93.82098388671875	38.644931766049694	-60.835968017578125	-23.066481326834058	-43.6133918762207	-15.441532478204422	0.0	0.0	0.0	0.0
2.9239907264709473	1781093601.0	1781093601.6738644	1	10.0	10.0	8.0	8.0	NeuronSpectrum 10.06.2026 14:49:30	EEG	checkup_149_10.06.2026 14:49:30	500.0	499.6666666666667	True	0.5	40.0	4	True	50.0	30.0	707.315673828125	219.90683789042285	1130.4200439453125	395.0394007365997	-681.5181274414062	-217.82295339691515	-711.3211059570312	-222.74023815525464	-185.50901794433594	-72.75994497440726	99.66719055175781	38.59806982697046	-67.9291763305664	-22.198509729488975	-46.41746139526367	-15.674210184198555	0.0	0.0	0.0	0.0
2.92399263381958	1781093601.0	1781093601.6738663	1	10.0	10.0	8.0	8.0	NeuronSpectrum 10.06.2026 14:49:30	EEG	checkup_149_10.06.2026 14:49:30	500.0	499.6666666666667	True	0.5	40.0	4	True	50.0	30.0	765.5480346679688	212.14894756979024	1222.3663330078125	382.7354060543269	-737.9960327148438	-210.31623315030808	-771.372314453125	-215.8569940267337	-183.09002685546875	-64.84248948719512	108.42281341552734	37.90364029608559	-76.84111022949219	-20.221585538623607	-51.03753662109375	-15.67324345332583	0.0	0.0	0.0	0.0
2.9239940643310547	1781093601.0	1781093601.6738677	1	10.0	10.0	8.0	8.0	NeuronSpectrum 10.06.2026 14:49:30	EEG	checkup_149_10.06.2026 14:49:30	500.0	499.6666666666667	True	0.5	40.0	4	True	50.0	30.0	803.2218017578125	201.2072350190506	1280.9815673828125	365.00949078131777	-775.6805419921875	-199.91615694550848	-810.7471313476562	-206.1583075414205	-179.3687744140625	-57.14762287688836	113.74398803710938	36.55403242674804	-79.07498168945312	-17.621519989060662	-54.269710540771484	-15.463525077171068	0.0	0.0	0.0	0.0
2.9239959716796875	1781093601.0	1781093601.6738696	1	10.0	10.0	8.0	8.0	NeuronSpectrum 10.06.2026 14:49:30	EEG	checkup_149_10.06.2026 14:49:30	500.0	499.6666666666667	True	0.5	40.0	4	True	50.0	30.0	758.8851928710938	189.6862270312688	1210.9456787109375	345.4350183055383	-733.4185791015625	-189.40269224363487	-767.2774658203125	-196.33415231269157	-169.95297241210938	-50.04970332875303	107.62954711914062	34.70981179478656	-65.6724624633789	-15.025022448658765	-51.86538314819336	-15.148293104987165	0.0	0.0	0.0	0.0
2.923997402191162	1781093601.0	1781093601.673871	1	10.0	10.0	8.0	8.0	NeuronSpectrum 10.06.2026 14:49:30	EEG	checkup_149_10.06.2026 14:49:30	500.0	499.6666666666667	True	0.5	40.0	4	True	50.0	30.0	591.9095458984375	180.80282165198776	950.0137939453125	328.6924497550037	-569.6658325195312	-182.06754521780658	-599.8215942382812	-189.66469229598786	-151.8216094970703	-43.89020715879515	85.22038269042969	32.69634560949207	-34.376220703125	-13.077438340997796	-41.03403091430664	-14.897265425333124	0.0	0.0	0.0	0.0
2.923999309539795	1781093601.0	1781093601.673873	1	10.0	10.0	8.0	8.0	NeuronSpectrum 10.06.2026 14:49:30	EEG	checkup_149_10.06.2026 14:49:30	500.0	499.6666666666667	True	0.5	40.0	4	True	50.0	30.0	314.0176086425781	177.67368371090225	517.4813232421875	319.52368121874207	-294.2716064453125	-180.97201102204872	-320.2145080566406	-189.28028813615725	-125.94808959960938	-38.92749128357667	48.67643737792969	30.932317787912673	6.093206882476807	-12.290410394123766	-22.572145462036133	-14.90222647651645	0.0	0.0	0.0	0.0
2.9749438762664795	1781093601.0	1781093601.7248175	1	10.0	10.0	8.0	8.0	NeuronSpectrum 10.06.2026 14:49:30	EEG	checkup_149_10.06.2026 14:49:30	500.0	499.6666666666667	True	0.5	40.0	4	True	50.0	30.0	705.4346313476562	182.45197132222225	1117.123779296875	321.40980520504246	-684.0531616210938	-188.0863261330202	-720.877197265625	-197.27153249858475	-162.39959716796875	-35.263510689031015	97.4498291015625	29.817433521847335	-61.82743453979492	-12.913993905594253	-48.956512451171875	-15.316999216908147	0.0	0.0	0.0	0.0
2.974950075149536	1781093601.0	1781093601.7248237	1	10.0	10.0	8.0	8.0	NeuronSpectrum 10.06.2026 14:49:30	EEG	checkup_149_10.06.2026 14:49:30	500.0	499.6666666666667	True	0.5	40.0	4	True	50.0	30.0	705.1065063476562	195.69373999055955	1110.8343505859375	335.5600919821935	-686.135986328125	-203.69135176133986	-724.701171875	-214.04186464625488	-163.92723083496094	-32.78158689808109	95.4456787109375	29.627818564691854	-62.27455139160156	-14.887236174980917	-48.75651168823242	-16.208302471884412	0.0	0.0	0.0	0.0
2.9749529361724854	1781093601.0	1781093601.7248266	1	10.0	10.0	8.0	8.0	NeuronSpectrum 10.06.2026 14:49:30	EEG	checkup_149_10.06.2026 14:49:30	500.0	499.6666666666667	True	0.5	40.0	4	True	50.0	30.0	710.0532836914062	216.20828896780102	1112.8023681640625	360.61460561314533	-693.165283203125	-226.28928990026455	-734.4003295898438	-238.16641931165177	-165.51730346679688	-31.129438189656206	94.33842468261719	30.456271804851387	-62.77806091308594	-17.88334189873723	-48.81193542480469	-17.53610906319225	0.0	0.0	0.0	0.0
2.9749553203582764	1781093601.0	1781093601.724829	1	10.0	10.0	8.0	8.0	NeuronSpectrum 10.06.2026 14:49:30	EEG	checkup_149_10.06.2026 14:49:30	500.0	499.6666666666667	True	0.5	40.0	4	True	50.0	30.0	719.2507934570312	241.38360288746853	1121.8248291015625	393.06267008976846	-703.6429443359375	-253.00036823760914	-748.4241333007812	-266.7502718100986	-166.1856231689453	-29.763790975457088	94.2838363647461	32.204791622395774	-63.484527587890625	-21.418590372043447	-49.15194320678711	-19.164735711525275	0.0	0.0	0.0	0.0
2.9749577045440674	1781093601.0	1781093601.7248313	1	10.0	10.0	8.0	8.0	NeuronSpectrum 10.06.2026 14:49:30	EEG	checkup_149_10.06.2026 14:49:30	500.0	499.6666666666667	True	0.5	40.0	4	True	50.0	30.0	725.6674194335938	267.79365672480606	1127.29833984375	428.0963861484413	-710.2127685546875	-280.233965367833	-758.875244140625	-296.086798084749	-164.83831787109375	-28.0526547776211	94.55265808105469	34.615311455648936	-64.52804565429688	-24.97419942346138	-49.41120910644531	-20.893587310714953	0.0	0.0	0.0	0.0
2.9749596118927	1781093601.0	1781093601.7248333	1	10.0	10.0	8.0	8.0	NeuronSpectrum 10.06.2026 14:49:30	EEG	checkup_149_10.06.2026 14:49:30	500.0	499.6666666666667	True	0.5	40.0	4	True	50.0	30.0	720.0370483398438	291.87362135970426	1115.0943603515625	460.58366324710744	-703.5726318359375	-304.4025088919396	-755.5795288085938	-322.3903946933167	-160.6702880859375	-25.416652365347055	93.99615478515625	37.321444315460894	-65.70592498779297	-28.093545630626995	-49.05144119262695	-22.4949734820781	0.0	0.0	0.0	0.0
2.974961757659912	1781093601.0	1781093601.7248354	1	10.0	10.0	8.0	8.0	NeuronSpectrum 10.06.2026 14:49:30	EEG	checkup_149_10.06.2026 14:49:30	500.0	499.6666666666667	True	0.5	40.0	4	True	50.0	30.0	699.9705200195312	310.522329771567	1081.633056640625	485.952626673566	-681.6550903320312	-322.5263422900376	-735.7632446289062	-342.448836239562	-153.9010009765625	-21.479975857959268	92.22401428222656	39.91029524084267	-66.33307647705078	-30.442254300146473	-47.9260139465332	-23.750995329899634	0.0	0.0	0.0	0.0
2.974963426589966	1781093601.0	1781093601.724837	1	10.0	10.0	8.0	8.0	NeuronSpectrum 10.06.2026 14:49:30	EEG	checkup_149_10.06.2026 14:49:30	500.0	499.6666666666667	True	0.5	40.0	4	True	50.0	30.0	677.3096923828125	321.5718042393031	1045.2059326171875	500.89686465085873	-656.887451171875	-332.6691762433165	-711.8836059570312	-354.12250189671033	-146.30023193359375	-16.1942073189498	90.57937622070312	41.98882057999267	-65.56199645996094	-31.83591795613219	-46.73774719238281	-24.486285627560207	0.0	0.0	0.0	0.0
2.9749653339385986	1781093601.0	1781093601.724839	1	10.0	10.0	8.0	8.0	NeuronSpectrum 10.06.2026 14:49:30	EEG	checkup_149_10.06.2026 14:49:30	500.0	499.6666666666667	True	0.5	40.0	4	True	50.0	30.0	674.478515625	324.11499470945444	1040.3387451171875	503.88520989914036	-652.2735595703125	-334.2064980979889	-707.8799438476562	-356.67404169344786	-140.75430297851562	-9.898490692954734	91.71663665771484	43.25064597697642	-63.12425231933594	-32.24518050359404	-46.80718994140625	-24.595983423257263	0.0	0.0	0.0	0.0
2.9749670028686523	1781093601.0	1781093601.7248406	1	10.0	10.0	8.0	8.0	NeuronSpectrum 10.06.2026 14:49:30	EEG	checkup_149_10.06.2026 14:49:30	500.0	499.6666666666667	True	0.5	40.0	4	True	50.0	30.0	707.3753051757812	318.6945008193121	1091.444091796875	495.4755335104836	-683.9727783203125	-327.9483381292743	-741.1982421875	-350.93047620605455	-139.6519012451172	-3.290402092502189	97.45182800292969	43.53681894463677	-59.969791412353516	-31.785439868599806	-49.00334167480469	-24.068168956397262	0.0	0.0	0.0	0.0
2.974968910217285	1781093601.0	1781093601.7248425	1	10.0	10.0	8.0	8.0	NeuronSpectrum 10.06.2026 14:49:30	EEG	checkup_149_10.06.2026 14:49:30	500.0	499.6666666666667	True	0.5	40.0	4	True	50.0	30.0	764.7134399414062	307.3257451200034	1181.0257568359375	478.38738066818127	-740.5144653320312	-316.10915364527364	-800.9222412109375	-339.25650007364584	-142.8995361328125	2.698319959416344	106.13911437988281	42.87847583573371	-58.06682205200195	-30.694265694589163	-52.471092224121094	-22.99721557481315	0.0	0.0	0.0	0.0
2.974970579147339	1781093601.0	1781093601.7248442	1	10.0	10.0	8.0	8.0	NeuronSpectrum 10.06.2026 14:49:30	EEG	checkup_149_10.06.2026 14:49:30	500.0	499.6666666666667	True	0.5	40.0	4	True	50.0	30.0	801.2411499023438	293.2813245106146	1239.2357177734375	457.2179429194348	-776.2337646484375	-302.0649053353068	-840.31103515625	-325.27464716589225	-147.06500244140625	7.1032496835312395	111.80237579345703	41.50404405394536	-59.02672576904297	-29.297102027947	-54.25454330444336	-21.580895995758883	0.0	0.0	0.0	0.0
2.9749724864959717	1781093601.0	1781093601.7248461	1	10.0	10.0	8.0	8.0	NeuronSpectrum 10.06.2026 14:49:30	EEG	checkup_149_10.06.2026 14:49:30	500.0	499.6666666666667	True	0.5	40.0	4	True	50.0	30.0	756.0284423828125	280.55477126309916	1171.9927978515625	437.6735959974755	-730.0287475585938	-289.81910910406833	-795.6185913085938	-313.26104082341146	-146.7061004638672	9.165573149170463	106.4714126586914	39.794962010151515	-62.137943267822266	-27.961568750567565	-50.50434875488281	-20.093405485589976	0.0	0.0	0.0	0.0
2.9749741554260254	1781093601.0	1781093601.7248478	1	10.0	10.0	8.0	8.0	NeuronSpectrum 10.06.2026 14:49:30	EEG	checkup_149_10.06.2026 14:49:30	500.0	499.6666666666667	True	0.5	40.0	4	True	50.0	30.0	588.9291381835938	273.0105765616897	917.0823974609375	425.3242039034418	-562.1992797851562	-283.17859580373414	-624.1713256835938	-307.2355605626989	-137.4499969482422	8.549891926785918	84.8692398071289	38.1885226301594	-63.20768356323242	-27.04232641297032	-38.803531646728516	-18.832618778390245	0.0	0.0	0.0	0.0
2.974976062774658	1781093601.0	1781093601.7248497	1	10.0	10.0	8.0	8.0	NeuronSpectrum 10.06.2026 14:49:30	EEG	checkup_149_10.06.2026 14:49:30	500.0	499.6666666666667	True	0.5	40.0	4	True	50.0	30.0	311.8397216796875	273.4117876469364	492.3227233886719	424.16764343127693	-285.6229553222656	-284.8179104786088	-337.3337707519531	-309.9520261280762	-118.92337036132812	5.477553978686798	48.47394561767578	37.0531137965879	-55.56393051147461	-26.82209113597667	-20.113319396972656	-18.052753413976713	0.0	0.0	0.0	0.0
2.974977493286133	1781093601.0	1781093601.7248511	1	10.0	10.0	8.0	8.0	NeuronSpectrum 10.06.2026 14:49:30	EEG	checkup_149_10.06.2026 14:49:30	500.0	499.6666666666667	True	0.5	40.0	4	True	50.0	30.0	700.3751831054688	282.6845065255579	1085.2213134765625	435.54659149737876	-677.5286254882812	-295.5778194158322	-748.5643920898438	-322.1620610731742	-158.95071411132812	0.7229023699110497	96.6124496459961	36.58469547578407	-55.89650344848633	-27.45957844247576	-43.915870666503906	-17.905794929517537	0.0	0.0	0.0	0.0
2.9749794006347656	1781093601.0	1781093601.724853	1	10.0	10.0	8.0	8.0	NeuronSpectrum 10.06.2026 14:49:30	EEG	checkup_149_10.06.2026 14:49:30	500.0	499.6666666666667	True	0.5	40.0	4	True	50.0	30.0	699.8654174804688	299.7589799620995	1080.6099853515625	457.92792878875144	-677.9051513671875	-314.32661110498714	-751.5315551757812	-342.4988086121454	-164.6504364013672	-4.543969783693895	94.77983093261719	36.77158244060265	-57.65427780151367	-28.958839620751665	-43.098209381103516	-18.41531229448427	0.0	0.0	0.0	0.0
2.9749808311462402	1781093601.0	1781093601.7248545	1	10.0	10.0	8.0	8.0	NeuronSpectrum 10.06.2026 14:49:30	EEG	checkup_149_10.06.2026 14:49:30	500.0	499.6666666666667	True	0.5	40.0	4	True	50.0	30.0	704.9379272460938	322.0649698909438	1083.616455078125	487.65490225333946	-683.6244506835938	-338.456822211223	-759.488525390625	-368.04822959472745	-169.8508758544922	-9.029903788847125	93.51155853271484	37.44062781081745	-60.70808029174805	-31.171691392237104	-43.03501510620117	-19.490812063790084	0.0	0.0	0.0	0.0
2.974982738494873	1781093601.0	1781093601.7248564	1	10.0	10.0	8.0	8.0	NeuronSpectrum 10.06.2026 14:49:30	EEG	checkup_149_10.06.2026 14:49:30	500.0	499.6666666666667	True	0.5	40.0	4	True	50.0	30.0	714.39013671875	346.4248893602081	1093.116943359375	520.2748099423086	-693.6021118164062	-364.7632894754996	-771.0560302734375	-395.32554648005924	-173.99996948242188	-11.621517847972404	92.8692398071289	38.35400202746623	-64.0935287475586	-33.83403889442568	-43.695213317871094	-20.970051855758513	0.0	0.0	0.0	0.0
2.9749844074249268	1781093601.0	1781093601.724858	1	10.0	10.0	8.0	8.0	NeuronSpectrum 10.06.2026 14:49:30	EEG	checkup_149_10.06.2026 14:49:30	500.0	499.6666666666667	True	0.5	40.0	4	True	50.0	30.0	721.0156860351562	369.92595945722013	1098.829345703125	551.8038595498034	-700.8772583007812	-390.2929064461649	-778.7266845703125	-421.20830311477874	-176.15975952148438	-11.620599372844664	92.11246490478516	39.30386958702914	-66.02539825439453	-36.62296537393407	-44.56062316894531	-22.666064584395624	0.0	0.0	0.0	0.0
2.9749863147735596	1781093601.0	1781093601.72486	1	10.0	10.0	8.0	8.0	NeuronSpectrum 10.06.2026 14:49:30	EEG	checkup_149_10.06.2026 14:49:30	500.0	499.6666666666667	True	0.5	40.0	4	True	50.0	30.0	715.4303588867188	390.44126638520885	1087.019287109375	579.4350069522999	-696.2659301757812	-412.8481588705351	-772.866943359375	-443.4770772904681	-175.28839111328125	-8.8435887428694	90.17159271240234	40.163073828510115	-64.98304748535156	-39.213308670283574	-44.892723083496094	-24.40001498936541	0.0	0.0	0.0	0.0
2.974987745285034	1781093601.0	1781093601.7248614	1	10.0	10.0	8.0	8.0	NeuronSpectrum 10.06.2026 14:49:30	EEG	checkup_149_10.06.2026 14:49:30	500.0	499.6666666666667	True	0.5	40.0	4	True	50.0	30.0	695.1788940429688	406.70046050949094	1054.3154296875	601.5550966045423	-677.2710571289062	-431.0549805082921	-751.3060302734375	-460.8643574881851	-170.98512268066406	-3.5707245938841528	86.81526184082031	40.879765070749635	-61.38734817504883	-41.315898228244	-44.365997314453125	-26.013761555560016	0.0	0.0	0.0	0.0
2.974989652633667	1781093601.0	1781093601.7248633	1	10.0	10.0	8.0	8.0	NeuronSpectrum 10.06.2026 14:49:30	EEG	checkup_149_10.06.2026 14:49:30	500.0	499.6666666666667	True	0.5	40.0	4	True	50.0	30.0	672.0587158203125	418.0385425031652	1018.8324584960938	617.2893202807136	-655.34228515625	-444.1261014474743	-726.9998779296875	-472.75675057701244	-164.18167114257812	3.6148975519184727	83.59318542480469	41.43386009799001	-58.38063049316406	-42.69332065851956	-43.590579986572266	-27.368399015807597	0.0	0.0	0.0	0.0
2.9749913215637207	1781093601.0	1781093601.724865	1	10.0	10.0	8.0	8.0	NeuronSpectrum 10.06.2026 14:49:30	EEG	checkup_149_10.06.2026 14:49:30	500.0	499.6666666666667	True	0.5	40.0	4	True	50.0	30.0	668.4795532226562	424.08326189278677	1014.5730590820312	625.990697116182	-652.41015625	-451.574645669415	-724.005615234375	-478.83652588153484	-157.03292846679688	12.02266610626023	83.36368560791016	41.79083884816286	-60.25813293457031	-43.16470635778671	-43.90830612182617	-28.34183886641346	0.0	0.0	0.0	0.0
2.9749932289123535	1781093601.0	1781093601.7248669	1	10.0	10.0	8.0	8.0	NeuronSpectrum 10.06.2026 14:49:30	EEG	checkup_149_10.06.2026 14:49:30	500.0	499.6666666666667	True	0.5	40.0	4	True	50.0	30.0	700.4299926757812	424.6350717954783	1065.428955078125	627.0740565554778	-684.1942138671875	-453.1202834969222	-759.2278442382812	-478.9393243780071	-151.7023162841797	21.003993855968886	88.09888458251953	41.88751218546906	-68.776611328125	-42.617649483210734	-46.29526138305664	-28.837394126836053	0.0	0.0	0.0	0.0
2.9749948978424072	1781093601.0	1781093601.7248685	1	10.0	10.0	8.0	8.0	NeuronSpectrum 10.06.2026 14:49:30	EEG	checkup_149_10.06.2026 14:49:30	500.0	499.6666666666667	True	0.5	40.0	4	True	50.0	30.0	756.904052734375	419.85139079231806	1153.8714599609375	620.3643555211398	-739.8829956054688	-448.8876300919049	-820.5086059570312	-473.24941584921896	-148.6683349609375	30.003336983446115	96.25263977050781	41.66509736666213	-79.85435485839844	-41.03650508655312	-50.0177116394043	-28.806769232786866	0.0	0.0	0.0	0.0
2.97499680519104	1781093601.0	1781093601.7248704	1	10.0	10.0	8.0	8.0	NeuronSpectrum 10.06.2026 14:49:30	EEG	checkup_149_10.06.2026 14:49:30	500.0	499.6666666666667	True	0.5	40.0	4	True	50.0	30.0	793.1053466796875	410.63234399012094	1210.7978515625	606.7880716126156	-775.2461547851562	-439.78723777665886	-859.5640258789062	-462.72083973428926	-145.84402465820312	38.506397789053715	101.93132781982422	41.13549862541791	-83.95973205566406	-38.5360954620908	-52.181640625	-28.278720925532127	0.0	0.0	0.0	0.0
2.9749984741210938	1781093601.0	1781093601.724872	1	10.0	10.0	8.0	8.0	NeuronSpectrum 10.06.2026 14:49:30	EEG	checkup_149_10.06.2026 14:49:30	500.0	499.6666666666667	True	0.5	40.0	4	True	50.0	30.0	748.5557861328125	398.9344475579016	1143.457275390625	588.9654583894845	-730.2866821289062	-427.8071994446496	-811.5774536132812	-449.4275915881021	-139.48660278320312	45.93007419942126	97.28331756591797	40.4426531057854	-71.39912414550781	-35.37308229586489	-48.908409118652344	-27.37594767815642	0.0	0.0	0.0	0.0
2.9750001430511475	1781093601.0	1781093601.7248738	1	10.0	10.0	8.0	8.0	NeuronSpectrum 10.06.2026 14:49:30	EEG	checkup_149_10.06.2026 14:49:30	500.0	499.6666666666667	True	0.5	40.0	4	True	50.0	30.0	583.2813110351562	387.7296844024568	890.88134765625	571.2438033446647	-564.9193115234375	-415.94195418057063	-634.023193359375	-436.53543558447166	-126.61394500732422	51.52594787999826	77.18620300292969	39.87809963449191	-39.78413009643555	-31.9103768663281	-37.68793487548828	-26.304380864927158	0.0	0.0	0.0	0.0
2.975001811981201	1781093601.0	1781093601.7248755	1	10.0	10.0	8.0	8.0	NeuronSpectrum 10.06.2026 14:49:30	EEG	checkup_149_10.06.2026 14:49:30	500.0	499.6666666666667	True	0.5	40.0	4	True	50.0	30.0	308.879150390625	380.51442319756427	471.2655944824219	559.0011988712423	-289.9335021972656	-407.6754630837803	-339.82098388671875	-427.7886436765818	-107.36215209960938	54.36222670604757	43.20687484741211	39.83359556922199	1.734905481338501	-28.536624132516334	-19.38759994506836	-25.312480410269263	0.0	0.0	0.0	0.0
3.0259203910827637	1781093601.0	1781093601.775794	1	10.0	10.0	8.0	8.0	NeuronSpectrum 10.06.2026 14:49:30	EEG	checkup_149_10.06.2026 14:49:30	500.0	499.6666666666667	True	0.5	40.0	4	True	50.0	30.0	694.6784057617188	380.5428448896884	1060.2357177734375	557.4733088850708	-668.5245361328125	-406.20479302082214	-751.5194091796875	-426.6957189803543	-144.25381469726562	53.41382066366911	94.53430938720703	40.70933564799915	-59.47508239746094	-25.574869649149374	-44.26011657714844	-24.635569177854354	0.0	0.0	0.0	0.0
3.0259244441986084	1781093601.0	1781093601.775798	1	10.0	10.0	8.0	8.0	NeuronSpectrum 10.06.2026 14:49:30	EEG	checkup_149_10.06.2026 14:49:30	500.0	499.6666666666667	True	0.5	40.0	4	True	50.0	30.0	694.330078125	390.10553631681154	1058.30810546875	570.5924303018803	-665.599365234375	-413.7312161857854	-750.2125854492188	-435.7563344284707	-154.4283905029297	47.747923316587276	96.03962707519531	42.8171752219663	-52.835506439208984	-23.223152698177888	-43.663856506347656	-24.4481899104322	0.0	0.0	0.0	0.0
3.0259265899658203	1781093601.0	1781093601.7758002	1	10.0	10.0	8.0	8.0	NeuronSpectrum 10.06.2026 14:49:30	EEG	checkup_149_10.06.2026 14:49:30	500.0	499.6666666666667	True	0.5	40.0	4	True	50.0	30.0	699.3115234375	410.0823533352537	1065.1993408203125	600.202036598275	-667.4408569335938	-431.0477048336107	-754.9478759765625	-455.9755411283235	-168.73043823242188	36.763348206589754	98.23692321777344	46.30909114911244	-45.92058181762695	-21.545275087492623	-43.248050689697266	-24.839133084936744	0.0	0.0	0.0	0.0
3.025928497314453	1781093601.0	1781093601.7758021	1	10.0	10.0	8.0	8.0	NeuronSpectrum 10.06.2026 14:49:30	EEG	checkup_149_10.06.2026 14:49:30	500.0	499.6666666666667	True	0.5	40.0	4	True	50.0	30.0	708.5211181640625	439.78047641213504	1079.7095947265625	645.6870231035534	-672.7718505859375	-457.42631875878413	-764.5797729492188	-486.6791584163702	-186.42437744140625	20.43022955087164	100.97888946533203	51.13554901286188	-40.189727783203125	-20.4965732366405	-42.92402648925781	-25.80732949908743	0.0	0.0	0.0	0.0
3.0259299278259277	1781093601.0	1781093601.7758036	1	10.0	10.0	8.0	8.0	NeuronSpectrum 10.06.2026 14:49:30	EEG	checkup_149_10.06.2026 14:49:30	500.0	499.6666666666667	True	0.5	40.0	4	True	50.0	30.0	714.9318237304688	476.93108104787683	1091.1226806640625	703.854303195309	-674.7440795898438	-490.66521747474866	-771.4903564453125	-525.4977614343428	-205.2397003173828	-0.5245161765067033	103.2859878540039	57.02255197777513	-36.9456901550293	-19.95821131619816	-42.26637268066406	-27.266625834448867	0.0	0.0	0.0	0.0
3.0259318351745605	1781093601.0	1781093601.7758055	1	10.0	10.0	8.0	8.0	NeuronSpectrum 10.06.2026 14:49:30	EEG	checkup_149_10.06.2026 14:49:30	500.0	499.6666666666667	True	0.5	40.0	4	True	50.0	30.0	709.3436889648438	517.7396340907369	1085.0308837890625	768.9291983226518	-664.6785278320312	-527.1737334731181	-765.6703491210938	-568.4097024551143	-222.34188842773438	-24.53542681246346	103.84626770019531	63.459578407189966	-36.637088775634766	-19.76699786152452	-40.76686477661133	-29.04914375260274	0.0	0.0	0.0	0.0
3.0259335041046143	1781093601.0	1781093601.7758071	1	10.0	10.0	8.0	8.0	NeuronSpectrum 10.06.2026 14:49:30	EEG	checkup_149_10.06.2026 14:49:30	500.0	499.6666666666667	True	0.5	40.0	4	True	50.0	30.0	689.39794921875	556.990707166428	1057.53857421875	832.6871141543404	-640.7451171875	-562.0821938005389	-744.4571533203125	-609.8462964873205	-236.63388061523438	-49.2572404747624	102.29353332519531	69.70362467905593	-38.30819320678711	-19.744437276565847	-38.42485427856445	-30.905494990565188	0.0	0.0	0.0	0.0
3.025935411453247	1781093601.0	1781093601.775809	1	10.0	10.0	8.0	8.0	NeuronSpectrum 10.06.2026 14:49:30	EEG	checkup_149_10.06.2026 14:49:30	500.0	499.6666666666667	True	0.5	40.0	4	True	50.0	30.0	666.839111328125	588.3041430571739	1026.7950439453125	884.8758872309215	-614.7779541015625	-589.4662133622674	-720.381591796875	-642.9641283488012	-250.5684356689453	-71.78131877871903	100.27619934082031	74.81523373406978	-39.766845703125	-19.731983750927327	-36.208709716796875	-32.508856052396155	0.0	0.0	0.0	0.0
3.0259368419647217	1781093601.0	1781093601.7758105	1	10.0	10.0	8.0	8.0	NeuronSpectrum 10.06.2026 14:49:30	EEG	checkup_149_10.06.2026 14:49:30	500.0	499.6666666666667	True	0.5	40.0	4	True	50.0	30.0	663.892822265625	604.6782607074703	1027.4234619140625	914.1323578538231	-608.5017700195312	-602.8233386350608	-717.3106689453125	-660.2301167635407	-269.1183166503906	-89.00287199456749	100.98744201660156	77.74497399366578	-38.755279541015625	-19.63024332422954	-35.778297424316406	-33.4748240222737	0.0	0.0	0.0	0.0
3.0259387493133545	1781093601.0	1781093601.7758124	1	10.0	10.0	8.0	8.0	NeuronSpectrum 10.06.2026 14:49:30	EEG	checkup_149_10.06.2026 14:49:30	500.0	499.6666666666667	True	0.5	40.0	4	True	50.0	30.0	696.3412475585938	599.4144802337271	1083.955810546875	909.5232741773915	-637.0325317382812	-595.9075184114891	-752.2803344726562	-654.4198399051016	-295.332763671875	-98.10388079400396	106.75936889648438	77.48062724489525	-34.622867584228516	-19.42887449663134	-38.306846618652344	-33.407652123435476	0.0	0.0	0.0	0.0
3.025940179824829	1781093601.0	1781093601.7758138	1	10.0	10.0	8.0	8.0	NeuronSpectrum 10.06.2026 14:49:30	EEG	checkup_149_10.06.2026 14:49:30	500.0	499.6666666666667	True	0.5	40.0	4	True	50.0	30.0	753.08984375	567.3866124564044	1178.646728515625	862.631165975792	-689.2791137695312	-563.9026159967042	-813.5214233398438	-619.9882754726218	-325.10906982421875	-97.08293114484115	116.08448791503906	73.24532579896264	-29.26365089416504	-19.210934127861947	-43.06521224975586	-31.974665228988847	0.0	0.0	0.0	0.0
3.025942087173462	1781093601.0	1781093601.7758157	1	10.0	10.0	8.0	8.0	NeuronSpectrum 10.06.2026 14:49:30	EEG	checkup_149_10.06.2026 14:49:30	500.0	499.6666666666667	True	0.5	40.0	4	True	50.0	30.0	789.4498901367188	506.4239342040572	1240.8153076171875	769.8021607421803	-721.857177734375	-504.72596519176034	-853.1653442382812	-554.5633236535593	-345.7046813964844	-85.22822295418175	122.54708862304688	64.70900285240609	-26.17477035522461	-19.123482059546774	-46.94063949584961	-28.996138149962	0.0	0.0	0.0	0.0
3.0259439945220947	1781093601.0	1781093601.7758176	1	10.0	10.0	8.0	8.0	NeuronSpectrum 10.06.2026 14:49:30	EEG	checkup_149_10.06.2026 14:49:30	500.0	499.6666666666667	True	0.5	40.0	4	True	50.0	30.0	745.1970825195312	418.3998336676267	1175.222900390625	633.8991231152758	-676.93994140625	-420.0754335650829	-806.5299682617188	-460.12193109710904	-340.8081970214844	-63.4085416285698	117.32615661621094	52.15109272397104	-27.697769165039062	-19.320939016151538	-45.65475845336914	-24.523581404837035	0.0	0.0	0.0	0.0
3.0259456634521484	1781093601.0	1781093601.7758193	1	10.0	10.0	8.0	8.0	NeuronSpectrum 10.06.2026 14:49:30	EEG	checkup_149_10.06.2026 14:49:30	500.0	499.6666666666667	True	0.5	40.0	4	True	50.0	30.0	580.5983276367188	309.56808064592235	918.8616943359375	464.83286776934926	-517.1207885742188	-315.7777954666525	-630.736572265625	-343.3554122648406	-300.22998046875	-34.07040492741613	94.3843002319336	36.50708127612461	-32.129112243652344	-19.900603740056972	-36.2368278503418	-18.873610635649214	0.0	0.0	0.0	0.0
3.025947332382202	1781093601.0	1781093601.775821	1	10.0	10.0	8.0	8.0	NeuronSpectrum 10.06.2026 14:49:30	EEG	checkup_149_10.06.2026 14:49:30	500.0	499.6666666666667	True	0.5	40.0	4	True	50.0	30.0	307.3149719238281	189.84701923029786	489.7981872558594	278.40159705250903	-254.80604553222656	-201.14191256442038	-337.9299621582031	-214.9011037950809	-228.00527954101562	-0.8919522936638868	55.06185531616211	19.256482906248618	-33.10074234008789	-20.85425289839072	-19.190399169921875	-12.59374861505953	0.0	0.0	0.0	0.0
