# METADATA
key	value
export_created_at	2026-06-10T16:12:56
record_start_app_timestamp	1781097149.4693372
record_end_app_timestamp	1781097170.657759
record_samples	1500
record_duration_s	21.188421726226807
stim_sequence_file	C:/Users/laba/Desktop/прога_gсвет/Частоты.txt
record_sequence_steps_json	"[{""step_index"": 1, ""dac0_f1_hz"": 10.0, ""dac0_f2_hz"": 10.0, ""dac1_f1_hz"": 8.0, ""dac1_f2_hz"": 8.0, ""duration_s"": 3.0}, {""step_index"": 2, ""dac0_f1_hz"": 8.0, ""dac0_f2_hz"": 8.0, ""dac1_f1_hz"": 7.0, ""dac1_f2_hz"": 7.0, ""duration_s"": 3.0}, {""step_index"": 3, ""dac0_f1_hz"": 12.0, ""dac0_f2_hz"": 14.0, ""dac1_f1_hz"": 6.0, ""dac1_f2_hz"": 8.0, ""duration_s"": 3.0}, {""step_index"": 4, ""dac0_f1_hz"": 2.0, ""dac0_f2_hz"": 3.0, ""dac1_f1_hz"": 3.0, ""dac1_f2_hz"": 2.0, ""duration_s"": 3.0}, {""step_index"": 5, ""dac0_f1_hz"": 25.0, ""dac0_f2_hz"": 29.0, ""dac1_f1_hz"": 12.0, ""dac1_f2_hz"": 8.0, ""duration_s"": 3.0}, {""step_index"": 6, ""dac0_f1_hz"": 12.0, ""dac0_f2_hz"": 14.0, ""dac1_f1_hz"": 32.0, ""dac1_f2_hz"": 34.0, ""duration_s"": 3.0}, {""step_index"": 7, ""dac0_f1_hz"": 55.0, ""dac0_f2_hz"": 22.0, ""dac1_f1_hz"": 10.0, ""dac1_f2_hz"": 4.0, ""duration_s"": 3.0}]"
stim_events_json	"[{""step_index"": 1, ""dac0_f1_hz"": 10.0, ""dac0_f2_hz"": 10.0, ""dac1_f1_hz"": 8.0, ""dac1_f2_hz"": 8.0, ""app_timestamp"": 1781097149.4693422, ""lsl_timestamp"": 660.3304208}, {""step_index"": 2, ""dac0_f1_hz"": 8.0, ""dac0_f2_hz"": 8.0, ""dac1_f1_hz"": 7.0, ""dac1_f2_hz"": 7.0, ""app_timestamp"": 1781097152.4882417, ""lsl_timestamp"": 663.3493192}, {""step_index"": 3, ""dac0_f1_hz"": 12.0, ""dac0_f2_hz"": 14.0, ""dac1_f1_hz"": 6.0, ""dac1_f2_hz"": 8.0, ""app_timestamp"": 1781097155.5234895, ""lsl_timestamp"": 666.384567}, {""step_index"": 4, ""dac0_f1_hz"": 2.0, ""dac0_f2_hz"": 3.0, ""dac1_f1_hz"": 3.0, ""dac1_f2_hz"": 2.0, ""app_timestamp"": 1781097158.5545444, ""lsl_timestamp"": 669.4156214}, {""step_index"": 5, ""dac0_f1_hz"": 25.0, ""dac0_f2_hz"": 29.0, ""dac1_f1_hz"": 12.0, ""dac1_f2_hz"": 8.0, ""app_timestamp"": 1781097161.5813346, ""lsl_timestamp"": 672.4424118}, {""step_index"": 6, ""dac0_f1_hz"": 12.0, ""dac0_f2_hz"": 14.0, ""dac1_f1_hz"": 32.0, ""dac1_f2_hz"": 34.0, ""app_timestamp"": 1781097164.600363, ""lsl_timestamp"": 675.4614401}, {""step_index"": 7, ""dac0_f1_hz"": 55.0, ""dac0_f2_hz"": 22.0, ""dac1_f1_hz"": 10.0, ""dac1_f2_hz"": 4.0, ""app_timestamp"": 1781097167.6396508, ""lsl_timestamp"": 678.5007284}]"
lsl_stream_meta_json	"{""name"": ""NeuronSpectrum 10.06.2026 16:02:51"", ""type"": ""EEG"", ""source_id"": ""checkup_151_10.06.2026 16:02:51"", ""uid"": ""d5530522-49ac-4767-9a8b-002ba3377ac4"", ""channel_count"": 10, ""nominal_srate_hz"": 500.0, ""channel_format"": 1, ""lsl_protocol_version"": 110, ""lsl_library_version"": 117}"
lsl_channel_names_json	"[""ch_1"", ""ch_2"", ""ch_3"", ""ch_4"", ""ch_5"", ""ch_6"", ""ch_7"", ""ch_8"", ""ch_9"", ""ch_10""]"
filter_config_json	"{""bandpass_enabled"": true, ""bandpass_low_hz"": 0.5, ""bandpass_high_hz"": 40.0, ""bandpass_order"": 4, ""notch_enabled"": true, ""notch_hz"": 50.0, ""notch_q"": 30.0}"
filter_notes_json	"[""bandpass applied with sosfiltfilt"", ""notch applied with filtfilt""]"
arduino_params_json	"{""a1"": 0.5, ""p1"": 0.0, ""a2"": 0.5, ""p2"": 0.0, ""dac0_f1"": 100.0, ""dac0_f2"": 200.0, ""dac1_f1"": 100.0, ""dac1_f2"": 200.0, ""dc"": 2.0, ""sr"": 1000, ""gain_max"": 4.0}"
serial_port	COM12
serial_baud	115200
export_split_by_step	True
export_step_index	5
export_step_total	7
export_step_dac0_f1_hz	25.0
export_step_dac0_f2_hz	29.0
export_step_dac1_f1_hz	12.0
export_step_dac1_f2_hz	8.0
export_step_duration_s	3.0
export_step_records	1500

# DATA
record_elapsed_s	lsl_timestamp	app_timestamp	stim_step_index	stim_dac0_f1_hz	stim_dac0_f2_hz	stim_dac1_f1_hz	stim_dac1_f2_hz	lsl_stream_name	lsl_stream_type	lsl_source_id	lsl_nominal_srate_hz	lsl_effective_srate_hz	bandpass_enabled	bandpass_low_hz	bandpass_high_hz	bandpass_order	notch_enabled	notch_hz	notch_q	raw_ch_1	filtered_ch_1	raw_ch_2	filtered_ch_2	raw_ch_3	filtered_ch_3	raw_ch_4	filtered_ch_4	raw_ch_5	filtered_ch_5	raw_ch_6	filtered_ch_6	raw_ch_7	filtered_ch_7	raw_ch_8	filtered_ch_8	raw_ch_9	filtered_ch_9	raw_ch_10	filtered_ch_10
12.154943466186523	1781097161.0	1781097161.6242807	5	25.0	29.0	12.0	8.0	NeuronSpectrum 10.06.2026 16:02:51	EEG	checkup_151_10.06.2026 16:02:51	500.0	499.6666666666667	True	0.5	40.0	4	True	50.0	30.0	0.8518902063369751	0.9993893779394898	-15.394085884094238	-1.8650959202361141	-2.9063496589660645	0.8740145212097363	7.848485469818115	3.1439718837099226	-13.08597183227539	-3.411612534855622	-0.5477818250656128	0.03266229498095467	18.699047088623047	12.663388448668874	-10.59358024597168	1.1974773626349406	0.0	0.0	0.0	0.0
12.154948711395264	1781097161.0	1781097161.624286	5	25.0	29.0	12.0	8.0	NeuronSpectrum 10.06.2026 16:02:51	EEG	checkup_151_10.06.2026 16:02:51	500.0	499.6666666666667	True	0.5	40.0	4	True	50.0	30.0	1.2448333501815796	1.1505027327862916	-15.988587379455566	-2.165509366883744	-3.1188671588897705	0.7736889516143407	8.970976829528809	4.480609322686171	-14.196205139160156	-3.9805255455205666	-0.8347769975662231	-0.07197603336084293	19.784881591796875	13.359346507848866	-11.516363143920898	3.5550170161215924	0.0	0.0	0.0	0.0
12.154951095581055	1781097161.0	1781097161.6242883	5	25.0	29.0	12.0	8.0	NeuronSpectrum 10.06.2026 16:02:51	EEG	checkup_151_10.06.2026 16:02:51	500.0	499.6666666666667	True	0.5	40.0	4	True	50.0	30.0	1.3856052160263062	1.2274820050779907	-16.57837677001953	-2.4506134268656177	-3.6008071899414062	0.6717213778681	9.882346153259277	5.717685931701028	-15.164610862731934	-4.53185799893327	-1.2516759634017944	-0.17094825570755184	20.065044403076172	14.022607706857388	-10.491044998168945	5.950237751462013	0.0	0.0	0.0	0.0
12.154953002929688	1781097161.0	1781097161.6242902	5	25.0	29.0	12.0	8.0	NeuronSpectrum 10.06.2026 16:02:51	EEG	checkup_151_10.06.2026 16:02:51	500.0	499.6666666666667	True	0.5	40.0	4	True	50.0	30.0	1.282396674156189	1.17647849512118	-16.807687759399414	-2.696841513836325	-3.8808529376983643	0.5679523751220885	10.883442878723145	6.753166774301879	-15.50661563873291	-5.034579211892365	-1.4236433506011963	-0.2582516950028244	19.620994567871094	14.631217740422281	-7.663115978240967	8.335576470931214	0.0	0.0	0.0	0.0
12.15495491027832	1781097161.0	1781097161.6242921	5	25.0	29.0	12.0	8.0	NeuronSpectrum 10.06.2026 16:02:51	EEG	checkup_151_10.06.2026 16:02:51	500.0	499.6666666666667	True	0.5	40.0	4	True	50.0	30.0	1.0203564167022705	0.973625266409326	-16.424251556396484	-2.8887602405293	-3.598848342895508	0.45610333873004005	12.164878845214844	7.503208799946976	-15.026579856872559	-5.467518429975388	-1.084882378578186	-0.3352916411729086	19.117643356323242	15.157708927339502	-3.64041805267334	10.585537074965597	0.0	0.0	0.0	0.0
12.154956579208374	1781097161.0	1781097161.6242938	5	25.0	29.0	12.0	8.0	NeuronSpectrum 10.06.2026 16:02:51	EEG	checkup_151_10.06.2026 16:02:51	500.0	499.6666666666667	True	0.5	40.0	4	True	50.0	30.0	0.7115720510482788	0.6306786250686358	-15.486961364746094	-3.019048854021341	-2.7636497020721436	0.32689321504100594	13.53882884979248	7.9173076258228505	-14.002262115478516	-5.81970535908059	-0.30156004428863525	-0.4088485544332876	19.590526580810547	15.569502466139717	0.6971266865730286	12.509684033128492	0.0	0.0	0.0	0.0
12.154958486557007	1781097161.0	1781097161.6242957	5	25.0	29.0	12.0	8.0	NeuronSpectrum 10.06.2026 16:02:51	EEG	checkup_151_10.06.2026 16:02:51	500.0	499.6666666666667	True	0.5	40.0	4	True	50.0	30.0	0.40334299206733704	0.19250360461956634	-14.594053268432617	-3.083711561057693	-1.9819321632385254	0.1761747814958679	14.275496482849121	7.992930126179334	-13.2888822555542	-6.084864652110021	0.31888487935066223	-0.4843038386439903	21.583133697509766	15.838006028140093	4.3899664878845215	13.897761357949888	0.0	0.0	0.0	0.0
12.15496015548706	1781097161.0	1781097161.6242974	5	25.0	29.0	12.0	8.0	NeuronSpectrum 10.06.2026 16:02:51	EEG	checkup_151_10.06.2026 16:02:51	500.0	499.6666666666667	True	0.5	40.0	4	True	50.0	30.0	0.024785630404949188	-0.2731578343970033	-14.680963516235352	-3.075770693031467	-2.209426164627075	0.014270879293732809	13.513398170471191	7.783936410129694	-13.926533699035645	-6.254136255639593	-0.08738676458597183	-0.5573124136511489	24.360233306884766	15.95583865878135	6.592175483703613	14.582769176782138	0.0	0.0	0.0	0.0
12.154962062835693	1781097161.0	1781097161.6242993	5	25.0	29.0	12.0	8.0	NeuronSpectrum 10.06.2026 16:02:51	EEG	checkup_151_10.06.2026 16:02:51	500.0	499.6666666666667	True	0.5	40.0	4	True	50.0	30.0	-0.5485212802886963	-0.691669958148231	-16.255956649780273	-2.9816554783138414	-3.9343576431274414	-0.1285182092003686	11.179946899414062	7.397610823327107	-16.236087799072266	-6.312049419836936	-1.8173654079437256	-0.607986170078013	26.028709411621094	15.956275953533812	6.806552886962891	14.501400442687224	0.0	0.0	0.0	0.0
12.154963731765747	1781097161.0	1781097161.624301	5	25.0	29.0	12.0	8.0	NeuronSpectrum 10.06.2026 16:02:51	EEG	checkup_151_10.06.2026 16:02:51	500.0	499.6666666666667	True	0.5	40.0	4	True	50.0	30.0	-1.344127893447876	-1.0000337959644972	-18.560501098632812	-2.7824819173369364	-6.336422443389893	-0.203373943505401	8.65902042388916	6.978885042982107	-19.030738830566406	-6.238091063938512	-3.8565621376037598	-0.5999274441104049	24.86417007446289	15.925087085103002	5.091360569000244	13.731865389549199	0.0	0.0	0.0	0.0
12.15496563911438	1781097161.0	1781097161.6243029	5	25.0	29.0	12.0	8.0	NeuronSpectrum 10.06.2026 16:02:51	EEG	checkup_151_10.06.2026 16:02:51	500.0	499.6666666666667	True	0.5	40.0	4	True	50.0	30.0	-2.1725881099700928	-1.163861835797174	-19.6270809173584	-2.458348627671548	-7.420460224151611	-0.1503372642908416	8.184576034545898	6.685671828321677	-19.96224021911621	-6.011374582196778	-4.21851921081543	-0.48313666008530076	20.956880569458008	15.995803584737013	2.1075069904327393	12.496059350672141	0.0	0.0	0.0	0.0
12.154967069625854	1781097161.0	1781097161.6243043	5	25.0	29.0	12.0	8.0	NeuronSpectrum 10.06.2026 16:02:51	EEG	checkup_151_10.06.2026 16:02:51	500.0	499.6666666666667	True	0.5	40.0	4	True	50.0	30.0	-2.673217535018921	-1.188344878928105	-17.603666305541992	-1.9905545163860814	-5.4557600021362305	0.093099336521188	10.940316200256348	6.6628610526629135	-17.202245712280273	-5.612540764552641	-1.5316758155822754	-0.19752100273465886	16.898374557495117	16.326060590833634	-1.0715231895446777	11.123612132702236	0.0	0.0	0.0	0.0
12.154968976974487	1781097161.0	1781097161.6243062	5	25.0	29.0	12.0	8.0	NeuronSpectrum 10.06.2026 16:02:51	EEG	checkup_151_10.06.2026 16:02:51	500.0	499.6666666666667	True	0.5	40.0	4	True	50.0	30.0	-2.5252254009246826	-1.1193820529366176	-12.526638984680176	-1.3574511522620574	-0.7899757623672485	0.5868958796689141	15.259538650512695	7.021811556781531	-11.368144035339355	-5.018539596558111	3.226271390914917	0.32515339356565487	16.808433532714844	17.06178248399043	-3.349356174468994	9.98609097602411	0.0	0.0	0.0	0.0
12.154970407485962	1781097161.0	1781097161.6243076	5	25.0	29.0	12.0	8.0	NeuronSpectrum 10.06.2026 16:02:51	EEG	checkup_151_10.06.2026 16:02:51	500.0	499.6666666666667	True	0.5	40.0	4	True	50.0	30.0	-1.6690195798873901	-1.0330233535995477	-7.037022590637207	-0.5252273418089379	3.544067621231079	1.387183344561961	16.714168548583984	7.827557320859933	-5.995492458343506	-4.192571714050356	6.470394611358643	1.1586948921801918	23.964046478271484	18.30162031862119	-4.084927082061768	9.417376996360645	0.0	0.0	0.0	0.0
12.154972314834595	1781097161.0	1781097161.6243095	5	25.0	29.0	12.0	8.0	NeuronSpectrum 10.06.2026 16:02:51	EEG	checkup_151_10.06.2026 16:02:51	500.0	499.6666666666667	True	0.5	40.0	4	True	50.0	30.0	-0.37997978925704956	-1.014622631952007	-5.037894248962402	0.5580434945399642	3.397367477416992	2.5434003522644244	10.736408233642578	9.09124409749792	-5.6164679527282715	-3.07887980381598	4.018575668334961	2.373156215076344	38.28435134887695	20.071829320458665	-3.3310108184814453	9.63925948666758	0.0	0.0	0.0	0.0
12.154973983764648	1781097161.0	1781097161.6243112	5	25.0	29.0	12.0	8.0	NeuronSpectrum 10.06.2026 16:02:51	EEG	checkup_151_10.06.2026 16:02:51	500.0	499.6666666666667	True	0.5	40.0	4	True	50.0	30.0	0.3267049789428711	-1.1327640416197395	-13.001605033874512	1.9542416457138114	-1.4213289022445679	4.086598967389531	14.690467834472656	10.764476872428254	-13.05932331085205	-1.613737664155533	1.4311343431472778	4.013465372114836	25.637794494628906	22.31374799108758	-4.666409492492676	10.709641788118725	0.0	0.0	0.0	0.0
12.154975652694702	1781097161.0	1781097161.6243129	5	25.0	29.0	12.0	8.0	NeuronSpectrum 10.06.2026 16:02:51	EEG	checkup_151_10.06.2026 16:02:51	500.0	499.6666666666667	True	0.5	40.0	4	True	50.0	30.0	0.241862490773201	-1.415641060984973	-12.09134292602539	3.7080110220742206	-0.19155828654766083	6.006584496052254	16.77630043029785	12.735379972321152	-12.12063217163086	0.24351270801177397	2.736738920211792	6.067649901401643	27.608341217041016	24.880135970167892	-0.9852151274681091	12.505640290470842	0.0	0.0	0.0	0.0
12.154977321624756	1781097161.0	1781097161.6243145	5	25.0	29.0	12.0	8.0	NeuronSpectrum 10.06.2026 16:02:51	EEG	checkup_151_10.06.2026 16:02:51	500.0	499.6666666666667	True	0.5	40.0	4	True	50.0	30.0	-0.6779491305351257	-1.8377406397063398	-11.144865989685059	5.807573996806307	0.9712949991226196	8.22461517347315	17.937009811401367	14.82961961983091	-11.09501838684082	2.468484952155042	4.061844825744629	8.435220477404098	29.636138916015625	27.538640031752433	3.737230062484741	14.746450742271744	0.0	0.0	0.0	0.0
12.154980421066284	1781097161.0	1781097161.6243176	5	25.0	29.0	12.0	8.0	NeuronSpectrum 10.06.2026 16:02:51	EEG	checkup_151_10.06.2026 16:02:51	500.0	499.6666666666667	True	0.5	40.0	4	True	50.0	30.0	-2.0748884677886963	-2.3219438349078296	-9.194282531738281	8.150689115213888	2.9420166015625	10.57522446720636	18.873228073120117	16.820482951939727	-8.981080055236816	4.937779205871113	6.234992504119873	10.911148821868188	32.65580749511719	29.98705484484325	8.300634384155273	17.051911111523275	0.0	0.0	0.0	0.0
12.154982328414917	1781097161.0	1781097161.6243196	5	25.0	29.0	12.0	8.0	NeuronSpectrum 10.06.2026 16:02:51	EEG	checkup_151_10.06.2026 16:02:51	500.0	499.6666666666667	True	0.5	40.0	4	True	50.0	30.0	-3.4271650314331055	-2.7573478809273007	-5.529139995574951	10.534350448987	6.351070404052734	12.810588535182529	20.468366622924805	18.450642504537075	-5.0759806632995605	7.422207998512431	9.814820289611816	13.19839106784924	36.97274398803711	31.887010425207258	11.58476734161377	19.023636748642765	0.0	0.0	0.0	0.0
12.154983758926392	1781097161.0	1781097161.624321	5	25.0	29.0	12.0	8.0	NeuronSpectrum 10.06.2026 16:02:51	EEG	checkup_151_10.06.2026 16:02:51	500.0	499.6666666666667	True	0.5	40.0	4	True	50.0	30.0	-4.313225269317627	-3.028037047932754	-0.436847060918808	12.678894933919153	10.859331130981445	14.633743844170848	22.951786041259766	19.465770159295158	0.2793480157852173	9.617079673847364	14.38595962524414	14.953124808382613	41.25018310546875	32.916451688560194	12.890456199645996	20.32921003112636	0.0	0.0	0.0	0.0
12.154985666275024	1781097161.0	1781097161.624323	5	25.0	29.0	12.0	8.0	NeuronSpectrum 10.06.2026 16:02:51	EEG	checkup_151_10.06.2026 16:02:51	500.0	499.6666666666667	True	0.5	40.0	4	True	50.0	30.0	-4.545938968658447	-3.044542138502	4.659264087677002	14.28405311217367	15.074674606323242	15.7562197825844	25.53725242614746	19.656793082377018	5.5869975090026855	11.205238903583082	18.50524139404297	15.85524775197688	42.896034240722656	32.83104003005832	12.12993049621582	20.768914387444518	0.0	0.0	0.0	0.0
12.154987096786499	1781097161.0	1781097161.6243243	5	25.0	29.0	12.0	8.0	NeuronSpectrum 10.06.2026 16:02:51	EEG	checkup_151_10.06.2026 16:02:51	500.0	499.6666666666667	True	0.5	40.0	4	True	50.0	30.0	-4.147983074188232	-2.768952274389353	7.857019424438477	15.101637945925557	17.26187515258789	15.96547669262966	26.82378578186035	18.903262498604217	8.86897087097168	11.935285728945034	20.408727645874023	15.686248647618548	40.02940368652344	31.517469480104122	9.796004295349121	20.309631676922073	0.0	0.0	0.0	0.0
12.154988765716553	1781097161.0	1781097161.624326	5	25.0	29.0	12.0	8.0	NeuronSpectrum 10.06.2026 16:02:51	EEG	checkup_151_10.06.2026 16:02:51	500.0	499.6666666666667	True	0.5	40.0	4	True	50.0	30.0	-3.2374184131622314	-2.2266217199093514	7.801983833312988	15.001863944683494	16.339981079101562	15.181806656158937	25.622026443481445	17.20656615330734	8.692757606506348	11.689952102837358	18.97562599182129	14.391202591033325	33.52027130126953	29.02227873803926	6.76305627822876	19.07997473589459	0.0	0.0	0.0	0.0
12.154990434646606	1781097161.0	1781097161.6243277	5	25.0	29.0	12.0	8.0	NeuronSpectrum 10.06.2026 16:02:51	EEG	checkup_151_10.06.2026 16:02:51	500.0	499.6666666666667	True	0.5	40.0	4	True	50.0	30.0	-1.9570552110671997	-1.5013029279469914	4.441164493560791	14.010977786548175	12.480524063110352	13.48575218140069	21.646148681640625	14.701208748326573	4.9352707862854	10.521247765331601	14.332033157348633	12.104130127932915	27.061546325683594	25.548037494508584	3.985640048980713	17.331200090687396	0.0	0.0	0.0	0.0
12.15499210357666	1781097161.0	1781097161.6243293	5	25.0	29.0	12.0	8.0	NeuronSpectrum 10.06.2026 16:02:51	EEG	checkup_151_10.06.2026 16:02:51	500.0	499.6666666666667	True	0.5	40.0	4	True	50.0	30.0	-0.47547703981399536	-0.7150846362452504	-0.9420367479324341	12.307247317407443	6.942409992218018	11.105784597940032	15.674676895141602	11.636887855528697	-1.117912769317627	8.639790271171016	7.7627339363098145	9.126371515660315	24.439014434814453	21.420077459087487	2.1427090167999268	15.376558326185163	0.0	0.0	0.0	0.0
12.154993772506714	1781097161.0	1781097161.624331	5	25.0	29.0	12.0	8.0	NeuronSpectrum 10.06.2026 16:02:51	EEG	checkup_151_10.06.2026 16:02:51	500.0	499.6666666666667	True	0.5	40.0	4	True	50.0	30.0	0.9661282300949097	0.0014728795688726953	-6.338506698608398	10.17696677743216	1.384814977645874	8.368960356855148	9.236245155334473	8.332872520564536	-7.277402400970459	6.361882584621614	1.1283973455429077	5.86263812037542	25.697919845581055	17.034588745363916	1.424534559249878	13.525243435087503	0.0	0.0	0.0	0.0
12.154995203018188	1781097161.0	1781097161.6243324	5	25.0	29.0	12.0	8.0	NeuronSpectrum 10.06.2026 16:02:51	EEG	checkup_151_10.06.2026 16:02:51	500.0	499.6666666666667	True	0.5	40.0	4	True	50.0	30.0	2.054877996444702	0.5410335373621906	-9.753471374511719	7.945967429134617	-2.7090113162994385	5.629450178913155	4.19771671295166	5.115900317240824	-11.123358726501465	4.03280795671164	-3.6811323165893555	2.733339677931441	25.53697395324707	12.799391774199234	1.5364370346069336	12.02559317789983	0.0	0.0	0.0	0.0
12.154996871948242	1781097161.0	1781097161.624334	5	25.0	29.0	12.0	8.0	NeuronSpectrum 10.06.2026 16:02:51	EEG	checkup_151_10.06.2026 16:02:51	500.0	499.6666666666667	True	0.5	40.0	4	True	50.0	30.0	2.4950180053710938	0.8444569735217691	-9.718539237976074	5.909273370277692	-4.192063331604004	3.196328324948164	2.3985517024993896	2.258990780776006	-10.621933937072754	1.9519856610069453	-5.058085918426514	0.08905065606737034	16.108924865722656	9.074945695216426	1.9508527517318726	11.02710967324319	0.0	0.0	0.0	0.0
12.15500020980835	1781097161.0	1781097161.6243374	5	25.0	29.0	12.0	8.0	NeuronSpectrum 10.06.2026 16:02:51	EEG	checkup_151_10.06.2026 16:02:51	500.0	499.6666666666667	True	0.5	40.0	4	True	50.0	30.0	2.15484356880188	0.9121266466920046	-5.564615249633789	4.279217709827856	-2.2204084396362305	1.2804154158239562	5.170304775238037	-0.061960558519828846	-4.715040683746338	0.32199346230253423	-1.951396107673645	-1.8493389371284235	-6.840002536773682	6.121825425537287	2.243786334991455	10.564793886543317	0.0	0.0	0.0	0.0
12.20590877532959	1781097161.0	1781097161.675246	5	25.0	29.0	12.0	8.0	NeuronSpectrum 10.06.2026 16:02:51	EEG	checkup_151_10.06.2026 16:02:51	500.0	499.6666666666667	True	0.5	40.0	4	True	50.0	30.0	0.9190870523452759	0.798374253351054	-8.965109825134277	3.162551663304734	-2.575080633163452	-0.028449206159679354	3.5101656913757324	-1.7840321030811166	-9.289127349853516	-0.7685272822783114	-3.075015068054199	-3.011752276085103	11.138795852661133	4.064404569289874	-2.9147701263427734	10.564755406247075	0.0	0.0	0.0	0.0
12.20591425895691	1781097161.0	1781097161.6752515	5	25.0	29.0	12.0	8.0	NeuronSpectrum 10.06.2026 16:02:51	EEG	checkup_151_10.06.2026 16:02:51	500.0	499.6666666666667	True	0.5	40.0	4	True	50.0	30.0	-0.8173966407775879	0.590675917907388	-9.113996505737305	2.565663837576282	-3.16182541847229	-0.7532229239329294	2.181344747543335	-2.945603419869408	-9.57940673828125	-1.3313984208981768	-3.0258655548095703	-3.4617888370811345	10.807514190673828	2.882580150053444	-1.8847146034240723	10.868149285772315	0.0	0.0	0.0	0.0
12.205916166305542	1781097161.0	1781097161.6752534	5	25.0	29.0	12.0	8.0	NeuronSpectrum 10.06.2026 16:02:51	EEG	checkup_151_10.06.2026 16:02:51	500.0	499.6666666666667	True	0.5	40.0	4	True	50.0	30.0	-2.0696864128112793	0.38016520109188545	-9.523098945617676	2.419670089970054	-3.986611843109131	-0.9984899731481334	0.7254571914672852	-3.6546941130075044	-9.920158386230469	-1.446072333154097	-3.023484706878662	-3.352260217948186	9.841136932373047	2.436665804657521	0.45615535974502563	11.26991604793305	0.0	0.0	0.0	0.0
12.205918073654175	1781097161.0	1781097161.6752553	5	25.0	29.0	12.0	8.0	NeuronSpectrum 10.06.2026 16:02:51	EEG	checkup_151_10.06.2026 16:02:51	500.0	499.6666666666667	True	0.5	40.0	4	True	50.0	30.0	-2.2096660137176514	0.23309746002046455	-9.501026153564453	2.6154237128071705	-4.223469257354736	-0.9076464211457331	0.06137796863913536	-4.04758417110653	-9.570572853088379	-1.2195599344677435	-2.522599697113037	-2.868804160558557	8.738117218017578	2.517640944967626	2.8956961631774902	11.56699342379364	0.0	0.0	0.0	0.0
12.205919981002808	1781097161.0	1781097161.6752572	5	25.0	29.0	12.0	8.0	NeuronSpectrum 10.06.2026 16:02:51	EEG	checkup_151_10.06.2026 16:02:51	500.0	499.6666666666667	True	0.5	40.0	4	True	50.0	30.0	-1.1733324527740479	0.17275310111890985	-8.501787185668945	3.03994253477636	-3.3601455688476562	-0.6192147050717838	0.6638176441192627	-4.247348030942791	-8.130915641784668	-0.7486625779766591	-1.2617801427841187	-2.176442066781339	8.263362884521484	2.906041250721198	4.086736679077148	11.60684518512822	0.0	0.0	0.0	0.0
12.205921411514282	1781097161.0	1781097161.6752586	5	25.0	29.0	12.0	8.0	NeuronSpectrum 10.06.2026 16:02:51	EEG	checkup_151_10.06.2026 16:02:51	500.0	499.6666666666667	True	0.5	40.0	4	True	50.0	30.0	0.47337305545806885	0.17753758970301964	-6.72907018661499	3.6073120242754877	-1.7806274890899658	-0.2311905780430692	1.935025930404663	-4.330690586529209	-6.097559452056885	-0.09177629937300141	0.2847932279109955	-1.3810303745125614	8.94201946258545	3.423160409097836	3.3967552185058594	11.323933824890027	0.0	0.0	0.0	0.0
12.20592451095581	1781097161.0	1781097161.6752617	5	25.0	29.0	12.0	8.0	NeuronSpectrum 10.06.2026 16:02:51	EEG	checkup_151_10.06.2026 16:02:51	500.0	499.6666666666667	True	0.5	40.0	4	True	50.0	30.0	1.8513954877853394	0.19498817946038158	-5.190542221069336	4.277859812314632	-0.6625345349311829	0.21927558248445442	2.442014217376709	-4.310647092008495	-4.725818634033203	0.7436590399209896	1.0732421875	-0.5137891549206007	10.63247299194336	3.9640441968459696	1.264650583267212	10.752845877805944	0.0	0.0	0.0	0.0
12.205926179885864	1781097161.0	1781097161.6752634	5	25.0	29.0	12.0	8.0	NeuronSpectrum 10.06.2026 16:02:51	EEG	checkup_151_10.06.2026 16:02:51	500.0	499.6666666666667	True	0.5	40.0	4	True	50.0	30.0	2.260314702987671	0.16551988833886355	-4.9956183433532715	5.060384425180286	-1.1156927347183228	0.7554898077724701	1.042352318763733	-4.140933871469406	-5.089105129241943	1.7937543453985452	0.32925036549568176	0.4576852774767804	12.418622016906738	4.5073578643727705	-1.193853497505188	10.013271396762939	0.0	0.0	0.0	0.0
12.20592975616455	1781097161.0	1781097161.675267	5	25.0	29.0	12.0	8.0	NeuronSpectrum 10.06.2026 16:02:51	EEG	checkup_151_10.06.2026 16:02:51	500.0	499.6666666666667	True	0.5	40.0	4	True	50.0	30.0	1.551271915435791	0.04655580624087034	-6.3429179191589355	5.995156971334971	-3.1315102577209473	1.4386764531003726	-1.892075777053833	-3.7430422647628543	-6.963801860809326	3.1106974276200106	-1.5278756618499756	1.5949023737763732	12.951985359191895	5.101003875400171	-2.916616439819336	9.271409534555849	0.0	0.0	0.0	0.0
12.205931663513184	1781097161.0	1781097161.675269	5	25.0	29.0	12.0	8.0	NeuronSpectrum 10.06.2026 16:02:51	EEG	checkup_151_10.06.2026 16:02:51	500.0	499.6666666666667	True	0.5	40.0	4	True	50.0	30.0	0.14607612788677216	-0.17155966821622148	-7.988546848297119	7.121003966706929	-5.172115802764893	2.3284003512544245	-4.215178966522217	-3.0494401625965937	-8.4778413772583	4.721904091394798	-2.695288896560669	2.9408210485879707	11.32017707824707	5.826038930517908	-3.453869581222534	8.690300944119937	0.0	0.0	0.0	0.0
12.205933094024658	1781097161.0	1781097161.6752703	5	25.0	29.0	12.0	8.0	NeuronSpectrum 10.06.2026 16:02:51	EEG	checkup_151_10.06.2026 16:02:51	500.0	499.6666666666667	True	0.5	40.0	4	True	50.0	30.0	-1.2614598274230957	-0.4624052306910538	-7.8965067863464355	8.436504016298056	-5.016905784606934	3.438294018458217	-3.3268744945526123	-2.0484735384656863	-7.201783180236816	6.589393764369745	-1.0813015699386597	4.475220091572774	8.003564834594727	6.746774100126564	-2.9966073036193848	8.384611013840962	0.0	0.0	0.0	0.0
12.205934762954712	1781097161.0	1781097161.675272	5	25.0	29.0	12.0	8.0	NeuronSpectrum 10.06.2026 16:02:51	EEG	checkup_151_10.06.2026 16:02:51	500.0	499.6666666666667	True	0.5	40.0	4	True	50.0	30.0	-2.1063404083251953	-0.7723584765801762	-4.843554973602295	9.869697789735529	-1.5178427696228027	4.703403500555138	1.58168625831604	-0.8135574926473164	-2.177598714828491	8.585763540964093	3.8560733795166016	6.089924248017369	5.293604373931885	7.861403170386602	-2.0279507637023926	8.392601414654502	0.0	0.0	0.0	0.0
12.205936431884766	1781097161.0	1781097161.6752737	5	25.0	29.0	12.0	8.0	NeuronSpectrum 10.06.2026 16:02:51	EEG	checkup_151_10.06.2026 16:02:51	500.0	499.6666666666667	True	0.5	40.0	4	True	50.0	30.0	-2.192392349243164	-1.0367020327425385	0.17416787147521973	11.269401034099513	3.9960360527038574	5.972798762213048	8.06427001953125	0.49578887139142347	4.605916976928711	10.498716450694783	9.90488052368164	7.59435694143018	6.693159103393555	9.071543779107754	-0.9675683379173279	8.671181735077992	0.0	0.0	0.0	0.0
12.205938339233398	1781097161.0	1781097161.6752756	5	25.0	29.0	12.0	8.0	NeuronSpectrum 10.06.2026 16:02:51	EEG	checkup_151_10.06.2026 16:02:51	500.0	499.6666666666667	True	0.5	40.0	4	True	50.0	30.0	-1.675132155418396	-1.1967490462853392	3.9490983486175537	12.423798179253867	7.876445293426514	7.031931961337253	11.141443252563477	1.6621497899800748	8.669464111328125	12.065515953279133	12.719839096069336	8.750565099794715	15.126072883605957	10.18595050080317	-0.05297107994556427	9.112190886633346	0.0	0.0	0.0	0.0
12.205939769744873	1781097161.0	1781097161.675277	5	25.0	29.0	12.0	8.0	NeuronSpectrum 10.06.2026 16:02:51	EEG	checkup_151_10.06.2026 16:02:51	500.0	499.6666666666667	True	0.5	40.0	4	True	50.0	30.0	-0.8665334582328796	-1.212981072096752	2.9020209312438965	13.101916631713111	6.209319591522217	7.647962351605426	6.287152290344238	2.4572034480979834	5.6635823249816895	13.027313119778531	8.371763229370117	9.326164959010512	30.673498153686523	10.961507828448802	0.5836514234542847	9.572350582906198	0.0	0.0	0.0	0.0
12.257843732833862	1781097161.0	1781097161.727181	5	25.0	29.0	12.0	8.0	NeuronSpectrum 10.06.2026 16:02:51	EEG	checkup_151_10.06.2026 16:02:51	500.0	499.6666666666667	True	0.5	40.0	4	True	50.0	30.0	-1.9523720741271973	-1.0717264510282614	0.7280766367912292	13.105992825428263	3.1347246170043945	7.623813534907125	5.084270000457764	2.6918206609655706	4.637364387512207	13.187086883056939	7.861282825469971	9.14899127197424	14.791410446166992	11.168283329560717	-0.35512325167655945	9.907220306916637	0.0	0.0	0.0	0.0
12.257848739624023	1781097161.0	1781097161.727186	5	25.0	29.0	12.0	8.0	NeuronSpectrum 10.06.2026 16:02:51	EEG	checkup_151_10.06.2026 16:02:51	500.0	499.6666666666667	True	0.5	40.0	4	True	50.0	30.0	-1.036934733390808	-0.7852508300367995	1.8486988544464111	12.320624337704865	3.5464706420898438	6.84606694157587	5.226273536682129	2.2562311111418243	5.392775058746338	12.455995969584293	8.046648025512695	8.14953120085816	14.958663940429688	10.655055747021215	0.07205620408058167	10.00082345867231	0.0	0.0	0.0	0.0
12.257850646972656	1781097161.0	1781097161.7271879	5	25.0	29.0	12.0	8.0	NeuronSpectrum 10.06.2026 16:02:51	EEG	checkup_151_10.06.2026 16:02:51	500.0	499.6666666666667	True	0.5	40.0	4	True	50.0	30.0	0.14670585095882416	-0.38657486497319643	1.246517300605774	10.746886006060759	2.8346288204193115	5.315977368302384	4.8135762214660645	1.143444337760025	4.444885730743408	10.878208611292731	6.913249492645264	6.382738932398701	14.338264465332031	9.394048789566355	0.3572685420513153	9.785915039662461	0.0	0.0	0.0	0.0
12.257852792739868	1781097161.0	1781097161.72719	5	25.0	29.0	12.0	8.0	NeuronSpectrum 10.06.2026 16:02:51	EEG	checkup_151_10.06.2026 16:02:51	500.0	499.6666666666667	True	0.5	40.0	4	True	50.0	30.0	1.170515537261963	0.078835657674488	-1.3566038608551025	8.5134149156104	0.8109809160232544	3.157845861573649	3.7337257862091064	-0.5461913984690088	1.6619203090667725	8.629619573196962	4.336347579956055	4.0255809368627045	13.218241691589355	7.494666334947802	0.15990281105041504	9.253205249144454	0.0	0.0	0.0	0.0
12.257854700088501	1781097161.0	1781097161.727192	5	25.0	29.0	12.0	8.0	NeuronSpectrum 10.06.2026 16:02:51	EEG	checkup_151_10.06.2026 16:02:51	500.0	499.6666666666667	True	0.5	40.0	4	True	50.0	30.0	1.616926908493042	0.561772834325858	-5.413652420043945	5.860699211154237	-2.307969331741333	0.6028289323614918	1.921823263168335	-2.619444830093447	-2.384721517562866	5.9902196126805745	0.6945066452026367	1.3501621343405237	11.73789119720459	5.186175696576765	-0.6968775391578674	8.450064614943926	0.0	0.0	0.0	0.0
12.257856369018555	1781097161.0	1781097161.7271936	5	25.0	29.0	12.0	8.0	NeuronSpectrum 10.06.2026 16:02:51	EEG	checkup_151_10.06.2026 16:02:51	500.0	499.6666666666667	True	0.5	40.0	4	True	50.0	30.0	1.38534414768219	1.0156257446972357	-9.748848915100098	3.100207002360129	-5.912536144256592	-2.0499570739107598	-0.501961350440979	-4.822412075945438	-6.568718910217285	3.2946043355180556	-3.2065107822418213	-1.3237354159267374	9.474207878112793	2.7740591441002262	-2.0911574363708496	7.470369770135332	0.0	0.0	0.0	0.0
12.25785779953003	1781097161.0	1781097161.727195	5	25.0	29.0	12.0	8.0	NeuronSpectrum 10.06.2026 16:02:51	EEG	checkup_151_10.06.2026 16:02:51	500.0	499.6666666666667	True	0.5	40.0	4	True	50.0	30.0	0.793931245803833	1.3987211951782905	-13.141510009765625	0.5565267569776288	-9.226628303527832	-4.488384253061995	-3.1943929195404053	-6.886456247182102	-9.704474449157715	0.8705228035828059	-6.448938846588135	-3.687892416551415	5.694852828979492	0.5770765302449508	-3.634019374847412	6.437853103996345	0.0	0.0	0.0	0.0
12.257859706878662	1781097161.0	1781097161.727197	5	25.0	29.0	12.0	8.0	NeuronSpectrum 10.06.2026 16:02:51	EEG	checkup_151_10.06.2026 16:02:51	500.0	499.6666666666667	True	0.5	40.0	4	True	50.0	30.0	0.3594299852848053	1.6731595103318	-14.916690826416016	-1.4938308675254883	-11.593875885009766	-6.446826348554699	-5.668867588043213	-8.579988549952459	-11.105918884277344	-1.0204966306347925	-8.371122360229492	-5.503625148317661	0.4723353087902069	-1.1441652472653707	-4.865504264831543	5.485923422490383	0.0	0.0	0.0	0.0
12.257861614227295	1781097161.0	1781097161.7271988	5	25.0	29.0	12.0	8.0	NeuronSpectrum 10.06.2026 16:02:51	EEG	checkup_151_10.06.2026 16:02:51	500.0	499.6666666666667	True	0.5	40.0	4	True	50.0	30.0	0.4278012216091156	1.8027206462559564	-15.212421417236328	-2.871659358299104	-12.717737197875977	-7.756138313083542	-7.50376033782959	-9.754969047524114	-10.920049667358398	-2.226045447990824	-8.844094276428223	-6.644335333193574	-4.303823947906494	-2.250989172599717	-5.4889702796936035	4.737232865146229	0.0	0.0	0.0	0.0
12.257863283157349	1781097161.0	1781097161.7272005	5	25.0	29.0	12.0	8.0	NeuronSpectrum 10.06.2026 16:02:51	EEG	checkup_151_10.06.2026 16:02:51	500.0	499.6666666666667	True	0.5	40.0	4	True	50.0	30.0	0.9385409951210022	1.7531998120112742	-14.7504301071167	-3.520263636939708	-12.733469009399414	-8.371327218519749	-8.525803565979004	-10.376222756243532	-9.9888334274292	-2.719147871911875	-8.291863441467285	-7.111689144259744	-5.382142066955566	-2.763090993206167	-5.514717102050781	4.285978108085037	0.0	0.0	0.0	0.0
12.257864713668823	1781097161.0	1781097161.727202	5	25.0	29.0	12.0	8.0	NeuronSpectrum 10.06.2026 16:02:51	EEG	checkup_151_10.06.2026 16:02:51	500.0	499.6666666666667	True	0.5	40.0	4	True	50.0	30.0	1.498677134513855	1.4974295113084621	-14.287993431091309	-3.501515931824473	-12.098332405090332	-8.369464636433486	-8.840265274047852	-10.524317808140694	-9.298727989196777	-2.585363293521131	-7.447068691253662	-7.0212634631282365	-0.6148884296417236	-2.8510095336458154	-5.211246490478516	4.185061599688367	0.0	0.0	0.0	0.0
12.257866621017456	1781097161.0	1781097161.7272038	5	25.0	29.0	12.0	8.0	NeuronSpectrum 10.06.2026 16:02:51	EEG	checkup_151_10.06.2026 16:02:51	500.0	499.6666666666667	True	0.5	40.0	4	True	50.0	30.0	1.6962286233901978	1.0247208292597736	-14.06428337097168	-2.965478933080551	-11.282888412475586	-7.918171910854928	-8.58529281616211	-10.368606298119767	-9.271415710449219	-1.985868029750516	-6.885575294494629	-6.561612604881622	8.069253921508789	-2.7803132467003975	-4.8689284324646	4.439206036342972	0.0	0.0	0.0	0.0
12.257869720458984	1781097161.0	1781097161.727207	5	25.0	29.0	12.0	8.0	NeuronSpectrum 10.06.2026 16:02:51	EEG	checkup_151_10.06.2026 16:02:51	500.0	499.6666666666667	True	0.5	40.0	4	True	50.0	30.0	1.3832817077636719	0.35174358582256826	-13.492565155029297	-2.102572306786347	-10.31717300415039	-7.222881694269911	-7.481960773468018	-10.11481535741918	-9.233745574951172	-1.1072255577594516	-6.478757381439209	-5.937553991622285	13.939072608947754	-2.8218916922486668	-4.5625386238098145	5.004401581464539	0.0	0.0	0.0	0.0
12.257871389389038	1781097161.0	1781097161.7272086	5	25.0	29.0	12.0	8.0	NeuronSpectrum 10.06.2026 16:02:51	EEG	checkup_151_10.06.2026 16:02:51	500.0	499.6666666666667	True	0.5	40.0	4	True	50.0	30.0	0.7335038781166077	-0.4697510473207186	-11.297833442687988	-1.0907525720001179	-8.470719337463379	-6.466879015364941	-4.561954975128174	-9.939482360545208	-7.473933219909668	-0.11074507805747635	-5.135787487030029	-5.312295589956635	8.687068939208984	-3.1586461344036247	-4.0768656730651855	5.793816754439856	0.0	0.0	0.0	0.0
12.257873296737671	1781097161.0	1781097161.7272105	5	25.0	29.0	12.0	8.0	NeuronSpectrum 10.06.2026 16:02:51	EEG	checkup_151_10.06.2026 16:02:51	500.0	499.6666666666667	True	0.5	40.0	4	True	50.0	30.0	0.06416729092597961	-1.3527663148246711	-6.168802261352539	-0.0510063849788683	-4.469555377960205	-5.760501063250733	1.4358737468719482	-9.929493851459306	-2.111888885498047	0.9062625040783063	-1.250667691230774	-4.763369818288964	-11.615504264831543	-3.821642518939901	-3.0921707153320312	6.690127398049629	0.0	0.0	0.0	0.0
12.257874965667725	1781097161.0	1781097161.7272122	5	25.0	29.0	12.0	8.0	NeuronSpectrum 10.06.2026 16:02:51	EEG	checkup_151_10.06.2026 16:02:51	500.0	499.6666666666667	True	0.5	40.0	4	True	50.0	30.0	-2.4229235649108887	-2.184869510918639	-9.990437507629395	0.9772151196669296	-7.564026355743408	-5.114133053967045	-4.366385459899902	-10.046556948186032	-5.980504512786865	1.9276742841724133	-4.221953392028809	-4.264394978934092	3.20525860786438	-4.675805109665646	-0.8442087173461914	7.563459824869138	0.0	0.0	0.0	0.0
12.257876634597778	1781097161.0	1781097161.7272139	5	25.0	29.0	12.0	8.0	NeuronSpectrum 10.06.2026 16:02:51	EEG	checkup_151_10.06.2026 16:02:51	500.0	499.6666666666667	True	0.5	40.0	4	True	50.0	30.0	-3.737065076828003	-2.8472073176844326	-8.97857666015625	2.0336927460161425	-7.565615177154541	-4.443506588670506	-5.801577568054199	-10.131190909332403	-5.331978797912598	3.0094892839345078	-4.575279712677002	-3.6985528286756106	1.7799535989761353	-5.4555819953604505	0.2915419936180115	8.292557969907373	0.0	0.0	0.0	0.0
12.257878541946411	1781097161.0	1781097161.7272158	5	25.0	29.0	12.0	8.0	NeuronSpectrum 10.06.2026 16:02:51	EEG	checkup_151_10.06.2026 16:02:51	500.0	499.6666666666667	True	0.5	40.0	4	True	50.0	30.0	-4.500703811645508	-3.2386087189996333	-8.380532264709473	3.209037855878752	-7.807262420654297	-3.6061897003564263	-7.5909199714660645	-9.948654175888679	-4.643733501434326	4.247164336453494	-4.941123962402344	-2.9009314695306356	-0.7845568060874939	-5.83708205588462	0.3133566081523895	8.78507101594066	0.0	0.0	0.0	0.0
12.257880449295044	1781097161.0	1781097161.7272177	5	25.0	29.0	12.0	8.0	NeuronSpectrum 10.06.2026 16:02:51	EEG	checkup_151_10.06.2026 16:02:51	500.0	499.6666666666667	True	0.5	40.0	4	True	50.0	30.0	-4.584339618682861	-3.2984336261266156	-7.974208354949951	4.599392449649514	-7.879502773284912	-2.4580391641710806	-8.8621826171875	-9.264341930576412	-3.6528942584991455	5.729721539924435	-4.818660736083984	-1.7178725718727517	-3.691535472869873	-5.528146597480356	-0.5741106271743774	8.992364272290525	0.0	0.0	0.0	0.0
12.257882118225098	1781097161.0	1781097161.7272193	5	25.0	29.0	12.0	8.0	NeuronSpectrum 10.06.2026 16:02:51	EEG	checkup_151_10.06.2026 16:02:51	500.0	499.6666666666667	True	0.5	40.0	4	True	50.0	30.0	-3.998002767562866	-3.0217048463531677	-6.97404146194458	6.2589950321593495	-7.008745193481445	-0.9117694044017788	-8.531182289123535	-7.925294822365951	-1.8486841917037964	7.495501715175473	-3.536766767501831	-0.06573218669982978	-5.280825614929199	-4.356011192687763	-1.4939614534378052	8.915779193493105	0.0	0.0	0.0	0.0
12.257883787155151	1781097161.0	1781097161.727221	5	25.0	29.0	12.0	8.0	NeuronSpectrum 10.06.2026 16:02:51	EEG	checkup_151_10.06.2026 16:02:51	500.0	499.6666666666667	True	0.5	40.0	4	True	50.0	30.0	-2.89384388923645	-2.462086167267667	-4.640910625457764	8.165866779211953	-4.573635578155518	1.0207652794744544	-5.932184219360352	-5.922150403581199	1.029792308807373	9.503599954361347	-0.7375255227088928	2.028550916206731	-3.6807754039764404	-2.3304938901746515	-1.5878372192382812	8.60408691970578	0.0	0.0	0.0	0.0
12.257885456085205	1781097161.0	1781097161.7272227	5	25.0	29.0	12.0	8.0	NeuronSpectrum 10.06.2026 16:02:51	EEG	checkup_151_10.06.2026 16:02:51	500.0	499.6666666666667	True	0.5	40.0	4	True	50.0	30.0	-1.5334304571151733	-1.7215966889662537	-1.0806657075881958	10.211418817961693	-0.7883626222610474	3.2155061001980063	-1.4820588827133179	-3.412423095009119	4.480954170227051	11.629467029313663	3.117952585220337	4.417053912550447	1.8725489377975464	0.33714519584005725	-0.7526116371154785	8.144182354292978	0.0	0.0	0.0	0.0
12.257887363433838	1781097161.0	1781097161.7272246	5	25.0	29.0	12.0	8.0	NeuronSpectrum 10.06.2026 16:02:51	EEG	checkup_151_10.06.2026 16:02:51	500.0	499.6666666666667	True	0.5	40.0	4	True	50.0	30.0	-0.22656267881393433	-0.9294434868383001	2.586078405380249	12.216993840461159	3.1618852615356445	5.455812459615889	3.329608917236328	-0.6984394667672017	7.372096061706543	13.685255205126811	6.832678318023682	6.853447888282853	9.941591262817383	3.2691428918324075	0.220560684800148	7.647484005574967	0.0	0.0	0.0	0.0
12.257890462875366	1781097161.0	1781097161.7272277	5	25.0	29.0	12.0	8.0	NeuronSpectrum 10.06.2026 16:02:51	EEG	checkup_151_10.06.2026 16:02:51	500.0	499.6666666666667	True	0.5	40.0	4	True	50.0	30.0	0.7574329376220703	-0.21505314689355487	4.983637809753418	13.971758309532976	5.850155830383301	7.4780608636920585	6.853921890258789	1.8329911412822026	8.798527717590332	15.458089379022448	9.273305892944336	9.041847773446586	17.042003631591797	6.002413583676876	0.28192833065986633	7.233311536288223	0.0	0.0	0.0	0.0
12.25789189338684	1781097161.0	1781097161.727229	5	25.0	29.0	12.0	8.0	NeuronSpectrum 10.06.2026 16:02:51	EEG	checkup_151_10.06.2026 16:02:51	500.0	499.6666666666667	True	0.5	40.0	4	True	50.0	30.0	1.2648074626922607	0.318321247735951	5.656394004821777	15.279992877121163	6.760913372039795	9.029208754106813	8.511404991149902	3.7917395744932416	9.015534400939941	16.755034323838977	10.327712059020996	10.698498367559719	19.511337280273438	8.091844582075172	-0.9531399607658386	7.0094253295655955	0.0	0.0	0.0	0.0
12.257893800735474	1781097161.0	1781097161.727231	5	25.0	29.0	12.0	8.0	NeuronSpectrum 10.06.2026 16:02:51	EEG	checkup_151_10.06.2026 16:02:51	500.0	499.6666666666667	True	0.5	40.0	4	True	50.0	30.0	1.2855366468429565	0.6133549878213285	5.494701862335205	16.00395779083508	6.747420787811279	9.920295587870726	9.137211799621582	4.865003417614939	9.358477592468262	17.443141072264723	10.981066703796387	11.61071629334413	16.078899383544922	9.20389332824858	-2.7968194484710693	7.050638352340568	0.0	0.0	0.0	0.0
12.257895469665527	1781097161.0	1781097161.7272327	5	25.0	29.0	12.0	8.0	NeuronSpectrum 10.06.2026 16:02:51	EEG	checkup_151_10.06.2026 16:02:51	500.0	499.6666666666667	True	0.5	40.0	4	True	50.0	30.0	0.9371742010116577	0.6674357826305921	5.849855899810791	16.09124168933679	7.179994583129883	10.063001152210502	9.907784461975098	4.878610294975125	10.919110298156738	17.475618334484974	12.207803726196289	11.679582230671278	9.400357246398926	9.174366524771148	-3.9695370197296143	7.379080534956064	0.0	0.0	0.0	0.0
12.25789737701416	1781097161.0	1781097161.7272346	5	25.0	29.0	12.0	8.0	NeuronSpectrum 10.06.2026 16:02:51	EEG	checkup_151_10.06.2026 16:02:51	500.0	499.6666666666667	True	0.5	40.0	4	True	50.0	30.0	0.4199433922767639	0.5287839198868058	6.975055694580078	15.580811351339504	8.363685607910156	9.482285181095401	10.655116081237793	3.8266166423353747	12.960090637207031	16.898832038636666	13.50414752960205	10.937316004888748	5.246277332305908	8.020350977498197	-3.570164918899536	7.952476695389348	0.0	0.0	0.0	0.0
12.257898807525635	1781097161.0	1781097161.727236	5	25.0	29.0	12.0	8.0	NeuronSpectrum 10.06.2026 16:02:51	EEG	checkup_151_10.06.2026 16:02:51	500.0	499.6666666666667	True	0.5	40.0	4	True	50.0	30.0	-0.04475658759474754	0.28111301183175996	7.203714847564697	14.587438352954607	8.625923156738281	8.304039757408077	9.15893268585205	1.8644508036264753	12.596796035766602	15.838291938217855	12.468722343444824	9.535526556829442	9.332978248596191	5.913374003106706	-1.7664148807525635	8.66710156698811	0.0	0.0	0.0	0.0
12.257902145385742	1781097161.0	1781097161.7272394	5	25.0	29.0	12.0	8.0	NeuronSpectrum 10.06.2026 16:02:51	EEG	checkup_151_10.06.2026 16:02:51	500.0	499.6666666666667	True	0.5	40.0	4	True	50.0	30.0	-0.27660852670669556	0.020587966219553583	3.903642177581787	13.268869953433592	5.1936235427856445	6.7215903044044625	2.5021393299102783	-0.7314918778398987	6.545610427856445	14.465776707395847	6.258551597595215	7.706603010629905	23.44864273071289	3.129639010384122	0.354379802942276	9.3784662534995	0.0	0.0	0.0	0.0
12.308048009872437	1781097161.0	1781097161.7773852	5	25.0	29.0	12.0	8.0	NeuronSpectrum 10.06.2026 16:02:51	EEG	checkup_151_10.06.2026 16:02:51	500.0	499.6666666666667	True	0.5	40.0	4	True	50.0	30.0	-1.7389850616455078	-0.16937503366220186	-6.9905619621276855	11.784645226123837	-6.667647361755371	4.949592908838673	-9.764518737792969	-3.626960650698175	-2.2710230350494385	12.955491976223069	-3.9528403282165527	5.707913390914375	-7.003329277038574	-0.007891329202344366	4.904508113861084	9.936161801137839	0.0	0.0	0.0	0.0
12.308052778244019	1781097161.0	1781097161.77739	5	25.0	29.0	12.0	8.0	NeuronSpectrum 10.06.2026 16:02:51	EEG	checkup_151_10.06.2026 16:02:51	500.0	499.6666666666667	True	0.5	40.0	4	True	50.0	30.0	-1.5493314266204834	-0.23917506185054677	-4.557201385498047	10.259558015949652	-4.6805009841918945	3.178448770514738	-8.316350936889648	-6.4978176732904585	0.03197683021426201	11.443219630943451	-1.936570644378662	3.7654940048804573	-5.823135852813721	-3.1845156411995195	5.709584712982178	10.222584085754141	0.0	0.0	0.0	0.0
12.308056354522705	1781097161.0	1781097161.7773936	5	25.0	29.0	12.0	8.0	NeuronSpectrum 10.06.2026 16:02:51	EEG	checkup_151_10.06.2026 16:02:51	500.0	499.6666666666667	True	0.5	40.0	4	True	50.0	30.0	-0.8387553095817566	-0.18428983953460293	-1.4201797246932983	8.765287436161374	-1.9489613771438599	1.5437677404308279	-6.139845848083496	-9.083086809791528	3.030355453491211	10.003912163652966	1.0478984117507935	2.035726909600147	-3.1972193717956543	-6.1353599426102505	3.979987382888794	10.182147325421433	0.0	0.0	0.0	0.0
12.308058261871338	1781097161.0	1781097161.7773955	5	25.0	29.0	12.0	8.0	NeuronSpectrum 10.06.2026 16:02:51	EEG	checkup_151_10.06.2026 16:02:51	500.0	499.6666666666667	True	0.5	40.0	4	True	50.0	30.0	0.12357820570468903	-0.04337211683290794	0.3871699273586273	7.327133507561063	-0.3910849094390869	0.11988257620576122	-5.353021621704102	-11.210105753698356	4.703974723815918	8.6561391018851	2.8676135540008545	0.596229576881685	-1.2859184741973877	-8.664105623914955	0.8206334710121155	9.830515387722404	0.0	0.0	0.0	0.0
12.308059930801392	1781097161.0	1781097161.7773972	5	25.0	29.0	12.0	8.0	NeuronSpectrum 10.06.2026 16:02:51	EEG	checkup_151_10.06.2026 16:02:51	500.0	499.6666666666667	True	0.5	40.0	4	True	50.0	30.0	0.9947553873062134	0.11642606925275094	-0.21423129737377167	5.9506702250491035	-0.9410725235939026	-1.0649503461461318	-6.735670566558838	-12.791879041566016	3.997760772705078	7.388728554150733	2.3866496086120605	-0.5365935170521039	-1.3699049949645996	-10.637879376434288	-2.051480770111084	9.241692685898986	0.0	0.0	0.0	0.0
12.308061838150024	1781097161.0	1781097161.777399	5	25.0	29.0	12.0	8.0	NeuronSpectrum 10.06.2026 16:02:51	EEG	checkup_151_10.06.2026 16:02:51	500.0	499.6666666666667	True	0.5	40.0	4	True	50.0	30.0	1.491315245628357	0.22244113582485062	-2.8739542961120605	4.6528605718925125	-3.156327962875366	-2.004180289821825	-9.384279251098633	-13.807905275319511	1.3272331953048706	6.1941225022915605	-0.000840602966491133	-1.377677862293478	-3.6110239028930664	-11.969731574726909	-3.3296825885772705	8.52042299638603	0.0	0.0	0.0	0.0
12.308063507080078	1781097161.0	1781097161.7774007	5	25.0	29.0	12.0	8.0	NeuronSpectrum 10.06.2026 16:02:51	EEG	checkup_151_10.06.2026 16:02:51	500.0	499.6666666666667	True	0.5	40.0	4	True	50.0	30.0	1.4658219814300537	0.22055040496480624	-6.238257884979248	3.480650731858154	-5.720861911773682	-2.6941564575161068	-11.5509033203125	-14.282440155231392	-1.872530460357666	5.091207655895428	-2.837564468383789	-1.9481057155847923	-7.382618427276611	-12.606169491907481	-2.776886463165283	7.773005422737395	0.0	0.0	0.0	0.0
12.308065414428711	1781097161.0	1781097161.7774026	5	25.0	29.0	12.0	8.0	NeuronSpectrum 10.06.2026 16:02:51	EEG	checkup_151_10.06.2026 16:02:51	500.0	499.6666666666667	True	0.5	40.0	4	True	50.0	30.0	0.9244083166122437	0.09264967796679857	-8.875971794128418	2.507719279865886	-7.3738555908203125	-3.1294561309358193	-11.964186668395996	-14.26885851967148	-4.156627178192139	4.127739792521103	-4.639248371124268	-2.264959739142007	-11.426301956176758	-12.531410288258668	-1.19345223903656	7.088394495094893	0.0	0.0	0.0	0.0
12.308066844940186	1781097161.0	1781097161.777404	5	25.0	29.0	12.0	8.0	NeuronSpectrum 10.06.2026 16:02:51	EEG	checkup_151_10.06.2026 16:02:51	500.0	499.6666666666667	True	0.5	40.0	4	True	50.0	30.0	0.01114577054977417	-0.13792811938366029	-10.086250305175781	1.8115819291264772	-7.65060567855835	-3.3114278426541346	-10.701952934265137	-13.841159894950337	-4.962587833404541	3.3634978996880736	-4.807339668273926	-2.3462293928993034	-13.7960786819458	-11.786487256563834	0.19168342649936676	6.534396345025527	0.0	0.0	0.0	0.0
12.308068752288818	1781097161.0	1781097161.777406	5	25.0	29.0	12.0	8.0	NeuronSpectrum 10.06.2026 16:02:51	EEG	checkup_151_10.06.2026 16:02:51	500.0	499.6666666666667	True	0.5	40.0	4	True	50.0	30.0	-1.0133291482925415	-0.41457965850335526	-10.091531753540039	1.4422811954344654	-6.994974136352539	-3.262019383822524	-9.00755500793457	-13.089019727367068	-4.792642593383789	2.8438240202325664	-3.8456246852874756	-2.22297812235852	-12.259103775024414	-10.488980711856025	0.48927468061447144	6.165106173469102	0.0	0.0	0.0	0.0
12.308070182800293	1781097161.0	1781097161.7774074	5	25.0	29.0	12.0	8.0	NeuronSpectrum 10.06.2026 16:02:51	EEG	checkup_151_10.06.2026 16:02:51	500.0	499.6666666666667	True	0.5	40.0	4	True	50.0	30.0	-1.8265665769577026	-0.6662640473342794	-9.614694595336914	1.3967734695665617	-6.298338890075684	-3.0333404391102174	-8.262218475341797	-12.112610259023898	-4.6438798904418945	2.5759600097320026	-2.8487391471862793	-1.9489449453078431	-5.837916851043701	-8.83562826532174	-0.38217875361442566	6.030154093327612	0.0	0.0	0.0	0.0
12.308072090148926	1781097161.0	1781097161.7774093	5	25.0	29.0	12.0	8.0	NeuronSpectrum 10.06.2026 16:02:51	EEG	checkup_151_10.06.2026 16:02:51	500.0	499.6666666666667	True	0.5	40.0	4	True	50.0	30.0	-2.1551685333251953	-0.8306087884453016	-9.1983060836792	1.6098954579726847	-6.201698303222656	-2.7065371563819705	-8.838088035583496	-11.015691923114812	-5.10487174987793	2.517964101706392	-2.6471614837646484	-1.6007983238752461	3.174764633178711	-7.077944812614006	-1.7497000694274902	6.176458839263991	0.0	0.0	0.0	0.0
12.3080735206604	1781097161.0	1781097161.7774107	5	25.0	29.0	12.0	8.0	NeuronSpectrum 10.06.2026 16:02:51	EEG	checkup_151_10.06.2026 16:02:51	500.0	499.6666666666667	True	0.5	40.0	4	True	50.0	30.0	-1.9025700092315674	-0.8735502317711552	-8.637725830078125	1.9659485844976992	-6.500921726226807	-2.378732748098475	-9.5355806350708	-9.897349803657315	-5.635070323944092	2.584494991034416	-3.051483631134033	-1.2674383961223399	8.73328685760498	-5.475952537428743	-2.686957836151123	6.638405440842158	0.0	0.0	0.0	0.0
12.308075428009033	1781097161.0	1781097161.7774127	5	25.0	29.0	12.0	8.0	NeuronSpectrum 10.06.2026 16:02:51	EEG	checkup_151_10.06.2026 16:02:51	500.0	499.6666666666667	True	0.5	40.0	4	True	50.0	30.0	-1.2220991849899292	-0.7990238794198957	-6.899722099304199	2.3274683229055415	-6.003316879272461	-2.141428655517749	-8.009782791137695	-8.84308664389134	-4.556252479553223	2.667861006510994	-2.685713291168213	-1.0312895575727323	3.6452934741973877	-4.247603646592929	-2.560141086578369	7.419483979829668	0.0	0.0	0.0	0.0
12.308076858520508	1781097161.0	1781097161.777414	5	25.0	29.0	12.0	8.0	NeuronSpectrum 10.06.2026 16:02:51	EEG	checkup_151_10.06.2026 16:02:51	500.0	499.6666666666667	True	0.5	40.0	4	True	50.0	30.0	-0.4529789090156555	-0.645679211897828	-2.636986494064331	2.571853135788231	-3.0092971324920654	-2.0566720927587046	-2.054936170578003	-7.915834645707895	0.08403316885232925	2.6677731140812044	0.3721979856491089	-0.9473054913983046	-15.356549263000488	-3.5324491933104976	-1.3491780757904053	8.473663014590457	0.0	0.0	0.0	0.0
12.308078527450562	1781097161.0	1781097161.7774158	5	25.0	29.0	12.0	8.0	NeuronSpectrum 10.06.2026 16:02:51	EEG	checkup_151_10.06.2026 16:02:51	500.0	499.6666666666667	True	0.5	40.0	4	True	50.0	30.0	0.9489734172821045	-0.4721109318524813	-6.610475063323975	2.623740271457298	-4.476041793823242	-2.13834660093228	-4.794449329376221	-7.148122466451431	-3.3721649646759033	2.5200592529781525	-0.469955712556839	-1.0264893818078358	-0.6046964526176453	-3.376981344669101	2.2559053897857666	9.695723119514364	0.0	0.0	0.0	0.0
12.308079957962036	1781097161.0	1781097161.7774172	5	25.0	29.0	12.0	8.0	NeuronSpectrum 10.06.2026 16:02:51	EEG	checkup_151_10.06.2026 16:02:51	500.0	499.6666666666667	True	0.5	40.0	4	True	50.0	30.0	1.3505984544754028	-0.3361285682034539	-7.348169803619385	2.472551870853786	-4.549961090087891	-2.3449904844107756	-3.13259220123291	-6.53767262261621	-4.418327331542969	2.214560145885346	-1.5181913375854492	-1.2300019562664828	1.6508029699325562	-3.7360611902602536	3.1423914432525635	10.926502020878445	0.0	0.0	0.0	0.0
12.308081865310669	1781097161.0	1781097161.777419	5	25.0	29.0	12.0	8.0	NeuronSpectrum 10.06.2026 16:02:51	EEG	checkup_151_10.06.2026 16:02:51	500.0	499.6666666666667	True	0.5	40.0	4	True	50.0	30.0	0.8176076412200928	-0.2756379195811401	-8.403385162353516	2.170475669577258	-5.2912068367004395	-2.5873609520489533	-2.2065489292144775	-6.0485453242985505	-5.809796333312988	1.7965190274986444	-3.055588722229004	-1.476879043198609	2.680269956588745	-4.481581050946707	3.452742576599121	11.97372422262129	0.0	0.0	0.0	0.0
12.308083295822144	1781097161.0	1781097161.7774205	5	25.0	29.0	12.0	8.0	NeuronSpectrum 10.06.2026 16:02:51	EEG	checkup_151_10.06.2026 16:02:51	500.0	499.6666666666667	True	0.5	40.0	4	True	50.0	30.0	-0.32589688897132874	-0.2978651169947501	-9.15245246887207	1.8137517355041906	-6.240986347198486	-2.7492533278204956	-1.9429017305374146	-5.618343187599795	-6.746329307556152	1.3525193679124152	-4.152599334716797	-1.6634931486293192	1.7135494947433472	-5.416435207881211	3.8070554733276367	12.644565522365022	0.0	0.0	0.0	0.0
12.308085203170776	1781097161.0	1781097161.7774224	5	25.0	29.0	12.0	8.0	NeuronSpectrum 10.06.2026 16:02:51	EEG	checkup_151_10.06.2026 16:02:51	500.0	499.6666666666667	True	0.5	40.0	4	True	50.0	30.0	-1.4082823991775513	-0.3801365600825967	-8.954828262329102	1.515551098482465	-6.593496799468994	-2.715779401075944	-1.7696037292480469	-5.170361108587966	-6.468657970428467	0.9876698952744054	-3.91208553314209	-1.6884192518973427	-0.8529338836669922	-6.298853009356263	4.63688325881958	12.78365783952534	0.0	0.0	0.0	0.0
12.308086633682251	1781097161.0	1781097161.7774239	5	25.0	29.0	12.0	8.0	NeuronSpectrum 10.06.2026 16:02:51	EEG	checkup_151_10.06.2026 16:02:51	500.0	499.6666666666667	True	0.5	40.0	4	True	50.0	30.0	-1.8255630731582642	-0.4807631898349132	-7.746337413787842	1.3795459244607793	-5.875514984130859	-2.4013140421684387	-1.2866843938827515	-4.628945244136459	-4.996894359588623	0.8022386959279324	-2.267177104949951	-1.4748978191702091	-3.6071438789367676	-6.881225645866674	5.672676086425781	12.309247482740895	0.0	0.0	0.0	0.0
12.3080894947052	1781097161.0	1781097161.7774267	5	25.0	29.0	12.0	8.0	NeuronSpectrum 10.06.2026 16:02:51	EEG	checkup_151_10.06.2026 16:02:51	500.0	499.6666666666667	True	0.5	40.0	4	True	50.0	30.0	-1.423566460609436	-0.5549247866772381	-6.335385799407959	1.480058114021874	-4.473349094390869	-1.7702950820665446	-0.7668575048446655	-3.936377562043514	-3.4115500450134277	0.8731835101134829	-0.2732871472835541	-0.9854453740653513	-5.026025295257568	-6.96008301476934	6.006043434143066	11.239637548041278	0.0	0.0	0.0	0.0
12.308091163635254	1781097161.0	1781097161.7774284	5	25.0	29.0	12.0	8.0	NeuronSpectrum 10.06.2026 16:02:51	EEG	checkup_151_10.06.2026 16:02:51	500.0	499.6666666666667	True	0.5	40.0	4	True	50.0	30.0	-0.5653109550476074	-0.5693764378362276	-5.9205121994018555	1.8500188582654251	-3.3960788249969482	-0.8471738392028393	-0.857143223285675	-3.069461852284888	-3.1604812145233154	1.2414899851306156	0.5946882963180542	-0.22766467320396755	-4.517839431762695	-6.426125700217032	4.722823619842529	9.702094658872166	0.0	0.0	0.0	0.0
12.308093070983887	1781097161.0	1781097161.7774303	5	25.0	29.0	12.0	8.0	NeuronSpectrum 10.06.2026 16:02:51	EEG	checkup_151_10.06.2026 16:02:51	500.0	499.6666666666667	True	0.5	40.0	4	True	50.0	30.0	0.15644153952598572	-0.5114161417641946	-7.045264720916748	2.4748398083040306	-3.3441243171691895	0.2847994155176822	-1.6620962619781494	-2.053087640464404	-4.757578372955322	1.903250548829841	-0.26935645937919617	0.7461398484444057	-2.868840217590332	-5.300009897742754	1.6670130491256714	7.918478379176324	0.0	0.0	0.0	0.0
12.308094501495361	1781097161.0	1781097161.7774317	5	25.0	29.0	12.0	8.0	NeuronSpectrum 10.06.2026 16:02:51	EEG	checkup_151_10.06.2026 16:02:51	500.0	499.6666666666667	True	0.5	40.0	4	True	50.0	30.0	0.3439598083496094	-0.39060325000277035	-8.791438102722168	3.290501009960918	-3.8175220489501953	1.4944275279675332	-2.081033706665039	-0.9665350457053936	-6.915926456451416	2.803137968181991	-1.7594612836837769	1.8426937556229022	-1.5536408424377441	-3.7420185214406776	-2.27790904045105	6.166952950052037	0.0	0.0	0.0	0.0
12.308096408843994	1781097161.0	1781097161.7774336	5	25.0	29.0	12.0	8.0	NeuronSpectrum 10.06.2026 16:02:51	EEG	checkup_151_10.06.2026 16:02:51	500.0	499.6666666666667	True	0.5	40.0	4	True	50.0	30.0	0.04333896562457085	-0.23447422189655354	-9.150642395019531	4.187093520094576	-3.262974977493286	2.6216217458168467	-0.3770127594470978	0.06258015552544889	-7.191783905029297	3.832635651631684	-1.68218195438385	2.934792699015492	-1.3271827697753906	-2.0299472252280415	-5.608674049377441	4.726418334403	0.0	0.0	0.0	0.0
12.308098077774048	1781097161.0	1781097161.7774353	5	25.0	29.0	12.0	8.0	NeuronSpectrum 10.06.2026 16:02:51	EEG	checkup_151_10.06.2026 16:02:51	500.0	499.6666666666667	True	0.5	40.0	4	True	50.0	30.0	-0.3458038866519928	-0.08082462044652201	-6.583030700683594	5.021693760490278	-0.42353394627571106	3.503698853218233	4.130832672119141	0.8799873120257139	-3.98329758644104	4.838576441419424	1.352668046951294	3.874489319690256	-1.060692548751831	-0.5067798187893877	-7.051393508911133	3.8169793855370138	0.0	0.0	0.0	0.0
12.358739614486694	1781097161.0	1781097161.8280768	5	25.0	29.0	12.0	8.0	NeuronSpectrum 10.06.2026 16:02:51	EEG	checkup_151_10.06.2026 16:02:51	500.0	499.6666666666667	True	0.5	40.0	4	True	50.0	30.0	-0.40650609135627747	0.03100626516254257	-1.6651498079299927	5.643359259331707	4.085557460784912	4.006569882941946	9.5736665725708	1.3396821685947387	1.56565260887146	5.646376509521381	6.173043727874756	4.514768751579237	2.208453893661499	0.4932794117497387	-6.3089165687561035	3.5525728530331735	0.0	0.0	0.0	0.0
12.358744382858276	1781097161.0	1781097161.8280816	5	25.0	29.0	12.0	8.0	NeuronSpectrum 10.06.2026 16:02:51	EEG	checkup_151_10.06.2026 16:02:51	500.0	499.6666666666667	True	0.5	40.0	4	True	50.0	30.0	-0.006876349449157715	0.0681832644041111	2.5999059677124023	5.92734376254096	7.388054370880127	4.054687568242966	11.77022933959961	1.3420796584640198	5.474094390869141	6.096056072824497	9.020633697509766	4.737442827422038	11.591933250427246	0.7246717858891043	-4.13090705871582	3.9189891562419223	0.0	0.0	0.0	0.0
12.358746528625488	1781097161.0	1781097161.8280838	5	25.0	29.0	12.0	8.0	NeuronSpectrum 10.06.2026 16:02:51	EEG	checkup_151_10.06.2026 16:02:51	500.0	499.6666666666667	True	0.5	40.0	4	True	50.0	30.0	0.6451610326766968	0.0106540029715574	2.4532361030578613	5.808572935926457	5.875362396240234	3.6500481144882073	6.644265651702881	0.8606917415096815	3.2458748817443848	6.081432892545257	5.7704315185546875	4.479510484016392	27.743085861206055	0.09360892621922423	-1.7897478342056274	4.782858221410279	0.0	0.0	0.0	0.0
12.358748197555542	1781097161.0	1781097161.8280854	5	25.0	29.0	12.0	8.0	NeuronSpectrum 10.06.2026 16:02:51	EEG	checkup_151_10.06.2026 16:02:51	500.0	499.6666666666667	True	0.5	40.0	4	True	50.0	30.0	-0.00127554836217314	-0.1452841168164256	-6.619396209716797	5.301583011672069	-4.308350563049316	2.871444098371875	-2.292189836502075	-0.05439013166840463	-2.7475833892822266	5.5794795760952	-0.3160441517829895	3.748708610521889	-2.9168217182159424	-1.3199222242966826	-0.6646489500999451	5.927882268148729	0.0	0.0	0.0	0.0
12.358750104904175	1781097161.0	1781097161.8280873	5	25.0	29.0	12.0	8.0	NeuronSpectrum 10.06.2026 16:02:51	EEG	checkup_151_10.06.2026 16:02:51	500.0	499.6666666666667	True	0.5	40.0	4	True	50.0	30.0	-0.44180750846862793	-0.3868539615181176	-6.556647777557373	4.4988085409334095	-4.522367477416992	1.8523624552898297	-2.737182855606079	-1.297347865070317	-2.0040271282196045	4.660479828143769	0.5341758131980896	2.623232786643165	-7.567371845245361	-3.294780162570289	1.3397495746612549	7.10730074600386	0.0	0.0	0.0	0.0
12.358751773834229	1781097161.0	1781097161.828089	5	25.0	29.0	12.0	8.0	NeuronSpectrum 10.06.2026 16:02:51	EEG	checkup_151_10.06.2026 16:02:51	500.0	499.6666666666667	True	0.5	40.0	4	True	50.0	30.0	-0.863898754119873	-0.6881037259670089	-6.885315418243408	3.548702044027922	-4.601155757904053	0.7457415937756855	-2.804044723510742	-2.74116562496458	-2.3482983112335205	3.4773338749275373	0.5369622707366943	1.2372952674875566	-10.537485122680664	-5.545832838884108	2.5682873725891113	8.098403447431128	0.0	0.0	0.0	0.0
12.358753442764282	1781097161.0	1781097161.8280907	5	25.0	29.0	12.0	8.0	NeuronSpectrum 10.06.2026 16:02:51	EEG	checkup_151_10.06.2026 16:02:51	500.0	499.6666666666667	True	0.5	40.0	4	True	50.0	30.0	-1.0901373624801636	-1.0155983158653203	-7.479532718658447	2.62302078313856	-4.72147274017334	-0.31057080413856814	-3.0113513469696045	-4.269986269464211	-3.77292537689209	2.2385738771982133	-0.7176545262336731	-0.241813765528	-10.997635841369629	-7.8128638939189665	2.911965847015381	8.745943799028879	0.0	0.0	0.0	0.0
12.358755111694336	1781097161.0	1781097161.8280923	5	25.0	29.0	12.0	8.0	NeuronSpectrum 10.06.2026 16:02:51	EEG	checkup_151_10.06.2026 16:02:51	500.0	499.6666666666667	True	0.5	40.0	4	True	50.0	30.0	-1.1753612756729126	-1.3347662418185084	-7.937244892120361	1.8842725748833928	-4.796038627624512	-1.2159524934711565	-3.5581629276275635	-5.797272883445383	-5.655361175537109	1.1717919395053398	-2.8695919513702393	-1.6397319841812417	-9.024663925170898	-9.923295820061112	2.4360735416412354	8.985394462619023	0.0	0.0	0.0	0.0
12.35875678062439	1781097161.0	1781097161.828094	5	25.0	29.0	12.0	8.0	NeuronSpectrum 10.06.2026 16:02:51	EEG	checkup_151_10.06.2026 16:02:51	500.0	499.6666666666667	True	0.5	40.0	4	True	50.0	30.0	-1.3304340839385986	-1.615304385759308	-7.862114429473877	1.4609149747152694	-4.6204705238342285	-1.9122879524143446	-4.22770881652832	-7.266366363071571	-7.077265739440918	0.4840332205258475	-4.96837854385376	-2.800423711135139	-5.966024398803711	-11.806537195107994	1.3914471864700317	8.842746823803981	0.0	0.0	0.0	0.0
12.358758211135864	1781097161.0	1781097161.8280954	5	25.0	29.0	12.0	8.0	NeuronSpectrum 10.06.2026 16:02:51	EEG	checkup_151_10.06.2026 16:02:51	500.0	499.6666666666667	True	0.5	40.0	4	True	50.0	30.0	-1.688997507095337	-1.8347945433121762	-7.164318561553955	1.4332831356170905	-4.159694671630859	-2.375166214753456	-4.7213640213012695	-8.637670136636276	-7.313259124755859	0.3256724688507907	-6.062051296234131	-3.607805795375018	-4.167308807373047	-13.462807274654581	0.1728244125843048	8.413602983475345	0.0	0.0	0.0	0.0
12.358760118484497	1781097161.0	1781097161.8280973	5	25.0	29.0	12.0	8.0	NeuronSpectrum 10.06.2026 16:02:51	EEG	checkup_151_10.06.2026 16:02:51	500.0	499.6666666666667	True	0.5	40.0	4	True	50.0	30.0	-2.1525943279266357	-1.9804707965380313	-6.091665744781494	1.8297934259230786	-3.648798942565918	-2.5979013670331916	-5.063244342803955	-9.870616468272663	-6.161261558532715	0.7644380946090256	-5.761439323425293	-3.9998955238540965	-5.617082595825195	-14.909250912133533	-0.800938069820404	7.829200760642937	0.0	0.0	0.0	0.0
12.358761548995972	1781097161.0	1781097161.8280988	5	25.0	29.0	12.0	8.0	NeuronSpectrum 10.06.2026 16:02:51	EEG	checkup_151_10.06.2026 16:02:51	500.0	499.6666666666667	True	0.5	40.0	4	True	50.0	30.0	-2.4595444202423096	-2.049447694802638	-5.007551670074463	2.631096463063885	-3.4363491535186768	-2.5761045903906385	-5.712286472320557	-10.909018686071798	-3.993462085723877	1.7751429241725316	-4.44669246673584	-3.9721639338695742	-10.221464157104492	-16.132663959088738	-1.2808250188827515	7.219520982439534	0.0	0.0	0.0	0.0
12.358763217926025	1781097161.0	1781097161.8281004	5	25.0	29.0	12.0	8.0	NeuronSpectrum 10.06.2026 16:02:51	EEG	checkup_151_10.06.2026 16:02:51	500.0	499.6666666666667	True	0.5	40.0	4	True	50.0	30.0	-2.4084813594818115	-2.047669812924532	-4.107465744018555	3.779233509475573	-3.702925682067871	-2.298901427172932	-7.206288814544678	-11.676447783730385	-1.5274544954299927	3.2475799895178126	-2.9834392070770264	-3.5692008631278123	-15.238171577453613	-17.070497607303952	-1.2739894390106201	6.683198325369303	0.0	0.0	0.0	0.0
12.3587646484375	1781097161.0	1781097161.8281019	5	25.0	29.0	12.0	8.0	NeuronSpectrum 10.06.2026 16:02:51	EEG	checkup_151_10.06.2026 16:02:51	500.0	499.6666666666667	True	0.5	40.0	4	True	50.0	30.0	-2.0286688804626465	-1.9877193481226187	-3.337818145751953	5.189208000409677	-4.329908847808838	-1.7496931103287368	-9.606821060180664	-12.084595185738234	0.5076941251754761	5.010711039198992	-2.186596632003784	-2.8674240268003026	-17.06342315673828	-17.625710495600106	-1.0098724365234375	6.270939496941215	0.0	0.0	0.0	0.0
12.358767986297607	1781097161.0	1781097161.8281052	5	25.0	29.0	12.0	8.0	NeuronSpectrum 10.06.2026 16:02:51	EEG	checkup_151_10.06.2026 16:02:51	500.0	499.6666666666667	True	0.5	40.0	4	True	50.0	30.0	-1.5388472080230713	-1.88575664030229	-2.508178472518921	6.76132986376358	-4.959287643432617	-0.9155220627883915	-12.115490913391113	-12.052823822483031	1.7246882915496826	6.8673610648839	-2.3128726482391357	-1.9544167029764243	-14.566015243530273	-17.705477343586942	-0.7287955284118652	5.984653354116066	0.0	0.0	0.0	0.0
12.35876989364624	1781097161.0	1781097161.828107	5	25.0	29.0	12.0	8.0	NeuronSpectrum 10.06.2026 16:02:51	EEG	checkup_151_10.06.2026 16:02:51	500.0	499.6666666666667	True	0.5	40.0	4	True	50.0	30.0	-1.1632211208343506	-1.7582803771044588	-1.3215299844741821	8.393599554089105	-5.029903888702393	0.19928420961664003	-13.08691120147705	-11.532534619272912	2.446528911590576	8.631530797412696	-2.7348859310150146	-0.9109928887040539	-11.251289367675781	-17.265865462060805	-0.5072876214981079	5.7899535010828815	0.0	0.0	0.0	0.0
12.358771324157715	1781097161.0	1781097161.8281085	5	25.0	29.0	12.0	8.0	NeuronSpectrum 10.06.2026 16:02:51	EEG	checkup_151_10.06.2026 16:02:51	500.0	499.6666666666667	True	0.5	40.0	4	True	50.0	30.0	-0.9699151515960693	-1.61975495694014	0.7322123050689697	9.99361342438247	-3.73844313621521	1.5612691226857844	-10.548263549804688	-10.5275918669161	3.8473103046417236	10.160480130670454	-2.00346040725708	0.1997526240216762	-13.813414573669434	-16.345386259306792	-0.23034878075122833	5.636349011706467	0.0	0.0	0.0	0.0
12.358772993087769	1781097161.0	1781097161.8281102	5	25.0	29.0	12.0	8.0	NeuronSpectrum 10.06.2026 16:02:51	EEG	checkup_151_10.06.2026 16:02:51	500.0	499.6666666666667	True	0.5	40.0	4	True	50.0	30.0	-0.867654025554657	-1.4820665594508378	4.414316654205322	11.488720918639258	-0.09886112064123154	3.1031571560703237	-3.1133291721343994	-9.103506185298109	7.564487934112549	11.375211998696951	1.5831542015075684	1.3349229487293952	-27.089588165283203	-15.075406343783431	0.2966826260089874	5.4780104235668565	0.0	0.0	0.0	0.0
12.358774662017822	1781097161.0	1781097161.828112	5	25.0	29.0	12.0	8.0	NeuronSpectrum 10.06.2026 16:02:51	EEG	checkup_151_10.06.2026 16:02:51	500.0	499.6666666666667	True	0.5	40.0	4	True	50.0	30.0	-1.632333755493164	-1.3560639910892405	5.733270645141602	12.831980315747371	3.1341140270233154	4.728581343199542	-5.512823581695557	-7.382863445099853	7.954506874084473	12.265109900981734	1.9068036079406738	2.4665227324718004	-10.368239402770996	-13.660853767323598	-1.4698495864868164	5.2886710643303525	0.0	0.0	0.0	0.0
12.358776092529297	1781097161.0	1781097161.8281133	5	25.0	29.0	12.0	8.0	NeuronSpectrum 10.06.2026 16:02:51	EEG	checkup_151_10.06.2026 16:02:51	500.0	499.6666666666667	True	0.5	40.0	4	True	50.0	30.0	-1.9354915618896484	-1.2543034563885076	6.248736381530762	14.001189426618856	5.025421619415283	6.324486657496231	-2.9559202194213867	-5.529484988432775	7.04005765914917	12.875397783255865	2.2733144760131836	3.5704778831204367	-3.8763368129730225	-12.331827870986993	-1.837775468826294	5.066750432689852	0.0	0.0	0.0	0.0
12.35877799987793	1781097161.0	1781097161.8281152	5	25.0	29.0	12.0	8.0	NeuronSpectrum 10.06.2026 16:02:51	EEG	checkup_151_10.06.2026 16:02:51	500.0	499.6666666666667	True	0.5	40.0	4	True	50.0	30.0	-2.0751328468322754	-1.1930785551824519	5.819032669067383	14.99017435687597	5.726395130157471	7.776807883635494	-1.1553993225097656	-3.7257948905960236	5.566112518310547	13.280488553434424	2.1730077266693115	4.613572026451794	-0.6065989136695862	-11.27818867804905	-2.270235538482666	4.830400726431665	0.0	0.0	0.0	0.0
12.358779668807983	1781097161.0	1781097161.828117	5	25.0	29.0	12.0	8.0	NeuronSpectrum 10.06.2026 16:02:51	EEG	checkup_151_10.06.2026 16:02:51	500.0	499.6666666666667	True	0.5	40.0	4	True	50.0	30.0	-1.898573875427246	-1.19155645875203	5.4779486656188965	15.795345334117007	5.906991004943848	8.985177576521254	0.1932682991027832	-2.1468264201028324	4.845869064331055	13.551594454491154	2.461246967315674	5.543727283120153	-1.4152185916900635	-10.590676015338513	-2.8084492683410645	4.605613268691662	0.0	0.0	0.0	0.0
12.358781337738037	1781097161.0	1781097161.8281186	5	25.0	29.0	12.0	8.0	NeuronSpectrum 10.06.2026 16:02:51	EEG	checkup_151_10.06.2026 16:02:51	500.0	499.6666666666667	True	0.5	40.0	4	True	50.0	30.0	-1.3780063390731812	-1.2667844005074986	6.298302173614502	16.404032903675017	6.519450664520264	9.874739214673856	1.7110406160354614	-0.9330193296163043	5.942389488220215	13.73046952877674	3.969862937927246	6.289705135894699	-5.106372833251953	-10.233935003452663	-3.2678682804107666	4.412582429687544	0.0	0.0	0.0	0.0
12.35878300666809	1781097161.0	1781097161.8281202	5	25.0	29.0	12.0	8.0	NeuronSpectrum 10.06.2026 16:02:51	EEG	checkup_151_10.06.2026 16:02:51	500.0	499.6666666666667	True	0.5	40.0	4	True	50.0	30.0	-0.7168941497802734	-1.4252834075449876	8.476816177368164	16.79149181602204	7.918665885925293	10.405301516601586	3.5273079872131348	-0.16460413442574595	8.713236808776855	13.819733218475427	6.624659538269043	6.773874327175173	-9.09020709991455	-10.06481977464347	-3.3526062965393066	4.255725574452991	0.0	0.0	0.0	0.0
12.358784914016724	1781097161.0	1781097161.8281221	5	25.0	29.0	12.0	8.0	NeuronSpectrum 10.06.2026 16:02:51	EEG	checkup_151_10.06.2026 16:02:51	500.0	499.6666666666667	True	0.5	40.0	4	True	50.0	30.0	-0.31520116329193115	-1.6540955683831808	10.90338134765625	16.929543424864463	9.373527526855469	10.57811053119445	4.8308892250061035	0.15744221245724768	11.5366792678833	13.793246692624626	9.089571952819824	6.936021846231218	-10.928888320922852	-9.889895142041663	-2.9320285320281982	4.121278926899456	0.0	0.0	0.0	0.0
12.358786582946777	1781097161.0	1781097161.8281238	5	25.0	29.0	12.0	8.0	NeuronSpectrum 10.06.2026 16:02:51	EEG	checkup_151_10.06.2026 16:02:51	500.0	499.6666666666667	True	0.5	40.0	4	True	50.0	30.0	-0.5355536937713623	-1.9154258487119156	11.787772178649902	16.803323566536623	9.540914535522461	10.438583017465685	4.4024834632873535	0.11721662037191605	12.254034996032715	13.620511486619485	9.512849807739258	6.759678778004635	-9.865340232849121	-9.540075278670415	-2.2442095279693604	3.9836894727625225	0.0	0.0	0.0	0.0
12.358788251876831	1781097161.0	1781097161.8281255	5	25.0	29.0	12.0	8.0	NeuronSpectrum 10.06.2026 16:02:51	EEG	checkup_151_10.06.2026 16:02:51	500.0	499.6666666666667	True	0.5	40.0	4	True	50.0	30.0	-1.4094346761703491	-2.148579907107491	10.06462574005127	16.42735804158669	7.681633949279785	10.071654414983225	1.8802614212036133	-0.12905225512003438	9.857452392578125	13.292250908732175	7.023769855499268	6.288986223954825	-7.315344333648682	-8.935143493169086	-1.7648166418075562	3.818801638166245	0.0	0.0	0.0	0.0
12.358789920806885	1781097161.0	1781097161.8281271	5	25.0	29.0	12.0	8.0	NeuronSpectrum 10.06.2026 16:02:51	EEG	checkup_151_10.06.2026 16:02:51	500.0	499.6666666666667	True	0.5	40.0	4	True	50.0	30.0	-2.536356210708618	-2.280596317356036	6.537190914154053	15.851798486320044	4.667140960693359	9.587397331429448	-1.3188477754592896	-0.3852727401359753	5.64890193939209	12.834381815667724	2.830045700073242	5.6266574889851935	-5.726438045501709	-8.116903291993637	-1.8583611249923706	3.6191308052988687	0.0	0.0	0.0	0.0
12.358791589736938	1781097161.0	1781097161.8281288	5	25.0	29.0	12.0	8.0	NeuronSpectrum 10.06.2026 16:02:51	EEG	checkup_151_10.06.2026 16:02:51	500.0	499.6666666666667	True	0.5	40.0	4	True	50.0	30.0	-3.2938108444213867	-2.2435818365463267	3.607940435409546	15.154811018622883	2.706496477127075	9.098670169474657	-2.5684938430786133	-0.4602304010584499	2.621736526489258	12.304622417661694	-0.2782503366470337	4.9116584980357	-6.42864465713501	-7.241894925329581	-2.443892240524292	3.4053916509937525	0.0	0.0	0.0	0.0
12.358793258666992	1781097161.0	1781097161.8281305	5	25.0	29.0	12.0	8.0	NeuronSpectrum 10.06.2026 16:02:51	EEG	checkup_151_10.06.2026 16:02:51	500.0	499.6666666666667	True	0.5	40.0	4	True	50.0	30.0	-3.2281153202056885	-1.9937487906837899	3.498556137084961	14.42470396287921	3.6820521354675293	8.697296901142927	-0.07964640110731125	-0.21195612593127505	3.174858808517456	11.775617857373467	0.008794976398348808	4.284610507905061	-7.938355445861816	-6.536719045690909	-3.024628162384033	3.229398498037083	0.0	0.0	0.0	0.0
12.358794927597046	1781097161.0	1781097161.8281322	5	25.0	29.0	12.0	8.0	NeuronSpectrum 10.06.2026 16:02:51	EEG	checkup_151_10.06.2026 16:02:51	500.0	499.6666666666667	True	0.5	40.0	4	True	50.0	30.0	-2.340806007385254	-1.5259677720981693	6.196610450744629	13.740421768405334	7.254525184631348	8.436957006685711	5.044205188751221	0.421652533802741	6.768203258514404	11.314600297942468	3.32418155670166	3.854094838767568	-6.100417613983154	-6.227821329902775	-3.0728068351745605	3.166034410969494	0.0	0.0	0.0	0.0
12.3587965965271	1781097161.0	1781097161.8281338	5	25.0	29.0	12.0	8.0	NeuronSpectrum 10.06.2026 16:02:51	EEG	checkup_151_10.06.2026 16:02:51	500.0	499.6666666666667	True	0.5	40.0	4	True	50.0	30.0	-1.0553191900253296	-0.8789022838197251	8.855101585388184	13.158342564232496	10.361570358276367	8.327768703168497	8.617599487304688	1.4135259495789543	9.534754753112793	10.968855779293477	6.168426513671875	3.675130806465563	3.5149905681610107	-6.46402224190213	-2.4428625106811523	3.295099945575989	0.0	0.0	0.0	0.0
12.358798503875732	1781097161.0	1781097161.8281357	5	25.0	29.0	12.0	8.0	NeuronSpectrum 10.06.2026 16:02:51	EEG	checkup_151_10.06.2026 16:02:51	500.0	499.6666666666667	True	0.5	40.0	4	True	50.0	30.0	0.08814803510904312	-0.12891672503982102	7.473618507385254	12.708096832868065	8.901771545410156	8.34157074750756	5.780124187469482	2.6584909091581803	6.635488033294678	10.760518368091871	3.998004198074341	3.744164786838798	22.117422103881836	-7.255562662985935	-1.480521559715271	3.6765209522488704	0.0	0.0	0.0	0.0
12.409657001495361	1781097161.0	1781097161.8789942	5	25.0	29.0	12.0	8.0	NeuronSpectrum 10.06.2026 16:02:51	EEG	checkup_151_10.06.2026 16:02:51	500.0	499.6666666666667	True	0.5	40.0	4	True	50.0	30.0	0.9134855270385742	0.6254410879158381	2.6546175479888916	12.394921577980258	2.626239776611328	8.422770817351864	3.2019894123077393	3.9980802134149425	3.8614695072174072	10.6886660283666	0.6242702603340149	4.00817897352117	-11.852038383483887	-8.454509339727808	-3.6618149280548096	4.324361686570767	0.0	0.0	0.0	0.0
12.40966248512268	1781097161.0	1781097161.8789997	5	25.0	29.0	12.0	8.0	NeuronSpectrum 10.06.2026 16:02:51	EEG	checkup_151_10.06.2026 16:02:51	500.0	499.6666666666667	True	0.5	40.0	4	True	50.0	30.0	2.3504867553710938	1.283861279747319	3.8429861068725586	12.204598890613473	4.0164384841918945	8.500248156541327	6.099531650543213	5.252076192580598	5.854094505310059	10.734943024802359	3.3565332889556885	4.38267823679234	-15.19066333770752	-9.790418015700778	-3.4887094497680664	5.186566621328556	0.0	0.0	0.0	0.0
12.409664869308472	1781097161.0	1781097161.879002	5	25.0	29.0	12.0	8.0	NeuronSpectrum 10.06.2026 16:02:51	EEG	checkup_151_10.06.2026 16:02:51	500.0	499.6666666666667	True	0.5	40.0	4	True	50.0	30.0	3.1763646602630615	1.763963075983041	4.5003533363342285	12.108859466944729	5.33615779876709	8.499321714456315	8.645417213439941	6.252052733425684	6.866194248199463	10.87004124906392	5.218300819396973	4.773521311877679	-15.908424377441406	-10.951361452298874	-2.4437174797058105	6.137999441588049	0.0	0.0	0.0	0.0
12.409666776657104	1781097161.0	1781097161.879004	5	25.0	29.0	12.0	8.0	NeuronSpectrum 10.06.2026 16:02:51	EEG	checkup_151_10.06.2026 16:02:51	500.0	499.6666666666667	True	0.5	40.0	4	True	50.0	30.0	3.05672550201416	2.0151859351162047	4.557286262512207	12.070965717398034	6.144535541534424	8.354675719445794	10.2146635055542	6.872858149811473	6.703029155731201	11.0593146773633	5.698474407196045	5.097815263707127	-13.858207702636719	-11.677522013539114	-0.48925966024398804	6.992844256198924	0.0	0.0	0.0	0.0
12.409668445587158	1781097161.0	1781097161.8790057	5	25.0	29.0	12.0	8.0	NeuronSpectrum 10.06.2026 16:02:51	EEG	checkup_151_10.06.2026 16:02:51	500.0	499.6666666666667	True	0.5	40.0	4	True	50.0	30.0	2.0785043239593506	2.023838909817231	4.213196277618408	12.051154661417048	6.149796009063721	8.023410035351333	10.473069190979004	7.056377414019523	5.727553367614746	11.265764692842984	4.891473770141602	5.298659754134433	-9.962420463562012	-11.82968098142629	1.8717308044433594	7.537726277496388	0.0	0.0	0.0	0.0
12.409670352935791	1781097161.0	1781097161.8790076	5	25.0	29.0	12.0	8.0	NeuronSpectrum 10.06.2026 16:02:51	EEG	checkup_151_10.06.2026 16:02:51	500.0	499.6666666666667	True	0.5	40.0	4	True	50.0	30.0	0.8021979331970215	1.8093108948458865	3.7924959659576416	12.010909196435712	5.3599090576171875	7.49456305992044	9.559042930603027	6.821131840790694	4.68705415725708	11.449344850963959	3.451646566390991	5.349522688153968	-6.018833160400391	-11.410626410840246	3.742072105407715	7.579847246906013	0.0	0.0	0.0	0.0
12.409672021865845	1781097161.0	1781097161.8790092	5	25.0	29.0	12.0	8.0	NeuronSpectrum 10.06.2026 16:02:51	EEG	checkup_151_10.06.2026 16:02:51	500.0	499.6666666666667	True	0.5	40.0	4	True	50.0	30.0	-0.05396861210465431	1.4145362383908238	3.6061649322509766	11.915403454155658	4.1176652908325195	6.791039150118321	8.068574905395508	6.254002441550336	4.370344638824463	11.563982249792572	2.3025734424591064	5.247840452472898	-3.9675142765045166	-10.540847851810378	4.229751110076904	6.9977891834342945	0.0	0.0	0.0	0.0
12.409673690795898	1781097161.0	1781097161.879011	5	25.0	29.0	12.0	8.0	NeuronSpectrum 10.06.2026 16:02:51	EEG	checkup_151_10.06.2026 16:02:51	500.0	499.6666666666667	True	0.5	40.0	4	True	50.0	30.0	-0.09752064943313599	0.8955587443019347	3.8408896923065186	11.73487133928052	2.966209888458252	5.962618711031608	6.794265270233154	5.485962855177111	5.199660778045654	11.556380372505924	2.1811304092407227	5.00240879056884	-4.612793445587158	-9.406611930978057	2.8531620502471924	5.779551085274468	0.0	0.0	0.0	0.0
12.409675359725952	1781097161.0	1781097161.8790126	5	25.0	29.0	12.0	8.0	NeuronSpectrum 10.06.2026 16:02:51	EEG	checkup_151_10.06.2026 16:02:51	500.0	499.6666666666667	True	0.5	40.0	4	True	50.0	30.0	0.454196035861969	0.3144152039118171	4.418471813201904	11.44664733992168	2.3167011737823486	5.0726266958586255	6.245325565338135	4.659147532012093	6.87933349609375	11.371090469491948	3.159740686416626	4.622022856028666	-6.648116588592529	-8.202571219775974	-0.2656364142894745	4.034699082812287	0.0	0.0	0.0	0.0
12.409677267074585	1781097161.0	1781097161.8790145	5	25.0	29.0	12.0	8.0	NeuronSpectrum 10.06.2026 16:02:51	EEG	checkup_151_10.06.2026 16:02:51	500.0	499.6666666666667	True	0.5	40.0	4	True	50.0	30.0	0.9464530944824219	-0.2632472315001963	4.928961753845215	11.039142294311468	2.127953052520752	4.183309042963152	6.273978233337402	3.89498007373549	8.389108657836914	10.96347883705795	4.4815216064453125	4.111594957070464	-7.0857696533203125	-7.084753905876059	-4.4305100440979	1.974938340069523	0.0	0.0	0.0	0.0
12.40967869758606	1781097161.0	1781097161.879016	5	25.0	29.0	12.0	8.0	NeuronSpectrum 10.06.2026 16:02:51	EEG	checkup_151_10.06.2026 16:02:51	500.0	499.6666666666667	True	0.5	40.0	4	True	50.0	30.0	0.7951184511184692	-0.7678823261235932	4.754519462585449	10.517203859584797	1.844718337059021	3.3446891001492354	6.123560905456543	3.271495428271755	8.463689804077148	10.317376759689939	4.913430690765381	3.4772242658116994	-3.5385429859161377	-6.140162959979568	-8.575230598449707	-0.1324759834928793	0.0	0.0	0.0	0.0
12.409680128097534	1781097161.0	1781097161.8790174	5	25.0	29.0	12.0	8.0	NeuronSpectrum 10.06.2026 16:02:51	EEG	checkup_151_10.06.2026 16:02:51	500.0	499.6666666666667	True	0.5	40.0	4	True	50.0	30.0	-0.06589927524328232	-1.1272664134681345	3.4770703315734863	9.906369233833162	0.7985453605651855	2.5891541197505434	5.05618953704834	2.8136969446209585	6.459877967834473	9.460203909512265	3.581857204437256	2.7361933062535737	2.942261219024658	-5.373348112662361	-11.538850784301758	-2.0249963916177256	0.0	0.0	0.0	0.0
12.409682035446167	1781097161.0	1781097161.8790193	5	25.0	29.0	12.0	8.0	NeuronSpectrum 10.06.2026 16:02:51	EEG	checkup_151_10.06.2026 16:02:51	500.0	499.6666666666667	True	0.5	40.0	4	True	50.0	30.0	-1.1486278772354126	-1.2728769531281223	1.4602787494659424	9.252826849839444	-1.0335015058517456	1.9310329292259292	3.27927303314209	2.496278103012286	3.1974411010742188	8.467739228597786	0.9056382775306702	1.924801253734827	6.95050048828125	-4.71048593691377	-12.426444053649902	-3.5007323285770933	0.0	0.0	0.0	0.0
12.409683465957642	1781097161.0	1781097161.8790207	5	25.0	29.0	12.0	8.0	NeuronSpectrum 10.06.2026 16:02:51	EEG	checkup_151_10.06.2026 16:02:51	500.0	499.6666666666667	True	0.5	40.0	4	True	50.0	30.0	-1.793318748474121	-1.1521431690145558	0.13000498712062836	8.617050550853603	-2.4760560989379883	1.3687082175194305	2.424173593521118	2.2552610210639306	1.0640243291854858	7.454013723362352	-1.1055934429168701	1.0978779971711528	1.3560762405395508	-4.0234234822509505	-10.920099258422852	-4.4541176101669535	0.0	0.0	0.0	0.0
12.409685373306274	1781097161.0	1781097161.8790226	5	25.0	29.0	12.0	8.0	NeuronSpectrum 10.06.2026 16:02:51	EEG	checkup_151_10.06.2026 16:02:51	500.0	499.6666666666667	True	0.5	40.0	4	True	50.0	30.0	-1.654679298400879	-0.7435980608602074	1.5167423486709595	8.061432366122204	-1.4144941568374634	0.886911343986111	4.927140235900879	2.004324644549378	2.9779350757598877	6.547216234891426	0.319511353969574	0.31782458548703585	-17.367542266845703	-3.172912806121418	-7.479795455932617	-4.883049654286913	0.0	0.0	0.0	0.0
12.460628032684326	1781097161.0	1781097161.9299653	5	25.0	29.0	12.0	8.0	NeuronSpectrum 10.06.2026 16:02:51	EEG	checkup_151_10.06.2026 16:02:51	500.0	499.6666666666667	True	0.5	40.0	4	True	50.0	30.0	-0.9683369398117065	-0.06951367396433683	-1.4049646854400635	7.634602878131936	-2.933887004852295	0.4581022728502321	4.248325347900391	1.6518466288513827	-1.463067889213562	5.857420850655352	-2.972755193710327	-0.3642790945273414	-2.290372610092163	-2.060422418474551	-10.888466835021973	-4.869282514294154	0.0	0.0	0.0	0.0
12.460633277893066	1781097161.0	1781097161.9299705	5	25.0	29.0	12.0	8.0	NeuronSpectrum 10.06.2026 16:02:51	EEG	checkup_151_10.06.2026 16:02:51	500.0	499.6666666666667	True	0.5	40.0	4	True	50.0	30.0	0.4296332597732544	0.7994084946682718	-1.173677682876587	7.356710775122761	-2.9952280521392822	0.04331804548825362	3.7621684074401855	1.1153166289759358	-1.8689707517623901	5.444925889597702	-3.823713541030884	-0.9294081745722097	1.5182288885116577	-0.6693422283152954	-9.569425582885742	-4.541682272569481	0.0	0.0	0.0	0.0
12.4606351852417	1781097161.0	1781097161.9299724	5	25.0	29.0	12.0	8.0	NeuronSpectrum 10.06.2026 16:02:51	EEG	checkup_151_10.06.2026 16:02:51	500.0	499.6666666666667	True	0.5	40.0	4	True	50.0	30.0	1.8872365951538086	1.7504052018403946	-0.42082563042640686	7.2104973237476875	-2.9960319995880127	-0.40593686973740356	2.62512469291687	0.33110510377311875	-1.1933664083480835	5.2988894618347215	-4.050227165222168	-1.4053119346432608	4.938244342803955	0.9212608293462101	-8.228918075561523	-4.034815516962889	0.0	0.0	0.0	0.0
12.460637092590332	1781097161.0	1781097161.9299743	5	25.0	29.0	12.0	8.0	NeuronSpectrum 10.06.2026 16:02:51	EEG	checkup_151_10.06.2026 16:02:51	500.0	499.6666666666667	True	0.5	40.0	4	True	50.0	30.0	3.0898191928863525	2.6456940489955088	0.502519428730011	7.1421440575871555	-3.095935821533203	-0.9427043073969023	1.045494556427002	-0.7402691602977094	0.2928503751754761	5.334387865203255	-3.7034854888916016	-1.8678455294512606	7.132227420806885	2.5543180329800284	-7.367830753326416	-3.453841560369372	0.0	0.0	0.0	0.0
12.460638523101807	1781097161.0	1781097161.9299757	5	25.0	29.0	12.0	8.0	NeuronSpectrum 10.06.2026 16:02:51	EEG	checkup_151_10.06.2026 16:02:51	500.0	499.6666666666667	True	0.5	40.0	4	True	50.0	30.0	3.8979105949401855	3.3465916283242247	1.3752975463867188	7.073162487329178	-3.2131128311157227	-1.6152131629766993	-0.3833340108394623	-2.111288681869464	2.2071547508239746	5.411297171815612	-2.8401143550872803	-2.4249572109954998	8.201640129089355	4.034608331587339	-7.295116901397705	-2.853152523124293	0.0	0.0	0.0	0.0
12.460641622543335	1781097161.0	1781097161.9299788	5	25.0	29.0	12.0	8.0	NeuronSpectrum 10.06.2026 16:02:51	EEG	checkup_151_10.06.2026 16:02:51	500.0	499.6666666666667	True	0.5	40.0	4	True	50.0	30.0	4.286925792694092	3.739261846308917	1.9716460704803467	6.920609673755118	-3.3160207271575928	-2.4540235508068964	-1.3072693347930908	-3.7646920559710733	3.8874664306640625	5.371173713184107	-1.8409266471862793	-3.1854442098853744	8.955018997192383	5.17600063220488	-7.8578948974609375	-2.232040883593346	0.0	0.0	0.0	0.0
12.460643768310547	1781097161.0	1781097161.929981	5	25.0	29.0	12.0	8.0	NeuronSpectrum 10.06.2026 16:02:51	EEG	checkup_151_10.06.2026 16:02:51	500.0	499.6666666666667	True	0.5	40.0	4	True	50.0	30.0	4.271203517913818	3.7565149652262795	1.8284912109375	6.619375637179895	-3.813692331314087	-3.459275219321372	-2.2068629264831543	-5.650444356884009	4.3034586906433105	5.08130395653005	-1.6658587455749512	-4.221266401189454	10.01877498626709	5.843024646389872	-8.413299560546875	-1.5461194335999264	0.0	0.0	0.0	0.0
12.460645198822021	1781097161.0	1781097161.9299824	5	25.0	29.0	12.0	8.0	NeuronSpectrum 10.06.2026 16:02:51	EEG	checkup_151_10.06.2026 16:02:51	500.0	499.6666666666667	True	0.5	40.0	4	True	50.0	30.0	3.876570224761963	3.3913097596411133	0.3989700973033905	6.139011808153453	-5.459513187408447	-4.5934418308814395	-4.195736408233643	-7.684879114481117	2.518693447113037	4.471623497918392	-3.4616475105285645	-5.536437791894342	11.033884048461914	5.97800690303246	-8.168041229248047	-0.7289561146484334	0.0	0.0	0.0	0.0
12.460647106170654	1781097161.0	1781097161.9299843	5	25.0	29.0	12.0	8.0	NeuronSpectrum 10.06.2026 16:02:51	EEG	checkup_151_10.06.2026 16:02:51	500.0	499.6666666666667	True	0.5	40.0	4	True	50.0	30.0	3.147839307785034	2.69954762300682	-2.35091233253479	5.4894810325794765	-8.62697696685791	-5.784363504041243	-7.954211235046387	-9.755959247458236	-1.422286868095398	3.5523381819745556	-7.567226886749268	-7.054747087813594	10.636421203613281	5.608899715167048	-6.660240173339844	0.28406273135899607	0.0	0.0	0.0	0.0
12.460648536682129	1781097161.0	1781097161.9299858	5	25.0	29.0	12.0	8.0	NeuronSpectrum 10.06.2026 16:02:51	EEG	checkup_151_10.06.2026 16:02:51	500.0	499.6666666666667	True	0.5	40.0	4	True	50.0	30.0	2.162976026535034	1.7917946537585072	-5.385074615478516	4.714863205687825	-12.478962898254395	-6.939665567193542	-12.620055198669434	-11.73692064948543	-5.903101921081543	2.407483373269108	-12.663203239440918	-8.63217300250816	7.545469284057617	4.836457104149792	-4.06361198425293	1.5370320787396485	0.0	0.0	0.0	0.0
12.460650444030762	1781097161.0	1781097161.9299877	5	25.0	29.0	12.0	8.0	NeuronSpectrum 10.06.2026 16:02:51	EEG	checkup_151_10.06.2026 16:02:51	500.0	499.6666666666667	True	0.5	40.0	4	True	50.0	30.0	1.0389989614486694	0.8153772370961052	-6.862582206726074	3.8794399341982624	-14.986037254333496	-7.968183529859677	-15.864381790161133	-13.506021971442769	-8.34264850616455	1.169240610995355	-16.116382598876953	-10.09013744520825	2.101698875427246	3.8039729029194573	-1.0932841300964355	3.0439192739219365	0.0	0.0	0.0	0.0
12.460651874542236	1781097161.0	1781097161.929989	5	25.0	29.0	12.0	8.0	NeuronSpectrum 10.06.2026 16:02:51	EEG	checkup_151_10.06.2026 16:02:51	500.0	499.6666666666667	True	0.5	40.0	4	True	50.0	30.0	-0.06372760236263275	-0.07026205429171606	-5.4012932777404785	3.0536705449400903	-14.18908405303955	-8.79978703518914	-15.528533935546875	-14.965674429911976	-6.988528728485107	-0.015236002833974943	-15.692205429077148	-11.25741325527327	-2.880383253097534	2.658565115203566	1.3867827653884888	4.787379829297593	0.0	0.0	0.0	0.0
12.46065354347229	1781097161.0	1781097161.9299908	5	25.0	29.0	12.0	8.0	NeuronSpectrum 10.06.2026 16:02:51	EEG	checkup_151_10.06.2026 16:02:51	500.0	499.6666666666667	True	0.5	40.0	4	True	50.0	30.0	-0.947802722454071	-0.7210220969049116	-1.497022032737732	2.3059650836731223	-9.929255485534668	-9.395397071210368	-11.702576637268066	-16.053688594611792	-2.6864986419677734	-1.0123878703046625	-11.526564598083496	-12.006323340476985	-2.7965586185455322	1.5172278450973835	2.796308994293213	6.722042584642223	0.0	0.0	0.0	0.0
12.460654973983765	1781097161.0	1781097161.9299922	5	25.0	29.0	12.0	8.0	NeuronSpectrum 10.06.2026 16:02:51	EEG	checkup_151_10.06.2026 16:02:51	500.0	499.6666666666667	True	0.5	40.0	4	True	50.0	30.0	-1.4217756986618042	-1.0338972518448193	2.127256155014038	1.700228488028363	-4.662199974060059	-9.744950415090427	-7.485799789428711	-16.744192305012934	0.9134856462478638	-1.7204347237250126	-6.737717628479004	-12.274217344276554	6.3835320472717285	0.4491001587732265	3.025627851486206	8.778065882573493	0.0	0.0	0.0	0.0
12.460656642913818	1781097161.0	1781097161.9299939	5	25.0	29.0	12.0	8.0	NeuronSpectrum 10.06.2026 16:02:51	EEG	checkup_151_10.06.2026 16:02:51	500.0	499.6666666666667	True	0.5	40.0	4	True	50.0	30.0	-1.3825771808624268	-0.9664618133595704	1.9463882446289062	1.2928868075048772	-2.329185724258423	-9.859179120648138	-7.330021381378174	-17.042794213391225	-0.5848534107208252	-2.0796324947673144	-5.7413010597229	-12.070261406409465	25.125661849975586	-0.5240968118686757	2.3643176555633545	10.863440524647888	0.0	0.0	0.0	0.0
12.460659980773926	1781097161.0	1781097161.9299972	5	25.0	29.0	12.0	8.0	NeuronSpectrum 10.06.2026 16:02:51	EEG	checkup_151_10.06.2026 16:02:51	500.0	499.6666666666667	True	0.5	40.0	4	True	50.0	30.0	-1.568487524986267	-0.5461162282754689	-11.942131996154785	1.1221081050219353	-19.312284469604492	-9.764864431451297	-23.343671798706055	-16.983565098948983	-12.655919075012207	-2.080541212456309	-19.918926239013672	-11.473298091929058	-6.739034652709961	-1.4189910446302063	7.969724655151367	12.866933204970362	0.0	0.0	0.0	0.0
12.460661888122559	1781097161.0	1781097161.929999	5	25.0	29.0	12.0	8.0	NeuronSpectrum 10.06.2026 16:02:51	EEG	checkup_151_10.06.2026 16:02:51	500.0	499.6666666666667	True	0.5	40.0	4	True	50.0	30.0	-0.564588725566864	0.1335488506891974	-10.794306755065918	1.1886433919577193	-17.486099243164062	-9.508374212695848	-20.628002166748047	-16.63065741464745	-10.55434799194336	-1.7719786431460869	-16.71321678161621	-10.62450990485077	-6.982339859008789	-2.2850055947413908	10.712753295898438	14.66485461786907	0.0	0.0	0.0	0.0
12.460663318634033	1781097161.0	1781097161.9300005	5	25.0	29.0	12.0	8.0	NeuronSpectrum 10.06.2026 16:02:51	EEG	checkup_151_10.06.2026 16:02:51	500.0	499.6666666666667	True	0.5	40.0	4	True	50.0	30.0	0.9125930070877075	0.929801862621499	-8.055499076843262	1.437593631162132	-14.250351905822754	-9.162214392177312	-16.497352600097656	-16.078792266897132	-7.283156394958496	-1.262810015255103	-12.35860538482666	-9.712137852208507	-5.229394435882568	-3.2041738267489563	12.235173225402832	16.13287969931678	0.0	0.0	0.0	0.0
12.460665225982666	1781097161.0	1781097161.9300025	5	25.0	29.0	12.0	8.0	NeuronSpectrum 10.06.2026 16:02:51	EEG	checkup_151_10.06.2026 16:02:51	500.0	499.6666666666667	True	0.5	40.0	4	True	50.0	30.0	2.4525928497314453	1.6789367776532367	-4.986642360687256	1.75461602600186	-11.007366180419922	-8.8235812395091	-12.68006706237793	-15.443438227565498	-4.2239603996276855	-0.70925979245024	-8.532313346862793	-8.943101231385079	-2.600363254547119	-4.2856873716080495	12.261055946350098	17.16086998458463	0.0	0.0	0.0	0.0
12.46066689491272	1781097161.0	1781097161.9300041	5	25.0	29.0	12.0	8.0	NeuronSpectrum 10.06.2026 16:02:51	EEG	checkup_151_10.06.2026 16:02:51	500.0	499.6666666666667	True	0.5	40.0	4	True	50.0	30.0	3.5983469486236572	2.2302151743428484	-2.8119871616363525	1.9840865874645008	-8.963186264038086	-8.598431696234048	-10.474861145019531	-14.837696651224148	-2.487231969833374	-0.2855380243347807	-6.542916774749756	-8.502401349204561	-0.5473967790603638	-5.644241474096788	11.4569730758667	17.667136526946102	0.0	0.0	0.0	0.0
12.460669755935669	1781097161.0	1781097161.930007	5	25.0	29.0	12.0	8.0	NeuronSpectrum 10.06.2026 16:02:51	EEG	checkup_151_10.06.2026 16:02:51	500.0	499.6666666666667	True	0.5	40.0	4	True	50.0	30.0	4.031979560852051	2.477990503110872	-2.0863595008850098	1.9650399259823674	-8.512490272521973	-8.575219334286574	-10.0845947265625	-14.343308570753946	-2.3319902420043945	-0.14529131577293303	-6.679123878479004	-8.510757032945998	-0.41922375559806824	-7.364057238142712	10.888443946838379	17.60984619508028	0.0	0.0	0.0	0.0
12.460671424865723	1781097161.0	1781097161.9300086	5	25.0	29.0	12.0	8.0	NeuronSpectrum 10.06.2026 16:02:51	EEG	checkup_151_10.06.2026 16:02:51	500.0	499.6666666666667	True	0.5	40.0	4	True	50.0	30.0	3.6799471378326416	2.3840426331612994	-2.650825262069702	1.5718092216258985	-9.271729469299316	-8.80008899080136	-10.76275634765625	-13.988867748677661	-3.238085985183716	-0.3870062008243883	-8.284697532653809	-8.995591195622021	-3.1689579486846924	-9.464169011742024	11.15239429473877	16.995482587446254	0.0	0.0	0.0	0.0
12.460673093795776	1781097161.0	1781097161.9300103	5	25.0	29.0	12.0	8.0	NeuronSpectrum 10.06.2026 16:02:51	EEG	checkup_151_10.06.2026 16:02:51	500.0	499.6666666666667	True	0.5	40.0	4	True	50.0	30.0	2.701728343963623	1.9841306648299644	-4.055247783660889	0.7449706933665405	-10.578768730163574	-9.26504065912318	-11.536524772644043	-13.745555617670515	-4.489308834075928	-1.0347402190413066	-10.400054931640625	-9.88668386194355	-8.825265884399414	-11.883885501134987	11.891759872436523	15.884921367694183	0.0	0.0	0.0	0.0
12.46067476272583	1781097161.0	1781097161.930012	5	25.0	29.0	12.0	8.0	NeuronSpectrum 10.06.2026 16:02:51	EEG	checkup_151_10.06.2026 16:02:51	500.0	499.6666666666667	True	0.5	40.0	4	True	50.0	30.0	1.3912063837051392	1.3766903668871338	-6.01968240737915	-0.4964925341424238	-12.007088661193848	-9.913946497587414	-11.924819946289062	-13.542451446158102	-5.783575534820557	-2.0386737185626274	-12.443241119384766	-11.038319514213097	-15.871917724609375	-14.49827281738387	12.058210372924805	14.395956693610154	0.0	0.0	0.0	0.0
12.4606773853302	1781097161.0	1781097161.9300146	5	25.0	29.0	12.0	8.0	NeuronSpectrum 10.06.2026 16:02:51	EEG	checkup_151_10.06.2026 16:02:51	500.0	499.6666666666667	True	0.5	40.0	4	True	50.0	30.0	0.0699920579791069	0.6963225710240855	-8.49924373626709	-2.062849347008794	-13.480232238769531	-10.663000671778633	-12.092576026916504	-13.295066668445383	-7.339564800262451	-3.2923351868486295	-14.378491401672363	-12.269916182840273	-21.318410873413086	-17.157878169053856	10.709765434265137	12.698523240896577	0.0	0.0	0.0	0.0
12.460679292678833	1781097161.0	1781097161.9300165	5	25.0	29.0	12.0	8.0	NeuronSpectrum 10.06.2026 16:02:51	EEG	checkup_151_10.06.2026 16:02:51	500.0	499.6666666666667	True	0.5	40.0	4	True	50.0	30.0	-0.9846927523612976	0.07884201003157126	-11.36092758178711	-3.815222769753074	-15.005303382873535	-11.426363507001316	-12.417132377624512	-12.936086684510245	-9.437050819396973	-4.658345755450006	-16.319368362426758	-13.4111467861329	-22.297348022460938	-19.73383268520734	7.745123863220215	10.998066406102952	0.0	0.0	0.0	0.0
12.460680961608887	1781097161.0	1781097161.9300182	5	25.0	29.0	12.0	8.0	NeuronSpectrum 10.06.2026 16:02:51	EEG	checkup_151_10.06.2026 16:02:51	500.0	499.6666666666667	True	0.5	40.0	4	True	50.0	30.0	-1.5809900760650635	-0.373005120113495	-13.991125106811523	-5.591848344658071	-16.286226272583008	-12.136513267947914	-12.818418502807617	-12.437494451070084	-11.747452735900879	-5.993452524879794	-17.92985725402832	-14.337149980684101	-18.65437889099121	-22.146730650157185	4.024764537811279	9.50535711181572	0.0	0.0	0.0	0.0
12.46068286895752	1781097161.0	1781097161.93002	5	25.0	29.0	12.0	8.0	NeuronSpectrum 10.06.2026 16:02:51	EEG	checkup_151_10.06.2026 16:02:51	500.0	499.6666666666667	True	0.5	40.0	4	True	50.0	30.0	-1.6454232931137085	-0.6141399349743937	-15.140649795532227	-7.230566585611199	-16.470083236694336	-12.752124603178423	-12.306577682495117	-11.817323624281013	-12.91788387298584	-7.16612114401862	-18.05553436279297	-14.984101584170048	-14.450515747070312	-24.367343035853132	0.8435587286949158	8.397010395497684	0.0	0.0	0.0	0.0
12.460684299468994	1781097161.0	1781097161.9300215	5	25.0	29.0	12.0	8.0	NeuronSpectrum 10.06.2026 16:02:51	EEG	checkup_151_10.06.2026 16:02:51	500.0	499.6666666666667	True	0.5	40.0	4	True	50.0	30.0	-1.2535033226013184	-0.6655606594696571	-13.234187126159668	-8.58367909194326	-14.243400573730469	-13.25269454221234	-9.142512321472168	-11.13050249413368	-10.862532615661621	-8.064931783110906	-14.969019889831543	-15.34347712880945	-16.3623046875	-26.393591816084765	-0.8252068758010864	7.777199452820525	0.0	0.0	0.0	0.0
12.460686206817627	1781097161.0	1781097161.9300234	5	25.0	29.0	12.0	8.0	NeuronSpectrum 10.06.2026 16:02:51	EEG	checkup_151_10.06.2026 16:02:51	500.0	499.6666666666667	True	0.5	40.0	4	True	50.0	30.0	-0.6230964660644531	-0.6043621151392972	-7.074917793273926	-9.527582299330447	-8.328706741333008	-13.62617262221416	-1.686849594116211	-10.449697640833383	-3.7946903705596924	-8.601795724816803	-7.235392093658447	-15.442231754445702	-28.952369689941406	-28.220709265578368	-0.8261807560920715	7.653921399402138	0.0	0.0	0.0	0.0
12.511573791503906	1781097161.0	1781097161.980911	5	25.0	29.0	12.0	8.0	NeuronSpectrum 10.06.2026 16:02:51	EEG	checkup_151_10.06.2026 16:02:51	500.0	499.6666666666667	True	0.5	40.0	4	True	50.0	30.0	0.7043336629867554	-0.5382078016474929	-17.195070266723633	-9.97398610350969	-16.623023986816406	-13.860062253240775	-8.437219619750977	-9.846195928488244	-13.974903106689453	-8.717660015493141	-16.4102840423584	-15.322076180006427	-30.252267837524414	-29.822099320145913	3.119858503341675	7.940294371708803	0.0	0.0	0.0	0.0
12.511579036712646	1781097161.0	1781097161.9809163	5	25.0	29.0	12.0	8.0	NeuronSpectrum 10.06.2026 16:02:51	EEG	checkup_151_10.06.2026 16:02:51	500.0	499.6666666666667	True	0.5	40.0	4	True	50.0	30.0	1.4719486236572266	-0.5715975269877119	-19.06201934814453	-9.887931126083547	-18.57717514038086	-13.94437870113704	-9.798598289489746	-9.379670693522636	-15.7273588180542	-8.39628897584229	-18.377931594848633	-15.029842906708712	-31.96332550048828	-31.148154440616082	6.153546333312988	8.483079314997319	0.0	0.0	0.0	0.0
12.51158094406128	1781097161.0	1781097161.9809182	5	25.0	29.0	12.0	8.0	NeuronSpectrum 10.06.2026 16:02:51	EEG	checkup_151_10.06.2026 16:02:51	500.0	499.6666666666667	True	0.5	40.0	4	True	50.0	30.0	1.3476568460464478	-0.7738988845642576	-19.67095184326172	-9.309595300603242	-19.833972930908203	-13.886186398239678	-10.838094711303711	-9.098490936283387	-15.95851993560791	-7.683300096701007	-19.586257934570312	-14.621763507457043	-33.38139343261719	-32.13793232927352	8.169135093688965	9.110169139404999	0.0	0.0	0.0	0.0
12.511582851409912	1781097161.0	1781097161.98092	5	25.0	29.0	12.0	8.0	NeuronSpectrum 10.06.2026 16:02:51	EEG	checkup_151_10.06.2026 16:02:51	500.0	499.6666666666667	True	0.5	40.0	4	True	50.0	30.0	0.17968861758708954	-1.1587794546152894	-17.95598793029785	-8.367635236220819	-19.197490692138672	-13.72543259230057	-10.291857719421387	-9.043438030535217	-13.793234825134277	-6.698381706540902	-18.77448272705078	-14.172917692472089	-33.55698013305664	-32.73226385104428	8.636794090270996	9.680997970169772	0.0	0.0	0.0	0.0
12.511584520339966	1781097161.0	1781097161.9809217	5	25.0	29.0	12.0	8.0	NeuronSpectrum 10.06.2026 16:02:51	EEG	checkup_151_10.06.2026 16:02:51	500.0	499.6666666666667	True	0.5	40.0	4	True	50.0	30.0	-1.6855082511901855	-1.681093208187138	-13.780076026916504	-7.269656710701043	-16.294593811035156	-13.538044004099866	-7.73082971572876	-9.24427959093481	-9.38365650177002	-5.626603209947764	-15.613444328308105	-13.777837278687192	-31.693513870239258	-32.87826253739971	7.715038776397705	10.12251313998812	0.0	0.0	0.0	0.0
12.511586427688599	1781097161.0	1781097161.9809237	5	25.0	29.0	12.0	8.0	NeuronSpectrum 10.06.2026 16:02:51	EEG	checkup_151_10.06.2026 16:02:51	500.0	499.6666666666667	True	0.5	40.0	4	True	50.0	30.0	-3.5213866233825684	-2.2514259218945174	-8.500452995300293	-6.263629327175453	-12.218724250793457	-13.418239555977944	-4.316326141357422	-9.70397759022499	-4.293169021606445	-4.683067366546168	-11.321011543273926	-13.53346688503519	-27.90178680419922	-32.52167948408477	6.01828145980835	10.439110046522186	0.0	0.0	0.0	0.0
12.511587858200073	1781097161.0	1781097161.980925	5	25.0	29.0	12.0	8.0	NeuronSpectrum 10.06.2026 16:02:51	EEG	checkup_151_10.06.2026 16:02:51	500.0	499.6666666666667	True	0.5	40.0	4	True	50.0	30.0	-4.5805344581604	-2.7625368688865235	-4.663577079772949	-5.578460284583146	-9.302692413330078	-13.444413372396024	-2.4917798042297363	-10.376159756629788	-1.0488628149032593	-4.059294538496675	-8.349041938781738	-13.50797073516175	-23.507944107055664	-31.59195932571458	4.367647171020508	10.69498295888265	0.0	0.0	0.0	0.0
12.511589765548706	1781097161.0	1781097161.980927	5	25.0	29.0	12.0	8.0	NeuronSpectrum 10.06.2026 16:02:51	EEG	checkup_151_10.06.2026 16:02:51	500.0	499.6666666666667	True	0.5	40.0	4	True	50.0	30.0	-4.498623371124268	-3.1182580385109144	-4.6804890632629395	-5.3643570680493164	-9.844683647155762	-13.644364021728093	-4.44066858291626	-11.15060728930083	-1.7781786918640137	-3.8712866570928357	-8.996233940124512	-13.710346966129292	-20.54789161682129	-29.992057182082743	3.5663225650787354	10.97733291457718	0.0	0.0	0.0	0.0
12.51159119606018	1781097161.0	1781097161.9809284	5	25.0	29.0	12.0	8.0	NeuronSpectrum 10.06.2026 16:02:51	EEG	checkup_151_10.06.2026 16:02:51	500.0	499.6666666666667	True	0.5	40.0	4	True	50.0	30.0	-3.4837262630462646	-3.25551903686811	-9.151615142822266	-5.656755060672733	-14.424912452697754	-13.979014694286285	-10.200547218322754	-11.862220461068441	-6.630788326263428	-4.1312147074184935	-13.678202629089355	-14.079105948858118	-20.61687660217285	-27.607248640878197	4.152889251708984	11.354938300904003	0.0	0.0	0.0	0.0
12.511593103408813	1781097161.0	1781097161.9809303	5	25.0	29.0	12.0	8.0	NeuronSpectrum 10.06.2026 16:02:51	EEG	checkup_151_10.06.2026 16:02:51	500.0	499.6666666666667	True	0.5	40.0	4	True	50.0	30.0	-2.172931432723999	-3.1538445371176964	-15.968680381774902	-6.378697882175344	-20.951248168945312	-14.356061844321925	-16.889253616333008	-12.329069003289659	-13.104325294494629	-4.7551105798920075	-20.06448745727539	-14.500456774883133	-23.571693420410156	-24.341247198921586	6.122966289520264	11.846768840062577	0.0	0.0	0.0	0.0
12.511594533920288	1781097161.0	1781097161.9809318	5	25.0	29.0	12.0	8.0	NeuronSpectrum 10.06.2026 16:02:51	EEG	checkup_151_10.06.2026 16:02:51	500.0	499.6666666666667	True	0.5	40.0	4	True	50.0	30.0	-1.236486554145813	-2.8320796666698826	-21.164094924926758	-7.379306789549521	-25.448253631591797	-14.669437582855132	-20.08863067626953	-12.40911082409355	-17.1923828125	-5.602218463099528	-24.1021671295166	-14.851058071952275	-26.923582077026367	-20.17444333400989	8.771625518798828	12.410071565420372	0.0	0.0	0.0	0.0
12.511597871780396	1781097161.0	1781097161.980935	5	25.0	29.0	12.0	8.0	NeuronSpectrum 10.06.2026 16:02:51	EEG	checkup_151_10.06.2026 16:02:51	500.0	499.6666666666667	True	0.5	40.0	4	True	50.0	30.0	-0.9899391531944275	-2.3366969197629746	-21.303115844726562	-8.489323075318394	-24.46158218383789	-14.845650722583008	-16.869062423706055	-12.052262015943063	-15.978150367736816	-6.526803988257423	-22.613582611083984	-15.046164738637158	-26.459196090698242	-15.223598550984178	10.882563591003418	12.949266473578778	0.0	0.0	0.0	0.0
12.51159954071045	1781097161.0	1781097161.9809368	5	25.0	29.0	12.0	8.0	NeuronSpectrum 10.06.2026 16:02:51	EEG	checkup_151_10.06.2026 16:02:51	500.0	499.6666666666667	True	0.5	40.0	4	True	50.0	30.0	-1.2576183080673218	-1.7278950495262482	-15.932035446166992	-9.56820515880163	-17.598146438598633	-14.873307725690887	-8.391378402709961	-11.323494678340019	-10.000704765319824	-7.41890243267913	-15.80552864074707	-15.069991941731958	-17.969478607177734	-9.773955678942599	11.292218208312988	13.339685092954808	0.0	0.0	0.0	0.0
12.511601209640503	1781097161.0	1781097161.9809384	5	25.0	29.0	12.0	8.0	NeuronSpectrum 10.06.2026 16:02:51	EEG	checkup_151_10.06.2026 16:02:51	500.0	499.6666666666667	True	0.5	40.0	4	True	50.0	30.0	-1.5578455924987793	-1.0684426775145863	-8.289820671081543	-10.525014184261117	-8.342462539672852	-14.801374486976561	0.036459311842918396	-10.3855830594773	-3.526745557785034	-8.21934074579829	-7.756920337677002	-14.974636292691773	0.4939005970954895	-4.26116825875604	9.530043601989746	13.456709831820513	0.0	0.0	0.0	0.0
12.51160454750061	1781097161.0	1781097161.9809418	5	25.0	29.0	12.0	8.0	NeuronSpectrum 10.06.2026 16:02:51	EEG	checkup_151_10.06.2026 16:02:51	500.0	499.6666666666667	True	0.5	40.0	4	True	50.0	30.0	-1.4591140747070312	-0.41709394573100667	-3.474485158920288	-11.312486131324038	-2.2329728603363037	-14.709960641392408	2.0105128288269043	-9.449890354737777	-2.066431760787964	-8.910510896157572	-4.11260461807251	-14.851410370840052	26.783449172973633	0.7982057060192397	6.117857933044434	13.202107677665222	0.0	0.0	0.0	0.0
12.511606454849243	1781097161.0	1781097161.9809437	5	25.0	29.0	12.0	8.0	NeuronSpectrum 10.06.2026 16:02:51	EEG	checkup_151_10.06.2026 16:02:51	500.0	499.6666666666667	True	0.5	40.0	4	True	50.0	30.0	-0.011643321253359318	0.17454903907413513	-20.615766525268555	-11.908647675265591	-19.487972259521484	-14.672594668753517	-8.181305885314941	-8.717905192406016	-16.518667221069336	-9.496740963395728	-18.804256439208984	-14.792412182588428	7.715789318084717	4.903685726741169	9.861438751220703	12.523385172511206	0.0	0.0	0.0	0.0
12.511608123779297	1781097161.0	1781097161.9809453	5	25.0	29.0	12.0	8.0	NeuronSpectrum 10.06.2026 16:02:51	EEG	checkup_151_10.06.2026 16:02:51	500.0	499.6666666666667	True	0.5	40.0	4	True	50.0	30.0	1.065203070640564	0.6640283299984913	-21.553213119506836	-12.302766575563096	-20.423547744750977	-14.730455990361591	-9.300459861755371	-8.336412410067641	-17.085981369018555	-9.988567974522809	-19.25481414794922	-14.861253440415103	8.354002952575684	7.659329943719996	8.208455085754395	11.425401866455157	0.0	0.0	0.0	0.0
12.51161003112793	1781097161.0	1781097161.9809473	5	25.0	29.0	12.0	8.0	NeuronSpectrum 10.06.2026 16:02:51	EEG	checkup_151_10.06.2026 16:02:51	500.0	499.6666666666667	True	0.5	40.0	4	True	50.0	30.0	1.8941398859024048	1.0203352793066163	-21.608699798583984	-12.49220988491439	-20.841962814331055	-14.886820021943581	-10.522543907165527	-8.377006229648332	-16.82819175720215	-10.395570635498126	-19.31226921081543	-15.081001450402017	7.327341556549072	8.82755558057108	6.322833061218262	9.974241032121585	0.0	0.0	0.0	0.0
12.511611461639404	1781097161.0	1781097161.9809487	5	25.0	29.0	12.0	8.0	NeuronSpectrum 10.06.2026 16:02:51	EEG	checkup_151_10.06.2026 16:02:51	500.0	499.6666666666667	True	0.5	40.0	4	True	50.0	30.0	2.1229610443115234	1.2262440557784602	-20.28558349609375	-12.484434977580234	-20.059783935546875	-15.115259775019329	-10.731282234191895	-8.83645979728478	-15.595325469970703	-10.722748652653852	-18.510284423828125	-15.434926100639018	6.543426513671875	8.344537176258555	4.343466281890869	8.292527905691097	0.0	0.0	0.0	0.0
12.511613368988037	1781097161.0	1781097161.9809506	5	25.0	29.0	12.0	8.0	NeuronSpectrum 10.06.2026 16:02:51	EEG	checkup_151_10.06.2026 16:02:51	500.0	499.6666666666667	True	0.5	40.0	4	True	50.0	30.0	1.7214267253875732	1.2792672344326086	-17.825754165649414	-12.294553337573841	-18.17388153076172	-15.369488846592718	-9.695903778076172	-9.64767288139564	-13.812641143798828	-10.964014233558508	-17.02225112915039	-15.871238312839324	6.743789196014404	6.309745344323319	2.3676536083221436	6.545412176546159	0.0	0.0	0.0	0.0
12.511614799499512	1781097161.0	1781097161.980952	5	25.0	29.0	12.0	8.0	NeuronSpectrum 10.06.2026 16:02:51	EEG	checkup_151_10.06.2026 16:02:51	500.0	499.6666666666667	True	0.5	40.0	4	True	50.0	30.0	0.9930408000946045	1.19012201430923	-15.070918083190918	-11.934805724327724	-15.969073295593262	-15.587733287543827	-8.13452434539795	-10.69308055019253	-12.187807083129883	-11.092400391684283	-15.510491371154785	-16.307242745637847	6.796773910522461	2.96332904946323	0.5222166180610657	4.918122193846406	0.0	0.0	0.0	0.0
12.511616706848145	1781097161.0	1781097161.980954	5	25.0	29.0	12.0	8.0	NeuronSpectrum 10.06.2026 16:02:51	EEG	checkup_151_10.06.2026 16:02:51	500.0	499.6666666666667	True	0.5	40.0	4	True	50.0	30.0	0.37632495164871216	0.9789655064634388	-12.993090629577637	-11.401100002906428	-14.423715591430664	-15.693395087543479	-7.189620018005371	-11.818836006796952	-11.274466514587402	-11.05334858023972	-14.669248580932617	-16.635017753940254	4.391401767730713	-1.3438201927785036	-0.9804982542991638	3.588311003211474	0.0	0.0	0.0	0.0
12.51161813735962	1781097161.0	1781097161.9809554	5	25.0	29.0	12.0	8.0	NeuronSpectrum 10.06.2026 16:02:51	EEG	checkup_151_10.06.2026 16:02:51	500.0	499.6666666666667	True	0.5	40.0	4	True	50.0	30.0	0.16675250232219696	0.6710411873701951	-12.183056831359863	-10.666704062005632	-14.132083892822266	-15.599446557962331	-7.69690465927124	-12.853274952012466	-11.199792861938477	-10.769494798793803	-14.806352615356445	-16.734155471099065	-2.0319736003875732	-6.190724556094988	-1.8740363121032715	2.6980934503835634	0.0	0.0	0.0	0.0
12.511619806289673	1781097161.0	1781097161.980957	5	25.0	29.0	12.0	8.0	NeuronSpectrum 10.06.2026 16:02:51	EEG	checkup_151_10.06.2026 16:02:51	500.0	499.6666666666667	True	0.5	40.0	4	True	50.0	30.0	0.3340548574924469	0.29375467763649277	-12.610861778259277	-9.691577656341734	-15.026839256286621	-15.223476625158009	-9.758851051330566	-13.633848383862073	-11.734521865844727	-10.161634203845813	-15.759352684020996	-16.49534476735454	-11.44683837890625	-11.141451447563917	-1.9525220394134521	2.3311116931955254	0.0	0.0	0.0	0.0
12.511621475219727	1781097161.0	1781097161.9809587	5	25.0	29.0	12.0	8.0	NeuronSpectrum 10.06.2026 16:02:51	EEG	checkup_151_10.06.2026 16:02:51	500.0	499.6666666666667	True	0.5	40.0	4	True	50.0	30.0	0.5600359439849854	-0.12377432494434774	-13.710763931274414	-8.448708692274526	-16.494644165039062	-14.514391422625911	-12.771820068359375	-14.042409501271854	-12.531697273254395	-9.18309870182087	-17.081100463867188	-15.85288193094952	-20.121871948242188	-15.81027416241267	-1.2300071716308594	2.499022713991231	0.0	0.0	0.0	0.0
12.51162338256836	1781097161.0	1781097161.9809606	5	25.0	29.0	12.0	8.0	NeuronSpectrum 10.06.2026 16:02:51	EEG	checkup_151_10.06.2026 16:02:51	500.0	499.6666666666667	True	0.5	40.0	4	True	50.0	30.0	0.47828343510627747	-0.5493992375230009	-14.665019989013672	-6.959576228575599	-17.729158401489258	-13.483681661920839	-15.739262580871582	-14.041639307516899	-13.252366065979004	-7.857081256741895	-18.237796783447266	-14.817471920895992	-23.93328094482422	-19.92142907712285	-0.017771556973457336	3.1396905793381453	0.0	0.0	0.0	0.0
12.511624813079834	1781097161.0	1781097161.980962	5	25.0	29.0	12.0	8.0	NeuronSpectrum 10.06.2026 16:02:51	EEG	checkup_151_10.06.2026 16:02:51	500.0	499.6666666666667	True	0.5	40.0	4	True	50.0	30.0	-0.05363558605313301	-0.9470322937490115	-14.676691055297852	-5.323809161015748	-18.018342971801758	-12.228099142833791	-17.5421142578125	-13.699427050242509	-13.444958686828613	-6.301889368152695	-18.618696212768555	-13.496319374988555	-21.848491668701172	-23.343038347860283	1.1653826236724854	4.126747131636929	0.0	0.0	0.0	0.0
12.511626243591309	1781097161.0	1781097161.9809635	5	25.0	29.0	12.0	8.0	NeuronSpectrum 10.06.2026 16:02:51	EEG	checkup_151_10.06.2026 16:02:51	500.0	499.6666666666667	True	0.5	40.0	4	True	50.0	30.0	-0.8371755480766296	-1.2784572549133324	-13.00882339477539	-3.7268500120215133	-16.708040237426758	-10.929965702216144	-16.94916343688965	-13.187149700411036	-12.224969863891602	-4.730020069088971	-17.310012817382812	-12.088132535581567	-17.807697296142578	-26.081385902573544	1.8389430046081543	5.288027815409508	0.0	0.0	0.0	0.0
12.511627912521362	1781097161.0	1781097161.9809651	5	25.0	29.0	12.0	8.0	NeuronSpectrum 10.06.2026 16:02:51	EEG	checkup_151_10.06.2026 16:02:51	500.0	499.6666666666667	True	0.5	40.0	4	True	50.0	30.0	-1.4675298929214478	-1.5088871544548694	-8.928635597229004	-2.4154258621219857	-13.017735481262207	-9.827407169333132	-12.629210472106934	-12.744128119754746	-8.214814186096191	-3.4139266807070783	-13.031047821044922	-10.847197593182427	-18.906314849853516	-28.23755439648001	1.8234748840332031	6.42950324086188	0.0	0.0	0.0	0.0
12.511629581451416	1781097161.0	1781097161.9809668	5	25.0	29.0	12.0	8.0	NeuronSpectrum 10.06.2026 16:02:51	EEG	checkup_151_10.06.2026 16:02:51	500.0	499.6666666666667	True	0.5	40.0	4	True	50.0	30.0	-1.6134165525436401	-1.6151364574920413	-1.8322412967681885	-1.6423798883987595	-6.0999755859375	-9.157909820562164	-3.5675089359283447	-12.61288473527274	-0.10918186604976654	-2.6229064215978455	-4.606966972351074	-10.021693505405466	-30.242891311645508	-29.94387843060438	1.3216050863265991	7.36177456682603	0.0	0.0	0.0	0.0
12.562527418136597	1781097161.0	1781097162.0318646	5	25.0	29.0	12.0	8.0	NeuronSpectrum 10.06.2026 16:02:51	EEG	checkup_151_10.06.2026 16:02:51	500.0	499.6666666666667	True	0.5	40.0	4	True	50.0	30.0	-3.4913644790649414	-1.5933473784479373	-3.2525439262390137	-1.5954790231944587	-8.567303657531738	-9.090328069345922	-9.13280963897705	-12.96316651169086	-2.168959379196167	-2.5477606167596165	-8.393527030944824	-9.782801535518976	-31.93286895751953	-31.303292591258845	4.218394756317139	7.927050116256513	0.0	0.0	0.0	0.0
12.562532424926758	1781097161.0	1781097162.0318696	5	25.0	29.0	12.0	8.0	NeuronSpectrum 10.06.2026 16:02:51	EEG	checkup_151_10.06.2026 16:02:51	500.0	499.6666666666667	True	0.5	40.0	4	True	50.0	30.0	-2.296743392944336	-1.462456342505573	-3.3143138885498047	-2.3331580988086196	-8.5745210647583	-9.667128182312284	-9.760416030883789	-13.82983455449106	-2.405038833618164	-3.237119887967459	-8.194609642028809	-10.167201287755363	-31.25328254699707	-32.348952024083765	5.030594348907471	8.024423141339138	0.0	0.0	0.0	0.0
12.56253457069397	1781097161.0	1781097162.0318718	5	25.0	29.0	12.0	8.0	NeuronSpectrum 10.06.2026 16:02:51	EEG	checkup_151_10.06.2026 16:02:51	500.0	499.6666666666667	True	0.5	40.0	4	True	50.0	30.0	-0.6534109711647034	-1.2606209208215395	-5.677262306213379	-3.7493789616876954	-10.42341423034668	-10.776452289180394	-12.055038452148438	-15.085949891900272	-4.771601676940918	-4.5672443238369524	-9.68222713470459	-11.052386654083973	-31.04905128479004	-33.03109827460243	5.595551013946533	7.629764993299785	0.0	0.0	0.0	0.0
12.562537670135498	1781097161.0	1781097162.031875	5	25.0	29.0	12.0	8.0	NeuronSpectrum 10.06.2026 16:02:51	EEG	checkup_151_10.06.2026 16:02:51	500.0	499.6666666666667	True	0.5	40.0	4	True	50.0	30.0	0.5787791013717651	-1.034638971668274	-9.395792007446289	-5.580182342732605	-13.2766752243042	-12.163567705787331	-15.007380485534668	-16.459669495582652	-8.34915542602539	-6.256213266644798	-12.202980041503906	-12.17329637418034	-31.54058837890625	-33.22995797669917	5.435242652893066	6.804834982459628	0.0	0.0	0.0	0.0
12.562539339065552	1781097161.0	1781097162.0318766	5	25.0	29.0	12.0	8.0	NeuronSpectrum 10.06.2026 16:02:51	EEG	checkup_151_10.06.2026 16:02:51	500.0	499.6666666666667	True	0.5	40.0	4	True	50.0	30.0	0.858207643032074	-0.8258577257611537	-12.912657737731934	-7.450838383472677	-15.766400337219238	-13.478526208097216	-17.193431854248047	-17.58899117797981	-11.632225036621094	-7.918970197469029	-14.562466621398926	-13.175669647772311	-31.979896545410156	-32.78875196454759	4.154661178588867	5.69026000542806	0.0	0.0	0.0	0.0
12.562541246414185	1781097161.0	1781097162.0318785	5	25.0	29.0	12.0	8.0	NeuronSpectrum 10.06.2026 16:02:51	EEG	checkup_151_10.06.2026 16:02:51	500.0	499.6666666666667	True	0.5	40.0	4	True	50.0	30.0	0.2652691602706909	-0.6581711589812557	-14.976244926452637	-8.950536017104394	-16.84507179260254	-14.346783897585727	-17.696823120117188	-18.098350259436657	-13.434633255004883	-9.147820192555338	-15.731484413146973	-13.691654673691668	-30.993953704833984	-31.55758897574656	1.7773548364639282	4.479937902368246	0.0	0.0	0.0	0.0
12.562542915344238	1781097161.0	1781097162.0318801	5	25.0	29.0	12.0	8.0	NeuronSpectrum 10.06.2026 16:02:51	EEG	checkup_151_10.06.2026 16:02:51	500.0	499.6666666666667	True	0.5	40.0	4	True	50.0	30.0	-0.6105974316596985	-0.5329607618541737	-15.40558910369873	-9.715134930813651	-16.504215240478516	-14.44505048640711	-16.762115478515625	-17.677884377139502	-13.642502784729004	-9.59737312959553	-15.528076171875	-13.418887295695015	-27.678970336914062	-29.436787540394374	-1.1111273765563965	3.379669108312066	0.0	0.0	0.0	0.0
12.562544822692871	1781097161.0	1781097162.031882	5	25.0	29.0	12.0	8.0	NeuronSpectrum 10.06.2026 16:02:51	EEG	checkup_151_10.06.2026 16:02:51	500.0	499.6666666666667	True	0.5	40.0	4	True	50.0	30.0	-1.103068232536316	-0.43261668617460824	-14.978042602539062	-9.498617666312724	-15.63262939453125	-13.565849557708754	-15.442777633666992	-16.148736827098503	-13.050662994384766	-9.054100414914387	-14.554070472717285	-12.185339647513874	-22.60359001159668	-26.408862531644893	-3.5419368743896484	2.558705139164923	0.0	0.0	0.0	0.0
12.562546491622925	1781097161.0	1781097162.0318837	5	25.0	29.0	12.0	8.0	NeuronSpectrum 10.06.2026 16:02:51	EEG	checkup_151_10.06.2026 16:02:51	500.0	499.6666666666667	True	0.5	40.0	4	True	50.0	30.0	-0.9103328585624695	-0.33051485734031427	-14.427391052246094	-8.218903429216745	-14.97593879699707	-11.659115577741877	-14.363231658935547	-13.503230907576988	-12.29935073852539	-7.47663069534412	-13.315706253051758	-9.987028627285188	-17.770828247070312	-22.552877251245345	-4.613646984100342	2.107092454744153	0.0	0.0	0.0	0.0
12.562548398971558	1781097161.0	1781097162.0318856	5	25.0	29.0	12.0	8.0	NeuronSpectrum 10.06.2026 16:02:51	EEG	checkup_151_10.06.2026 16:02:51	500.0	499.6666666666667	True	0.5	40.0	4	True	50.0	30.0	-0.23457901179790497	-0.20304753397718586	-13.381047248840332	-5.970612012401763	-14.034992218017578	-8.844715899105891	-12.659202575683594	-9.914180878217266	-10.835623741149902	-5.000531930455299	-11.29658031463623	-6.99191015885382	-15.190690994262695	-18.040986976095	-3.966705560684204	2.012021407756997	0.0	0.0	0.0	0.0
12.562549829483032	1781097161.0	1781097162.031887	5	25.0	29.0	12.0	8.0	NeuronSpectrum 10.06.2026 16:02:51	EEG	checkup_151_10.06.2026 16:02:51	500.0	499.6666666666667	True	0.5	40.0	4	True	50.0	30.0	0.42875730991363525	-0.039352806511820465	-10.382473945617676	-3.0038257335446583	-11.094683647155762	-5.394267888519003	-8.368849754333496	-5.711771457619474	-7.11985445022583	-1.90832780845092	-7.115910530090332	-3.5094504187750823	-14.954779624938965	-13.121027776368988	-1.9917675256729126	2.161900365733373	0.0	0.0	0.0	0.0
12.562551736831665	1781097161.0	1781097162.031889	5	25.0	29.0	12.0	8.0	NeuronSpectrum 10.06.2026 16:02:51	EEG	checkup_151_10.06.2026 16:02:51	500.0	499.6666666666667	True	0.5	40.0	4	True	50.0	30.0	0.6737401485443115	0.15385492721238103	-4.293127059936523	0.32647240061575034	-4.734372615814209	-1.6845288830838974	-0.3952285349369049	-1.3304951659608066	-0.2653005123138428	1.428428546786061	-0.002615483943372965	0.06854146255940793	-14.293041229248047	-8.088823534519154	0.3633899390697479	2.3785718208161564	0.0	0.0	0.0	0.0
12.56255316734314	1781097161.0	1781097162.0318904	5	25.0	29.0	12.0	8.0	NeuronSpectrum 10.06.2026 16:02:51	EEG	checkup_151_10.06.2026 16:02:51	500.0	499.6666666666667	True	0.5	40.0	4	True	50.0	30.0	0.4468335211277008	0.3528741460858389	3.9622490406036377	3.6298600886508274	4.248663425445557	1.8702411049704997	9.449121475219727	2.765524262395232	8.140405654907227	4.622319014092684	8.518455505371094	3.3436479547546947	-8.566194534301758	-3.2514702466875525	2.0858821868896484	2.4688044820709716	0.0	0.0	0.0	0.0
12.562555074691772	1781097161.0	1781097162.0318923	5	25.0	29.0	12.0	8.0	NeuronSpectrum 10.06.2026 16:02:51	EEG	checkup_151_10.06.2026 16:02:51	500.0	499.6666666666667	True	0.5	40.0	4	True	50.0	30.0	0.02507118694484234	0.5222458393679956	10.915908813476562	6.552622737037332	12.218108177185059	4.8928584479543895	16.294811248779297	6.163221808395996	13.82040786743164	7.340634772268886	14.392768859863281	5.98485546573867	5.975095272064209	1.1167742795720796	2.5941386222839355	2.2794829785826427	0.0	0.0	0.0	0.0
12.562556743621826	1781097161.0	1781097162.031894	5	25.0	29.0	12.0	8.0	NeuronSpectrum 10.06.2026 16:02:51	EEG	checkup_151_10.06.2026 16:02:51	500.0	499.6666666666667	True	0.5	40.0	4	True	50.0	30.0	-0.22303900122642517	0.6234441792530038	12.249208450317383	8.833302018037966	14.40365982055664	7.1054741096171	14.809416770935059	8.566923963297116	12.056096076965332	9.354255764812562	13.108506202697754	7.780406115333463	29.128746032714844	4.818169379989562	1.951904296875	1.739521158430966	0.0	0.0	0.0	0.0
12.562559843063354	1781097162.0	1781097162.031897	5	25.0	29.0	12.0	8.0	NeuronSpectrum 10.06.2026 16:02:51	EEG	checkup_151_10.06.2026 16:02:51	500.0	499.6666666666667	True	0.5	40.0	4	True	50.0	30.0	1.893303632736206	0.6256185712497528	3.5594215393066406	10.326184548608817	4.7157158851623535	8.361767287850125	9.896628379821777	9.832698227075834	5.025771141052246	10.551911857145814	4.318089962005615	8.652867903796022	6.412713527679443	7.759276565593663	-3.4738731384277344	0.8762153332264667	0.0	0.0	0.0	0.0
12.562561750411987	1781097162.0	1781097162.031899	5	25.0	29.0	12.0	8.0	NeuronSpectrum 10.06.2026 16:02:51	EEG	checkup_151_10.06.2026 16:02:51	500.0	499.6666666666667	True	0.5	40.0	4	True	50.0	30.0	2.0643985271453857	0.5162019589416004	1.9241479635238647	10.989349625900003	2.703221321105957	8.642119082762797	8.003270149230957	9.964437200272084	3.4897351264953613	10.920346433146397	2.4269349575042725	8.636696855066923	6.535822868347168	9.948597516216898	-5.251963138580322	-0.19714003535689184	0.0	0.0	0.0	0.0
12.562563419342041	1781097162.0	1781097162.0319006	5	25.0	29.0	12.0	8.0	NeuronSpectrum 10.06.2026 16:02:51	EEG	checkup_151_10.06.2026 16:02:51	500.0	499.6666666666667	True	0.5	40.0	4	True	50.0	30.0	1.5892887115478516	0.30813805792749555	0.7707681655883789	10.849317517060358	0.8393679857254028	8.02056593473004	5.635687828063965	9.080025603116749	2.4140188694000244	10.505406971913388	1.1291347742080688	7.833253174077874	7.19586706161499	11.464465396877431	-6.120957851409912	-1.3157859950777222	0.0	0.0	0.0	0.0
12.562565088272095	1781097162.0	1781097162.0319023	5	25.0	29.0	12.0	8.0	NeuronSpectrum 10.06.2026 16:02:51	EEG	checkup_151_10.06.2026 16:02:51	500.0	499.6666666666667	True	0.5	40.0	4	True	50.0	30.0	0.606002926826477	0.040361909603329596	1.24840247631073	9.964003641827109	0.4148866534233093	6.623599085675879	4.164939880371094	7.365694343058114	2.782482385635376	9.376070244301772	1.2848330736160278	6.366499330594316	9.804508209228516	12.411634177398964	-6.455918312072754	-2.3074062386774203	0.0	0.0	0.0	0.0
12.562566757202148	1781097162.0	1781097162.031904	5	25.0	29.0	12.0	8.0	NeuronSpectrum 10.06.2026 16:02:51	EEG	checkup_151_10.06.2026 16:02:51	500.0	499.6666666666667	True	0.5	40.0	4	True	50.0	30.0	-0.4497683644294739	-0.23006319406182113	3.282752275466919	8.403416241555613	1.5493186712265015	4.600624294474789	4.082361698150635	5.036849835095495	4.497517108917236	7.608692983692393	2.7241063117980957	4.358572838202398	14.303375244140625	12.89055534192359	-6.767179489135742	-3.032171952284174	0.0	0.0	0.0	0.0
12.562568426132202	1781097162.0	1781097162.0319057	5	25.0	29.0	12.0	8.0	NeuronSpectrum 10.06.2026 16:02:51	EEG	checkup_151_10.06.2026 16:02:51	500.0	499.6666666666667	True	0.5	40.0	4	True	50.0	30.0	-1.1363605260849	-0.4426046305721567	5.416463375091553	6.255011230442605	2.9972434043884277	2.115137251128192	4.6776933670043945	2.3156696803092007	6.2339043617248535	5.295556342681281	4.184175968170166	1.9311644893711961	18.63884162902832	12.99176505079234	-7.1320695877075195	-3.409714079937982	0.0	0.0	0.0	0.0
12.562570095062256	1781097162.0	1781097162.0319073	5	25.0	29.0	12.0	8.0	NeuronSpectrum 10.06.2026 16:02:51	EEG	checkup_151_10.06.2026 16:02:51	500.0	499.6666666666667	True	0.5	40.0	4	True	50.0	30.0	-1.2666572332382202	-0.5502885313390672	5.608945369720459	3.6453976146304035	2.900526285171509	-0.6483694319497234	4.517223358154297	-0.5752842455446421	6.152726650238037	2.5675536912312804	3.982949733734131	-0.7759974681250228	19.824180603027344	12.809091308803625	-7.125711917877197	-3.4292517864359824	0.0	0.0	0.0	0.0
12.56257152557373	1781097162.0	1781097162.0319088	5	25.0	29.0	12.0	8.0	NeuronSpectrum 10.06.2026 16:02:51	EEG	checkup_151_10.06.2026 16:02:51	500.0	499.6666666666667	True	0.5	40.0	4	True	50.0	30.0	-0.9525488018989563	-0.53352792467877	2.5560474395751953	0.7602451850666782	0.05918687582015991	-3.4762392436466194	2.4337425231933594	-3.4127833712335884	3.075831174850464	-0.3872988232061242	1.068276047706604	-3.586975739064994	16.319915771484375	12.453101159553931	-6.275915622711182	-3.143670009962134	0.0	0.0	0.0	0.0
12.56257438659668	1781097162.0	1781097162.0319116	5	25.0	29.0	12.0	8.0	NeuronSpectrum 10.06.2026 16:02:51	EEG	checkup_151_10.06.2026 16:02:51	500.0	499.6666666666667	True	0.5	40.0	4	True	50.0	30.0	-0.4448060691356659	-0.4062020810444199	-3.386078357696533	-2.1555079812169557	-5.191796779632568	-6.131104403189828	-1.690882921218872	-5.977720596908912	-2.708244800567627	-3.326290505259635	-4.282432556152344	-6.288365927799067	9.982295989990234	12.047670364428017	-4.67169189453125	-2.6514717474108833	0.0	0.0	0.0	0.0
12.562576293945312	1781097162.0	1781097162.0319135	5	25.0	29.0	12.0	8.0	NeuronSpectrum 10.06.2026 16:02:51	EEG	checkup_151_10.06.2026 16:02:51	500.0	499.6666666666667	True	0.5	40.0	4	True	50.0	30.0	0.06394029408693314	-0.2120212877314049	-10.28914737701416	-4.825003793899768	-11.098923683166504	-8.377381987329901	-6.826889991760254	-8.072064470420298	-9.519928932189941	-5.981657483057148	-10.541370391845703	-8.652045983234094	5.619212627410889	11.705949516022224	-3.0874452590942383	-2.072523674201069	0.0	0.0	0.0	0.0
12.562577962875366	1781097162.0	1781097162.0319152	5	25.0	29.0	12.0	8.0	NeuronSpectrum 10.06.2026 16:02:51	EEG	checkup_151_10.06.2026 16:02:51	500.0	499.6666666666667	True	0.5	40.0	4	True	50.0	30.0	0.5106770992279053	-0.012257127055504052	-15.674668312072754	-6.9875038182016	-15.501111030578613	-10.020609096397605	-11.362556457519531	-9.545982714687192	-15.133359909057617	-8.109324882325275	-15.688525199890137	-10.47563403473833	7.617634296417236	11.498027107198387	-2.48447847366333	-1.524363386052806	0.0	0.0	0.0	0.0
12.562579870223999	1781097162.0	1781097162.031917	5	25.0	29.0	12.0	8.0	NeuronSpectrum 10.06.2026 16:02:51	EEG	checkup_151_10.06.2026 16:02:51	500.0	499.6666666666667	True	0.5	40.0	4	True	50.0	30.0	0.8999621868133545	0.1315869776517065	-17.734750747680664	-8.448553111123365	-16.964372634887695	-10.944583641288931	-13.824772834777832	-10.324584107364442	-17.746444702148438	-9.53755445939706	-18.079879760742188	-11.623823527550057	15.67851734161377	11.430021131282347	-3.2379276752471924	-1.1049968652479465	0.0	0.0	0.0	0.0
12.562581300735474	1781097162.0	1781097162.0319185	5	25.0	29.0	12.0	8.0	NeuronSpectrum 10.06.2026 16:02:51	EEG	checkup_151_10.06.2026 16:02:51	500.0	499.6666666666667	True	0.5	40.0	4	True	50.0	30.0	1.2018502950668335	0.17523509487850042	-15.881025314331055	-9.11142180498381	-15.17638111114502	-11.128917172433024	-13.188152313232422	-10.420674779398984	-16.38074493408203	-10.194512634126076	-16.80384063720703	-12.05167096688143	23.200992584228516	11.447733930514469	-4.75635290145874	-0.8852286581420754	0.0	0.0	0.0	0.0
12.562583208084106	1781097162.0	1781097162.0319204	5	25.0	29.0	12.0	8.0	NeuronSpectrum 10.06.2026 16:02:51	EEG	checkup_151_10.06.2026 16:02:51	500.0	499.6666666666667	True	0.5	40.0	4	True	50.0	30.0	1.3252867460250854	0.10425261497869492	-10.43886661529541	-8.977783265937111	-10.470320701599121	-10.63798797517294	-8.77082347869873	-9.924716250582648	-10.70052433013916	-10.102957820815774	-11.514470100402832	-11.79887549020819	20.514205932617188	11.462420921447812	-5.830562591552734	-0.9093892790901333	0.0	0.0	0.0	0.0
12.562584638595581	1781097162.0	1781097162.0319219	5	25.0	29.0	12.0	8.0	NeuronSpectrum 10.06.2026 16:02:51	EEG	checkup_151_10.06.2026 16:02:51	500.0	499.6666666666667	True	0.5	40.0	4	True	50.0	30.0	1.1864489316940308	-0.061947517994470826	-2.0204391479492188	-8.121142052545117	-3.1171422004699707	-9.58635923241102	-0.19324250519275665	-8.973986843289167	-0.7974536418914795	-9.346443357825331	-2.2344300746917725	-10.95858912247064	1.739258050918579	11.383764733244213	-5.486382961273193	-1.199797115899715	0.0	0.0	0.0	0.0
12.614452123641968	1781097162.0	1781097162.0837893	5	25.0	29.0	12.0	8.0	NeuronSpectrum 10.06.2026 16:02:51	EEG	checkup_151_10.06.2026 16:02:51	500.0	499.6666666666667	True	0.5	40.0	4	True	50.0	30.0	-0.521060585975647	-0.27614392390787285	-8.814858436584473	-6.650148750691897	-7.509294509887695	-8.097804936127915	-4.593373775482178	-7.714002212801135	-7.2964301109313965	-8.026124081990252	-8.050370216369629	-9.637642061239937	14.567172050476074	11.144485324474141	-5.61000919342041	-1.759428644658719	0.0	0.0	0.0	0.0
12.61445665359497	1781097162.0	1781097162.0837939	5	25.0	29.0	12.0	8.0	NeuronSpectrum 10.06.2026 16:02:51	EEG	checkup_151_10.06.2026 16:02:51	500.0	499.6666666666667	True	0.5	40.0	4	True	50.0	30.0	-1.4205214977264404	-0.4777715344269022	-9.275959968566895	-4.682149696589843	-7.96169376373291	-6.277766736762249	-4.792670249938965	-6.269446420865736	-8.224665641784668	-6.231370868228741	-8.541892051696777	-7.929010878753914	12.489027976989746	10.709469957161765	-4.407071590423584	-2.5696636587399015	0.0	0.0	0.0	0.0
12.614458799362183	1781097162.0	1781097162.083796	5	25.0	29.0	12.0	8.0	NeuronSpectrum 10.06.2026 16:02:51	EEG	checkup_151_10.06.2026 16:02:51	500.0	499.6666666666667	True	0.5	40.0	4	True	50.0	30.0	-1.6555933952331543	-0.6112849706911037	-8.854905128479004	-2.3378758241948425	-8.008610725402832	-4.210234036850098	-5.211161136627197	-4.73576727512128	-8.621885299682617	-4.037640418282949	-8.670175552368164	-5.908827154394702	9.797541618347168	10.070523708540042	-4.516378879547119	-3.5842377145096656	0.0	0.0	0.0	0.0
12.614460468292236	1781097162.0	1781097162.0837977	5	25.0	29.0	12.0	8.0	NeuronSpectrum 10.06.2026 16:02:51	EEG	checkup_151_10.06.2026 16:02:51	500.0	499.6666666666667	True	0.5	40.0	4	True	50.0	30.0	-1.1464494466781616	-0.6424288854337651	-6.3870673179626465	0.24722231019793048	-6.349146366119385	-1.9752390538517361	-4.582052230834961	-3.190006604883915	-6.925328731536865	-1.5276656317384885	-7.161580562591553	-3.6547592405263143	7.593867301940918	9.231444801893542	-6.113338470458984	-4.724152903688328	0.0	0.0	0.0	0.0
12.61446213722229	1781097162.0	1781097162.0837994	5	25.0	29.0	12.0	8.0	NeuronSpectrum 10.06.2026 16:02:51	EEG	checkup_151_10.06.2026 16:02:51	500.0	499.6666666666667	True	0.5	40.0	4	True	50.0	30.0	-0.2368142008781433	-0.5673142721784292	-1.8048055171966553	2.910144411485025	-2.5920209884643555	0.32814737877956746	-2.2200706005096436	-1.708840601722772	-2.684204578399658	1.181442579963176	-3.6357779502868652	-1.2704908750737407	6.737124443054199	8.189891055974027	-8.251547813415527	-5.879157994699425	0.0	0.0	0.0	0.0
12.614463806152344	1781097162.0	1781097162.083801	5	25.0	29.0	12.0	8.0	NeuronSpectrum 10.06.2026 16:02:51	EEG	checkup_151_10.06.2026 16:02:51	500.0	499.6666666666667	True	0.5	40.0	4	True	50.0	30.0	0.5493593811988831	-0.41213264028134927	3.740246057510376	5.4608800553688575	2.4190423488616943	2.569895742794855	1.4007976055145264	-0.37954058371081845	3.0700061321258545	3.924389179209992	1.0975199937820435	1.1008306573832982	7.572380542755127	6.924207139085807	-9.754737854003906	-6.919083043660828	0.0	0.0	0.0	0.0
12.614465713500977	1781097162.0	1781097162.083803	5	25.0	29.0	12.0	8.0	NeuronSpectrum 10.06.2026 16:02:51	EEG	checkup_151_10.06.2026 16:02:51	500.0	499.6666666666667	True	0.5	40.0	4	True	50.0	30.0	0.8495566248893738	-0.22484149540620313	8.327192306518555	7.7016980626454625	6.878784656524658	4.59678097673655	4.688109397888184	0.704140096285062	8.214080810546875	6.49716715229749	5.326696872711182	3.2834564653116654	9.550079345703125	5.392350229097401	-10.20775318145752	-7.714300864829022	0.0	0.0	0.0	0.0
12.614467144012451	1781097162.0	1781097162.0838044	5	25.0	29.0	12.0	8.0	NeuronSpectrum 10.06.2026 16:02:51	EEG	checkup_151_10.06.2026 16:02:51	500.0	499.6666666666667	True	0.5	40.0	4	True	50.0	30.0	0.6505390405654907	-0.06255448757502416	10.199295997619629	9.458601146950825	8.913307189941406	6.256594388730413	5.802055358886719	1.458985260574468	10.664846420288086	8.68629163396188	7.324859619140625	5.093781074016029	10.961793899536133	3.5442381036243553	-10.196737289428711	-8.161156918116875	0.0	0.0	0.0	0.0
12.614469051361084	1781097162.0	1781097162.0838063	5	25.0	29.0	12.0	8.0	NeuronSpectrum 10.06.2026 16:02:51	EEG	checkup_151_10.06.2026 16:02:51	500.0	499.6666666666667	True	0.5	40.0	4	True	50.0	30.0	0.21302808821201324	0.021209791546056227	8.813470840454102	10.610967975501135	7.743783473968506	7.426776382104796	3.976611852645874	1.8322785260682004	9.724478721618652	10.30446958792045	6.456941604614258	6.37183138282436	9.297530174255371	1.3408199095934719	-10.592497825622559	-8.206665066693862	0.0	0.0	0.0	0.0
12.614470481872559	1781097162.0	1781097162.0838077	5	25.0	29.0	12.0	8.0	NeuronSpectrum 10.06.2026 16:02:51	EEG	checkup_151_10.06.2026 16:02:51	500.0	499.6666666666667	True	0.5	40.0	4	True	50.0	30.0	-0.16959737241268158	-0.013446250954307442	5.44289493560791	11.106499051675312	4.4688334465026855	8.034374309628323	0.42368897795677185	1.8137293110396449	6.81034517288208	11.218254122466057	3.859050989151001	7.0069908684666835	2.693321466445923	-1.2315169467052418	-11.587949752807617	-7.866771405617061	0.0	0.0	0.0	0.0
12.614472150802612	1781097162.0	1781097162.0838094	5	25.0	29.0	12.0	8.0	NeuronSpectrum 10.06.2026 16:02:51	EEG	checkup_151_10.06.2026 16:02:51	500.0	499.6666666666667	True	0.5	40.0	4	True	50.0	30.0	-0.3692700266838074	-0.18644520011315874	2.673755407333374	10.957108582899446	1.6923515796661377	8.060874410238915	-2.14294695854187	1.4342569068392108	4.744221210479736	11.360350793063175	1.9415556192398071	6.951165745709233	-8.108757972717285	-4.159576436230194	-12.385053634643555	-7.233037917481298	0.0	0.0	0.0	0.0
12.614473819732666	1781097162.0	1781097162.083811	5	25.0	29.0	12.0	8.0	NeuronSpectrum 10.06.2026 16:02:51	EEG	checkup_151_10.06.2026 16:02:51	500.0	499.6666666666667	True	0.5	40.0	4	True	50.0	30.0	-0.4388396143913269	-0.494595559389225	2.782275676727295	10.221904217245346	1.8823974132537842	7.53507801352777	-1.4175509214401245	0.7549440117658823	5.739426612854004	10.729140905888249	2.7258448600769043	6.2208142908104715	-18.703750610351562	-7.4131671110464445	-11.811277389526367	-6.463502970229793	0.0	0.0	0.0	0.0
12.614476442337036	1781097162.0	1781097162.0838137	5	25.0	29.0	12.0	8.0	NeuronSpectrum 10.06.2026 16:02:51	EEG	checkup_151_10.06.2026 16:02:51	500.0	499.6666666666667	True	0.5	40.0	4	True	50.0	30.0	-0.4896406829357147	-0.9109047369841881	5.925683975219727	8.989228006242998	5.4083333015441895	6.523237782376244	2.387113094329834	-0.14553735283365601	9.362964630126953	9.383775165659666	6.023664951324463	4.894065818582266	-22.156415939331055	-10.953354468116851	-9.311502456665039	-5.755744976653315	0.0	0.0	0.0	0.0
12.61447811126709	1781097162.0	1781097162.0838153	5	25.0	29.0	12.0	8.0	NeuronSpectrum 10.06.2026 16:02:51	EEG	checkup_151_10.06.2026 16:02:51	500.0	499.6666666666667	True	0.5	40.0	4	True	50.0	30.0	-0.5549312233924866	-1.3861871706062185	9.502124786376953	7.367340080596174	9.70276927947998	5.124168039806351	5.920833110809326	-1.1784222903296686	12.111936569213867	7.441323897719692	8.891768455505371	3.1074643528845796	-12.497346878051758	-14.72433858576652	-5.481325626373291	-5.3048193434570585	0.0	0.0	0.0	0.0
12.614479780197144	1781097162.0	1781097162.083817	5	25.0	29.0	12.0	8.0	NeuronSpectrum 10.06.2026 16:02:51	EEG	checkup_151_10.06.2026 16:02:51	500.0	499.6666666666667	True	0.5	40.0	4	True	50.0	30.0	-0.5644527673721313	-1.8536197234128244	9.53449821472168	5.4848329479945	10.53481674194336	3.4696338670530507	4.534481525421143	-2.246956466134261	9.427757263183594	5.075356586978203	7.230018615722656	1.0508570715680186	11.078205108642578	-18.625891657547506	-1.702521562576294	-5.255018391520614	0.0	0.0	0.0	0.0
12.614481449127197	1781097162.0	1781097162.0838187	5	25.0	29.0	12.0	8.0	NeuronSpectrum 10.06.2026 16:02:51	EEG	checkup_151_10.06.2026 16:02:51	500.0	499.6666666666667	True	0.5	40.0	4	True	50.0	30.0	-1.9907599687576294	-2.237115649521636	-1.5396819114685059	3.493759893275177	-2.2476420402526855	1.7233326237334112	-7.119693756103516	-3.2478051881042056	-1.0886136293411255	2.5094148380652683	-5.105839729309082	-1.045477840357493	-25.56723976135254	-22.482035553959186	-7.100769996643066	-5.659240169330558	0.0	0.0	0.0	0.0
12.61448335647583	1781097162.0	1781097162.0838206	5	25.0	29.0	12.0	8.0	NeuronSpectrum 10.06.2026 16:02:51	EEG	checkup_151_10.06.2026 16:02:51	500.0	499.6666666666667	True	0.5	40.0	4	True	50.0	30.0	-2.3727588653564453	-2.463570312376845	-1.4765316247940063	1.5665352795253453	-1.7571228742599487	0.07104717865056959	-4.736891269683838	-4.0759751474051615	-1.8270186185836792	-0.0009234432979084717	-5.1382575035095215	-2.9356920023032864	-26.247583389282227	-26.031036007735405	-7.989337921142578	-6.459490822288115	0.0	0.0	0.0	0.0
12.614485025405884	1781097162.0	1781097162.0838223	5	25.0	29.0	12.0	8.0	NeuronSpectrum 10.06.2026 16:02:51	EEG	checkup_151_10.06.2026 16:02:51	500.0	499.6666666666667	True	0.5	40.0	4	True	50.0	30.0	-2.625595808029175	-2.477391564773262	-2.2603206634521484	-0.11795236936685233	-1.8923695087432861	-1.3000724683621951	-2.5692670345306396	-4.633291393875502	-3.396071195602417	-2.1982678121758013	-5.419266700744629	-4.393068343383339	-27.43527603149414	-28.95176379105362	-9.545016288757324	-7.495725517998754	0.0	0.0	0.0	0.0
12.614487648010254	1781097162.0	1781097162.0838249	5	25.0	29.0	12.0	8.0	NeuronSpectrum 10.06.2026 16:02:51	EEG	checkup_151_10.06.2026 16:02:51	500.0	499.6666666666667	True	0.5	40.0	4	True	50.0	30.0	-2.690971612930298	-2.254098706857259	-4.127079010009766	-1.3977792700808898	-3.1121106147766113	-2.229269973686903	-1.8852065801620483	-4.838232717825198	-5.849393844604492	-3.861280570254491	-6.376148700714111	-5.247116538478859	-29.43063735961914	-30.92081117801784	-11.406814575195312	-8.540962970056063	0.0	0.0	0.0	0.0
12.614489316940308	1781097162.0	1781097162.0838265	5	25.0	29.0	12.0	8.0	NeuronSpectrum 10.06.2026 16:02:51	EEG	checkup_151_10.06.2026 16:02:51	500.0	499.6666666666667	True	0.5	40.0	4	True	50.0	30.0	-2.4168732166290283	-1.8090642873287774	-6.419295787811279	-2.1564767392481063	-4.950634002685547	-2.611087278861926	-2.8710124492645264	-4.63674027491545	-8.373732566833496	-4.843109514700294	-7.582687854766846	-5.414935225770171	-31.407930374145508	-31.680976886011255	-13.157400131225586	-9.352909841541102	0.0	0.0	0.0	0.0
12.614490985870361	1781097162.0	1781097162.0838282	5	25.0	29.0	12.0	8.0	NeuronSpectrum 10.06.2026 16:02:51	EEG	checkup_151_10.06.2026 16:02:51	500.0	499.6666666666667	True	0.5	40.0	4	True	50.0	30.0	-1.6439604759216309	-1.198103865994407	-7.90840482711792	-2.350777348106819	-6.237592697143555	-2.420002321851039	-4.48146390914917	-4.015555845932312	-9.6718111038208	-5.102847314749707	-7.994935035705566	-4.920769576640567	-32.216365814208984	-31.101323426127298	-14.260478973388672	-9.728575554373215	0.0	0.0	0.0	0.0
12.614492893218994	1781097162.0	1781097162.08383	5	25.0	29.0	12.0	8.0	NeuronSpectrum 10.06.2026 16:02:51	EEG	checkup_151_10.06.2026 16:02:51	500.0	499.6666666666667	True	0.5	40.0	4	True	50.0	30.0	-0.3890593647956848	-0.5084764690463642	-7.569016933441162	-2.0305169857675733	-5.8482842445373535	-1.7252834340281418	-5.119307041168213	-3.0174099862313852	-8.770137786865234	-4.7221192204361655	-6.694628715515137	-3.8992214640683107	-31.367956161499023	-29.215340524788505	-14.127685546875	-9.548429421354905	0.0	0.0	0.0	0.0
12.614494323730469	1781097162.0	1781097162.0838315	5	25.0	29.0	12.0	8.0	NeuronSpectrum 10.06.2026 16:02:51	EEG	checkup_151_10.06.2026 16:02:51	500.0	499.6666666666667	True	0.5	40.0	4	True	50.0	30.0	1.050510287284851	0.15848923321872124	-5.276270866394043	-1.3427913625542915	-3.4431703090667725	-0.6897996838796588	-3.6609368324279785	-1.7519221493354062	-5.733860015869141	-3.8994643538169917	-3.607632875442505	-2.578473157503316	-29.08477020263672	-26.229628252208386	-12.459193229675293	-8.799792524512931	0.0	0.0	0.0	0.0
12.614495754241943	1781097162.0	1781097162.083833	5	25.0	29.0	12.0	8.0	NeuronSpectrum 10.06.2026 16:02:51	EEG	checkup_151_10.06.2026 16:02:51	500.0	499.6666666666667	True	0.5	40.0	4	True	50.0	30.0	2.1875267028808594	0.709192593862643	-2.0082547664642334	-0.5144168237670537	0.23173648118972778	0.4522163754999179	-0.22602516412734985	-0.3924301971614915	-1.8572797775268555	-2.918793661035474	0.24372200667858124	-1.2424296615682198	-25.421472549438477	-22.499595042912766	-9.578093528747559	-7.574718625029924	0.0	0.0	0.0	0.0
12.614497661590576	1781097162.0	1781097162.083835	5	25.0	29.0	12.0	8.0	NeuronSpectrum 10.06.2026 16:02:51	EEG	checkup_151_10.06.2026 16:02:51	500.0	499.6666666666667	True	0.5	40.0	4	True	50.0	30.0	2.612773895263672	1.0781850432675435	0.6281858086585999	0.18767918632831967	3.6722872257232666	1.43849610312675	3.810370922088623	0.8487430272633061	0.9023967385292053	-2.0951786360645532	3.1810126304626465	-0.17599160100804384	-19.620683670043945	-18.47278595882782	-6.407270431518555	-6.044487530298802	0.0	0.0	0.0	0.0
12.614499807357788	1781097162.0	1781097162.083837	5	25.0	29.0	12.0	8.0	NeuronSpectrum 10.06.2026 16:02:51	EEG	checkup_151_10.06.2026 16:02:51	500.0	499.6666666666667	True	0.5	40.0	4	True	50.0	30.0	2.246140241622925	1.2413678609899792	1.2741687297821045	0.5111216727339123	5.348921775817871	2.0357463163972636	6.563271999359131	1.7658827430270472	0.9959207773208618	-1.709024558545024	3.770345687866211	0.39590276397444385	-11.000314712524414	-14.606465644158526	-3.9950363636016846	-4.419111628439914	0.0	0.0	0.0	0.0
12.614501237869263	1781097162.0	1781097162.0838385	5	25.0	29.0	12.0	8.0	NeuronSpectrum 10.06.2026 16:02:51	EEG	checkup_151_10.06.2026 16:02:51	500.0	499.6666666666667	True	0.5	40.0	4	True	50.0	30.0	1.3939857482910156	1.2181521257169148	-0.3528352677822113	0.27487779109933985	4.517609596252441	2.096376073117421	6.794355869293213	2.2154834506201193	-1.6754941940307617	-1.9445805185538287	1.7401973009109497	0.36056827126049923	-1.0482287406921387	-11.27437005978843	-2.894362449645996	-2.903812369717835	0.0	0.0	0.0	0.0
12.614502668380737	1781097162.0	1781097162.08384	5	25.0	29.0	12.0	8.0	NeuronSpectrum 10.06.2026 16:02:51	EEG	checkup_151_10.06.2026 16:02:51	500.0	499.6666666666667	True	0.5	40.0	4	True	50.0	30.0	0.5513575673103333	1.0622853429041366	-3.0346028804779053	-0.5865859435753785	1.8345320224761963	1.5986463898288061	4.9448418617248535	2.164145390310855	-5.259199619293213	-2.8483524761075834	-1.4874166250228882	-0.25321636653407487	5.410299301147461	-8.685754690629416	-2.851248264312744	-1.6639485702769938	0.0	0.0	0.0	0.0
12.61450457572937	1781097162.0	1781097162.0838418	5	25.0	29.0	12.0	8.0	NeuronSpectrum 10.06.2026 16:02:51	EEG	checkup_151_10.06.2026 16:02:51	500.0	499.6666666666667	True	0.5	40.0	4	True	50.0	30.0	0.09584555774927139	0.8446746457699793	-4.361215591430664	-2.0038889537461944	-0.595535397529602	0.6572022210284506	3.3427751064300537	1.7108869154800976	-6.478886127471924	-4.31785025205402	-3.097991943359375	-1.278174983578081	1.9761251211166382	-6.842608071357352	-3.054694175720215	-0.8057109861461871	0.0	0.0	0.0	0.0
12.614506006240845	1781097162.0	1781097162.0838432	5	25.0	29.0	12.0	8.0	NeuronSpectrum 10.06.2026 16:02:51	EEG	checkup_151_10.06.2026 16:02:51	500.0	499.6666666666667	True	0.5	40.0	4	True	50.0	30.0	0.08325269818305969	0.6338093686645992	-1.7734484672546387	-3.7845778343587297	0.041806478053331375	-0.5014580835851588	5.203235149383545	1.0725390477791188	-2.170426607131958	-6.123942508423424	-0.10486738383769989	-2.444902606295491	-14.700667381286621	-5.552624168671459	-2.7415497303009033	-0.37395478613915717	0.0	0.0	0.0	0.0
12.665449619293213	1781097162.0	1781097162.1347868	5	25.0	29.0	12.0	8.0	NeuronSpectrum 10.06.2026 16:02:51	EEG	checkup_151_10.06.2026 16:02:51	500.0	499.6666666666667	True	0.5	40.0	4	True	50.0	30.0	0.8543171882629395	0.47948812359689863	-11.052024841308594	-5.655799701775754	-5.64497184753418	-1.59464540486214	-1.551418662071228	0.5316954942693213	-12.449052810668945	-7.963147985264058	-6.930281639099121	-3.445004444457301	-9.300217628479004	-4.496396061691281	-4.0407609939575195	-0.36325810266692193	0.0	0.0	0.0	0.0
12.665456056594849	1781097162.0	1781097162.1347933	5	25.0	29.0	12.0	8.0	NeuronSpectrum 10.06.2026 16:02:51	EEG	checkup_151_10.06.2026 16:02:51	500.0	499.6666666666667	True	0.5	40.0	4	True	50.0	30.0	0.8521808385848999	0.4037093205819299	-13.448763847351074	-7.329537691864905	-7.160621166229248	-2.3574267421052815	-3.2129874229431152	0.3587883166829235	-14.409708023071289	-9.529445490151321	-8.032036781311035	-4.007578559907384	-7.740009784698486	-3.3264009958697156	-3.9725542068481445	-0.7353413928865795	0.0	0.0	0.0	0.0
12.665460109710693	1781097162.0	1781097162.1347973	5	25.0	29.0	12.0	8.0	NeuronSpectrum 10.06.2026 16:02:51	EEG	checkup_151_10.06.2026 16:02:51	500.0	499.6666666666667	True	0.5	40.0	4	True	50.0	30.0	0.728091299533844	0.39986999212053587	-14.618281364440918	-8.574155791510531	-7.2237749099731445	-2.6153515838050305	-3.0085418224334717	0.7301481771671036	-14.971231460571289	-10.58845474161187	-7.702603340148926	-3.970341166361351	-4.81899356842041	-1.764884157149753	-4.1817731857299805	-1.4357536730031484	0.0	0.0	0.0	0.0
12.665461540222168	1781097162.0	1781097162.1347988	5	25.0	29.0	12.0	8.0	NeuronSpectrum 10.06.2026 16:02:51	EEG	checkup_151_10.06.2026 16:02:51	500.0	499.6666666666667	True	0.5	40.0	4	True	50.0	30.0	0.6862253546714783	0.43908052261795394	-14.159568786621094	-9.271164226006086	-5.62032413482666	-2.334407843013081	-0.6181266903877258	1.668424618769499	-13.913467407226562	-11.032976443172824	-5.728673934936523	-3.3250543245568855	-0.9006029963493347	0.3277565760873071	-4.741242408752441	-2.4046896606537005	0.0	0.0	0.0	0.0
12.6654634475708	1781097162.0	1781097162.1348007	5	25.0	29.0	12.0	8.0	NeuronSpectrum 10.06.2026 16:02:51	EEG	checkup_151_10.06.2026 16:02:51	500.0	499.6666666666667	True	0.5	40.0	4	True	50.0	30.0	0.8524875640869141	0.48108699320376513	-11.93084716796875	-9.438611809941337	-2.3958332538604736	-1.6315083503143881	3.751962661743164	3.0269755173499027	-11.296285629272461	-10.902262915128818	-2.233248710632324	-2.221904375927093	3.7967565059661865	2.9288785052570665	-5.419844150543213	-3.579956145953017	0.0	0.0	0.0	0.0
12.665464878082275	1781097162.0	1781097162.134802	5	25.0	29.0	12.0	8.0	NeuronSpectrum 10.06.2026 16:02:51	EEG	checkup_151_10.06.2026 16:02:51	500.0	499.6666666666667	True	0.5	40.0	4	True	50.0	30.0	1.1286661624908447	0.4868503845559047	-8.529175758361816	-9.213165941557714	1.719205379486084	-0.7404545603321364	8.98641586303711	4.5259272942798505	-7.856328964233398	-10.358854974468022	1.932461142539978	-0.929391836666444	9.114751815795898	5.874244811498441	-5.997852325439453	-4.893350357961372	0.0	0.0	0.0	0.0
12.665466785430908	1781097162.0	1781097162.134804	5	25.0	29.0	12.0	8.0	NeuronSpectrum 10.06.2026 16:02:51	EEG	checkup_151_10.06.2026 16:02:51	500.0	499.6666666666667	True	0.5	40.0	4	True	50.0	30.0	1.2568494081497192	0.4298360085294862	-5.524163246154785	-8.797819784098898	5.084400177001953	0.05677597502938659	13.028300285339355	5.8294482769183	-5.159657955169678	-9.631943896956907	5.091504096984863	0.23880325029462918	14.551004409790039	8.912856984062477	-6.551248550415039	-6.26418317375134	0.0	0.0	0.0	0.0
12.665468215942383	1781097162.0	1781097162.1348054	5	25.0	29.0	12.0	8.0	NeuronSpectrum 10.06.2026 16:02:51	EEG	checkup_151_10.06.2026 16:02:51	500.0	499.6666666666667	True	0.5	40.0	4	True	50.0	30.0	1.0423403978347778	0.303383309597802	-4.8729658126831055	-8.394972301969835	5.707636833190918	0.5110639268007577	13.716654777526855	6.638736448397969	-4.966965198516846	-8.94830415029955	5.432254791259766	1.0067533308613543	18.97861099243164	11.778257410315103	-7.452800750732422	-7.5949028229673505	0.0	0.0	0.0	0.0
12.665470123291016	1781097162.0	1781097162.1348073	5	25.0	29.0	12.0	8.0	NeuronSpectrum 10.06.2026 16:02:51	EEG	checkup_151_10.06.2026 16:02:51	500.0	499.6666666666667	True	0.5	40.0	4	True	50.0	30.0	0.5283032655715942	0.12233920547803791	-7.602047920227051	-8.149686935442636	2.557156562805176	0.47246449673884616	10.275468826293945	6.769787121321409	-7.949031829833984	-8.47544603383963	2.297468423843384	1.2024738764293317	20.89765167236328	14.255593219969477	-9.046002388000488	-8.773449056458182	0.0	0.0	0.0	0.0
12.66547155380249	1781097162.0	1781097162.1348088	5	25.0	29.0	12.0	8.0	NeuronSpectrum 10.06.2026 16:02:51	EEG	checkup_151_10.06.2026 16:02:51	500.0	499.6666666666667	True	0.5	40.0	4	True	50.0	30.0	-0.034594226628541946	-0.08144990378619414	-12.63334846496582	-8.122505824492407	-3.2367427349090576	-0.07929981634457733	4.381302356719971	6.191881839232981	-12.666337966918945	-8.294808169323257	-2.8452203273773193	0.7880164905737969	19.376216888427734	16.22591893283571	-11.260251998901367	-9.684862611640273	0.0	0.0	0.0	0.0
12.665473461151123	1781097162.0	1781097162.1348107	5	25.0	29.0	12.0	8.0	NeuronSpectrum 10.06.2026 16:02:51	EEG	checkup_151_10.06.2026 16:02:51	500.0	499.6666666666667	True	0.5	40.0	4	True	50.0	30.0	-0.3882509768009186	-0.26847364774632343	-16.92181396484375	-8.297215956631767	-8.489282608032227	-1.0465434759031604	-0.40293562412261963	5.019086587951993	-15.974772453308105	-8.408393287865678	-6.854367256164551	-0.15095553251945237	15.167753219604492	17.677164590480125	-13.480131149291992	-10.231000960575912	0.0	0.0	0.0	0.0
12.665474891662598	1781097162.0	1781097162.134812	5	25.0	29.0	12.0	8.0	NeuronSpectrum 10.06.2026 16:02:51	EEG	checkup_151_10.06.2026 16:02:51	500.0	499.6666666666667	True	0.5	40.0	4	True	50.0	30.0	-0.4562872052192688	-0.4029980020973257	-17.27630043029785	-8.613038863295357	-9.820107460021973	-2.256919173488881	-0.985927402973175	3.4651612640113947	-15.0648775100708	-8.767303293838873	-6.937936782836914	-1.4448101110654272	11.1538724899292	18.683265131079764	-14.778618812561035	-10.353064594545733	0.0	0.0	0.0	0.0
12.665476560592651	1781097162.0	1781097162.1348138	5	25.0	29.0	12.0	8.0	NeuronSpectrum 10.06.2026 16:02:51	EEG	checkup_151_10.06.2026 16:02:51	500.0	499.6666666666667	True	0.5	40.0	4	True	50.0	30.0	-0.36536550521850586	-0.46335512512914134	-12.758996963500977	-9.001174920546044	-6.16292142868042	-3.5169125714544363	2.6469225883483887	1.7833953859538707	-9.841071128845215	-9.303051003410133	-2.9595234394073486	-2.8888388417972304	11.576675415039062	19.3644761027421	-14.38368034362793	-10.048879034884328	0.0	0.0	0.0	0.0
12.665478229522705	1781097162.0	1781097162.1348155	5	25.0	29.0	12.0	8.0	NeuronSpectrum 10.06.2026 16:02:51	EEG	checkup_151_10.06.2026 16:02:51	500.0	499.6666666666667	True	0.5	40.0	4	True	50.0	30.0	-0.2975512444972992	-0.4483324113054263	-5.865498065948486	-9.40762176549982	-0.05862016975879669	-4.6548535430655145	6.6786603927612305	0.21238643487266712	-3.7396275997161865	-9.946224246330726	1.8023959398269653	-4.283751077778088	19.999225616455078	19.846827970443243	-12.088626861572266	-9.377267267948671	0.0	0.0	0.0	0.0
12.665480852127075	1781097162.0	1781097162.134818	5	25.0	29.0	12.0	8.0	NeuronSpectrum 10.06.2026 16:02:51	EEG	checkup_151_10.06.2026 16:02:51	500.0	499.6666666666667	True	0.5	40.0	4	True	50.0	30.0	-0.316741943359375	-0.3781576917176181	-1.2658772468566895	-9.795843322202977	3.592036485671997	-5.543447974405441	5.652160167694092	-1.0606986966478906	-1.8776415586471558	-10.62887497586293	2.466127634048462	-5.460514076454915	36.787654876708984	20.233721692885528	-8.389842987060547	-8.445873274638979	0.0	0.0	0.0	0.0
12.7163724899292	1781097162.0	1781097162.1857097	5	25.0	29.0	12.0	8.0	NeuronSpectrum 10.06.2026 16:02:51	EEG	checkup_151_10.06.2026 16:02:51	500.0	499.6666666666667	True	0.5	40.0	4	True	50.0	30.0	0.396005243062973	-0.29006825136282005	-14.62671947479248	-10.135873904557252	-9.763729095458984	-6.104463392974539	-4.468747138977051	-1.9184109938783391	-15.186637878417969	-11.278266353696935	-10.821661949157715	-6.2926392060474186	18.508197784423828	20.591575587798836	-7.791481971740723	-7.384991602916644	0.0	0.0	0.0	0.0
12.716377258300781	1781097162.0	1781097162.1857145	5	25.0	29.0	12.0	8.0	NeuronSpectrum 10.06.2026 16:02:51	EEG	checkup_151_10.06.2026 16:02:51	500.0	499.6666666666667	True	0.5	40.0	4	True	50.0	30.0	0.19471971690654755	-0.22975728936935153	-13.231809616088867	-10.392013593386519	-8.0455322265625	-6.304295616395735	-2.6283252239227295	-2.316898967813616	-14.063985824584961	-11.81273161717094	-9.39255142211914	-6.702338909317981	20.468355178833008	20.943634058060827	-5.9661078453063965	-6.31544937003456	0.0	0.0	0.0	0.0
12.716379165649414	1781097162.0	1781097162.1857164	5	25.0	29.0	12.0	8.0	NeuronSpectrum 10.06.2026 16:02:51	EEG	checkup_151_10.06.2026 16:02:51	500.0	499.6666666666667	True	0.5	40.0	4	True	50.0	30.0	0.00832353625446558	-0.24082268305591714	-12.414999961853027	-10.51760706701788	-6.721872806549072	-6.147032006351161	-0.9824649691581726	-2.2789321971056253	-13.258992195129395	-12.145344859717923	-7.765200138092041	-6.663520627896512	22.365543365478516	21.267539544156655	-4.890605926513672	-5.320851820629744	0.0	0.0	0.0	0.0
12.716381311416626	1781097162.0	1781097162.1857185	5	25.0	29.0	12.0	8.0	NeuronSpectrum 10.06.2026 16:02:51	EEG	checkup_151_10.06.2026 16:02:51	500.0	499.6666666666667	True	0.5	40.0	4	True	50.0	30.0	-0.09454656392335892	-0.3545439964760888	-12.254547119140625	-10.45861176868475	-6.060774803161621	-5.667111277550772	-0.08506064862012863	-1.8787391182776616	-13.0255126953125	-12.194683799667606	-6.508850574493408	-6.200785855679876	23.789291381835938	21.498361592366408	-4.562954902648926	-4.432909743328313	0.0	0.0	0.0	0.0
12.71638298034668	1781097162.0	1781097162.1857202	5	25.0	29.0	12.0	8.0	NeuronSpectrum 10.06.2026 16:02:51	EEG	checkup_151_10.06.2026 16:02:51	500.0	499.6666666666667	True	0.5	40.0	4	True	50.0	30.0	-0.15479809045791626	-0.5819665924314639	-12.431918144226074	-10.164114223644004	-5.883871078491211	-4.922357025608491	0.015248442068696022	-1.2230616274692565	-13.15900993347168	-11.899692486272475	-5.792176723480225	-5.384087940331489	24.43589210510254	21.540215547644873	-4.782660961151123	-3.6342445922011635	0.0	0.0	0.0	0.0
12.716384887695312	1781097162.0	1781097162.185722	5	25.0	29.0	12.0	8.0	NeuronSpectrum 10.06.2026 16:02:51	EEG	checkup_151_10.06.2026 16:02:51	500.0	499.6666666666667	True	0.5	40.0	4	True	50.0	30.0	-0.27687186002731323	-0.9096921422377074	-12.391887664794922	-9.601746772052316	-5.692245006561279	-3.9893228847758424	-0.19991004467010498	-0.4347042123160575	-13.052050590515137	-11.236404947921695	-5.279081344604492	-4.3214038514272755	23.910486221313477	21.284380953053134	-5.20672607421875	-2.8776471183223507	0.0	0.0	0.0	0.0
12.716388463973999	1781097162.0	1781097162.1857257	5	25.0	29.0	12.0	8.0	NeuronSpectrum 10.06.2026 16:02:51	EEG	checkup_151_10.06.2026 16:02:51	500.0	499.6666666666667	True	0.5	40.0	4	True	50.0	30.0	-0.5583003163337708	-1.3002233924775572	-11.643810272216797	-8.775503470673419	-4.965771198272705	-2.9625549967634863	-0.02585737593472004	0.35678634515549196	-12.04740047454834	-10.234063582348632	-4.387719631195068	-3.152108063583882	21.712627410888672	20.626208660210796	-5.424910068511963	-2.115681476269875	0.0	0.0	0.0	0.0
12.716390609741211	1781097162.0	1781097162.1857278	5	25.0	29.0	12.0	8.0	NeuronSpectrum 10.06.2026 16:02:51	EEG	checkup_151_10.06.2026 16:02:51	500.0	499.6666666666667	True	0.5	40.0	4	True	50.0	30.0	-1.0366151332855225	-1.6971562712684076	-10.0439453125	-7.7413502953231434	-3.4705841541290283	-1.9563246774578704	0.979808509349823	1.0177327151830298	-9.906966209411621	-8.985990752939218	-2.774470090866089	-2.0406914226558737	17.809925079345703	19.47317629288837	-5.080017566680908	-1.3310686199793889	0.0	0.0	0.0	0.0
12.716392040252686	1781097162.0	1781097162.1857293	5	25.0	29.0	12.0	8.0	NeuronSpectrum 10.06.2026 16:02:51	EEG	checkup_151_10.06.2026 16:02:51	500.0	499.6666666666667	True	0.5	40.0	4	True	50.0	30.0	-1.6578850746154785	-2.0347614926725095	-7.942712783813477	-6.614061237130199	-1.4654513597488403	-1.103960957744076	2.5793538093566895	1.4116554739793343	-7.130589485168457	-7.648881729025582	-0.7515422105789185	-1.1669438620903771	13.381431579589844	17.7428115392696	-4.02439022064209	-0.5575082383215528	0.0	0.0	0.0	0.0
12.716393947601318	1781097162.0	1781097162.1857312	5	25.0	29.0	12.0	8.0	NeuronSpectrum 10.06.2026 16:02:51	EEG	checkup_151_10.06.2026 16:02:51	500.0	499.6666666666667	True	0.5	40.0	4	True	50.0	30.0	-2.2678396701812744	-2.2504975355998544	-6.0606889724731445	-5.559119368953235	0.33103761076927185	-0.5489736869358752	3.839958429336548	1.4063325810839364	-4.820969581604004	-6.425457735334148	0.7312586903572083	-0.7079474256550041	10.735729217529297	15.357737392645205	-2.4245073795318604	0.11706356673829395	0.0	0.0	0.0	0.0
12.716395378112793	1781097162.0	1781097162.1857326	5	25.0	29.0	12.0	8.0	NeuronSpectrum 10.06.2026 16:02:51	EEG	checkup_151_10.06.2026 16:02:51	500.0	499.6666666666667	True	0.5	40.0	4	True	50.0	30.0	-2.6414310932159424	-2.2979802163257745	-5.101531982421875	-4.766977539063323	1.0502588748931885	-0.4247502408986288	3.643794536590576	0.8908749201441184	-4.052537441253662	-5.529927374911006	0.6406718492507935	-0.8101638473298464	11.685898780822754	12.249809132018337	-0.7126457095146179	0.5678008189358288	0.0	0.0	0.0	0.0
12.716397285461426	1781097162.0	1781097162.1857345	5	25.0	29.0	12.0	8.0	NeuronSpectrum 10.06.2026 16:02:51	EEG	checkup_151_10.06.2026 16:02:51	500.0	499.6666666666667	True	0.5	40.0	4	True	50.0	30.0	-2.5749776363372803	-2.1573383410675584	-5.251883506774902	-4.412475874922725	0.20539988577365875	-0.8246671403855077	1.5476622581481934	-0.1983158647207529	-5.032094955444336	-5.141654429365332	-1.3070603609085083	-1.5550451598392279	15.168556213378906	8.381709489696279	0.6319281458854675	0.6675478831953143	0.0	0.0	0.0	0.0
12.7163987159729	1781097162.0	1781097162.185736	5	25.0	29.0	12.0	8.0	NeuronSpectrum 10.06.2026 16:02:51	EEG	checkup_151_10.06.2026 16:02:51	500.0	499.6666666666667	True	0.5	40.0	4	True	50.0	30.0	-2.0064549446105957	-1.8401247917141292	-5.747747421264648	-4.607922413023462	-1.7057045698165894	-1.7697256905638223	-1.4324073791503906	-1.8492197809872049	-6.479024887084961	-5.357408868513647	-3.96293044090271	-2.926374332482386	16.28394317626953	3.7828983972484633	1.3428943157196045	0.3294965117769211	0.0	0.0	0.0	0.0
12.716400384902954	1781097162.0	1781097162.1857376	5	25.0	29.0	12.0	8.0	NeuronSpectrum 10.06.2026 16:02:51	EEG	checkup_151_10.06.2026 16:02:51	500.0	499.6666666666667	True	0.5	40.0	4	True	50.0	30.0	-1.089692234992981	-1.387163798206876	-4.878066539764404	-5.362498883504106	-2.9564220905303955	-3.1841438823853423	-2.761533260345459	-3.9532511643975154	-5.804283142089844	-6.155032846691613	-4.815161228179932	-4.790002130766524	8.465786933898926	-1.4158738770206731	1.4850597381591797	-0.4550520203981388	0.0	0.0	0.0	0.0
12.716402053833008	1781097162.0	1781097162.1857393	5	25.0	29.0	12.0	8.0	NeuronSpectrum 10.06.2026 16:02:51	EEG	checkup_151_10.06.2026 16:02:51	500.0	499.6666666666667	True	0.5	40.0	4	True	50.0	30.0	-0.1537700593471527	-0.8596048201528114	-0.6452187895774841	-6.561837072837896	-1.1043047904968262	-4.889436332713846	0.5669220089912415	-6.301728146110559	-0.29183515906333923	-7.380815241860447	-1.0606328248977661	-6.896060181045047	-11.654536247253418	-6.969778667766895	1.376678228378296	-1.5970203548836623	0.0	0.0	0.0	0.0
12.716403484344482	1781097162.0	1781097162.1857407	5	25.0	29.0	12.0	8.0	NeuronSpectrum 10.06.2026 16:02:51	EEG	checkup_151_10.06.2026 16:02:51	500.0	499.6666666666667	True	0.5	40.0	4	True	50.0	30.0	0.08559522777795792	-0.3253761605777702	-13.474546432495117	-7.978306977148896	-10.9048490524292	-6.623799529615892	-11.318684577941895	-8.606741003002924	-13.001002311706543	-8.768782890905014	-12.655675888061523	-8.909722813718647	-16.905317306518555	-12.540654893220799	-3.724931478500366	-2.917259495020362	0.0	0.0	0.0	0.0
12.716405391693115	1781097162.0	1781097162.1857426	5	25.0	29.0	12.0	8.0	NeuronSpectrum 10.06.2026 16:02:51	EEG	checkup_151_10.06.2026 16:02:51	500.0	499.6666666666667	True	0.5	40.0	4	True	50.0	30.0	1.0318324565887451	0.15548439419293206	-15.177218437194824	-9.313662510630524	-12.298456192016602	-8.08609952921056	-13.322084426879883	-10.54645976442757	-14.435331344604492	-9.991533194845614	-14.370038032531738	-10.468658736594765	-21.78868865966797	-17.746771888430445	-7.3659844398498535	-4.1830332732440025	0.0	0.0	0.0	0.0
12.71640682220459	1781097162.0	1781097162.185744	5	25.0	29.0	12.0	8.0	NeuronSpectrum 10.06.2026 16:02:51	EEG	checkup_151_10.06.2026 16:02:51	500.0	499.6666666666667	True	0.5	40.0	4	True	50.0	30.0	1.7613391876220703	0.5428309259431142	-15.032112121582031	-10.263215041202058	-12.019216537475586	-8.994354917345433	-13.576494216918945	-11.825286770210946	-14.02631664276123	-10.730502447423257	-14.268630027770996	-11.254858427961999	-25.02703094482422	-22.224252770084835	-10.310139656066895	-5.164733756593318	0.0	0.0	0.0	0.0
12.716408729553223	1781097162.0	1781097162.185746	5	25.0	29.0	12.0	8.0	NeuronSpectrum 10.06.2026 16:02:51	EEG	checkup_151_10.06.2026 16:02:51	500.0	499.6666666666667	True	0.5	40.0	4	True	50.0	30.0	2.007530450820923	0.8225572571199944	-13.013081550598145	-10.581153488124837	-10.146238327026367	-9.141944975516909	-12.099370956420898	-12.231711161518785	-11.75245189666748	-10.74455887045953	-12.263978958129883	-11.060689037373784	-26.731250762939453	-25.680729420959107	-11.399447441101074	-5.695925994904719	0.0	0.0	0.0	0.0
12.716410398483276	1781097162.0	1781097162.1857476	5	25.0	29.0	12.0	8.0	NeuronSpectrum 10.06.2026 16:02:51	EEG	checkup_151_10.06.2026 16:02:51	500.0	499.6666666666667	True	0.5	40.0	4	True	50.0	30.0	1.6529896259307861	1.0050990890322693	-9.57116985321045	-10.126566093582852	-6.990930557250977	-8.435314066008324	-9.128925323486328	-11.676674580245585	-8.060487747192383	-9.916081556685004	-8.616787910461426	-9.829545532473652	-26.812150955200195	-27.92860062685104	-10.107603073120117	-5.717103190342288	0.0	0.0	0.0	0.0
12.71641206741333	1781097162.0	1781097162.1857493	5	25.0	29.0	12.0	8.0	NeuronSpectrum 10.06.2026 16:02:51	EEG	checkup_151_10.06.2026 16:02:51	500.0	499.6666666666667	True	0.5	40.0	4	True	50.0	30.0	0.8843993544578552	1.1166041297005105	-5.712910175323486	-8.879497563525504	-3.2971532344818115	-6.904812492927918	-5.421054363250732	-10.203425883005975	-3.99774169921875	-8.263889208371209	-4.197443962097168	-7.6610503493189155	-25.20497703552246	-28.894666245447244	-6.922836780548096	-5.288307783752268	0.0	0.0	0.0	0.0
12.716413736343384	1781097162.0	1781097162.185751	5	25.0	29.0	12.0	8.0	NeuronSpectrum 10.06.2026 16:02:51	EEG	checkup_151_10.06.2026 16:02:51	500.0	499.6666666666667	True	0.5	40.0	4	True	50.0	30.0	0.1667662411928177	1.1855699121633003	-2.9021382331848145	-6.929900556143351	-0.35048016905784607	-4.691081412208723	-2.4042553901672363	-7.971468789554589	-1.1084836721420288	-5.926470372206742	-0.5275512337684631	-4.784244740402325	-22.48370361328125	-28.610638061373773	-3.205361843109131	-4.566487259729658	0.0	0.0	0.0	0.0
12.716415405273438	1781097162.0	1781097162.1857526	5	25.0	29.0	12.0	8.0	NeuronSpectrum 10.06.2026 16:02:51	EEG	checkup_151_10.06.2026 16:02:51	500.0	499.6666666666667	True	0.5	40.0	4	True	50.0	30.0	0.004634333308786154	1.229746065192234	-2.3889682292938232	-4.452158662894439	0.5423781871795654	-2.017471138057459	-1.5542972087860107	-5.2259858279045295	-0.6630529165267944	-3.1292261291031096	0.919678807258606	-1.512680309971433	-20.12360191345215	-27.193664362425977	-0.5360745191574097	-3.7559167165951006	0.0	0.0	0.0	0.0
12.716417074203491	1781097162.0	1781097162.1857543	5	25.0	29.0	12.0	8.0	NeuronSpectrum 10.06.2026 16:02:51	EEG	checkup_151_10.06.2026 16:02:51	500.0	499.6666666666667	True	0.5	40.0	4	True	50.0	30.0	0.6090354323387146	1.2484979824608986	-4.147528648376465	-1.6793977755994842	-0.856955349445343	0.8393840072827906	-3.107225179672241	-2.2658189236004933	-2.4903616905212402	-0.15104738711300003	-0.0532471127808094	1.8020261294825959	-19.881502151489258	-24.8268278722813	0.06596866250038147	-3.0492517781627075	0.0	0.0	0.0	0.0
12.716418743133545	1781097162.0	1781097162.185756	5	25.0	29.0	12.0	8.0	NeuronSpectrum 10.06.2026 16:02:51	EEG	checkup_151_10.06.2026 16:02:51	500.0	499.6666666666667	True	0.5	40.0	4	True	50.0	30.0	1.7130749225616455	1.2240091558902193	-6.250019073486328	1.115058526654528	-2.903655529022217	3.574029634167679	-5.161496639251709	0.5827910086127558	-4.381092071533203	2.7015673652350807	-1.6011303663253784	4.807499936425693	-22.368030548095703	-21.74584003148707	-1.3702765703201294	-2.579078757255017	0.0	0.0	0.0	0.0
12.716420412063599	1781097162.0	1781097162.1857576	5	25.0	29.0	12.0	8.0	NeuronSpectrum 10.06.2026 16:02:51	EEG	checkup_151_10.06.2026 16:02:51	500.0	499.6666666666667	True	0.5	40.0	4	True	50.0	30.0	2.7036325931549072	1.1311017561653438	-5.654410362243652	3.632608844570685	-2.641345262527466	5.873856173904711	-4.445685386657715	2.9891853086548092	-3.1153147220611572	5.115750357853493	-0.6653406620025635	7.178680607330888	-25.82197380065918	-18.23040693590293	-3.873849868774414	-2.394450921422688	0.0	0.0	0.0	0.0
12.716423034667969	1781097162.0	1781097162.1857603	5	25.0	29.0	12.0	8.0	NeuronSpectrum 10.06.2026 16:02:51	EEG	checkup_151_10.06.2026 16:02:51	500.0	499.6666666666667	True	0.5	40.0	4	True	50.0	30.0	2.9984779357910156	0.9515727792688388	-0.37289324402809143	5.571899721292685	2.0935256481170654	7.446660838863858	1.1804224252700806	4.647236605369328	3.068636178970337	6.799286400623483	4.676225185394287	8.64484028662384	-26.204082489013672	-14.590424559777855	-6.119510650634766	-2.4664234548123205	0.0	0.0	0.0	0.0
12.716424465179443	1781097162.0	1781097162.1857617	5	25.0	29.0	12.0	8.0	NeuronSpectrum 10.06.2026 16:02:51	EEG	checkup_151_10.06.2026 16:02:51	500.0	499.6666666666667	True	0.5	40.0	4	True	50.0	30.0	2.4147050380706787	0.6866394051355513	8.432868003845215	6.66863934428528	10.436107635498047	8.061335119731707	10.235674858093262	5.3175007347210155	12.286142349243164	7.521737960871587	12.973978996276855	9.02351928550238	-18.87163734436035	-11.134367804344233	-7.089902877807617	-2.715708762961758	0.0	0.0	0.0	0.0
12.716426372528076	1781097162.0	1781097162.1857636	5	25.0	29.0	12.0	8.0	NeuronSpectrum 10.06.2026 16:02:51	EEG	checkup_151_10.06.2026 16:02:51	500.0	499.6666666666667	True	0.5	40.0	4	True	50.0	30.0	1.2733616828918457	0.36160040229328166	16.24633026123047	6.750895272271223	18.038894653320312	7.598562909673059	17.373220443725586	4.878576965113749	19.10199737548828	7.166213066416209	19.28948974609375	8.259800962172248	-1.2161260843276978	-8.115354686280982	-6.4903411865234375	-3.048792968873936	0.0	0.0	0.0	0.0
12.71642804145813	1781097162.0	1781097162.1857653	5	25.0	29.0	12.0	8.0	NeuronSpectrum 10.06.2026 16:02:51	EEG	checkup_151_10.06.2026 16:02:51	500.0	499.6666666666667	True	0.5	40.0	4	True	50.0	30.0	0.1792634129524231	0.020067473137165226	17.61417579650879	5.793114183032959	19.316986083984375	6.095064188125441	16.303192138671875	3.3700397475876627	17.56685447692871	5.774196000543962	17.949342727661133	6.456756465480924	25.063400268554688	-5.668433755026172	-4.707215309143066	-3.388462081609193	0.0	0.0	0.0	0.0
12.767287969589233	1781097162.0	1781097162.2366252	5	25.0	29.0	12.0	8.0	NeuronSpectrum 10.06.2026 16:02:51	EEG	checkup_151_10.06.2026 16:02:51	500.0	499.6666666666667	True	0.5	40.0	4	True	50.0	30.0	-2.34553861618042	-0.29027182602494805	4.565625190734863	3.944122314187672	4.364720821380615	3.7585031020984574	2.562152147293091	1.003731851278804	3.9603142738342285	3.560034232586891	3.467036008834839	3.8772738598122367	-2.6708452701568604	-3.7695450280563976	-3.9922728538513184	-3.6898543220953575	0.0	0.0	0.0	0.0
12.767292976379395	1781097162.0	1781097162.2366302	5	25.0	29.0	12.0	8.0	NeuronSpectrum 10.06.2026 16:02:51	EEG	checkup_151_10.06.2026 16:02:51	500.0	499.6666666666667	True	0.5	40.0	4	True	50.0	30.0	-2.237424373626709	-0.5344605145884574	-0.925386369228363	1.5105746386366758	-1.4777554273605347	0.9376381494337822	-3.5822176933288574	-1.870914353398199	-1.8812094926834106	0.8802491658629358	-2.4630045890808105	0.905120950224136	-4.45975399017334	-2.246180222669974	-2.7571280002593994	-3.9407056802093745	0.0	0.0	0.0	0.0
12.767295122146606	1781097162.0	1781097162.2366323	5	25.0	29.0	12.0	8.0	NeuronSpectrum 10.06.2026 16:02:51	EEG	checkup_151_10.06.2026 16:02:51	500.0	499.6666666666667	True	0.5	40.0	4	True	50.0	30.0	-1.149735450744629	-0.7023672338716248	-6.873419761657715	-1.104591449032972	-7.568214416503906	-1.949007000375837	-9.975476264953613	-4.84229038143312	-7.573024749755859	-1.8382096251652047	-8.13584041595459	-2.0293923291444553	-6.305943012237549	-0.8462255801739768	-2.7983579635620117	-4.150734148049332	0.0	0.0	0.0	0.0
12.76729679107666	1781097162.0	1781097162.236634	5	25.0	29.0	12.0	8.0	NeuronSpectrum 10.06.2026 16:02:51	EEG	checkup_151_10.06.2026 16:02:51	500.0	499.6666666666667	True	0.5	40.0	4	True	50.0	30.0	0.16264045238494873	-0.8108532485846947	-10.909862518310547	-3.48992431917954	-11.609021186828613	-4.503988541950535	-14.221654891967773	-7.5289618106798395	-10.978415489196777	-4.18882990742251	-11.520971298217773	-4.537363096201934	-5.7029218673706055	0.6605275131220055	-4.0374226570129395	-4.3377712933702	0.0	0.0	0.0	0.0
12.767298698425293	1781097162.0	1781097162.236636	5	25.0	29.0	12.0	8.0	NeuronSpectrum 10.06.2026 16:02:51	EEG	checkup_151_10.06.2026 16:02:51	500.0	499.6666666666667	True	0.5	40.0	4	True	50.0	30.0	0.9226374626159668	-0.8954417895465274	-11.650670051574707	-5.3110149820908505	-12.313464164733887	-6.43154049322614	-14.942436218261719	-9.658036658647156	-11.047311782836914	-5.866710461594669	-11.640386581420898	-6.3453268144781	-1.5600336790084839	2.391026675489602	-5.753173828125	-4.51698662688611	0.0	0.0	0.0	0.0
12.767300367355347	1781097162.0	1781097162.2366376	5	25.0	29.0	12.0	8.0	NeuronSpectrum 10.06.2026 16:02:51	EEG	checkup_151_10.06.2026 16:02:51	500.0	499.6666666666667	True	0.5	40.0	4	True	50.0	30.0	0.7718915343284607	-0.9956905023375238	-9.321590423583984	-6.3686257394492385	-9.994279861450195	-7.583918539689746	-12.43450927734375	-11.105243789750213	-8.223079681396484	-6.716993172310465	-8.970224380493164	-7.334346169987268	4.8495001792907715	4.3032123572189676	-7.001256465911865	-4.695786288178725	0.0	0.0	0.0	0.0
12.7673020362854	1781097162.0	1781097162.2366393	5	25.0	29.0	12.0	8.0	NeuronSpectrum 10.06.2026 16:02:51	EEG	checkup_151_10.06.2026 16:02:51	500.0	499.6666666666667	True	0.5	40.0	4	True	50.0	30.0	-0.10123826563358307	-1.1408106121473482	-5.477039337158203	-6.616490368007308	-6.258605480194092	-7.963895599914201	-8.432001113891602	-11.88795923599827	-4.064106464385986	-6.741038005403656	-5.077128887176514	-7.536871904068843	10.442583084106445	6.20771730065485	-7.179203987121582	-4.8730696021062165	0.0	0.0	0.0	0.0
12.767303705215454	1781097162.0	1781097162.236641	5	25.0	29.0	12.0	8.0	NeuronSpectrum 10.06.2026 16:02:51	EEG	checkup_151_10.06.2026 16:02:51	500.0	499.6666666666667	True	0.5	40.0	4	True	50.0	30.0	-1.1808820962905884	-1.3410350958966992	-2.0392215251922607	-6.140856287029623	-3.02502179145813	-7.689641679069698	-5.139462471008301	-12.119677608426231	-0.3809991478919983	-6.065580468358283	-1.764487624168396	-7.09849749437159	12.402575492858887	7.824351585217078	-6.3951416015625	-5.039657091692491	0.0	0.0	0.0	0.0
12.767305374145508	1781097162.0	1781097162.2366426	5	25.0	29.0	12.0	8.0	NeuronSpectrum 10.06.2026 16:02:51	EEG	checkup_151_10.06.2026 16:02:51	500.0	499.6666666666667	True	0.5	40.0	4	True	50.0	30.0	-1.9932506084442139	-1.5868443185280525	-0.30993813276290894	-5.115506729170688	-1.5365166664123535	-6.939399903572252	-4.155152320861816	-11.946814091331733	1.5487076044082642	-4.890710789027211	-0.281119167804718	-6.221611385968323	10.423965454101562	8.856993352348107	-5.3573689460754395	-5.177619554141073	0.0	0.0	0.0	0.0
12.767307043075562	1781097162.0	1781097162.2366443	5	25.0	29.0	12.0	8.0	NeuronSpectrum 10.06.2026 16:02:51	EEG	checkup_151_10.06.2026 16:02:51	500.0	499.6666666666667	True	0.5	40.0	4	True	50.0	30.0	-2.3528382778167725	-1.8544857094012792	-0.48698076605796814	-3.750518289658837	-1.9160138368606567	-5.896481041822513	-5.808003902435303	-11.491975872344348	1.3585624694824219	-3.435831140957197	-0.9287172555923462	-5.11044790880932	7.279123783111572	9.061504437607516	-4.842237949371338	-5.258856503512241	0.0	0.0	0.0	0.0
12.767308712005615	1781097162.0	1781097162.236646	5	25.0	29.0	12.0	8.0	NeuronSpectrum 10.06.2026 16:02:51	EEG	checkup_151_10.06.2026 16:02:51	500.0	499.6666666666667	True	0.5	40.0	4	True	50.0	30.0	-2.351393699645996	-2.1140721057414646	-1.828265905380249	-2.2498245149316958	-3.4035229682922363	-4.710214988245787	-9.136786460876465	-10.82145979219635	-0.4404182732105255	-1.8986169398978259	-3.1068835258483887	-3.932224809245338	6.694790840148926	8.292796272672865	-5.131618022918701	-5.245461024896382	0.0	0.0	0.0	0.0
12.767311334609985	1781097162.0	1781097162.2366486	5	25.0	29.0	12.0	8.0	NeuronSpectrum 10.06.2026 16:02:51	EEG	checkup_151_10.06.2026 16:02:51	500.0	499.6666666666667	True	0.5	40.0	4	True	50.0	30.0	-2.1695802211761475	-2.336581581911838	-3.1667919158935547	-0.7845828382226734	-4.914456367492676	-3.478956045813648	-12.329561233520508	-9.942286451847725	-2.683032751083374	-0.4331746665292936	-5.582716941833496	-2.7998263011793543	9.719915390014648	6.529826709051993	-5.786696910858154	-5.09448422264138	0.0	0.0	0.0	0.0
12.76731276512146	1781097162.0	1781097162.23665	5	25.0	29.0	12.0	8.0	NeuronSpectrum 10.06.2026 16:02:51	EEG	checkup_151_10.06.2026 16:02:51	500.0	499.6666666666667	True	0.5	40.0	4	True	50.0	30.0	-1.9024875164031982	-2.497788791824495	-3.3088772296905518	0.5190076471737728	-5.398763656616211	-2.251873827917584	-13.269765853881836	-8.821618766494314	-3.7321479320526123	0.8555421337713771	-6.729506015777588	-1.7722803042040718	12.524727821350098	3.8830347296378256	-5.954934120178223	-4.767584235545367	0.0	0.0	0.0	0.0
12.767314434051514	1781097162.0	1781097162.2366517	5	25.0	29.0	12.0	8.0	NeuronSpectrum 10.06.2026 16:02:51	EEG	checkup_151_10.06.2026 16:02:51	500.0	499.6666666666667	True	0.5	40.0	4	True	50.0	30.0	-1.538649320602417	-2.5793638495381463	-1.1845227479934692	1.5833944809557174	-3.853436231613159	-1.0410255846645327	-10.053257942199707	-7.414607636180739	-1.737011432647705	1.9092764146361536	-4.7971673011779785	-0.8641249926770496	8.059530258178711	0.5865329874753177	-4.967480659484863	-4.243191431885795	0.0	0.0	0.0	0.0
12.767316102981567	1781097162.0	1781097162.2366533	5	25.0	29.0	12.0	8.0	NeuronSpectrum 10.06.2026 16:02:51	EEG	checkup_151_10.06.2026 16:02:51	500.0	499.6666666666667	True	0.5	40.0	4	True	50.0	30.0	-1.0634113550186157	-2.5689304471304424	4.025357723236084	2.380241487708152	0.6938653588294983	0.16458679764706505	-1.5761018991470337	-5.688003881265588	4.772092819213867	2.71359842173505	1.5672613382339478	-0.05546789391613774	-8.636666297912598	-3.0265224941889644	-2.8095827102661133	-3.527109624851159	0.0	0.0	0.0	0.0
12.818246841430664	1781097162.0	1781097162.287584	5	25.0	29.0	12.0	8.0	NeuronSpectrum 10.06.2026 16:02:51	EEG	checkup_151_10.06.2026 16:02:51	500.0	499.6666666666667	True	0.5	40.0	4	True	50.0	30.0	-2.4387476444244385	-2.461075948177623	0.13144412636756897	2.929326665479098	-1.4398592710494995	1.387353759861141	-5.699942588806152	-3.6339661675907564	2.644685745239258	3.2971049193738975	-0.798097550868988	0.7003939848601753	-10.199492454528809	-6.565902771122566	-5.675215721130371	-2.6577145228885577	0.0	0.0	0.0	0.0
12.818252086639404	1781097162.0	1781097162.2875893	5	25.0	29.0	12.0	8.0	NeuronSpectrum 10.06.2026 16:02:51	EEG	checkup_151_10.06.2026 16:02:51	500.0	499.6666666666667	True	0.5	40.0	4	True	50.0	30.0	-2.6013424396514893	-2.260092586772744	2.6162586212158203	3.2937324081957065	2.007418394088745	2.652012802169939	-0.6953425407409668	-1.2757039124997576	5.5344038009643555	3.72955412681977	2.543457508087158	1.469593999076588	-10.73691463470459	-9.63830818577967	-3.274691104888916	-1.703516493595645	0.0	0.0	0.0	0.0
12.818254232406616	1781097162.0	1781097162.2875915	5	25.0	29.0	12.0	8.0	NeuronSpectrum 10.06.2026 16:02:51	EEG	checkup_151_10.06.2026 16:02:51	500.0	499.6666666666667	True	0.5	40.0	4	True	50.0	30.0	-2.347299098968506	-1.9833133023422915	5.367201805114746	3.5688547156642967	5.882607460021973	3.9775993483214847	4.647284030914307	1.3305915035754527	8.076882362365723	4.113614940156289	5.628634929656982	2.326415890209206	-10.640274047851562	-11.903777949206143	-0.8554419279098511	-0.7529632144370949	0.0	0.0	0.0	0.0
12.81825590133667	1781097162.0	1781097162.2875931	5	25.0	29.0	12.0	8.0	NeuronSpectrum 10.06.2026 16:02:51	EEG	checkup_151_10.06.2026 16:02:51	500.0	499.6666666666667	True	0.5	40.0	4	True	50.0	30.0	-1.7121714353561401	-1.6625637741688017	7.266053676605225	3.8646628896736313	8.95647144317627	5.369092391144939	8.848377227783203	4.0944100297350134	9.294904708862305	4.566813875362827	7.322230339050293	3.3358047744314883	-11.189358711242676	-13.125954412957078	0.7358431816101074	0.10127378294412955	0.0	0.0	0.0	0.0
12.818257808685303	1781097162.0	1781097162.287595	5	25.0	29.0	12.0	8.0	NeuronSpectrum 10.06.2026 16:02:51	EEG	checkup_151_10.06.2026 16:02:51	500.0	499.6666666666667	True	0.5	40.0	4	True	50.0	30.0	-0.944781482219696	-1.3414859748615067	7.457914352416992	4.282631667536972	10.290539741516113	6.808409290000231	10.94671630859375	6.889448976855332	8.737687110900879	5.194203721918864	7.13904333114624	4.53084120810495	-12.67219352722168	-13.210974935082458	1.1567624807357788	0.7790700132825333	0.0	0.0	0.0	0.0
12.818259477615356	1781097162.0	1781097162.2875967	5	25.0	29.0	12.0	8.0	NeuronSpectrum 10.06.2026 16:02:51	EEG	checkup_151_10.06.2026 16:02:51	500.0	499.6666666666667	True	0.5	40.0	4	True	50.0	30.0	-0.36069145798683167	-1.068202399784484	6.022434234619141	4.890176951496576	9.888716697692871	8.2454817016007	11.14869213104248	9.553161841506562	6.896707534790039	6.056368029435191	5.688794136047363	5.8897638824047505	-13.722301483154297	-12.230329804231761	0.7600489258766174	1.2254972246971563	0.0	0.0	0.0	0.0
12.81826138496399	1781097162.0	1781097162.2875986	5	25.0	29.0	12.0	8.0	NeuronSpectrum 10.06.2026 16:02:51	EEG	checkup_151_10.06.2026 16:02:51	500.0	499.6666666666667	True	0.5	40.0	4	True	50.0	30.0	-0.1442987024784088	-0.8849142553485793	3.9888687133789062	5.697142672465523	8.663980484008789	9.591800608629557	10.633694648742676	11.890364571778978	4.97582483291626	7.140846074518444	4.3154120445251465	7.319835396127297	-12.218377113342285	-10.420680464869378	0.29775890707969666	1.4159646412392133	0.0	0.0	0.0	0.0
12.818263053894043	1781097162.0	1781097162.2876003	5	25.0	29.0	12.0	8.0	NeuronSpectrum 10.06.2026 16:02:51	EEG	checkup_151_10.06.2026 16:02:51	500.0	499.6666666666667	True	0.5	40.0	4	True	50.0	30.0	-0.25148624181747437	-0.8174002172669613	2.70125150680542	6.640934528752961	7.764548301696777	10.72068705906675	10.670955657958984	13.68553471889824	4.208761692047119	8.346979712141641	4.2042317390441895	8.656387963081963	-7.3234171867370605	-8.153065147392724	0.341413676738739	1.3539057346453285	0.0	0.0	0.0	0.0
12.818264961242676	1781097162.0	1781097162.2876022	5	25.0	29.0	12.0	8.0	NeuronSpectrum 10.06.2026 16:02:51	EEG	checkup_151_10.06.2026 16:02:51	500.0	499.6666666666667	True	0.5	40.0	4	True	50.0	30.0	-0.48021626472473145	-0.867465868791261	3.0508906841278076	7.587618292978104	7.856505393981934	11.479037902287114	11.806836128234863	14.727997494173263	5.254979610443115	9.49303854738863	5.681126594543457	9.683286918336998	-0.9936015605926514	-5.869529761899026	0.8248887062072754	1.0639347382912727	0.0	0.0	0.0	0.0
12.81826663017273	1781097162.0	1781097162.2876039	5	25.0	29.0	12.0	8.0	NeuronSpectrum 10.06.2026 16:02:51	EEG	checkup_151_10.06.2026 16:02:51	500.0	499.6666666666667	True	0.5	40.0	4	True	50.0	30.0	-0.6486183404922485	-1.010392462286779	5.146886348724365	8.35382877612472	8.946857452392578	11.712981084334057	13.752485275268555	14.850316606720034	8.067102432250977	10.349362111700666	8.244730949401855	10.175262998427625	2.7932512760162354	-3.9965992869944147	1.108688473701477	0.5840662823005716	0.0	0.0	0.0	0.0
12.818268537521362	1781097162.0	1781097162.2876058	5	25.0	29.0	12.0	8.0	NeuronSpectrum 10.06.2026 16:02:51	EEG	checkup_151_10.06.2026 16:02:51	500.0	499.6666666666667	True	0.5	40.0	4	True	50.0	30.0	-0.7284100651741028	-1.197985842717212	8.453410148620605	8.748301593280932	10.69262409210205	11.304814790876549	15.831913948059082	13.973575821217318	12.04222297668457	10.692955026840352	11.084859848022461	9.954502085253006	1.0637009143829346	-2.856330189640899	0.5005183219909668	-0.04079045059850357	0.0	0.0	0.0	0.0
12.818269968032837	1781097162.0	1781097162.2876072	5	25.0	29.0	12.0	8.0	NeuronSpectrum 10.06.2026 16:02:51	EEG	checkup_151_10.06.2026 16:02:51	500.0	499.6666666666667	True	0.5	40.0	4	True	50.0	30.0	-0.8114750385284424	-1.3665468721819913	12.02163028717041	8.623962070798749	12.653759002685547	10.21254399715136	17.312021255493164	12.146593128808783	16.075414657592773	10.370036268787775	13.438572883605957	8.946513073709019	-4.974123954772949	-2.5995691223180035	-1.1380141973495483	-0.7637146049435015	0.0	0.0	0.0	0.0
12.81827187538147	1781097162.0	1781097162.287609	5	25.0	29.0	12.0	8.0	NeuronSpectrum 10.06.2026 16:02:51	EEG	checkup_151_10.06.2026 16:02:51	500.0	499.6666666666667	True	0.5	40.0	4	True	50.0	30.0	-0.9675230979919434	-1.448244444401163	14.536947250366211	7.9249887871277345	14.124216079711914	8.498906845035133	17.23566246032715	9.562962125334325	18.43195152282715	9.34700317976863	14.410810470581055	7.216831446610958	-9.297074317932129	-3.1793498960556503	-3.192810535430908	-1.5394194654224462	0.0	0.0	0.0	0.0
12.818273544311523	1781097162.0	1781097162.2876108	5	25.0	29.0	12.0	8.0	NeuronSpectrum 10.06.2026 16:02:51	EEG	checkup_151_10.06.2026 16:02:51	500.0	499.6666666666667	True	0.5	40.0	4	True	50.0	30.0	-1.1270192861557007	-1.3838972631242004	14.35006332397461	6.711523494448111	13.798023223876953	6.336483595681406	14.12773323059082	6.542851199951131	16.865751266479492	7.730444840685116	12.641000747680664	4.97275162552877	-4.239245414733887	-4.36925066154123	-4.6493425369262695	-2.3262934262373034	0.0	0.0	0.0	0.0
12.818275213241577	1781097162.0	1781097162.2876124	5	25.0	29.0	12.0	8.0	NeuronSpectrum 10.06.2026 16:02:51	EEG	checkup_151_10.06.2026 16:02:51	500.0	499.6666666666667	True	0.5	40.0	4	True	50.0	30.0	-1.1113215684890747	-1.1348898344048073	9.980005264282227	5.149946606457728	10.000983238220215	3.9808362717026533	6.420801162719727	3.476397867163592	9.541040420532227	5.745015595813578	6.639981269836426	2.523511749836081	14.101131439208984	-5.819987580892795	-4.745573043823242	-3.0853517113286366	0.0	0.0	0.0	0.0
12.81827688217163	1781097162.0	1781097162.287614	5	25.0	29.0	12.0	8.0	NeuronSpectrum 10.06.2026 16:02:51	EEG	checkup_151_10.06.2026 16:02:51	500.0	499.6666666666667	True	0.5	40.0	4	True	50.0	30.0	-1.3207889795303345	-0.6918444035660785	-3.8704028129577637	3.468584345738491	-6.001965522766113	1.714463919782593	-8.797837257385254	0.7401588659138301	-3.8777830600738525	3.672921590040928	-9.039596557617188	0.20651061260728232	-18.750925064086914	-7.141251399483173	-5.039810657501221	-3.7747693831532034	0.0	0.0	0.0	0.0
12.818278789520264	1781097162.0	1781097162.287616	5	25.0	29.0	12.0	8.0	NeuronSpectrum 10.06.2026 16:02:51	EEG	checkup_151_10.06.2026 16:02:51	500.0	499.6666666666667	True	0.5	40.0	4	True	50.0	30.0	-0.4437248706817627	-0.07795244741800549	-4.344167232513428	1.8933291865067592	-6.428519248962402	-0.22251546735612066	-7.777120113372803	-1.3882426204771319	-4.652713775634766	1.7750311315918808	-9.236299514770508	-1.698415045664777	-15.439269065856934	-7.991085424399731	-2.8637120723724365	-4.340867924984256	0.0	0.0	0.0	0.0
12.818280458450317	1781097162.0	1781097162.2876177	5	25.0	29.0	12.0	8.0	NeuronSpectrum 10.06.2026 16:02:51	EEG	checkup_151_10.06.2026 16:02:51	500.0	499.6666666666667	True	0.5	40.0	4	True	50.0	30.0	1.0722365379333496	0.6541665592658443	-2.8332321643829346	0.5874468612032705	-4.8198113441467285	-1.6904332494852534	-4.311120986938477	-2.7874635975205515	-3.1648213863372803	0.2226525671012955	-7.076385974884033	-3.0372552874026653	-9.595420837402344	-8.14932928774349	-1.3873366117477417	-4.70987705596043	0.0	0.0	0.0	0.0
12.81828236579895	1781097162.0	1781097162.2876196	5	25.0	29.0	12.0	8.0	NeuronSpectrum 10.06.2026 16:02:51	EEG	checkup_151_10.06.2026 16:02:51	500.0	499.6666666666667	True	0.5	40.0	4	True	50.0	30.0	2.6422035694122314	1.4315062546052206	-0.8590062260627747	-0.38197618474891637	-2.8397231101989746	-2.6751526312262683	-1.0460309982299805	-3.501671762901269	-1.0474692583084106	-0.9355575577660682	-4.419334411621094	-3.808966981055159	-3.7900125980377197	-7.5515702119346955	-1.5881487131118774	-4.787384693326003	0.0	0.0	0.0	0.0
12.818283796310425	1781097162.0	1781097162.287621	5	25.0	29.0	12.0	8.0	NeuronSpectrum 10.06.2026 16:02:51	EEG	checkup_151_10.06.2026 16:02:51	500.0	499.6666666666667	True	0.5	40.0	4	True	50.0	30.0	3.613515615463257	2.1731222351791937	0.4706707298755646	-1.0417560933024743	-1.630263090133667	-3.272809010174974	0.3968813717365265	-3.7020318394057234	0.45888522267341614	-1.7634694835767604	-2.5168230533599854	-4.145110521692843	0.23895560204982758	-6.273543959836825	-3.342672348022461	-4.471722571431785	0.0	0.0	0.0	0.0
12.818286657333374	1781097162.0	1781097162.287624	5	25.0	29.0	12.0	8.0	NeuronSpectrum 10.06.2026 16:02:51	EEG	checkup_151_10.06.2026 16:02:51	500.0	499.6666666666667	True	0.5	40.0	4	True	50.0	30.0	3.7130515575408936	2.802403382316783	0.8919677138328552	-1.4818343988261384	-1.400450348854065	-3.644403774088633	0.033747974783182144	-3.620338202369086	0.9923002123832703	-2.3945465947223825	-1.6173349618911743	-4.254761101028673	1.799758791923523	-4.478059710731348	-5.494028568267822	-3.6824779554260134	0.0	0.0	0.0	0.0
12.818289518356323	1781097162.0	1781097162.2876267	5	25.0	29.0	12.0	8.0	NeuronSpectrum 10.06.2026 16:02:51	EEG	checkup_151_10.06.2026 16:02:51	500.0	499.6666666666667	True	0.5	40.0	4	True	50.0	30.0	3.2313363552093506	3.256153043046396	0.6911369562149048	-1.8135453726354676	-1.7824863195419312	-3.960977516840029	-1.0802192687988281	-3.482419879874378	0.8040620684623718	-2.9771978854158574	-1.3916493654251099	-4.358224915081418	0.9228259325027466	-2.3523956870576668	-6.524102210998535	-2.3973745457743227	0.0	0.0	0.0	0.0
12.818290948867798	1781097162.0	1781097162.2876282	5	25.0	29.0	12.0	8.0	NeuronSpectrum 10.06.2026 16:02:51	EEG	checkup_151_10.06.2026 16:02:51	500.0	499.6666666666667	True	0.5	40.0	4	True	50.0	30.0	2.7859280109405518	3.489535950336329	0.1775692254304886	-2.1345247900910933	-2.412114381790161	-4.359465526621904	-1.9323694705963135	-3.4628373131231047	0.18976791203022003	-3.6289937003530945	-1.5965089797973633	-4.632008363924642	-1.5559815168380737	-0.06380599014576588	-5.383103370666504	-0.6838540513192366	0.0	0.0	0.0	0.0
12.81829285621643	1781097162.0	1781097162.28763	5	25.0	29.0	12.0	8.0	NeuronSpectrum 10.06.2026 16:02:51	EEG	checkup_151_10.06.2026 16:02:51	500.0	499.6666666666667	True	0.5	40.0	4	True	50.0	30.0	2.844928503036499	3.478249293253936	-0.6106160283088684	-2.5103426320904454	-3.246962308883667	-4.9204960456147155	-2.2995858192443848	-3.668516661564432	-0.892355740070343	-4.411846513639708	-2.415738821029663	-5.178179169470934	-3.568662643432617	2.2537980616575894	-2.0149643421173096	1.2899927416142607	0.0	0.0	0.0	0.0
12.81829571723938	1781097162.0	1781097162.287633	5	25.0	29.0	12.0	8.0	NeuronSpectrum 10.06.2026 16:02:51	EEG	checkup_151_10.06.2026 16:02:51	500.0	499.6666666666667	True	0.5	40.0	4	True	50.0	30.0	3.365476131439209	3.220272885389093	-1.8160616159439087	-2.973232727562231	-4.48069953918457	-5.668284162656513	-2.738541603088379	-4.145645362721792	-2.748283863067627	-5.329616443222528	-4.266485691070557	-6.019841672714042	-2.128293991088867	4.488124686540877	2.6467645168304443	3.2750819402727758	0.0	0.0	0.0	0.0
12.818322658538818	1781097162.0	1781097162.28766	5	25.0	29.0	12.0	8.0	NeuronSpectrum 10.06.2026 16:02:51	EEG	checkup_151_10.06.2026 16:02:51	500.0	499.6666666666667	True	0.5	40.0	4	True	50.0	30.0	3.8400354385375977	2.738527542571113	-3.4661571979522705	-3.531020485612102	-6.241312503814697	-6.584501091033179	-3.961810827255249	-4.89697045189945	-5.510214805603027	-6.341481383128208	-7.268899917602539	-7.115699178188509	4.746604919433594	6.530760020200329	7.135450839996338	4.990675692030681	0.0	0.0	0.0	0.0
12.81832480430603	1781097162.0	1781097162.287662	5	25.0	29.0	12.0	8.0	NeuronSpectrum 10.06.2026 16:02:51	EEG	checkup_151_10.06.2026 16:02:51	500.0	499.6666666666667	True	0.5	40.0	4	True	50.0	30.0	3.7005279064178467	2.0833972159788816	-5.224265098571777	-4.176837602092051	-8.298385620117188	-7.6250786711012095	-6.050293445587158	-5.896824083008388	-8.646889686584473	-7.380955344301794	-10.768623352050781	-8.382717126017543	15.323761940002441	8.272124408474838	10.125035285949707	6.190672565060338	0.0	0.0	0.0	0.0
12.818326711654663	1781097162.0	1781097162.287664	5	25.0	29.0	12.0	8.0	NeuronSpectrum 10.06.2026 16:02:51	EEG	checkup_151_10.06.2026 16:02:51	500.0	499.6666666666667	True	0.5	40.0	4	True	50.0	30.0	2.7599453926086426	1.3320188978481309	-6.241151809692383	-4.892468563246691	-9.83796501159668	-8.731274260185707	-7.909808158874512	-7.0966947358506784	-10.677867889404297	-8.371584250070265	-13.148415565490723	-9.716722019924553	23.18242073059082	9.615273944045823	10.964776039123535	6.7263558373803845	0.0	0.0	0.0	0.0
12.818328142166138	1781097162.0	1781097162.2876654	5	25.0	29.0	12.0	8.0	NeuronSpectrum 10.06.2026 16:02:51	EEG	checkup_151_10.06.2026 16:02:51	500.0	499.6666666666667	True	0.5	40.0	4	True	50.0	30.0	1.3512850999832153	0.5810856971248306	-5.228545188903809	-5.643620186114941	-9.446192741394043	-9.832144042434258	-7.3731465339660645	-8.42173126334968	-9.430938720703125	-9.234845649003045	-12.173497200012207	-11.005247607516173	19.914772033691406	10.498940703971224	9.87316608428955	6.584766336702101	0.0	0.0	0.0	0.0
12.81833004951477	1781097162.0	1781097162.2876673	5	25.0	29.0	12.0	8.0	NeuronSpectrum 10.06.2026 16:02:51	EEG	checkup_151_10.06.2026 16:02:51	500.0	499.6666666666667	True	0.5	40.0	4	True	50.0	30.0	0.07620831578969955	-0.06790530914607498	-0.869658350944519	-6.3715032159048395	-5.492689609527588	-10.842035304230748	-2.1267824172973633	-9.765110627697776	-2.9723691940307617	-9.891671885585703	-5.918749809265137	-12.133167584921917	0.8842194676399231	10.913145670779448	7.709595680236816	5.889267854223311	0.0	0.0	0.0	0.0
12.869172096252441	1781097162.0	1781097162.3385093	5	25.0	29.0	12.0	8.0	NeuronSpectrum 10.06.2026 16:02:51	EEG	checkup_151_10.06.2026 16:02:51	500.0	499.6666666666667	True	0.5	40.0	4	True	50.0	30.0	-2.1760332584381104	-0.5284341234338022	-9.562694549560547	-6.988677347164975	-15.480900764465332	-11.66043060433445	-14.679893493652344	-10.989739112427435	-12.8828125	-10.263353946085047	-16.598613739013672	-12.986523408899512	7.3133440017700195	10.897627752322595	1.520774006843567	4.861420263020513	0.0	0.0	0.0	0.0
12.86917757987976	1781097162.0	1781097162.3385148	5	25.0	29.0	12.0	8.0	NeuronSpectrum 10.06.2026 16:02:51	EEG	checkup_151_10.06.2026 16:02:51	500.0	499.6666666666667	True	0.5	40.0	4	True	50.0	30.0	-2.1018006801605225	-0.748041848181011	-9.618669509887695	-7.3854200511973	-15.703219413757324	-12.179719335092514	-15.664640426635742	-11.942956293984011	-12.083889961242676	-10.27713999029557	-16.419921875	-13.459926546921093	7.2310895919799805	10.527282912251371	-1.0950285196304321	3.756547939471973	0.0	0.0	0.0	0.0
12.869179487228394	1781097162.0	1781097162.3385167	5	25.0	29.0	12.0	8.0	NeuronSpectrum 10.06.2026 16:02:51	EEG	checkup_151_10.06.2026 16:02:51	500.0	499.6666666666667	True	0.5	40.0	4	True	50.0	30.0	-1.0329463481903076	-0.7199943557438069	-8.005952835083008	-7.446357328842126	-13.822304725646973	-12.299891609316504	-14.23716926574707	-12.480944291993197	-9.398222923278809	-9.876352893844928	-14.289134979248047	-13.467510346536388	8.281341552734375	9.896969998227299	-1.4818295240402222	2.794455879053845	0.0	0.0	0.0	0.0
12.869181394577026	1781097162.0	1781097162.3385186	5	25.0	29.0	12.0	8.0	NeuronSpectrum 10.06.2026 16:02:51	EEG	checkup_151_10.06.2026 16:02:51	500.0	499.6666666666667	True	0.5	40.0	4	True	50.0	30.0	0.3991365134716034	-0.4829095738320647	-5.106195449829102	-7.0705494465750105	-10.351776123046875	-11.94297263314449	-10.854331016540527	-12.491749371092999	-5.529694080352783	-9.02914180548604	-10.726101875305176	-12.951570926995988	9.89047908782959	9.114694456808657	0.00462363613769412	2.107783030404479	0.0	0.0	0.0	0.0
12.86918306350708	1781097162.0	1781097162.3385203	5	25.0	29.0	12.0	8.0	NeuronSpectrum 10.06.2026 16:02:51	EEG	checkup_151_10.06.2026 16:02:51	500.0	499.6666666666667	True	0.5	40.0	4	True	50.0	30.0	1.5271930694580078	-0.10822847172799122	-1.8285486698150635	-6.187090603881441	-6.399590015411377	-11.059904607939362	-6.7227959632873535	-11.906049096132142	-1.6794184446334839	-7.729965954918365	-6.853133678436279	-11.88302966354051	11.411483764648438	8.30272408171205	2.2076079845428467	1.7228577197340542	0.0	0.0	0.0	0.0
12.869184970855713	1781097162.0	1781097162.3385222	5	25.0	29.0	12.0	8.0	NeuronSpectrum 10.06.2026 16:02:51	EEG	checkup_151_10.06.2026 16:02:51	500.0	499.6666666666667	True	0.5	40.0	4	True	50.0	30.0	1.9815272092819214	0.31989351915211556	0.7278870940208435	-4.763220891210137	-3.2750139236450195	-9.628901806320435	-3.398202896118164	-10.69344229324932	0.8927813768386841	-5.994115533027659	-4.0124616622924805	-10.25443713161707	12.520462036132812	7.598837851271803	3.8710381984710693	1.5751433454522443	0.0	0.0	0.0	0.0
12.869186639785767	1781097162.0	1781097162.3385239	5	25.0	29.0	12.0	8.0	NeuronSpectrum 10.06.2026 16:02:51	EEG	checkup_151_10.06.2026 16:02:51	500.0	499.6666666666667	True	0.5	40.0	4	True	50.0	30.0	1.805299162864685	0.7251564993221103	1.6662089824676514	-2.8084867029845384	-2.064554452896118	-7.651894800012361	-2.2523326873779297	-8.852596147245352	1.315312147140503	-3.852623758719818	-3.2674667835235596	-8.073911443887456	13.062993049621582	7.1481802413771165	4.28110408782959	1.549291022105771	0.0	0.0	0.0	0.0
12.8691885471344	1781097162.0	1781097162.3385258	5	25.0	29.0	12.0	8.0	NeuronSpectrum 10.06.2026 16:02:51	EEG	checkup_151_10.06.2026 16:02:51	500.0	499.6666666666667	True	0.5	40.0	4	True	50.0	30.0	1.3452216386795044	1.0536875903355882	0.7934659123420715	-0.3813343824341273	-3.0985307693481445	-5.158628182606247	-3.7319178581237793	-6.408466898813997	-0.3700839877128601	-1.3567848314884712	-4.7564005851745605	-5.3706847430117985	12.649799346923828	7.079425403826154	3.509652853012085	1.52728299014285	0.0	0.0	0.0	0.0
12.869189977645874	1781097162.0	1781097162.3385272	5	25.0	29.0	12.0	8.0	NeuronSpectrum 10.06.2026 16:02:51	EEG	checkup_151_10.06.2026 16:02:51	500.0	499.6666666666667	True	0.5	40.0	4	True	50.0	30.0	1.005649447441101	1.2793051568494476	-0.9256523251533508	2.398694190519432	-5.419813632965088	-2.223627298861181	-6.650198936462402	-3.4254251346277886	-2.7866485118865967	1.4040669447394976	-7.157515525817871	-2.2170890162736514	10.587597846984863	7.465444356179693	2.204923629760742	1.4287017672616031	0.0	0.0	0.0	0.0
12.869193315505981	1781097162.0	1781097162.3385305	5	25.0	29.0	12.0	8.0	NeuronSpectrum 10.06.2026 16:02:51	EEG	checkup_151_10.06.2026 16:02:51	500.0	499.6666666666667	True	0.5	40.0	4	True	50.0	30.0	1.0243796110153198	1.400034603138217	-1.4096039533615112	5.337687673042601	-6.727763652801514	1.0086591770709536	-8.184005737304688	-0.033388689981930564	-3.3953583240509033	4.278283342099739	-7.822371006011963	1.239812350707543	6.553735256195068	8.276779399058825	1.1119290590286255	1.2330090217653533	0.0	0.0	0.0	0.0
12.869194984436035	1781097162.0	1781097162.3385322	5	25.0	29.0	12.0	8.0	NeuronSpectrum 10.06.2026 16:02:51	EEG	checkup_151_10.06.2026 16:02:51	500.0	499.6666666666667	True	0.5	40.0	4	True	50.0	30.0	1.358154535293579	1.4292582605799176	1.5616897344589233	8.16495456109223	-4.33462381362915	4.305350639731049	-5.189378261566162	3.548534483306623	0.26534685492515564	7.037158342244358	-4.060733318328857	4.754820347371815	1.6297438144683838	9.344005687385993	0.6549001336097717	0.9813010574031538	0.0	0.0	0.0	0.0
12.869196653366089	1781097162.0	1781097162.3385339	5	25.0	29.0	12.0	8.0	NeuronSpectrum 10.06.2026 16:02:51	EEG	checkup_151_10.06.2026 16:02:51	500.0	499.6666666666667	True	0.5	40.0	4	True	50.0	30.0	1.7415014505386353	1.3857512813024204	8.632733345031738	10.55495463442179	2.960693836212158	7.35180136483107	3.439706325531006	7.011885740782164	8.608467102050781	9.387305817240357	4.79006814956665	7.9905120086353865	-1.2743266820907593	10.349534108642642	0.7632248401641846	0.7610270742090254	0.0	0.0	0.0	0.0
12.869198083877563	1781097162.0	1781097162.3385353	5	25.0	29.0	12.0	8.0	NeuronSpectrum 10.06.2026 16:02:51	EEG	checkup_151_10.06.2026 16:02:51	500.0	499.6666666666667	True	0.5	40.0	4	True	50.0	30.0	1.8651630878448486	1.2859535545060043	17.574125289916992	12.179605146591244	13.261225700378418	9.795145271491938	14.943684577941895	9.99659581526207	18.644447326660156	11.0185178787726	15.899428367614746	10.564839782026942	1.7593995332717896	10.866580167896544	1.0206806659698486	0.6800638804121261	0.0	0.0	0.0	0.0
12.869199991226196	1781097162.0	1781097162.3385372	5	25.0	29.0	12.0	8.0	NeuronSpectrum 10.06.2026 16:02:51	EEG	checkup_151_10.06.2026 16:02:51	500.0	499.6666666666667	True	0.5	40.0	4	True	50.0	30.0	1.5745903253555298	1.140072517058408	23.674861907958984	12.782678840280385	21.675682067871094	11.32046498005686	23.148263931274414	12.164192017340149	24.672271728515625	11.678582334520723	23.547014236450195	12.134639023199277	13.6029634475708	10.449680379721663	0.9777255654335022	0.8368008211324728	0.0	0.0	0.0	0.0
12.869201898574829	1781097162.0	1781097162.3385391	5	25.0	29.0	12.0	8.0	NeuronSpectrum 10.06.2026 16:02:51	EEG	checkup_151_10.06.2026 16:02:51	500.0	499.6666666666667	True	0.5	40.0	4	True	50.0	30.0	0.9652618765830994	0.9519830584245965	22.186248779296875	12.254044723424323	22.71963882446289	11.737754846537035	21.701139450073242	13.285436774537242	21.31020736694336	11.250745054851967	22.110464096069336	12.490477829329246	33.742637634277344	8.758765370151407	0.46108707785606384	1.2920747927477416	0.0	0.0	0.0	0.0
12.920147180557251	1781097162.0	1781097162.3894844	5	25.0	29.0	12.0	8.0	NeuronSpectrum 10.06.2026 16:02:51	EEG	checkup_151_10.06.2026 16:02:51	500.0	499.6666666666667	True	0.5	40.0	4	True	50.0	30.0	1.4708009958267212	0.7218764829721003	14.363102912902832	10.676333194264826	16.14523696899414	11.048452095137206	19.920654296875	13.311348200504066	13.633708000183105	9.804176496263741	16.533039093017578	11.629176556903252	12.838932037353516	5.6770191227584474	0.6235334873199463	2.04820609954302	0.0	0.0	0.0	0.0
12.920151948928833	1781097162.0	1781097162.3894892	5	25.0	29.0	12.0	8.0	NeuronSpectrum 10.06.2026 16:02:51	EEG	checkup_151_10.06.2026 16:02:51	500.0	499.6666666666667	True	0.5	40.0	4	True	50.0	30.0	1.1429598331451416	0.4501446697757674	9.420534133911133	8.32417529055827	12.053276062011719	9.464935120737904	16.43406867980957	12.40040843445946	8.598794937133789	7.596475528078085	11.59957504272461	9.776041027275808	6.243509769439697	1.376417901133798	1.0830096006393433	3.040097006254719	0.0	0.0	0.0	0.0
12.920153856277466	1781097162.0	1781097162.389491	5	25.0	29.0	12.0	8.0	NeuronSpectrum 10.06.2026 16:02:51	EEG	checkup_151_10.06.2026 16:02:51	500.0	499.6666666666667	True	0.5	40.0	4	True	50.0	30.0	0.6550781726837158	0.14087623567746133	3.6545209884643555	5.612796189750222	6.128584861755371	7.372772835279403	10.333243370056152	10.889742318215356	2.8793327808380127	5.024969169747282	4.956319332122803	7.346121375379157	-3.4027814865112305	-3.6978645380481128	2.9837124347686768	4.142315570101786	0.0	0.0	0.0	0.0
12.920155763626099	1781097162.0	1781097162.389493	5	25.0	29.0	12.0	8.0	NeuronSpectrum 10.06.2026 16:02:51	EEG	checkup_151_10.06.2026 16:02:51	500.0	499.6666666666667	True	0.5	40.0	4	True	50.0	30.0	0.04081263393163681	-0.19635860574105568	-1.1159136295318604	3.0099255378764047	0.5943557620048523	5.24525646717466	4.2287187576293945	9.216763264095906	-1.696303367614746	2.541020063575235	-1.0111373662948608	4.854094265627327	-12.866246223449707	-8.920585558813697	5.949589252471924	5.193140758261091	0.0	0.0	0.0	0.0
12.920157670974731	1781097162.0	1781097162.389495	5	25.0	29.0	12.0	8.0	NeuronSpectrum 10.06.2026 16:02:51	EEG	checkup_151_10.06.2026 16:02:51	500.0	499.6666666666667	True	0.5	40.0	4	True	50.0	30.0	-0.5559122562408447	-0.5469431859134877	-3.5740561485290527	0.9355704240329019	-2.6257071495056152	3.534530428302431	0.6607720255851746	7.813433864929456	-3.8439276218414307	0.5518454496186356	-4.291355609893799	2.7978984605345985	-19.163742065429688	-13.62499371756319	8.786360740661621	6.031620203805819	0.0	0.0	0.0	0.0
12.920159339904785	1781097162.0	1781097162.3894966	5	25.0	29.0	12.0	8.0	NeuronSpectrum 10.06.2026 16:02:51	EEG	checkup_151_10.06.2026 16:02:51	500.0	499.6666666666667	True	0.5	40.0	4	True	50.0	30.0	-0.9456133842468262	-0.8933098224697916	-3.3254075050354004	-0.32409354127975615	-2.651334285736084	2.569425113440786	0.9574021100997925	7.003577746754818	-3.2243294715881348	-0.6641353597662327	-4.020314693450928	1.54807111545622	-21.311147689819336	-17.24347558742457	10.179760932922363	6.53836368287872	0.0	0.0	0.0	0.0
12.920161247253418	1781097162.0	1781097162.3894985	5	25.0	29.0	12.0	8.0	NeuronSpectrum 10.06.2026 16:02:51	EEG	checkup_151_10.06.2026 16:02:51	500.0	499.6666666666667	True	0.5	40.0	4	True	50.0	30.0	-1.0339179039001465	-1.2174028885312702	-0.8914276361465454	-0.6681902633900986	0.1630421280860901	2.4867516427889282	4.73457670211792	6.932379760833843	-0.42149636149406433	-1.0080107784190866	-0.6854308843612671	1.2720115713301083	-20.734661102294922	-19.413451414896112	9.522307395935059	6.667736658011068	0.0	0.0	0.0	0.0
12.920162916183472	1781097162.0	1781097162.3895001	5	25.0	29.0	12.0	8.0	NeuronSpectrum 10.06.2026 16:02:51	EEG	checkup_151_10.06.2026 16:02:51	500.0	499.6666666666667	True	0.5	40.0	4	True	50.0	30.0	-0.921848475933075	-1.5022707946702691	2.649754762649536	-0.18787514496028085	4.605043888092041	3.212299805883799	10.267667770385742	7.546562442794357	3.408160924911499	-0.5669305018667102	4.257778644561768	1.911450124501164	-19.77766990661621	-20.028453371945904	7.312872409820557	6.460554324502979	0.0	0.0	0.0	0.0
12.920164585113525	1781097162.0	1781097162.3895018	5	25.0	29.0	12.0	8.0	NeuronSpectrum 10.06.2026 16:02:51	EEG	checkup_151_10.06.2026 16:02:51	500.0	499.6666666666667	True	0.5	40.0	4	True	50.0	30.0	-0.8572724461555481	-1.7323507617971021	6.081793785095215	0.8697443273488762	9.174814224243164	4.4934169016528305	15.354390144348145	8.627245614020337	6.931433200836182	0.4217275540581523	9.009448051452637	3.2156083341963764	-19.414833068847656	-19.232355033683234	4.824108123779297	6.032459673566201	0.0	0.0	0.0	0.0
12.920166254043579	1781097162.0	1781097162.3895035	5	25.0	29.0	12.0	8.0	NeuronSpectrum 10.06.2026 16:02:51	EEG	checkup_151_10.06.2026 16:02:51	500.0	499.6666666666667	True	0.5	40.0	4	True	50.0	30.0	-1.0482213497161865	-1.8930519977466584	8.365676879882812	2.168121458734363	12.532373428344727	5.971076162971203	18.182344436645508	9.861141844152277	8.967752456665039	1.636140592219526	12.003973960876465	4.816848741435362	-18.17782211303711	-17.367382868720398	3.3050222396850586	5.541534451954071	0.0	0.0	0.0	0.0
12.920168161392212	1781097162.0	1781097162.3895054	5	25.0	29.0	12.0	8.0	NeuronSpectrum 10.06.2026 16:02:51	EEG	checkup_151_10.06.2026 16:02:51	500.0	499.6666666666667	True	0.5	40.0	4	True	50.0	30.0	-1.481240153312683	-1.9708534364263293	8.844889640808105	3.3595271675922818	13.731338500976562	7.269748346319407	17.86771011352539	10.925417638863681	8.79134464263916	2.7467757945070623	12.329377174377441	6.32492979019793	-13.649947166442871	-14.892060994929016	3.2495124340057373	5.145669073656779	0.0	0.0	0.0	0.0
12.920169591903687	1781097162.0	1781097162.3895068	5	25.0	29.0	12.0	8.0	NeuronSpectrum 10.06.2026 16:02:51	EEG	checkup_151_10.06.2026 16:02:51	500.0	499.6666666666667	True	0.5	40.0	4	True	50.0	30.0	-1.902427315711975	-1.9549023354766657	7.439545631408691	4.155495760253573	12.414663314819336	8.080633623867733	14.689271926879883	11.560574970410157	6.475573539733887	3.484247622204513	10.033324241638184	7.413389662467436	-5.679727554321289	-12.286509773184504	4.249666690826416	4.962902853019879	0.0	0.0	0.0	0.0
12.920171022415161	1781097162.0	1781097162.3895082	5	25.0	29.0	12.0	8.0	NeuronSpectrum 10.06.2026 16:02:51	EEG	checkup_151_10.06.2026 16:02:51	500.0	499.6666666666667	True	0.5	40.0	4	True	50.0	30.0	-1.9900596141815186	-1.840159012049211	4.898189067840576	4.374214645143923	9.133037567138672	8.218193814067824	10.161049842834473	11.613555503249096	3.239311695098877	3.683242902007644	6.368906497955322	7.877273029373627	1.4980170726776123	-9.963226758655404	5.406881332397461	5.045732816408089	0.0	0.0	0.0	0.0
12.920172691345215	1781097162.0	1781097162.38951	5	25.0	29.0	12.0	8.0	NeuronSpectrum 10.06.2026 16:02:51	EEG	checkup_151_10.06.2026 16:02:51	500.0	499.6666666666667	True	0.5	40.0	4	True	50.0	30.0	-1.5945667028427124	-1.6310650710543866	2.8666982650756836	3.9573840789415353	5.5740509033203125	7.639606909274047	6.830965042114258	11.046001104196984	1.4027795791625977	3.295874486754237	3.700145959854126	7.652678769233966	0.738991379737854	-8.201636839611082	5.959438800811768	5.374991033136761	0.0	0.0	0.0	0.0
12.920175552368164	1781097162.0	1781097162.3895128	5	25.0	29.0	12.0	8.0	NeuronSpectrum 10.06.2026 16:02:51	EEG	checkup_151_10.06.2026 16:02:51	500.0	499.6666666666667	True	0.5	40.0	4	True	50.0	30.0	-0.8668198585510254	-1.344142772431057	3.43534255027771	2.957753593207356	4.237966537475586	6.428387429240201	7.490625858306885	9.914726290218539	3.5713090896606445	2.3768044851847456	4.726133346557617	6.800969572383153	-12.97277545928955	-7.120295446415611	5.677565097808838	5.872957374985081	0.0	0.0	0.0	0.0
12.920177221298218	1781097162.0	1781097162.3895144	5	25.0	29.0	12.0	8.0	NeuronSpectrum 10.06.2026 16:02:51	EEG	checkup_151_10.06.2026 16:02:51	500.0	499.6666666666667	True	0.5	40.0	4	True	50.0	30.0	-1.4006375074386597	-1.0080995484254525	-2.7633345127105713	1.505779970377523	-0.884536623954773	4.75328557140503	3.7804675102233887	8.338522435848724	-2.79613995552063	1.0493547087180812	0.3856954276561737	5.469730886157609	-13.966620445251465	-6.688976855731474	7.740573883056641	6.430769322892108	0.0	0.0	0.0	0.0
12.920178890228271	1781097162.0	1781097162.389516	5	25.0	29.0	12.0	8.0	NeuronSpectrum 10.06.2026 16:02:51	EEG	checkup_151_10.06.2026 16:02:51	500.0	499.6666666666667	True	0.5	40.0	4	True	50.0	30.0	-0.2942524254322052	-0.6607160481065484	-1.7336937189102173	-0.2317836448063384	0.21472793817520142	2.8189217272997804	5.641034126281738	6.465927965646728	-1.3339226245880127	-0.5345462428134701	2.37457537651062	3.846485042239066	-11.009456634521484	-6.768425802525663	9.235099792480469	6.942260772588788	0.0	0.0	0.0	0.0
12.920180559158325	1781097162.0	1781097162.3895178	5	25.0	29.0	12.0	8.0	NeuronSpectrum 10.06.2026 16:02:51	EEG	checkup_151_10.06.2026 16:02:51	500.0	499.6666666666667	True	0.5	40.0	4	True	50.0	30.0	0.6081463098526001	-0.34275455937045013	0.06349257379770279	-2.0879626534361666	2.3661105632781982	0.8241181221298726	7.852740287780762	4.453841082128868	0.846900224685669	-2.2276331725137872	4.8236260414123535	2.1196173437347254	-7.540675640106201	-7.157854890178098	10.300715446472168	7.334774624869651	0.0	0.0	0.0	0.0
12.920183181762695	1781097162.0	1781097162.3895204	5	25.0	29.0	12.0	8.0	NeuronSpectrum 10.06.2026 16:02:51	EEG	checkup_151_10.06.2026 16:02:51	500.0	499.6666666666667	True	0.5	40.0	4	True	50.0	30.0	0.9844589829444885	-0.09017272836443092	1.114913821220398	-3.916768270498626	3.7609989643096924	-1.062144121352741	8.66129207611084	2.459303413343468	2.155395984649658	-3.904794424679209	5.9114508628845215	0.45497589785138115	-5.336872100830078	-7.634417029839529	10.167887687683105	7.5875691060982176	0.0	0.0	0.0	0.0
12.920184850692749	1781097162.0	1781097162.389522	5	25.0	29.0	12.0	8.0	NeuronSpectrum 10.06.2026 16:02:51	EEG	checkup_151_10.06.2026 16:02:51	500.0	499.6666666666667	True	0.5	40.0	4	True	50.0	30.0	0.8341132402420044	0.07322767498535405	0.5343281626701355	-5.597556229045649	3.3111073970794678	-2.7063755008266965	7.25262975692749	0.6393412767291338	1.6288213729858398	-5.463358653212943	4.758827209472656	-1.011627478207251	-5.042339324951172	-7.979943685117766	8.626791954040527	7.731223210933049	0.0	0.0	0.0	0.0
12.920186758041382	1781097162.0	1781097162.389524	5	25.0	29.0	12.0	8.0	NeuronSpectrum 10.06.2026 16:02:51	EEG	checkup_151_10.06.2026 16:02:51	500.0	499.6666666666667	True	0.5	40.0	4	True	50.0	30.0	0.43347594141960144	0.1404674428510596	-1.608816146850586	-7.028434186817387	1.1046637296676636	-4.005121050887617	4.009095668792725	-0.850451207116302	-0.7207671999931335	-6.812894901957738	1.769722819328308	-2.1726818898523863	-5.686942100524902	-7.998887088143377	6.38038444519043	7.8273415608429655	0.0	0.0	0.0	0.0
12.920188426971436	1781097162.0	1781097162.3895257	5	25.0	29.0	12.0	8.0	NeuronSpectrum 10.06.2026 16:02:51	EEG	checkup_151_10.06.2026 16:02:51	500.0	499.6666666666667	True	0.5	40.0	4	True	50.0	30.0	0.11423220485448837	0.12198644142728418	-4.684267520904541	-8.11875484769354	-2.0365493297576904	-4.878854439966883	-0.03892096132040024	-1.8667951721938247	-4.261226177215576	-7.865658147656203	-1.9369792938232422	-2.9469853306910685	-5.582745552062988	-7.532893969862569	4.737051010131836	7.9353945262814225	0.0	0.0	0.0	0.0
12.92019009590149	1781097162.0	1781097162.3895273	5	25.0	29.0	12.0	8.0	NeuronSpectrum 10.06.2026 16:02:51	EEG	checkup_151_10.06.2026 16:02:51	500.0	499.6666666666667	True	0.5	40.0	4	True	50.0	30.0	0.03054436668753624	0.0422152097393361	-8.015982627868652	-8.789338976598183	-5.261752128601074	-5.2731032217803655	-3.871673583984375	-2.301426988672842	-8.193778038024902	-8.537250468698884	-5.293933391571045	-3.283495137062338	-3.87375807762146	-6.473935355728031	4.821557521820068	8.079579721025137	0.0	0.0	0.0	0.0
12.920191526412964	1781097162.0	1781097162.3895288	5	25.0	29.0	12.0	8.0	NeuronSpectrum 10.06.2026 16:02:51	EEG	checkup_151_10.06.2026 16:02:51	500.0	499.6666666666667	True	0.5	40.0	4	True	50.0	30.0	0.10159320384263992	-0.0666077620436045	-10.932547569274902	-8.983386021468771	-7.9060564041137695	-5.168438665213385	-6.591860294342041	-2.110296096189239	-11.576473236083984	-8.760572375241761	-7.520426273345947	-3.171228248011484	-1.4069435596466064	-4.7743545582827345	6.817502975463867	8.229889125865899	0.0	0.0	0.0	0.0
12.920193433761597	1781097162.0	1781097162.3895307	5	25.0	29.0	12.0	8.0	NeuronSpectrum 10.06.2026 16:02:51	EEG	checkup_151_10.06.2026 16:02:51	500.0	499.6666666666667	True	0.5	40.0	4	True	50.0	30.0	0.1509033441543579	-0.17157588722683612	-12.428875923156738	-8.684004439713286	-9.146421432495117	-4.59435804690548	-7.120951175689697	-1.3380565191268288	-13.066911697387695	-8.507956787301687	-7.817444324493408	-2.6497669270676054	0.016842393204569817	-2.451513216635817	9.792490005493164	8.30663871943162	0.0	0.0	0.0	0.0
12.92019510269165	1781097162.0	1781097162.3895323	5	25.0	29.0	12.0	8.0	NeuronSpectrum 10.06.2026 16:02:51	EEG	checkup_151_10.06.2026 16:02:51	500.0	499.6666666666667	True	0.5	40.0	4	True	50.0	30.0	0.093854159116745	-0.2455449034385519	-11.192033767700195	-7.929191451153128	-7.84469747543335	-3.6381062868251104	-4.294074058532715	-0.1253438986815316	-11.17273998260498	-7.810429679783579	-5.308498859405518	-1.8122840169043528	-0.4433750808238983	0.41379262700360653	12.19611930847168	8.208108849163615	0.0	0.0	0.0	0.0
12.920196771621704	1781097162.0	1781097162.389534	5	25.0	29.0	12.0	8.0	NeuronSpectrum 10.06.2026 16:02:51	EEG	checkup_151_10.06.2026 16:02:51	500.0	499.6666666666667	True	0.5	40.0	4	True	50.0	30.0	0.006896854378283024	-0.27162926736282994	-6.507256984710693	-6.8145309197010135	-3.2774600982666016	-2.4400432286433804	2.096851110458374	1.3091561534534493	-5.401817321777344	-6.762565812661998	0.19358336925506592	-0.7948862909897798	-1.1588480472564697	3.684835106595598	12.714097023010254	7.850819983224795	0.0	0.0	0.0	0.0
12.920198202133179	1781097162.0	1781097162.3895354	5	25.0	29.0	12.0	8.0	NeuronSpectrum 10.06.2026 16:02:51	EEG	checkup_151_10.06.2026 16:02:51	500.0	499.6666666666667	True	0.5	40.0	4	True	50.0	30.0	0.025518575683236122	-0.24501960709976722	0.5069738030433655	-5.4788090103082405	3.6329193115234375	-1.1725716901926775	10.029841423034668	2.710443331660234	2.439739465713501	-5.50745262208063	7.087806224822998	0.2477947108991073	1.7751539945602417	7.182374734685237	10.932290077209473	7.206123016466007	0.0	0.0	0.0	0.0
12.920200109481812	1781097162.0	1781097162.3895373	5	25.0	29.0	12.0	8.0	NeuronSpectrum 10.06.2026 16:02:51	EEG	checkup_151_10.06.2026 16:02:51	500.0	499.6666666666667	True	0.5	40.0	4	True	50.0	30.0	0.19442400336265564	-0.17186935571253475	6.551920413970947	-4.076357455141951	9.773392677307129	-0.007915045445610086	15.151223182678223	3.8406554218102493	8.162221908569336	-4.206379212683851	11.770332336425781	1.1730589497656014	12.309860229492188	10.703967397959323	7.454550266265869	6.318129624956776	0.0	0.0	0.0	0.0
12.920201539993286	1781097162.0	1781097162.3895388	5	25.0	29.0	12.0	8.0	NeuronSpectrum 10.06.2026 16:02:51	EEG	checkup_151_10.06.2026 16:02:51	500.0	499.6666666666667	True	0.5	40.0	4	True	50.0	30.0	0.41650155186653137	-0.06560918933033656	7.585613250732422	-2.747496810367739	11.041154861450195	0.9132405872069423	12.773218154907227	4.525844397913667	7.168099403381348	-3.0062646795349623	10.223540306091309	1.874149903783813	31.337848663330078	14.046483470202933	3.504009962081909	5.296005632517044	0.0	0.0	0.0	0.0
12.970350503921509	1781097162.0	1781097162.4396877	5	25.0	29.0	12.0	8.0	NeuronSpectrum 10.06.2026 16:02:51	EEG	checkup_151_10.06.2026 16:02:51	500.0	499.6666666666667	True	0.5	40.0	4	True	50.0	30.0	0.8548223376274109	0.058237090871485826	-5.453110218048096	-1.599460825569662	-3.193899154663086	1.5000961052954485	0.17915485799312592	4.680575968955197	-6.198439121246338	-2.0184406482868247	-4.148949146270752	2.287928055137821	10.960542678833008	17.025594193165578	0.6735593676567078	4.284525604447906	0.0	0.0	0.0	0.0
12.970364332199097	1781097162.0	1781097162.4397016	5	25.0	29.0	12.0	8.0	NeuronSpectrum 10.06.2026 16:02:51	EEG	checkup_151_10.06.2026 16:02:51	500.0	499.6666666666667	True	0.5	40.0	4	True	50.0	30.0	0.7569816708564758	0.18709339076474077	-3.8877079486846924	-0.7027843561707727	-2.0712592601776123	1.7129769429802288	0.40351417660713196	4.3065672329723785	-4.923587322235107	-1.3138519544655816	-3.4434621334075928	2.386364346905931	15.30446720123291	19.487189930862584	0.9710505604743958	3.425397465030513	0.0	0.0	0.0	0.0
12.970366477966309	1781097162.0	1781097162.4397037	5	25.0	29.0	12.0	8.0	NeuronSpectrum 10.06.2026 16:02:51	EEG	checkup_151_10.06.2026 16:02:51	500.0	499.6666666666667	True	0.5	40.0	4	True	50.0	30.0	0.5432614088058472	0.31453648055569977	-1.126572608947754	-0.09743536970807795	0.051563430577516556	1.5543084513900112	1.5168472528457642	3.4747043391552945	-2.322765827178955	-0.9282942191682845	-1.1665984392166138	2.162923293861055	20.656131744384766	21.313565909176106	2.695835828781128	2.824280720006331	0.0	0.0	0.0	0.0
12.970369577407837	1781097162.0	1781097162.4397068	5	25.0	29.0	12.0	8.0	NeuronSpectrum 10.06.2026 16:02:51	EEG	checkup_151_10.06.2026 16:02:51	500.0	499.6666666666667	True	0.5	40.0	4	True	50.0	30.0	0.44181644916534424	0.4406334514411765	1.5529507398605347	0.20214015928164208	1.8423892259597778	1.0610144625743745	2.342284679412842	2.3049021879813703	0.2757358253002167	-0.8664635624608267	1.2278105020523071	1.6276271681717143	25.536766052246094	22.43396884868742	4.572338581085205	2.533979466165671	0.0	0.0	0.0	0.0
12.97037959098816	1781097162.0	1781097162.4397168	5	25.0	29.0	12.0	8.0	NeuronSpectrum 10.06.2026 16:02:51	EEG	checkup_151_10.06.2026 16:02:51	500.0	499.6666666666667	True	0.5	40.0	4	True	50.0	30.0	0.6015283465385437	0.569516658844567	2.9608969688415527	0.209379082855194	2.2065837383270264	0.3047496462099943	2.0020196437835693	0.952620930236091	1.6576720476150513	-1.0988899210516276	2.4220776557922363	0.8164230706006855	28.503156661987305	22.845336028140924	5.587284088134766	2.5559209615053136	0.0	0.0	0.0	0.0
12.970382452011108	1781097162.0	1781097162.4397197	5	25.0	29.0	12.0	8.0	NeuronSpectrum 10.06.2026 16:02:51	EEG	checkup_151_10.06.2026 16:02:51	500.0	499.6666666666667	True	0.5	40.0	4	True	50.0	30.0	0.9824477434158325	0.7053332194323217	2.848771095275879	-0.02746786365165242	1.108859658241272	-0.6035992887642524	0.6659379005432129	-0.3992379549489814	1.60299551486969	-1.555406331894627	2.1245148181915283	-0.1917742704785344	28.606199264526367	22.63624547418402	5.515705108642578	2.854384989351435	0.0	0.0	0.0	0.0
12.970384359359741	1781097162.0	1781097162.4397216	5	25.0	29.0	12.0	8.0	NeuronSpectrum 10.06.2026 16:02:51	EEG	checkup_151_10.06.2026 16:02:51	500.0	499.6666666666667	True	0.5	40.0	4	True	50.0	30.0	1.3982075452804565	0.8481181924003067	2.0074820518493652	-0.4222415060853938	-0.4359590411186218	-1.5146151615343495	-0.577761173248291	-1.5503849451503529	0.9360587000846863	-2.1241180070687613	1.1023274660110474	-1.2639070119784235	25.64482879638672	21.99642545646673	4.879662990570068	3.3745263578675893	0.0	0.0	0.0	0.0
12.970386028289795	1781097162.0	1781097162.4397233	5	25.0	29.0	12.0	8.0	NeuronSpectrum 10.06.2026 16:02:51	EEG	checkup_151_10.06.2026 16:02:51	500.0	499.6666666666667	True	0.5	40.0	4	True	50.0	30.0	1.6534658670425415	0.9908558919507748	1.5645476579666138	-0.8584865771126506	-1.1567786931991577	-2.2538312964900142	-0.6065035462379456	-2.3013677508191095	0.7385651469230652	-2.662669836218666	0.406473845243454	-2.218881373062595	20.535009384155273	21.194835884881552	4.46615743637085	4.056591669548357	0.0	0.0	0.0	0.0
12.970387935638428	1781097162.0	1781097162.4397252	5	25.0	29.0	12.0	8.0	NeuronSpectrum 10.06.2026 16:02:51	EEG	checkup_151_10.06.2026 16:02:51	500.0	499.6666666666667	True	0.5	40.0	4	True	50.0	30.0	1.661020278930664	1.1183583098836865	2.024723768234253	-1.2086049043184186	-0.5136331915855408	-2.648701464262951	0.7650641202926636	-2.4807863457217434	1.3483848571777344	-3.0220599661291843	0.4208231568336487	-2.8542923235428317	15.584481239318848	20.521746732688417	4.779853820800781	4.842860060431393	0.0	0.0	0.0	0.0
12.97038984298706	1781097162.0	1781097162.439727	5	25.0	29.0	12.0	8.0	NeuronSpectrum 10.06.2026 16:02:51	EEG	checkup_151_10.06.2026 16:02:51	500.0	499.6666666666667	True	0.5	40.0	4	True	50.0	30.0	1.476096510887146	1.2080478616923778	2.8436059951782227	-1.3596733452240295	0.8889557123184204	-2.563158054209268	2.5324490070343018	-1.9772128775585904	2.0053791999816895	-3.0773531136350187	0.5403360724449158	-2.988576644794539	13.944684982299805	20.20764542237363	5.784091949462891	5.677942482638662	0.0	0.0	0.0	0.0
12.970391750335693	1781097162.0	1781097162.439729	5	25.0	29.0	12.0	8.0	NeuronSpectrum 10.06.2026 16:02:51	EEG	checkup_151_10.06.2026 16:02:51	500.0	499.6666666666667	True	0.5	40.0	4	True	50.0	30.0	1.2337398529052734	1.232504699777252	2.8922855854034424	-1.2387539430460932	1.765743613243103	-1.930920009339473	3.2113137245178223	-0.7692770049082608	1.4909749031066895	-2.7573425024403173	-0.24431821703910828	-2.5081533610316424	17.6938419342041	20.344861722066156	7.014031410217285	6.505340593554567	0.0	0.0	0.0	0.0
12.970393419265747	1781097162.0	1781097162.4397306	5	25.0	29.0	12.0	8.0	NeuronSpectrum 10.06.2026 16:02:51	EEG	checkup_151_10.06.2026 16:02:51	500.0	499.6666666666667	True	0.5	40.0	4	True	50.0	30.0	1.0586885213851929	1.1636266163789546	1.466264247894287	-0.8315591239142044	1.1599401235580444	-0.7795049320958184	2.0439395904541016	1.0525231933874217	-0.6926236748695374	-2.0661135658737777	-2.3068156242370605	-1.407637018157815	25.315706253051758	20.839418536309946	7.891456127166748	7.2634709904411645	0.0	0.0	0.0	0.0
12.9703950881958	1781097162.0	1781097162.4397323	5	25.0	29.0	12.0	8.0	NeuronSpectrum 10.06.2026 16:02:51	EEG	checkup_151_10.06.2026 16:02:51	500.0	499.6666666666667	True	0.5	40.0	4	True	50.0	30.0	0.9933436512947083	0.9781746911382999	-0.8606604933738708	-0.19056088691230127	-0.6566419005393982	0.760760076514828	-0.10169631242752075	3.2782191563303757	-3.4337031841278076	-1.0913749961434644	-4.625712871551514	0.1879553251958984	30.74041175842285	21.410067204489597	8.024325370788574	7.8837558554219145	0.0	0.0	0.0	0.0
12.97040581703186	1781097162.0	1781097162.439743	5	25.0	29.0	12.0	8.0	NeuronSpectrum 10.06.2026 16:02:51	EEG	checkup_151_10.06.2026 16:02:51	500.0	499.6666666666667	True	0.5	40.0	4	True	50.0	30.0	0.984714925289154	0.6641332824562785	-2.2054479122161865	0.5697835764603861	-2.011918783187866	2.4664929793684363	-0.825928807258606	5.590872211751585	-4.17970609664917	0.00409788735607966	-4.946732997894287	2.028021688717126	25.781383514404297	21.635288614981654	7.3288068771362305	8.29290586696327	0.0	0.0	0.0	0.0
12.970407485961914	1781097162.0	1781097162.4397447	5	25.0	29.0	12.0	8.0	NeuronSpectrum 10.06.2026 16:02:51	EEG	checkup_151_10.06.2026 16:02:51	500.0	499.6666666666667	True	0.5	40.0	4	True	50.0	30.0	0.9188457727432251	0.22673724109487975	-0.31782272458076477	1.2919458828406378	-0.6003687381744385	4.051848957342679	2.575620174407959	7.603981577611375	-0.2693819999694824	1.00977259977175	-0.9348331093788147	3.773260132427689	5.569555282592773	21.03659052882966	5.995729446411133	8.421180303260153	0.0	0.0	0.0	0.0
12.970410346984863	1781097162.0	1781097162.4397476	5	25.0	29.0	12.0	8.0	NeuronSpectrum 10.06.2026 16:02:51	EEG	checkup_151_10.06.2026 16:02:51	500.0	499.6666666666667	True	0.5	40.0	4	True	50.0	30.0	0.49296027421951294	-0.30750419247854777	4.199481010437012	1.8074416820541463	7.2686872482299805	5.218652406832132	11.273834228515625	8.923846151387021	5.412764072418213	1.7113544272471186	8.476542472839355	5.062259870463519	25.43723487854004	19.181743977296833	12.561386108398438	8.217054946191718	0.0	0.0	0.0	0.0
12.970411777496338	1781097162.0	1781097162.439749	5	25.0	29.0	12.0	8.0	NeuronSpectrum 10.06.2026 16:02:51	EEG	checkup_151_10.06.2026 16:02:51	500.0	499.6666666666667	True	0.5	40.0	4	True	50.0	30.0	0.08736518025398254	-0.8905655819382908	7.350914001464844	1.9769638787722232	10.82001781463623	5.718526792950811	15.127721786499023	9.227936066073484	8.889348030090332	1.9431278764064426	12.840344429016113	5.594997857729887	24.219331741333008	15.789850425906758	12.418792724609375	7.665342859868116	0.0	0.0	0.0	0.0
12.97041368484497	1781097162.0	1781097162.439751	5	25.0	29.0	12.0	8.0	NeuronSpectrum 10.06.2026 16:02:51	EEG	checkup_151_10.06.2026 16:02:51	500.0	499.6666666666667	True	0.5	40.0	4	True	50.0	30.0	-0.5877586603164673	-1.4576947341185313	8.352051734924316	1.7286353095469644	11.544290542602539	5.4124669137948525	15.414749145507812	8.340820847870496	9.550423622131348	1.6346181014334227	13.295113563537598	5.211124300450054	17.431747436523438	10.81573272965863	10.379914283752441	6.801567969499964	0.0	0.0	0.0	0.0
12.970415115356445	1781097162.0	1781097162.4397523	5	25.0	29.0	12.0	8.0	NeuronSpectrum 10.06.2026 16:02:51	EEG	checkup_151_10.06.2026 16:02:51	500.0	499.6666666666667	True	0.5	40.0	4	True	50.0	30.0	-1.3937820196151733	-1.9373542342349162	6.820841312408447	1.0826271116049095	9.257672309875488	4.310342172458256	11.982776641845703	6.285363145518004	7.280109882354736	0.836624927366321	9.831881523132324	3.9387517696611916	6.24107551574707	4.488282363113874	7.037167072296143	5.713841682068304	0.0	0.0	0.0	0.0
12.970416784286499	1781097162.0	1781097162.439754	5	25.0	29.0	12.0	8.0	NeuronSpectrum 10.06.2026 16:02:51	EEG	checkup_151_10.06.2026 16:02:51	500.0	499.6666666666667	True	0.5	40.0	4	True	50.0	30.0	-2.133373260498047	-2.264974184593579	3.9280521869659424	0.15356871741629194	5.43137264251709	2.5772842988281006	6.54007625579834	3.2923192164813893	3.620272636413574	-0.28272749948822734	4.430140018463135	1.9973735511245885	-5.766331195831299	-2.7141922007014943	3.5879340171813965	4.52733535323645	0.0	0.0	0.0	0.0
12.970418214797974	1781097162.0	1781097162.4397554	5	25.0	29.0	12.0	8.0	NeuronSpectrum 10.06.2026 16:02:51	EEG	checkup_151_10.06.2026 16:02:51	500.0	499.6666666666667	True	0.5	40.0	4	True	50.0	30.0	-2.6499738693237305	-2.3977694525679794	1.2950313091278076	-0.8707217919568586	1.8760278224945068	0.5042020700733199	1.141232967376709	-0.2360935246191753	0.42770227789878845	-1.4716163384065288	-0.5307618379592896	-0.246693470684918	-14.67039966583252	-10.148078647686658	1.1738560199737549	3.374247054975067	0.0	0.0	0.0	0.0
12.970420122146606	1781097162.0	1781097162.4397573	5	25.0	29.0	12.0	8.0	NeuronSpectrum 10.06.2026 16:02:51	EEG	checkup_151_10.06.2026 16:02:51	500.0	499.6666666666667	True	0.5	40.0	4	True	50.0	30.0	-2.865675687789917	-2.326951745565412	-0.33636245131492615	-1.7682485386523323	-0.6916001439094543	-1.5495661821629665	-3.374659299850464	-3.7998981729126187	-1.5503041744232178	-2.4485363179820268	-3.9332776069641113	-2.3594407902164676	-18.732036590576172	-17.123383326529268	0.32801663875579834	2.3593317571989467	0.0	0.0	0.0	0.0
13.022099018096924	1781097162.0	1781097162.4914362	5	25.0	29.0	12.0	8.0	NeuronSpectrum 10.06.2026 16:02:51	EEG	checkup_151_10.06.2026 16:02:51	500.0	499.6666666666667	True	0.5	40.0	4	True	50.0	30.0	-2.7430951595306396	-2.083591267215648	-1.3901338577270508	-2.3292967587416404	-2.8613383769989014	-3.226962488314019	-7.5305657386779785	-6.894903890560801	-2.8310728073120117	-2.9628051079899898	-6.185251712799072	-3.9316506654329637	-19.522207260131836	-23.0235810808962	0.804232656955719	1.5336176539663844	0.0	0.0	0.0	0.0
13.02210545539856	1781097162.0	1781097162.4914427	5	25.0	29.0	12.0	8.0	NeuronSpectrum 10.06.2026 16:02:51	EEG	checkup_151_10.06.2026 16:02:51	500.0	499.6666666666667	True	0.5	40.0	4	True	50.0	30.0	-2.246927261352539	-1.7353426786572803	-2.4860682487487793	-2.3996852294508293	-5.35701322555542	-4.241761623202153	-11.844693183898926	-9.106016676852903	-4.000132083892822	-2.8479142317730752	-7.972509384155273	-4.662849778374226	-20.784408569335938	-27.39847900539265	1.8482264280319214	0.885889532458494	0.0	0.0	0.0	0.0
13.022107601165771	1781097162.0	1781097162.4914448	5	25.0	29.0	12.0	8.0	NeuronSpectrum 10.06.2026 16:02:51	EEG	checkup_151_10.06.2026 16:02:51	500.0	499.6666666666667	True	0.5	40.0	4	True	50.0	30.0	-1.3912237882614136	-1.373194485124289	-3.213934898376465	-1.9123537613922301	-7.614770889282227	-4.431927926427608	-15.316110610961914	-10.1818411676115	-4.397276878356934	-2.0571979878591025	-8.788763999938965	-4.419496914928835	-25.55112648010254	-30.016853510838377	2.6575393676757812	0.3547151597924382	0.0	0.0	0.0	0.0
13.022109270095825	1781097162.0	1781097162.4914465	5	25.0	29.0	12.0	8.0	NeuronSpectrum 10.06.2026 16:02:51	EEG	checkup_151_10.06.2026 16:02:51	500.0	499.6666666666667	True	0.5	40.0	4	True	50.0	30.0	-0.3304620683193207	-1.0900290756902333	-2.0548348426818848	-0.9016727754511645	-7.657445907592773	-3.78825107075232	-15.49315357208252	-10.075847062775866	-2.2452948093414307	-0.6751290548805313	-6.897090911865234	-3.2568625194746734	-33.36964416503906	-30.878763685044465	2.7543938159942627	-0.14360828467277795	0.0	0.0	0.0	0.0
13.022111177444458	1781097162.0	1781097162.4914484	5	25.0	29.0	12.0	8.0	NeuronSpectrum 10.06.2026 16:02:51	EEG	checkup_151_10.06.2026 16:02:51	500.0	499.6666666666667	True	0.5	40.0	4	True	50.0	30.0	0.6212362051010132	-0.9555307787322689	2.161146879196167	0.5021705555090266	-3.733248710632324	-2.452660303518451	-10.526944160461426	-8.945055249716471	3.5174832344055176	1.0982395359179835	-1.0836312770843506	-1.4013211288494969	-39.613399505615234	-30.192666344778345	2.109004259109497	-0.6809302077584493	0.0	0.0	0.0	0.0
13.022112846374512	1781097162.0	1781097162.49145	5	25.0	29.0	12.0	8.0	NeuronSpectrum 10.06.2026 16:02:51	EEG	checkup_151_10.06.2026 16:02:51	500.0	499.6666666666667	True	0.5	40.0	4	True	50.0	30.0	1.1165266036987305	-0.9940459130506969	8.456599235534668	2.097462288625477	3.5559029579162598	-0.686131193636556	-1.602500319480896	-7.106002532927273	11.221693992614746	2.9866143296918866	7.260461807250977	0.8020895925140155	-37.51348876953125	-28.3216002843982	1.0197908878326416	-1.288070814065141	0.0	0.0	0.0	0.0
13.022114753723145	1781097162.0	1781097162.491452	5	25.0	29.0	12.0	8.0	NeuronSpectrum 10.06.2026 16:02:51	EEG	checkup_151_10.06.2026 16:02:51	500.0	499.6666666666667	True	0.5	40.0	4	True	50.0	30.0	0.998996376991272	-1.1724859652770974	13.318251609802246	3.6476745005981512	10.566925048828125	1.186285182305396	6.5162811279296875	-4.959320859853672	16.29831886291504	4.690800741080352	13.773877143859863	2.9633047783577946	-22.04587173461914	-25.70364935936237	-0.12624932825565338	-1.9395407201499428	0.0	0.0	0.0	0.0
13.022116422653198	1781097162.0	1781097162.4914536	5	25.0	29.0	12.0	8.0	NeuronSpectrum 10.06.2026 16:02:51	EEG	checkup_151_10.06.2026 16:02:51	500.0	499.6666666666667	True	0.5	40.0	4	True	50.0	30.0	0.43592917919158936	-1.4036085089124424	12.52826976776123	4.92034021687778	12.384422302246094	2.8385819130657404	7.901238918304443	-2.904423044263087	13.747880935668945	5.941406536215325	13.371556282043457	4.722311484304224	6.375467300415039	-22.76029563424195	-1.0482525825500488	-2.5565837711200388	0.0	0.0	0.0	0.0
13.022118091583252	1781097162.0	1781097162.4914553	5	25.0	29.0	12.0	8.0	NeuronSpectrum 10.06.2026 16:02:51	EEG	checkup_151_10.06.2026 16:02:51	500.0	499.6666666666667	True	0.5	40.0	4	True	50.0	30.0	-2.54117488861084	-1.565961099370064	4.600414752960205	5.718224605365862	2.318941354751587	3.9983575263994586	-3.4917750358581543	-1.2681036025983246	5.741986274719238	6.537412681715764	3.0593953132629395	5.806676900994093	-25.054594039916992	-19.817253606503783	-4.206892967224121	-3.027553186472965	0.0	0.0	0.0	0.0
13.022119760513306	1781097162.0	1781097162.491457	5	25.0	29.0	12.0	8.0	NeuronSpectrum 10.06.2026 16:02:51	EEG	checkup_151_10.06.2026 16:02:51	500.0	499.6666666666667	True	0.5	40.0	4	True	50.0	30.0	-3.3739750385284424	-1.5363242389043914	4.605993747711182	5.898765456727624	2.598026990890503	4.482049857167797	-3.160714626312256	-0.2623108433637647	4.577560901641846	6.3650618278560565	2.20393443107605	6.061696307271628	-21.650798797607422	-17.062482582286748	-4.77695369720459	-3.2395874347207037	0.0	0.0	0.0	0.0
13.022121667861938	1781097162.0	1781097162.491459	5	25.0	29.0	12.0	8.0	NeuronSpectrum 10.06.2026 16:02:51	EEG	checkup_151_10.06.2026 16:02:51	500.0	499.6666666666667	True	0.5	40.0	4	True	50.0	30.0	-3.1268575191497803	-1.2255607219822113	5.037156105041504	5.385147388710132	2.96700119972229	4.210416967277611	-2.4796979427337646	0.028148511827944755	3.849891185760498	5.401329044019558	1.9464796781539917	5.455892930925198	-17.102294921875	-14.548880308029643	-3.78802227973938	-3.112186498451476	0.0	0.0	0.0	0.0
13.022123098373413	1781097162.0	1781097162.4914603	5	25.0	29.0	12.0	8.0	NeuronSpectrum 10.06.2026 16:02:51	EEG	checkup_151_10.06.2026 16:02:51	500.0	499.6666666666667	True	0.5	40.0	4	True	50.0	30.0	-1.8709800243377686	-0.6066899929916831	5.675670623779297	4.175144199491884	3.3680942058563232	3.210809771530323	-1.464288353919983	-0.3623113988719016	3.7870516777038574	3.7107936938558304	2.4037280082702637	4.0721045730987955	-11.593505859375	-12.226882155745491	-1.776316523551941	-2.6229133251078864	0.0	0.0	0.0	0.0
13.022125005722046	1781097162.0	1781097162.4914622	5	25.0	29.0	12.0	8.0	NeuronSpectrum 10.06.2026 16:02:51	EEG	checkup_151_10.06.2026 16:02:51	500.0	499.6666666666667	True	0.5	40.0	4	True	50.0	30.0	0.01907183974981308	0.2739336961993998	5.885196208953857	2.349692955769979	3.353259325027466	1.611807454676424	-0.6295408606529236	-1.297929598694851	3.9664978981018066	1.4413508693794665	2.971900224685669	2.0926209946530387	-6.047016143798828	-9.983775032071234	0.2311946451663971	-1.8184403983607507	0.0	0.0	0.0	0.0
13.02212643623352	1781097162.0	1781097162.4914637	5	25.0	29.0	12.0	8.0	NeuronSpectrum 10.06.2026 16:02:51	EEG	checkup_151_10.06.2026 16:02:51	500.0	499.6666666666667	True	0.5	40.0	4	True	50.0	30.0	2.1028730869293213	1.305982580076096	4.999382019042969	0.07604653535204492	2.420802593231201	-0.37014573621016483	-0.5559280514717102	-2.565454983915809	3.600013256072998	-1.1831700469981952	2.7662713527679443	-0.22051053025514408	-2.0212454795837402	-7.6762570927719915	1.428373098373413	-0.8091384317529517	0.0	0.0	0.0	0.0
13.022128343582153	1781097162.0	1781097162.4914656	5	25.0	29.0	12.0	8.0	NeuronSpectrum 10.06.2026 16:02:51	EEG	checkup_151_10.06.2026 16:02:51	500.0	499.6666666666667	True	0.5	40.0	4	True	50.0	30.0	4.000762939453125	2.342085108067018	2.737550973892212	-2.4034486057696234	0.4165719151496887	-2.4566632385251546	-1.4381920099258423	-3.9056117917592803	2.0479679107666016	-3.880452857285975	1.2453020811080933	-2.554548233132965	-0.9411756992340088	-5.15824511531156	1.769936203956604	0.25006340772619484	0.0	0.0	0.0	0.0
13.022129774093628	1781097162.0	1781097162.491467	5	25.0	29.0	12.0	8.0	NeuronSpectrum 10.06.2026 16:02:51	EEG	checkup_151_10.06.2026 16:02:51	500.0	499.6666666666667	True	0.5	40.0	4	True	50.0	30.0	5.389270305633545	3.2340265055790987	-0.582478404045105	-4.803125509095535	-2.2506988048553467	-4.348891220805861	-2.92045259475708	-5.0539751780449835	-0.7567421197891235	-6.343234090145948	-1.3945022821426392	-4.588502444348419	-2.769228219985962	-2.3133943748745756	1.8868523836135864	1.18740849233501	0.0	0.0	0.0	0.0
13.022131204605103	1781097162.0	1781097162.4914684	5	25.0	29.0	12.0	8.0	NeuronSpectrum 10.06.2026 16:02:51	EEG	checkup_151_10.06.2026 16:02:51	500.0	499.6666666666667	True	0.5	40.0	4	True	50.0	30.0	5.99315881729126	3.8674658937706408	-4.178618431091309	-6.844385507067692	-4.7684478759765625	-5.780974105022886	-4.353846073150635	-5.788249391584808	-4.265816688537598	-8.288489435635361	-4.342265605926514	-6.046755394309484	-5.096986770629883	0.9032516819950197	2.4379079341888428	1.8451461344794646	0.0	0.0	0.0	0.0
13.022133111953735	1781097162.0	1781097162.4914703	5	25.0	29.0	12.0	8.0	NeuronSpectrum 10.06.2026 16:02:51	EEG	checkup_151_10.06.2026 16:02:51	500.0	499.6666666666667	True	0.5	40.0	4	True	50.0	30.0	5.679493427276611	4.1853460572236525	-7.1687188148498535	-8.313430480776779	-6.3497138023376465	-6.574284942207951	-5.228632926940918	-5.972778983694627	-7.616457939147949	-9.513170977905938	-6.671807765960693	-6.753575336675638	-3.8652260303497314	4.422855259703665	3.433915138244629	2.1084232053667016	0.0	0.0	0.0	0.0
13.02213454246521	1781097162.0	1781097162.4914718	5	25.0	29.0	12.0	8.0	NeuronSpectrum 10.06.2026 16:02:51	EEG	checkup_151_10.06.2026 16:02:51	500.0	499.6666666666667	True	0.5	40.0	4	True	50.0	30.0	4.586103439331055	4.194053044083072	-8.92798900604248	-9.109109168141693	-6.659296989440918	-6.676813403857118	-5.434488773345947	-5.5876709518313	-10.013710975646973	-9.940873889778802	-7.82740592956543	-6.673013086248703	3.8880393505096436	8.038747234509437	4.1455607414245605	1.9273738672146883	0.0	0.0	0.0	0.0
13.022136449813843	1781097162.0	1781097162.4914737	5	25.0	29.0	12.0	8.0	NeuronSpectrum 10.06.2026 16:02:51	EEG	checkup_151_10.06.2026 16:02:51	500.0	499.6666666666667	True	0.5	40.0	4	True	50.0	30.0	3.1308302879333496	3.9519998190026637	-9.255685806274414	-9.264144053905211	-5.946455001831055	-6.173767453571255	-5.141664028167725	-4.731597470832472	-10.943326950073242	-9.642815266345961	-7.765756130218506	-5.919462612964016	16.66275405883789	11.419598014651417	3.7023682594299316	1.3276350647285673	0.0	0.0	0.0	0.0
13.022139310836792	1781097162.0	1781097162.4914765	5	25.0	29.0	12.0	8.0	NeuronSpectrum 10.06.2026 16:02:51	EEG	checkup_151_10.06.2026 16:02:51	500.0	499.6666666666667	True	0.5	40.0	4	True	50.0	30.0	1.826424241065979	3.5459184394255416	-8.174468994140625	-8.930288280628242	-4.668171405792236	-5.263085113537738	-4.286562442779541	-3.594061566471745	-10.003802299499512	-8.82219116658478	-6.5683274269104	-4.731325323614913	27.37255859375	14.16519949920467	1.8755873441696167	0.40569847373988777	0.0	0.0	0.0	0.0
13.022140979766846	1781097162.0	1781097162.4914782	5	25.0	29.0	12.0	8.0	NeuronSpectrum 10.06.2026 16:02:51	EEG	checkup_151_10.06.2026 16:02:51	500.0	499.6666666666667	True	0.5	40.0	4	True	50.0	30.0	0.9944486618041992	3.0638883521109435	-5.551309585571289	-8.329617702794316	-2.8419032096862793	-4.200456949162987	-2.0930216312408447	-2.402344592005271	-6.612046241760254	-7.761875861373911	-3.8889007568359375	-3.411321890205948	26.40731430053711	15.89106798884569	-0.5951776504516602	-0.6912611072280769	0.0	0.0	0.0	0.0
13.022142887115479	1781097162.0	1781097162.49148	5	25.0	29.0	12.0	8.0	NeuronSpectrum 10.06.2026 16:02:51	EEG	checkup_151_10.06.2026 16:02:51	500.0	499.6666666666667	True	0.5	40.0	4	True	50.0	30.0	0.6051622629165649	2.574578184292475	-0.9341740608215332	-7.686028676905778	0.3015991747379303	-3.2286244673850946	2.7964346408843994	-1.357207636645549	-0.04994579032063484	-6.748010016668152	1.1608927249908447	-2.2481310505009393	8.006402015686035	16.315556164680274	-2.4658849239349365	-1.7967200950439282	0.0	0.0	0.0	0.0
13.022144317626953	1781097162.0	1781097162.4914815	5	25.0	29.0	12.0	8.0	NeuronSpectrum 10.06.2026 16:02:51	EEG	checkup_151_10.06.2026 16:02:51	500.0	499.6666666666667	True	0.5	40.0	4	True	50.0	30.0	4.807282447814941	2.118899267001942	-3.1299052238464355	-7.158573782595201	0.01449357345700264	-2.5114811878424557	0.7840828895568848	-0.5764148900570316	-0.923089861869812	-5.991663690164074	1.6208549737930298	-1.4412462532698276	17.45513916015625	15.32470511706572	-2.9258909225463867	-2.758880171594156	0.0	0.0	0.0	0.0
13.022146224975586	1781097162.0	1781097162.4914834	5	25.0	29.0	12.0	8.0	NeuronSpectrum 10.06.2026 16:02:51	EEG	checkup_151_10.06.2026 16:02:51	500.0	499.6666666666667	True	0.5	40.0	4	True	50.0	30.0	4.888604164123535	1.714318957526889	-1.8863964080810547	-6.798240234176325	1.345475673675537	-2.092736596819599	2.246840476989746	-0.0638997315298169	0.6843642592430115	-5.573150462366566	3.264510154724121	-1.0513700345975505	15.433557510375977	13.001279528481414	-2.3027536869049072	-3.4680656914550188	0.0	0.0	0.0	0.0
13.02214789390564	1781097162.0	1781097162.491485	5	25.0	29.0	12.0	8.0	NeuronSpectrum 10.06.2026 16:02:51	EEG	checkup_151_10.06.2026 16:02:51	500.0	499.6666666666667	True	0.5	40.0	4	True	50.0	30.0	3.6232688426971436	1.366199127270037	-1.5213396549224854	-6.5418505230754	1.71232008934021	-1.8917259441283154	3.0540032386779785	0.285313097680362	0.7810707688331604	-5.426950546818851	3.44158673286438	-0.9916439402578925	11.459734916687012	9.614797594847273	-1.3300085067749023	-3.870975431667501	0.0	0.0	0.0	0.0
13.022150754928589	1781097162.0	1781097162.491488	5	25.0	29.0	12.0	8.0	NeuronSpectrum 10.06.2026 16:02:51	EEG	checkup_151_10.06.2026 16:02:51	500.0	499.6666666666667	True	0.5	40.0	4	True	50.0	30.0	1.5869712829589844	1.0780644107470605	-2.2372186183929443	-6.244248437808322	0.8723822832107544	-1.7377530142457247	2.9468765258789062	0.6456762388940454	-0.6736738681793213	-5.3719956750417746	1.9905424118041992	-1.0627564829453715	5.6621623039245605	5.574646422154514	-1.1744941473007202	-3.970714907892023	0.0	0.0	0.0	0.0
13.022152662277222	1781097162.0	1781097162.49149	5	25.0	29.0	12.0	8.0	NeuronSpectrum 10.06.2026 16:02:51	EEG	checkup_151_10.06.2026 16:02:51	500.0	499.6666666666667	True	0.5	40.0	4	True	50.0	30.0	-0.21797135472297668	0.8551711316012487	-3.487445831298828	-5.737832155675453	-0.575551450252533	-1.4327813577930606	2.3196487426757812	1.1989911495487235	-2.8733198642730713	-5.1776319230413845	-0.33422356843948364	-1.021743256233469	-0.7265449166297913	1.3530299312259846	-2.205226421356201	-3.81638972683101	0.0	0.0	0.0	0.0
13.022154092788696	1781097162.0	1781097162.4914913	5	25.0	29.0	12.0	8.0	NeuronSpectrum 10.06.2026 16:02:51	EEG	checkup_151_10.06.2026 16:02:51	500.0	499.6666666666667	True	0.5	40.0	4	True	50.0	30.0	-0.9901514053344727	0.7012405428584271	-4.186514377593994	-4.900638543182382	-1.4319448471069336	-0.8237889963002736	2.0154271125793457	2.0677377043736893	-4.491905212402344	-4.64496800821689	-2.163473129272461	-0.6643671039200303	-5.553136825561523	-2.6078240797303924	-3.6538257598876953	-3.4878531122406224	0.0	0.0	0.0	0.0
13.022156000137329	1781097162.0	1781097162.4914932	5	25.0	29.0	12.0	8.0	NeuronSpectrum 10.06.2026 16:02:51	EEG	checkup_151_10.06.2026 16:02:51	500.0	499.6666666666667	True	0.5	40.0	4	True	50.0	30.0	-0.5618377327919006	0.6128928293203137	-3.5267038345336914	-3.7122389203874055	-0.8107833862304688	0.1368771968568699	2.5919981002807617	3.262847031205167	-4.555359363555908	-3.6793813143537877	-2.444122076034546	0.102810899547256	-7.103372573852539	-5.982403325022428	-4.204215049743652	-3.0796450557533457	0.0	0.0	0.0	0.0
13.022157669067383	1781097162.0	1781097162.491495	5	25.0	29.0	12.0	8.0	NeuronSpectrum 10.06.2026 16:02:51	EEG	checkup_151_10.06.2026 16:02:51	500.0	499.6666666666667	True	0.5	40.0	4	True	50.0	30.0	0.6084945201873779	0.5773754257975237	-1.6521847248077393	-2.280751627957649	1.0904866456985474	1.361227987742327	3.804626226425171	4.660529709869608	-3.0807745456695557	-2.3332899613040974	-1.1722182035446167	1.221243988042022	-5.717435836791992	-8.619921535515017	-3.0630970001220703	-2.6852385029134975	0.0	0.0	0.0	0.0
13.022159337997437	1781097162.0	1781097162.4914966	5	25.0	29.0	12.0	8.0	NeuronSpectrum 10.06.2026 16:02:51	EEG	checkup_151_10.06.2026 16:02:51	500.0	499.6666666666667	True	0.5	40.0	4	True	50.0	30.0	1.7963958978652954	0.5764950416304628	0.47716379165649414	-0.83294083006943	3.1349053382873535	2.634382336972403	4.891523838043213	6.014749975500009	-0.8844566941261292	-0.8074458857174666	0.7576330304145813	2.4814951053849903	-4.228322982788086	-10.559034718702115	-0.6600004434585571	-2.3811921573787083	0.0	0.0	0.0	0.0
13.022160768508911	1781097162.0	1781097162.491498	5	25.0	29.0	12.0	8.0	NeuronSpectrum 10.06.2026 16:02:51	EEG	checkup_151_10.06.2026 16:02:51	500.0	499.6666666666667	True	0.5	40.0	4	True	50.0	30.0	2.4357705116271973	0.5952923262290806	2.022383451461792	0.330200097010645	4.311155796051025	3.6597841160483817	5.494396686553955	7.002854687594912	1.3387413024902344	0.5892535253940303	2.529508590698242	3.5661864790755464	-6.244041442871094	-11.998418359279444	1.5755906105041504	-2.212068334013632	0.0	0.0	0.0	0.0
13.022162437438965	1781097162.0	1781097162.4914997	5	25.0	29.0	12.0	8.0	NeuronSpectrum 10.06.2026 16:02:51	EEG	checkup_151_10.06.2026 16:02:51	500.0	499.6666666666667	True	0.5	40.0	4	True	50.0	30.0	2.353817939758301	0.6306322885160622	3.0921382904052734	0.9011362690814365	4.738464832305908	4.12853296886811	6.227743148803711	7.2943418708858525	3.6873552799224854	1.5108058953080228	4.209050178527832	4.123734038570149	-13.071794509887695	-13.23465438204132	2.229463815689087	-2.179845587896718	0.0	0.0	0.0	0.0
13.022164344787598	1781097162.0	1781097162.4915016	5	25.0	29.0	12.0	8.0	NeuronSpectrum 10.06.2026 16:02:51	EEG	checkup_151_10.06.2026 16:02:51	500.0	499.6666666666667	True	0.5	40.0	4	True	50.0	30.0	1.7383931875228882	0.6943388470840287	4.4959564208984375	0.640417217615224	5.483753681182861	3.7951980541461814	8.0238618850708	6.62811004839311	6.618826389312744	1.6583462672914735	6.420546531677246	3.8549495567778216	-21.551258087158203	-14.583955027872966	0.88913893699646	-2.2431978780073956	0.0	0.0	0.0	0.0
13.022165775299072	1781097162.0	1781097162.491503	5	25.0	29.0	12.0	8.0	NeuronSpectrum 10.06.2026 16:02:51	EEG	checkup_151_10.06.2026 16:02:51	500.0	499.6666666666667	True	0.5	40.0	4	True	50.0	30.0	0.9478597044944763	0.8079349377194872	6.537233829498291	-0.5592607902163571	7.22316312789917	2.5420051659097775	10.662410736083984	4.8815246335786755	9.707319259643555	0.8571341571934086	9.092377662658691	2.592040216020017	-24.72771453857422	-16.302137895056987	-1.593727707862854	-2.330127148858799	0.0	0.0	0.0	0.0
13.022167682647705	1781097162.0	1781097162.491505	5	25.0	29.0	12.0	8.0	NeuronSpectrum 10.06.2026 16:02:51	EEG	checkup_151_10.06.2026 16:02:51	500.0	499.6666666666667	True	0.5	40.0	4	True	50.0	30.0	0.30934152007102966	0.9901324240334776	7.948601722717285	-2.6352849053183642	8.90880298614502	0.41615969466130875	11.855836868286133	2.1147523500210625	10.832761764526367	-0.8931207663714015	10.472285270690918	0.35061509171104416	-15.663728713989258	-18.51398882206626	-3.7586193084716797	-2.3621789549435293	0.0	0.0	0.0	0.0
13.022169351577759	1781097162.0	1781097162.4915066	5	25.0	29.0	12.0	8.0	NeuronSpectrum 10.06.2026 16:02:51	EEG	checkup_151_10.06.2026 16:02:51	500.0	499.6666666666667	True	0.5	40.0	4	True	50.0	30.0	-0.0035149112809449434	1.2419767466784046	6.237048149108887	-5.354943826106963	7.89620304107666	-2.36972473274696	8.191108703613281	-1.4230972886030244	7.02295446395874	-3.4088615457086444	7.713327407836914	-2.6599688395819427	7.633042335510254	-21.16467214337867	-4.540684700012207	-2.282595267378087	0.0	0.0	0.0	0.0
13.073025465011597	1781097162.0	1781097162.5423627	5	25.0	29.0	12.0	8.0	NeuronSpectrum 10.06.2026 16:02:51	EEG	checkup_151_10.06.2026 16:02:51	500.0	499.6666666666667	True	0.5	40.0	4	True	50.0	30.0	0.10656389594078064	1.5363126407195917	-12.040203094482422	-8.355947073185085	-10.793750762939453	-5.475965261285337	-10.977947235107422	-5.331388462662344	-10.749176025390625	-6.358372879112377	-12.406041145324707	-6.073063117035737	-30.491641998291016	-24.009725275190878	-1.8423078060150146	-2.0778747682277623	0.0	0.0	0.0	0.0
13.073030233383179	1781097162.0	1781097162.5423675	5	25.0	29.0	12.0	8.0	NeuronSpectrum 10.06.2026 16:02:51	EEG	checkup_151_10.06.2026 16:02:51	500.0	499.6666666666667	True	0.5	40.0	4	True	50.0	30.0	1.1954551935195923	1.8172112647663043	-14.36014175415039	-11.218676965616538	-12.452200889587402	-8.503492974802795	-13.787422180175781	-9.131168120181014	-13.206521987915039	-9.33265468433002	-15.2802095413208	-9.43908525641794	-31.65094757080078	-26.655546496766544	-0.4808865189552307	-1.7843251385537164	0.0	0.0	0.0	0.0
13.073033571243286	1781097162.0	1781097162.5423708	5	25.0	29.0	12.0	8.0	NeuronSpectrum 10.06.2026 16:02:51	EEG	checkup_151_10.06.2026 16:02:51	500.0	499.6666666666667	True	0.5	40.0	4	True	50.0	30.0	2.657653331756592	2.011452219166311	-14.79277229309082	-13.549507757604005	-12.56834602355957	-11.07094618835414	-14.862619400024414	-12.353575990342936	-13.788286209106445	-11.929180252846654	-16.141983032226562	-12.315513209526715	-30.98432731628418	-28.64374373575448	0.4075223505496979	-1.4772348642355475	0.0	0.0	0.0	0.0
13.073035478591919	1781097162.0	1781097162.5423727	5	25.0	29.0	12.0	8.0	NeuronSpectrum 10.06.2026 16:02:51	EEG	checkup_151_10.06.2026 16:02:51	500.0	499.6666666666667	True	0.5	40.0	4	True	50.0	30.0	3.9116361141204834	2.0493099520943505	-13.913607597351074	-15.050749375875652	-12.018045425415039	-12.878638994473986	-14.9493989944458	-14.618656665123934	-13.156535148620605	-13.823231024431282	-15.647931098937988	-14.345892705431297	-28.92329978942871	-29.551867180710754	0.810009241104126	-1.246880587946787	0.0	0.0	0.0	0.0
13.073037147521973	1781097162.0	1781097162.5423744	5	25.0	29.0	12.0	8.0	NeuronSpectrum 10.06.2026 16:02:51	EEG	checkup_151_10.06.2026 16:02:51	500.0	499.6666666666667	True	0.5	40.0	4	True	50.0	30.0	4.339097023010254	1.8876372917189561	-12.360209465026855	-15.560429958703638	-11.465694427490234	-13.745186176772895	-14.664627075195312	-15.68735290360391	-11.974813461303711	-14.81030813570763	-14.477775573730469	-15.309334060338555	-26.0246639251709	-29.077577275503753	1.0876463651657104	-1.1695743822414244	0.0	0.0	0.0	0.0
13.073039054870605	1781097162.0	1781097162.5423763	5	25.0	29.0	12.0	8.0	NeuronSpectrum 10.06.2026 16:02:51	EEG	checkup_151_10.06.2026 16:02:51	500.0	499.6666666666667	True	0.5	40.0	4	True	50.0	30.0	3.5965569019317627	1.526488183188696	-10.581046104431152	-15.059130328814016	-11.056145668029785	-13.616130323175215	-14.115602493286133	-15.482828871771048	-10.617443084716797	-14.817497330032104	-13.013616561889648	-15.13662560788711	-23.11707305908203	-27.086441351119085	1.3858532905578613	-1.2824554940054935	0.0	0.0	0.0	0.0
13.073042154312134	1781097162.0	1781097162.5423794	5	25.0	29.0	12.0	8.0	NeuronSpectrum 10.06.2026 16:02:51	EEG	checkup_151_10.06.2026 16:02:51	500.0	499.6666666666667	True	0.5	40.0	4	True	50.0	30.0	1.8424192667007446	1.0123433041412937	-8.784280776977539	-13.65249513833173	-10.483030319213867	-12.553628334985763	-12.96011734008789	-14.08724103663044	-9.15406322479248	-13.892468438928082	-11.311087608337402	-13.900657222513525	-21.116594314575195	-23.622681519048896	1.3752652406692505	-1.5688247167482046	0.0	0.0	0.0	0.0
13.073043823242188	1781097162.0	1781097162.542381	5	25.0	29.0	12.0	8.0	NeuronSpectrum 10.06.2026 16:02:51	EEG	checkup_151_10.06.2026 16:02:51	500.0	499.6666666666667	True	0.5	40.0	4	True	50.0	30.0	-0.2775331139564514	0.42593697009826037	-6.961270332336426	-11.54180046831433	-9.253478050231934	-10.717692911439977	-10.759475708007812	-11.722372492882227	-7.474931716918945	-12.181568778512219	-9.240041732788086	-11.792324243832356	-20.125198364257812	-18.894046907532882	0.5894631147384644	-1.9578709321600811	0.0	0.0	0.0	0.0
13.073045253753662	1781097162.0	1781097162.5423825	5	25.0	29.0	12.0	8.0	NeuronSpectrum 10.06.2026 16:02:51	EEG	checkup_151_10.06.2026 16:02:51	500.0	499.6666666666667	True	0.5	40.0	4	True	50.0	30.0	-1.9248864650726318	-0.1412235590403538	-4.9921159744262695	-8.991935214472617	-7.034580230712891	-8.344731544290166	-7.430354118347168	-8.719305624840354	-5.50192403793335	-9.904866794338467	-6.725568771362305	-9.089975700416046	-18.50599479675293	-13.242383698482579	-1.006734848022461	-2.3392612622117417	0.0	0.0	0.0	0.0
13.073047161102295	1781097162.0	1781097162.5423844	5	25.0	29.0	12.0	8.0	NeuronSpectrum 10.06.2026 16:02:51	EEG	checkup_151_10.06.2026 16:02:51	500.0	499.6666666666667	True	0.5	40.0	4	True	50.0	30.0	-2.489689826965332	-0.6129521489982737	-2.7992186546325684	-6.300386187351098	-3.9220685958862305	-5.723210337638235	-3.4838149547576904	-5.478302770981917	-3.3542535305023193	-7.330434853537405	-3.9412174224853516	-6.125336352470888	-13.210777282714844	-7.104420351652783	-2.7617292404174805	-2.589404454675594	0.0	0.0	0.0	0.0
13.07304859161377	1781097162.0	1781097162.5423858	5	25.0	29.0	12.0	8.0	NeuronSpectrum 10.06.2026 16:02:51	EEG	checkup_151_10.06.2026 16:02:51	500.0	499.6666666666667	True	0.5	40.0	4	True	50.0	30.0	-1.9010590314865112	-0.9473986293488141	-0.5381792187690735	-3.7663481715988745	-0.5583410859107971	-3.163404873492132	0.08165668696165085	-2.418948682529893	-1.4019968509674072	-4.746470688387422	-1.374284029006958	-3.245654845096248	-2.0964417457580566	-0.960649126528855	-3.6893632411956787	-2.6027407697657496	0.0	0.0	0.0	0.0
13.073050260543823	1781097162.0	1781097162.5423875	5	25.0	29.0	12.0	8.0	NeuronSpectrum 10.06.2026 16:02:51	EEG	checkup_151_10.06.2026 16:02:51	500.0	499.6666666666667	True	0.5	40.0	4	True	50.0	30.0	-0.6360276341438293	-1.1424230021232122	1.3818795680999756	-1.6581517606752856	2.0848686695098877	-0.9598534245301723	2.3148839473724365	0.07678053698769015	-0.06033426523208618	-2.4296745620071585	0.39119380712509155	-0.7722189558338747	12.99670696258545	4.729106696094083	-3.161679983139038	-2.3193181861721	0.0	0.0	0.0	0.0
13.073051691055298	1781097162.0	1781097162.542389	5	25.0	29.0	12.0	8.0	NeuronSpectrum 10.06.2026 16:02:51	EEG	checkup_151_10.06.2026 16:02:51	500.0	499.6666666666667	True	0.5	40.0	4	True	50.0	30.0	0.5707995295524597	-1.22663524502869	2.6190237998962402	-0.17968907645384946	3.3074791431427	0.6501258749656764	3.0734119415283203	1.7212515060329634	0.6940745115280151	-0.6109512754746897	1.200373649597168	1.041562191009348	25.10036849975586	9.59574146888382	-1.3813880681991577	-1.7404414918029858	0.0	0.0	0.0	0.0
13.07305359840393	1781097162.0	1781097162.5423908	5	25.0	29.0	12.0	8.0	NeuronSpectrum 10.06.2026 16:02:51	EEG	checkup_151_10.06.2026 16:02:51	500.0	499.6666666666667	True	0.5	40.0	4	True	50.0	30.0	1.1357276439666748	-1.241323252753751	3.4325551986694336	0.5595173399040968	3.4067671298980713	1.5237091183779459	3.5468716621398926	2.3666287193869286	1.7742953300476074	0.5569650990425286	1.8575787544250488	2.0458688500600206	24.965177536010742	13.418098735514771	0.7618492245674133	-0.9276727672260829	0.0	0.0	0.0	0.0
13.073055028915405	1781097162.0	1781097162.5423923	5	25.0	29.0	12.0	8.0	NeuronSpectrum 10.06.2026 16:02:51	EEG	checkup_151_10.06.2026 16:02:51	500.0	499.6666666666667	True	0.5	40.0	4	True	50.0	30.0	0.9069172739982605	-1.221752327067012	4.931484222412109	0.5630253012498665	3.9255759716033936	1.6355007668008514	5.952117919921875	2.027202558051451	4.857594013214111	1.0229085797486341	4.0949482917785645	2.2156971659141993	7.1753339767456055	16.146940647101847	2.2894845008850098	0.01417757447752456	0.0	0.0	0.0	0.0
13.073056697845459	1781097162.0	1781097162.542394	5	25.0	29.0	12.0	8.0	NeuronSpectrum 10.06.2026 16:02:51	EEG	checkup_151_10.06.2026 16:02:51	500.0	499.6666666666667	True	0.5	40.0	4	True	50.0	30.0	-1.7685368061065674	-1.185497648726264	3.6550827026367188	-0.05258026713229763	2.323392152786255	1.0781009874514158	0.8204020261764526	0.8701241935345871	4.216818332672119	0.8445389350547785	2.6349754333496094	1.6506994502771515	17.515390396118164	17.88654197900783	5.254507064819336	0.9642515021352013	0.0	0.0	0.0	0.0
13.073058128356934	1781097162.0	1781097162.5423954	5	25.0	29.0	12.0	8.0	NeuronSpectrum 10.06.2026 16:02:51	EEG	checkup_151_10.06.2026 16:02:51	500.0	499.6666666666667	True	0.5	40.0	4	True	50.0	30.0	-2.356276750564575	-1.1311604161618172	2.1607275009155273	-1.0803060684498422	0.44411444664001465	0.03802939435078715	-2.0035483837127686	-0.826345618743769	3.611020088195801	0.17517625171560386	1.3154391050338745	0.5513053727501579	17.164066314697266	18.842448134314772	5.340149879455566	1.8141669690046018	0.0	0.0	0.0	0.0
13.073060035705566	1781097162.0	1781097162.5423973	5	25.0	29.0	12.0	8.0	NeuronSpectrum 10.06.2026 16:02:51	EEG	checkup_151_10.06.2026 16:02:51	500.0	499.6666666666667	True	0.5	40.0	4	True	50.0	30.0	-1.9476654529571533	-1.045478097421531	0.14376963675022125	-2.2650477722630464	-1.5525224208831787	-1.2476407682446045	-4.681541919708252	-2.7377521268217544	2.2650725841522217	-0.7684570466644858	-0.4821356534957886	-0.82436752460092	16.299760818481445	19.255464345739455	4.589727401733398	2.489156546384258	0.0	0.0	0.0	0.0
13.073061466217041	1781097162.0	1781097162.5423987	5	25.0	29.0	12.0	8.0	NeuronSpectrum 10.06.2026 16:02:51	EEG	checkup_151_10.06.2026 16:02:51	500.0	499.6666666666667	True	0.5	40.0	4	True	50.0	30.0	-0.8487724661827087	-0.9134890893089351	-1.5795557498931885	-3.355454152819932	-2.9384567737579346	-2.5417771178073196	-6.3695478439331055	-4.5632127820822985	0.8387279510498047	-1.7497340944823576	-2.0679194927215576	-2.211580306567324	15.710220336914062	19.342168249350404	3.675640344619751	2.9564271396479187	0.0	0.0	0.0	0.0
13.073063135147095	1781097162.0	1781097162.5424004	5	25.0	29.0	12.0	8.0	NeuronSpectrum 10.06.2026 16:02:51	EEG	checkup_151_10.06.2026 16:02:51	500.0	499.6666666666667	True	0.5	40.0	4	True	50.0	30.0	0.21835783123970032	-0.7266322120671573	-2.073585271835327	-4.150867730703091	-2.968771457672119	-3.649682742965317	-6.322041988372803	-6.078783047863102	0.2084725797176361	-2.554731994110068	-2.6183383464813232	-3.3834990630404302	16.47268295288086	19.25600189766495	3.1101608276367188	3.2204704363745322	0.0	0.0	0.0	0.0
13.07306456565857	1781097162.0	1781097162.5424018	5	25.0	29.0	12.0	8.0	NeuronSpectrum 10.06.2026 16:02:51	EEG	checkup_151_10.06.2026 16:02:51	500.0	499.6666666666667	True	0.5	40.0	4	True	50.0	30.0	0.6470164060592651	-0.4865132109704816	-0.9704923629760742	-4.529974827288776	-1.5246920585632324	-4.441334407147663	-4.575100898742676	-7.158848785028816	0.7602481842041016	-3.022427247047846	-1.8589121103286743	-4.177181979537553	19.34438133239746	19.076028057566095	3.0899722576141357	3.309710956679063	0.0	0.0	0.0	0.0
13.073067426681519	1781097162.0	1781097162.5424047	5	25.0	29.0	12.0	8.0	NeuronSpectrum 10.06.2026 16:02:51	EEG	checkup_151_10.06.2026 16:02:51	500.0	499.6666666666667	True	0.5	40.0	4	True	50.0	30.0	0.36675259470939636	-0.20508377187282859	0.9928063750267029	-4.454656095179198	0.4044707715511322	-4.849385827837628	-2.407689094543457	-7.762560901845367	1.8479506969451904	-3.0566419097774578	-0.5884231328964233	-4.496933383474038	23.867053985595703	18.823321267393492	3.545229911804199	3.261069706198545	0.0	0.0	0.0	0.0
13.073068857192993	1781097162.0	1781097162.542406	5	25.0	29.0	12.0	8.0	NeuronSpectrum 10.06.2026 16:02:51	EEG	checkup_151_10.06.2026 16:02:51	500.0	499.6666666666667	True	0.5	40.0	4	True	50.0	30.0	-0.15311580896377563	0.09680134690463929	2.2837181091308594	-3.9523906204506356	1.1097155809402466	-4.8493498911489175	-1.8117164373397827	-7.896555059593355	2.1608221530914307	-2.6219961567688643	-0.2930446267127991	-4.300791596864354	28.002605438232422	18.496560481372818	4.246456146240234	3.108192258065253	0.0	0.0	0.0	0.0
13.073070526123047	1781097162.0	1781097162.5424078	5	25.0	29.0	12.0	8.0	NeuronSpectrum 10.06.2026 16:02:51	EEG	checkup_151_10.06.2026 16:02:51	500.0	499.6666666666667	True	0.5	40.0	4	True	50.0	30.0	-0.2906385064125061	0.3912686033747575	1.753199577331543	-3.088745191915942	-0.5473487973213196	-4.435873638820624	-3.9808032512664795	-7.574529641039358	0.954374372959137	-1.7323087949832838	-1.860935926437378	-3.58273583633835	28.883352279663086	18.110423497310816	4.902444362640381	2.8761903802167237	0.0	0.0	0.0	0.0
13.0730721950531	1781097162.0	1781097162.5424094	5	25.0	29.0	12.0	8.0	NeuronSpectrum 10.06.2026 16:02:51	EEG	checkup_151_10.06.2026 16:02:51	500.0	499.6666666666667	True	0.5	40.0	4	True	50.0	30.0	0.2448468804359436	0.6460928030665916	-0.13700330257415771	-1.943686089986493	-3.822664976119995	-3.6094218850300375	-7.876537799835205	-6.793908293790629	-0.8124342560768127	-0.440624397286449	-4.34507417678833	-2.3630437304517455	24.625314712524414	17.71736936405757	5.2162089347839355	2.5824040822235874	0.0	0.0	0.0	0.0
13.073073863983154	1781097162.0	1781097162.542411	5	25.0	29.0	12.0	8.0	NeuronSpectrum 10.06.2026 16:02:51	EEG	checkup_151_10.06.2026 16:02:51	500.0	499.6666666666667	True	0.5	40.0	4	True	50.0	30.0	1.2037171125411987	0.8291807755722209	-1.2651073932647705	-0.6004690920004823	-6.0633673667907715	-2.3803322127643276	-10.354765892028809	-5.539627622364857	-0.7334368228912354	1.1649990547686873	-5.122176170349121	-0.6918876433209514	16.14655876159668	17.399270488183387	4.982587814331055	2.240350085131693	0.0	0.0	0.0	0.0
13.073075532913208	1781097162.0	1781097162.5424128	5	25.0	29.0	12.0	8.0	NeuronSpectrum 10.06.2026 16:02:51	EEG	checkup_151_10.06.2026 16:02:51	500.0	499.6666666666667	True	0.5	40.0	4	True	50.0	30.0	1.9989768266677856	0.915083088031189	0.5791378617286682	0.8532644825951684	-4.473471641540527	-0.7860539149793219	-8.336271286010742	-3.8103410044082393	3.1196703910827637	2.963068833613412	-1.8157658576965332	1.338997107408005	7.6092610359191895	17.229719531550877	4.170120716094971	1.8634479546172715	0.0	0.0	0.0	0.0
13.073077201843262	1781097162.0	1781097162.5424144	5	25.0	29.0	12.0	8.0	NeuronSpectrum 10.06.2026 16:02:51	EEG	checkup_151_10.06.2026 16:02:51	500.0	499.6666666666667	True	0.5	40.0	4	True	50.0	30.0	2.1424171924591064	0.8920231423642155	5.533531188964844	2.320164491606477	1.4234579801559448	1.0909591971599928	-1.639137864112854	-1.6510779858543463	9.93078899383545	4.804910668911347	5.278501987457275	3.588437696879631	4.894538879394531	17.224337887802488	2.9476888179779053	1.4662552099934085	0.0	0.0	0.0	0.0
13.073078632354736	1781097162.0	1781097162.5424159	5	25.0	29.0	12.0	8.0	NeuronSpectrum 10.06.2026 16:02:51	EEG	checkup_151_10.06.2026 16:02:51	500.0	499.6666666666667	True	0.5	40.0	4	True	50.0	30.0	1.5777688026428223	0.7666710173924338	10.709319114685059	3.6931615284676416	8.58098316192627	3.1177778049642915	5.844754695892334	0.8255409028415653	15.544605255126953	6.530914990336177	12.316694259643555	5.872461080917421	12.587322235107422	17.305278456257277	1.604975938796997	1.063059202856592	0.0	0.0	0.0	0.0
13.07308030128479	1781097162.0	1781097162.5424175	5	25.0	29.0	12.0	8.0	NeuronSpectrum 10.06.2026 16:02:51	EEG	checkup_151_10.06.2026 16:02:51	500.0	499.6666666666667	True	0.5	40.0	4	True	50.0	30.0	0.6813009977340698	0.5641438262461277	11.607093811035156	4.865656581688478	11.82854175567627	5.1240200577638	8.094858169555664	3.440398466377444	14.61126708984375	7.995657339275256	13.799924850463867	7.988317000463722	30.939085006713867	17.300544485830777	0.39386627078056335	0.6656484314497539	0.0	0.0	0.0	0.0
13.12389850616455	1781097162.0	1781097162.5932357	5	25.0	29.0	12.0	8.0	NeuronSpectrum 10.06.2026 16:02:51	EEG	checkup_151_10.06.2026 16:02:51	500.0	499.6666666666667	True	0.5	40.0	4	True	50.0	30.0	0.023402992635965347	0.3224856156479885	9.34473705291748	5.749950766839395	8.121566772460938	6.930170590865997	5.475337028503418	5.971917074939145	11.592804908752441	9.095004555131416	10.688580513000488	9.74990376848432	17.130046844482422	16.98136632245605	1.3078689575195312	0.28283941830423875	0.0	0.0	0.0	0.0
13.123903036117554	1781097162.0	1781097162.5932403	5	25.0	29.0	12.0	8.0	NeuronSpectrum 10.06.2026 16:02:51	EEG	checkup_151_10.06.2026 16:02:51	500.0	499.6666666666667	True	0.5	40.0	4	True	50.0	30.0	-0.31001144647598267	0.0831697696496729	10.789718627929688	6.297437695016665	10.800124168395996	8.382293022512085	9.61313533782959	8.196223935679019	12.84470272064209	9.787031220442342	12.5274019241333	11.024111609868005	19.20698356628418	16.12342342355045	1.4955551624298096	-0.0766702801625904	0.0	0.0	0.0	0.0
13.123905420303345	1781097162.0	1781097162.5932426	5	25.0	29.0	12.0	8.0	NeuronSpectrum 10.06.2026 16:02:51	EEG	checkup_151_10.06.2026 16:02:51	500.0	499.6666666666667	True	0.5	40.0	4	True	50.0	30.0	-0.24102404713630676	-0.11927722078116637	10.787481307983398	6.513298064104607	12.255393028259277	9.383633742126577	12.463812828063965	9.933351911825891	13.095852851867676	10.101052348778154	13.13621997833252	11.758216495375418	19.63011360168457	14.570912569885616	1.7823326587677002	-0.3988599252734972	0.0	0.0	0.0	0.0
13.12390685081482	1781097162.0	1781097162.593244	5	25.0	29.0	12.0	8.0	NeuronSpectrum 10.06.2026 16:02:51	EEG	checkup_151_10.06.2026 16:02:51	500.0	499.6666666666667	True	0.5	40.0	4	True	50.0	30.0	-0.05953436717391014	-0.26529747623942196	9.74813175201416	6.459929279808886	12.575478553771973	9.915398395411195	13.827169418334961	11.087955912007384	12.603958129882812	10.132071773899774	12.879217147827148	11.991263275318772	18.23868751525879	12.286116935347978	1.8776798248291016	-0.6593192881049792	0.0	0.0	0.0	0.0
13.123908758163452	1781097162.0	1781097162.593246	5	25.0	29.0	12.0	8.0	NeuronSpectrum 10.06.2026 16:02:51	EEG	checkup_151_10.06.2026 16:02:51	500.0	499.6666666666667	True	0.5	40.0	4	True	50.0	30.0	-0.028359657153487206	-0.3538313215010451	8.37158203125	6.245864932049771	11.924847602844238	10.040772810582414	13.685454368591309	11.672433408565125	11.744624137878418	10.020068601267292	12.101262092590332	11.845275599098208	15.044415473937988	9.373264400393793	1.6426327228546143	-0.8222380350206006	0.0	0.0	0.0	0.0
13.123910427093506	1781097162.0	1781097162.5932477	5	25.0	29.0	12.0	8.0	NeuronSpectrum 10.06.2026 16:02:51	EEG	checkup_151_10.06.2026 16:02:51	500.0	499.6666666666667	True	0.5	40.0	4	True	50.0	30.0	-0.18965452909469604	-0.40077834145496277	7.306422233581543	6.000702563814279	10.541969299316406	9.888831596372055	12.281413078308105	11.802752374749824	10.942688941955566	9.916191208704939	11.05532169342041	11.495839228737875	9.924312591552734	6.0696727510663875	1.1756219863891602	-0.8458415004717033	0.0	0.0	0.0	0.0
13.123912334442139	1781097162.0	1781097162.5932496	5	25.0	29.0	12.0	8.0	NeuronSpectrum 10.06.2026 16:02:51	EEG	checkup_151_10.06.2026 16:02:51	500.0	499.6666666666667	True	0.5	40.0	4	True	50.0	30.0	-0.3774811029434204	-0.43309990785557695	6.997315406799316	5.841472987540567	8.943928718566895	9.6199850733789	10.333813667297363	11.664661346790668	10.691492080688477	9.94218730649946	10.105573654174805	11.127162804218896	2.8734829425811768	2.701864079869032	0.7409032583236694	-0.6940097859406218	0.0	0.0	0.0	0.0
13.123914003372192	1781097162.0	1781097162.5932512	5	25.0	29.0	12.0	8.0	NeuronSpectrum 10.06.2026 16:02:51	EEG	checkup_151_10.06.2026 16:02:51	500.0	499.6666666666667	True	0.5	40.0	4	True	50.0	30.0	-0.40103620290756226	-0.4800037654546494	7.69658899307251	5.840176160844709	8.026135444641113	9.381353691034374	9.042774200439453	11.458588947665197	11.487874031066895	10.153798605470499	9.872995376586914	10.882871839800428	-5.164662837982178	-0.38735756820072875	0.5984248518943787	-0.35101850269384033	0.0	0.0	0.0	0.0
13.123915910720825	1781097162.0	1781097162.5932531	5	25.0	29.0	12.0	8.0	NeuronSpectrum 10.06.2026 16:02:51	EEG	checkup_151_10.06.2026 16:02:51	500.0	499.6666666666667	True	0.5	40.0	4	True	50.0	30.0	-0.22271211445331573	-0.5630140372293063	9.40156078338623	6.003403319780583	8.688509941101074	9.265764502450052	9.530774116516113	11.340648383753553	13.504288673400879	10.52037343216392	10.937198638916016	10.827423511398823	-11.724847793579102	-2.9238492404931615	0.8761811256408691	0.16543429482579908	0.0	0.0	0.0	0.0
13.1239173412323	1781097162.0	1781097162.5932546	5	25.0	29.0	12.0	8.0	NeuronSpectrum 10.06.2026 16:02:51	EEG	checkup_151_10.06.2026 16:02:51	500.0	499.6666666666667	True	0.5	40.0	4	True	50.0	30.0	0.01546285767108202	-0.6870288884181186	11.674322128295898	6.271707630371488	11.109840393066406	9.288527081631695	11.979076385498047	11.379900917428628	16.185697555541992	10.929444788288102	13.21651554107666	10.931361261085387	-13.493870735168457	-4.773204437446054	1.5195674896240234	0.7978120637615614	0.0	0.0	0.0	0.0
13.123919248580933	1781097162.0	1781097162.5932565	5	25.0	29.0	12.0	8.0	NeuronSpectrum 10.06.2026 16:02:51	EEG	checkup_151_10.06.2026 16:02:51	500.0	499.6666666666667	True	0.5	40.0	4	True	50.0	30.0	0.108454629778862	-0.8347387763389537	13.558833122253418	6.5394112281881425	14.237443923950195	9.390351301305994	15.15774154663086	11.54631530495171	18.209226608276367	11.216848156537237	15.60398006439209	11.086113515403092	-8.512984275817871	-5.971602777917443	2.3654978275299072	1.4521928078228403	0.0	0.0	0.0	0.0
13.12392258644104	1781097162.0	1781097162.5932598	5	25.0	29.0	12.0	8.0	NeuronSpectrum 10.06.2026 16:02:51	EEG	checkup_151_10.06.2026 16:02:51	500.0	499.6666666666667	True	0.5	40.0	4	True	50.0	30.0	-0.05092819035053253	-0.9666990302428967	13.891237258911133	6.687544391716191	16.119510650634766	9.464511532589235	16.994626998901367	11.731736630855908	18.10260772705078	11.213211580370306	16.402008056640625	11.14315606571753	1.2904163599014282	-6.701858886604784	3.205303192138672	2.012142859677975	0.0	0.0	0.0	0.0
13.123924255371094	1781097162.0	1781097162.5932615	5	25.0	29.0	12.0	8.0	NeuronSpectrum 10.06.2026 16:02:51	EEG	checkup_151_10.06.2026 16:02:51	500.0	499.6666666666667	True	0.5	40.0	4	True	50.0	30.0	-0.4056301414966583	-1.0285018028111632	12.099674224853516	6.617221411081021	15.182004928588867	9.396253275680133	16.113142013549805	11.79313940249676	15.399292945861816	10.790868740774663	14.585807800292969	10.962845274316654	9.487695693969727	-7.221642903901323	3.857820987701416	2.3606955822699573	0.0	0.0	0.0	0.0
13.123926162719727	1781097162.0	1781097162.5932634	5	25.0	29.0	12.0	8.0	NeuronSpectrum 10.06.2026 16:02:51	EEG	checkup_151_10.06.2026 16:02:51	500.0	499.6666666666667	True	0.5	40.0	4	True	50.0	30.0	-0.7884121537208557	-0.9647353427716631	8.985633850097656	6.270800214184871	11.651281356811523	9.097697928836702	13.275835990905762	11.599675070408152	11.506497383117676	9.894998314317249	11.011528968811035	10.454790639215044	7.8729753494262695	-7.77228743752342	4.174106597900391	2.405860666160065	0.0	0.0	0.0	0.0
13.123927593231201	1781097162.0	1781097162.5932648	5	25.0	29.0	12.0	8.0	NeuronSpectrum 10.06.2026 16:02:51	EEG	checkup_151_10.06.2026 16:02:51	500.0	499.6666666666667	True	0.5	40.0	4	True	50.0	30.0	-1.0449638366699219	-0.7370996912080404	6.7517290115356445	5.634069111973698	7.9575629234313965	8.524911381062687	11.432406425476074	11.066032683109306	9.405349731445312	8.54954720711936	8.465204238891602	9.596201123616547	-8.229326248168945	-8.505206992771235	4.066661834716797	2.1038175531494527	0.0	0.0	0.0	0.0
13.174880266189575	1781097162.0	1781097162.6442175	5	25.0	29.0	12.0	8.0	NeuronSpectrum 10.06.2026 16:02:51	EEG	checkup_151_10.06.2026 16:02:51	500.0	499.6666666666667	True	0.5	40.0	4	True	50.0	30.0	-1.4108669757843018	-0.34190795346773095	2.4338579177856445	4.721965730064412	3.68664813041687	7.673797117879205	5.871455192565918	10.163411758928188	4.701451778411865	6.8392312500378125	4.657400131225586	8.425085643547302	-15.657195091247559	-9.452118412009812	7.23128604888916	1.4736902672434846	0.0	0.0	0.0	0.0
13.174885272979736	1781097162.0	1781097162.6442225	5	25.0	29.0	12.0	8.0	NeuronSpectrum 10.06.2026 16:02:51	EEG	checkup_151_10.06.2026 16:02:51	500.0	499.6666666666667	True	0.5	40.0	4	True	50.0	30.0	-1.2559095621109009	0.1788956420223424	2.367658853530884	3.5586103489551504	2.552687644958496	6.562802747018361	4.058938503265381	8.911271412768665	3.450941562652588	4.878779234137793	3.396307945251465	7.016471534443487	-18.208311080932617	-10.541196622074656	4.236170768737793	0.5986779362192085	0.0	0.0	0.0	0.0
13.174887657165527	1781097162.0	1781097162.644225	5	25.0	29.0	12.0	8.0	NeuronSpectrum 10.06.2026 16:02:51	EEG	checkup_151_10.06.2026 16:02:51	500.0	499.6666666666667	True	0.5	40.0	4	True	50.0	30.0	-0.3044423460960388	0.7384079117226643	4.605718612670898	2.1654419182549347	4.3187479972839355	5.216984020732027	5.371269702911377	7.361976923636986	4.584331035614014	2.785193170576414	4.792077541351318	5.456563430329784	-17.145973205566406	-11.639700541003041	0.488537460565567	-0.38905452735775575	0.0	0.0	0.0	0.0
13.174890756607056	1781097162.0	1781097162.644228	5	25.0	29.0	12.0	8.0	NeuronSpectrum 10.06.2026 16:02:51	EEG	checkup_151_10.06.2026 16:02:51	500.0	499.6666666666667	True	0.5	40.0	4	True	50.0	30.0	1.2906677722930908	1.2195957447536119	7.418126583099365	0.5667904790657582	7.39447546005249	3.6660731958957236	8.357029914855957	5.591825378671845	6.628141403198242	0.6658377905937671	7.4040117263793945	3.828747037585266	-13.789336204528809	-12.597108364542777	-2.3513357639312744	-1.3375060280559352	0.0	0.0	0.0	0.0
13.174892663955688	1781097162.0	1781097162.64423	5	25.0	29.0	12.0	8.0	NeuronSpectrum 10.06.2026 16:02:51	EEG	checkup_151_10.06.2026 16:02:51	500.0	499.6666666666667	True	0.5	40.0	4	True	50.0	30.0	2.936508893966675	1.5023331327302283	8.734542846679688	-1.1881615620449806	9.521446228027344	1.9596871625723074	10.637216567993164	3.70479526893293	7.672109127044678	-1.374385967846421	9.141980171203613	2.216963174427671	-10.237569808959961	-13.271745204941025	-3.2399890422821045	-2.110158563933412	0.0	0.0	0.0	0.0
13.174894571304321	1781097162.0	1781097162.6442318	5	25.0	29.0	12.0	8.0	NeuronSpectrum 10.06.2026 16:02:51	EEG	checkup_151_10.06.2026 16:02:51	500.0	499.6666666666667	True	0.5	40.0	4	True	50.0	30.0	3.85453724861145	1.4959464524584263	7.254118919372559	-2.9991480946041857	9.015121459960938	0.19084017606519688	10.234029769897461	1.843834347395601	6.3766632080078125	-3.2151594291466843	8.438093185424805	0.7205353896971777	-7.888984203338623	-13.538901569805885	-2.342083215713501	-2.616510502500371	0.0	0.0	0.0	0.0
13.174896001815796	1781097162.0	1781097162.6442332	5	25.0	29.0	12.0	8.0	NeuronSpectrum 10.06.2026 16:02:51	EEG	checkup_151_10.06.2026 16:02:51	500.0	499.6666666666667	True	0.5	40.0	4	True	50.0	30.0	3.511854410171509	1.1674519785088933	2.9671976566314697	-4.701902194706685	5.463198184967041	-1.488741017336723	6.480040073394775	0.19574972700615656	2.504035711288452	-4.708021448455214	4.931145668029785	-0.5336852695517773	-6.88521671295166	-13.289601760890084	-0.7714380621910095	-2.8286248614519303	0.0	0.0	0.0	0.0
13.17489767074585	1781097162.0	1781097162.644235	5	25.0	29.0	12.0	8.0	NeuronSpectrum 10.06.2026 16:02:51	EEG	checkup_151_10.06.2026 16:02:51	500.0	499.6666666666667	True	0.5	40.0	4	True	50.0	30.0	1.946289300918579	0.5558796048852745	-2.9379799365997314	-6.082408450936201	-0.22743161022663116	-2.876779220865346	0.29303133487701416	-1.0243732896072328	-3.0138204097747803	-5.6836000553911745	-0.4401516914367676	-1.3961831816762131	-6.675709247589111	-12.431931241404216	0.26509612798690796	-2.780357146281873	0.0	0.0	0.0	0.0
13.174899578094482	1781097162.0	1781097162.6442368	5	25.0	29.0	12.0	8.0	NeuronSpectrum 10.06.2026 16:02:51	EEG	checkup_151_10.06.2026 16:02:51	500.0	499.6666666666667	True	0.5	40.0	4	True	50.0	30.0	-0.24309349060058594	-0.23297971231381528	-8.493560791015625	-6.920477000063834	-6.166754245758057	-3.757349173476016	-6.065367698669434	-1.6139509260196827	-8.277443885803223	-5.983977512812936	-5.733427047729492	-1.7226003060588462	-6.961181163787842	-10.902218193391697	0.2487434446811676	-2.5523678711358566	0.0	0.0	0.0	0.0
13.174901485443115	1781097162.0	1781097162.6442387	5	25.0	29.0	12.0	8.0	NeuronSpectrum 10.06.2026 16:02:51	EEG	checkup_151_10.06.2026 16:02:51	500.0	499.6666666666667	True	0.5	40.0	4	True	50.0	30.0	-2.2330679893493652	-1.050680218885045	-11.45156192779541	-7.050484814096837	-9.959551811218262	-3.9576610653750897	-9.639911651611328	-1.4394073514172736	-10.837854385375977	-5.511702469906744	-8.512175559997559	-1.4176580809387715	-7.873331069946289	-8.685393509703971	-0.4575747847557068	-2.2496322283829	0.0	0.0	0.0	0.0
13.174903154373169	1781097162.0	1781097162.6442404	5	25.0	29.0	12.0	8.0	NeuronSpectrum 10.06.2026 16:02:51	EEG	checkup_151_10.06.2026 16:02:51	500.0	499.6666666666667	True	0.5	40.0	4	True	50.0	30.0	-3.4062254428863525	-1.7420190669641349	-10.023377418518066	-6.417146471064018	-9.480412483215332	-3.404604012600471	-7.975085258483887	-0.4875966716320973	-8.628623008728027	-4.276169876844222	-6.754707336425781	-0.4777972251782726	-9.138260841369629	-5.836675405566677	-1.0452046394348145	-1.9778572433574233	0.0	0.0	0.0	0.0
13.174904584884644	1781097162.0	1781097162.6442418	5	25.0	29.0	12.0	8.0	NeuronSpectrum 10.06.2026 16:02:51	EEG	checkup_151_10.06.2026 16:02:51	500.0	499.6666666666667	True	0.5	40.0	4	True	50.0	30.0	-3.597658395767212	-2.1818785301294468	-3.937743663787842	-5.103793612762546	-4.051575183868408	-2.158463415459539	-0.7197860479354858	1.110363880899595	-1.3786203861236572	-2.416166223478949	-0.1424509584903717	0.987111419151589	-9.079923629760742	-2.493151462100892	-0.9109253287315369	-1.8225264050363257	0.0	0.0	0.0	0.0
13.174906253814697	1781097162.0	1781097162.6442435	5	25.0	29.0	12.0	8.0	NeuronSpectrum 10.06.2026 16:02:51	EEG	checkup_151_10.06.2026 16:02:51	500.0	499.6666666666667	True	0.5	40.0	4	True	50.0	30.0	-3.049752950668335	-2.3022951682982713	4.715814113616943	-3.320838198446753	4.532557487487793	-0.4094792158992234	9.26651382446289	3.095378767657383	8.304412841796875	-0.18618479611505245	8.951129913330078	2.7646635806271567	-4.580615997314453	1.134615584566903	-0.05887172371149063	-1.8318609544771993	0.0	0.0	0.0	0.0
13.174907684326172	1781097162.0	1781097162.644245	5	25.0	29.0	12.0	8.0	NeuronSpectrum 10.06.2026 16:02:51	EEG	checkup_151_10.06.2026 16:02:51	500.0	499.6666666666667	True	0.5	40.0	4	True	50.0	30.0	-2.1632540225982666	-2.102768941987039	11.741484642028809	-1.358530957249032	12.086788177490234	1.561652854386068	16.45741081237793	5.1321891158936985	15.333356857299805	2.0902759807617426	15.792646408081055	4.58053867269948	7.377649784088135	4.793671317169788	0.9683982133865356	-2.004598537589731	0.0	0.0	0.0	0.0
13.174909591674805	1781097162.0	1781097162.6442468	5	25.0	29.0	12.0	8.0	NeuronSpectrum 10.06.2026 16:02:51	EEG	checkup_151_10.06.2026 16:02:51	500.0	499.6666666666667	True	0.5	40.0	4	True	50.0	30.0	-1.2676165103912354	-1.6425284590183102	12.663054466247559	0.47738323929623705	13.804169654846191	3.4434920168657452	15.277266502380371	6.877196892549992	14.514449119567871	4.083185509835003	15.428777694702148	6.152781176947806	27.189632415771484	8.234131564922016	1.4681917428970337	-2.284904376270161	0.0	0.0	0.0	0.0
13.174912214279175	1781097162.0	1781097162.6442494	5	25.0	29.0	12.0	8.0	NeuronSpectrum 10.06.2026 16:02:51	EEG	checkup_151_10.06.2026 16:02:51	500.0	499.6666666666667	True	0.5	40.0	4	True	50.0	30.0	1.712430477142334	-1.0190867704004822	2.7626593112945557	1.9238822342847925	3.997988700866699	4.952082555242512	6.001163959503174	8.038800583857757	5.290822982788086	5.51267775279872	4.825246334075928	7.239858447931776	8.585216522216797	11.25171609249331	0.2764004170894623	-2.568025530331271	0.0	0.0	0.0	0.0
13.17491364479065	1781097162.0	1781097162.6442509	5	25.0	29.0	12.0	8.0	NeuronSpectrum 10.06.2026 16:02:51	EEG	checkup_151_10.06.2026 16:02:51	500.0	499.6666666666667	True	0.5	40.0	4	True	50.0	30.0	1.6266272068023682	-0.341202886749946	2.7061331272125244	2.7970785591914376	4.53588342666626	5.872030181956986	5.711719512939453	8.41556110395281	5.3110270500183105	6.185875369965675	4.502902030944824	7.670237962278253	11.136606216430664	13.71110558560401	-0.9902947545051575	-2.719374753264705	0.0	0.0	0.0	0.0
13.174915552139282	1781097162.0	1781097162.6442528	5	25.0	29.0	12.0	8.0	NeuronSpectrum 10.06.2026 16:02:51	EEG	checkup_151_10.06.2026 16:02:51	500.0	499.6666666666667	True	0.5	40.0	4	True	50.0	30.0	0.9033521413803101	0.2948790261537533	3.6725411415100098	3.004962416476972	5.695901393890381	6.077276327569899	6.002947807312012	7.911831549764794	6.100238800048828	6.0125094979098614	5.1528520584106445	7.354015381392807	14.896841049194336	15.546676659277546	-2.290085792541504	-2.605940891244287	0.0	0.0	0.0	0.0
13.174917221069336	1781097162.0	1781097162.6442544	5	25.0	29.0	12.0	8.0	NeuronSpectrum 10.06.2026 16:02:51	EEG	checkup_151_10.06.2026 16:02:51	500.0	499.6666666666667	True	0.5	40.0	4	True	50.0	30.0	0.18322275578975677	0.819636796611618	5.112611293792725	2.544585159021041	6.888031482696533	5.537571697102687	6.324949264526367	6.53954200823143	7.071285247802734	5.006221593702316	6.145884990692139	6.285001730141152	19.260498046875	16.75165098763912	-2.753030776977539	-2.1336996791911944	0.0	0.0	0.0	0.0
13.17491888999939	1781097162.0	1781097162.644256	5	25.0	29.0	12.0	8.0	NeuronSpectrum 10.06.2026 16:02:51	EEG	checkup_151_10.06.2026 16:02:51	500.0	499.6666666666667	True	0.5	40.0	4	True	50.0	30.0	0.01836680807173252	1.193471678189962	5.847349643707275	1.4922900800716563	7.05027437210083	4.31681770397388	5.704100131988525	4.413734781545754	7.099818706512451	3.27760873851102	6.310237407684326	4.539812456325537	22.729833602905273	17.3699333286769	-1.7615338563919067	-1.2807229259611845	0.0	0.0	0.0	0.0
13.174920558929443	1781097162.0	1781097162.6442578	5	25.0	29.0	12.0	8.0	NeuronSpectrum 10.06.2026 16:02:51	EEG	checkup_151_10.06.2026 16:02:51	500.0	499.6666666666667	True	0.5	40.0	4	True	50.0	30.0	0.5442469120025635	1.402037569979675	4.9711594581604	-0.010268317861261839	5.461421966552734	2.5638046236045353	3.547553777694702	1.7424566183266772	5.41025972366333	1.0193000172371132	4.811974048614502	2.2731135420657096	23.543127059936523	17.495224868579903	0.6247410774230957	-0.11527275784025232	0.0	0.0	0.0	0.0
13.174921989440918	1781097162.0	1781097162.6442592	5	25.0	29.0	12.0	8.0	NeuronSpectrum 10.06.2026 16:02:51	EEG	checkup_151_10.06.2026 16:02:51	500.0	499.6666666666667	True	0.5	40.0	4	True	50.0	30.0	1.4226058721542358	1.4488758320485156	2.53252911567688	-1.7764448998342166	2.3376338481903076	0.49181739081343434	0.13816478848457336	-1.193440294503127	2.2033963203430176	-1.5200633493950308	1.7662110328674316	-0.2967636555158225	20.680044174194336	17.269651839640687	3.5939269065856934	1.2080184383539445	0.0	0.0	0.0	0.0
13.17492389678955	1781097162.0	1781097162.6442611	5	25.0	29.0	12.0	8.0	NeuronSpectrum 10.06.2026 16:02:51	EEG	checkup_151_10.06.2026 16:02:51	500.0	499.6666666666667	True	0.5	40.0	4	True	50.0	30.0	2.090363025665283	1.3494897552263003	-0.478998064994812	-3.602787596781267	-1.2002475261688232	-1.6545832553867008	-3.5051991939544678	-4.073874712137197	-1.4352000951766968	-4.073518624804004	-1.835223913192749	-2.9158209709972787	14.962069511413574	16.870033871786905	5.965869903564453	2.4741083370914607	0.0	0.0	0.0	0.0
13.174925327301025	1781097162.0	1781097162.6442626	5	25.0	29.0	12.0	8.0	NeuronSpectrum 10.06.2026 16:02:51	EEG	checkup_151_10.06.2026 16:02:51	500.0	499.6666666666667	True	0.5	40.0	4	True	50.0	30.0	2.1290454864501953	1.1281881013242334	-2.8184638023376465	-5.301511478722994	-3.797161340713501	-3.6408859357039662	-6.295749664306641	-6.583684088960199	-4.289740562438965	-6.399142322822498	-4.8183512687683105	-5.33304524786033	9.453991889953613	16.477048640962426	6.884503364562988	3.4491043196450555	0.0	0.0	0.0	0.0
13.174926996231079	1781097162.0	1781097162.6442642	5	25.0	29.0	12.0	8.0	NeuronSpectrum 10.06.2026 16:02:51	EEG	checkup_151_10.06.2026 16:02:51	500.0	499.6666666666667	True	0.5	40.0	4	True	50.0	30.0	1.5104961395263672	0.816484835838169	-3.8221306800842285	-6.728479660864756	-4.718189716339111	-5.281104538497592	-7.757785320281982	-8.458012654106813	-5.840273857116699	-8.317399454070225	-6.603648662567139	-7.3396915994098055	8.32452392578125	16.235611727314716	6.304295539855957	3.9267947310676963	0.0	0.0	0.0	0.0
13.174928665161133	1781097162.0	1781097162.644266	5	25.0	29.0	12.0	8.0	NeuronSpectrum 10.06.2026 16:02:51	EEG	checkup_151_10.06.2026 16:02:51	500.0	499.6666666666667	True	0.5	40.0	4	True	50.0	30.0	0.5638132691383362	0.45096390430407307	-3.7478315830230713	-7.7968826142550824	-4.270393371582031	-6.460984935545442	-8.187045097351074	-9.516976235706114	-6.4732279777526855	-9.730286071676026	-7.442842960357666	-8.796713647228849	14.110269546508789	16.224199617179067	4.949891567230225	3.769417679364166	0.0	0.0	0.0	0.0
13.174930572509766	1781097162.0	1781097162.6442678	5	25.0	29.0	12.0	8.0	NeuronSpectrum 10.06.2026 16:02:51	EEG	checkup_151_10.06.2026 16:02:51	500.0	499.6666666666667	True	0.5	40.0	4	True	50.0	30.0	-0.2720339894294739	0.06942087817112354	-3.4193649291992188	-8.471505748589575	-3.5031898021698	-7.138504740154772	-8.188278198242188	-9.680629508641143	-6.9353766441345215	-10.615840716211993	-7.981626510620117	-9.641739392735381	24.75989532470703	16.44881734149916	3.7452971935272217	2.93499863861732	0.0	0.0	0.0	0.0
13.17493200302124	1781097162.0	1781097162.6442692	5	25.0	29.0	12.0	8.0	NeuronSpectrum 10.06.2026 16:02:51	EEG	checkup_151_10.06.2026 16:02:51	500.0	499.6666666666667	True	0.5	40.0	4	True	50.0	30.0	-0.7229340672492981	-0.29419548485429997	-3.35050892829895	-8.746883087210005	-3.2615113258361816	-7.323532011057096	-7.824549198150635	-8.962410304509612	-7.33633279800415	-11.001197930812378	-8.366669654846191	-9.875345192843792	32.999786376953125	16.86363079670788	3.1883161067962646	1.4876021761373632	0.0	0.0	0.0	0.0
13.174933671951294	1781097162.0	1781097162.644271	5	25.0	29.0	12.0	8.0	NeuronSpectrum 10.06.2026 16:02:51	EEG	checkup_151_10.06.2026 16:02:51	500.0	499.6666666666667	True	0.5	40.0	4	True	50.0	30.0	-0.7893518805503845	-0.6142764711527371	-3.040585517883301	-8.620514473320918	-3.2691543102264404	-7.047550883185167	-6.078036785125732	-7.447112837046846	-6.549519062042236	-10.926373951538231	-7.645498752593994	-9.53511142645045	29.539295196533203	17.40383379111243	3.114694833755493	-0.4102272766973913	0.0	0.0	0.0	0.0
13.174936294555664	1781097162.0	1781097162.6442735	5	25.0	29.0	12.0	8.0	NeuronSpectrum 10.06.2026 16:02:51	EEG	checkup_151_10.06.2026 16:02:51	500.0	499.6666666666667	True	0.5	40.0	4	True	50.0	30.0	-0.6701845526695251	-0.8757040326975803	-1.045780897140503	-8.075586099717032	-1.9806240797042847	-6.3386717927206	-1.2148634195327759	-5.2645584233240506	-2.6431379318237305	-10.415361440024935	-4.058098316192627	-8.670988942864126	9.14384651184082	18.009571848829545	3.010216236114502	-2.5221138255051696	0.0	0.0	0.0	0.0
13.225193500518799	1781097162.0	1781097162.6945307	5	25.0	29.0	12.0	8.0	NeuronSpectrum 10.06.2026 16:02:51	EEG	checkup_151_10.06.2026 16:02:51	500.0	499.6666666666667	True	0.5	40.0	4	True	50.0	30.0	-0.7548601627349854	-1.0729862221581683	-5.617228031158447	-7.084186902596089	-5.545671463012695	-5.2144810126659555	-4.696907997131348	-2.570201766600317	-8.487332344055176	-9.468585818430316	-8.666656494140625	-7.334397751980982	17.338808059692383	18.62832430881893	-3.958003520965576	-4.577441378841877	0.0	0.0	0.0	0.0
13.225201845169067	1781097162.0	1781097162.694539	5	25.0	29.0	12.0	8.0	NeuronSpectrum 10.06.2026 16:02:51	EEG	checkup_151_10.06.2026 16:02:51	500.0	499.6666666666667	True	0.5	40.0	4	True	50.0	30.0	-0.640685498714447	-1.2071761641318606	-5.649831295013428	-5.63255455751875	-5.674261569976807	-3.696449549599106	-2.232938289642334	0.46153518627820755	-8.593294143676758	-8.081384724939745	-7.9989094734191895	-5.586059287588157	16.673423767089844	19.1996211511248	-7.113065719604492	-6.320538272009647	0.0	0.0	0.0	0.0
13.2252037525177	1781097162.0	1781097162.694541	5	25.0	29.0	12.0	8.0	NeuronSpectrum 10.06.2026 16:02:51	EEG	checkup_151_10.06.2026 16:02:51	500.0	499.6666666666667	True	0.5	40.0	4	True	50.0	30.0	-0.615394651889801	-1.2823841500756468	-3.8122270107269287	-3.7581484606356788	-3.987208843231201	-1.8383241487696445	1.7822664976119995	3.6341546008467653	-6.86464786529541	-6.2801310214553725	-5.507607460021973	-3.516708028390001	17.112442016601562	19.63665853314579	-8.827574729919434	-7.5594284396742655	0.0	0.0	0.0	0.0
13.225205898284912	1781097162.0	1781097162.6945431	5	25.0	29.0	12.0	8.0	NeuronSpectrum 10.06.2026 16:02:51	EEG	checkup_151_10.06.2026 16:02:51	500.0	499.6666666666667	True	0.5	40.0	4	True	50.0	30.0	-0.7966567873954773	-1.3037783666907825	0.018760528415441513	-1.5802475533950167	-0.32382526993751526	0.24733335511356325	6.98671293258667	6.7262558890878505	-3.1358137130737305	-4.157336993348147	-1.2990342378616333	-1.2662668588002821	18.374324798583984	19.81813236714985	-8.552828788757324	-8.201156393610487	0.0	0.0	0.0	0.0
13.225207567214966	1781097162.0	1781097162.6945448	5	25.0	29.0	12.0	8.0	NeuronSpectrum 10.06.2026 16:02:51	EEG	checkup_151_10.06.2026 16:02:51	500.0	499.6666666666667	True	0.5	40.0	4	True	50.0	30.0	-1.212854027748108	-1.2781185156263626	5.195674896240234	0.6937067361151288	4.715295791625977	2.380901776420014	12.50568675994873	9.499739875551548	1.9793978929519653	-1.8858221641344473	3.7963790893554688	0.9737271076100789	20.0133113861084	19.595595199324524	-6.733014106750488	-8.262885387485833	0.0	0.0	0.0	0.0
13.225210428237915	1781097162.0	1781097162.6945477	5	25.0	29.0	12.0	8.0	NeuronSpectrum 10.06.2026 16:02:51	EEG	checkup_151_10.06.2026 16:02:51	500.0	499.6666666666667	True	0.5	40.0	4	True	50.0	30.0	-1.696797490119934	-1.216416366041321	10.27955150604248	2.794198903572038	9.746384620666504	4.334434669712396	16.98415184020996	11.723404011780435	7.059975624084473	0.29886517884464847	8.331136703491211	2.9817194921786787	21.65927505493164	18.814315347762243	-4.495983600616455	-7.8555324380606635	0.0	0.0	0.0	0.0
13.225212574005127	1781097162.0	1781097162.6945498	5	25.0	29.0	12.0	8.0	NeuronSpectrum 10.06.2026 16:02:51	EEG	checkup_151_10.06.2026 16:02:51	500.0	499.6666666666667	True	0.5	40.0	4	True	50.0	30.0	-1.927066683769226	-1.136875509714452	13.387378692626953	4.442269632541799	12.914750099182129	5.873713712979567	18.854955673217773	13.206824433480577	10.218779563903809	2.1438727837745972	10.62379264831543	4.546759184316457	22.78281593322754	17.34149977521329	-2.9147348403930664	-7.1461895311297745	0.0	0.0	0.0	0.0
13.225214004516602	1781097162.0	1781097162.6945512	5	25.0	29.0	12.0	8.0	NeuronSpectrum 10.06.2026 16:02:51	EEG	checkup_151_10.06.2026 16:02:51	500.0	499.6666666666667	True	0.5	40.0	4	True	50.0	30.0	-1.6428518295288086	-1.0655781781420073	13.073805809020996	5.411167358315073	12.726675987243652	6.809173116930201	17.10362434387207	13.832560034533374	10.01126766204834	3.4357111144599046	9.564863204956055	5.513267749048535	22.321565628051758	15.093994983361908	-2.4333155155181885	-6.312460937676466	0.0	0.0	0.0	0.0
13.225215911865234	1781097162.0	1781097162.6945531	5	25.0	29.0	12.0	8.0	NeuronSpectrum 10.06.2026 16:02:51	EEG	checkup_151_10.06.2026 16:02:51	500.0	499.6666666666667	True	0.5	40.0	4	True	50.0	30.0	-0.8958113789558411	-1.0330237481423268	9.381446838378906	5.5758979317714426	9.105915069580078	7.03735536363125	12.247077941894531	13.574456615830512	6.543130397796631	4.047101260205773	5.536600589752197	5.812820918517833	18.755578994750977	12.057672703414772	-2.7795803546905518	-5.5032192132254	0.0	0.0	0.0	0.0
13.225217580795288	1781097162.0	1781097162.6945548	5	25.0	29.0	12.0	8.0	NeuronSpectrum 10.06.2026 16:02:51	EEG	checkup_151_10.06.2026 16:02:51	500.0	499.6666666666667	True	0.5	40.0	4	True	50.0	30.0	-0.10492567718029022	-1.0665409162008923	4.307601451873779	4.935606620946935	3.9535071849823	6.559479588244624	6.7295823097229	12.496493124644614	1.9672577381134033	3.9586692046528387	0.7719324231147766	5.472299854066294	11.090299606323242	8.293159243150065	-3.33138370513916	-4.816052152932796	0.0	0.0	0.0	0.0
13.225219249725342	1781097162.0	1781097162.6945565	5	25.0	29.0	12.0	8.0	NeuronSpectrum 10.06.2026 16:02:51	EEG	checkup_151_10.06.2026 16:02:51	500.0	499.6666666666667	True	0.5	40.0	4	True	50.0	30.0	0.17773614823818207	-1.180967042839087	0.9574412107467651	3.6061051287763894	0.42677024006843567	5.474685449760656	3.91087007522583	10.7363941229581	-0.45948752760887146	3.2526230875999635	-1.5742014646530151	4.599358636670598	0.29725274443626404	3.9277480285992548	-3.5738210678100586	-4.294225848695223	0.0	0.0	0.0	0.0
13.225220918655396	1781097162.0	1781097162.6945581	5	25.0	29.0	12.0	8.0	NeuronSpectrum 10.06.2026 16:02:51	EEG	checkup_151_10.06.2026 16:02:51	500.0	499.6666666666667	True	0.5	40.0	4	True	50.0	30.0	-0.34380730986595154	-1.3715137870242942	1.576328158378601	1.7916875488605521	0.9935079216957092	3.956251467511735	5.82647180557251	8.484908271121222	1.450833797454834	2.0875354947952056	0.5519429445266724	3.3560424018833857	-9.912986755371094	-0.8601414855234277	-3.3539140224456787	-3.9387759578480237	0.0	0.0	0.0	0.0
13.22522258758545	1781097162.0	1781097162.6945598	5	25.0	29.0	12.0	8.0	NeuronSpectrum 10.06.2026 16:02:51	EEG	checkup_151_10.06.2026 16:02:51	500.0	499.6666666666667	True	0.5	40.0	4	True	50.0	30.0	-1.4560036659240723	-1.6123773196010966	5.690000057220459	-0.249919811529907	5.431563377380371	2.223249003734396	11.167713165283203	5.970337938222803	6.788337230682373	0.667951889245516	6.222877502441406	1.9335402314158319	-13.934881210327148	-5.853626484426988	-2.8116095066070557	-3.727154242303125	0.0	0.0	0.0	0.0
13.225224018096924	1781097162.0	1781097162.6945612	5	25.0	29.0	12.0	8.0	NeuronSpectrum 10.06.2026 16:02:51	EEG	checkup_151_10.06.2026 16:02:51	500.0	499.6666666666667	True	0.5	40.0	4	True	50.0	30.0	-2.529263973236084	-1.862342286708908	9.85246753692627	-2.2400630523097758	10.345108985900879	0.5155694708548063	15.244054794311523	3.4489436261080435	11.363191604614258	-0.7822167975422575	11.361187934875488	0.5343554920657481	-6.864034652709961	-10.800097461264274	-2.2231698036193848	-3.6297389894889784	0.0	0.0	0.0	0.0
13.225225925445557	1781097162.0	1781097162.6945632	5	25.0	29.0	12.0	8.0	NeuronSpectrum 10.06.2026 16:02:51	EEG	checkup_151_10.06.2026 16:02:51	500.0	499.6666666666667	True	0.5	40.0	4	True	50.0	30.0	-2.9130027294158936	-2.0754576665152187	9.557856559753418	-3.908839061439774	10.940316200256348	-0.9287639671213075	12.560251235961914	1.1918110784733509	10.010290145874023	-2.042894566933515	10.896217346191406	-0.6420387817868367	12.247488021850586	-15.408347786723521	-1.821825623512268	-3.6187066945627215	0.0	0.0	0.0	0.0
13.225227355957031	1781097162.0	1781097162.6945646	5	25.0	29.0	12.0	8.0	NeuronSpectrum 10.06.2026 16:02:51	EEG	checkup_151_10.06.2026 16:02:51	500.0	499.6666666666667	True	0.5	40.0	4	True	50.0	30.0	-3.7091994285583496	-2.2124842028429246	-4.970213413238525	-5.027255682527638	-3.782715082168579	-1.9004874679327866	-4.453218460083008	-0.5433741403695103	-4.194823265075684	-2.9234455462048197	-4.356268882751465	-1.4190472537455399	-23.500720977783203	-19.35623898271973	-1.1607449054718018	-3.6684575976724823	0.0	0.0	0.0	0.0
13.225229024887085	1781097162.0	1781097162.6945662	5	25.0	29.0	12.0	8.0	NeuronSpectrum 10.06.2026 16:02:51	EEG	checkup_151_10.06.2026 16:02:51	500.0	499.6666666666667	True	0.5	40.0	4	True	50.0	30.0	-2.4558563232421875	-2.248508722306262	-6.644405364990234	-5.443679993582141	-4.944915771484375	-2.2528181051503977	-7.178136348724365	-1.5574445548330031	-5.260801315307617	-3.292810687574008	-5.802839756011963	-1.6720474135794954	-27.130102157592773	-22.324342599151127	-0.013729293830692768	-3.7510642257378826	0.0	0.0	0.0	0.0
13.225230693817139	1781097162.0	1781097162.694568	5	25.0	29.0	12.0	8.0	NeuronSpectrum 10.06.2026 16:02:51	EEG	checkup_151_10.06.2026 16:02:51	500.0	499.6666666666667	True	0.5	40.0	4	True	50.0	30.0	-1.1021031141281128	-2.174133005775516	-6.375284671783447	-5.116587625912178	-4.6074323654174805	-1.9342919124253661	-7.4277191162109375	-1.7580087489413772	-4.7502546310424805	-3.1068990240159344	-5.53833532333374	-1.3588368657070526	-28.05656623840332	-24.053239879224005	-0.24765433371067047	-3.832551099030639	0.0	0.0	0.0	0.0
13.225232362747192	1781097162.0	1781097162.6945696	5	25.0	29.0	12.0	8.0	NeuronSpectrum 10.06.2026 16:02:51	EEG	checkup_151_10.06.2026 16:02:51	500.0	499.6666666666667	True	0.5	40.0	4	True	50.0	30.0	-0.35711368918418884	-1.9910337595767893	-3.903508424758911	-4.1289749699287785	-2.4870245456695557	-1.005808968060521	-4.887752532958984	-1.1882004947451685	-2.6040635108947754	-2.420235655575925	-3.357050895690918	-0.5359111154706262	-25.761672973632812	-24.40081398511434	-1.8419808149337769	-3.8752526007145236	0.0	0.0	0.0	0.0
13.225233793258667	1781097162.0	1781097162.694571	5	25.0	29.0	12.0	8.0	NeuronSpectrum 10.06.2026 16:02:51	EEG	checkup_151_10.06.2026 16:02:51	500.0	499.6666666666667	True	0.5	40.0	4	True	50.0	30.0	-0.44386419653892517	-1.7056563294474936	0.19077344238758087	-2.673345725118862	1.0509227514266968	0.36981988499088236	-0.3687818646430969	-0.018817384432111672	0.6959617733955383	-1.372920853907274	0.2689858376979828	0.6514382519952854	-20.813100814819336	-23.370453145025063	-3.793839693069458	-3.8479340823899584	0.0	0.0	0.0	0.0
13.22523546218872	1781097162.0	1781097162.6945727	5	25.0	29.0	12.0	8.0	NeuronSpectrum 10.06.2026 16:02:51	EEG	checkup_151_10.06.2026 16:02:51	500.0	499.6666666666667	True	0.5	40.0	4	True	50.0	30.0	-1.0369017124176025	-1.3255793661028659	4.717885494232178	-1.0081007826719115	5.074917316436768	1.9657939025336466	4.575088024139404	1.4968203112563843	4.3173041343688965	-0.15497499036568774	4.3757829666137695	2.0051050207736987	-15.076594352722168	-21.09643525897604	-4.707672595977783	-3.740161793831753	0.0	0.0	0.0	0.0
13.225237131118774	1781097162.0	1781097162.6945744	5	25.0	29.0	12.0	8.0	NeuronSpectrum 10.06.2026 16:02:51	EEG	checkup_151_10.06.2026 16:02:51	500.0	499.6666666666667	True	0.5	40.0	4	True	50.0	30.0	-1.551334261894226	-0.8611253100231185	8.33535099029541	0.6013679608608493	8.412952423095703	3.544347199632922	8.340580940246582	3.0891188221664034	7.327276706695557	1.039576610921765	7.83468770980835	3.323819803177052	-11.059867858886719	-17.79631479728177	-3.765974283218384	-3.573384248370879	0.0	0.0	0.0	0.0
13.225238561630249	1781097162.0	1781097162.6945758	5	25.0	29.0	12.0	8.0	NeuronSpectrum 10.06.2026 16:02:51	EEG	checkup_151_10.06.2026 16:02:51	500.0	499.6666666666667	True	0.5	40.0	4	True	50.0	30.0	-1.5211310386657715	-0.3312637243437478	10.081449508666992	1.937344932531835	10.167725563049316	4.906358979548797	9.979643821716309	4.5349369714349095	8.981544494628906	2.0525914689617775	9.763993263244629	4.448255905059892	-10.221356391906738	-13.715990303623354	-1.3710453510284424	-3.401157064821374	0.0	0.0	0.0	0.0
13.225240230560303	1781097162.0	1781097162.6945775	5	25.0	29.0	12.0	8.0	NeuronSpectrum 10.06.2026 16:02:51	EEG	checkup_151_10.06.2026 16:02:51	500.0	499.6666666666667	True	0.5	40.0	4	True	50.0	30.0	-0.8244166970252991	0.23013256728548626	9.750640869140625	2.863024328274553	10.147449493408203	5.921278351277179	9.540729522705078	5.6950237199661435	8.961832046508789	2.7827827645414795	9.856868743896484	5.2859159152037725	-11.287407875061035	-9.09318000097301	1.048106074333191	-3.2956219783762664	0.0	0.0	0.0	0.0
13.225243330001831	1781097162.0	1781097162.6945806	5	25.0	29.0	12.0	8.0	NeuronSpectrum 10.06.2026 16:02:51	EEG	checkup_151_10.06.2026 16:02:51	500.0	499.6666666666667	True	0.5	40.0	4	True	50.0	30.0	0.3301546275615692	0.7723927042311931	7.907715320587158	3.326330581543848	8.899794578552246	6.529987542055855	7.862016201019287	6.516161918573885	7.4570512771606445	3.1833290644708017	8.442144393920898	5.808994191798419	-10.316946983337402	-4.150977068949679	1.9247963428497314	-3.324424239810605	0.0	0.0	0.0	0.0
13.225244998931885	1781097162.0	1781097162.6945822	5	25.0	29.0	12.0	8.0	NeuronSpectrum 10.06.2026 16:02:51	EEG	checkup_151_10.06.2026 16:02:51	500.0	499.6666666666667	True	0.5	40.0	4	True	50.0	30.0	1.5600807666778564	1.2334488967617807	5.518394470214844	3.338217567927971	7.271108150482178	6.724586891147661	5.964749336242676	7.002939738426375	5.049166202545166	3.2413992020812996	6.232927322387695	6.029525390202079	-3.4217092990875244	0.8857860484383858	0.5590476989746094	-3.5275785479312103	0.0	0.0	0.0	0.0
13.276772260665894	1781097162.0	1781097162.7461095	5	25.0	29.0	12.0	8.0	NeuronSpectrum 10.06.2026 16:02:51	EEG	checkup_151_10.06.2026 16:02:51	500.0	499.6666666666667	True	0.5	40.0	4	True	50.0	30.0	2.4825997352600098	1.552125628587882	3.432736873626709	2.9389053662885107	5.824167728424072	6.518068397686636	4.507789611816406	7.175752263373257	2.4992849826812744	2.9520731224485472	3.9498813152313232	5.965016072437932	9.217544555664062	5.770869182712765	-2.4353585243225098	-3.9040098754718384	0.0	0.0	0.0	0.0
13.276777029037476	1781097162.0	1781097162.7461143	5	25.0	29.0	12.0	8.0	NeuronSpectrum 10.06.2026 16:02:51	EEG	checkup_151_10.06.2026 16:02:51	500.0	499.6666666666667	True	0.5	40.0	4	True	50.0	30.0	2.8283567428588867	1.68365568925921	2.158721923828125	2.1690119180217016	4.679383277893066	5.9198910796222055	3.790437698364258	7.035590436934374	0.6824911832809448	2.301107495363427	2.2114853858947754	5.61110686763247	21.311548233032227	10.231880803743657	-5.498405933380127	-4.412279075769275	0.0	0.0	0.0	0.0
13.276779174804688	1781097162.0	1781097162.7461164	5	25.0	29.0	12.0	8.0	NeuronSpectrum 10.06.2026 16:02:51	EEG	checkup_151_10.06.2026 16:02:51	500.0	499.6666666666667	True	0.5	40.0	4	True	50.0	30.0	2.5161023139953613	1.6130520085561497	2.064847230911255	1.0587960219673356	3.953564405441284	4.929660078188198	4.251588821411133	6.551429095105274	0.6684727668762207	1.266881254870902	1.7543023824691772	4.934512295453155	22.97663116455078	13.986765593574287	-7.044368267059326	-4.982450621671628	0.0	0.0	0.0	0.0
13.276780843734741	1781097162.0	1781097162.746118	5	25.0	29.0	12.0	8.0	NeuronSpectrum 10.06.2026 16:02:51	EEG	checkup_151_10.06.2026 16:02:51	500.0	499.6666666666667	True	0.5	40.0	4	True	50.0	30.0	1.676796317100525	1.361441820740364	3.7130348682403564	-0.3605341471781329	4.348026275634766	3.5522629723026573	6.850724220275879	5.675077030996751	3.6516165733337402	-0.15706104169100926	3.625924587249756	3.8907835574829237	7.298593997955322	16.77549334324182	-6.339394569396973	-5.53088596070818	0.0	0.0	0.0	0.0
13.276782751083374	1781097162.0	1781097162.74612	5	25.0	29.0	12.0	8.0	NeuronSpectrum 10.06.2026 16:02:51	EEG	checkup_151_10.06.2026 16:02:51	500.0	499.6666666666667	True	0.5	40.0	4	True	50.0	30.0	1.1838274002075195	0.9828022199688062	5.112349033355713	-2.030413514674373	6.673226356506348	1.8275065024159107	7.383627891540527	4.375932735115383	4.476039409637451	-1.9278955567164162	6.660767078399658	2.460469418711819	21.940670013427734	18.39645328320339	-1.0237237215042114	-5.970354372826145	0.0	0.0	0.0	0.0
13.276784658432007	1781097162.0	1781097162.746122	5	25.0	29.0	12.0	8.0	NeuronSpectrum 10.06.2026 16:02:51	EEG	checkup_151_10.06.2026 16:02:51	500.0	499.6666666666667	True	0.5	40.0	4	True	50.0	30.0	0.1882914900779724	0.551701525264611	3.595290422439575	-3.8382909349401695	4.923726558685303	-0.14039440515914647	5.794515609741211	2.6794394406286797	2.984184741973877	-3.9242416171478274	5.751471519470215	0.6882767041452108	22.026931762695312	18.739166690687792	0.4434274733066559	-6.213934476390022	0.0	0.0	0.0	0.0
13.27678656578064	1781097162.0	1781097162.7461238	5	25.0	29.0	12.0	8.0	NeuronSpectrum 10.06.2026 16:02:51	EEG	checkup_151_10.06.2026 16:02:51	500.0	499.6666666666667	True	0.5	40.0	4	True	50.0	30.0	-0.6205541491508484	0.14549035374068872	0.6374251842498779	-5.606817890672901	1.7205443382263184	-2.1697388074350394	2.965038299560547	0.6918687767814095	-0.16728238761425018	-5.93835266660295	3.001164436340332	-1.2929766542381218	19.346187591552734	17.806746806641943	-0.49874141812324524	-6.178377165793778	0.0	0.0	0.0	0.0
13.276787996292114	1781097162.0	1781097162.7461252	5	25.0	29.0	12.0	8.0	NeuronSpectrum 10.06.2026 16:02:51	EEG	checkup_151_10.06.2026 16:02:51	500.0	499.6666666666667	True	0.5	40.0	4	True	50.0	30.0	-1.053359031677246	-0.1739350748580695	-2.684518337249756	-7.108438754345144	-1.8965141773223877	-4.015116671989048	-0.18162798881530762	-1.3993921387079102	-3.9327564239501953	-7.698555986495605	-0.7238425016403198	-3.266504981909145	14.93724250793457	15.721356523985142	-3.2619211673736572	-5.795153251791296	0.0	0.0	0.0	0.0
13.276789903640747	1781097162.0	1781097162.7461271	5	25.0	29.0	12.0	8.0	NeuronSpectrum 10.06.2026 16:02:51	EEG	checkup_151_10.06.2026 16:02:51	500.0	499.6666666666667	True	0.5	40.0	4	True	50.0	30.0	-1.0503545999526978	-0.3735529400429342	-5.060781955718994	-8.103893853638866	-4.619184494018555	-5.407434444726198	-2.629822254180908	-3.350325675908711	-6.857174396514893	-8.918308434236609	-4.078097820281982	-4.965369511178442	10.492058753967285	12.708524270278097	-5.946932315826416	-5.032592259159313	0.0	0.0	0.0	0.0
13.2767915725708	1781097162.0	1781097162.7461288	5	25.0	29.0	12.0	8.0	NeuronSpectrum 10.06.2026 16:02:51	EEG	checkup_151_10.06.2026 16:02:51	500.0	499.6666666666667	True	0.5	40.0	4	True	50.0	30.0	-0.6841771602630615	-0.4540289218133906	-5.708404541015625	-8.39295940237479	-5.600961685180664	-6.108603243121601	-3.8934855461120605	-4.900754367734897	-7.924288272857666	-9.357369305568138	-6.0266313552856445	-6.125801236241383	7.652629375457764	9.063616155626306	-6.601679801940918	-3.9231743874089196	0.0	0.0	0.0	0.0
13.276793479919434	1781097162.0	1781097162.7461307	5	25.0	29.0	12.0	8.0	NeuronSpectrum 10.06.2026 16:02:51	EEG	checkup_151_10.06.2026 16:02:51	500.0	499.6666666666667	True	0.5	40.0	4	True	50.0	30.0	-0.12850551307201385	-0.44478166562689714	-4.823141098022461	-7.861194898066205	-4.955181121826172	-5.963700517601929	-4.3546857833862305	-5.8183564028546275	-7.181130886077881	-8.876262290155642	-6.470821380615234	-6.5432909930786645	6.99084997177124	5.111094387441955	-4.48370361328125	-2.5825667081227888	0.0	0.0	0.0	0.0
13.276794910430908	1781097162.0	1781097162.7461321	5	25.0	29.0	12.0	8.0	NeuronSpectrum 10.06.2026 16:02:51	EEG	checkup_151_10.06.2026 16:02:51	500.0	499.6666666666667	True	0.5	40.0	4	True	50.0	30.0	0.3957250416278839	-0.39120972400009263	-3.3017919063568115	-6.508868537706274	-3.571789026260376	-4.93523195947935	-4.8946051597595215	-5.935855431921056	-5.55698299407959	-7.468599043449999	-6.141706466674805	-6.115500663222694	7.323441982269287	1.168403540571125	-0.5034847855567932	-1.2066790239689968	0.0	0.0	0.0	0.0
13.276796817779541	1781097162.0	1781097162.746134	5	25.0	29.0	12.0	8.0	NeuronSpectrum 10.06.2026 16:02:51	EEG	checkup_151_10.06.2026 16:02:51	500.0	499.6666666666667	True	0.5	40.0	4	True	50.0	30.0	0.6773192286491394	-0.33844005383452386	-1.8797532320022583	-4.455246630018117	-2.287550926208496	-3.1113638056578785	-5.921751976013184	-5.175990822722632	-3.9228339195251465	-5.264252021154784	-5.750357627868652	-4.86232754912472	6.044787883758545	-2.479464884499579	3.437925338745117	-0.04062457195773739	0.0	0.0	0.0	0.0
13.276798248291016	1781097162.0	1781097162.7461355	5	25.0	29.0	12.0	8.0	NeuronSpectrum 10.06.2026 16:02:51	EEG	checkup_151_10.06.2026 16:02:51	500.0	499.6666666666667	True	0.5	40.0	4	True	50.0	30.0	0.5856879949569702	-0.31697012216975956	-0.3232767581939697	-1.9190641907411243	-0.9927425980567932	-0.6884982106175677	-6.5356221199035645	-3.563111353697326	-2.101998805999756	-2.505269562104693	-5.024919033050537	-2.9211462429181845	0.8112333416938782	-5.596869218591845	5.640457630157471	0.674861638766646	0.0	0.0	0.0	0.0
13.27679991722107	1781097162.0	1781097162.7461371	5	25.0	29.0	12.0	8.0	NeuronSpectrum 10.06.2026 16:02:51	EEG	checkup_151_10.06.2026 16:02:51	500.0	499.6666666666667	True	0.5	40.0	4	True	50.0	30.0	0.12404996156692505	-0.3347772191758073	2.4787919521331787	0.8187836481571746	1.4312880039215088	2.0652379994462517	-4.810263633728027	-1.22182580578876	1.1098428964614868	0.4976527590835921	-2.6708884239196777	-0.5209778864252455	-8.253792762756348	-8.012220634484871	5.536126613616943	0.7641891968283965	0.0	0.0	0.0	0.0
13.276801347732544	1781097162.0	1781097162.7461386	5	25.0	29.0	12.0	8.0	NeuronSpectrum 10.06.2026 16:02:51	EEG	checkup_151_10.06.2026 16:02:51	500.0	499.6666666666667	True	0.5	40.0	4	True	50.0	30.0	-0.5537580251693726	-0.3781012155007442	7.326265811920166	3.4620198798226784	5.988805294036865	4.8562551009707215	0.5546930432319641	1.636994731738176	6.607982635498047	3.418062180394784	2.3789305686950684	2.057739789705035	-17.422155380249023	-9.63366021471979	3.7762370109558105	0.1660778976991375	0.0	0.0	0.0	0.0
13.276803255081177	1781097162.0	1781097162.7461405	5	25.0	29.0	12.0	8.0	NeuronSpectrum 10.06.2026 16:02:51	EEG	checkup_151_10.06.2026 16:02:51	500.0	499.6666666666667	True	0.5	40.0	4	True	50.0	30.0	-1.1944600343704224	-0.4199742503421969	13.274727821350098	5.746273047765977	12.023743629455566	7.411773957975258	8.32814884185791	4.741989522618389	13.282940864562988	5.965742541551927	9.267212867736816	4.529673409375533	-20.439762115478516	-10.461001168050432	1.6037137508392334	-1.043849984096587	0.0	0.0	0.0	0.0
13.276804685592651	1781097162.0	1781097162.746142	5	25.0	29.0	12.0	8.0	NeuronSpectrum 10.06.2026 16:02:51	EEG	checkup_151_10.06.2026 16:02:51	500.0	499.6666666666667	True	0.5	40.0	4	True	50.0	30.0	-1.5540571212768555	-0.432794713539917	17.279775619506836	7.477774568484705	16.623600006103516	9.51702027248807	14.308034896850586	7.795457860550741	17.559186935424805	7.928041514486244	14.608284950256348	6.6481293703549715	-11.769702911376953	-10.584185911575007	-0.01063741184771061	-2.6635784527782636	0.0	0.0	0.0	0.0
13.276808977127075	1781097162.0	1781097162.7461462	5	25.0	29.0	12.0	8.0	NeuronSpectrum 10.06.2026 16:02:51	EEG	checkup_151_10.06.2026 16:02:51	500.0	499.6666666666667	True	0.5	40.0	4	True	50.0	30.0	-1.5088162422180176	-0.3998851207474302	15.636682510375977	8.555446203826842	15.876721382141113	11.036158981091301	13.312501907348633	10.509684598547297	15.095436096191406	9.192465088407051	13.979473114013672	8.236242605833262	9.577025413513184	-10.162589620855428	-0.8126404881477356	-4.405659357252228	0.0	0.0	0.0	0.0
13.32774567604065	1781097162.0	1781097162.797083	5	25.0	29.0	12.0	8.0	NeuronSpectrum 10.06.2026 16:02:51	EEG	checkup_151_10.06.2026 16:02:51	500.0	499.6666666666667	True	0.5	40.0	4	True	50.0	30.0	0.018888074904680252	-0.32162795558406365	9.116653442382812	8.97234732951348	9.394417762756348	11.914223509748156	9.68538761138916	12.63917612076233	8.519646644592285	9.747057789010722	5.967586040496826	9.199648449284876	-13.978887557983398	-9.390598703552604	-6.012594699859619	-5.958796307073655	0.0	0.0	0.0	0.0
13.327750444412231	1781097162.0	1781097162.7970877	5	25.0	29.0	12.0	8.0	NeuronSpectrum 10.06.2026 16:02:51	EEG	checkup_151_10.06.2026 16:02:51	500.0	499.6666666666667	True	0.5	40.0	4	True	50.0	30.0	0.501615583896637	-0.21423345965278143	10.543238639831543	8.799139597215596	11.947299003601074	12.163869421315946	14.406435012817383	14.005745467344639	10.415345191955566	9.662155130508994	8.375890731811523	9.521213116769307	-8.446732521057129	-8.462607271673281	-8.052194595336914	-7.055730462730739	0.0	0.0	0.0	0.0
13.327752590179443	1781097162.0	1781097162.7970898	5	25.0	29.0	12.0	8.0	NeuronSpectrum 10.06.2026 16:02:51	EEG	checkup_151_10.06.2026 16:02:51	500.0	499.6666666666667	True	0.5	40.0	4	True	50.0	30.0	0.6261576414108276	-0.10236108853574903	11.656895637512207	8.15794731596251	13.86801528930664	11.845818157498172	17.376100540161133	14.51634418526255	11.677349090576172	9.062659704254623	10.06113338470459	9.24486042782049	-3.515970468521118	-7.547416097093862	-8.848959922790527	-7.531251281982708	0.0	0.0	0.0	0.0
13.327754259109497	1781097162.0	1781097162.7970915	5	25.0	29.0	12.0	8.0	NeuronSpectrum 10.06.2026 16:02:51	EEG	checkup_151_10.06.2026 16:02:51	500.0	499.6666666666667	True	0.5	40.0	4	True	50.0	30.0	0.42204946279525757	-0.009152876726093745	11.520834922790527	7.195548625781678	13.923935890197754	11.051253706001964	17.069108963012695	14.172634844630611	11.275933265686035	8.099899258111677	9.827170372009277	8.456748362444317	-1.0865808725357056	-6.773046600472956	-7.9945902824401855	-7.355592986416968	0.0	0.0	0.0	0.0
13.32775616645813	1781097162.0	1781097162.7970934	5	25.0	29.0	12.0	8.0	NeuronSpectrum 10.06.2026 16:02:51	EEG	checkup_151_10.06.2026 16:02:51	500.0	499.6666666666667	True	0.5	40.0	4	True	50.0	30.0	0.10088350623846054	0.052289688213497554	9.85218620300293	6.060348947180795	11.829920768737793	9.88870343712806	13.569086074829102	13.067985784121626	9.13317584991455	6.927128381608945	7.5182623863220215	7.267748871306236	-1.5838793516159058	-6.21872021156017	-5.607691287994385	-6.63405802371194	0.0	0.0	0.0	0.0
13.327757835388184	1781097162.0	1781097162.797095	5	25.0	29.0	12.0	8.0	NeuronSpectrum 10.06.2026 16:02:51	EEG	checkup_151_10.06.2026 16:02:51	500.0	499.6666666666667	True	0.5	40.0	4	True	50.0	30.0	-0.10334751754999161	0.08320550828595397	7.354320049285889	4.882837326891001	8.53817081451416	8.472512174066482	8.704906463623047	11.36733515463243	6.333313465118408	5.678215425687059	4.282590389251709	5.796582541042901	-4.075723171234131	-5.913233988371128	-2.4050092697143555	-5.572738764012642	0.0	0.0	0.0	0.0
13.327759504318237	1781097162.0	1781097162.7970967	5	25.0	29.0	12.0	8.0	NeuronSpectrum 10.06.2026 16:02:51	EEG	checkup_151_10.06.2026 16:02:51	500.0	499.6666666666667	True	0.5	40.0	4	True	50.0	30.0	-0.0885525718331337	0.09843699595047989	5.33130407333374	3.75852520985611	5.663910388946533	6.909680003316173	4.970094680786133	9.271185406645191	4.478109836578369	4.449158828417028	1.8808447122573853	4.152822815616698	-7.196660995483398	-5.841591334974759	0.567990243434906	-4.42004160114054	0.0	0.0	0.0	0.0
13.327761173248291	1781097162.0	1781097162.7970984	5	25.0	29.0	12.0	8.0	NeuronSpectrum 10.06.2026 16:02:51	EEG	checkup_151_10.06.2026 16:02:51	500.0	499.6666666666667	True	0.5	40.0	4	True	50.0	30.0	0.07982190698385239	0.1214937628332913	4.845221519470215	2.735411861353364	4.465487957000732	5.2861089227336535	3.9452126026153564	6.973578187475442	4.606581211090088	3.2856378819868572	1.4946539402008057	2.4226594623768194	-9.820087432861328	-5.959768510309077	2.368953227996826	-3.401003360229296	0.0	0.0	0.0	0.0
13.327762842178345	1781097162.0	1781097162.7971	5	25.0	29.0	12.0	8.0	NeuronSpectrum 10.06.2026 16:02:51	EEG	checkup_151_10.06.2026 16:02:51	500.0	499.6666666666667	True	0.5	40.0	4	True	50.0	30.0	0.2584437429904938	0.17710814737409217	5.9506025314331055	1.8109241494556922	5.027552604675293	3.6576838860277583	5.248250961303711	4.6287667283032725	6.372124671936035	2.1822173851538897	2.8187592029571533	0.6631777834368143	-10.984992027282715	-6.212490152938345	2.5432567596435547	-2.663518467498033	0.0	0.0	0.0	0.0
13.327764511108398	1781097162.0	1781097162.7971017	5	25.0	29.0	12.0	8.0	NeuronSpectrum 10.06.2026 16:02:51	EEG	checkup_151_10.06.2026 16:02:51	500.0	499.6666666666667	True	0.5	40.0	4	True	50.0	30.0	0.35209915041923523	0.28312295802818094	7.544439315795898	0.9424623338458817	6.184763431549072	2.0519259569202513	6.767084121704102	2.338341184927126	8.09337329864502	1.0966388522019157	4.1256256103515625	-1.0907718446750958	-9.60560417175293	-6.545304629051631	1.2608959674835205	-2.251628862490507	0.0	0.0	0.0	0.0
13.327766180038452	1781097162.0	1781097162.7971034	5	25.0	29.0	12.0	8.0	NeuronSpectrum 10.06.2026 16:02:51	EEG	checkup_151_10.06.2026 16:02:51	500.0	499.6666666666667	True	0.5	40.0	4	True	50.0	30.0	0.37750187516212463	0.4433668377111656	7.989368915557861	0.07069127556805449	6.238271236419678	0.4814552241404758	6.0752739906311035	0.16106468325372308	7.760374546051025	-0.0236682454011813	3.3637943267822266	-2.8090114675457554	-4.998577117919922	-6.903558521800271	-0.7887070775032043	-2.1121181904165582	0.0	0.0	0.0	0.0
13.327767610549927	1781097162.0	1781097162.7971048	5	25.0	29.0	12.0	8.0	NeuronSpectrum 10.06.2026 16:02:51	EEG	checkup_151_10.06.2026 16:02:51	500.0	499.6666666666667	True	0.5	40.0	4	True	50.0	30.0	0.41888561844825745	0.642959648676573	6.1533203125	-0.8516181857308255	4.041685104370117	-1.035973615497706	2.1508090496063232	-1.8628160389426744	4.415485382080078	-1.2122196379455739	-0.380891352891922	-4.446093067220009	1.5985331535339355	-7.217761178144041	-2.7201244831085205	-2.1297548885899955	0.0	0.0	0.0	0.0
13.32776951789856	1781097162.0	1781097162.7971067	5	25.0	29.0	12.0	8.0	NeuronSpectrum 10.06.2026 16:02:51	EEG	checkup_151_10.06.2026 16:02:51	500.0	499.6666666666667	True	0.5	40.0	4	True	50.0	30.0	0.5256714820861816	0.8473012993327099	2.3293449878692627	-1.8360098987362075	-0.09172920882701874	-2.46033560008953	-3.613172769546509	-3.6866294473801577	-0.8599478602409363	-2.4629002697422835	-5.911920547485352	-5.929685973936651	5.977285385131836	-7.3844572006590905	-3.804762125015259	-2.1773827526659906	0.0	0.0	0.0	0.0
13.327771186828613	1781097162.0	1781097162.7971084	5	25.0	29.0	12.0	8.0	NeuronSpectrum 10.06.2026 16:02:51	EEG	checkup_151_10.06.2026 16:02:51	500.0	499.6666666666667	True	0.5	40.0	4	True	50.0	30.0	0.6482261419296265	1.0056786177829542	-1.5610394477844238	-2.8492600445881653	-4.195494174957275	-3.723880710126076	-7.78731107711792	-5.243892727535665	-5.071160316467285	-3.72618529278036	-10.139759063720703	-7.164585303953088	2.1835625171661377	-7.258177955435081	-3.7396657466888428	-2.1628152035994104	0.0	0.0	0.0	0.0
13.327773094177246	1781097162.0	1781097162.7971103	5	25.0	29.0	12.0	8.0	NeuronSpectrum 10.06.2026 16:02:51	EEG	checkup_151_10.06.2026 16:02:51	500.0	499.6666666666667	True	0.5	40.0	4	True	50.0	30.0	0.6700003743171692	1.059806620944462	-2.7590668201446533	-3.822024545602635	-5.420507907867432	-4.741021878599464	-6.628191947937012	-6.451952149538187	-4.699008941650391	-4.9227987591349684	-9.546304702758789	-8.052475870621416	-13.594582557678223	-6.667391789090914	-2.685105323791504	-2.056611145427791	0.0	0.0	0.0	0.0
13.3277747631073	1781097162.0	1781097162.797112	5	25.0	29.0	12.0	8.0	NeuronSpectrum 10.06.2026 16:02:51	EEG	checkup_151_10.06.2026 16:02:51	500.0	499.6666666666667	True	0.5	40.0	4	True	50.0	30.0	0.32885390520095825	0.9566635202625944	-3.375117301940918	-4.671362848125088	-6.744500160217285	-5.43068241155639	-9.920821189880371	-7.230752986654744	-5.817058086395264	-5.968650848119838	-11.169890403747559	-8.52082460211453	-9.188743591308594	-5.454972776297675	2.4692959785461426	-1.8925972005037495	0.0	0.0	0.0	0.0
13.327776670455933	1781097162.0	1781097162.797114	5	25.0	29.0	12.0	8.0	NeuronSpectrum 10.06.2026 16:02:51	EEG	checkup_151_10.06.2026 16:02:51	500.0	499.6666666666667	True	0.5	40.0	4	True	50.0	30.0	0.6176429390907288	0.6637674189667864	-2.7773542404174805	-5.328573471892395	-6.269827842712402	-5.7434091645128955	-9.191865921020508	-7.52979460022944	-5.0609130859375	-6.801731318618084	-9.661328315734863	-8.550890012112019	-6.272180080413818	-3.529092354578876	3.7142250537872314	-1.74369705540755	0.0	0.0	0.0	0.0
13.327778100967407	1781097162.0	1781097162.7971153	5	25.0	29.0	12.0	8.0	NeuronSpectrum 10.06.2026 16:02:51	EEG	checkup_151_10.06.2026 16:02:51	500.0	499.6666666666667	True	0.5	40.0	4	True	50.0	30.0	1.0269914865493774	0.18372239188263303	-1.7202093601226807	-5.762899985567031	-5.021020889282227	-5.683949951366219	-7.846193313598633	-7.353986819182782	-4.054716110229492	-7.4022622436657635	-7.5237717628479	-8.1951746998673	-2.4539527893066406	-0.9040613466354084	3.4871108531951904	-1.68500463663466	0.0	0.0	0.0	0.0
13.32778000831604	1781097162.0	1781097162.7971172	5	25.0	29.0	12.0	8.0	NeuronSpectrum 10.06.2026 16:02:51	EEG	checkup_151_10.06.2026 16:02:51	500.0	499.6666666666667	True	0.5	40.0	4	True	50.0	30.0	1.1750816106796265	-0.4362705602379391	-0.8382067680358887	-5.99395317758925	-3.420626640319824	-5.321392118835857	-6.235711574554443	-6.779064142183332	-3.3816375732421875	-7.800267866292784	-5.4515061378479	-7.577621739408881	1.673471450805664	2.2839978241777263	2.0553276538848877	-1.7599578430495162	0.0	0.0	0.0	0.0
13.32778286933899	1781097162.0	1781097162.79712	5	25.0	29.0	12.0	8.0	NeuronSpectrum 10.06.2026 16:02:51	EEG	checkup_151_10.06.2026 16:02:51	500.0	499.6666666666667	True	0.5	40.0	4	True	50.0	30.0	0.6160427927970886	-1.1045467306139989	-0.29704129695892334	-6.0896337103248666	-1.620151162147522	-4.782552771979528	-4.236574172973633	-5.9496202966914815	-3.0579781532287598	-8.068489210797662	-3.6158294677734375	-6.874498441290339	6.196727275848389	5.790687794471053	0.13074396550655365	-1.962324915451952	0.0	0.0	0.0	0.0
13.327784299850464	1781097162.0	1781097162.7971215	5	25.0	29.0	12.0	8.0	NeuronSpectrum 10.06.2026 16:02:51	EEG	checkup_151_10.06.2026 16:02:51	500.0	499.6666666666667	True	0.5	40.0	4	True	50.0	30.0	-0.8153514266014099	-1.6979890800110324	-0.08242406696081161	-6.150605716793624	0.11050411313772202	-4.22919758422817	-1.9448744058609009	-5.0577652217939155	-2.989704132080078	-8.302606926508833	-2.135814666748047	-6.2793992358101445	11.416346549987793	9.301099129631782	-1.5210061073303223	-2.2386728135581855	0.0	0.0	0.0	0.0
13.327786207199097	1781097162.0	1781097162.7971234	5	25.0	29.0	12.0	8.0	NeuronSpectrum 10.06.2026 16:02:51	EEG	checkup_151_10.06.2026 16:02:51	500.0	499.6666666666667	True	0.5	40.0	4	True	50.0	30.0	-2.7490854263305664	-2.087686286624946	-0.4843040406703949	-6.285979731652669	0.9872136116027832	-3.8246745414679415	-0.3021913766860962	-4.306774013477131	-3.5492656230926514	-8.594388461411896	-1.6469612121582031	-5.960896834344462	17.0191707611084	12.48244005594334	-2.3694381713867188	-2.5074298433770905	0.0	0.0	0.0	0.0
13.327788591384888	1781097162.0	1781097162.7971258	5	25.0	29.0	12.0	8.0	NeuronSpectrum 10.06.2026 16:02:51	EEG	checkup_151_10.06.2026 16:02:51	500.0	499.6666666666667	True	0.5	40.0	4	True	50.0	30.0	-4.344834327697754	-2.1721765651400493	-2.0726921558380127	-6.586940915074929	-0.02274935320019722	-3.699077907437668	-0.7525469064712524	-3.8696503310352943	-5.460296630859375	-9.005594543111062	-3.1271371841430664	-6.024394381499222	21.706790924072266	15.040699385807503	-2.2605581283569336	-2.6853269482191298	0.0	0.0	0.0	0.0
13.327791452407837	1781097162.0	1781097162.7971287	5	25.0	29.0	12.0	8.0	NeuronSpectrum 10.06.2026 16:02:51	EEG	checkup_151_10.06.2026 16:02:51	500.0	499.6666666666667	True	0.5	40.0	4	True	50.0	30.0	-4.721526622772217	-1.9089329695580868	-5.010321140289307	-7.104841842606059	-3.2550790309906006	-3.922422636127527	-3.948009729385376	-3.854636503200901	-8.899312973022461	-9.5500625828962	-6.8950982093811035	-6.4890223438732235	23.65258026123047	16.770155043469693	-1.3947821855545044	-2.7113413700647797	0.0	0.0	0.0	0.0
13.32779335975647	1781097162.0	1781097162.7971306	5	25.0	29.0	12.0	8.0	NeuronSpectrum 10.06.2026 16:02:51	EEG	checkup_151_10.06.2026 16:02:51	500.0	499.6666666666667	True	0.5	40.0	4	True	50.0	30.0	-3.498189926147461	-1.3332910612389295	-8.285910606384277	-7.837609518448704	-7.4614481925964355	-4.491761462922071	-8.55299186706543	-4.2867054798361615	-12.583324432373047	-10.187844750929328	-11.598201751708984	-7.285322530135422	21.69019889831543	17.585536648729537	-0.21961739659309387	-2.5614335512952984	0.0	0.0	0.0	0.0
13.327795028686523	1781097162.0	1781097162.7971323	5	25.0	29.0	12.0	8.0	NeuronSpectrum 10.06.2026 16:02:51	EEG	checkup_151_10.06.2026 16:02:51	500.0	499.6666666666667	True	0.5	40.0	4	True	50.0	30.0	-1.0813590288162231	-0.5567781397675866	-9.82504940032959	-8.72437670835851	-10.021738052368164	-5.332071291708975	-11.498791694641113	-5.106946031708886	-13.999812126159668	-10.829932216487133	-14.403034210205078	-8.271537927956135	16.51313591003418	17.530312387619862	0.7526530027389526	-2.2521595731371353	0.0	0.0	0.0	0.0
13.327796936035156	1781097162.0	1781097162.7971342	5	25.0	29.0	12.0	8.0	NeuronSpectrum 10.06.2026 16:02:51	EEG	checkup_151_10.06.2026 16:02:51	500.0	499.6666666666667	True	0.5	40.0	4	True	50.0	30.0	1.5184526443481445	0.25672884658286266	-7.8347673416137695	-9.645608290098151	-8.576334953308105	-6.305613787187873	-10.040423393249512	-6.184559331387754	-11.103595733642578	-11.348174760338818	-12.75929069519043	-9.259582906644912	11.01728343963623	16.76104836063918	1.1582516431808472	-1.8352604242272734	0.0	0.0	0.0	0.0
13.32779836654663	1781097162.0	1781097162.7971356	5	25.0	29.0	12.0	8.0	NeuronSpectrum 10.06.2026 16:02:51	EEG	checkup_151_10.06.2026 16:02:51	500.0	499.6666666666667	True	0.5	40.0	4	True	50.0	30.0	3.241788864135742	0.9308374351207123	-2.5296473503112793	-10.427157227635366	-3.0661535263061523	-7.22414295957948	-4.256396293640137	-7.3338635065106335	-4.386213302612305	-11.585804924579605	-6.639308452606201	-10.04064217228576	9.45308780670166	15.514565195014073	0.922600269317627	-1.3870296379998062	0.0	0.0	0.0	0.0
13.327800035476685	1781097162.0	1781097162.7971373	5	25.0	29.0	12.0	8.0	NeuronSpectrum 10.06.2026 16:02:51	EEG	checkup_151_10.06.2026 16:02:51	500.0	499.6666666666667	True	0.5	40.0	4	True	50.0	30.0	3.5553760528564453	1.3205177678025286	3.207385301589966	-10.851625190813243	3.446957588195801	-7.863661259889183	2.069071054458618	-8.333113583279754	2.4441096782684326	-11.369785032209741	0.56170254945755	-10.406192643689364	15.49596881866455	14.067490699636545	0.26021015644073486	-0.9955220686005928	0.0	0.0	0.0	0.0
13.327801704406738	1781097162.0	1781097162.797139	5	25.0	29.0	12.0	8.0	NeuronSpectrum 10.06.2026 16:02:51	EEG	checkup_151_10.06.2026 16:02:51	500.0	499.6666666666667	True	0.5	40.0	4	True	50.0	30.0	2.675337314605713	1.3467646391402526	5.141698360443115	-10.68505213670074	6.1889262199401855	-7.988278681876365	3.3636937141418457	-8.949191695034616	4.219111919403076	-10.53247725668001	3.6077799797058105	-10.168916962554475	29.9217529296875	12.694570295402869	-0.5001031756401062	-0.7467263110695967	0.0	0.0	0.0	0.0
13.378649473190308	1781097162.0	1781097162.8479867	5	25.0	29.0	12.0	8.0	NeuronSpectrum 10.06.2026 16:02:51	EEG	checkup_151_10.06.2026 16:02:51	500.0	499.6666666666667	True	0.5	40.0	4	True	50.0	30.0	0.8375155925750732	1.012366977726932	-14.200037956237793	-9.724950533747517	-13.118232727050781	-7.390684523044005	-15.874848365783691	-8.97449205319557	-14.609399795532227	-8.949658133500167	-15.226577758789062	-9.191513392560815	7.02438497543335	11.626335486266862	2.2762045860290527	-0.7095784891428359	0.0	0.0	0.0	0.0
13.378655195236206	1781097162.0	1781097162.8479924	5	25.0	29.0	12.0	8.0	NeuronSpectrum 10.06.2026 16:02:51	EEG	checkup_151_10.06.2026 16:02:51	500.0	499.6666666666667	True	0.5	40.0	4	True	50.0	30.0	-0.8003318309783936	0.3958529165180059	-12.806455612182617	-7.8640551934064495	-11.816376686096191	-5.947359421671283	-14.506409645080566	-8.274731361134132	-12.541698455810547	-6.591177845280012	-13.265498161315918	-7.42456541542527	7.502031326293945	11.006223300866326	2.658460855484009	-0.9204915530394613	0.0	0.0	0.0	0.0
13.378657341003418	1781097162.0	1781097162.8479946	5	25.0	29.0	12.0	8.0	NeuronSpectrum 10.06.2026 16:02:51	EEG	checkup_151_10.06.2026 16:02:51	500.0	499.6666666666667	True	0.5	40.0	4	True	50.0	30.0	-1.760450839996338	-0.3723570270893682	-7.689467430114746	-5.14892610728639	-7.481196403503418	-3.6719397694254168	-10.763983726501465	-6.833622231132133	-7.211363315582275	-3.565782148136018	-8.865049362182617	-4.941673844903116	10.017312049865723	10.854896322719465	2.0995399951934814	-1.370491214373072	0.0	0.0	0.0	0.0
13.37865924835205	1781097162.0	1781097162.8479965	5	25.0	29.0	12.0	8.0	NeuronSpectrum 10.06.2026 16:02:51	EEG	checkup_151_10.06.2026 16:02:51	500.0	499.6666666666667	True	0.5	40.0	4	True	50.0	30.0	-2.0896177291870117	-1.1430459256594108	-0.4265247583389282	-1.8062451822386612	-1.4557795524597168	-0.7424952512740581	-6.052501201629639	-4.774085547895149	-0.10564664751291275	-0.13553835421965643	-3.3285000324249268	-1.952781853351573	13.359704971313477	11.057228405175682	0.6299532651901245	-1.9998960672313242	0.0	0.0	0.0	0.0
13.378660678863525	1781097162.0	1781097162.847998	5	25.0	29.0	12.0	8.0	NeuronSpectrum 10.06.2026 16:02:51	EEG	checkup_151_10.06.2026 16:02:51	500.0	499.6666666666667	True	0.5	40.0	4	True	50.0	30.0	-2.1564228534698486	-1.7811438482778148	6.5819478034973145	1.780420511611724	4.2944159507751465	2.514129412564764	-1.976434588432312	-2.342918684993109	6.586477756500244	3.3149230096532025	1.7031934261322021	1.2173095185469311	15.96957778930664	11.384325265104104	-1.150451421737671	-2.7046165334433923	0.0	0.0	0.0	0.0
13.378662586212158	1781097162.0	1781097162.8479998	5	25.0	29.0	12.0	8.0	NeuronSpectrum 10.06.2026 16:02:51	EEG	checkup_151_10.06.2026 16:02:51	500.0	499.6666666666667	True	0.5	40.0	4	True	50.0	30.0	-2.2739598751068115	-2.1912954030472114	11.563627243041992	5.1402754555445025	8.44360065460205	5.680073599193897	0.7791674137115479	0.1386051012970269	11.287581443786621	6.349611189157989	5.327978134155273	4.183308031919558	16.61469268798828	11.54867320182043	-2.4656872749328613	-3.3544949106123387	0.0	0.0	0.0	0.0
13.378664016723633	1781097162.0	1781097162.8480012	5	25.0	29.0	12.0	8.0	NeuronSpectrum 10.06.2026 16:02:51	EEG	checkup_151_10.06.2026 16:02:51	500.0	499.6666666666667	True	0.5	40.0	4	True	50.0	30.0	-2.463484525680542	-2.3323045089727206	14.16514778137207	7.810481181276258	10.915339469909668	8.329433366831138	2.7199220657348633	2.3428994957321976	13.7278413772583	8.57162584786778	7.756808280944824	6.571831381998771	14.734107971191406	11.275276554460074	-2.866576910018921	-3.819662050184513	0.0	0.0	0.0	0.0
13.378665924072266	1781097162.0	1781097162.8480031	5	25.0	29.0	12.0	8.0	NeuronSpectrum 10.06.2026 16:02:51	EEG	checkup_151_10.06.2026 16:02:51	500.0	499.6666666666667	True	0.5	40.0	4	True	50.0	30.0	-2.5127604007720947	-2.2198067518929503	15.130019187927246	9.429434121934365	12.473544120788574	10.113130210127101	4.792420387268066	4.003827135702792	14.606165885925293	9.706406494851791	9.737686157226562	8.092677198026195	10.653983116149902	10.365359990528042	-2.4372823238372803	-3.9980093760644992	0.0	0.0	0.0	0.0
13.37866759300232	1781097162.0	1781097162.8480048	5	25.0	29.0	12.0	8.0	NeuronSpectrum 10.06.2026 16:02:51	EEG	checkup_151_10.06.2026 16:02:51	500.0	499.6666666666667	True	0.5	40.0	4	True	50.0	30.0	-2.229313373565674	-1.9184754287703532	15.292558670043945	9.805374686108513	13.750284194946289	10.825512751554324	7.284803867340088	4.96859942996351	14.630438804626465	9.656817404270857	11.575830459594727	8.593139833447122	5.7979631423950195	8.734393789774032	-1.610758900642395	-3.8367649781729045	0.0	0.0	0.0	0.0
13.378670692443848	1781097162.0	1781097162.848008	5	25.0	29.0	12.0	8.0	NeuronSpectrum 10.06.2026 16:02:51	EEG	checkup_151_10.06.2026 16:02:51	500.0	499.6666666666667	True	0.5	40.0	4	True	50.0	30.0	-1.6407363414764404	-1.5260775219497908	14.76911735534668	8.948024958861547	14.535552024841309	10.440490083170626	9.326910018920898	5.224736839175567	13.784914016723633	8.519829469879006	12.604114532470703	8.085932513027068	2.4723916053771973	6.418630579778097	-0.7676275968551636	-3.3434584710777617	0.0	0.0	0.0	0.0
13.37867259979248	1781097162.0	1781097162.8480098	5	25.0	29.0	12.0	8.0	NeuronSpectrum 10.06.2026 16:02:51	EEG	checkup_151_10.06.2026 16:02:51	500.0	499.6666666666667	True	0.5	40.0	4	True	50.0	30.0	-0.98988276720047	-1.1523411545446955	12.999613761901855	7.061287250659685	13.913742065429688	9.11291697784411	9.477339744567871	4.89840433107426	11.471465110778809	6.564884669766297	11.625884056091309	6.746916530855814	2.6666839122772217	3.5566310140934165	-0.01770763285458088	-2.5848936486198384	0.0	0.0	0.0	0.0
13.378674030303955	1781097162.0	1781097162.8480113	5	25.0	29.0	12.0	8.0	NeuronSpectrum 10.06.2026 16:02:51	EEG	checkup_151_10.06.2026 16:02:51	500.0	499.6666666666667	True	0.5	40.0	4	True	50.0	30.0	-0.54535973072052	-0.8962170681614896	9.501216888427734	4.502054860432853	11.09646224975586	7.146638692618966	6.967560768127441	4.224253352520593	7.356847286224365	4.181059875507669	7.991550922393799	4.882850444661935	6.036776542663574	0.3578623075489449	0.6980804800987244	-1.675678831421426	0.0	0.0	0.0	0.0
13.37867546081543	1781097162.0	1781097162.8480127	5	25.0	29.0	12.0	8.0	NeuronSpectrum 10.06.2026 16:02:51	EEG	checkup_151_10.06.2026 16:02:51	500.0	499.6666666666667	True	0.5	40.0	4	True	50.0	30.0	-0.4129396378993988	-0.8255852725959771	4.745005130767822	1.7139533562339047	6.3747076988220215	4.934662346119479	2.733837127685547	3.4906950326407404	2.294152021408081	1.8039856050155558	2.5764198303222656	2.8730785794746767	8.646296501159668	-2.9325488575652585	1.3783392906188965	-0.7595845436544788	0.0	0.0	0.0	0.0
13.378677368164062	1781097162.0	1781097162.8480146	5	25.0	29.0	12.0	8.0	NeuronSpectrum 10.06.2026 16:02:51	EEG	checkup_151_10.06.2026 16:02:51	500.0	499.6666666666667	True	0.5	40.0	4	True	50.0	30.0	-0.49672478437423706	-0.9633869167083233	0.4396466016769409	-0.8529605644856604	1.4907214641571045	2.8809274448030155	-0.5739789009094238	2.969552140472369	-1.4833741188049316	-0.16450869652651606	-2.1198947429656982	1.0937998235026178	4.232364177703857	-6.0711176077338616	1.8635947704315186	0.012539203028582031	0.0	0.0	0.0	0.0
13.378678798675537	1781097162.0	1781097162.848016	5	25.0	29.0	12.0	8.0	NeuronSpectrum 10.06.2026 16:02:51	EEG	checkup_151_10.06.2026 16:02:51	500.0	499.6666666666667	True	0.5	40.0	4	True	50.0	30.0	-0.6183768510818481	-1.2832508379171106	-1.0594661235809326	-2.8236441946089696	-0.9051747918128967	1.3175451878391722	0.21548371016979218	2.844526394329102	-1.219099760055542	-1.4301161100041406	-2.9749317169189453	-0.1611871397573053	-11.659844398498535	-8.857168880503888	1.967207431793213	0.5049462456785163	0.0	0.0	0.0	0.0
13.429755687713623	1781097162.0	1781097162.899093	5	25.0	29.0	12.0	8.0	NeuronSpectrum 10.06.2026 16:02:51	EEG	checkup_151_10.06.2026 16:02:51	500.0	499.6666666666667	True	0.5	40.0	4	True	50.0	30.0	-1.9218523502349854	-1.7159002203585731	-6.183862686157227	-3.966376071541304	-5.294015884399414	0.4348032100618059	-5.896351337432861	3.156533070834021	-4.646119594573975	-1.859690184976222	-7.572633266448975	-0.7457099970131568	-21.139965057373047	-11.174576330522404	2.5984411239624023	0.6166887567546169	0.0	0.0	0.0	0.0
13.42976450920105	1781097162.0	1781097162.8991017	5	25.0	29.0	12.0	8.0	NeuronSpectrum 10.06.2026 16:02:51	EEG	checkup_151_10.06.2026 16:02:51	500.0	499.6666666666667	True	0.5	40.0	4	True	50.0	30.0	-2.766555070877075	-2.1652049093518833	-4.653100490570068	-4.233856836929509	-3.528536796569824	0.24143567145466477	-2.2231123447418213	3.7834121217565038	-2.3566877841949463	-1.503739581560648	-5.1899333000183105	-0.6950464262920851	-19.945728302001953	-13.020749700932521	2.1309621334075928	0.29693482530024706	0.0	0.0	0.0	0.0
13.42976689338684	1781097162.0	1781097162.899104	5	25.0	29.0	12.0	8.0	NeuronSpectrum 10.06.2026 16:02:51	EEG	checkup_151_10.06.2026 16:02:51	500.0	499.6666666666667	True	0.5	40.0	4	True	50.0	30.0	-3.4926376342773438	-2.530222343130303	-0.8823287487030029	-3.7662945221515276	0.7020156383514404	0.5678111925765938	4.001949310302734	4.465355171948796	1.7405372858047485	-0.581370559672415	-0.3677266240119934	-0.21625864497740677	-16.051025390625	-14.505301510139157	1.6566462516784668	-0.44555079066590786	0.0	0.0	0.0	0.0
13.429769039154053	1781097162.0	1781097162.8991063	5	25.0	29.0	12.0	8.0	NeuronSpectrum 10.06.2026 16:02:51	EEG	checkup_151_10.06.2026 16:02:51	500.0	499.6666666666667	True	0.5	40.0	4	True	50.0	30.0	-3.848344087600708	-2.727760152837676	3.37200927734375	-2.853031108547978	5.3776702880859375	1.1144948025524517	10.04143238067627	4.875256766441715	6.028677940368652	0.5715956452317155	4.691278457641602	0.36664216488218376	-12.318025588989258	-15.809733236866656	1.329671859741211	-1.5400816049454444	0.0	0.0	0.0	0.0
13.429770946502686	1781097162.0	1781097162.8991082	5	25.0	29.0	12.0	8.0	NeuronSpectrum 10.06.2026 16:02:51	EEG	checkup_151_10.06.2026 16:02:51	500.0	499.6666666666667	True	0.5	40.0	4	True	50.0	30.0	-3.625882148742676	-2.7096887173742767	6.52726936340332	-1.859934435163445	8.618568420410156	1.535345287660821	13.382105827331543	4.7175524233961195	9.085341453552246	1.581591750938148	7.966933250427246	0.70092550658963	-10.906630516052246	-17.11750903703902	0.8537240028381348	-2.860199765532841	0.0	0.0	0.0	0.0
13.42977261543274	1781097162.0	1781097162.8991098	5	25.0	29.0	12.0	8.0	NeuronSpectrum 10.06.2026 16:02:51	EEG	checkup_151_10.06.2026 16:02:51	500.0	499.6666666666667	True	0.5	40.0	4	True	50.0	30.0	-2.8232157230377197	-2.470730912732024	7.762975692749023	-1.1402389626968286	9.396541595458984	1.532656724361962	12.747533798217773	3.8261313673822346	10.110068321228027	2.1252162049021646	8.371598243713379	0.5031051257612543	-12.045965194702148	-18.539121194556333	-0.2959820330142975	-4.239433721361918	0.0	0.0	0.0	0.0
13.429774284362793	1781097162.0	1781097162.8991115	5	25.0	29.0	12.0	8.0	NeuronSpectrum 10.06.2026 16:02:51	EEG	checkup_151_10.06.2026 16:02:51	500.0	499.6666666666667	True	0.5	40.0	4	True	50.0	30.0	-1.7064218521118164	-2.045353628162001	6.9386725425720215	-0.9522669453297598	7.535515785217285	0.9368561166575027	8.271634101867676	2.228543246919878	8.827787399291992	2.0037169449052366	5.771291255950928	-0.3620499701160153	-14.425790786743164	-20.060016301980546	-2.4034602642059326	-5.49681885501496	0.0	0.0	0.0	0.0
13.429775953292847	1781097162.0	1781097162.8991132	5	25.0	29.0	12.0	8.0	NeuronSpectrum 10.06.2026 16:02:51	EEG	checkup_151_10.06.2026 16:02:51	500.0	499.6666666666667	True	0.5	40.0	4	True	50.0	30.0	-0.6896123886108398	-1.495719043438947	4.243645668029785	-1.4058542955059896	3.383448362350464	-0.25263507186985534	1.1519943475723267	0.1528744424779157	5.31805944442749	1.1840692616965323	0.68122398853302	-1.8455228904627181	-16.744884490966797	-21.530146155958317	-5.099285125732422	-6.469995826119421	0.0	0.0	0.0	0.0
13.42977786064148	1781097162.0	1781097162.899115	5	25.0	29.0	12.0	8.0	NeuronSpectrum 10.06.2026 16:02:51	EEG	checkup_151_10.06.2026 16:02:51	500.0	499.6666666666667	True	0.5	40.0	4	True	50.0	30.0	-0.09733888506889343	-0.8952306463638271	0.114109106361866	-2.4507608129381824	-2.296603202819824	-1.876778036050751	-6.688401699066162	-2.0275695684144353	0.16537345945835114	-0.20435145972575228	-5.8469953536987305	-3.7320315217420914	-19.019067764282227	-22.698563946906088	-7.434906482696533	-7.050186909186472	0.0	0.0	0.0	0.0
13.429779529571533	1781097162.0	1781097162.8991168	5	25.0	29.0	12.0	8.0	NeuronSpectrum 10.06.2026 16:02:51	EEG	checkup_151_10.06.2026 16:02:51	500.0	499.6666666666667	True	0.5	40.0	4	True	50.0	30.0	0.019793447107076645	-0.3130492464073475	-4.461263656616211	-3.907660791803459	-8.092842102050781	-3.672012095665069	-12.80316162109375	-3.8952674452186415	-5.166876792907715	-1.915374353860896	-12.051215171813965	-5.705673599314478	-22.29535484313965	-23.281904252123795	-8.39509105682373	-7.210091809117526	0.0	0.0	0.0	0.0
13.429781198501587	1781097162.0	1781097162.8991184	5	25.0	29.0	12.0	8.0	NeuronSpectrum 10.06.2026 16:02:51	EEG	checkup_151_10.06.2026 16:02:51	500.0	499.6666666666667	True	0.5	40.0	4	True	50.0	30.0	-0.1257033497095108	0.1962441931790347	-7.814201831817627	-5.529531900080971	-11.926308631896973	-5.3519418200199596	-14.739453315734863	-5.102701858009492	-8.464542388916016	-3.6586887472007756	-15.607929229736328	-7.441366583582408	-26.851871490478516	-23.045859352741537	-7.512845516204834	-7.0149058995919775	0.0	0.0	0.0	0.0
13.429782629013062	1781097162.0	1781097162.8991199	5	25.0	29.0	12.0	8.0	NeuronSpectrum 10.06.2026 16:02:51	EEG	checkup_151_10.06.2026 16:02:51	500.0	499.6666666666667	True	0.5	40.0	4	True	50.0	30.0	-0.23619188368320465	0.5963112324081634	-8.272724151611328	-7.072656180774797	-11.889204978942871	-6.688297926230324	-11.265819549560547	-5.462950112495529	-7.889282703399658	-5.176095899913302	-14.646295547485352	-8.692054720136458	-30.47927474975586	-21.87499230977654	-5.16961145401001	-6.6098283482354425	0.0	0.0	0.0	0.0
13.429784774780273	1781097162.0	1781097162.899122	5	25.0	29.0	12.0	8.0	NeuronSpectrum 10.06.2026 16:02:51	EEG	checkup_151_10.06.2026 16:02:51	500.0	499.6666666666667	True	0.5	40.0	4	True	50.0	30.0	-0.1413140445947647	0.8673870504288512	-5.480495929718018	-8.355251986984614	-7.714296817779541	-7.565425393706357	-3.7639782428741455	-4.988990634536041	-3.6133360862731934	-6.298224541182718	-9.287928581237793	-9.3444102619935	-28.5535945892334	-19.808739692837094	-2.366797685623169	-6.184344688736208	0.0	0.0	0.0	0.0
13.42978835105896	1781097162.0	1781097162.8991256	5	25.0	29.0	12.0	8.0	NeuronSpectrum 10.06.2026 16:02:51	EEG	checkup_151_10.06.2026 16:02:51	500.0	499.6666666666667	True	0.5	40.0	4	True	50.0	30.0	0.1262650489807129	1.0024449608436328	-1.323328971862793	-9.288586458023284	-1.747284173965454	-7.993750172482301	3.485236644744873	-3.8733501347377124	1.3867977857589722	-6.967758092927955	-2.4820549488067627	-9.428838893288376	-16.48394203186035	-17.03119657917925	-0.1878315955400467	-5.921863768856373	0.0	0.0	0.0	0.0
13.429790019989014	1781097162.0	1781097162.8991272	5	25.0	29.0	12.0	8.0	NeuronSpectrum 10.06.2026 16:02:51	EEG	checkup_151_10.06.2026 16:02:51	500.0	499.6666666666667	True	0.5	40.0	4	True	50.0	30.0	0.4079033136367798	1.0044187675449832	0.6504257321357727	-9.877194132715923	1.7722126245498657	-8.083942819152217	5.081308841705322	-2.420938269138638	2.5257492065429688	-7.229048776417664	1.0381711721420288	-9.087527899968755	6.692843914031982	-13.81878011013682	0.7321247458457947	-5.949399860139579	0.0	0.0	0.0	0.0
13.429791927337646	1781097162.0	1781097162.8991292	5	25.0	29.0	12.0	8.0	NeuronSpectrum 10.06.2026 16:02:51	EEG	checkup_151_10.06.2026 16:02:51	500.0	499.6666666666667	True	0.5	40.0	4	True	50.0	30.0	1.5897655487060547	0.886114675467683	-8.292645454406738	-10.195677148535752	-7.070660591125488	-7.9972377297284325	1.092607021331787	-0.9618767755391928	-6.128915309906006	-7.195415402930629	-8.11526870727539	-8.518581041993231	-10.247892379760742	-10.467218681273545	-3.9464235305786133	-6.3028579634196475	0.0	0.0	0.0	0.0
13.4297935962677	1781097162.0	1781097162.8991308	5	25.0	29.0	12.0	8.0	NeuronSpectrum 10.06.2026 16:02:51	EEG	checkup_151_10.06.2026 16:02:51	500.0	499.6666666666667	True	0.5	40.0	4	True	50.0	30.0	1.7359724044799805	0.6720406893297918	-6.4029364585876465	-10.354417324919762	-5.206903457641602	-7.892278984788626	2.984314203262329	0.2272028030540154	-4.421600341796875	-7.009132528632169	-6.275634288787842	-7.918443995745286	-5.417529106140137	-7.226737827765255	-5.559187412261963	-6.918270038664372	0.0	0.0	0.0	0.0
13.429795742034912	1781097162.0	1781097162.899133	5	25.0	29.0	12.0	8.0	NeuronSpectrum 10.06.2026 16:02:51	EEG	checkup_151_10.06.2026 16:02:51	500.0	499.6666666666667	True	0.5	40.0	4	True	50.0	30.0	1.1877673864364624	0.39943417884404286	-5.71695613861084	-10.465073424710047	-5.136117458343506	-7.884570694217562	2.344346523284912	0.9734726223395512	-3.982719659805298	-6.805667549631089	-6.151628494262695	-7.439060393383646	-1.9755287170410156	-4.265684536891185	-6.564640045166016	-7.650332724065783	0.0	0.0	0.0	0.0
13.429797410964966	1781097162.0	1781097162.8991346	5	25.0	29.0	12.0	8.0	NeuronSpectrum 10.06.2026 16:02:51	EEG	checkup_151_10.06.2026 16:02:51	500.0	499.6666666666667	True	0.5	40.0	4	True	50.0	30.0	0.11924050003290176	0.11546071489473797	-6.751618385314941	-10.613004720012313	-7.058804512023926	-8.026359221331866	-0.39039626717567444	1.2222285955504997	-5.076025009155273	-6.688245445869059	-7.770440578460693	-7.166704786750601	0.03830987960100174	-1.665091478257501	-6.981695175170898	-8.311169790751185	0.0	0.0	0.0	0.0
13.429799318313599	1781097162.0	1781097162.8991365	5	25.0	29.0	12.0	8.0	NeuronSpectrum 10.06.2026 16:02:51	EEG	checkup_151_10.06.2026 16:02:51	500.0	499.6666666666667	True	0.5	40.0	4	True	50.0	30.0	-1.031915545463562	-0.13072233731039706	-8.770310401916504	-10.841018031439717	-9.850513458251953	-8.307642862312711	-3.5386781692504883	1.0185714777470163	-6.8641037940979	-6.715123470342517	-9.990480422973633	-7.121897714716729	1.4829317331314087	0.566541203928378	-7.217192649841309	-8.717841061961893	0.0	0.0	0.0	0.0
13.429800748825073	1781097162.0	1781097162.899138	5	25.0	29.0	12.0	8.0	NeuronSpectrum 10.06.2026 16:02:51	EEG	checkup_151_10.06.2026 16:02:51	500.0	499.6666666666667	True	0.5	40.0	4	True	50.0	30.0	-1.7706918716430664	-0.29942554948941685	-10.28488826751709	-11.146487837090524	-11.714203834533691	-8.6739074139155	-5.111360549926758	0.4678104657744778	-7.930151462554932	-6.899478550826798	-11.16600513458252	-7.2751286434843765	3.124528169631958	2.471258539500293	-7.52333402633667	-8.737062576565434	0.0	0.0	0.0	0.0
13.42980670928955	1781097162.0	1781097162.899144	5	25.0	29.0	12.0	8.0	NeuronSpectrum 10.06.2026 16:02:51	EEG	checkup_151_10.06.2026 16:02:51	500.0	499.6666666666667	True	0.5	40.0	4	True	50.0	30.0	-1.7943133115768433	-0.37131940219288134	-10.160754203796387	-11.490398887983025	-11.403852462768555	-9.052288120637284	-4.124858379364014	-0.309580808905787	-7.298059463500977	-7.218871574715107	-10.270136833190918	-7.570058215741435	4.7388153076171875	4.120566223392008	-7.6533660888671875	-8.317894134291402	0.0	0.0	0.0	0.0
13.429808139801025	1781097162.0	1781097162.8991454	5	25.0	29.0	12.0	8.0	NeuronSpectrum 10.06.2026 16:02:51	EEG	checkup_151_10.06.2026 16:02:51	500.0	499.6666666666667	True	0.5	40.0	4	True	50.0	30.0	-1.1509045362472534	-0.35306981032777296	-8.447843551635742	-11.813196946560014	-9.084816932678223	-9.376029232218848	-1.3067519664764404	-1.2130640381378446	-5.174684524536133	-7.628629658705634	-7.641919136047363	-7.944839469191435	5.4701128005981445	5.597568870362904	-7.028782367706299	-7.505975772049493	0.0	0.0	0.0	0.0
13.429810047149658	1781097162.0	1781097162.8991473	5	25.0	29.0	12.0	8.0	NeuronSpectrum 10.06.2026 16:02:51	EEG	checkup_151_10.06.2026 16:02:51	500.0	499.6666666666667	True	0.5	40.0	4	True	50.0	30.0	-0.21047131717205048	-0.27473866963036897	-6.337440013885498	-12.050992979220643	-6.223344802856445	-9.599031040650214	1.3167656660079956	-2.1776406622550595	-2.8953540325164795	-8.073327020531412	-4.840474605560303	-8.344515833853794	5.266499996185303	6.981626699297626	-5.27171516418457	-6.435929897971614	0.0	0.0	0.0	0.0
13.429811477661133	1781097162.0	1781097162.8991487	5	25.0	29.0	12.0	8.0	NeuronSpectrum 10.06.2026 16:02:51	EEG	checkup_151_10.06.2026 16:02:51	500.0	499.6666666666667	True	0.5	40.0	4	True	50.0	30.0	0.5436385869979858	-0.17921964958273104	-5.3092193603515625	-12.147541466956799	-4.607544422149658	-9.69761998951467	1.6983423233032227	-3.169343936503189	-2.093118667602539	-8.493356646793737	-3.686764717102051	-8.722656675155585	5.833863258361816	8.33531621465949	-2.679682731628418	-5.302388722946624	0.0	0.0	0.0	0.0
13.429813623428345	1781097162.0	1781097162.8991508	5	25.0	29.0	12.0	8.0	NeuronSpectrum 10.06.2026 16:02:51	EEG	checkup_151_10.06.2026 16:02:51	500.0	499.6666666666667	True	0.5	40.0	4	True	50.0	30.0	0.7794162631034851	-0.10724497688491863	-6.100897789001465	-12.060860992856353	-5.198019027709961	-9.662626254766973	-0.9121096134185791	-4.167689642854465	-3.6239962577819824	-8.827420631767872	-5.104439735412598	-9.035734663803964	9.55435562133789	9.69579833635626	-0.18799956142902374	-4.314977103579327	0.0	0.0	0.0	0.0
13.42981505393982	1781097162.0	1781097162.8991523	5	25.0	29.0	12.0	8.0	NeuronSpectrum 10.06.2026 16:02:51	EEG	checkup_151_10.06.2026 16:02:51	500.0	499.6666666666667	True	0.5	40.0	4	True	50.0	30.0	0.48257413506507874	-0.08329644668060208	-8.232851028442383	-11.765808042627022	-7.5755696296691895	-9.488111306194826	-5.433882236480713	-5.145036988172804	-6.945675373077393	-9.013904985025372	-8.502741813659668	-9.236188884113789	16.588537216186523	11.073624263698575	1.1840593814849854	-3.6474764853986135	0.0	0.0	0.0	0.0
13.429816722869873	1781097162.0	1781097162.899154	5	25.0	29.0	12.0	8.0	NeuronSpectrum 10.06.2026 16:02:51	EEG	checkup_151_10.06.2026 16:02:51	500.0	499.6666666666667	True	0.5	40.0	4	True	50.0	30.0	-0.08170998841524124	-0.10736090400295244	-10.220687866210938	-11.254019518942298	-10.150372505187988	-9.162291040040591	-9.376137733459473	-6.050506485548049	-10.177539825439453	-8.993305992416538	-11.913206100463867	-9.268627069779399	22.68459129333496	12.45944644562769	1.0211271047592163	-3.3943316293201935	0.0	0.0	0.0	0.0
13.429818391799927	1781097162.0	1781097162.8991556	5	25.0	29.0	12.0	8.0	NeuronSpectrum 10.06.2026 16:02:51	EEG	checkup_151_10.06.2026 16:02:51	500.0	499.6666666666667	True	0.5	40.0	4	True	50.0	30.0	-0.5644152164459229	-0.15520704736466231	-10.254343032836914	-10.531276152800357	-10.883058547973633	-8.66280247997957	-9.914807319641113	-6.801569541858567	-10.813115119934082	-8.711398224097836	-12.7818021774292	-9.069998350037348	20.362239837646484	13.834763226987807	-0.18556520342826843	-3.546848043563502	0.0	0.0	0.0	0.0
13.42982006072998	1781097162.0	1781097162.8991573	5	25.0	29.0	12.0	8.0	NeuronSpectrum 10.06.2026 16:02:51	EEG	checkup_151_10.06.2026 16:02:51	500.0	499.6666666666667	True	0.5	40.0	4	True	50.0	30.0	-0.7511836886405945	-0.18680324239865725	-6.940281391143799	-9.611680157102256	-8.097831726074219	-7.955525485960727	-5.119743347167969	-7.283580658321823	-6.779688358306885	-8.12140874245476	-9.04146957397461	-8.572079550795102	3.9030561447143555	15.181348630298398	-1.3664367198944092	-3.9964923878184018	0.0	0.0	0.0	0.0
13.481560945510864	1781097162.0	1781097162.9508982	5	25.0	29.0	12.0	8.0	NeuronSpectrum 10.06.2026 16:02:51	EEG	checkup_151_10.06.2026 16:02:51	500.0	499.6666666666667	True	0.5	40.0	4	True	50.0	30.0	-1.2125047445297241	-0.15985023163898476	-4.192523002624512	-8.509491161957438	-5.799850940704346	-6.995898821829138	-7.863008975982666	-7.357862764250995	-3.836427927017212	-7.1848218769832	-6.771780014038086	-7.70528637843696	18.264368057250977	16.487522669946177	-3.8897905349731445	-4.56502541728373	0.0	0.0	0.0	0.0
13.481565713882446	1781097162.0	1781097162.950903	5	25.0	29.0	12.0	8.0	NeuronSpectrum 10.06.2026 16:02:51	EEG	checkup_151_10.06.2026 16:02:51	500.0	499.6666666666667	True	0.5	40.0	4	True	50.0	30.0	-1.1114283800125122	-0.04396690313998056	-2.44844651222229	-7.232110338437123	-3.908398389816284	-5.733555347456814	-7.310525894165039	-6.880116457548772	-2.46388840675354	-5.873377852494289	-5.032911777496338	-6.405472866228637	21.108169555664062	17.7534361665399	-5.664188861846924	-5.053204424585737	0.0	0.0	0.0	0.0
13.481567859649658	1781097162.0	1781097162.950905	5	25.0	29.0	12.0	8.0	NeuronSpectrum 10.06.2026 16:02:51	EEG	checkup_151_10.06.2026 16:02:51	500.0	499.6666666666667	True	0.5	40.0	4	True	50.0	30.0	-0.6003051996231079	0.16889945746647464	-1.3330234289169312	-5.778889157316708	-2.475503444671631	-4.122427445789016	-6.556605815887451	-5.7292762594345215	-1.4799988269805908	-4.1759791915349265	-3.6854307651519775	-4.6265674283314935	22.106224060058594	18.995971506275783	-6.11379861831665	-5.294039640275122	0.0	0.0	0.0	0.0
13.481571912765503	1781097162.0	1781097162.9509091	5	25.0	29.0	12.0	8.0	NeuronSpectrum 10.06.2026 16:02:51	EEG	checkup_151_10.06.2026 16:02:51	500.0	499.6666666666667	True	0.5	40.0	4	True	50.0	30.0	0.20202311873435974	0.46089711469441663	-0.2891426682472229	-4.148289437743923	-1.022361397743225	-2.136968495952192	-4.900767803192139	-3.8419005842152965	-0.09109437465667725	-2.1114146207740974	-2.111558437347412	-2.3592886095205374	21.519229888916016	20.248132786108986	-4.956851482391357	-5.195079876257349	0.0	0.0	0.0	0.0
13.481573820114136	1781097162.0	1781097162.950911	5	25.0	29.0	12.0	8.0	NeuronSpectrum 10.06.2026 16:02:51	EEG	checkup_151_10.06.2026 16:02:51	500.0	499.6666666666667	True	0.5	40.0	4	True	50.0	30.0	1.0256495475769043	0.7923171726397207	1.2689337730407715	-2.3513285656457974	1.0705294609069824	0.20877886258123768	-1.8334736824035645	-1.2421151161280337	2.3198816776275635	0.25739425451152415	0.36664849519729614	0.3489389987998017	20.566669464111328	21.546091871150566	-2.5931529998779297	-4.757779167132626	0.0	0.0	0.0	0.0
13.48157525062561	1781097162.0	1781097162.9509125	5	25.0	29.0	12.0	8.0	NeuronSpectrum 10.06.2026 16:02:51	EEG	checkup_151_10.06.2026 16:02:51	500.0	499.6666666666667	True	0.5	40.0	4	True	50.0	30.0	1.5641202926635742	1.1116287588800597	3.363388776779175	-0.42521469105644527	3.918062686920166	2.846119636875283	2.3473219871520996	1.944036854857987	5.515615940093994	2.8154924712250504	3.785679817199707	3.381595549130086	20.778749465942383	22.903590037266355	-0.010746628046035767	-4.06968121833492	0.0	0.0	0.0	0.0
13.481577157974243	1781097162.0	1781097162.9509144	5	25.0	29.0	12.0	8.0	NeuronSpectrum 10.06.2026 16:02:51	EEG	checkup_151_10.06.2026 16:02:51	500.0	499.6666666666667	True	0.5	40.0	4	True	50.0	30.0	1.6540601253509521	1.3681590468816491	5.393784046173096	1.5597728640435171	6.9532294273376465	5.648034469153234	6.562539100646973	5.496985611409856	8.446260452270508	5.401235034511213	7.379769325256348	6.5564095438381225	23.13243293762207	24.283338512146305	1.6750943660736084	-3.2741443631478795	0.0	0.0	0.0	0.0
13.481578826904297	1781097162.0	1781097162.950916	5	25.0	29.0	12.0	8.0	NeuronSpectrum 10.06.2026 16:02:51	EEG	checkup_151_10.06.2026 16:02:51	500.0	499.6666666666667	True	0.5	40.0	4	True	50.0	30.0	1.381404161453247	1.5236835615302304	6.710887432098389	3.5044111202916173	9.413969993591309	8.441075215767471	9.714286804199219	9.134550098226187	10.0880126953125	7.826700374641935	10.177388191223145	9.647576005377845	27.360349655151367	25.5802960171173	1.858933925628662	-2.5290829777092725	0.0	0.0	0.0	0.0
13.48158049583435	1781097162.0	1781097162.9509177	5	25.0	29.0	12.0	8.0	NeuronSpectrum 10.06.2026 16:02:51	EEG	checkup_151_10.06.2026 16:02:51	500.0	499.6666666666667	True	0.5	40.0	4	True	50.0	30.0	1.0257198810577393	1.5601184914287625	7.31202507019043	5.295468941533636	11.061616897583008	11.031627876276284	11.600617408752441	12.557836882952289	10.402718544006348	9.908923884831168	11.857391357421875	12.422954840002323	31.740917205810547	26.62801916813337	0.803543746471405	-1.9681506252589152	0.0	0.0	0.0	0.0
13.481582164764404	1781097162.0	1781097162.9509194	5	25.0	29.0	12.0	8.0	NeuronSpectrum 10.06.2026 16:02:51	EEG	checkup_151_10.06.2026 16:02:51	500.0	499.6666666666667	True	0.5	40.0	4	True	50.0	30.0	0.8487223386764526	1.482160290852805	8.049267768859863	6.827388260602396	12.513176918029785	13.240349240286628	13.214798927307129	15.500365741013503	10.60794734954834	11.503858290588083	13.148781776428223	14.686761757440932	33.772884368896484	27.228594440021475	-0.5662892460823059	-1.6745987827740398	0.0	0.0	0.0	0.0
13.481584072113037	1781097162.0	1781097162.9509213	5	25.0	29.0	12.0	8.0	NeuronSpectrum 10.06.2026 16:02:51	EEG	checkup_151_10.06.2026 16:02:51	500.0	499.6666666666667	True	0.5	40.0	4	True	50.0	30.0	0.9033409357070923	1.315262103334787	10.020419120788574	8.024673473485096	14.769065856933594	14.935812066786468	15.9721097946167	17.768606669360942	12.318767547607422	12.534540539879771	15.261341094970703	16.316237301409206	31.685386657714844	27.195178696884806	-1.3186432123184204	-1.6717303954536344	0.0	0.0	0.0	0.0
13.48158574104309	1781097162.0	1781097162.950923	5	25.0	29.0	12.0	8.0	NeuronSpectrum 10.06.2026 16:02:51	EEG	checkup_151_10.06.2026 16:02:51	500.0	499.6666666666667	True	0.5	40.0	4	True	50.0	30.0	1.0102336406707764	1.1001746170936362	13.457447052001953	8.85865498527828	18.131074905395508	16.05818197779695	20.214279174804688	19.265028407920248	16.01588249206543	13.006744335281411	18.619953155517578	17.282273277948434	26.034048080444336	26.39054405323974	-1.1265606880187988	-1.9276523986632026	0.0	0.0	0.0	0.0
13.481587409973145	1781097162.0	1781097162.9509246	5	25.0	29.0	12.0	8.0	NeuronSpectrum 10.06.2026 16:02:51	EEG	checkup_151_10.06.2026 16:02:51	500.0	499.6666666666667	True	0.5	40.0	4	True	50.0	30.0	0.9245485663414001	0.8853682954472625	16.96637535095215	9.352944800594596	21.34660530090332	16.625551524544804	24.130098342895508	19.988751806279737	19.987899780273438	13.007570368606686	21.866275787353516	17.64767658189739	20.31433868408203	24.748198176944733	-0.3855890929698944	-2.368562232303382	0.0	0.0	0.0	0.0
13.481590747833252	1781097162.0	1781097162.950928	5	25.0	29.0	12.0	8.0	NeuronSpectrum 10.06.2026 16:02:51	EEG	checkup_151_10.06.2026 16:02:51	500.0	499.6666666666667	True	0.5	40.0	4	True	50.0	30.0	0.5514490604400635	0.7184278179492583	17.82623291015625	9.573639402971798	21.767332077026367	16.719183630385537	24.12954330444336	20.013336956733045	20.72113037109375	12.684655508196103	22.053165435791016	17.541769454760725	19.637271881103516	22.27197806833983	0.1648896038532257	-2.89481925832795	0.0	0.0	0.0	0.0
13.481592178344727	1781097162.0	1781097162.9509294	5	25.0	29.0	12.0	8.0	NeuronSpectrum 10.06.2026 16:02:51	EEG	checkup_151_10.06.2026 16:02:51	500.0	499.6666666666667	True	0.5	40.0	4	True	50.0	30.0	0.04237774759531021	0.637462541215239	13.445466995239258	9.604361703760484	16.74150848388672	16.4498759178429	16.87111473083496	19.44705031841166	14.858991622924805	12.207646228484846	16.2642879486084	17.116529959648197	27.632801055908203	19.019377339100057	0.0333695150911808	-3.3963034936315664	0.0	0.0	0.0	0.0
13.48159408569336	1781097162.0	1781097162.9509313	5	25.0	29.0	12.0	8.0	NeuronSpectrum 10.06.2026 16:02:51	EEG	checkup_151_10.06.2026 16:02:51	500.0	499.6666666666667	True	0.5	40.0	4	True	50.0	30.0	0.2209593951702118	0.6638378991324012	4.988813877105713	9.513089111555733	8.570671081542969	15.915678384413098	9.19033145904541	18.38838869817021	5.2722344398498535	11.720604206190094	8.495469093322754	16.497163807778083	7.505874156951904	15.07889754038748	-2.1188151836395264	-3.7659492006917255	0.0	0.0	0.0	0.0
13.481597185134888	1781097162.0	1781097162.9509344	5	25.0	29.0	12.0	8.0	NeuronSpectrum 10.06.2026 16:02:51	EEG	checkup_151_10.06.2026 16:02:51	500.0	499.6666666666667	True	0.5	40.0	4	True	50.0	30.0	-0.0032748307567089796	0.7977846035600785	8.188968658447266	9.32469992660063	11.7186279296875	15.168047425435473	12.514119148254395	16.895293428233614	8.049464225769043	11.301621434580934	11.876587867736816	15.745723005729651	7.726752281188965	10.552784304493525	-1.8586289882659912	-3.911460009175827	0.0	0.0	0.0	0.0
13.48159909248352	1781097162.0	1781097162.9509363	5	25.0	29.0	12.0	8.0	NeuronSpectrum 10.06.2026 16:02:51	EEG	checkup_151_10.06.2026 16:02:51	500.0	499.6666666666667	True	0.5	40.0	4	True	50.0	30.0	0.225657120347023	1.018243014063934	12.49000358581543	9.014477118295051	15.700587272644043	14.203406203888646	16.267885208129883	14.984184412627886	12.201499938964844	10.947650354945612	15.937931060791016	14.854607409444615	8.654199600219727	5.555149160437244	-0.9217978715896606	-3.7652230785964558	0.0	0.0	0.0	0.0
13.481600999832153	1781097162.0	1781097162.9509382	5	25.0	29.0	12.0	8.0	NeuronSpectrum 10.06.2026 16:02:51	EEG	checkup_151_10.06.2026 16:02:51	500.0	499.6666666666667	True	0.5	40.0	4	True	50.0	30.0	0.8786942362785339	1.2874556967981619	15.19778823852539	8.529374742194953	17.718751907348633	12.986617281768861	17.253055572509766	12.661847530719578	15.138801574707031	10.59353745345247	17.854860305786133	13.774735666578952	7.457462787628174	0.22994472481904327	0.04524630308151245	-3.2924163423510504	0.0	0.0	0.0	0.0
13.481602430343628	1781097162.0	1781097162.9509397	5	25.0	29.0	12.0	8.0	NeuronSpectrum 10.06.2026 16:02:51	EEG	checkup_151_10.06.2026 16:02:51	500.0	499.6666666666667	True	0.5	40.0	4	True	50.0	30.0	1.6774299144744873	1.5594872422834658	14.792181968688965	7.828992105882301	16.300588607788086	11.49635546710573	14.05782413482666	9.975260692702285	15.303502082824707	10.157751451084469	16.2799015045166	12.465952773746663	2.807835817337036	-5.217863255450148	0.33975550532341003	-2.497651372054829	0.0	0.0	0.0	0.0
13.481604099273682	1781097162.0	1781097162.9509413	5	25.0	29.0	12.0	8.0	NeuronSpectrum 10.06.2026 16:02:51	EEG	checkup_151_10.06.2026 16:02:51	500.0	499.6666666666667	True	0.5	40.0	4	True	50.0	30.0	2.248955726623535	1.7904565294823747	11.852034568786621	6.926501754123691	12.194229125976562	9.770064918334644	7.97747802734375	7.053203727735166	13.102433204650879	9.593638882926234	12.16012954711914	10.945487559981837	-4.65662145614624	-10.496170633578949	-0.10836508125066757	-1.430323196372478	0.0	0.0	0.0	0.0
13.481606006622314	1781097162.0	1781097162.9509432	5	25.0	29.0	12.0	8.0	NeuronSpectrum 10.06.2026 16:02:51	EEG	checkup_151_10.06.2026 16:02:51	500.0	499.6666666666667	True	0.5	40.0	4	True	50.0	30.0	2.333387851715088	1.9474326723587922	8.406580924987793	5.909073727352728	7.623205184936523	7.925985665578955	1.9243590831756592	4.116499779811431	10.353731155395508	8.922905689236767	7.8772125244140625	9.311453182458008	-13.266013145446777	-15.226193653957429	-0.5171515345573425	-0.18721656119165325	0.0	0.0	0.0	0.0
13.481609106063843	1781097162.0	1781097162.9509463	5	25.0	29.0	12.0	8.0	NeuronSpectrum 10.06.2026 16:02:51	EEG	checkup_151_10.06.2026 16:02:51	500.0	499.6666666666667	True	0.5	40.0	4	True	50.0	30.0	1.9331512451171875	2.013245426506388	6.4110636711120605	4.9274511961455705	4.671332836151123	6.151046460913222	-1.6652077436447144	1.4486316007669169	8.863263130187988	8.237695417383172	5.523005962371826	7.731005293892957	-21.301496505737305	-18.98228839333087	0.2147863209247589	1.091506809695507	0.0	0.0	0.0	0.0
13.481610536575317	1781097162.0	1781097162.9509478	5	25.0	29.0	12.0	8.0	NeuronSpectrum 10.06.2026 16:02:51	EEG	checkup_151_10.06.2026 16:02:51	500.0	499.6666666666667	True	0.5	40.0	4	True	50.0	30.0	1.300290584564209	1.98600265535351	6.510831356048584	4.158375162167834	4.019840240478516	4.6588013123440986	-2.3476006984710693	-0.6640277100498467	9.210603713989258	7.6722304521444995	5.580165386199951	6.398646493221923	-27.09736442565918	-21.367200093832583	2.6404306888580322	2.2378119850036575	0.0	0.0	0.0	0.0
13.48161244392395	1781097162.0	1781097162.9509497	5	25.0	29.0	12.0	8.0	NeuronSpectrum 10.06.2026 16:02:51	EEG	checkup_151_10.06.2026 16:02:51	500.0	499.6666666666667	True	0.5	40.0	4	True	50.0	30.0	0.7783464193344116	1.874297541126019	7.880456924438477	3.7537902450105203	4.8259172439575195	3.6328446779953594	-1.5863851308822632	-2.002005637581198	10.535968780517578	7.356446445314902	6.854707717895508	5.4809412947535865	-28.708620071411133	-22.102305603094383	6.167318344116211	3.0851019305720278	0.0	0.0	0.0	0.0
13.481614112854004	1781097162.0	1781097162.9509513	5	25.0	29.0	12.0	8.0	NeuronSpectrum 10.06.2026 16:02:51	EEG	checkup_151_10.06.2026 16:02:51	500.0	499.6666666666667	True	0.5	40.0	4	True	50.0	30.0	0.6019381284713745	1.6908682957592582	9.003459930419922	3.7933832091368367	5.5557708740234375	3.174213730641092	-1.361478328704834	-2.470898696086818	11.283329010009766	7.368113664508431	7.495702743530273	5.065993620131326	-24.496320724487305	-21.103693278206283	9.2706880569458	3.507472033352115	0.0	0.0	0.0	0.0
13.481615781784058	1781097162.0	1781097162.950953	5	25.0	29.0	12.0	8.0	NeuronSpectrum 10.06.2026 16:02:51	EEG	checkup_151_10.06.2026 16:02:51	500.0	499.6666666666667	True	0.5	40.0	4	True	50.0	30.0	0.7722387909889221	1.4479081479095954	8.687830924987793	4.253235654007208	5.032526016235352	3.2673268176082377	-2.6167335510253906	-2.1323975161768343	10.2796630859375	7.697403996589979	6.273812294006348	5.131355049252829	-15.073481559753418	-18.51806836704925	10.378786087036133	3.4579049876350356	0.0	0.0	0.0	0.0
13.481617450714111	1781097162.0	1781097162.9509547	5	25.0	29.0	12.0	8.0	NeuronSpectrum 10.06.2026 16:02:51	EEG	checkup_151_10.06.2026 16:02:51	500.0	499.6666666666667	True	0.5	40.0	4	True	50.0	30.0	1.0829336643218994	1.1560544280742775	6.777660369873047	4.997299267835205	3.1350629329681396	3.772156587370995	-4.521332740783691	-1.201145520582476	7.586792469024658	8.232538346868095	3.41833233833313	5.537244081085866	-4.9815144538879395	-14.706291148552499	8.862987518310547	2.9904960063739163	0.0	0.0	0.0	0.0
13.481619119644165	1781097162.0	1781097162.9509563	5	25.0	29.0	12.0	8.0	NeuronSpectrum 10.06.2026 16:02:51	EEG	checkup_151_10.06.2026 16:02:51	500.0	499.6666666666667	True	0.5	40.0	4	True	50.0	30.0	1.2602324485778809	0.826910330861091	4.314440727233887	5.793562281376579	0.9381450414657593	4.444301659127389	-4.87329626083374	-0.007696409007082655	4.726386070251465	8.770422760825305	0.649857759475708	6.046661374989634	-1.7360502481460571	-10.180250570694563	5.443758487701416	2.254366259633268	0.0	0.0	0.0	0.0
13.48162055015564	1781097162.0	1781097162.9509578	5	25.0	29.0	12.0	8.0	NeuronSpectrum 10.06.2026 16:02:51	EEG	checkup_151_10.06.2026 16:02:51	500.0	499.6666666666667	True	0.5	40.0	4	True	50.0	30.0	1.1274672746658325	0.4769323875345505	3.151496171951294	6.353808237811781	0.3174627423286438	4.980380151356319	-1.3321806192398071	1.0664457283594675	4.120421409606934	9.052630785842313	0.4304843842983246	6.370461095368258	-11.435250282287598	-5.511736247871139	1.7707051038742065	1.4561006414839766	0.0	0.0	0.0	0.0
13.532537698745728	1781097162.0	1781097163.001875	5	25.0	29.0	12.0	8.0	NeuronSpectrum 10.06.2026 16:02:51	EEG	checkup_151_10.06.2026 16:02:51	500.0	499.6666666666667	True	0.5	40.0	4	True	50.0	30.0	-0.3366973400115967	0.1297682109356879	11.18557071685791	6.3926756625478545	7.333660125732422	5.082156864724363	2.544957399368286	1.6701675287810525	12.483179092407227	8.822747695038137	8.315815925598145	6.231382248101422	-1.6040940284729004	-1.2347775510400592	-2.7811245918273926	0.7999334098058678	0.0	0.0	0.0	0.0
13.532544136047363	1781097162.0	1781097163.0018814	5	25.0	29.0	12.0	8.0	NeuronSpectrum 10.06.2026 16:02:51	EEG	checkup_151_10.06.2026 16:02:51	500.0	499.6666666666667	True	0.5	40.0	4	True	50.0	30.0	-1.0744515657424927	-0.18491124136952	13.156098365783691	5.6962195069638994	9.13059139251709	4.52748415905411	5.0347371101379395	1.5633978477957384	14.157106399536133	7.894370573169164	10.038167953491211	5.434837359883694	5.3416242599487305	2.2413370649749784	-2.9983980655670166	0.4250629947804356	0.0	0.0	0.0	0.0
13.532546281814575	1781097162.0	1781097163.0018835	5	25.0	29.0	12.0	8.0	NeuronSpectrum 10.06.2026 16:02:51	EEG	checkup_151_10.06.2026 16:02:51	500.0	499.6666666666667	True	0.5	40.0	4	True	50.0	30.0	-1.4406553506851196	-0.4359657000833239	12.369729995727539	4.183668056393012	8.246933937072754	3.2309055568197973	4.662378311157227	0.677021438367717	13.072112083435059	6.212015586864668	8.844423294067383	3.928109377882312	9.288509368896484	4.6949557763776735	-0.3576870560646057	0.36241440785730655	0.0	0.0	0.0	0.0
13.532547950744629	1781097162.0	1781097163.0018852	5	25.0	29.0	12.0	8.0	NeuronSpectrum 10.06.2026 16:02:51	EEG	checkup_151_10.06.2026 16:02:51	500.0	499.6666666666667	True	0.5	40.0	4	True	50.0	30.0	-1.3008403778076172	-0.5967488024968671	8.691363334655762	1.9435054237877964	4.678520679473877	1.2759737731360576	1.3954644203186035	-0.8650311311528645	9.225615501403809	3.8851560799653937	4.821569442749023	1.8288297298602285	9.346503257751465	6.118426214157674	3.6173360347747803	0.5267829743759354	0.0	0.0	0.0	0.0
13.532549858093262	1781097162.0	1781097163.001887	5	25.0	29.0	12.0	8.0	NeuronSpectrum 10.06.2026 16:02:51	EEG	checkup_151_10.06.2026 16:02:51	500.0	499.6666666666667	True	0.5	40.0	4	True	50.0	30.0	-0.818605899810791	-0.6500104077674447	3.5170793533325195	-0.7695243426288454	-0.07647726684808731	-1.0919059441507641	-3.1426241397857666	-2.7688459063362405	4.073446273803711	1.1822671447601654	-0.3175241947174072	-0.5884671730141406	6.772381782531738	6.698816458413552	6.857259750366211	0.7468694653750346	0.0	0.0	0.0	0.0
13.532551765441895	1781097162.0	1781097163.001889	5	25.0	29.0	12.0	8.0	NeuronSpectrum 10.06.2026 16:02:51	EEG	checkup_151_10.06.2026 16:02:51	500.0	499.6666666666667	True	0.5	40.0	4	True	50.0	30.0	-0.3574950695037842	-0.5902654603947867	-1.2823870182037354	-3.5777326148023367	-4.129487037658691	-3.510948737765259	-6.898019790649414	-4.632720693966303	-0.5713768005371094	-1.515165788137186	-4.501763343811035	-2.9450287618815953	4.248794078826904	6.754323773500573	7.8370466232299805	0.8212655224758504	0.0	0.0	0.0	0.0
13.532553434371948	1781097162.0	1781097163.0018907	5	25.0	29.0	12.0	8.0	NeuronSpectrum 10.06.2026 16:02:51	EEG	checkup_151_10.06.2026 16:02:51	500.0	499.6666666666667	True	0.5	40.0	4	True	50.0	30.0	-0.23555585741996765	-0.42375988257530006	-4.636597156524658	-6.052486781063088	-6.516714096069336	-5.5737012508168	-8.8121919631958	-6.0311366783008316	-3.781989097595215	-3.7858015293584897	-6.751951694488525	-4.83431735463059	4.116227626800537	6.642279546694074	6.237655162811279	0.5795953059886587	0.0	0.0	0.0	0.0
13.532555103302002	1781097162.0	1781097163.0018923	5	25.0	29.0	12.0	8.0	NeuronSpectrum 10.06.2026 16:02:51	EEG	checkup_151_10.06.2026 16:02:51	500.0	499.6666666666667	True	0.5	40.0	4	True	50.0	30.0	-0.48529091477394104	-0.16722166825461277	-6.660044193267822	-7.795547365249468	-7.586649417877197	-6.9038793423544575	-9.213408470153809	-6.5984532458806475	-5.784728050231934	-5.248893751420836	-7.54765510559082	-5.900939026530036	6.778266429901123	6.665116354986062	2.9183857440948486	-0.07164580335249214	0.0	0.0	0.0	0.0
13.532557010650635	1781097162.0	1781097163.0018942	5	25.0	29.0	12.0	8.0	NeuronSpectrum 10.06.2026 16:02:51	EEG	checkup_151_10.06.2026 16:02:51	500.0	499.6666666666667	True	0.5	40.0	4	True	50.0	30.0	-0.809201180934906	0.15353168623822125	-7.88494873046875	-8.510025384014556	-8.157896041870117	-7.221580318693334	-8.881115913391113	-6.093282453972246	-7.060998916625977	-5.632681867389814	-7.833581447601318	-5.903374202179953	10.368868827819824	7.0006577475823715	-0.7160208821296692	-1.130588282834477	0.0	0.0	0.0	0.0
13.53255844116211	1781097162.0	1781097163.0018957	5	25.0	29.0	12.0	8.0	NeuronSpectrum 10.06.2026 16:02:51	EEG	checkup_151_10.06.2026 16:02:51	500.0	499.6666666666667	True	0.5	40.0	4	True	50.0	30.0	-0.7835404872894287	0.5051008215252354	-8.119933128356934	-8.046589270092378	-8.23154354095459	-6.3854570353147695	-7.7208380699157715	-4.432611591433913	-7.175859451293945	-4.817200834401763	-7.596159934997559	-4.749619674042997	12.097383499145508	7.672746084651091	-3.4687938690185547	-2.509035060715954	0.0	0.0	0.0	0.0
13.532560348510742	1781097162.0	1781097163.0018976	5	25.0	29.0	12.0	8.0	NeuronSpectrum 10.06.2026 16:02:51	EEG	checkup_151_10.06.2026 16:02:51	500.0	499.6666666666667	True	0.5	40.0	4	True	50.0	30.0	-0.17786549031734467	0.8491413725350222	-6.189671039581299	-6.418317557213889	-6.585799694061279	-4.407885734931696	-4.495854377746582	-1.6939009623478263	-4.690161228179932	-2.8457229943725064	-5.509251594543457	-2.503400447429295	10.484482765197754	8.56353756098161	-4.807682037353516	-4.059638114549034	0.0	0.0	0.0	0.0
13.532561779022217	1781097162.0	1781097163.001899	5	25.0	29.0	12.0	8.0	NeuronSpectrum 10.06.2026 16:02:51	EEG	checkup_151_10.06.2026 16:02:51	500.0	499.6666666666667	True	0.5	40.0	4	True	50.0	30.0	0.8406546711921692	1.1472319315908959	-1.0966306924819946	-3.785196234929858	-1.922439455986023	-1.445074182809202	1.7692785263061523	1.9093078886213175	1.3865330219268799	0.09363614954755423	-0.2732035219669342	0.6350129520990879	6.933324813842773	9.457225332730145	-4.8631134033203125	-5.608078890847855	0.0	0.0	0.0	0.0
13.532565355300903	1781097162.0	1781097163.0019026	5	25.0	29.0	12.0	8.0	NeuronSpectrum 10.06.2026 16:02:51	EEG	checkup_151_10.06.2026 16:02:51	500.0	499.6666666666667	True	0.5	40.0	4	True	50.0	30.0	1.793035626411438	1.3679195918576026	6.296696186065674	-0.41561954351457586	5.28820276260376	2.2320193981803653	9.833412170410156	6.068180169459341	9.716729164123535	3.708465194176227	7.382147312164307	4.365542470856727	5.524979591369629	10.10037371803119	-4.138727188110352	-6.979824407810306	0.0	0.0	0.0	0.0
13.532567501068115	1781097162.0	1781097163.0019047	5	25.0	29.0	12.0	8.0	NeuronSpectrum 10.06.2026 16:02:51	EEG	checkup_151_10.06.2026 16:02:51	500.0	499.6666666666667	True	0.5	40.0	4	True	50.0	30.0	2.201202154159546	1.4941313588016818	12.662513732910156	3.363273717544506	11.94240951538086	6.277734538831825	15.645648002624512	10.424033815658676	16.1473331451416	7.652717607407335	13.900290489196777	8.33293953307652	10.85390567779541	10.264768045659144	-3.1860029697418213	-8.0176467763476	0.0	0.0	0.0	0.0
13.53256893157959	1781097162.0	1781097163.0019062	5	25.0	29.0	12.0	8.0	NeuronSpectrum 10.06.2026 16:02:51	EEG	checkup_151_10.06.2026 16:02:51	500.0	499.6666666666667	True	0.5	40.0	4	True	50.0	30.0	1.9111566543579102	1.5279607446524435	13.660018920898438	7.213498144952958	13.576892852783203	10.314221210096717	14.250779151916504	14.608767283899885	15.629233360290527	11.574658639085703	14.48598861694336	12.170215861886957	24.901931762695312	9.800411709293163	-2.40586256980896	-8.592695404690758	0.0	0.0	0.0	0.0
13.532570838928223	1781097162.0	1781097163.001908	5	25.0	29.0	12.0	8.0	NeuronSpectrum 10.06.2026 16:02:51	EEG	checkup_151_10.06.2026 16:02:51	500.0	499.6666666666667	True	0.5	40.0	4	True	50.0	30.0	1.3418433666229248	1.4901777575704205	8.47825813293457	10.823314837879263	7.911375999450684	13.970910506648222	9.960885047912598	18.27684697662123	11.028114318847656	15.153760888890123	8.778779983520508	15.535715320745833	3.3885862827301025	8.667792910882612	-5.724405765533447	-8.61496587361392	0.0	0.0	0.0	0.0
13.532572269439697	1781097162.0	1781097163.0019095	5	25.0	29.0	12.0	8.0	NeuronSpectrum 10.06.2026 16:02:51	EEG	checkup_151_10.06.2026 16:02:51	500.0	499.6666666666667	True	0.5	40.0	4	True	50.0	30.0	0.4744868278503418	1.41373076854015	14.030009269714355	13.932282896500121	14.396015167236328	16.92092712109204	16.89891815185547	21.133210125775168	16.883684158325195	18.126378158781886	15.128862380981445	18.144854644177357	4.205464839935303	6.943244376225238	-7.273108959197998	-8.04697173605456	0.0	0.0	0.0	0.0
13.532575607299805	1781097162.0	1781097163.0019128	5	25.0	29.0	12.0	8.0	NeuronSpectrum 10.06.2026 16:02:51	EEG	checkup_151_10.06.2026 16:02:51	500.0	499.6666666666667	True	0.5	40.0	4	True	50.0	30.0	-0.23661355674266815	1.3331480465561107	19.600095748901367	16.349560695052315	20.606327056884766	18.917907385566988	23.665300369262695	22.964512123762397	22.38174057006836	20.305982095406417	20.98633575439453	19.801075986795226	5.674988746643066	4.8007909212106785	-7.612411975860596	-6.918716020416283	0.0	0.0	0.0	0.0
13.532577514648438	1781097162.0	1781097163.0019147	5	25.0	29.0	12.0	8.0	NeuronSpectrum 10.06.2026 16:02:51	EEG	checkup_151_10.06.2026 16:02:51	500.0	499.6666666666667	True	0.5	40.0	4	True	50.0	30.0	-0.45418864488601685	1.27381059167435	23.36525535583496	17.970466372522708	24.2574520111084	19.833414782330465	27.609731674194336	23.67502297927893	25.601593017578125	21.60208440126465	24.13036346435547	20.426767803683997	6.415366172790527	2.482256057228807	-6.05081844329834	-5.336605247093843	0.0	0.0	0.0	0.0
13.532578945159912	1781097162.0	1781097163.0019162	5	25.0	29.0	12.0	8.0	NeuronSpectrum 10.06.2026 16:02:51	EEG	checkup_151_10.06.2026 16:02:51	500.0	499.6666666666667	True	0.5	40.0	4	True	50.0	30.0	-0.013872585259377956	1.2454801706585967	24.209728240966797	18.78953343226507	24.041261672973633	19.68642163207973	27.1910400390625	23.316657618479507	25.57769203186035	22.03414561527232	23.41099739074707	20.085765178745365	5.54456901550293	0.2667874729606502	-2.7423205375671387	-3.4777667721790984	0.0	0.0	0.0	0.0
13.532580614089966	1781097162.0	1781097163.0019178	5	25.0	29.0	12.0	8.0	NeuronSpectrum 10.06.2026 16:02:51	EEG	checkup_151_10.06.2026 16:02:51	500.0	499.6666666666667	True	0.5	40.0	4	True	50.0	30.0	0.9507042169570923	1.242856632871769	22.384166717529297	18.901859371470522	20.385318756103516	18.650043254613905	22.92290687561035	22.095139891114837	22.89729118347168	21.73064921045635	19.438833236694336	18.98297578950595	2.8763184547424316	-1.5576134581773573	1.3201066255569458	-1.5656140229613276	0.0	0.0	0.0	0.0
13.53258228302002	1781097162.0	1781097163.0019195	5	25.0	29.0	12.0	8.0	NeuronSpectrum 10.06.2026 16:02:51	EEG	checkup_151_10.06.2026 16:02:51	500.0	499.6666666666667	True	0.5	40.0	4	True	50.0	30.0	1.9872852563858032	1.2528561082013177	19.3453369140625	18.485142602547544	15.198122024536133	17.02403449517043	17.08747673034668	20.33878504197632	19.364683151245117	20.9056975799863	14.275675773620605	17.430757511916617	-1.2726882696151733	-2.7255698187767736	4.759495735168457	0.16974521533694378	0.0	0.0	0.0	0.0
13.532583951950073	1781097162.0	1781097163.0019212	5	25.0	29.0	12.0	8.0	NeuronSpectrum 10.06.2026 16:02:51	EEG	checkup_151_10.06.2026 16:02:51	500.0	499.6666666666667	True	0.5	40.0	4	True	50.0	30.0	2.5087342262268066	1.2650839483621317	16.99268341064453	17.762849695272575	10.886360168457031	15.174182821895986	12.498312950134277	18.431457720652826	17.03908348083496	19.815302592008493	10.403239250183105	15.784956837575514	-5.963496208190918	-3.0334712673726747	6.526935577392578	1.5356378999541975	0.0	0.0	0.0	0.0
13.532585859298706	1781097162.0	1781097163.001923	5	25.0	29.0	12.0	8.0	NeuronSpectrum 10.06.2026 16:02:51	EEG	checkup_151_10.06.2026 16:02:51	500.0	499.6666666666667	True	0.5	40.0	4	True	50.0	30.0	2.1502673625946045	1.280215298421272	16.709012985229492	16.958913960695583	9.190912246704102	13.454468434991895	11.022305488586426	16.728115118913795	17.15787124633789	18.706307118090876	9.4965181350708	14.368161707768916	-9.231306076049805	-2.382984478465611	6.420800685882568	2.4121842160514024	0.0	0.0	0.0	0.0
13.53258728981018	1781097162.0	1781097163.0019245	5	25.0	29.0	12.0	8.0	NeuronSpectrum 10.06.2026 16:02:51	EEG	checkup_151_10.06.2026 16:02:51	500.0	499.6666666666667	True	0.5	40.0	4	True	50.0	30.0	1.0673032999038696	1.3117493096775332	18.690343856811523	16.259462752801458	10.434836387634277	12.136191097293255	12.710240364074707	15.480256502880437	19.516878128051758	17.775345396488596	11.641212463378906	13.404972433495505	-8.250033378601074	-0.8159286528151514	5.108927249908447	2.768550930285242	0.0	0.0	0.0	0.0
13.532589197158813	1781097162.0	1781097163.0019264	5	25.0	29.0	12.0	8.0	NeuronSpectrum 10.06.2026 16:02:51	EEG	checkup_151_10.06.2026 16:02:51	500.0	499.6666666666667	True	0.5	40.0	4	True	50.0	30.0	-0.09762664884328842	1.3797316090781508	21.789207458496094	15.79376968364905	13.424460411071777	11.3655523969148	15.90527057647705	14.79474967983901	22.539567947387695	17.150346462331715	15.302987098693848	12.989651666282267	-0.9987921714782715	1.4766288176493858	3.6466641426086426	2.6568735587012746	0.0	0.0	0.0	0.0
13.532590866088867	1781097162.0	1781097163.001928	5	25.0	29.0	12.0	8.0	NeuronSpectrum 10.06.2026 16:02:51	EEG	checkup_151_10.06.2026 16:02:51	500.0	499.6666666666667	True	0.5	40.0	4	True	50.0	30.0	-0.6121399998664856	1.499111248736773	23.97646713256836	15.63657215990049	16.03496551513672	11.158913960527643	18.24984359741211	14.635192566500269	24.040424346923828	16.895480237360843	18.09108543395996	13.09263064868855	11.095165252685547	4.181996337558225	2.817889451980591	2.188388788882633	0.0	0.0	0.0	0.0
13.532592535018921	1781097162.0	1781097163.0019298	5	25.0	29.0	12.0	8.0	NeuronSpectrum 10.06.2026 16:02:51	EEG	checkup_151_10.06.2026 16:02:51	500.0	499.6666666666667	True	0.5	40.0	4	True	50.0	30.0	-0.17129682004451752	1.6683426148933935	23.417200088500977	15.822872666251076	16.368633270263672	11.429579114568114	18.160036087036133	14.857827189116728	22.507366180419922	17.028851508518247	18.125450134277344	13.596299520422525	21.819917678833008	6.925900646592824	2.7408182621002197	1.5012439987660635	0.0	0.0	0.0	0.0
13.532594203948975	1781097162.0	1781097163.0019314	5	25.0	29.0	12.0	8.0	NeuronSpectrum 10.06.2026 16:02:51	EEG	checkup_151_10.06.2026 16:02:51	500.0	499.6666666666667	True	0.5	40.0	4	True	50.0	30.0	0.8741343021392822	1.864078889074258	19.712247848510742	16.360940753172176	13.989651679992676	12.029240420358942	15.9778413772583	15.262560703606606	18.277620315551758	17.5374574939366	15.336169242858887	14.340490450627064	22.295106887817383	9.344716502053942	2.973684310913086	0.729846778673038	0.0	0.0	0.0	0.0
13.532595872879028	1781097162.0	1781097163.001933	5	25.0	29.0	12.0	8.0	NeuronSpectrum 10.06.2026 16:02:51	EEG	checkup_151_10.06.2026 16:02:51	500.0	499.6666666666667	True	0.5	40.0	4	True	50.0	30.0	1.7591594457626343	2.0451579222269336	14.552873611450195	17.232850845212315	10.517101287841797	12.786060208168793	14.035481452941895	15.638713431933192	13.812405586242676	18.378743619141275	11.868199348449707	15.158702278188978	6.494725227355957	11.144241219936807	2.9541754722595215	-0.01769311813218029	0.0	0.0	0.0	0.0
13.583467245101929	1781097162.0	1781097163.0528045	5	25.0	29.0	12.0	8.0	NeuronSpectrum 10.06.2026 16:02:51	EEG	checkup_151_10.06.2026 16:02:51	500.0	499.6666666666667	True	0.5	40.0	4	True	50.0	30.0	3.1364903450012207	2.1648714548637926	16.990568161010742	18.38236310029155	9.327406883239746	13.529105996338954	8.943903923034668	15.793795604100078	15.36902904510498	19.46949467501442	9.935262680053711	15.89606251950203	3.4259958267211914	12.129874589662377	1.326665997505188	-0.671945911451522	0.0	0.0	0.0	0.0
13.583473920822144	1781097162.0	1781097163.0528111	5	25.0	29.0	12.0	8.0	NeuronSpectrum 10.06.2026 16:02:51	EEG	checkup_151_10.06.2026 16:02:51	500.0	499.6666666666667	True	0.5	40.0	4	True	50.0	30.0	3.0939583778381348	2.1867687430262506	17.692060470581055	19.700685328085985	9.500287055969238	14.100123458044566	8.616390228271484	15.566321039629603	16.408954620361328	20.67374612670614	9.954082489013672	16.412993398124	4.866283416748047	12.212470282032635	0.22067371010780334	-1.2053732429652102	0.0	0.0	0.0	0.0
13.583476305007935	1781097162.0	1781097163.0528135	5	25.0	29.0	12.0	8.0	NeuronSpectrum 10.06.2026 16:02:51	EEG	checkup_151_10.06.2026 16:02:51	500.0	499.6666666666667	True	0.5	40.0	4	True	50.0	30.0	2.4328458309173584	2.0976771371376333	20.812864303588867	21.025058575242106	11.790772438049316	14.361632616630875	10.931053161621094	14.833190179528858	20.0551700592041	21.805383116014422	12.72258472442627	16.587121101421673	8.806713104248047	11.407165631268134	-0.27820059657096863	-1.6281428720002555	0.0	0.0	0.0	0.0
13.583478212356567	1781097162.0	1781097163.0528154	5	25.0	29.0	12.0	8.0	NeuronSpectrum 10.06.2026 16:02:51	EEG	checkup_151_10.06.2026 16:02:51	500.0	499.6666666666667	True	0.5	40.0	4	True	50.0	30.0	1.5431686639785767	1.9128418701192764	25.47422218322754	22.160863701495536	15.094982147216797	14.210952128792716	14.198811531066895	13.523229473904092	25.11520767211914	22.655970921549255	16.91696548461914	16.32566604368759	12.934922218322754	9.83919281211234	-0.0784841775894165	-1.9777581567109277	0.0	0.0	0.0	0.0
13.583479881286621	1781097162.0	1781097163.052817	5	25.0	29.0	12.0	8.0	NeuronSpectrum 10.06.2026 16:02:51	EEG	checkup_151_10.06.2026 16:02:51	500.0	499.6666666666667	True	0.5	40.0	4	True	50.0	30.0	0.7482641935348511	1.6713931555437684	30.041013717651367	22.927458975353193	17.815929412841797	13.603371867327978	16.194974899291992	11.640612828216447	29.693994522094727	23.04670814324233	20.442155838012695	15.591907506214662	14.633613586425781	7.755191065664818	0.4408581256866455	-2.303543245648461	0.0	0.0	0.0	0.0
13.583481788635254	1781097163.0	1781097163.052819	5	25.0	29.0	12.0	8.0	NeuronSpectrum 10.06.2026 16:02:51	EEG	checkup_151_10.06.2026 16:02:51	500.0	499.6666666666667	True	0.5	40.0	4	True	50.0	30.0	0.20482996106147766	1.4241143265887437	32.71623611450195	23.21596853855329	18.591880798339844	12.578332489843216	15.320290565490723	9.29009864203614	31.880084991455078	22.890391983733704	21.419654846191406	14.437251843626827	12.776849746704102	5.524052313164879	0.7391492128372192	-2.6480929847078927	0.0	0.0	0.0	0.0
13.583483457565308	1781097163.0	1781097163.0528207	5	25.0	29.0	12.0	8.0	NeuronSpectrum 10.06.2026 16:02:51	EEG	checkup_151_10.06.2026 16:02:51	500.0	499.6666666666667	True	0.5	40.0	4	True	50.0	30.0	-0.037374336272478104	1.2180743000817633	32.19297409057617	23.038795192372074	16.721494674682617	11.275461104679753	11.16583251953125	6.6877973831992605	30.401561737060547	22.24064453143194	18.9095516204834	13.021698349154681	8.404339790344238	3.608431563571388	0.47018033266067505	-3.0295034873516973	0.0	0.0	0.0	0.0
13.58348536491394	1781097163.0	1781097163.0528226	5	25.0	29.0	12.0	8.0	NeuronSpectrum 10.06.2026 16:02:51	EEG	checkup_151_10.06.2026 16:02:51	500.0	499.6666666666667	True	0.5	40.0	4	True	50.0	30.0	0.025114936754107475	1.0832772064115583	28.34143829345703	22.54983301306409	12.375938415527344	9.926790550545507	4.5112385749816895	4.142000768006918	25.290016174316406	21.305870147974982	13.309476852416992	11.605356955893736	3.8844168186187744	2.49838113486785	-0.3515665829181671	-3.429205056128318	0.0	0.0	0.0	0.0
13.583486795425415	1781097163.0	1781097163.052824	5	25.0	29.0	12.0	8.0	NeuronSpectrum 10.06.2026 16:02:51	EEG	checkup_151_10.06.2026 16:02:51	500.0	499.6666666666667	True	0.5	40.0	4	True	50.0	30.0	0.3317399322986603	1.0252333909166025	22.66029167175293	22.02267445190521	6.744582176208496	8.81855773616119	-2.885341167449951	1.9989518513235036	18.333415985107422	20.41576075160725	6.442303657531738	10.503263760606895	1.2531179189682007	2.61595487890917	-1.4291045665740967	-3.789525846417665	0.0	0.0	0.0	0.0
13.583488702774048	1781097163.0	1781097163.052826	5	25.0	29.0	12.0	8.0	NeuronSpectrum 10.06.2026 16:02:51	EEG	checkup_151_10.06.2026 16:02:51	500.0	499.6666666666667	True	0.5	40.0	4	True	50.0	30.0	0.7165970206260681	1.0250580863640617	18.043468475341797	21.788967206965975	2.007699728012085	8.22809862084155	-8.549742698669434	0.5638735045736625	12.838725090026855	19.9453307289188	1.222011923789978	10.011305626729525	1.1430290937423706	4.214929706563896	-2.344882011413574	-4.022690010052354	0.0	0.0	0.0	0.0
13.583490133285522	1781097163.0	1781097163.0528274	5	25.0	29.0	12.0	8.0	NeuronSpectrum 10.06.2026 16:02:51	EEG	checkup_151_10.06.2026 16:02:51	500.0	499.6666666666667	True	0.5	40.0	4	True	50.0	30.0	0.9485549330711365	1.0463154210118717	17.4743709564209	22.1543774703437	0.6867554783821106	8.353266795262751	-9.956293106079102	0.020906202930451555	12.20035457611084	20.21836661282309	0.5563669800758362	10.325470946149757	3.0857198238372803	7.305957339634014	-2.7276618480682373	-4.02967095326669	0.0	0.0	0.0	0.0
13.583492040634155	1781097163.0	1781097163.0528293	5	25.0	29.0	12.0	8.0	NeuronSpectrum 10.06.2026 16:02:51	EEG	checkup_151_10.06.2026 16:02:51	500.0	499.6666666666667	True	0.5	40.0	4	True	50.0	30.0	0.8749718070030212	1.0461329233748111	21.972518920898438	23.31845531970864	4.168925762176514	9.257696223281991	-5.91684627532959	0.38008529327009255	17.592958450317383	21.42105569819213	5.566989421844482	11.482637623192387	6.705748081207275	11.632436454053812	-2.387631893157959	-3.724422696039253	0.0	0.0	0.0	0.0
13.58349347114563	1781097163.0	1781097163.0528307	5	25.0	29.0	12.0	8.0	NeuronSpectrum 10.06.2026 16:02:51	EEG	checkup_151_10.06.2026 16:02:51	500.0	499.6666666666667	True	0.5	40.0	4	True	50.0	30.0	0.538421094417572	0.9875073404021304	29.135709762573242	25.32306339121337	11.198692321777344	10.851589487602485	1.9638750553131104	1.472006281186938	26.270132064819336	23.553082651413536	14.138484954833984	13.345042261963469	12.713420867919922	16.708758640027245	-1.4195481538772583	-3.0574902364666765	0.0	0.0	0.0	0.0
13.583495378494263	1781097163.0	1781097163.0528326	5	25.0	29.0	12.0	8.0	NeuronSpectrum 10.06.2026 16:02:51	EEG	checkup_151_10.06.2026 16:02:51	500.0	499.6666666666667	True	0.5	40.0	4	True	50.0	30.0	0.16619810461997986	0.8501010127820305	33.663700103759766	28.04330845841014	17.63872528076172	12.91554299875908	9.074936866760254	2.993929045607829	32.09470748901367	26.429588081292867	21.120765686035156	15.634789856124714	22.61567497253418	21.915044218156016	-0.23051027953624725	-2.033208374862209	0.0	0.0	0.0	0.0
13.583496809005737	1781097163.0	1781097163.052834	5	25.0	29.0	12.0	8.0	NeuronSpectrum 10.06.2026 16:02:51	EEG	checkup_151_10.06.2026 16:02:51	500.0	499.6666666666667	True	0.5	40.0	4	True	50.0	30.0	0.005303270649164915	0.6376717096285247	30.129501342773438	31.22102298281981	18.297683715820312	15.159761010169394	9.77368450164795	4.592390204079653	28.70022964477539	29.730341284519092	20.757946014404297	18.006821677938866	37.034156799316406	26.625845169098223	0.6064433455467224	-0.7163746244289315	0.0	0.0	0.0	0.0
13.583498477935791	1781097163.0	1781097163.0528357	5	25.0	29.0	12.0	8.0	NeuronSpectrum 10.06.2026 16:02:51	EEG	checkup_151_10.06.2026 16:02:51	500.0	499.6666666666667	True	0.5	40.0	4	True	50.0	30.0	0.3652438521385193	0.3809708977983969	42.49749755859375	34.529769161183324	20.491214752197266	17.29986646743785	5.956174850463867	5.955787385964559	39.6208610534668	33.07982570498238	22.9797420501709	20.137034552453287	36.57112503051758	30.339270942725594	4.944465160369873	0.7731363912431529	0.0	0.0	0.0	0.0
13.583500146865845	1781097163.0	1781097163.0528374	5	25.0	29.0	12.0	8.0	NeuronSpectrum 10.06.2026 16:02:51	EEG	checkup_151_10.06.2026 16:02:51	500.0	499.6666666666667	True	0.5	40.0	4	True	50.0	30.0	0.6567600965499878	0.13520362143921136	45.701751708984375	37.653956384141466	22.548059463500977	19.127383437446575	7.384222030639648	6.890416241369109	42.600929260253906	36.1363016002298	24.518726348876953	21.800555450467925	37.6286735534668	32.77220185274619	5.092294692993164	2.2765063346355747	0.0	0.0	0.0	0.0
13.58350157737732	1781097163.0	1781097163.0528388	5	25.0	29.0	12.0	8.0	NeuronSpectrum 10.06.2026 16:02:51	EEG	checkup_151_10.06.2026 16:02:51	500.0	499.6666666666667	True	0.5	40.0	4	True	50.0	30.0	0.31476926803588867	-0.028701548992417062	46.324954986572266	40.36180022180039	22.34116554260254	20.556916240597957	6.920259952545166	7.362471117698766	42.67469787597656	38.66750064030308	23.7930908203125	22.921242300078326	35.9932975769043	33.898524921594024	5.257848739624023	3.619267195561464	0.0	0.0	0.0	0.0
13.583503484725952	1781097163.0	1781097163.0528407	5	25.0	29.0	12.0	8.0	NeuronSpectrum 10.06.2026 16:02:51	EEG	checkup_151_10.06.2026 16:02:51	500.0	499.6666666666667	True	0.5	40.0	4	True	50.0	30.0	-0.627750039100647	-0.03895990307801496	45.67412567138672	42.55272055786886	21.028968811035156	21.639662614355615	5.363072872161865	7.499933499674294	41.29918670654297	40.59414736500914	22.027713775634766	23.582629002591947	33.465972900390625	33.926342792537305	6.05120325088501	4.637268544986621	0.0	0.0	0.0	0.0
13.583504915237427	1781097163.0	1781097163.0528421	5	25.0	29.0	12.0	8.0	NeuronSpectrum 10.06.2026 16:02:51	EEG	checkup_151_10.06.2026 16:02:51	500.0	499.6666666666667	True	0.5	40.0	4	True	50.0	30.0	-1.5826102495193481	0.15803994274552827	45.1216926574707	44.26628049147582	20.047277450561523	22.541589830294114	3.9982283115386963	7.55742157118153	40.098243713378906	41.99075757522431	20.613004684448242	23.999852534177336	31.857776641845703	33.22795181259828	7.332154750823975	5.201258499891744	0.0	0.0	0.0	0.0
13.58350682258606	1781097163.0	1781097163.052844	5	25.0	29.0	12.0	8.0	NeuronSpectrum 10.06.2026 16:02:51	EEG	checkup_151_10.06.2026 16:02:51	500.0	499.6666666666667	True	0.5	40.0	4	True	50.0	30.0	-1.7753338813781738	0.5790412316310753	45.25016403198242	45.65131861530776	20.21258544921875	23.493043869173903	3.802220344543457	7.853461836573566	39.911128997802734	43.045352390717966	20.310548782348633	24.46063266267795	31.596424102783203	32.245789910430254	8.27527141571045	5.236714102821745	0.0	0.0	0.0	0.0
13.583519697189331	1781097163.0	1781097163.052857	5	25.0	29.0	12.0	8.0	NeuronSpectrum 10.06.2026 16:02:51	EEG	checkup_151_10.06.2026 16:02:51	500.0	499.6666666666667	True	0.5	40.0	4	True	50.0	30.0	-0.7961392402648926	1.1916949764739115	45.91815948486328	46.90621463199267	21.517242431640625	24.723324712694268	5.022784233093262	8.694165986009999	40.73214340209961	43.99180593397086	21.149099349975586	25.250142446017133	31.425304412841797	31.397198666996655	8.062726974487305	4.735768301200978	0.0	0.0	0.0	0.0
13.583521366119385	1781097163.0	1781097163.0528586	5	25.0	29.0	12.0	8.0	NeuronSpectrum 10.06.2026 16:02:51	EEG	checkup_151_10.06.2026 16:02:51	500.0	499.6666666666667	True	0.5	40.0	4	True	50.0	30.0	1.0816103219985962	1.914202968412	47.103885650634766	48.20958115913606	23.72724151611328	26.397176304045164	7.456247806549072	10.299700592320615	42.448490142822266	45.03600625381481	23.02136993408203	26.57814966969276	29.876598358154297	30.994541053600624	6.573477268218994	3.7584017568832753	0.0	0.0	0.0	0.0
13.583523273468018	1781097163.0	1781097163.0528605	5	25.0	29.0	12.0	8.0	NeuronSpectrum 10.06.2026 16:02:51	EEG	checkup_151_10.06.2026 16:02:51	500.0	499.6666666666667	True	0.5	40.0	4	True	50.0	30.0	3.050217866897583	2.6287712289998937	49.4815559387207	49.66270459375031	27.005878448486328	28.569241154629037	10.95323371887207	12.749256021590114	45.402313232421875	46.29760274552346	26.1966552734375	28.526076457057233	27.390703201293945	31.19039342223049	4.436908721923828	2.4216205403660602	0.0	0.0	0.0	0.0
13.583524942398071	1781097163.0	1781097163.0528622	5	25.0	29.0	12.0	8.0	NeuronSpectrum 10.06.2026 16:02:51	EEG	checkup_151_10.06.2026 16:02:51	500.0	499.6666666666667	True	0.5	40.0	4	True	50.0	30.0	4.267352104187012	3.2059433370360035	53.83811569213867	51.26048246172851	31.705726623535156	31.167458221051298	15.46120834350586	15.956113923806976	49.94401931762695	47.78298444220504	30.993494033813477	31.02648299909269	26.855268478393555	31.95353202863222	2.4625394344329834	0.8782667854968541	0.0	0.0	0.0	0.0
13.583526849746704	1781097163.0	1781097163.052864	5	25.0	29.0	12.0	8.0	NeuronSpectrum 10.06.2026 16:02:51	EEG	checkup_151_10.06.2026 16:02:51	500.0	499.6666666666667	True	0.5	40.0	4	True	50.0	30.0	4.342808246612549	3.5328594684756505	59.66109848022461	52.897596536625784	37.39704895019531	34.00821138253688	20.529115676879883	19.67758571556069	55.29120635986328	49.39414265639511	36.81547546386719	33.87877157812353	31.339168548583984	33.07938488239225	0.971668541431427	-0.7097942167189829	0.0	0.0	0.0	0.0
13.583528518676758	1781097163.0	1781097163.0528657	5	25.0	29.0	12.0	8.0	NeuronSpectrum 10.06.2026 16:02:51	EEG	checkup_151_10.06.2026 16:02:51	500.0	499.6666666666667	True	0.5	40.0	4	True	50.0	30.0	3.488083839416504	3.5372328082329476	64.23174285888672	54.40414381500961	42.10734939575195	36.8368358690826	24.86870002746582	23.55665945332052	58.885826110839844	50.965687864550425	41.529666900634766	36.79472967397741	40.2307014465332	34.23473961299501	-0.3312230408191681	-2.197673933036842	0.0	0.0	0.0	0.0
13.583530187606812	1781097163.0	1781097163.0528674	5	25.0	29.0	12.0	8.0	NeuronSpectrum 10.06.2026 16:02:51	EEG	checkup_151_10.06.2026 16:02:51	500.0	499.6666666666667	True	0.5	40.0	4	True	50.0	30.0	2.2772181034088135	3.200804744595585	63.61687088012695	55.59483521803761	42.9688835144043	39.38006750120446	26.839317321777344	27.1854269610165	57.46411895751953	52.313380381311106	42.303260803222656	39.45939435800688	47.230072021484375	35.02862274676071	-1.8429304361343384	-3.476668502911121	0.0	0.0	0.0	0.0
13.583531856536865	1781097163.0	1781097163.052869	5	25.0	29.0	12.0	8.0	NeuronSpectrum 10.06.2026 16:02:51	EEG	checkup_151_10.06.2026 16:02:51	500.0	499.6666666666667	True	0.5	40.0	4	True	50.0	30.0	1.2380338907241821	2.5600487797960176	55.32977294921875	56.31349089744764	38.21739959716797	41.39558450982706	25.77577781677246	30.176985647431703	49.46845626831055	53.276657841979784	37.6528205871582	41.59040311655444	42.826175689697266	35.09267326218724	-3.4653398990631104	-4.482878294984097	0.0	0.0	0.0	0.0
13.583533525466919	1781097163.0	1781097163.0528708	5	25.0	29.0	12.0	8.0	NeuronSpectrum 10.06.2026 16:02:51	EEG	checkup_151_10.06.2026 16:02:51	500.0	499.6666666666667	True	0.5	40.0	4	True	50.0	30.0	0.5711285471916199	1.6959292692010404	40.7497673034668	56.461734141069996	29.07280158996582	42.708990439419416	23.04598617553711	32.23321269395163	36.95800018310547	53.745591381622376	29.155229568481445	42.983772377991734	20.733354568481445	34.151983613773034	-4.519456386566162	-5.194415177486996	0.0	0.0	0.0	0.0
13.634416103363037	1781097163.0	1781097163.1037533	5	25.0	29.0	12.0	8.0	NeuronSpectrum 10.06.2026 16:02:51	EEG	checkup_151_10.06.2026 16:02:51	500.0	499.6666666666667	True	0.5	40.0	4	True	50.0	30.0	0.046121034771203995	0.71694988386411	63.909481048583984	56.012234069193916	46.71513748168945	43.23663616646754	36.147544860839844	33.19860235418382	58.959136962890625	53.673756385203156	46.5538444519043	43.54222259089808	34.27627182006836	32.07423424393271	-0.7161874175071716	-5.61951184388349	0.0	0.0	0.0	0.0
13.63442087173462	1781097163.0	1781097163.103758	5	25.0	29.0	12.0	8.0	NeuronSpectrum 10.06.2026 16:02:51	EEG	checkup_151_10.06.2026 16:02:51	500.0	499.6666666666667	True	0.5	40.0	4	True	50.0	30.0	-0.749680757522583	-0.2599127546002482	61.83949279785156	55.012675646613154	45.982521057128906	42.99672238439533	35.73248291015625	33.09198850372267	57.75702667236328	53.083370136050846	45.45595932006836	43.28698162872403	31.397069931030273	28.894679904579082	-1.4380264282226562	-5.780742778965749	0.0	0.0	0.0	0.0
13.63442325592041	1781097163.0	1781097163.1037605	5	25.0	29.0	12.0	8.0	NeuronSpectrum 10.06.2026 16:02:51	EEG	checkup_151_10.06.2026 16:02:51	500.0	499.6666666666667	True	0.5	40.0	4	True	50.0	30.0	-1.6204408407211304	-1.1268390577297103	59.0059928894043	53.582347522662474	44.315269470214844	42.1082756251351	33.549476623535156	32.10799948705946	55.867618560791016	52.064187150646845	43.49061584472656	42.352576971418245	26.74662208557129	24.81802394775902	-2.5969502925872803	-5.702156804716967	0.0	0.0	0.0	0.0
13.634424924850464	1781097163.0	1781097163.1037621	5	25.0	29.0	12.0	8.0	NeuronSpectrum 10.06.2026 16:02:51	EEG	checkup_151_10.06.2026 16:02:51	500.0	499.6666666666667	True	0.5	40.0	4	True	50.0	30.0	-2.3969953060150146	-1.799194511167353	55.9788932800293	51.89600108080332	42.13387680053711	40.77321423085319	30.450572967529297	30.582379694762402	53.629478454589844	50.76041557180932	41.203556060791016	40.9614677488974	20.85831069946289	20.195256722960757	-3.7035675048828125	-5.40482265625843	0.0	0.0	0.0	0.0
13.634426593780518	1781097163.0	1781097163.1037638	5	25.0	29.0	12.0	8.0	NeuronSpectrum 10.06.2026 16:02:51	EEG	checkup_151_10.06.2026 16:02:51	500.0	499.6666666666667	True	0.5	40.0	4	True	50.0	30.0	-2.9244000911712646	-2.2248214333778953	53.091453552246094	50.14984948991538	39.79429244995117	39.23820322764464	27.419309616088867	28.923179311586797	51.250770568847656	49.34017403445198	39.000343322753906	39.37807595409627	14.771953582763672	15.472645154947173	-4.150519371032715	-4.911861932683168	0.0	0.0	0.0	0.0
13.634428262710571	1781097163.0	1781097163.1037655	5	25.0	29.0	12.0	8.0	NeuronSpectrum 10.06.2026 16:02:51	EEG	checkup_151_10.06.2026 16:02:51	500.0	499.6666666666667	True	0.5	40.0	4	True	50.0	30.0	-3.1525301933288574	-2.3880622030222463	50.39162063598633	48.513296154143916	37.47881317138672	37.74073902045046	25.080774307250977	27.52085341441514	48.753990173339844	47.950485499474595	36.994956970214844	37.849554632166324	9.785971641540527	11.116484297424241	-3.5737006664276123	-4.258779135840849	0.0	0.0	0.0	0.0
13.634429931640625	1781097163.0	1781097163.1037672	5	25.0	29.0	12.0	8.0	NeuronSpectrum 10.06.2026 16:02:51	EEG	checkup_151_10.06.2026 16:02:51	500.0	499.6666666666667	True	0.5	40.0	4	True	50.0	30.0	-3.101846694946289	-2.308427269509151	47.747520446777344	47.079538733498865	35.14920425415039	36.451975549297806	23.416065216064453	26.658439837970768	46.002098083496094	46.67012096326854	34.95838928222656	36.54747768305148	6.823544502258301	7.527197307174428	-2.122466802597046	-3.502019203830797	0.0	0.0	0.0	0.0
13.6344313621521	1781097163.0	1781097163.1037686	5	25.0	29.0	12.0	8.0	NeuronSpectrum 10.06.2026 16:02:51	EEG	checkup_151_10.06.2026 16:02:51	500.0	499.6666666666667	True	0.5	40.0	4	True	50.0	30.0	-2.796621799468994	-2.0343476301703487	45.13980484008789	45.8319758478427	32.7264518737793	35.43219248646427	22.040197372436523	26.44429510730695	42.96324157714844	45.47652729561587	32.59224319458008	35.52615385107771	5.7962141036987305	4.9628803158154495	-0.37573108077049255	-2.7197452024612803	0.0	0.0	0.0	0.0
13.634432792663574	1781097163.0	1781097163.10377	5	25.0	29.0	12.0	8.0	NeuronSpectrum 10.06.2026 16:02:51	EEG	checkup_151_10.06.2026 16:02:51	500.0	499.6666666666667	True	0.5	40.0	4	True	50.0	30.0	-2.2537758350372314	-1.6330975452913197	42.96839141845703	44.640222836034106	30.456863403320312	34.6126897001284	20.9301815032959	26.784732895630555	40.097957611083984	44.24055460806435	30.058719635009766	34.709549093246096	5.479767799377441	3.491650353336873	0.9942907691001892	-2.0028882136784705	0.0	0.0	0.0	0.0
13.634434700012207	1781097163.0	1781097163.103772	5	25.0	29.0	12.0	8.0	NeuronSpectrum 10.06.2026 16:02:51	EEG	checkup_151_10.06.2026 16:02:51	500.0	499.6666666666667	True	0.5	40.0	4	True	50.0	30.0	-1.5545680522918701	-1.178622593628183	42.03873062133789	43.29150640450196	29.128612518310547	33.81179056746031	20.93132972717285	27.40488457031292	38.464027404785156	42.755530295656996	28.312397003173828	33.91208397955885	4.29726505279541	2.984916107984086	1.631473422050476	-1.439180726652614	0.0	0.0	0.0	0.0
13.634437799453735	1781097163.0	1781097163.103775	5	25.0	29.0	12.0	8.0	NeuronSpectrum 10.06.2026 16:02:51	EEG	checkup_151_10.06.2026 16:02:51	500.0	499.6666666666667	True	0.5	40.0	4	True	50.0	30.0	-0.891404390335083	-0.7394741871856714	42.957027435302734	41.55272439885684	29.691383361816406	32.78425233780282	23.29589080810547	27.915470491743406	39.07683181762695	40.79747346573884	28.6335391998291	32.890712053900536	1.7087576389312744	3.153512633436718	1.6132915019989014	-1.0958442413710086	0.0	0.0	0.0	0.0
13.634439468383789	1781097163.0	1781097163.1037767	5	25.0	29.0	12.0	8.0	NeuronSpectrum 10.06.2026 16:02:51	EEG	checkup_151_10.06.2026 16:02:51	500.0	499.6666666666667	True	0.5	40.0	4	True	50.0	30.0	-0.4916088879108429	-0.36912854043249155	45.103694915771484	39.247944661442524	32.2009391784668	31.294091050255336	28.187118530273438	27.912214715467023	41.630558013916016	38.20278757299585	31.317161560058594	31.417603014010602	-0.795795738697052	3.6192659122715245	1.2693085670471191	-1.0067804593478333	0.0	0.0	0.0	0.0
13.634441137313843	1781097163.0	1781097163.1037784	5	25.0	29.0	12.0	8.0	NeuronSpectrum 10.06.2026 16:02:51	EEG	checkup_151_10.06.2026 16:02:51	500.0	499.6666666666667	True	0.5	40.0	4	True	50.0	30.0	-0.4592074751853943	-0.10049087812994326	46.030616760253906	36.328415823407944	34.86098861694336	29.192316495611554	33.30422592163086	27.084625620812815	43.568511962890625	34.941061098165925	34.46810531616211	29.3554013765086	0.09284060448408127	4.00757949410999	0.8830558061599731	-1.167942018031095	0.0	0.0	0.0	0.0
13.634442567825317	1781097163.0	1781097163.1037798	5	25.0	29.0	12.0	8.0	NeuronSpectrum 10.06.2026 16:02:51	EEG	checkup_151_10.06.2026 16:02:51	500.0	499.6666666666667	True	0.5	40.0	4	True	50.0	30.0	-0.662628173828125	0.0546532165322468	42.11106491088867	32.910690932226906	34.1893196105957	26.476107303759658	34.09604263305664	25.3045686447162	40.621368408203125	31.157245700023793	34.150115966796875	26.71266052106941	7.814333915710449	4.04121059899021	0.511073648929596	-1.5414257997900405	0.0	0.0	0.0	0.0
13.634444236755371	1781097163.0	1781097163.1037815	5	25.0	29.0	12.0	8.0	NeuronSpectrum 10.06.2026 16:02:51	EEG	checkup_151_10.06.2026 16:02:51	500.0	499.6666666666667	True	0.5	40.0	4	True	50.0	30.0	-0.8030288219451904	0.1018192814021838	30.513778686523438	29.26593408316746	26.736129760742188	23.3079835718446	26.122684478759766	22.66669739967621	29.09109878540039	27.163158706672185	26.400747299194336	23.659108973454646	23.431697845458984	3.610886522187707	0.05335390195250511	-2.066170430912118	0.0	0.0	0.0	0.0
13.634445905685425	1781097163.0	1781097163.1037831	5	25.0	29.0	12.0	8.0	NeuronSpectrum 10.06.2026 16:02:51	EEG	checkup_151_10.06.2026 16:02:51	500.0	499.6666666666667	True	0.5	40.0	4	True	50.0	30.0	-0.8112674355506897	0.05738305494164327	27.766515731811523	25.75918666856379	19.78066062927246	19.984387851890226	17.417621612548828	19.465227987235092	23.24415397644043	23.373668603718592	19.649633407592773	20.491063874801238	4.210625171661377	2.798143416999981	-1.0951948165893555	-2.6717405858833883	0.0	0.0	0.0	0.0
13.634447574615479	1781097163.0	1781097163.1037848	5	25.0	29.0	12.0	8.0	NeuronSpectrum 10.06.2026 16:02:51	EEG	checkup_151_10.06.2026 16:02:51	500.0	499.6666666666667	True	0.5	40.0	4	True	50.0	30.0	-1.0852293968200684	-0.058203514411628	21.296533584594727	22.755559678266593	12.808968544006348	16.860243947896297	9.606727600097656	16.11232365305862	16.310348510742188	20.203097407676538	12.9168062210083	17.554275393888346	-1.768908143043518	1.8364211620343336	-1.2315824031829834	-3.2916127288641412	0.0	0.0	0.0	0.0
13.634449005126953	1781097163.0	1781097163.1037862	5	25.0	29.0	12.0	8.0	NeuronSpectrum 10.06.2026 16:02:51	EEG	checkup_151_10.06.2026 16:02:51	500.0	499.6666666666667	True	0.5	40.0	4	True	50.0	30.0	-1.1859736442565918	-0.22551220248996035	16.8349552154541	20.522772244009765	7.402854919433594	14.252591137957374	3.5606799125671387	13.024183780718815	11.515002250671387	17.95327387184083	7.599025726318359	15.14775545567744	-6.21299934387207	1.0196479667605325	-1.3549121618270874	-3.8733202833501075	0.0	0.0	0.0	0.0
13.634450435638428	1781097163.0	1781097163.1037877	5	25.0	29.0	12.0	8.0	NeuronSpectrum 10.06.2026 16:02:51	EEG	checkup_151_10.06.2026 16:02:51	500.0	499.6666666666667	True	0.5	40.0	4	True	50.0	30.0	-1.1499037742614746	-0.42838784848581823	15.74473762512207	19.160870860062296	5.309658527374268	12.354701966689499	1.275467038154602	10.512147091105488	10.356097221374512	16.728897905252378	5.543278217315674	13.440015022610929	-6.460839748382568	0.592513621845098	-1.785984992980957	-4.384300092946519	0.0	0.0	0.0	0.0
13.634452104568481	1781097163.0	1781097163.1037893	5	25.0	29.0	12.0	8.0	NeuronSpectrum 10.06.2026 16:02:51	EEG	checkup_151_10.06.2026 16:02:51	500.0	499.6666666666667	True	0.5	40.0	4	True	50.0	30.0	-1.069894552230835	-0.6533171220323565	17.929698944091797	18.580570947036655	6.760416030883789	11.188442355107313	2.90594220161438	8.712771133086752	12.825179100036621	16.40700999645691	7.0638508796691895	12.424986428000311	-2.0824337005615234	0.666625527913935	-2.6263489723205566	-4.813659369043507	0.0	0.0	0.0	0.0
13.634453773498535	1781097163.0	1781097163.103791	5	25.0	29.0	12.0	8.0	NeuronSpectrum 10.06.2026 16:02:51	EEG	checkup_151_10.06.2026 16:02:51	500.0	499.6666666666667	True	0.5	40.0	4	True	50.0	30.0	-1.0588457584381104	-0.8869554834770514	21.66684341430664	18.535521674373083	10.2053861618042	10.608747561435123	6.6126298904418945	7.575042334918374	17.216655731201172	16.669489135825433	10.626855850219727	11.930702021465471	4.397245407104492	1.1942522313327844	-3.6042940616607666	-5.17068372514456	0.0	0.0	0.0	0.0
13.63445520401001	1781097163.0	1781097163.1037924	5	25.0	29.0	12.0	8.0	NeuronSpectrum 10.06.2026 16:02:51	EEG	checkup_151_10.06.2026 16:02:51	500.0	499.6666666666667	True	0.5	40.0	4	True	50.0	30.0	-1.223530888557434	-1.1135117277036413	24.508323669433594	18.69655388872727	13.169407844543457	10.355816445705956	9.635212898254395	6.901840386805077	20.990097045898438	17.087437276813525	13.724839210510254	11.675481068268686	8.7603120803833	2.0040844643016236	-4.2495808601379395	-5.48056872599119	0.0	0.0	0.0	0.0
13.634456872940063	1781097163.0	1781097163.103794	5	25.0	29.0	12.0	8.0	NeuronSpectrum 10.06.2026 16:02:51	EEG	checkup_151_10.06.2026 16:02:51	500.0	499.6666666666667	True	0.5	40.0	4	True	50.0	30.0	-1.625889778137207	-1.31365868485029	24.82013511657715	18.743647882050652	13.789831161499023	10.135329146318012	9.973880767822266	6.425282533256487	22.24378204345703	17.23116508998856	14.441557884216309	11.351229819456485	7.989020347595215	2.8770083212115427	-4.262432098388672	-5.777217841072164	0.0	0.0	0.0	0.0
13.634458541870117	1781097163.0	1781097163.1037958	5	25.0	29.0	12.0	8.0	NeuronSpectrum 10.06.2026 16:02:51	EEG	checkup_151_10.06.2026 16:02:51	500.0	499.6666666666667	True	0.5	40.0	4	True	50.0	30.0	-2.2101247310638428	-1.4658502253455337	22.824649810791016	18.4483539056184	11.93375015258789	9.700460595689972	7.494753360748291	5.8881960011160155	20.738677978515625	16.774341887949333	12.561408042907715	10.707176470967044	2.8749475479125977	3.6274818512440676	-3.797203779220581	-6.092988554796452	0.0	0.0	0.0	0.0
13.634461402893066	1781097163.0	1781097163.1037986	5	25.0	29.0	12.0	8.0	NeuronSpectrum 10.06.2026 16:02:51	EEG	checkup_151_10.06.2026 16:02:51	500.0	499.6666666666667	True	0.5	40.0	4	True	50.0	30.0	-2.7679502964019775	-1.5496537348544424	20.255064010620117	17.726041746382105	9.040226936340332	8.9132257494666	3.7110002040863037	5.108270200768628	17.69969367980957	15.566515261213214	9.403411865234375	9.611428442843286	-1.9047921895980835	4.161857737922222	-3.378613233566284	-6.446454682867166	0.0	0.0	0.0	0.0
13.63446307182312	1781097163.0	1781097163.1038003	5	25.0	29.0	12.0	8.0	NeuronSpectrum 10.06.2026 16:02:51	EEG	checkup_151_10.06.2026 16:02:51	500.0	499.6666666666667	True	0.5	40.0	4	True	50.0	30.0	-2.9997177124023438	-1.5495278014200182	18.810569763183594	16.64946653675278	6.819778919219971	7.773351466879352	0.5146700739860535	4.013377745101659	14.607695579528809	13.66080041937638	6.590788841247559	8.078741099395836	-1.0016542673110962	4.502385716230801	-3.4860024452209473	-6.831077095082782	0.0	0.0	0.0	0.0
13.634464263916016	1781097163.0	1781097163.1038015	5	25.0	29.0	12.0	8.0	NeuronSpectrum 10.06.2026 16:02:51	EEG	checkup_151_10.06.2026 16:02:51	500.0	499.6666666666667	True	0.5	40.0	4	True	50.0	30.0	-2.679940700531006	-1.4570385623451594	18.614439010620117	15.426560190763873	5.861185073852539	6.414271634083873	-1.093126654624939	2.6489374131387655	11.996152877807617	11.296862830118615	4.781822681427002	6.264633192376065	6.872348308563232	4.7819875019020675	-4.135705947875977	-7.208952440353693	0.0	0.0	0.0	0.0
13.634466171264648	1781097163.0	1781097163.1038034	5	25.0	29.0	12.0	8.0	NeuronSpectrum 10.06.2026 16:02:51	EEG	checkup_151_10.06.2026 16:02:51	500.0	499.6666666666667	True	0.5	40.0	4	True	50.0	30.0	-1.8323906660079956	-1.2702070959023954	18.08901023864746	14.351804363636973	5.3826069831848145	5.072885493220512	-1.209039568901062	1.164898067736341	9.384980201721191	8.848352359324517	3.5155038833618164	4.433246479611138	16.360889434814453	5.220300204138496	-4.820596694946289	-7.51350384424712	0.0	0.0	0.0	0.0
13.634467601776123	1781097163.0	1781097163.1038048	5	25.0	29.0	12.0	8.0	NeuronSpectrum 10.06.2026 16:02:51	EEG	checkup_151_10.06.2026 16:02:51	500.0	499.6666666666667	True	0.5	40.0	4	True	50.0	30.0	-0.764681875705719	-0.9903396975602131	15.488302230834961	13.741945711578403	4.3613786697387695	4.041224899516488	-0.13001081347465515	-0.2107706962399097	6.403952598571777	6.747375361986536	2.265493631362915	2.907727409356055	17.721202850341797	6.08612826807783	-4.840023517608643	-7.6628838590129575	0.0	0.0	0.0	0.0
13.634469270706177	1781097163.0	1781097163.1038065	5	25.0	29.0	12.0	8.0	NeuronSpectrum 10.06.2026 16:02:51	EEG	checkup_151_10.06.2026 16:02:51	500.0	499.6666666666667	True	0.5	40.0	4	True	50.0	30.0	0.08085861057043076	-0.6185001619238184	10.814970970153809	13.866321987110082	2.9855422973632812	3.6068745121543277	2.597355604171753	-1.210027750023371	3.964825391769409	5.398588254470679	1.626105546951294	2.0099899578343203	3.353841543197632	7.645074897893873	-3.796698808670044	-7.582583696186103	0.0	0.0	0.0	0.0
13.685342788696289	1781097163.0	1781097163.15468	5	25.0	29.0	12.0	8.0	NeuronSpectrum 10.06.2026 16:02:51	EEG	checkup_151_10.06.2026 16:02:51	500.0	499.6666666666667	True	0.5	40.0	4	True	50.0	30.0	-0.06794892996549606	-0.154600406525299	15.442482948303223	14.882485085436809	0.40999236702919006	3.9888264536078455	-6.239440441131592	-1.5750793289927516	1.9508920907974243	5.0952717834580294	-2.167198896408081	1.9956749864557506	5.537154197692871	10.093576490566281	-8.80251407623291	-7.232092050319013	0.0	0.0	0.0	0.0
13.68534803390503	1781097163.0	1781097163.1546853	5	25.0	29.0	12.0	8.0	NeuronSpectrum 10.06.2026 16:02:51	EEG	checkup_151_10.06.2026 16:02:51	500.0	499.6666666666667	True	0.5	40.0	4	True	50.0	30.0	-0.6112357378005981	0.39890179221660793	14.971261978149414	16.78894846822856	-0.8374326229095459	5.27831509494206	-8.824078559875488	-1.1184768312505944	0.5447353720664978	5.950870417868991	-3.919114112854004	2.9925307453925605	7.021693229675293	13.491494816396639	-8.603516578674316	-6.6272053796366635	0.0	0.0	0.0	0.0
13.685349941253662	1781097163.0	1781097163.1546872	5	25.0	29.0	12.0	8.0	NeuronSpectrum 10.06.2026 16:02:51	EEG	checkup_151_10.06.2026 16:02:51	500.0	499.6666666666667	True	0.5	40.0	4	True	50.0	30.0	-0.9394594430923462	1.0293246861953556	17.39571762084961	19.406484924966684	1.2767934799194336	7.398297016086757	-7.820014476776123	0.2187824641300204	2.754119396209717	7.860755709713669	-2.173969268798828	4.955153095510283	11.66695499420166	17.714611048447033	-6.190899848937988	-5.848219228530328	0.0	0.0	0.0	0.0
13.685351848602295	1781097163.0	1781097163.154689	5	25.0	29.0	12.0	8.0	NeuronSpectrum 10.06.2026 16:02:51	EEG	checkup_151_10.06.2026 16:02:51	500.0	499.6666666666667	True	0.5	40.0	4	True	50.0	30.0	-0.46492019295692444	1.7056352387655034	22.849870681762695	22.395780289351954	6.859579563140869	10.096274675044715	-2.8598082065582275	2.330721856988992	8.593058586120605	10.50723552562707	3.3182098865509033	7.65150834812281	19.165205001831055	22.44673536314066	-2.3907482624053955	-5.026932206072726	0.0	0.0	0.0	0.0
13.685353517532349	1781097163.0	1781097163.1546907	5	25.0	29.0	12.0	8.0	NeuronSpectrum 10.06.2026 16:02:51	EEG	checkup_151_10.06.2026 16:02:51	500.0	499.6666666666667	True	0.5	40.0	4	True	50.0	30.0	0.8912636041641235	2.3747713984970584	29.670635223388672	25.312190670162593	14.17778491973877	12.979397374846394	4.385315418243408	4.9494157128178315	16.225345611572266	13.413266383837657	10.923359870910645	10.692222658093234	27.735530853271484	27.219028931744763	1.0739349126815796	-4.312946546551745	0.0	0.0	0.0	0.0
13.685355186462402	1781097163.0	1781097163.1546924	5	25.0	29.0	12.0	8.0	NeuronSpectrum 10.06.2026 16:02:51	EEG	checkup_151_10.06.2026 16:02:51	500.0	499.6666666666667	True	0.5	40.0	4	True	50.0	30.0	2.6024789810180664	2.966035176262535	35.22163391113281	27.688719980550694	20.535079956054688	15.58837772790347	11.125328063964844	7.692922467666625	22.78679656982422	16.037190070279834	17.907569885253906	13.601519249851417	35.28213119506836	31.488566095011258	2.5657520294189453	-3.8292656010973727	0.0	0.0	0.0	0.0
13.685356855392456	1781097163.0	1781097163.154694	5	25.0	29.0	12.0	8.0	NeuronSpectrum 10.06.2026 16:02:51	EEG	checkup_151_10.06.2026 16:02:51	500.0	499.6666666666667	True	0.5	40.0	4	True	50.0	30.0	3.872622489929199	3.4037069327691403	37.21445846557617	29.128742862818086	23.541982650756836	17.492579378215716	14.814818382263184	10.145938622763827	25.663267135620117	17.886609691695917	21.663230895996094	15.913590852077972	40.39274597167969	34.73608170525634	1.5327250957489014	-3.633345048050668	0.0	0.0	0.0	0.0
13.685358762741089	1781097163.0	1781097163.154696	5	25.0	29.0	12.0	8.0	NeuronSpectrum 10.06.2026 16:02:51	EEG	checkup_151_10.06.2026 16:02:51	500.0	499.6666666666667	True	0.5	40.0	4	True	50.0	30.0	4.1584086418151855	3.6241850184776814	34.86052703857422	29.384903828003605	22.1705265045166	18.379658495462547	14.313859939575195	11.94802823977591	23.689777374267578	18.621074531549176	20.865285873413086	17.267624424649703	42.52366256713867	36.558038900486515	-1.1673883199691772	-3.6986622144037073	0.0	0.0	0.0	0.0
13.685360431671143	1781097163.0	1781097163.1546977	5	25.0	29.0	12.0	8.0	NeuronSpectrum 10.06.2026 16:02:51	EEG	checkup_151_10.06.2026 16:02:51	500.0	499.6666666666667	True	0.5	40.0	4	True	50.0	30.0	3.4934067726135254	3.5918045516503163	29.299053192138672	28.4037264436077	17.20433807373047	18.114381637633198	10.41241455078125	12.862486978529159	17.784320831298828	18.1156469117451	16.121326446533203	17.474470507061525	41.474266052246094	36.731264146468085	-3.8648996353149414	-3.9237696418636547	0.0	0.0	0.0	0.0
13.685362339019775	1781097163.0	1781097163.1546996	5	25.0	29.0	12.0	8.0	NeuronSpectrum 10.06.2026 16:02:51	EEG	checkup_151_10.06.2026 16:02:51	500.0	499.6666666666667	True	0.5	40.0	4	True	50.0	30.0	2.3933801651000977	3.308093096220784	23.14392852783203	26.326490453276076	11.005578994750977	16.752660923969728	5.584761142730713	12.808723825843808	10.751143455505371	16.4706296804528	9.892653465270996	16.53873281643495	37.08848190307617	35.23756630242174	-5.1138505935668945	-4.164756535464923	0.0	0.0	0.0	0.0
13.68536376953125	1781097163.0	1781097163.154701	5	25.0	29.0	12.0	8.0	NeuronSpectrum 10.06.2026 16:02:51	EEG	checkup_151_10.06.2026 16:02:51	500.0	499.6666666666667	True	0.5	40.0	4	True	50.0	30.0	1.4508771896362305	2.812040415946555	19.199260711669922	23.451083509273474	6.540672779083252	14.513169049243178	2.8712923526763916	11.856882639933946	6.0417866706848145	13.971087858590312	5.448811054229736	14.636784286365783	29.756967544555664	32.247657027283026	-4.4944305419921875	-4.278437351031967	0.0	0.0	0.0	0.0
13.685365676879883	1781097163.0	1781097163.154703	5	25.0	29.0	12.0	8.0	NeuronSpectrum 10.06.2026 16:02:51	EEG	checkup_151_10.06.2026 16:02:51	500.0	499.6666666666667	True	0.5	40.0	4	True	50.0	30.0	0.9492006897926331	2.172309735992035	18.779293060302734	20.17013729117824	5.810081481933594	11.722303862282034	4.085484504699707	10.196784085090867	5.770060062408447	11.014847793356193	5.03539514541626	12.065689588609455	21.301572799682617	28.074669917505123	-2.6561696529388428	-4.161130826745001	0.0	0.0	0.0	0.0
13.685367107391357	1781097163.0	1781097163.1547043	5	25.0	29.0	12.0	8.0	NeuronSpectrum 10.06.2026 16:02:51	EEG	checkup_151_10.06.2026 16:02:51	500.0	499.6666666666667	True	0.5	40.0	4	True	50.0	30.0	0.7774597406387329	1.4744970410458513	20.550140380859375	16.903279024702112	8.408099174499512	8.752624420378192	8.248329162597656	8.09755622451122	9.020547866821289	8.032783984199009	8.174697875976562	9.183380404229384	15.27953815460205	23.1142565092854	-0.7300183773040771	-3.771813618547149	0.0	0.0	0.0	0.0
13.68536901473999	1781097163.0	1781097163.1547062	5	25.0	29.0	12.0	8.0	NeuronSpectrum 10.06.2026 16:02:51	EEG	checkup_151_10.06.2026 16:02:51	500.0	499.6666666666667	True	0.5	40.0	4	True	50.0	30.0	0.6508703827857971	0.8068451598919306	20.842885971069336	14.03622538335249	11.255908966064453	5.9692739189637525	11.480774879455566	5.868800949971246	11.775457382202148	5.419562659243634	11.37702465057373	6.355261212156228	15.853711128234863	17.78800874307243	0.3972913920879364	-3.1357987460048036	0.0	0.0	0.0	0.0
13.685370683670044	1781097163.0	1781097163.154708	5	25.0	29.0	12.0	8.0	NeuronSpectrum 10.06.2026 16:02:51	EEG	checkup_151_10.06.2026 16:02:51	500.0	499.6666666666667	True	0.5	40.0	4	True	50.0	30.0	0.41021865606307983	0.24678705659348518	15.632582664489746	11.871833415319893	10.088213920593262	3.688438953696457	8.963263511657715	3.824546162481468	9.009258270263672	3.482170107199301	9.910066604614258	3.9118305301690275	25.302459716796875	12.499533740082557	0.4809456765651703	-2.3318676689313422	0.0	0.0	0.0	0.0
13.73632001876831	1781097163.0	1781097163.2056572	5	25.0	29.0	12.0	8.0	NeuronSpectrum 10.06.2026 16:02:51	EEG	checkup_151_10.06.2026 16:02:51	500.0	499.6666666666667	True	0.5	40.0	4	True	50.0	30.0	-1.4322845935821533	-0.15043517410764973	10.361759185791016	10.594037453511508	-1.8942011594772339	2.1445704548907427	-4.463648796081543	2.245953875943663	-1.0278290510177612	2.4057017030236953	-2.9168927669525146	2.1143044568862086	5.522397041320801	7.602182750341046	-0.7572365403175354	-1.4692385578077674	0.0	0.0	0.0	0.0
13.73632526397705	1781097163.0	1781097163.2056625	5	25.0	29.0	12.0	8.0	NeuronSpectrum 10.06.2026 16:02:51	EEG	checkup_151_10.06.2026 16:02:51	500.0	499.6666666666667	True	0.5	40.0	4	True	50.0	30.0	-2.050143003463745	-0.3601013642670264	9.942181587219238	10.246719373915148	-2.960329055786133	1.4639160264425746	-5.137724876403809	1.3422188225952947	-0.7336520552635193	2.235462582291346	-3.907025098800659	1.1259548596196487	1.1816105842590332	3.372147278846	0.8135168552398682	-0.6607585403648804	0.0	0.0	0.0	0.0
13.736327171325684	1781097163.0	1781097163.2056644	5	25.0	29.0	12.0	8.0	NeuronSpectrum 10.06.2026 16:02:51	EEG	checkup_151_10.06.2026 16:02:51	500.0	499.6666666666667	True	0.5	40.0	4	True	50.0	30.0	-1.9983105659484863	-0.3918326179125507	10.81390380859375	10.732309538323694	-2.4068262577056885	1.6483805923369965	-4.149322032928467	1.2173833417566264	0.8074862957000732	2.878307365976014	-3.4015309810638428	0.9933064327288735	-1.6510576009750366	-0.015146679481749553	2.8249564170837402	0.0027247047349856085	0.0	0.0	0.0	0.0
13.736329078674316	1781097163.0	1781097163.2056663	5	25.0	29.0	12.0	8.0	NeuronSpectrum 10.06.2026 16:02:51	EEG	checkup_151_10.06.2026 16:02:51	500.0	499.6666666666667	True	0.5	40.0	4	True	50.0	30.0	-1.348889946937561	-0.28723276094552846	12.830735206604004	11.834007412856947	-0.1595994085073471	2.577888589300385	-1.770851731300354	1.8549485858096	3.2960660457611084	4.1270087863094815	-1.42376708984375	1.645247124394397	-2.600649833679199	-2.498982145427596	4.342885971069336	0.47258857169719365	0.0	0.0	0.0	0.0
13.736332178115845	1781097163.0	1781097163.2056694	5	25.0	29.0	12.0	8.0	NeuronSpectrum 10.06.2026 16:02:51	EEG	checkup_151_10.06.2026 16:02:51	500.0	499.6666666666667	True	0.5	40.0	4	True	50.0	30.0	-0.4860292077064514	-0.11071447742164711	15.358955383300781	13.259473167368697	3.1577601432800293	4.035766509118581	1.3055250644683838	3.127150571745036	6.066084384918213	5.705688669323491	1.4280362129211426	2.9141021980310775	-1.9169625043869019	-4.128759590735732	4.6815667152404785	0.7528135872147722	0.0	0.0	0.0	0.0
13.736334085464478	1781097163.0	1781097163.2056713	5	25.0	29.0	12.0	8.0	NeuronSpectrum 10.06.2026 16:02:51	EEG	checkup_151_10.06.2026 16:02:51	500.0	499.6666666666667	True	0.5	40.0	4	True	50.0	30.0	0.15236063301563263	0.06500588237001788	17.49126625061035	14.696145717901269	6.415685653686523	5.752332361748502	4.246838092803955	4.825194910345751	8.330754280090332	7.325614194127929	4.210431098937988	4.573437364208683	-0.8249038457870483	-5.039123409174264	3.8501479625701904	0.8965868125546552	0.0	0.0	0.0	0.0
13.73633599281311	1781097163.0	1781097163.2056732	5	25.0	29.0	12.0	8.0	NeuronSpectrum 10.06.2026 16:02:51	EEG	checkup_151_10.06.2026 16:02:51	500.0	499.6666666666667	True	0.5	40.0	4	True	50.0	30.0	0.3198460042476654	0.17518699901477347	18.48381233215332	15.863887278676073	8.508540153503418	7.453662112439135	6.378255844116211	6.698328536803755	9.540307998657227	8.735547330046797	6.104121685028076	6.3798754262326325	-1.2773624658584595	-5.414046525577778	2.4938764572143555	0.9880900690179282	0.0	0.0	0.0	0.0
13.736337900161743	1781097163.0	1781097163.2056751	5	25.0	29.0	12.0	8.0	NeuronSpectrum 10.06.2026 16:02:51	EEG	checkup_151_10.06.2026 16:02:51	500.0	499.6666666666667	True	0.5	40.0	4	True	50.0	30.0	0.029301980510354042	0.17672482089141828	18.225845336914062	16.55208161094432	8.997444152832031	8.900653627040457	7.454312801361084	8.488233866913006	9.698944091796875	9.752923094612616	6.900555610656738	8.10543934553488	-4.67409610748291	-5.45531616071004	1.4594844579696655	1.113373596332434	0.0	0.0	0.0	0.0
13.736339569091797	1781097163.0	1781097163.2056768	5	25.0	29.0	12.0	8.0	NeuronSpectrum 10.06.2026 16:02:51	EEG	checkup_151_10.06.2026 16:02:51	500.0	499.6666666666667	True	0.5	40.0	4	True	50.0	30.0	-0.5414091348648071	0.05567153180393204	17.33412742614746	16.634880612276397	8.372966766357422	9.90880769815132	7.704596042633057	9.950593758015648	9.346500396728516	10.270257742251003	7.099568843841553	9.552916237617266	-10.250712394714355	-5.367374898599506	1.3135911226272583	1.3289904770217926	0.0	0.0	0.0	0.0
13.73634147644043	1781097163.0	1781097163.2056787	5	25.0	29.0	12.0	8.0	NeuronSpectrum 10.06.2026 16:02:51	EEG	checkup_151_10.06.2026 16:02:51	500.0	499.6666666666667	True	0.5	40.0	4	True	50.0	30.0	-1.1894330978393555	-0.1727898791025453	16.664690017700195	16.066704557748423	7.647171497344971	10.348531472046348	7.571110725402832	10.864141708533774	9.110786437988281	10.241147556132516	7.450530529022217	10.555862962005605	-14.675743103027344	-5.358584445029981	2.115408182144165	1.6390953594313524	0.0	0.0	0.0	0.0
13.736342906951904	1781097163.0	1781097163.2056801	5	25.0	29.0	12.0	8.0	NeuronSpectrum 10.06.2026 16:02:51	EEG	checkup_151_10.06.2026 16:02:51	500.0	499.6666666666667	True	0.5	40.0	4	True	50.0	30.0	-1.7509559392929077	-0.4708922242325439	16.51630973815918	14.866260774847703	7.499100685119629	10.13432042003532	7.298329830169678	11.034510192450565	9.121663093566895	9.657278768771787	8.239035606384277	10.972259724716743	-13.981866836547852	-5.645709962242112	3.4735093116760254	1.989665316196973	0.0	0.0	0.0	0.0
13.736344575881958	1781097163.0	1781097163.2056818	5	25.0	29.0	12.0	8.0	NeuronSpectrum 10.06.2026 16:02:51	EEG	checkup_151_10.06.2026 16:02:51	500.0	499.6666666666667	True	0.5	40.0	4	True	50.0	30.0	-2.1067354679107666	-0.7885709102688795	16.160018920898438	13.098489458993392	7.647767066955566	9.21457744715397	6.739718914031982	10.302286450851353	8.780180931091309	8.529003325992077	8.899651527404785	10.682737592889112	-7.118736267089844	-6.4430451309498755	4.795367240905762	2.283003217355387	0.0	0.0	0.0	0.0
13.736346244812012	1781097163.0	1781097163.2056835	5	25.0	29.0	12.0	8.0	NeuronSpectrum 10.06.2026 16:02:51	EEG	checkup_151_10.06.2026 16:02:51	500.0	499.6666666666667	True	0.5	40.0	4	True	50.0	30.0	-2.1698527336120605	-1.0741718726061433	14.318315505981445	10.860103060166313	7.137044429779053	7.570597695380461	5.73164701461792	8.560953536529057	7.318467617034912	6.877282997916842	8.496549606323242	9.600015098645015	1.6203962564468384	-7.925630690041247	5.565146446228027	2.408889026234675	0.0	0.0	0.0	0.0
13.73634934425354	1781097163.0	1781097163.2056866	5	25.0	29.0	12.0	8.0	NeuronSpectrum 10.06.2026 16:02:51	EEG	checkup_151_10.06.2026 16:02:51	500.0	499.6666666666667	True	0.5	40.0	4	True	50.0	30.0	-1.9191890954971313	-1.2829359184101858	10.395425796508789	8.268695949118495	5.422770977020264	5.225485387729464	4.790853500366211	5.782669960363943	4.827809810638428	4.737056125470929	6.808483123779297	7.688179111717822	3.9068613052368164	-10.174173273289137	5.546352863311768	2.2832056288880267	0.0	0.0	0.0	0.0
13.736351013183594	1781097163.0	1781097163.2056882	5	25.0	29.0	12.0	8.0	NeuronSpectrum 10.06.2026 16:02:51	EEG	checkup_151_10.06.2026 16:02:51	500.0	499.6666666666667	True	0.5	40.0	4	True	50.0	30.0	-1.442279577255249	-1.3820154507411917	5.506377696990967	5.451593836009347	3.372882604598999	2.2559137519649903	5.422303676605225	2.041893971898806	2.865567445755005	2.1653929983647178	5.108656406402588	4.98300366017579	-7.31308650970459	-13.125996559819168	4.8513970375061035	1.8823694280518095	0.0	0.0	0.0	0.0
13.736352682113647	1781097163.0	1781097163.20569	5	25.0	29.0	12.0	8.0	NeuronSpectrum 10.06.2026 16:02:51	EEG	checkup_151_10.06.2026 16:02:51	500.0	499.6666666666667	True	0.5	40.0	4	True	50.0	30.0	-2.6453120708465576	-1.3521681805496801	4.019170761108398	2.5309089387650388	-1.2471541166305542	-1.203933625742165	-3.528334856033325	-2.4769102892537034	-0.7270370721817017	-0.7546154399374991	1.4453288316726685	1.6014779888411033	-17.837482452392578	-16.559451527942738	5.2747602462768555	1.262852365696193	0.0	0.0	0.0	0.0
13.736354351043701	1781097163.0	1781097163.2056916	5	25.0	29.0	12.0	8.0	NeuronSpectrum 10.06.2026 16:02:51	EEG	checkup_151_10.06.2026 16:02:51	500.0	499.6666666666667	True	0.5	40.0	4	True	50.0	30.0	-2.2559192180633545	-1.187040104333459	-2.233842611312866	-0.39484847141963103	-8.623305320739746	-4.97398470305668	-12.369560241699219	-7.497485950149501	-7.513903617858887	-3.920270858496147	-6.5153489112854	-2.2680030028551066	-25.20760154724121	-20.125506241689266	4.288626194000244	0.5587513516593385	0.0	0.0	0.0	0.0
13.736356258392334	1781097163.0	1781097163.2056935	5	25.0	29.0	12.0	8.0	NeuronSpectrum 10.06.2026 16:02:51	EEG	checkup_151_10.06.2026 16:02:51	500.0	499.6666666666667	True	0.5	40.0	4	True	50.0	30.0	-1.379934549331665	-0.8910574179722346	-6.707411766052246	-3.2671453143645777	-14.992936134338379	-8.854858240749476	-20.402116775512695	-12.694788001421946	-12.80172061920166	-7.224805592549993	-13.531258583068848	-6.394604292658323	-31.412221908569336	-23.418389181104626	2.8747544288635254	-0.04433467351242483	0.0	0.0	0.0	0.0
13.736357927322388	1781097163.0	1781097163.2056952	5	25.0	29.0	12.0	8.0	NeuronSpectrum 10.06.2026 16:02:51	EEG	checkup_151_10.06.2026 16:02:51	500.0	499.6666666666667	True	0.5	40.0	4	True	50.0	30.0	-0.4030551612377167	-0.47691528295963437	-8.137483596801758	-6.072902810931904	-18.517791748046875	-12.659335485553395	-25.458255767822266	-17.748542005270338	-15.010355949401855	-10.573227518400499	-17.4811954498291	-10.542763880503136	-34.28177261352539	-26.060316491390886	1.1509809494018555	-0.35476254301874277	0.0	0.0	0.0	0.0
13.73635983467102	1781097163.0	1781097163.205697	5	25.0	29.0	12.0	8.0	NeuronSpectrum 10.06.2026 16:02:51	EEG	checkup_151_10.06.2026 16:02:51	500.0	499.6666666666667	True	0.5	40.0	4	True	50.0	30.0	0.16996166110038757	0.03616229104719889	-6.883842468261719	-8.831268555907311	-18.812068939208984	-16.23402360533713	-26.792070388793945	-22.38633886864223	-14.225310325622559	-13.886797244981457	-17.878955841064453	-14.502572171070314	-32.93635940551758	-27.771384142246433	-0.4589078724384308	-0.22926718304923782	0.0	0.0	0.0	0.0
13.736361265182495	1781097163.0	1781097163.2056985	5	25.0	29.0	12.0	8.0	NeuronSpectrum 10.06.2026 16:02:51	EEG	checkup_151_10.06.2026 16:02:51	500.0	499.6666666666667	True	0.5	40.0	4	True	50.0	30.0	0.12046342343091965	0.6222162662607215	-4.9104719161987305	-11.560983418911142	-17.262407302856445	-19.460694334532	-25.633623123168945	-26.40013402893088	-12.335356712341309	-17.0898252098602	-16.268802642822266	-18.10028729458705	-28.149282455444336	-28.40434442316901	-1.2009482383728027	0.37847281074381917	0.0	0.0	0.0	0.0
13.736363172531128	1781097163.0	1781097163.2057004	5	25.0	29.0	12.0	8.0	NeuronSpectrum 10.06.2026 16:02:51	EEG	checkup_151_10.06.2026 16:02:51	500.0	499.6666666666667	True	0.5	40.0	4	True	50.0	30.0	-0.25328266620635986	1.2461066764505935	-4.899153709411621	-14.238718134936692	-16.454980850219727	-22.23851815046058	-24.746044158935547	-29.6346665603599	-12.209511756896973	-20.084273259000966	-15.546714782714844	-21.188450470437992	-22.04688262939453	-27.939910012373726	-0.30332377552986145	1.3909037378849924	0.0	0.0	0.0	0.0
13.736364603042603	1781097163.0	1781097163.2057018	5	25.0	29.0	12.0	8.0	NeuronSpectrum 10.06.2026 16:02:51	EEG	checkup_151_10.06.2026 16:02:51	500.0	499.6666666666667	True	0.5	40.0	4	True	50.0	30.0	-0.31332892179489136	1.8602818544539257	-8.775519371032715	-16.767741535996286	-18.785781860351562	-24.461100465830945	-26.904491424560547	-31.962486380246574	-16.102304458618164	-22.72885841456028	-18.318204879760742	-23.628628837801678	-17.24022102355957	-26.454512294417178	2.4720706939697266	2.6130766336489004	0.0	0.0	0.0	0.0
13.736366510391235	1781097163.0	1781097163.2057037	5	25.0	29.0	12.0	8.0	NeuronSpectrum 10.06.2026 16:02:51	EEG	checkup_151_10.06.2026 16:02:51	500.0	499.6666666666667	True	0.5	40.0	4	True	50.0	30.0	0.4147043824195862	2.403798659701064	-16.357717514038086	-18.97650471552561	-24.850955963134766	-26.007686684730235	-32.943660736083984	-33.26826195298343	-24.03752326965332	-24.841930102100076	-25.082059860229492	-25.286026812586332	-15.754286766052246	-24.08237051301936	6.43307638168335	3.7754059234306956	0.0	0.0	0.0	0.0
13.736369848251343	1781097163.0	1781097163.205707	5	25.0	29.0	12.0	8.0	NeuronSpectrum 10.06.2026 16:02:51	EEG	checkup_151_10.06.2026 16:02:51	500.0	499.6666666666667	True	0.5	40.0	4	True	50.0	30.0	1.8019753694534302	2.8067137718287474	-24.9633846282959	-20.65569572525271	-32.5670280456543	-26.76156308080552	-40.59918212890625	-33.45934163763823	-33.17078399658203	-26.23770052902181	-33.35600280761719	-26.049000396132378	-18.0284366607666	-20.992824266446082	10.097835540771484	4.6038934001821	0.0	0.0	0.0	0.0
13.736371517181396	1781097163.0	1781097163.2057087	5	25.0	29.0	12.0	8.0	NeuronSpectrum 10.06.2026 16:02:51	EEG	checkup_151_10.06.2026 16:02:51	500.0	499.6666666666667	True	0.5	40.0	4	True	50.0	30.0	3.12184739112854	3.001005799306042	-30.50107192993164	-21.62423135646901	-37.849952697753906	-26.652911113604272	-45.269474029541016	-32.50257107802534	-38.8941650390625	-26.787300705645837	-38.631900787353516	-25.87041998548378	-22.336606979370117	-17.3921769324549	11.912628173828125	4.898489896126654	0.0	0.0	0.0	0.0
13.73637342453003	1781097163.0	1781097163.2057106	5	25.0	29.0	12.0	8.0	NeuronSpectrum 10.06.2026 16:02:51	EEG	checkup_151_10.06.2026 16:02:51	500.0	499.6666666666667	True	0.5	40.0	4	True	50.0	30.0	3.5386059284210205	2.935995229468531	-29.788454055786133	-21.798751802529015	-36.9063606262207	-25.706854410536184	-42.77871322631836	-30.468819641374935	-37.48338317871094	-26.479511101200064	-37.01825714111328	-24.8111826710779	-25.054044723510742	-13.542216294478461	11.111308097839355	4.595278369004018	0.0	0.0	0.0	0.0
13.736374855041504	1781097163.0	1781097163.205712	5	25.0	29.0	12.0	8.0	NeuronSpectrum 10.06.2026 16:02:51	EEG	checkup_151_10.06.2026 16:02:51	500.0	499.6666666666667	True	0.5	40.0	4	True	50.0	30.0	2.721184492111206	2.593572593164987	-22.799333572387695	-21.236722783996793	-28.898651123046875	-24.07044566626529	-32.55935287475586	-27.558169878888673	-28.8079891204834	-25.4513238790057	-28.069232940673828	-23.059776869467086	-21.848955154418945	-9.77420774387568	8.14029312133789	3.7914476481453256	0.0	0.0	0.0	0.0
13.736376762390137	1781097163.0	1781097163.205714	5	25.0	29.0	12.0	8.0	NeuronSpectrum 10.06.2026 16:02:51	EEG	checkup_151_10.06.2026 16:02:51	500.0	499.6666666666667	True	0.5	40.0	4	True	50.0	30.0	1.108196496963501	1.9979794822053576	-13.258706092834473	-20.133731364978185	-17.13734245300293	-22.00027871076285	-18.93007469177246	-24.08640461007771	-17.168249130249023	-23.97002920202033	-15.799108505249023	-20.910925438608345	-9.585627555847168	-6.475983151556873	4.330113887786865	2.7231385367988907	0.0	0.0	0.0	0.0
13.736378192901611	1781097163.0	1781097163.2057154	5	25.0	29.0	12.0	8.0	NeuronSpectrum 10.06.2026 16:02:51	EEG	checkup_151_10.06.2026 16:02:51	500.0	499.6666666666667	True	0.5	40.0	4	True	50.0	30.0	-0.3911331593990326	1.2166546233152522	-6.86046838760376	-18.775840279590174	-7.656079292297363	-19.81149471180742	-9.104326248168945	-20.433068686787657	-9.265989303588867	-22.370715142250365	-6.813302993774414	-18.706408271287234	11.624537467956543	-4.043183906135592	1.0755634307861328	1.7014397894064106	0.0	0.0	0.0	0.0
13.787259340286255	1781097163.0	1781097163.2565966	5	25.0	29.0	12.0	8.0	NeuronSpectrum 10.06.2026 16:02:51	EEG	checkup_151_10.06.2026 16:02:51	500.0	499.6666666666667	True	0.5	40.0	4	True	50.0	30.0	0.4991159737110138	0.3515430156046312	-15.909432411193848	-17.46660857482103	-20.786300659179688	-17.807555737029528	-22.481185913085938	-16.970266786511534	-22.285367965698242	-20.973011675725676	-20.50358009338379	-16.75974427493485	-3.681959867477417	-2.8063856258118474	-2.2201340198516846	1.0256053082971088	0.0	0.0	0.0	0.0
13.787265062332153	1781097163.0	1781097163.2566023	5	25.0	29.0	12.0	8.0	NeuronSpectrum 10.06.2026 16:02:51	EEG	checkup_151_10.06.2026 16:02:51	500.0	499.6666666666667	True	0.5	40.0	4	True	50.0	30.0	-0.6640684008598328	-0.4773545193469683	-14.276251792907715	-16.455454954496513	-18.3123722076416	-16.216642436650712	-18.348569869995117	-13.997311446038935	-20.355424880981445	-20.00696735419089	-18.083650588989258	-15.291752361158787	-2.8171160221099854	-2.9596855384121956	-1.5508508682250977	0.9000127301002713	0.0	0.0	0.0	0.0
13.787267446517944	1781097163.0	1781097163.2566047	5	25.0	29.0	12.0	8.0	NeuronSpectrum 10.06.2026 16:02:51	EEG	checkup_151_10.06.2026 16:02:51	500.0	499.6666666666667	True	0.5	40.0	4	True	50.0	30.0	-2.098227024078369	-1.1531724820383824	-14.152510643005371	-15.887909805529109	-17.066741943359375	-15.152708507422572	-15.280502319335938	-11.69788927978113	-19.999866485595703	-19.568876968192278	-16.94247817993164	-14.394680878982742	-3.832765817642212	-4.5140846142557525	1.1807612180709839	1.3798837305545277	0.0	0.0	0.0	0.0
13.787269353866577	1781097163.0	1781097163.2566066	5	25.0	29.0	12.0	8.0	NeuronSpectrum 10.06.2026 16:02:51	EEG	checkup_151_10.06.2026 16:02:51	500.0	499.6666666666667	True	0.5	40.0	4	True	50.0	30.0	-3.461164712905884	-1.5843622382628042	-15.097417831420898	-15.78627597630407	-16.778358459472656	-14.605803201518505	-13.305997848510742	-10.123443286478892	-20.908411026000977	-19.613091044722836	-16.864713668823242	-14.028214839760926	-6.066532135009766	-7.2853036532781745	4.756190776824951	2.360924997120933	0.0	0.0	0.0	0.0
13.78727102279663	1781097163.0	1781097163.2566082	5	25.0	29.0	12.0	8.0	NeuronSpectrum 10.06.2026 16:02:51	EEG	checkup_151_10.06.2026 16:02:51	500.0	499.6666666666667	True	0.5	40.0	4	True	50.0	30.0	-4.123435974121094	-1.7232786942065976	-16.435434341430664	-16.059515880026275	-17.017824172973633	-14.457272564372351	-12.309599876403809	-9.199148004421735	-22.424327850341797	-19.975315232726853	-17.442827224731445	-14.041517702854115	-8.93350601196289	-10.913349356837148	7.91547155380249	3.613531082558374	0.0	0.0	0.0	0.0
13.787272930145264	1781097163.0	1781097163.2566102	5	25.0	29.0	12.0	8.0	NeuronSpectrum 10.06.2026 16:02:51	EEG	checkup_151_10.06.2026 16:02:51	500.0	499.6666666666667	True	0.5	40.0	4	True	50.0	30.0	-3.6240956783294678	-1.5762058990929317	-17.524261474609375	-16.5361423509842	-17.349279403686523	-14.51301032528755	-11.999960899353027	-8.748184733829346	-23.72539520263672	-20.418653859185273	-18.150808334350586	-14.213258311155192	-12.450037956237793	-14.907252118199859	9.854894638061523	4.848507741843135	0.0	0.0	0.0	0.0
13.787274599075317	1781097163.0	1781097163.2566118	5	25.0	29.0	12.0	8.0	NeuronSpectrum 10.06.2026 16:02:51	EEG	checkup_151_10.06.2026 16:02:51	500.0	499.6666666666667	True	0.5	40.0	4	True	50.0	30.0	-2.107656955718994	-1.2011375022854607	-17.971513748168945	-17.01139121947796	-17.43060302734375	-14.548013196251178	-11.931646347045898	-8.530705322736182	-24.101184844970703	-20.69204855146299	-18.448936462402344	-14.301802218896317	-17.225662231445312	-18.709961101680772	10.40934944152832	5.793229635979379	0.0	0.0	0.0	0.0
13.78727650642395	1781097163.0	1781097163.2566137	5	25.0	29.0	12.0	8.0	NeuronSpectrum 10.06.2026 16:02:51	EEG	checkup_151_10.06.2026 16:02:51	500.0	499.6666666666667	True	0.5	40.0	4	True	50.0	30.0	-0.33458346128463745	-0.6929703105490788	-17.694671630859375	-17.29830577441695	-17.036592483520508	-14.354875695994783	-11.628196716308594	-8.292377324533849	-23.221588134765625	-20.589387175892814	-17.931001663208008	-14.097131140716845	-23.559629440307617	-21.77904389193442	9.88797664642334	6.256717823771111	0.0	0.0	0.0	0.0
13.787277936935425	1781097163.0	1781097163.2566152	5	25.0	29.0	12.0	8.0	NeuronSpectrum 10.06.2026 16:02:51	EEG	checkup_151_10.06.2026 16:02:51	500.0	499.6666666666667	True	0.5	40.0	4	True	50.0	30.0	0.793027937412262	-0.16005149659502788	-16.840608596801758	-17.271802631159556	-16.051918029785156	-13.787623277883757	-10.785673141479492	-7.814466815021955	-21.277132034301758	-19.997062716382846	-16.483278274536133	-13.464978315139707	-30.159690856933594	-23.675032343501456	8.754125595092773	6.168101272685371	0.0	0.0	0.0	0.0
13.787280082702637	1781097163.0	1781097163.2566173	5	25.0	29.0	12.0	8.0	NeuronSpectrum 10.06.2026 16:02:51	EEG	checkup_151_10.06.2026 16:02:51	500.0	499.6666666666667	True	0.5	40.0	4	True	50.0	30.0	0.8357412815093994	0.3008124246220147	-15.67369556427002	-16.896096421167847	-14.510011672973633	-12.791986203373176	-9.449472427368164	-6.955493984950003	-18.909828186035156	-18.919572409350586	-14.382685661315918	-12.373955534660137	-33.815860748291016	-24.14192289894506	7.366723537445068	5.582165922983228	0.0	0.0	0.0	0.0
13.787281513214111	1781097163.0	1781097163.2566187	5	25.0	29.0	12.0	8.0	NeuronSpectrum 10.06.2026 16:02:51	EEG	checkup_151_10.06.2026 16:02:51	500.0	499.6666666666667	True	0.5	40.0	4	True	50.0	30.0	0.07299020886421204	0.6234272280214558	-14.485127449035645	-16.229297847072907	-12.63772201538086	-11.415071167215169	-7.979351043701172	-5.675330407732983	-16.89169692993164	-17.477233183283495	-12.19978141784668	-10.89924509995248	-31.049930572509766	-23.158412712329934	5.888677597045898	4.654829844568354	0.0	0.0	0.0	0.0
13.787283182144165	1781097163.0	1781097163.2566204	5	25.0	29.0	12.0	8.0	NeuronSpectrum 10.06.2026 16:02:51	EEG	checkup_151_10.06.2026 16:02:51	500.0	499.6666666666667	True	0.5	40.0	4	True	50.0	30.0	-0.7634748220443726	0.780610121322059	-13.536020278930664	-15.404139590937511	-10.827801704406738	-9.791598541164573	-6.76870584487915	-4.036382633326797	-15.695219039916992	-15.87635182922719	-10.517038345336914	-9.201533993069418	-21.27382469177246	-20.94030292074801	4.394500732421875	3.5980781821584307	0.0	0.0	0.0	0.0
13.787284851074219	1781097163.0	1781097163.256622	5	25.0	29.0	12.0	8.0	NeuronSpectrum 10.06.2026 16:02:51	EEG	checkup_151_10.06.2026 16:02:51	500.0	499.6666666666667	True	0.5	40.0	4	True	50.0	30.0	-1.0566082000732422	0.781489548949832	-12.847785949707031	-14.589635904344078	-9.337362289428711	-8.109565177520542	-5.728699684143066	-2.182064660635335	-15.025042533874512	-14.358661168051023	-9.429423332214355	-7.485941653778322	-9.00421142578125	-17.887262921597102	2.999743938446045	2.627225379384423	0.0	0.0	0.0	0.0
13.787287950515747	1781097163.0	1781097163.2566252	5	25.0	29.0	12.0	8.0	NeuronSpectrum 10.06.2026 16:02:51	EEG	checkup_151_10.06.2026 16:02:51	500.0	499.6666666666667	True	0.5	40.0	4	True	50.0	30.0	-0.7069584131240845	0.6610176800731289	-11.913605690002441	-13.943693633393865	-7.84011697769165	-6.563749835200047	-3.8968005180358887	-0.29839370563168444	-13.62181568145752	-13.142029484325267	-8.140422821044922	-5.950973091607112	-2.672227144241333	-14.48679407228345	1.9055376052856445	1.9134784274953385	0.0	0.0	0.0	0.0
13.7872896194458	1781097163.0	1781097163.2566268	5	25.0	29.0	12.0	8.0	NeuronSpectrum 10.06.2026 16:02:51	EEG	checkup_151_10.06.2026 16:02:51	500.0	499.6666666666667	True	0.5	40.0	4	True	50.0	30.0	-0.11020176112651825	0.46654995261978066	-9.624944686889648	-13.569784862628378	-5.235377788543701	-5.309149446851868	0.3571323752403259	1.4312183192622063	-9.644744873046875	-12.36728566148148	-5.068788051605225	-4.74053878475522	-9.612671852111816	-11.20444908013289	1.3192064762115479	1.5521973156009357	0.0	0.0	0.0	0.0
13.838216304779053	1781097163.0	1781097163.3075535	5	25.0	29.0	12.0	8.0	NeuronSpectrum 10.06.2026 16:02:51	EEG	checkup_151_10.06.2026 16:02:51	500.0	499.6666666666667	True	0.5	40.0	4	True	50.0	30.0	-0.2812901735305786	0.24557674739684734	-14.258012771606445	-13.49035614764736	-7.012409210205078	-4.426856823110583	-0.22559824585914612	2.8661173872763532	-14.639378547668457	-12.065473014800626	-7.194639205932617	-3.9118538762871826	-10.666646003723145	-8.392528792583734	4.848221302032471	1.5525376144820517	0.0	0.0	0.0	0.0
13.838221549987793	1781097163.0	1781097163.3075588	5	25.0	29.0	12.0	8.0	NeuronSpectrum 10.06.2026 16:02:51	EEG	checkup_151_10.06.2026 16:02:51	500.0	499.6666666666667	True	0.5	40.0	4	True	50.0	30.0	-0.7037637829780579	0.03679517208135447	-14.618138313293457	-13.6448875268814	-6.239136695861816	-3.9114863506657804	1.3216745853424072	3.9331215825035404	-14.879007339477539	-12.154968305478743	-6.708811283111572	-3.428082157108794	-7.878838062286377	-6.23871454989358	5.898046493530273	1.8480978003403021	0.0	0.0	0.0	0.0
13.838223457336426	1781097163.0	1781097163.3075607	5	25.0	29.0	12.0	8.0	NeuronSpectrum 10.06.2026 16:02:51	EEG	checkup_151_10.06.2026 16:02:51	500.0	499.6666666666667	True	0.5	40.0	4	True	50.0	30.0	-1.1985445022583008	-0.13490174417332054	-14.525808334350586	-13.912405279219131	-5.736078262329102	-3.6827589617063228	2.2546043395996094	4.630264727109514	-14.888572692871094	-12.46906185594325	-6.345123767852783	-3.1774587130040697	-6.446201801300049	-4.759870680759149	6.003076076507568	2.3224223252636307	0.0	0.0	0.0	0.0
13.838225364685059	1781097163.0	1781097163.3075626	5	25.0	29.0	12.0	8.0	NeuronSpectrum 10.06.2026 16:02:51	EEG	checkup_151_10.06.2026 16:02:51	500.0	499.6666666666667	True	0.5	40.0	4	True	50.0	30.0	-1.4215646982192993	-0.25965431880505263	-14.240765571594238	-14.15004064449229	-5.789511680603027	-3.6164979484662054	2.306659698486328	5.010806352750424	-14.85574722290039	-12.804869661557806	-6.3015666007995605	-3.0124870573520424	-6.6400322914123535	-3.8338523325220217	5.250818729400635	2.8400651723156356	0.0	0.0	0.0	0.0
13.838226795196533	1781097163.0	1781097163.307564	5	25.0	29.0	12.0	8.0	NeuronSpectrum 10.06.2026 16:02:51	EEG	checkup_151_10.06.2026 16:02:51	500.0	499.6666666666667	True	0.5	40.0	4	True	50.0	30.0	-1.2946654558181763	-0.3403912819234645	-13.812634468078613	-14.234601914320155	-6.129703521728516	-3.584767568201606	1.8694398403167725	5.154781392648186	-14.621796607971191	-12.978160649521424	-6.269668102264404	-2.7967388450300033	-7.614673137664795	-3.2559640526220424	4.391848564147949	3.274778019623539	0.0	0.0	0.0	0.0
13.838228702545166	1781097163.0	1781097163.307566	5	25.0	29.0	12.0	8.0	NeuronSpectrum 10.06.2026 16:02:51	EEG	checkup_151_10.06.2026 16:02:51	500.0	499.6666666666667	True	0.5	40.0	4	True	50.0	30.0	-1.0260010957717896	-0.38770394327798524	-12.987021446228027	-14.094640474012046	-6.0143327713012695	-3.492937837968324	1.7531211376190186	5.138386739011013	-13.745475769042969	-12.868255636544262	-5.575912952423096	-2.4449982300255164	-7.557024955749512	-2.803953572882297	4.252873420715332	3.5301760775550384	0.0	0.0	0.0	0.0
13.83823037147522	1781097163.0	1781097163.3075676	5	25.0	29.0	12.0	8.0	NeuronSpectrum 10.06.2026 16:02:51	EEG	checkup_151_10.06.2026 16:02:51	500.0	499.6666666666667	True	0.5	40.0	4	True	50.0	30.0	-0.8780257701873779	-0.4130737216100003	-11.676351547241211	-13.725156703862789	-4.989914894104004	-3.3034478185975744	2.3345630168914795	5.010617286727324	-12.155600547790527	-12.442057274383536	-3.9611387252807617	-1.9454714021817399	-4.928350925445557	-2.294622644936074	5.050097942352295	3.55212815546865	0.0	0.0	0.0	0.0
13.838232278823853	1781097163.0	1781097163.3075695	5	25.0	29.0	12.0	8.0	NeuronSpectrum 10.06.2026 16:02:51	EEG	checkup_151_10.06.2026 16:02:51	500.0	499.6666666666667	True	0.5	40.0	4	True	50.0	30.0	-0.9222962856292725	-0.4223588595617561	-10.444129943847656	-13.183764838882226	-3.5894761085510254	-3.041284076976794	2.950917959213257	4.782322631369449	-10.647947311401367	-11.754220541436712	-2.185481548309326	-1.3594781162466116	0.06128901615738869	-1.618043451970453	6.146407127380371	3.3338340858837667	0.0	0.0	0.0	0.0
13.838233947753906	1781097163.0	1781097163.3075712	5	25.0	29.0	12.0	8.0	NeuronSpectrum 10.06.2026 16:02:51	EEG	checkup_151_10.06.2026 16:02:51	500.0	499.6666666666667	True	0.5	40.0	4	True	50.0	30.0	-1.0197417736053467	-0.4116336572066333	-10.303886413574219	-12.573396081889666	-3.1219985485076904	-2.78289389785919	2.333737373352051	4.427204363414783	-10.479207038879395	-10.928445699498296	-1.6527496576309204	-0.802045728972641	5.0018630027771	-0.743450573562617	6.501119613647461	2.913940696193774	0.0	0.0	0.0	0.0
13.83823561668396	1781097163.0	1781097163.3075728	5	25.0	29.0	12.0	8.0	NeuronSpectrum 10.06.2026 16:02:51	EEG	checkup_151_10.06.2026 16:02:51	500.0	499.6666666666667	True	0.5	40.0	4	True	50.0	30.0	-1.0028479099273682	-0.366929869021227	-11.760250091552734	-12.020074748125504	-4.489143371582031	-2.635584008403897	-0.07973028719425201	3.890096542093006	-12.140088081359863	-10.129689935592584	-3.1196422576904297	-0.41279000436043356	6.639583587646484	0.2981133717954828	5.495392799377441	2.366872252249777	0.0	0.0	0.0	0.0
13.838237047195435	1781097163.0	1781097163.3075743	5	25.0	29.0	12.0	8.0	NeuronSpectrum 10.06.2026 16:02:51	EEG	checkup_151_10.06.2026 16:02:51	500.0	499.6666666666667	True	0.5	40.0	4	True	50.0	30.0	-0.8683101534843445	-0.26832944856526436	-13.927743911743164	-11.653472503826745	-7.017714500427246	-2.7158176001479495	-3.145017385482788	3.097429144316727	-14.419415473937988	-9.53674775565523	-5.628333568572998	-0.327644500857788	3.4297595024108887	1.4409754797822392	3.4480881690979004	1.7849551405658242	0.0	0.0	0.0	0.0
13.838238954544067	1781097163.0	1781097163.3075762	5	25.0	29.0	12.0	8.0	NeuronSpectrum 10.06.2026 16:02:51	EEG	checkup_151_10.06.2026 16:02:51	500.0	499.6666666666667	True	0.5	40.0	4	True	50.0	30.0	-0.7799122333526611	-0.09759091862850373	-14.844067573547363	-11.59349054703244	-8.637840270996094	-3.131774110184537	-4.61208438873291	1.9678563919153524	-14.980425834655762	-9.31990115581268	-6.94346809387207	-0.6582124885717738	-2.579497814178467	2.6078115827082757	1.4196927547454834	1.2546758237814288	0.0	0.0	0.0	0.0
13.838240385055542	1781097163.0	1781097163.3075776	5	25.0	29.0	12.0	8.0	NeuronSpectrum 10.06.2026 16:02:51	EEG	checkup_151_10.06.2026 16:02:51	500.0	499.6666666666667	True	0.5	40.0	4	True	50.0	30.0	-0.8831433057785034	0.1526302846610591	-13.053496360778809	-11.941018141993004	-7.572906970977783	-3.970582837205935	-3.165032386779785	0.4246675055601281	-12.35174560546875	-9.622784966698104	-5.464900493621826	-1.4796956464189703	-6.061305522918701	3.721774731247686	0.4142627418041229	0.833189288681924	0.0	0.0	0.0	0.0
13.838242053985596	1781097163.0	1781097163.3075793	5	25.0	29.0	12.0	8.0	NeuronSpectrum 10.06.2026 16:02:51	EEG	checkup_151_10.06.2026 16:02:51	500.0	499.6666666666667	True	0.5	40.0	4	True	50.0	30.0	-1.1113752126693726	0.47072972531617774	-9.277752876281738	-12.768825435878407	-4.270214557647705	-5.287642067894447	-0.2618284821510315	-1.5877814664854644	-7.796148777008057	-10.545385857355972	-2.1330761909484863	-2.8246024211391374	-1.1906535625457764	4.710715963618032	0.6396844387054443	0.5333676682013618	0.0	0.0	0.0	0.0
13.83824372291565	1781097163.0	1781097163.307581	5	25.0	29.0	12.0	8.0	NeuronSpectrum 10.06.2026 16:02:51	EEG	checkup_151_10.06.2026 16:02:51	500.0	499.6666666666667	True	0.5	40.0	4	True	50.0	30.0	-1.1955615282058716	0.8223878898814823	-6.557222843170166	-14.110565159921041	-1.7553527355194092	-7.096380002381786	0.14427399635314941	-4.084656946711037	-5.182491302490234	-12.127460988928203	-0.4504092037677765	-4.679672147448974	14.514861106872559	5.51065480928699	1.3882520198822021	0.3241447458581079	0.0	0.0	0.0	0.0
13.838245391845703	1781097163.0	1781097163.3075826	5	25.0	29.0	12.0	8.0	NeuronSpectrum 10.06.2026 16:02:51	EEG	checkup_151_10.06.2026 16:02:51	500.0	499.6666666666667	True	0.5	40.0	4	True	50.0	30.0	-0.7059399485588074	1.1537563661951742	-19.571409225463867	-15.949651154165327	-16.243227005004883	-9.359776131016364	-14.097271919250488	-7.0233740008157906	-20.32611656188965	-14.335545082968302	-14.756950378417969	-6.985630145004084	2.6626381874084473	6.072034539710078	3.664228916168213	0.14757020103365764	0.0	0.0	0.0	0.0
13.838247060775757	1781097163.0	1781097163.3075843	5	25.0	29.0	12.0	8.0	NeuronSpectrum 10.06.2026 16:02:51	EEG	checkup_151_10.06.2026 16:02:51	500.0	499.6666666666667	True	0.5	40.0	4	True	50.0	30.0	0.5085087418556213	1.4026272430368563	-17.882129669189453	-18.21145693583429	-14.895881652832031	-11.986114016485134	-13.961896896362305	-10.294251056828598	-18.702503204345703	-17.05765884852881	-13.436537742614746	-9.639919962903525	5.58881950378418	6.366366680149084	4.8784499168396	-0.053065759538036175	0.0	0.0	0.0	0.0
13.83824872970581	1781097163.0	1781097163.307586	5	25.0	29.0	12.0	8.0	NeuronSpectrum 10.06.2026 16:02:51	EEG	checkup_151_10.06.2026 16:02:51	500.0	499.6666666666667	True	0.5	40.0	4	True	50.0	30.0	1.8145281076431274	1.5158248992159156	-18.098621368408203	-20.761020743633114	-15.209878921508789	-14.829887945720428	-15.677976608276367	-13.721775622170247	-19.173866271972656	-20.107310148008175	-13.770127296447754	-12.501063274472504	6.985671520233154	6.389739329075578	4.421928405761719	-0.30512980822424496	0.0	0.0	0.0	0.0
13.838251829147339	1781097163.0	1781097163.307589	5	25.0	29.0	12.0	8.0	NeuronSpectrum 10.06.2026 16:02:51	EEG	checkup_151_10.06.2026 16:02:51	500.0	499.6666666666667	True	0.5	40.0	4	True	50.0	30.0	2.524113655090332	1.4679432846813327	-21.030820846557617	-23.407339057182522	-18.054533004760742	-17.69774237572258	-19.580936431884766	-17.076121583208593	-22.644561767578125	-23.236388009023898	-16.553789138793945	-15.393231803078246	6.928146839141846	6.163351069188162	2.4614851474761963	-0.5905486413426455	0.0	0.0	0.0	0.0
13.838253736495972	1781097163.0	1781097163.307591	5	25.0	29.0	12.0	8.0	NeuronSpectrum 10.06.2026 16:02:51	EEG	checkup_151_10.06.2026 16:02:51	500.0	499.6666666666667	True	0.5	40.0	4	True	50.0	30.0	2.1874258518218994	1.2746315060104743	-25.576858520507812	-25.91633247331105	-22.439895629882812	-20.360884534647194	-24.303651809692383	-20.094178859802987	-27.95619010925293	-26.157481655004844	-20.83159065246582	-18.11274771382968	6.498273849487305	5.733815041352856	-0.029430575668811798	-0.8490374884166019	0.0	0.0	0.0	0.0
13.838255405426025	1781097163.0	1781097163.3075926	5	25.0	29.0	12.0	8.0	NeuronSpectrum 10.06.2026 16:02:51	EEG	checkup_151_10.06.2026 16:02:51	500.0	499.6666666666667	True	0.5	40.0	4	True	50.0	30.0	0.8914738297462463	0.9943238989815373	-29.579587936401367	-28.035184156145952	-26.34291648864746	-22.576881729094833	-27.8140811920166	-22.50960219294457	-32.697471618652344	-28.577012223724466	-24.711837768554688	-20.44121612317662	6.3670549392700195	5.174092592201248	-1.8102601766586304	-0.9996147206354205	0.0	0.0	0.0	0.0
13.838257312774658	1781097163.0	1781097163.3075945	5	25.0	29.0	12.0	8.0	NeuronSpectrum 10.06.2026 16:02:51	EEG	checkup_151_10.06.2026 16:02:51	500.0	499.6666666666667	True	0.5	40.0	4	True	50.0	30.0	-0.7687752842903137	0.7159295950599217	-31.396913528442383	-29.527898332435136	-28.214021682739258	-24.121582993689245	-28.889036178588867	-24.08940489443211	-34.860435485839844	-30.237635610884066	-26.75367546081543	-22.168725625104702	5.80917501449585	4.581838157871536	-2.012152671813965	-0.9712984407543229	0.0	0.0	0.0	0.0
13.838261842727661	1781097163.0	1781097163.307599	5	25.0	29.0	12.0	8.0	NeuronSpectrum 10.06.2026 16:02:51	EEG	checkup_151_10.06.2026 16:02:51	500.0	499.6666666666667	True	0.5	40.0	4	True	50.0	30.0	-2.007704496383667	0.5352918148834743	-30.89973258972168	-30.21656338135648	-27.912126541137695	-24.826730310602883	-27.819597244262695	-24.671115763746137	-34.06267547607422	-30.962759286771654	-26.797740936279297	-23.125373033761942	3.45123291015625	4.069709442688972	-0.5527437925338745	-0.7300770217595882	0.0	0.0	0.0	0.0
13.838263750076294	1781097163.0	1781097163.307601	5	25.0	29.0	12.0	8.0	NeuronSpectrum 10.06.2026 16:02:51	EEG	checkup_151_10.06.2026 16:02:51	500.0	499.6666666666667	True	0.5	40.0	4	True	50.0	30.0	-2.2539453506469727	0.5278870252382457	-29.22866439819336	-30.01865684466318	-26.45619773864746	-24.6144082504411	-25.92760467529297	-24.192415604167778	-31.54014778137207	-30.69213992874282	-25.73779296875	-23.214051211831965	-0.7222790122032166	3.744325710355069	1.8748424053192139	-0.2914708180022882	0.0	0.0	0.0	0.0
13.838265419006348	1781097163.0	1781097163.3076026	5	25.0	29.0	12.0	8.0	NeuronSpectrum 10.06.2026 16:02:51	EEG	checkup_151_10.06.2026 16:02:51	500.0	499.6666666666667	True	0.5	40.0	4	True	50.0	30.0	-1.4132245779037476	0.7270629906602463	-27.682899475097656	-28.97021546467113	-24.986753463745117	-23.51851777061571	-24.420146942138672	-22.705982173448533	-29.074838638305664	-29.49823625099571	-24.606706619262695	-22.435027928352355	-4.152840614318848	3.6770092901359597	4.184442520141602	0.2850468071082061	0.0	0.0	0.0	0.0
13.83826732635498	1781097163.0	1781097163.3076046	5	25.0	29.0	12.0	8.0	NeuronSpectrum 10.06.2026 16:02:51	EEG	checkup_151_10.06.2026 16:02:51	500.0	499.6666666666667	True	0.5	40.0	4	True	50.0	30.0	0.126624196767807	1.1151915307643516	-26.70789337158203	-27.227457706410743	-23.871164321899414	-21.685905629169827	-23.51630973815918	-20.37514204417705	-27.70499610900879	-27.577569679434134	-23.763599395751953	-20.89385750475814	-3.1003854274749756	3.876993856164054	5.416557788848877	0.915410511410569	0.0	0.0	0.0	0.0
13.838268756866455	1781097163.0	1781097163.307606	5	25.0	29.0	12.0	8.0	NeuronSpectrum 10.06.2026 16:02:51	EEG	checkup_151_10.06.2026 16:02:51	500.0	499.6666666666667	True	0.5	40.0	4	True	50.0	30.0	1.7103040218353271	1.6302723935415895	-25.73957633972168	-25.04384216672466	-22.61012077331543	-19.354137197357883	-22.413888931274414	-17.449318790446902	-27.116470336914062	-25.217182205752273	-22.759815216064453	-18.787616730585633	3.727691888809204	4.2808771497285685	5.174842357635498	1.5144806845471983	0.0	0.0	0.0	0.0
13.838270664215088	1781097163.0	1781097163.307608	5	25.0	29.0	12.0	8.0	NeuronSpectrum 10.06.2026 16:02:51	EEG	checkup_151_10.06.2026 16:02:51	500.0	499.6666666666667	True	0.5	40.0	4	True	50.0	30.0	2.7234888076782227	2.1849227771308146	-23.717754364013672	-22.724507051310034	-20.308120727539062	-16.80798843296806	-19.80224609375	-14.22166871500298	-25.84061050415039	-22.741424338725206	-20.663827896118164	-16.369389767576912	12.319378852844238	4.766669754000957	3.743898868560791	2.0139888879541274	0.0	0.0	0.0	0.0
13.838272094726562	1781097163.0	1781097163.3076093	5	25.0	29.0	12.0	8.0	NeuronSpectrum 10.06.2026 16:02:51	EEG	checkup_151_10.06.2026 16:02:51	500.0	499.6666666666667	True	0.5	40.0	4	True	50.0	30.0	2.845897674560547	2.690697489944829	-19.711450576782227	-20.565499505306743	-16.167701721191406	-14.322192250374316	-14.439719200134277	-10.975306057997123	-21.99863624572754	-20.448572756624635	-16.473051071166992	-13.896887725021	14.344340324401855	5.188644282015553	1.8885337114334106	2.3698411988660726	0.0	0.0	0.0	0.0
13.838273763656616	1781097163.0	1781097163.307611	5	25.0	29.0	12.0	8.0	NeuronSpectrum 10.06.2026 16:02:51	EEG	checkup_151_10.06.2026 16:02:51	500.0	499.6666666666667	True	0.5	40.0	4	True	50.0	30.0	2.148845672607422	3.0797364994179883	-13.216333389282227	-18.7909125487625	-9.669462203979492	-12.103324896325962	-5.553696632385254	-7.929347265883717	-14.161575317382812	-18.55064700978154	-9.397469520568848	-11.577289772868813	2.5217084884643555	5.418199534770392	0.4494663178920746	2.5602384878331645	0.0	0.0	0.0	0.0
13.889169692993164	1781097163.0	1781097163.358507	5	25.0	29.0	12.0	8.0	NeuronSpectrum 10.06.2026 16:02:51	EEG	checkup_151_10.06.2026 16:02:51	500.0	499.6666666666667	True	0.5	40.0	4	True	50.0	30.0	3.518423318862915	3.3176913803278927	-15.09665298461914	-17.50503450344659	-10.136289596557617	-10.247099968308676	-6.196949481964111	-5.199747082273686	-17.71990203857422	-17.132214144122795	-10.584738731384277	-9.524570542803424	4.782469272613525	5.3739888413631665	4.700888156890869	2.5805693052136918	0.0	0.0	0.0	0.0
13.889174699783325	1781097163.0	1781097163.358512	5	25.0	29.0	12.0	8.0	NeuronSpectrum 10.06.2026 16:02:51	EEG	checkup_151_10.06.2026 16:02:51	500.0	499.6666666666667	True	0.5	40.0	4	True	50.0	30.0	2.8307204246520996	3.4053700723458125	-15.726506233215332	-16.675391265847985	-10.1907377243042	-8.725680054782545	-5.616123676300049	-2.788748604723209	-17.990039825439453	-16.14179144964443	-10.71573257446289	-7.744288373025687	3.249423027038574	5.032090937361385	5.832351207733154	2.4408225315950274	0.0	0.0	0.0	0.0
13.889176607131958	1781097163.0	1781097163.3585138	5	25.0	29.0	12.0	8.0	NeuronSpectrum 10.06.2026 16:02:51	EEG	checkup_151_10.06.2026 16:02:51	500.0	499.6666666666667	True	0.5	40.0	4	True	50.0	30.0	1.9810360670089722	3.370065108010582	-17.520530700683594	-16.153984626959982	-11.314727783203125	-7.411117883631837	-5.878967761993408	-0.6082805251777483	-19.085756301879883	-15.420441426489438	-11.4612455368042	-6.152186300194101	0.7210522890090942	4.417174060365603	6.1232523918151855	2.1668870746355107	0.0	0.0	0.0	0.0
13.88917851448059	1781097163.0	1781097163.3585157	5	25.0	29.0	12.0	8.0	NeuronSpectrum 10.06.2026 16:02:51	EEG	checkup_151_10.06.2026 16:02:51	500.0	499.6666666666667	True	0.5	40.0	4	True	50.0	30.0	1.2999114990234375	3.25030707567508	-18.95214080810547	-15.730473339960302	-11.927428245544434	-6.128004796252596	-5.304997444152832	1.4705921956539376	-19.69091796875	-14.758819546060293	-11.286086082458496	-4.619760122234271	-1.614451289176941	3.582072519138067	5.237130165100098	1.8021979572420441	0.0	0.0	0.0	0.0
13.889179944992065	1781097163.0	1781097163.3585172	5	25.0	29.0	12.0	8.0	NeuronSpectrum 10.06.2026 16:02:51	EEG	checkup_151_10.06.2026 16:02:51	500.0	499.6666666666667	True	0.5	40.0	4	True	50.0	30.0	1.0555740594863892	3.079479826736169	-18.47077751159668	-15.198883617138407	-10.521333694458008	-4.716903151385006	-2.594154119491577	3.5610204898888234	-18.42975425720215	-13.962985791357674	-8.958126068115234	-3.028867013210981	-2.5284738540649414	2.5851692652557907	3.498426914215088	1.4046206928498381	0.0	0.0	0.0	0.0
13.88918161392212	1781097163.0	1781097163.3585188	5	25.0	29.0	12.0	8.0	NeuronSpectrum 10.06.2026 16:02:51	EEG	checkup_151_10.06.2026 16:02:51	500.0	499.6666666666667	True	0.5	40.0	4	True	50.0	30.0	1.3068124055862427	2.873885554706553	-15.51812744140625	-14.414883374378181	-6.684033393859863	-3.0861958773006966	2.198251485824585	5.717723031017676	-14.884110450744629	-12.906685144829442	-4.462967872619629	-1.3145921513659404	-1.351244330406189	1.4741882458061077	1.6802295446395874	1.0362091623611727	0.0	0.0	0.0	0.0
13.889183282852173	1781097163.0	1781097163.3585205	5	25.0	29.0	12.0	8.0	NeuronSpectrum 10.06.2026 16:02:51	EEG	checkup_151_10.06.2026 16:02:51	500.0	499.6666666666667	True	0.5	40.0	4	True	50.0	30.0	1.8390777111053467	2.629109463503504	-11.139849662780762	-13.325982810990975	-1.6129885911941528	-1.2358026411192038	7.423180103302002	7.921922144715356	-10.246782302856445	-11.55488413173455	0.6523644924163818	0.5175304359976463	1.4423686265945435	0.2817678705106633	0.5415446758270264	0.7483280972298276	0.0	0.0	0.0	0.0
13.889186143875122	1781097163.0	1781097163.3585234	5	25.0	29.0	12.0	8.0	NeuronSpectrum 10.06.2026 16:02:51	EEG	checkup_151_10.06.2026 16:02:51	500.0	499.6666666666667	True	0.5	40.0	4	True	50.0	30.0	2.2497305870056152	2.3253521936419634	-7.559833526611328	-11.969581155600151	2.4294278621673584	0.7510123699645217	10.747651100158691	10.094071001178829	-6.85299015045166	-9.95657326584772	4.0188517570495605	2.4009843363331984	4.070889472961426	-0.9676113932193069	0.4573419988155365	0.5683745189059741	0.0	0.0	0.0	0.0
13.889187812805176	1781097163.0	1781097163.358525	5	25.0	29.0	12.0	8.0	NeuronSpectrum 10.06.2026 16:02:51	EEG	checkup_151_10.06.2026 16:02:51	500.0	499.6666666666667	True	0.5	40.0	4	True	50.0	30.0	2.148885726928711	1.9390522543486954	-6.7355828285217285	-10.447322103753965	3.596054792404175	2.738177183723533	10.826414108276367	12.122604178105968	-6.5970563888549805	-8.217642123712237	4.041377544403076	4.233503787869305	4.045032024383545	-2.2461917781911542	1.3013864755630493	0.4947724279842442	0.0	0.0	0.0	0.0
13.88918948173523	1781097163.0	1781097163.3585267	5	25.0	29.0	12.0	8.0	NeuronSpectrum 10.06.2026 16:02:51	EEG	checkup_151_10.06.2026 16:02:51	500.0	499.6666666666667	True	0.5	40.0	4	True	50.0	30.0	1.379982352256775	1.4560442194518177	-8.743643760681152	-8.891951839330162	1.9685508012771606	4.5729462339536555	8.608844757080078	13.89258219206348	-9.211702346801758	-6.470512012036412	1.3540078401565552	5.902440996134183	-0.35993266105651855	-3.5170190418990415	2.5953400135040283	0.5037755476059214	0.0	0.0	0.0	0.0
13.889191389083862	1781097163.0	1781097163.3585286	5	25.0	29.0	12.0	8.0	NeuronSpectrum 10.06.2026 16:02:51	EEG	checkup_151_10.06.2026 16:02:51	500.0	499.6666666666667	True	0.5	40.0	4	True	50.0	30.0	0.12026261538267136	0.8815134619248878	-11.318028450012207	-7.4412587175998155	-0.1463426947593689	6.113062162459308	7.050466537475586	15.30295703925694	-11.926020622253418	-4.853445311322352	-1.1746469736099243	7.29926135492074	-8.4268159866333	-4.740362365668126	3.766946792602539	0.5664163409752825	0.0	0.0	0.0	0.0
13.889192819595337	1781097163.0	1781097163.35853	5	25.0	29.0	12.0	8.0	NeuronSpectrum 10.06.2026 16:02:51	EEG	checkup_151_10.06.2026 16:02:51	500.0	499.6666666666667	True	0.5	40.0	4	True	50.0	30.0	-1.1940929889678955	0.24391270135611587	-11.312756538391113	-6.224772075501188	0.2114660143852234	7.239526043804339	8.921379089355469	16.271168535520378	-11.273268699645996	-3.5021553976366318	-0.37639570236206055	8.322428177288867	-16.3867244720459	-5.890299024420229	4.362965106964111	0.669156195193016	0.0	0.0	0.0	0.0
13.889194250106812	1781097163.0	1781097163.3585315	5	25.0	29.0	12.0	8.0	NeuronSpectrum 10.06.2026 16:02:51	EEG	checkup_151_10.06.2026 16:02:51	500.0	499.6666666666667	True	0.5	40.0	4	True	50.0	30.0	-2.0839617252349854	-0.4073129769646225	-7.233067035675049	-5.359177238296387	4.181443214416504	7.859185863427113	14.174638748168945	16.731835770400163	-5.9729228019714355	-2.5467901133104816	4.540333271026611	8.876615033365628	-18.575178146362305	-6.96985813005721	4.163021087646484	0.8296406952765881	0.0	0.0	0.0	0.0
13.889195919036865	1781097163.0	1781097163.3585331	5	25.0	29.0	12.0	8.0	NeuronSpectrum 10.06.2026 16:02:51	EEG	checkup_151_10.06.2026 16:02:51	500.0	499.6666666666667	True	0.5	40.0	4	True	50.0	30.0	-2.2611501216888428	-1.0083112574929474	-0.9669073224067688	-4.944319447407076	9.554816246032715	7.90533723305655	18.97541046142578	16.637484255460212	1.2980135679244995	-2.1050149696470855	10.60885238647461	8.87749548099922	-10.214350700378418	-8.01086962573849	3.1864566802978516	1.1004239720164417	0.0	0.0	0.0	0.0
13.889197587966919	1781097163.0	1781097163.3585348	5	25.0	29.0	12.0	8.0	NeuronSpectrum 10.06.2026 16:02:51	EEG	checkup_151_10.06.2026 16:02:51	500.0	499.6666666666667	True	0.5	40.0	4	True	50.0	30.0	-1.749696969985962	-1.4893851953463841	2.930382490158081	-5.0548947595992795	11.705907821655273	7.341581890505002	17.68215560913086	15.964399038884636	5.036515712738037	-2.2674869185125925	12.50068187713623	8.265331957451535	9.476571083068848	-9.053567058177345	1.6575506925582886	1.557931344654819	0.0	0.0	0.0	0.0
13.889199256896973	1781097163.0	1781097163.3585365	5	25.0	29.0	12.0	8.0	NeuronSpectrum 10.06.2026 16:02:51	EEG	checkup_151_10.06.2026 16:02:51	500.0	499.6666666666667	True	0.5	40.0	4	True	50.0	30.0	-1.3552194833755493	-1.7842153316087501	-8.694328308105469	-5.729086353693957	0.45735493302345276	6.168651277219854	7.7946624755859375	14.721441608763033	-7.8978800773620605	-3.079707126170921	1.5662956237792969	7.023044787814739	-15.250211715698242	-10.115709801240826	4.713797569274902	2.279261232819283	0.0	0.0	0.0	0.0
13.889200687408447	1781097163.0	1781097163.358538	5	25.0	29.0	12.0	8.0	NeuronSpectrum 10.06.2026 16:02:51	EEG	checkup_151_10.06.2026 16:02:51	500.0	499.6666666666667	True	0.5	40.0	4	True	50.0	30.0	-1.76948082447052	-1.839762526471127	-8.429335594177246	-6.9582572573737025	-0.006963835563510656	4.431441131461	6.9366960525512695	12.958844969953144	-7.792998790740967	-4.527007364931474	0.7475857138633728	5.191801249975718	-15.93509292602539	-11.16877003625184	4.980279445648193	3.3133641186257643	0.0	0.0	0.0	0.0
13.88920259475708	1781097163.0	1781097163.3585398	5	25.0	29.0	12.0	8.0	NeuronSpectrum 10.06.2026 16:02:51	EEG	checkup_151_10.06.2026 16:02:51	500.0	499.6666666666667	True	0.5	40.0	4	True	50.0	30.0	-2.761497735977173	-1.6271076163690543	-9.340104103088379	-8.679719516806044	-1.2632635831832886	2.2251810266681944	5.855276584625244	10.776652558492135	-9.023340225219727	-6.526032411449384	-1.1141167879104614	2.880220418653371	-15.813535690307617	-12.13179609879334	5.175261974334717	4.654529917652685	0.0	0.0	0.0	0.0
13.889204025268555	1781097163.0	1781097163.3585413	5	25.0	29.0	12.0	8.0	NeuronSpectrum 10.06.2026 16:02:51	EEG	checkup_151_10.06.2026 16:02:51	500.0	499.6666666666667	True	0.5	40.0	4	True	50.0	30.0	-3.610450267791748	-1.1520045931696814	-11.086153984069824	-10.771934075808616	-2.975917100906372	-0.29879355557844134	4.800747394561768	8.33336591539144	-11.161212921142578	-8.922057553547422	-3.427558183670044	0.26696533554550617	-14.262659072875977	-12.879264348999348	5.770183563232422	6.225539675287268	0.0	0.0	0.0	0.0
13.889205932617188	1781097163.0	1781097163.3585432	5	25.0	29.0	12.0	8.0	NeuronSpectrum 10.06.2026 16:02:51	EEG	checkup_151_10.06.2026 16:02:51	500.0	499.6666666666667	True	0.5	40.0	4	True	50.0	30.0	-3.4327712059020996	-0.4616260716915603	-13.007364273071289	-13.052586984259124	-4.730071544647217	-2.929445337242619	3.7692012786865234	5.851726342860747	-13.461339950561523	-11.491907300037102	-5.579864025115967	-2.403660032318517	-11.389217376708984	-13.252292967109272	7.380893230438232	7.876284676648625	0.0	0.0	0.0	0.0
13.889207363128662	1781097163.0	1781097163.3585446	5	25.0	29.0	12.0	8.0	NeuronSpectrum 10.06.2026 16:02:51	EEG	checkup_151_10.06.2026 16:02:51	500.0	499.6666666666667	True	0.5	40.0	4	True	50.0	30.0	-1.8330835103988647	0.35716276321576484	-14.646177291870117	-15.283745285842883	-6.409304618835449	-5.400706138071148	2.4483723640441895	3.613494075578391	-15.391897201538086	-13.9558630461194	-7.35358190536499	-4.836364782536949	-8.553516387939453	-13.068388538855414	10.182576179504395	9.401027776298985	0.0	0.0	0.0	0.0
13.889209032058716	1781097163.0	1781097163.3585463	5	25.0	29.0	12.0	8.0	NeuronSpectrum 10.06.2026 16:02:51	EEG	checkup_151_10.06.2026 16:02:51	500.0	499.6666666666667	True	0.5	40.0	4	True	50.0	30.0	0.717450737953186	1.1910060190429295	-16.00151824951172	-17.19034371661542	-8.209935188293457	-7.412204856532561	0.5431808233261108	1.9339824974624267	-16.877826690673828	-16.003870126205058	-8.905881881713867	-6.714334876145424	-7.854959964752197	-12.135733519855899	13.461596488952637	10.573093464542895	0.0	0.0	0.0	0.0
13.88921046257019	1781097163.0	1781097163.3585477	5	25.0	29.0	12.0	8.0	NeuronSpectrum 10.06.2026 16:02:51	EEG	checkup_151_10.06.2026 16:02:51	500.0	499.6666666666667	True	0.5	40.0	4	True	50.0	30.0	3.0982797145843506	1.9233348359067783	-17.292701721191406	-18.496007252032108	-10.208043098449707	-8.670334252298595	-1.6967965364456177	1.1124236483264272	-18.07891273498535	-17.33880703203647	-10.317328453063965	-7.745248357774507	-10.38351058959961	-10.283090631603477	15.821687698364258	11.19009794684972	0.0	0.0	0.0	0.0
13.889212131500244	1781097163.0	1781097163.3585494	5	25.0	29.0	12.0	8.0	NeuronSpectrum 10.06.2026 16:02:51	EEG	checkup_151_10.06.2026 16:02:51	500.0	499.6666666666667	True	0.5	40.0	4	True	50.0	30.0	4.217187881469727	2.461220645489724	-18.536516189575195	-18.9742836481389	-11.951094627380371	-8.946215934609755	-3.3228859901428223	1.364202016610764	-19.028226852416992	-17.733377512274288	-11.229842185974121	-7.719319812570862	-14.448715209960938	-7.410434536782358	15.989094734191895	11.11809076580955	0.0	0.0	0.0	0.0
13.889213800430298	1781097163.0	1781097163.358551	5	25.0	29.0	12.0	8.0	NeuronSpectrum 10.06.2026 16:02:51	EEG	checkup_151_10.06.2026 16:02:51	500.0	499.6666666666667	True	0.5	40.0	4	True	50.0	30.0	3.690491199493408	2.7564461850853164	-19.354440689086914	-18.50607200688881	-12.546900749206543	-8.138385092001311	-3.1934616565704346	2.7511844586228045	-19.48927116394043	-17.08994557800146	-10.987774848937988	-6.567792640836096	-15.617894172668457	-3.550861643403686	13.681013107299805	10.321921509697566	0.0	0.0	0.0	0.0
13.889215469360352	1781097163.0	1781097163.3585527	5	25.0	29.0	12.0	8.0	NeuronSpectrum 10.06.2026 16:02:51	EEG	checkup_151_10.06.2026 16:02:51	500.0	499.6666666666667	True	0.5	40.0	4	True	50.0	30.0	2.0418379306793213	2.812830121908223	-19.19790267944336	-17.12821915749253	-11.299972534179688	-6.322087552511084	-0.858796238899231	5.1319673872262905	-19.12567138671875	-15.487305006049636	-9.214767456054688	-4.405671858432763	-9.485127449035645	1.0801334710448425	9.861701011657715	8.873114920473839	0.0	0.0	0.0	0.0
13.889217138290405	1781097163.0	1781097163.3585544	5	25.0	29.0	12.0	8.0	NeuronSpectrum 10.06.2026 16:02:51	EEG	checkup_151_10.06.2026 16:02:51	500.0	499.6666666666667	True	0.5	40.0	4	True	50.0	30.0	0.3021967113018036	2.6772080280855617	-17.778100967407227	-15.05655157799268	-8.377681732177734	-3.7670106591909276	2.920335292816162	8.151752824564447	-17.760894775390625	-13.197490064080275	-6.302107810974121	-1.542865862848876	4.157911777496338	6.075882638468048	6.116480827331543	6.934254591750459	0.0	0.0	0.0	0.0
13.889223337173462	1781097163.0	1781097163.3585606	5	25.0	29.0	12.0	8.0	NeuronSpectrum 10.06.2026 16:02:51	EEG	checkup_151_10.06.2026 16:02:51	500.0	499.6666666666667	True	0.5	40.0	4	True	50.0	30.0	-0.6762648820877075	2.41827940901651	-15.189497947692871	-12.670578929256543	-4.767594337463379	-0.9119513455293409	6.679703235626221	11.281911024280296	-15.31299114227295	-10.66063701821375	-3.166182518005371	1.5460004135183516	19.05637550354004	10.886374889543077	3.6532020568847656	4.726821382876363	0.0	0.0	0.0	0.0
13.889225006103516	1781097163.0	1781097163.3585622	5	25.0	29.0	12.0	8.0	NeuronSpectrum 10.06.2026 16:02:51	EEG	checkup_151_10.06.2026 16:02:51	500.0	499.6666666666667	True	0.5	40.0	4	True	50.0	30.0	-0.6985259056091309	2.1024033247041034	-11.560715675354004	-10.45639362273672	-1.3962643146514893	1.7035320705286576	9.552955627441406	13.905498689380158	-11.418619155883789	-8.416085364366442	-0.329693466424942	4.292626420493045	24.79085350036621	14.916247942123698	2.648439407348633	2.493780835915512	0.0	0.0	0.0	0.0
13.889226913452148	1781097163.0	1781097163.3585641	5	25.0	29.0	12.0	8.0	NeuronSpectrum 10.06.2026 16:02:51	EEG	checkup_151_10.06.2026 16:02:51	500.0	499.6666666666667	True	0.5	40.0	4	True	50.0	30.0	-0.19845031201839447	1.7760214243503747	-6.6132378578186035	-8.91639640946929	1.862162709236145	3.537961446885609	12.253643989562988	15.431969856677037	-5.241631507873535	-7.000785805183072	2.8552472591400146	6.135309090474338	13.267763137817383	17.646120410775133	2.4184579849243164	0.4670974021731247	0.0	0.0	0.0	0.0
13.9400954246521	1781097163.0	1781097163.4094326	5	25.0	29.0	12.0	8.0	NeuronSpectrum 10.06.2026 16:02:51	EEG	checkup_151_10.06.2026 16:02:51	500.0	499.6666666666667	True	0.5	40.0	4	True	50.0	30.0	2.201889753341675	1.4605707609586376	-8.04313850402832	-8.465348582755981	2.989393472671509	4.155539064980229	13.892438888549805	15.416057032750388	-8.025054931640625	-6.83738484315893	5.064027309417725	6.628097700669937	18.268762588500977	18.743651749637717	3.3052992820739746	-1.1550356043583005	0.0	0.0	0.0	0.0
13.94010043144226	1781097163.0	1781097163.4094377	5	25.0	29.0	12.0	8.0	NeuronSpectrum 10.06.2026 16:02:51	EEG	checkup_151_10.06.2026 16:02:51	500.0	499.6666666666667	True	0.5	40.0	4	True	50.0	30.0	2.3152108192443848	1.159541861832714	-7.332591533660889	-9.337751782842044	3.2000832557678223	3.317622449165574	12.998544692993164	13.654138987536758	-8.141716003417969	-8.139433582821578	4.801126956939697	5.5346340362099635	18.043203353881836	18.13803679783031	1.5486383438110352	-2.2226090466937145	0.0	0.0	0.0	0.0
13.940102815628052	1781097163.0	1781097163.40944	5	25.0	29.0	12.0	8.0	NeuronSpectrum 10.06.2026 16:02:51	EEG	checkup_151_10.06.2026 16:02:51	500.0	499.6666666666667	True	0.5	40.0	4	True	50.0	30.0	1.4257915019989014	0.871893841813356	-8.84631061553955	-11.529519358575724	1.2112131118774414	1.0367390881439673	9.97640609741211	10.236176145365029	-10.399574279785156	-10.857504087972071	2.33235764503479	2.8847131821098353	15.812198638916016	16.04412121770071	-0.9547035098075867	-2.644351349687461	0.0	0.0	0.0	0.0
13.940104246139526	1781097163.0	1781097163.4094415	5	25.0	29.0	12.0	8.0	NeuronSpectrum 10.06.2026 16:02:51	EEG	checkup_151_10.06.2026 16:02:51	500.0	499.6666666666667	True	0.5	40.0	4	True	50.0	30.0	0.050833191722631454	0.6040503259897506	-12.649711608886719	-14.78836042441297	-2.9293439388275146	-2.41929811827219	4.818553924560547	5.541015105500975	-14.683616638183594	-14.6791539348336	-2.1708035469055176	-1.0203958103767425	11.880391120910645	12.932404576399191	-2.733812093734741	-2.397335543265675	0.0	0.0	0.0	0.0
13.94010615348816	1781097163.0	1781097163.4094434	5	25.0	29.0	12.0	8.0	NeuronSpectrum 10.06.2026 16:02:51	EEG	checkup_151_10.06.2026 16:02:51	500.0	499.6666666666667	True	0.5	40.0	4	True	50.0	30.0	-1.130570650100708	0.3748366273028647	-17.771076202392578	-18.655499671225684	-8.327573776245117	-6.574007807120463	-1.7730458974838257	0.17515342965475955	-20.003490447998047	-19.08218057602392	-7.81359338760376	-5.656106051989383	7.016049861907959	9.449046793534405	-2.575925827026367	-1.5338393796345045	0.0	0.0	0.0	0.0
13.940107583999634	1781097163.0	1781097163.4094448	5	25.0	29.0	12.0	8.0	NeuronSpectrum 10.06.2026 16:02:51	EEG	checkup_151_10.06.2026 16:02:51	500.0	499.6666666666667	True	0.5	40.0	4	True	50.0	30.0	-1.6712392568588257	0.2122335371025477	-22.72246551513672	-22.549737223990824	-13.63403606414795	-10.829198332514608	-8.569561004638672	-5.133014340457227	-25.013147354125977	-23.428825508241616	-13.381630897521973	-10.366322233794401	2.580101490020752	6.298716293717057	-0.32432666420936584	-0.17974825199936806	0.0	0.0	0.0	0.0
13.940109491348267	1781097163.0	1781097163.4094467	5	25.0	29.0	12.0	8.0	NeuronSpectrum 10.06.2026 16:02:51	EEG	checkup_151_10.06.2026 16:02:51	500.0	499.6666666666667	True	0.5	40.0	4	True	50.0	30.0	-1.513508915901184	0.14489957549427163	-26.550893783569336	-25.87607079053905	-17.939029693603516	-14.573803122080095	-14.537044525146484	-9.662557264014895	-28.980812072753906	-27.081057347215857	-18.135499954223633	-14.480057665341366	0.03232324868440628	4.112301312122965	3.1152567863464355	1.4809030714563634	0.0	0.0	0.0	0.0
13.940110921859741	1781097163.0	1781097163.4094481	5	25.0	29.0	12.0	8.0	NeuronSpectrum 10.06.2026 16:02:51	EEG	checkup_151_10.06.2026 16:02:51	500.0	499.6666666666667	True	0.5	40.0	4	True	50.0	30.0	-0.8971977829933167	0.19308328182065745	-29.41604995727539	-28.136854863785825	-21.30364227294922	-17.292829728551958	-19.31934356689453	-12.827789299532732	-32.21929168701172	-29.514568312409807	-22.1622314453125	-17.429922133748082	0.10124387592077255	3.3273053177681096	6.449676036834717	3.2357439381617317	0.0	0.0	0.0	0.0
13.940112590789795	1781097163.0	1781097163.4094498	5	25.0	29.0	12.0	8.0	NeuronSpectrum 10.06.2026 16:02:51	EEG	checkup_151_10.06.2026 16:02:51	500.0	499.6666666666667	True	0.5	40.0	4	True	50.0	30.0	-0.15213172137737274	0.36259765843142683	-31.98461151123047	-29.02397570285702	-24.23303985595703	-18.65599038742741	-22.830799102783203	-14.279793520290879	-35.33097457885742	-30.410893778758876	-25.73717498779297	-18.85021742649773	2.2682511806488037	4.107646053337026	8.756523132324219	4.8819833592414374	0.0	0.0	0.0	0.0
13.940114259719849	1781097163.0	1781097163.4094515	5	25.0	29.0	12.0	8.0	NeuronSpectrum 10.06.2026 16:02:51	EEG	checkup_151_10.06.2026 16:02:51	500.0	499.6666666666667	True	0.5	40.0	4	True	50.0	30.0	0.45679429173469543	0.6431251231598737	-34.06913375854492	-28.47444005115652	-26.4475040435791	-18.569968651564583	-24.31119728088379	-13.961517909280655	-37.798683166503906	-29.711276505942052	-28.16985511779785	-18.63632537202987	5.152003765106201	6.320946439277856	9.813651084899902	6.2614981398813105	0.0	0.0	0.0	0.0
13.940115928649902	1781097163.0	1781097163.4094532	5	25.0	29.0	12.0	8.0	NeuronSpectrum 10.06.2026 16:02:51	EEG	checkup_151_10.06.2026 16:02:51	500.0	499.6666666666667	True	0.5	40.0	4	True	50.0	30.0	0.7925071716308594	1.0098484241495376	-33.90946960449219	-26.67755105125992	-26.240076065063477	-17.18417203144016	-22.05190658569336	-12.104041405045798	-37.423892974853516	-27.621193786375258	-27.44476318359375	-16.953087026163033	7.660878658294678	9.57780377984774	9.894027709960938	7.282203394112061	0.0	0.0	0.0	0.0
13.940117359161377	1781097163.0	1781097163.4094546	5	25.0	29.0	12.0	8.0	NeuronSpectrum 10.06.2026 16:02:51	EEG	checkup_151_10.06.2026 16:02:51	500.0	499.6666666666667	True	0.5	40.0	4	True	50.0	30.0	0.8395577073097229	1.426401322914121	-29.21761131286621	-24.02933492864333	-21.509626388549805	-14.847134509100158	-14.693663597106934	-9.162589831781574	-31.691913604736328	-24.56141696082771	-21.548120498657227	-14.188185538109261	10.042375564575195	13.323195611917567	9.308998107910156	7.919679477844157	0.0	0.0	0.0	0.0
13.940118789672852	1781097163.0	1781097163.409456	5	25.0	29.0	12.0	8.0	NeuronSpectrum 10.06.2026 16:02:51	EEG	checkup_151_10.06.2026 16:02:51	500.0	499.6666666666667	True	0.5	40.0	4	True	50.0	30.0	0.683038055896759	1.8476624822829866	-19.46392250061035	-21.040274319207043	-11.967166900634766	-12.020560103330872	-3.34344482421875	-5.7049305210839805	-20.347896575927734	-21.071924069708007	-10.75046443939209	-10.858136599079664	14.073047637939453	16.958737344704975	8.13509464263916	8.200584402160285	0.0	0.0	0.0	0.0
13.940120458602905	1781097163.0	1781097163.4094577	5	25.0	29.0	12.0	8.0	NeuronSpectrum 10.06.2026 16:02:51	EEG	checkup_151_10.06.2026 16:02:51	500.0	499.6666666666667	True	0.5	40.0	4	True	50.0	30.0	0.4750746786594391	2.222399104749399	-7.50313663482666	-18.215775997930997	-0.6656445860862732	-9.170240101753691	7.454680442810059	-2.2795974879649767	-7.032103061676025	-17.68903184129327	1.1177788972854614	-7.488514948542755	22.058069229125977	19.96752602397364	6.281718730926514	8.176494475567917	0.0	0.0	0.0	0.0
13.94012188911438	1781097163.0	1781097163.409459	5	25.0	29.0	12.0	8.0	NeuronSpectrum 10.06.2026 16:02:51	EEG	checkup_151_10.06.2026 16:02:51	500.0	499.6666666666667	True	0.5	40.0	4	True	50.0	30.0	0.37408795952796936	2.497153659188395	1.2421563863754272	-15.941183793323429	6.893176555633545	-6.6637851641111245	11.463276863098145	0.6988362555807224	1.9231692552566528	-14.82900550953469	8.024154663085938	-4.501539445030199	34.98674774169922	22.011216025464005	3.771901845932007	7.900553959545693	0.0	0.0	0.0	0.0
13.991062879562378	1781097163.0	1781097163.4604	5	25.0	29.0	12.0	8.0	NeuronSpectrum 10.06.2026 16:02:51	EEG	checkup_151_10.06.2026 16:02:51	500.0	499.6666666666667	True	0.5	40.0	4	True	50.0	30.0	1.6618467569351196	2.623031649276546	-16.271005630493164	-14.406570508620222	-9.856197357177734	-4.706829806455295	-3.311063528060913	3.012927953977321	-17.91042137145996	-12.714165497120524	-7.9891743659973145	-2.1451366074736224	21.637834548950195	22.97344382893076	10.931268692016602	7.417638165285559	0.0	0.0	0.0	0.0
13.99107027053833	1781097163.0	1781097163.4604075	5	25.0	29.0	12.0	8.0	NeuronSpectrum 10.06.2026 16:02:51	EEG	checkup_151_10.06.2026 16:02:51	500.0	499.6666666666667	True	0.5	40.0	4	True	50.0	30.0	2.510824203491211	2.565714444775812	-17.113744735717773	-13.59455367036953	-10.329277992248535	-3.336585257729987	-4.0636444091796875	4.637678196589	-18.060821533203125	-11.363527359294674	-8.13463306427002	-0.48314142621282224	18.067707061767578	22.93765007076528	12.145042419433594	6.771364912694964	0.0	0.0	0.0	0.0
13.991072654724121	1781097163.0	1781097163.4604099	5	25.0	29.0	12.0	8.0	NeuronSpectrum 10.06.2026 16:02:51	EEG	checkup_151_10.06.2026 16:02:51	500.0	499.6666666666667	True	0.5	40.0	4	True	50.0	30.0	2.8241894245147705	2.3165902847913356	-18.71931266784668	-13.329961715551349	-11.027149200439453	-2.468099764388265	-4.7870683670043945	5.678555862622138	-18.556575775146484	-10.643607664972782	-8.575957298278809	0.5586734519081509	14.596392631530762	22.109739189829448	11.723379135131836	6.021109558818783	0.0	0.0	0.0	0.0
13.991074323654175	1781097163.0	1781097163.4604115	5	25.0	29.0	12.0	8.0	NeuronSpectrum 10.06.2026 16:02:51	EEG	checkup_151_10.06.2026 16:02:51	500.0	499.6666666666667	True	0.5	40.0	4	True	50.0	30.0	2.30850887298584	1.9007960083980744	-19.8453369140625	-13.366487607904885	-10.915288925170898	-1.967419572184418	-4.430393218994141	6.284093285009909	-18.464384078979492	-10.351326117931743	-8.341813087463379	1.1176680918120911	12.975296020507812	20.71754170093066	9.432769775390625	5.255049555128879	0.0	0.0	0.0	0.0
13.991075992584229	1781097163.0	1781097163.4604132	5	25.0	29.0	12.0	8.0	NeuronSpectrum 10.06.2026 16:02:51	EEG	checkup_151_10.06.2026 16:02:51	500.0	499.6666666666667	True	0.5	40.0	4	True	50.0	30.0	1.0918627977371216	1.3777195217747749	-19.378990173339844	-13.47538630405103	-9.288980484008789	-1.7189788457714212	-2.3971445560455322	6.569842835210612	-17.1118106842041	-10.293435013645677	-6.829921722412109	1.3239493696220102	13.957414627075195	18.927120141761534	5.99345588684082	4.5862348676445475	0.0	0.0	0.0	0.0
13.991077661514282	1781097163.0	1781097163.460415	5	25.0	29.0	12.0	8.0	NeuronSpectrum 10.06.2026 16:02:51	EEG	checkup_151_10.06.2026 16:02:51	500.0	499.6666666666667	True	0.5	40.0	4	True	50.0	30.0	-0.34859347343444824	0.8316597322249593	-16.9656925201416	-13.507177102889939	-6.250926494598389	-1.663171039021106	1.0670136213302612	6.57945778536022	-14.469441413879395	-10.336408995063014	-4.168392658233643	1.2588954961356051	16.520830154418945	16.805448937437223	2.8020517826080322	4.127666831626963	0.0	0.0	0.0	0.0
13.991079568862915	1781097163.0	1781097163.4604168	5	25.0	29.0	12.0	8.0	NeuronSpectrum 10.06.2026 16:02:51	EEG	checkup_151_10.06.2026 16:02:51	500.0	499.6666666666667	True	0.5	40.0	4	True	50.0	30.0	-1.4702250957489014	0.35400127408933524	-13.32508373260498	-13.412516446301213	-2.8211984634399414	-1.7965344985333505	4.819665908813477	6.290023637530289	-11.272445678710938	-10.41812799191275	-1.2423192262649536	0.9504168532146842	17.98468017578125	14.336017637386627	1.2365301847457886	3.9541877340732037	0.0	0.0	0.0	0.0
13.991081237792969	1781097163.0	1781097163.4604185	5	25.0	29.0	12.0	8.0	NeuronSpectrum 10.06.2026 16:02:51	EEG	checkup_151_10.06.2026 16:02:51	500.0	499.6666666666667	True	0.5	40.0	4	True	50.0	30.0	-1.9513707160949707	0.021715034977288734	-9.95105266571045	-13.224893768971928	-0.47297441959381104	-2.142808372779954	7.279379367828369	5.651215243981012	-8.719035148620605	-10.52864567838933	0.7275022268295288	0.39731963154130623	15.53779125213623	11.470534082732794	1.9225870370864868	4.067223970911076	0.0	0.0	0.0	0.0
13.991082906723022	1781097163.0	1781097163.4604201	5	25.0	29.0	12.0	8.0	NeuronSpectrum 10.06.2026 16:02:51	EEG	checkup_151_10.06.2026 16:02:51	500.0	499.6666666666667	True	0.5	40.0	4	True	50.0	30.0	-1.8000919818878174	-0.12133719782832894	-8.350163459777832	-13.020036622909151	-0.35627657175064087	-2.7128922920275222	7.164864540100098	4.636952489910448	-7.912693977355957	-10.676740231305539	0.7856321930885315	-0.3941942721577044	8.461935043334961	8.187129190615714	4.400877952575684	4.379048794497784	0.0	0.0	0.0	0.0
13.991084575653076	1781097163.0	1781097163.4604218	5	25.0	29.0	12.0	8.0	NeuronSpectrum 10.06.2026 16:02:51	EEG	checkup_151_10.06.2026 16:02:51	500.0	499.6666666666667	True	0.5	40.0	4	True	50.0	30.0	-1.2480565309524536	-0.07460375731972564	-9.21440601348877	-12.871751472425775	-2.6515893936157227	-3.4731922736347176	4.149604797363281	3.2864521902061	-9.293085098266602	-10.860195356091277	-1.2812445163726807	-1.3802534591339093	-0.6409363150596619	4.5283255662923185	7.367677211761475	4.72607092987321	0.0	0.0	0.0	0.0
13.99108624458313	1781097163.0	1781097163.4604235	5	25.0	29.0	12.0	8.0	NeuronSpectrum 10.06.2026 16:02:51	EEG	checkup_151_10.06.2026 16:02:51	500.0	499.6666666666667	True	0.5	40.0	4	True	50.0	30.0	-0.5653319358825684	0.12034835432785666	-12.009806632995605	-12.820734242892893	-6.454627990722656	-4.335566014295122	-0.9137173295021057	1.7184324419482446	-12.33163070678711	-11.051883180387813	-4.829618453979492	-2.4679635625584466	-7.135600566864014	0.6072794607952874	9.347495079040527	4.909118036879825	0.0	0.0	0.0	0.0
13.991087913513184	1781097163.0	1781097163.4604251	5	25.0	29.0	12.0	8.0	NeuronSpectrum 10.06.2026 16:02:51	EEG	checkup_151_10.06.2026 16:02:51	500.0	499.6666666666667	True	0.5	40.0	4	True	50.0	30.0	0.06258098781108856	0.3917288933084329	-15.220011711120605	-12.863986282559972	-10.230351448059082	-5.171448334550441	-6.288846015930176	0.11431610615692278	-15.646768569946289	-11.2040376449054	-8.627341270446777	-3.5261089628027844	-7.928847312927246	-3.4114714578832452	9.41600513458252	4.748002269778248	0.0	0.0	0.0	0.0
13.991089582443237	1781097163.0	1781097163.4604268	5	25.0	29.0	12.0	8.0	NeuronSpectrum 10.06.2026 16:02:51	EEG	checkup_151_10.06.2026 16:02:51	500.0	499.6666666666667	True	0.5	40.0	4	True	50.0	30.0	0.5350085496902466	0.6563749028775075	-16.985029220581055	-12.962468125958631	-12.422111511230469	-5.842635141439147	-9.883744239807129	-1.3216233094226972	-17.375896453857422	-11.264245906692851	-11.197288513183594	-4.411935018829155	-4.7487287521362305	-7.340896262057251	7.578153610229492	4.1323740135050695	0.0	0.0	0.0	0.0
13.991091012954712	1781097163.0	1781097163.4604282	5	25.0	29.0	12.0	8.0	NeuronSpectrum 10.06.2026 16:02:51	EEG	checkup_151_10.06.2026 16:02:51	500.0	499.6666666666667	True	0.5	40.0	4	True	50.0	30.0	0.7815371751785278	0.8401722581325715	-15.752291679382324	-13.058316825129983	-11.833377838134766	-6.235930950038148	-9.767792701721191	-2.4100850935653946	-15.672300338745117	-11.192748643426174	-11.078035354614258	-5.0031195875720424	-4.131429672241211	-10.996742717729704	4.651768684387207	3.052787986777672	0.0	0.0	0.0	0.0
13.991092920303345	1781097163.0	1781097163.4604301	5	25.0	29.0	12.0	8.0	NeuronSpectrum 10.06.2026 16:02:51	EEG	checkup_151_10.06.2026 16:02:51	500.0	499.6666666666667	True	0.5	40.0	4	True	50.0	30.0	0.7481761574745178	0.894738604286814	-10.680739402770996	-13.092775028128358	-7.7172136306762695	-6.290051312012	-4.64510440826416	-3.0376123053889983	-9.255988121032715	-10.973109805285564	-7.062858581542969	-5.224754437859238	-13.076390266418457	-14.215646985170352	1.7846753597259521	1.6035039059785627	0.0	0.0	0.0	0.0
13.99109435081482	1781097163.0	1781097163.4604316	5	25.0	29.0	12.0	8.0	NeuronSpectrum 10.06.2026 16:02:51	EEG	checkup_151_10.06.2026 16:02:51	500.0	499.6666666666667	True	0.5	40.0	4	True	50.0	30.0	-0.3665066957473755	0.8066042221572527	-15.526256561279297	-13.020348564167707	-10.456454277038574	-6.008840559112599	-8.832842826843262	-3.1813558318285984	-14.657526016235352	-10.614715107134874	-10.409255027770996	-5.065739737410288	-23.31743049621582	-16.86954195135701	-0.11119642853736877	-0.04191585539525593	0.0	0.0	0.0	0.0
13.991097927093506	1781097163.0	1781097163.4604352	5	25.0	29.0	12.0	8.0	NeuronSpectrum 10.06.2026 16:02:51	EEG	checkup_151_10.06.2026 16:02:51	500.0	499.6666666666667	True	0.5	40.0	4	True	50.0	30.0	-0.5587760806083679	0.597537253654153	-15.127717971801758	-12.818995923900074	-9.714679718017578	-5.460622892676913	-8.56046199798584	-2.915069721754442	-14.390585899353027	-10.150558424805087	-10.496172904968262	-4.5834434258339405	-24.66844940185547	-18.87859648004722	-0.733303427696228	-1.6735502916650777	0.0	0.0	0.0	0.0
13.991099834442139	1781097163.0	1781097163.460437	5	25.0	29.0	12.0	8.0	NeuronSpectrum 10.06.2026 16:02:51	EEG	checkup_151_10.06.2026 16:02:51	500.0	499.6666666666667	True	0.5	40.0	4	True	50.0	30.0	-0.629905641078949	0.31707597719508657	-14.784597396850586	-12.49664476386492	-8.911259651184082	-4.7658805738609304	-7.923914432525635	-2.396754981640345	-13.932570457458496	-9.633474265536986	-9.960474967956543	-3.896709060077502	-25.45568084716797	-20.218930367645914	-1.7841013669967651	-3.0944288482929756	0.0	0.0	0.0	0.0
13.991101503372192	1781097163.0	1781097163.4604387	5	25.0	29.0	12.0	8.0	NeuronSpectrum 10.06.2026 16:02:51	EEG	checkup_151_10.06.2026 16:02:51	500.0	499.6666666666667	True	0.5	40.0	4	True	50.0	30.0	-0.7157548666000366	0.029927187076399714	-13.899126052856445	-12.091796852194255	-7.527328968048096	-4.074803608538936	-6.304051876068115	-1.8384415613351648	-12.63408374786377	-9.12981315423737	-8.133471488952637	-3.1661364130596326	-25.196224212646484	-20.91837643239028	-3.516380786895752	-4.164337456097636	0.0	0.0	0.0	0.0
13.991103410720825	1781097163.0	1781097163.4604406	5	25.0	29.0	12.0	8.0	NeuronSpectrum 10.06.2026 16:02:51	EEG	checkup_151_10.06.2026 16:02:51	500.0	499.6666666666667	True	0.5	40.0	4	True	50.0	30.0	-0.9424708485603333	-0.19865168442534362	-11.94486141204834	-11.66452963706856	-5.259130954742432	-3.535919769438212	-3.5179553031921387	-1.4596982753826253	-10.134929656982422	-8.706830450888644	-4.904134273529053	-2.5608625210747737	-23.48668098449707	-21.037200799852375	-5.217947959899902	-4.828668330950694	0.0	0.0	0.0	0.0
13.9911048412323	1781097163.0	1781097163.460442	5	25.0	29.0	12.0	8.0	NeuronSpectrum 10.06.2026 16:02:51	EEG	checkup_151_10.06.2026 16:02:51	500.0	499.6666666666667	True	0.5	40.0	4	True	50.0	30.0	-1.2873263359069824	-0.3166795693361882	-9.138885498046875	-11.276802990563114	-2.588815450668335	-3.2595904173324874	-0.42519161105155945	-1.4314245250559783	-6.965799331665039	-8.412453753755313	-1.2250378131866455	-2.215541660822867	-20.3890438079834	-20.638100455478448	-5.780623435974121	-5.126003039648085	0.0	0.0	0.0	0.0
13.99110746383667	1781097163.0	1781097163.4604447	5	25.0	29.0	12.0	8.0	NeuronSpectrum 10.06.2026 16:02:51	EEG	checkup_151_10.06.2026 16:02:51	500.0	499.6666666666667	True	0.5	40.0	4	True	50.0	30.0	-1.5471142530441284	-0.2961634799081786	-6.74864387512207	-10.966974501962328	-0.9142972230911255	-3.2850545911160114	1.0954530239105225	-1.8238349906969749	-4.699982643127441	-8.252617130456347	0.9727773666381836	-2.188544145243589	-16.683542251586914	-19.756204737471208	-4.7002363204956055	-5.171982172487873	0.0	0.0	0.0	0.0
13.991109132766724	1781097163.0	1781097163.4604464	5	25.0	29.0	12.0	8.0	NeuronSpectrum 10.06.2026 16:02:51	EEG	checkup_151_10.06.2026 16:02:51	500.0	499.6666666666667	True	0.5	40.0	4	True	50.0	30.0	-1.4750113487243652	-0.138798779172077	-6.549984455108643	-10.729366205209336	-1.8866201639175415	-3.563598175244388	-0.88103848695755	-2.5774956610949036	-5.218090057373047	-8.177584830752764	-0.26413264870643616	-2.43792488219973	-13.74655532836914	-18.382352574605918	-2.632262945175171	-5.12223516793746	0.0	0.0	0.0	0.0
13.991111755371094	1781097163.0	1781097163.460449	5	25.0	29.0	12.0	8.0	NeuronSpectrum 10.06.2026 16:02:51	EEG	checkup_151_10.06.2026 16:02:51	500.0	499.6666666666667	True	0.5	40.0	4	True	50.0	30.0	-0.9803429841995239	0.1246303260240146	-9.513450622558594	-10.511356433153528	-6.1242170333862305	-3.969298698950836	-6.758024215698242	-3.5137302822388774	-9.260804176330566	-8.08961702175852	-5.425859451293945	-2.8303408528698686	-12.980499267578125	-16.470540239278723	-1.0241966247558594	-5.123332489706398	0.0	0.0	0.0	0.0
13.991113424301147	1781097163.0	1781097163.4604506	5	25.0	29.0	12.0	8.0	NeuronSpectrum 10.06.2026 16:02:51	EEG	checkup_151_10.06.2026 16:02:51	500.0	499.6666666666667	True	0.5	40.0	4	True	50.0	30.0	-0.23228655755519867	0.4413470924362616	-14.5880708694458	-10.235005369936244	-12.167584419250488	-4.340515057082443	-14.362946510314941	-4.388679131072815	-15.242485046386719	-7.877195027755846	-12.522753715515137	-3.1875687179273826	-14.899842262268066	-13.972938851506003	-1.06104576587677	-5.265710238920465	0.0	0.0	0.0	0.0
13.991115093231201	1781097163.0	1781097163.4604523	5	25.0	29.0	12.0	8.0	NeuronSpectrum 10.06.2026 16:02:51	EEG	checkup_151_10.06.2026 16:02:51	500.0	499.6666666666667	True	0.5	40.0	4	True	50.0	30.0	0.43168091773986816	0.7488427876146414	-18.69723892211914	-9.838656478453842	-16.674467086791992	-4.5418569539121805	-19.521434783935547	-4.977203504818098	-19.50933265686035	-7.467694603373506	-17.592416763305664	-3.3586130030794408	-18.270414352416992	-10.894489996277931	-2.7712740898132324	-5.553434034219096	0.0	0.0	0.0	0.0
13.991116762161255	1781097163.0	1781097163.460454	5	25.0	29.0	12.0	8.0	NeuronSpectrum 10.06.2026 16:02:51	EEG	checkup_151_10.06.2026 16:02:51	500.0	499.6666666666667	True	0.5	40.0	4	True	50.0	30.0	0.7245352268218994	0.9894983370436763	-18.467416763305664	-9.321760861735973	-16.27503204345703	-4.524125674736048	-18.514745712280273	-5.157165197180879	-18.458498001098633	-6.877590088624459	-16.961750030517578	-3.290581328233777	-20.0213680267334	-7.34751103719148	-5.0175299644470215	-5.9010551703777105	0.0	0.0	0.0	0.0
13.991118431091309	1781097163.0	1781097163.4604557	5	25.0	29.0	12.0	8.0	NeuronSpectrum 10.06.2026 16:02:51	EEG	checkup_151_10.06.2026 16:02:51	500.0	499.6666666666667	True	0.5	40.0	4	True	50.0	30.0	0.5996697545051575	1.12402104615147	-12.728747367858887	-8.770867939024912	-10.059688568115234	-4.356386342329346	-10.97907543182373	-4.96071788992451	-11.314754486083984	-6.235315602754327	-9.973247528076172	-3.067581279524795	-16.20595359802246	-3.5809037383813056	-6.351499080657959	-6.15902073637784	0.0	0.0	0.0	0.0
13.991120100021362	1781097163.0	1781097163.4604573	5	25.0	29.0	12.0	8.0	NeuronSpectrum 10.06.2026 16:02:51	EEG	checkup_151_10.06.2026 16:02:51	500.0	499.6666666666667	True	0.5	40.0	4	True	50.0	30.0	0.26662352681159973	1.140514436254876	-3.97074294090271	-8.351086597654673	-0.9082686901092529	-4.2139919941649415	-1.0734567642211914	-4.571298571768596	-1.5050958395004272	-5.761280205305038	-0.1972998082637787	-2.8981937961517508	-3.8693501949310303	0.0359503654616157	-6.062819004058838	-6.159771822850967	0.0	0.0	0.0	0.0
13.991121530532837	1781097163.0	1781097163.4604588	5	25.0	29.0	12.0	8.0	NeuronSpectrum 10.06.2026 16:02:51	EEG	checkup_151_10.06.2026 16:02:51	500.0	499.6666666666667	True	0.5	40.0	4	True	50.0	30.0	0.026950044557452202	1.0572679581728888	2.6619882583618164	-8.263228089481379	5.684580326080322	-4.325570003196298	4.465724468231201	-4.268042200838904	4.841583251953125	-5.708710997488882	6.183087348937988	-3.054225833499533	16.87441635131836	3.07679890177989	-4.605691432952881	-5.770568655650725	0.0	0.0	0.0	0.0
14.04202127456665	1781097163.0	1781097163.5113585	5	25.0	29.0	12.0	8.0	NeuronSpectrum 10.06.2026 16:02:51	EEG	checkup_151_10.06.2026 16:02:51	500.0	499.6666666666667	True	0.5	40.0	4	True	50.0	30.0	0.752821147441864	0.9188682153819233	-8.435012817382812	-8.68333253480539	-6.463290214538574	-4.900350787910747	-6.297723770141602	-4.3410579137082195	-7.275310039520264	-6.28731937179701	-5.136981010437012	-3.784687505367182	8.749382972717285	5.149222454307529	-5.704121112823486	-4.937935760155491	0.0	0.0	0.0	0.0
14.042026042938232	1781097163.0	1781097163.5113633	5	25.0	29.0	12.0	8.0	NeuronSpectrum 10.06.2026 16:02:51	EEG	checkup_151_10.06.2026 16:02:51	500.0	499.6666666666667	True	0.5	40.0	4	True	50.0	30.0	0.6227737069129944	0.7863843596928215	-9.052878379821777	-9.708288350494147	-8.016240119934082	-6.063962768431717	-7.3775835037231445	-5.009588070214253	-8.174206733703613	-7.598350723471858	-6.719805717468262	-5.237455187398414	8.102067947387695	5.978164362711343	-4.516846179962158	-3.7116349507791573	0.0	0.0	0.0	0.0
14.042028188705444	1781097163.0	1781097163.5113654	5	25.0	29.0	12.0	8.0	NeuronSpectrum 10.06.2026 16:02:51	EEG	checkup_151_10.06.2026 16:02:51	500.0	499.6666666666667	True	0.5	40.0	4	True	50.0	30.0	0.23386095464229584	0.7231081461498196	-12.224126815795898	-11.325540093143319	-11.833805084228516	-7.823042131087437	-11.087767601013184	-6.3678188431684	-11.890012741088867	-9.601721673795561	-11.124327659606934	-7.413648632530162	3.5769927501678467	5.452861499295869	-2.496521234512329	-2.2414626286847774	0.0	0.0	0.0	0.0
14.042029857635498	1781097163.0	1781097163.511367	5	25.0	29.0	12.0	8.0	NeuronSpectrum 10.06.2026 16:02:51	EEG	checkup_151_10.06.2026 16:02:51	500.0	499.6666666666667	True	0.5	40.0	4	True	50.0	30.0	-0.3835550546646118	0.7780852030960951	-16.766212463378906	-13.412286555472743	-16.50296974182129	-10.063816150329828	-15.835077285766602	-8.36756970669112	-17.141355514526367	-12.120839939993523	-16.837055206298828	-10.163509261966054	-2.208749771118164	3.627954576812937	0.34160926938056946	-0.7467634425868815	0.0	0.0	0.0	0.0
14.04203176498413	1781097163.0	1781097163.511369	5	25.0	29.0	12.0	8.0	NeuronSpectrum 10.06.2026 16:02:51	EEG	checkup_151_10.06.2026 16:02:51	500.0	499.6666666666667	True	0.5	40.0	4	True	50.0	30.0	-0.9367339611053467	0.9707555951947503	-20.817445755004883	-15.758579407416144	-20.221731185913086	-12.577101849988145	-19.622920989990234	-10.833243253620903	-21.934879302978516	-14.877752300515944	-21.82488441467285	-13.217607033329486	-6.346274375915527	0.6910503799164176	3.351971387863159	0.5343448151160841	0.0	0.0	0.0	0.0
14.042033433914185	1781097163.0	1781097163.5113707	5	25.0	29.0	12.0	8.0	NeuronSpectrum 10.06.2026 16:02:51	EEG	checkup_151_10.06.2026 16:02:51	500.0	499.6666666666667	True	0.5	40.0	4	True	50.0	30.0	-0.9909016489982605	1.2809900449973592	-22.84137535095215	-18.103387006882617	-21.750171661376953	-15.096647619861896	-21.11545181274414	-13.497177862684305	-24.55864715576172	-17.54465714833259	-24.52574920654297	-16.238816939151334	-7.620720863342285	-3.0807725365823186	5.429809093475342	1.4028539316981972	0.0	0.0	0.0	0.0
14.042035341262817	1781097163.0	1781097163.5113726	5	25.0	29.0	12.0	8.0	NeuronSpectrum 10.06.2026 16:02:51	EEG	checkup_151_10.06.2026 16:02:51	500.0	499.6666666666667	True	0.5	40.0	4	True	50.0	30.0	-0.2609696090221405	1.6486830463603295	-22.48723793029785	-20.172575100521627	-21.093538284301758	-17.33869756543289	-20.367061614990234	-16.04278721228063	-24.45738410949707	-19.797009838077184	-24.5992488861084	-18.878927249219537	-7.531514644622803	-7.357225931199486	5.715246677398682	1.7476687005807283	0.0	0.0	0.0	0.0
14.042037010192871	1781097163.0	1781097163.5113742	5	25.0	29.0	12.0	8.0	NeuronSpectrum 10.06.2026 16:02:51	EEG	checkup_151_10.06.2026 16:02:51	500.0	499.6666666666667	True	0.5	40.0	4	True	50.0	30.0	1.116735577583313	1.985100080905783	-20.729248046875	-21.71139673695788	-19.436662673950195	-19.03565091048276	-18.726736068725586	-18.146782708445283	-22.457109451293945	-21.357069763825724	-22.998516082763672	-20.82752722018654	-9.218392372131348	-11.778896538447794	4.21276330947876	1.5711166157399408	0.0	0.0	0.0	0.0
14.042038679122925	1781097163.0	1781097163.511376	5	25.0	29.0	12.0	8.0	NeuronSpectrum 10.06.2026 16:02:51	EEG	checkup_151_10.06.2026 16:02:51	500.0	499.6666666666667	True	0.5	40.0	4	True	50.0	30.0	2.560051679611206	2.1945423487176186	-19.198518753051758	-22.509684531632683	-18.364091873168945	-19.963016461616334	-17.979341506958008	-19.517772535105816	-20.226219177246094	-22.023239892441236	-21.34697914123535	-21.847778349420853	-14.759796142578125	-15.977344771309081	1.8276679515838623	0.9838582869386913	0.0	0.0	0.0	0.0
14.042040586471558	1781097163.0	1781097163.5113778	5	25.0	29.0	12.0	8.0	NeuronSpectrum 10.06.2026 16:02:51	EEG	checkup_151_10.06.2026 16:02:51	500.0	499.6666666666667	True	0.5	40.0	4	True	50.0	30.0	3.326850652694702	2.2008302177263976	-19.121841430664062	-22.422687888219826	-18.850549697875977	-19.963340672776177	-19.224720001220703	-19.933067002927775	-19.279325485229492	-21.687121861268004	-20.97626304626465	-21.800406652987387	-22.895132064819336	-19.603828722806075	-0.2574650049209595	0.17147793589390992	0.0	0.0	0.0	0.0
14.042044878005981	1781097163.0	1781097163.511382	5	25.0	29.0	12.0	8.0	NeuronSpectrum 10.06.2026 16:02:51	EEG	checkup_151_10.06.2026 16:02:51	500.0	499.6666666666667	True	0.5	40.0	4	True	50.0	30.0	2.958662748336792	1.970458165050448	-20.516626358032227	-21.391528754537074	-20.63987922668457	-18.97084037124252	-22.127023696899414	-19.275549681365057	-20.056760787963867	-20.343524158349314	-22.13017463684082	-20.660301962212007	-29.345088958740234	-22.37229049008535	-1.3572194576263428	-0.6563169980487571	0.0	0.0	0.0	0.0
14.042046546936035	1781097163.0	1781097163.5113838	5	25.0	29.0	12.0	8.0	NeuronSpectrum 10.06.2026 16:02:51	EEG	checkup_151_10.06.2026 16:02:51	500.0	499.6666666666667	True	0.5	40.0	4	True	50.0	30.0	1.5822170972824097	1.5245423475271933	-22.15215492248535	-19.46369997180831	-22.38827896118164	-17.035916335712777	-24.969846725463867	-17.567650864901257	-21.608232498168945	-18.097043078919388	-23.78612518310547	-18.528080395681624	-30.136381149291992	-24.109083990668175	-1.5902760028839111	-1.3184659344302665	0.0	0.0	0.0	0.0
14.042048215866089	1781097163.0	1781097163.5113854	5	25.0	29.0	12.0	8.0	NeuronSpectrum 10.06.2026 16:02:51	EEG	checkup_151_10.06.2026 16:02:51	500.0	499.6666666666667	True	0.5	40.0	4	True	50.0	30.0	-0.15466436743736267	0.9351192141883371	-22.16293716430664	-16.80805886675334	-22.32852554321289	-14.342325829955582	-25.351743698120117	-14.992885137391617	-21.9267578125	-15.163681867338134	-24.052576065063477	-15.633656364503906	-25.503705978393555	-24.792184442396252	-1.5576975345611572	-1.7027699363062956	0.0	0.0	0.0	0.0
14.042049884796143	1781097163.0	1781097163.511387	5	25.0	29.0	12.0	8.0	NeuronSpectrum 10.06.2026 16:02:51	EEG	checkup_151_10.06.2026 16:02:51	500.0	499.6666666666667	True	0.5	40.0	4	True	50.0	30.0	-1.4789624214172363	0.3066820081123979	-18.89990234375	-13.714527873450745	-19.000804901123047	-11.205894505521163	-21.140350341796875	-11.892101441862508	-18.76256561279297	-11.861181826344852	-20.927160263061523	-12.324415781666561	-20.96371841430664	-24.563144601214493	-1.7068521976470947	-1.7841536799620272	0.0	0.0	0.0	0.0
14.042051553726196	1781097163.0	1781097163.5113888	5	25.0	29.0	12.0	8.0	NeuronSpectrum 10.06.2026 16:02:51	EEG	checkup_151_10.06.2026 16:02:51	500.0	499.6666666666667	True	0.5	40.0	4	True	50.0	30.0	-1.9497181177139282	-0.251131336751121	-11.599783897399902	-10.56975869859013	-11.729504585266113	-8.045583741016852	-11.339408874511719	-8.72531144345578	-10.609235763549805	-8.581273164811723	-13.12535285949707	-9.030937512418863	-23.80689239501953	-23.70473270842329	-1.9704976081848145	-1.6184294003935644	0.0	0.0	0.0	0.0
14.042053461074829	1781097163.0	1781097163.5113907	5	25.0	29.0	12.0	8.0	NeuronSpectrum 10.06.2026 16:02:51	EEG	checkup_151_10.06.2026 16:02:51	500.0	499.6666666666667	True	0.5	40.0	4	True	50.0	30.0	-3.6086955070495605	-0.6510185152230409	-11.464430809020996	-7.806719693957458	-10.63979434967041	-5.325513745997148	-11.70139217376709	-6.000245963811903	-11.309455871582031	-5.741990487052449	-12.1687650680542	-6.209335085070761	-31.09749412536621	-22.5885156037755	0.8291993141174316	-1.3153473143705514	0.0	0.0	0.0	0.0
14.042055130004883	1781097163.0	1781097163.5113924	5	25.0	29.0	12.0	8.0	NeuronSpectrum 10.06.2026 16:02:51	EEG	checkup_151_10.06.2026 16:02:51	500.0	499.6666666666667	True	0.5	40.0	4	True	50.0	30.0	-2.540897846221924	-0.8473291616167472	-6.246016502380371	-5.8352473782047385	-5.217499732971191	-3.4766318548724633	-6.193681716918945	-4.180652724007136	-6.3219380378723145	-3.7257172007681874	-6.9655985832214355	-4.268193707717924	-25.11812973022461	-21.603238559714228	1.3270742893218994	-0.9993802943961692	0.0	0.0	0.0	0.0
14.042057991027832	1781097163.0	1781097163.5113952	5	25.0	29.0	12.0	8.0	NeuronSpectrum 10.06.2026 16:02:51	EEG	checkup_151_10.06.2026 16:02:51	500.0	499.6666666666667	True	0.5	40.0	4	True	50.0	30.0	-1.0887264013290405	-0.842041309922386	-2.984860420227051	-4.967659272732962	-2.115840435028076	-2.8144755337443157	-3.229081392288208	-3.5948823608461287	-2.930608034133911	-2.814480909131295	-3.937314033508301	-3.4950568969579474	-20.925569534301758	-21.076993895541577	1.7172199487686157	-0.7692172227913946	0.0	0.0	0.0	0.0
14.042059898376465	1781097163.0	1781097163.5113971	5	25.0	29.0	12.0	8.0	NeuronSpectrum 10.06.2026 16:02:51	EEG	checkup_151_10.06.2026 16:02:51	500.0	499.6666666666667	True	0.5	40.0	4	True	50.0	30.0	-0.007738604210317135	-0.6770510996363365	-2.691680431365967	-5.356140260333754	-2.3101537227630615	-3.472173354030902	-3.7074573040008545	-4.365985620894103	-2.150852680206299	-3.1360771260790434	-4.017075061798096	-3.9994994947234837	-20.06687355041504	-21.207843388020002	2.009337902069092	-0.6668879922956903	0.0	0.0	0.0	0.0
14.04206132888794	1781097163.0	1781097163.5113986	5	25.0	29.0	12.0	8.0	NeuronSpectrum 10.06.2026 16:02:51	EEG	checkup_151_10.06.2026 16:02:51	500.0	499.6666666666667	True	0.5	40.0	4	True	50.0	30.0	0.2692471444606781	-0.41713807966120364	-5.024017333984375	-6.956751994278315	-5.307702541351318	-5.365198224531632	-7.017922401428223	-6.379562698006202	-3.8077447414398193	-4.633247784205998	-6.694199562072754	-5.686825291930659	-22.23982810974121	-22.019081866482303	2.03106689453125	-0.6646858783738965	0.0	0.0	0.0	0.0
14.042063236236572	1781097163.0	1781097163.5114005	5	25.0	29.0	12.0	8.0	NeuronSpectrum 10.06.2026 16:02:51	EEG	checkup_151_10.06.2026 16:02:51	500.0	499.6666666666667	True	0.5	40.0	4	True	50.0	30.0	-0.166412353515625	-0.13056162395711265	-8.72524356842041	-9.52943618494245	-9.649921417236328	-8.197495305783281	-11.611394882202148	-9.297233014797106	-6.916258335113525	-7.064271076063617	-10.544783592224121	-8.26969770384938	-25.502708435058594	-23.352462084667348	1.4998834133148193	-0.6733179648264226	0.0	0.0	0.0	0.0
14.042064666748047	1781097163.0	1781097163.511402	5	25.0	29.0	12.0	8.0	NeuronSpectrum 10.06.2026 16:02:51	EEG	checkup_151_10.06.2026 16:02:51	500.0	499.6666666666667	True	0.5	40.0	4	True	50.0	30.0	-0.825360119342804	0.12634855375619022	-12.708630561828613	-12.67565186948331	-14.069269180297852	-11.509376755334182	-16.19649314880371	-12.613933137236794	-10.656065940856934	-10.037586784202176	-14.424934387207031	-11.316596753308252	-27.661426544189453	-24.903209644679034	0.29909050464630127	-0.569237401478661	0.0	0.0	0.0	0.0
14.04206657409668	1781097163.0	1781097163.5114038	5	25.0	29.0	12.0	8.0	NeuronSpectrum 10.06.2026 16:02:51	EEG	checkup_151_10.06.2026 16:02:51	500.0	499.6666666666667	True	0.5	40.0	4	True	50.0	30.0	-1.1673029661178589	0.31732901129691865	-16.788124084472656	-15.90740393903472	-18.2702579498291	-14.758646970887275	-20.47568702697754	-15.748529727049874	-14.955991744995117	-13.07655351899697	-18.223081588745117	-14.328329189286645	-27.877321243286133	-26.288321996585392	-1.1880319118499756	-0.23396868809288424	0.0	0.0	0.0	0.0
14.042068243026733	1781097163.0	1781097163.5114055	5	25.0	29.0	12.0	8.0	NeuronSpectrum 10.06.2026 16:02:51	EEG	checkup_151_10.06.2026 16:02:51	500.0	499.6666666666667	True	0.5	40.0	4	True	50.0	30.0	-0.9587289690971375	0.4273733895354262	-21.33771324157715	-18.73526171978224	-22.596101760864258	-17.41992129423746	-24.706768035888672	-18.15115612457043	-20.036956787109375	-15.704301979951332	-22.42585563659668	-16.828618638276346	-27.31334686279297	-27.130754006900286	-2.0374350547790527	0.40560803516360244	0.0	0.0	0.0	0.0
14.042069911956787	1781097163.0	1781097163.5114071	5	25.0	29.0	12.0	8.0	NeuronSpectrum 10.06.2026 16:02:51	EEG	checkup_151_10.06.2026 16:02:51	500.0	499.6666666666667	True	0.5	40.0	4	True	50.0	30.0	-0.38936057686805725	0.459549084349366	-26.11125946044922	-20.759094353347386	-26.82462501525879	-19.08354700389333	-28.46023941040039	-19.40754100376192	-25.241558074951172	-17.533536421569952	-26.804399490356445	-18.452185613257257	-28.06859016418457	-27.13986726548214	-1.219306468963623	1.3483776002778936	0.0	0.0	0.0	0.0
14.04207158088684	1781097163.0	1781097163.5114088	5	25.0	29.0	12.0	8.0	NeuronSpectrum 10.06.2026 16:02:51	EEG	checkup_151_10.06.2026 16:02:51	500.0	499.6666666666667	True	0.5	40.0	4	True	50.0	30.0	0.10613039880990982	0.43018231780546917	-29.403573989868164	-21.743475312700056	-29.302892684936523	-19.534531865575897	-29.90066909790039	-19.320014693326645	-28.41486167907715	-18.3426433016362	-29.559553146362305	-19.013078643771397	-30.95248031616211	-26.17150249104257	1.6679946184158325	2.5114798155508593	0.0	0.0	0.0	0.0
14.042073249816895	1781097163.0	1781097163.5114105	5	25.0	29.0	12.0	8.0	NeuronSpectrum 10.06.2026 16:02:51	EEG	checkup_151_10.06.2026 16:02:51	500.0	499.6666666666667	True	0.5	40.0	4	True	50.0	30.0	0.18532352149486542	0.363883061714497	-28.714946746826172	-21.660628869235804	-27.62622833251953	-18.79378883554269	-26.76471710205078	-17.947356673721075	-26.9105167388916	-18.119269285709457	-28.12812614440918	-18.537737935855304	-33.81167221069336	-24.255828820346732	5.861144065856934	3.747764098618802	0.0	0.0	0.0	0.0
14.042074918746948	1781097163.0	1781097163.5114121	5	25.0	29.0	12.0	8.0	NeuronSpectrum 10.06.2026 16:02:51	EEG	checkup_151_10.06.2026 16:02:51	500.0	499.6666666666667	True	0.5	40.0	4	True	50.0	30.0	-0.15471690893173218	0.2884878211231665	-22.729429244995117	-20.6891562315616	-20.65415382385254	-17.11035942737651	-18.57577896118164	-15.592729710260114	-19.811330795288086	-17.058087456609858	-21.35262680053711	-17.25312548631717	-31.828182220458984	-21.586287483696157	9.606257438659668	4.883111371517954	0.0	0.0	0.0	0.0
14.042076587677002	1781097163.0	1781097163.5114138	5	25.0	29.0	12.0	8.0	NeuronSpectrum 10.06.2026 16:02:51	EEG	checkup_151_10.06.2026 16:02:51	500.0	499.6666666666667	True	0.5	40.0	4	True	50.0	30.0	-0.5967252850532532	0.22953373907289373	-13.076884269714355	-19.167603668896785	-10.282831192016602	-14.90492477329749	-8.245950698852539	-12.741116301917513	-9.602920532226562	-15.511613700523885	-11.298678398132324	-15.531273172873366	-20.06157112121582	-18.470253779477638	11.057137489318848	5.760958595908128	0.0	0.0	0.0	0.0
14.042078018188477	1781097163.0	1781097163.5114152	5	25.0	29.0	12.0	8.0	NeuronSpectrum 10.06.2026 16:02:51	EEG	checkup_151_10.06.2026 16:02:51	500.0	499.6666666666667	True	0.5	40.0	4	True	50.0	30.0	-0.748225212097168	0.20451288141636076	-4.167072296142578	-17.515599865439018	-1.2122119665145874	-12.67907948963757	-1.2482264041900635	-9.961675638125495	-1.539049744606018	-13.908030217802295	-2.8827145099639893	-13.805022903530762	2.9922614097595215	-15.2531743159619	9.34814167022705	6.278675899442356	0.0	0.0	0.0	0.0
14.09299087524414	1781097163.0	1781097163.562328	5	25.0	29.0	12.0	8.0	NeuronSpectrum 10.06.2026 16:02:51	EEG	checkup_151_10.06.2026 16:02:51	500.0	499.6666666666667	True	0.5	40.0	4	True	50.0	30.0	-1.5689975023269653	0.21824906257990484	-24.55552864074707	-16.14486716260284	-21.506263732910156	-10.914524080011354	-19.460935592651367	-7.799354863279587	-22.631471633911133	-12.65998992198372	-23.905466079711914	-12.478461988337031	-19.603275299072266	-12.239075318046277	5.775400161743164	6.404411656255239	0.0	0.0	0.0	0.0
14.092995405197144	1781097163.0	1781097163.5623326	5	25.0	29.0	12.0	8.0	NeuronSpectrum 10.06.2026 16:02:51	EEG	checkup_151_10.06.2026 16:02:51	500.0	499.6666666666667	True	0.5	40.0	4	True	50.0	30.0	-0.9767940044403076	0.26137381331677556	-20.92461395263672	-15.381352507168435	-17.592758178710938	-9.985074782402016	-14.493717193603516	-6.678465840756451	-19.18621826171875	-12.086508930682164	-20.16767692565918	-11.853185300089093	-15.04990291595459	-9.632313970259634	4.787147045135498	6.171826085791272	0.0	0.0	0.0	0.0
14.092997550964355	1781097163.0	1781097163.5623348	5	25.0	29.0	12.0	8.0	NeuronSpectrum 10.06.2026 16:02:51	EEG	checkup_151_10.06.2026 16:02:51	500.0	499.6666666666667	True	0.5	40.0	4	True	50.0	30.0	-0.1685878336429596	0.3133989247170088	-17.000761032104492	-15.409526549088431	-13.595846176147461	-10.09392514695648	-10.039576530456543	-6.831463866697287	-15.517419815063477	-12.358602989285048	-16.372684478759766	-12.080089558187927	-10.257064819335938	-7.513773926334824	4.839143753051758	5.659040695784195	0.0	0.0	0.0	0.0
14.09299921989441	1781097163.0	1781097163.5623364	5	25.0	29.0	12.0	8.0	NeuronSpectrum 10.06.2026 16:02:51	EEG	checkup_151_10.06.2026 16:02:51	500.0	499.6666666666667	True	0.5	40.0	4	True	50.0	30.0	0.4040369987487793	0.35024574541180253	-14.6971435546875	-16.24062194822072	-11.531951904296875	-11.239099925483453	-8.447744369506836	-8.25845291862226	-13.490274429321289	-13.469379994366028	-14.461108207702637	-13.136502156405568	-6.345922946929932	-5.847905697865891	5.267742156982422	4.962515588953993	0.0	0.0	0.0	0.0
14.093001127243042	1781097163.0	1781097163.5623384	5	25.0	29.0	12.0	8.0	NeuronSpectrum 10.06.2026 16:02:51	EEG	checkup_151_10.06.2026 16:02:51	500.0	499.6666666666667	True	0.5	40.0	4	True	50.0	30.0	0.49005019664764404	0.3540097907763303	-15.291703224182129	-17.70586793534628	-12.6694917678833	-13.208988667147315	-10.839512825012207	-10.722563138526986	-14.340718269348145	-15.22881763734169	-15.53608512878418	-14.827717375485232	-3.8728580474853516	-4.508459441201047	5.112120628356934	4.175142652366935	0.0	0.0	0.0	0.0
14.093002796173096	1781097163.0	1781097163.56234	5	25.0	29.0	12.0	8.0	NeuronSpectrum 10.06.2026 16:02:51	EEG	checkup_151_10.06.2026 16:02:51	500.0	499.6666666666667	True	0.5	40.0	4	True	50.0	30.0	0.1507023274898529	0.3213913561075731	-18.609729766845703	-19.479873293478605	-16.70635986328125	-15.613197236287041	-16.337766647338867	-13.78801455797803	-17.862197875976562	-17.288213017154792	-19.157745361328125	-16.816345085636456	-2.875422954559326	-3.3136535821136874	4.009383201599121	3.3731211585366725	0.0	0.0	0.0	0.0
14.093004703521729	1781097163.0	1781097163.562342	5	25.0	29.0	12.0	8.0	NeuronSpectrum 10.06.2026 16:02:51	EEG	checkup_151_10.06.2026 16:02:51	500.0	499.6666666666667	True	0.5	40.0	4	True	50.0	30.0	-0.3445710837841034	0.2674610579471104	-23.114538192749023	-21.13868835425459	-21.941570281982422	-17.952175636364	-22.613454818725586	-16.902598289788084	-22.486658096313477	-19.199185954384365	-23.6243896484375	-18.682590556663648	-3.3195321559906006	-2.0679525561019183	2.548313856124878	2.61185174443523	0.0	0.0	0.0	0.0
14.093006134033203	1781097163.0	1781097163.5623434	5	25.0	29.0	12.0	8.0	NeuronSpectrum 10.06.2026 16:02:51	EEG	checkup_151_10.06.2026 16:02:51	500.0	499.6666666666667	True	0.5	40.0	4	True	50.0	30.0	-0.7189604640007019	0.22315259635795995	-26.7579345703125	-22.24785987893386	-26.220333099365234	-19.71868375104938	-27.277324676513672	-19.513025850121004	-26.13873863220215	-20.50304412946117	-26.961740493774414	-20.010015053268514	-5.054333686828613	-0.6095627897071311	1.76304292678833	1.9290551825270932	0.0	0.0	0.0	0.0
14.093008041381836	1781097163.0	1781097163.5623453	5	25.0	29.0	12.0	8.0	NeuronSpectrum 10.06.2026 16:02:51	EEG	checkup_151_10.06.2026 16:02:51	500.0	499.6666666666667	True	0.5	40.0	4	True	50.0	30.0	-0.8317241668701172	0.2271715310010722	-28.024351119995117	-22.462648229461063	-28.009172439575195	-20.510351004810424	-29.143747329711914	-21.187071745385182	-27.3178653717041	-20.833023442177822	-27.95608901977539	-20.479316667921893	-7.083389759063721	1.141429616879945	2.2452640533447266	1.3529457542550505	0.0	0.0	0.0	0.0
14.09300971031189	1781097163.0	1781097163.562347	5	25.0	29.0	12.0	8.0	NeuronSpectrum 10.06.2026 16:02:51	EEG	checkup_151_10.06.2026 16:02:51	500.0	499.6666666666667	True	0.5	40.0	4	True	50.0	30.0	-0.6836760640144348	0.31482871908163873	-26.534730911254883	-21.61348846534346	-26.961816787719727	-20.12368695292942	-28.545839309692383	-21.70933218568343	-25.743501663208008	-20.002542520749046	-26.59650230407715	-19.944930368298028	-7.104257106781006	3.146147441519707	3.588104248046875	0.9127874884547778	0.0	0.0	0.0	0.0
14.093011379241943	1781097163.0	1781097163.5623486	5	25.0	29.0	12.0	8.0	NeuronSpectrum 10.06.2026 16:02:51	EEG	checkup_151_10.06.2026 16:02:51	500.0	499.6666666666667	True	0.5	40.0	4	True	50.0	30.0	-0.3441149592399597	0.5070403273405918	-22.921998977661133	-19.75039859224704	-23.738948822021484	-18.60150328462626	-26.595565795898438	-21.12222882052984	-22.19746971130371	-18.05289449734268	-23.71550750732422	-18.470768484524246	-2.5419657230377197	5.236838259875736	4.638118743896484	0.6476684952498521	0.0	0.0	0.0	0.0
14.093013048171997	1781097163.0	1781097163.5623503	5	25.0	29.0	12.0	8.0	NeuronSpectrum 10.06.2026 16:02:51	EEG	checkup_151_10.06.2026 16:02:51	500.0	499.6666666666667	True	0.5	40.0	4	True	50.0	30.0	0.10666093975305557	0.8023770749136806	-18.245878219604492	-17.131069109637053	-19.392822265625	-16.218141777049368	-24.08556365966797	-19.699218261866115	-17.809450149536133	-15.244444869904765	-20.233810424804688	-16.312322420533114	6.838052272796631	7.1449278160712035	4.328287601470947	0.6078939950188049	0.0	0.0	0.0	0.0
14.09301471710205	1781097163.0	1781097163.562352	5	25.0	29.0	12.0	8.0	NeuronSpectrum 10.06.2026 16:02:51	EEG	checkup_151_10.06.2026 16:02:51	500.0	499.6666666666667	True	0.5	40.0	4	True	50.0	30.0	0.5719565153121948	1.1740044175632132	-13.27902889251709	-14.154843995627969	-14.662214279174805	-13.40573852709238	-20.74179458618164	-17.857484304757353	-13.178457260131836	-11.992477978550639	-16.43196678161621	-13.848636544840646	16.805204391479492	8.565266716736947	2.444883108139038	0.8442186236896608	0.0	0.0	0.0	0.0
14.093016147613525	1781097163.0	1781097163.5623534	5	25.0	29.0	12.0	8.0	NeuronSpectrum 10.06.2026 16:02:51	EEG	checkup_151_10.06.2026 16:02:51	500.0	499.6666666666667	True	0.5	40.0	4	True	50.0	30.0	0.9123914241790771	1.572145334133165	-8.04425048828125	-11.262291879509437	-9.5231351852417	-10.643217669181038	-15.279098510742188	-16.036021671389616	-7.872256755828857	-8.766109389644855	-11.670587539672852	-11.483590957446573	19.551355361938477	9.237793144182795	-0.2234383225440979	1.3846020224758901	0.0	0.0	0.0	0.0
14.093018054962158	1781097163.0	1781097163.5623553	5	25.0	29.0	12.0	8.0	NeuronSpectrum 10.06.2026 16:02:51	EEG	checkup_151_10.06.2026 16:02:51	500.0	499.6666666666667	True	0.5	40.0	4	True	50.0	30.0	0.9695287346839905	1.9316812229213782	-1.8593461513519287	-8.831249168902383	-3.232663154602051	-8.341355945598856	-6.242443084716797	-14.5763042094975	-0.6791970133781433	-5.980220858103038	-4.74982213973999	-9.54615666732382	8.331086158752441	9.017429365935701	-2.410635471343994	2.2052154331238376	0.0	0.0	0.0	0.0
14.093019485473633	1781097163.0	1781097163.5623567	5	25.0	29.0	12.0	8.0	NeuronSpectrum 10.06.2026 16:02:51	EEG	checkup_151_10.06.2026 16:02:51	500.0	499.6666666666667	True	0.5	40.0	4	True	50.0	30.0	1.3038688898086548	2.183779443325525	-9.709746360778809	-7.100691882753806	-10.58932876586914	-6.757736680799533	-18.915847778320312	-13.642454501844801	-6.589400291442871	-3.9120364230507123	-12.447403907775879	-8.219948936636452	1.584176778793335	7.906996336860464	-0.982586145401001	3.208498745510636	0.0	0.0	0.0	0.0
14.093021154403687	1781097163.0	1781097163.5623584	5	25.0	29.0	12.0	8.0	NeuronSpectrum 10.06.2026 16:02:51	EEG	checkup_151_10.06.2026 16:02:51	500.0	499.6666666666667	True	0.5	40.0	4	True	50.0	30.0	1.5396348237991333	2.2698533707437787	-10.883761405944824	-6.142498812626212	-11.812664031982422	-5.963725302739605	-20.579967498779297	-13.204065504543829	-7.73860502243042	-2.664341545655438	-14.067744255065918	-7.521981426710824	-0.6573894023895264	6.044869167668474	2.879897117614746	4.221970582004502	0.0	0.0	0.0	0.0
14.093022584915161	1781097163.0	1781097163.5623598	5	25.0	29.0	12.0	8.0	NeuronSpectrum 10.06.2026 16:02:51	EEG	checkup_151_10.06.2026 16:02:51	500.0	499.6666666666667	True	0.5	40.0	4	True	50.0	30.0	1.8167932033538818	2.1555278330424676	-11.414324760437012	-5.882104038452572	-12.702964782714844	-5.865719063839156	-21.456539154052734	-13.081089233033921	-8.611592292785645	-2.179393153808462	-15.313678741455078	-7.331857663009173	-2.9758832454681396	3.6582996018240688	7.31749153137207	5.025194622323152	0.0	0.0	0.0	0.0
14.093024492263794	1781097163.0	1781097163.5623617	5	25.0	29.0	12.0	8.0	NeuronSpectrum 10.06.2026 16:02:51	EEG	checkup_151_10.06.2026 16:02:51	500.0	499.6666666666667	True	0.5	40.0	4	True	50.0	30.0	2.0088541507720947	1.8416236810514466	-10.812920570373535	-6.150997725103378	-12.674479484558105	-6.263602982716231	-20.877416610717773	-13.02696693336077	-8.39631462097168	-2.2890428041695317	-15.314723014831543	-7.453760154550424	-5.146979331970215	1.003807430786516	10.370260238647461	5.400846087082841	0.0	0.0	0.0	0.0
14.093027353286743	1781097163.0	1781097163.5623646	5	25.0	29.0	12.0	8.0	NeuronSpectrum 10.06.2026 16:02:51	EEG	checkup_151_10.06.2026 16:02:51	500.0	499.6666666666667	True	0.5	40.0	4	True	50.0	30.0	1.8531101942062378	1.3688557983428953	-9.172404289245605	-6.745725702783127	-11.558502197265625	-6.919487788423231	-18.627059936523438	-12.81502713061156	-6.845973491668701	-2.776291372537471	-13.674956321716309	-7.6836817822786205	-6.704394340515137	-1.6849835548975274	10.804359436035156	5.194621708838791	0.0	0.0	0.0	0.0
14.093029260635376	1781097163.0	1781097163.5623665	5	25.0	29.0	12.0	8.0	NeuronSpectrum 10.06.2026 16:02:51	EEG	checkup_151_10.06.2026 16:02:51	500.0	499.6666666666667	True	0.5	40.0	4	True	50.0	30.0	1.1138836145401	0.813509185788551	-7.153990745544434	-7.472120254023396	-9.736382484436035	-7.612630030508577	-15.180449485778809	-12.298244774336416	-4.521487712860107	-3.4253958776217237	-10.801604270935059	-7.857416653345333	-7.081564903259277	-4.22964869408542	8.577173233032227	4.363449709967684	0.0	0.0	0.0	0.0
14.093032360076904	1781097163.0	1781097163.5623696	5	25.0	29.0	12.0	8.0	NeuronSpectrum 10.06.2026 16:02:51	EEG	checkup_151_10.06.2026 16:02:51	500.0	499.6666666666667	True	0.5	40.0	4	True	50.0	30.0	-0.18245284259319305	0.2732024681353193	-5.8643293380737305	-8.165757713859342	-8.18585205078125	-8.16836556158341	-11.8052339553833	-11.428717244899689	-2.759510040283203	-4.048950426302739	-8.010281562805176	-7.867814193981243	-6.224423885345459	-6.51648653642717	4.641754150390625	2.9946998131341	0.0	0.0	0.0	0.0
14.093034029006958	1781097163.0	1781097163.5623713	5	25.0	29.0	12.0	8.0	NeuronSpectrum 10.06.2026 16:02:51	EEG	checkup_151_10.06.2026 16:02:51	500.0	499.6666666666667	True	0.5	40.0	4	True	50.0	30.0	-1.6398848295211792	-0.15518510863911467	-6.40467643737793	-8.69292226789157	-8.121694564819336	-8.463024477359115	-10.102348327636719	-10.24166356673002	-3.0421457290649414	-4.494231327883202	-6.991772651672363	-7.6555426860872275	-5.162661075592041	-8.488536378014281	0.3424690067768097	1.2892705744410995	0.0	0.0	0.0	0.0
14.093035697937012	1781097163.0	1781097163.562373	5	25.0	29.0	12.0	8.0	NeuronSpectrum 10.06.2026 16:02:51	EEG	checkup_151_10.06.2026 16:02:51	500.0	499.6666666666667	True	0.5	40.0	4	True	50.0	30.0	-2.6440887451171875	-0.4001437079493169	-9.106643676757812	-8.9444571514094	-10.166760444641113	-8.416587189437745	-10.94717788696289	-8.82136495166916	-5.898562908172607	-4.640533680938749	-8.684449195861816	-7.188712666225135	-5.911916255950928	-10.130728445726575	-3.1397547721862793	-0.48602215795243936	0.0	0.0	0.0	0.0
14.093037128448486	1781097163.0	1781097163.5623744	5	25.0	29.0	12.0	8.0	NeuronSpectrum 10.06.2026 16:02:51	EEG	checkup_151_10.06.2026 16:02:51	500.0	499.6666666666667	True	0.5	40.0	4	True	50.0	30.0	-2.708014726638794	-0.4354136609948835	-12.851838111877441	-8.834753881667691	-13.485737800598145	-7.986434193677773	-13.446569442749023	-7.268761367981073	-10.004705429077148	-4.400081076444985	-12.192380905151367	-6.448448475663249	-10.271596908569336	-11.45961305964011	-5.111898899078369	-2.061489699622589	0.0	0.0	0.0	0.0
14.09303903579712	1781097163.0	1781097163.5623763	5	25.0	29.0	12.0	8.0	NeuronSpectrum 10.06.2026 16:02:51	EEG	checkup_151_10.06.2026 16:02:51	500.0	499.6666666666667	True	0.5	40.0	4	True	50.0	30.0	-1.7914260625839233	-0.2882454563144926	-15.190577507019043	-8.3109321272498	-15.711355209350586	-7.169287483126836	-14.938148498535156	-5.682957999809522	-12.434412956237793	-3.7279721003938318	-14.782651901245117	-5.429900453404054	-17.996753692626953	-12.524071723527546	-5.421787261962891	-3.224011270221947	0.0	0.0	0.0	0.0
14.093040466308594	1781097163.0	1781097163.5623777	5	25.0	29.0	12.0	8.0	NeuronSpectrum 10.06.2026 16:02:51	EEG	checkup_151_10.06.2026 16:02:51	500.0	499.6666666666667	True	0.5	40.0	4	True	50.0	30.0	-0.34834420680999756	-0.03242276115995536	-13.65856647491455	-7.367913418639965	-14.212242126464844	-6.008915501700201	-12.60773754119873	-4.1571461833181536	-10.40670394897461	-2.6367532173558486	-13.465093612670898	-4.156318882494414	-25.71681785583496	-13.413787658793872	-4.384677410125732	-3.8567480208069083	0.0	0.0	0.0	0.0
14.093042373657227	1781097163.0	1781097163.5623796	5	25.0	29.0	12.0	8.0	NeuronSpectrum 10.06.2026 16:02:51	EEG	checkup_151_10.06.2026 16:02:51	500.0	499.6666666666667	True	0.5	40.0	4	True	50.0	30.0	0.945124089717865	0.23247824038117612	-7.663482189178467	-6.059683831806911	-8.122782707214355	-4.600822091246893	-5.8807220458984375	-2.7809238095657025	-3.57430100440979	-1.2054356957780221	-7.337810516357422	-2.695104712365975	-27.70600700378418	-14.26315312543923	-2.641843318939209	-3.950732666062322	0.0	0.0	0.0	0.0
14.093043804168701	1781097163.0	1781097163.562381	5	25.0	29.0	12.0	8.0	NeuronSpectrum 10.06.2026 16:02:51	EEG	checkup_151_10.06.2026 16:02:51	500.0	499.6666666666667	True	0.5	40.0	4	True	50.0	30.0	1.5964372158050537	0.40921529519999905	0.4320875108242035	-4.499021434393887	0.3354829251766205	-3.086225361528736	2.246602773666382	-1.6405607086988439	4.877788543701172	0.424959628314409	1.0314531326293945	-1.1643700753699293	-18.627840042114258	-15.236860823020475	-0.9896693825721741	-3.5892469714799144	0.0	0.0	0.0	0.0
14.093045473098755	1781097163.0	1781097163.5623827	5	25.0	29.0	12.0	8.0	NeuronSpectrum 10.06.2026 16:02:51	EEG	checkup_151_10.06.2026 16:02:51	500.0	499.6666666666667	True	0.5	40.0	4	True	50.0	30.0	1.5547103881835938	0.42941252542211694	6.167806625366211	-2.845320370893311	6.560710430145264	-1.63483536275299	6.412871360778809	-0.8149065353399406	9.57603645324707	2.0691681346711164	6.590233325958252	0.2744836704043043	2.954563617706299	-16.49338312472065	-0.10626085102558136	-2.9135699041658265	0.0	0.0	0.0	0.0
14.143867254257202	1781097163.0	1781097163.6132045	5	25.0	29.0	12.0	8.0	NeuronSpectrum 10.06.2026 16:02:51	EEG	checkup_151_10.06.2026 16:02:51	500.0	499.6666666666667	True	0.5	40.0	4	True	50.0	30.0	-0.6242856383323669	0.2703949227436487	-10.098237037658691	-1.2861825163033203	-10.863667488098145	-0.42259968534216774	-12.682889938354492	-0.37026374296419695	-6.164378643035889	3.521981008432688	-10.045900344848633	1.4351205745322544	-25.5093936920166	-18.138287846626117	0.963940441608429	-2.082573750700516	0.0	0.0	0.0	0.0
14.143871784210205	1781097163.0	1781097163.613209	5	25.0	29.0	12.0	8.0	NeuronSpectrum 10.06.2026 16:02:51	EEG	checkup_151_10.06.2026 16:02:51	500.0	499.6666666666667	True	0.5	40.0	4	True	50.0	30.0	-1.5737775564193726	-0.0418235313540298	-7.156305313110352	-0.01734805777122478	-8.251120567321777	0.38976713064004564	-10.53874397277832	-0.35625490567148266	-3.1536338329315186	4.583221813171888	-6.888833522796631	2.1311241256632334	-26.25733184814453	-20.187565368895417	0.9054570198059082	-1.2382006868842896	0.0	0.0	0.0	0.0
14.143874168395996	1781097163.0	1781097163.6132114	5	25.0	29.0	12.0	8.0	NeuronSpectrum 10.06.2026 16:02:51	EEG	checkup_151_10.06.2026 16:02:51	500.0	499.6666666666667	True	0.5	40.0	4	True	50.0	30.0	-1.8657032251358032	-0.44241153745457995	-3.1260082721710205	0.7809361458818337	-4.809020042419434	0.6779894283621213	-7.350957870483398	-0.798323985877159	0.5687516927719116	5.084023990064367	-3.198496103286743	2.206971828169302	-26.704118728637695	-22.553722935945597	-0.17311076819896698	-0.48486486480519453	0.0	0.0	0.0	0.0
14.143876075744629	1781097163.0	1781097163.6132133	5	25.0	29.0	12.0	8.0	NeuronSpectrum 10.06.2026 16:02:51	EEG	checkup_151_10.06.2026 16:02:51	500.0	499.6666666666667	True	0.5	40.0	4	True	50.0	30.0	-1.6332478523254395	-0.8456173478321003	0.45942753553390503	0.9760800939080533	-1.9825403690338135	0.37944287182293646	-4.672173500061035	-1.6801897851884393	3.4874608516693115	4.91822217361286	-0.5735422372817993	1.5763113579725596	-27.074928283691406	-25.052087546612174	-1.4753857851028442	0.1151194441703549	0.0	0.0	0.0	0.0
14.143877744674683	1781097163.0	1781097163.613215	5	25.0	29.0	12.0	8.0	NeuronSpectrum 10.06.2026 16:02:51	EEG	checkup_151_10.06.2026 16:02:51	500.0	499.6666666666667	True	0.5	40.0	4	True	50.0	30.0	-1.3489930629730225	-1.1648161550671308	2.0583081245422363	0.5226734992349115	-1.0706679821014404	-0.47828146580071346	-3.8665785789489746	-2.916906407186369	4.229433536529541	4.077103601565003	-0.31852152943611145	0.2625850417952077	-27.530738830566406	-27.4167754887525	-1.9889326095581055	0.5339029897539453	0.0	0.0	0.0	0.0
14.143879652023315	1781097163.0	1781097163.6132169	5	25.0	29.0	12.0	8.0	NeuronSpectrum 10.06.2026 16:02:51	EEG	checkup_151_10.06.2026 16:02:51	500.0	499.6666666666667	True	0.5	40.0	4	True	50.0	30.0	-1.4125627279281616	-1.33023540640316	1.086462140083313	-0.5025990367454265	-2.381099224090576	-1.7555850760867657	-5.201144695281982	-4.330736249654034	2.4806864261627197	2.676220212025528	-2.6070454120635986	-1.5720697218753625	-28.29543685913086	-29.32033718880051	-1.1475582122802734	0.7658656646172599	0.0	0.0	0.0	0.0
14.14388108253479	1781097163.0	1781097163.6132183	5	25.0	29.0	12.0	8.0	NeuronSpectrum 10.06.2026 16:02:51	EEG	checkup_151_10.06.2026 16:02:51	500.0	499.6666666666667	True	0.5	40.0	4	True	50.0	30.0	-1.8303319215774536	-1.3020501564710256	-1.7491259574890137	-1.8882474195604817	-5.061924457550049	-3.200601106091281	-7.695653915405273	-5.6474596151614636	-0.7810731530189514	0.958821941818857	-6.347935199737549	-3.626634140324284	-29.792308807373047	-30.400446173514077	0.7374455332756042	0.8184859816502275	0.0	0.0	0.0	0.0
14.143882989883423	1781097163.0	1781097163.6132202	5	25.0	29.0	12.0	8.0	NeuronSpectrum 10.06.2026 16:02:51	EEG	checkup_151_10.06.2026 16:02:51	500.0	499.6666666666667	True	0.5	40.0	4	True	50.0	30.0	-2.2263336181640625	-1.0779563925790032	-4.910082817077637	-3.310415604465021	-7.651849269866943	-4.480372902136052	-9.77166748046875	-6.525376468683346	-3.877518892288208	-0.7340030762731161	-9.811145782470703	-5.499570922915282	-32.21221923828125	-30.301538432691565	2.648098945617676	0.7104294270476041	0.0	0.0	0.0	0.0
14.143884420394897	1781097163.0	1781097163.6132216	5	25.0	29.0	12.0	8.0	NeuronSpectrum 10.06.2026 16:02:51	EEG	checkup_151_10.06.2026 16:02:51	500.0	499.6666666666667	True	0.5	40.0	4	True	50.0	30.0	-2.142671585083008	-0.694650800471988	-6.957598686218262	-4.391148243338982	-8.966224670410156	-5.241949063323121	-10.264790534973145	-6.616661371989179	-5.478236198425293	-2.0245171234975423	-11.634163856506348	-6.76214211555269	-34.620182037353516	-28.7352232218173	3.528045177459717	0.47557712449391615	0.0	0.0	0.0	0.0
14.143887519836426	1781097163.0	1781097163.6132247	5	25.0	29.0	12.0	8.0	NeuronSpectrum 10.06.2026 16:02:51	EEG	checkup_151_10.06.2026 16:02:51	500.0	499.6666666666667	True	0.5	40.0	4	True	50.0	30.0	-1.3994160890579224	-0.22259638785276914	-7.322836399078369	-4.779931749370557	-8.721171379089355	-5.190258783656202	-9.0975923538208	-5.647970148324056	-5.375901699066162	-2.5772980452982144	-11.536590576171875	-7.050392034544436	-34.56452941894531	-25.55268052514531	2.9542486667633057	0.16744557411661928	0.0	0.0	0.0	0.0
14.1438889503479	1781097163.0	1781097163.6132262	5	25.0	29.0	12.0	8.0	NeuronSpectrum 10.06.2026 16:02:51	EEG	checkup_151_10.06.2026 16:02:51	500.0	499.6666666666667	True	0.5	40.0	4	True	50.0	30.0	-0.23534902930259705	0.24598984542922556	-6.424103260040283	-4.237679851219556	-7.512084484100342	-4.16306558254662	-7.150206565856934	-3.499749472480376	-4.427954196929932	-2.176323854676709	-10.265458106994629	-6.152911997005954	-29.243389129638672	-20.81099314709992	1.3374748229980469	-0.14240339564821997	0.0	0.0	0.0	0.0
14.143890857696533	1781097163.0	1781097163.613228	5	25.0	29.0	12.0	8.0	NeuronSpectrum 10.06.2026 16:02:51	EEG	checkup_151_10.06.2026 16:02:51	500.0	499.6666666666667	True	0.5	40.0	4	True	50.0	30.0	0.8443940877914429	0.6144630480151467	-5.1388044357299805	-2.701490106172778	-6.22899866104126	-2.183543341098151	-5.447063446044922	-0.2632009269887068	-3.731685161590576	-0.7813042005302785	-8.862164497375488	-4.072484146850154	-18.14715576171875	-14.810315265377696	-0.4329843819141388	-0.37543839688360175	0.0	0.0	0.0	0.0
14.143892526626587	1781097163.0	1781097163.6132298	5	25.0	29.0	12.0	8.0	NeuronSpectrum 10.06.2026 16:02:51	EEG	checkup_151_10.06.2026 16:02:51	500.0	499.6666666666667	True	0.5	40.0	4	True	50.0	30.0	1.3864047527313232	0.8009896354417362	-3.9641873836517334	-0.3139236111867577	-5.25237512588501	0.5234288451673523	-4.155280113220215	3.741357888915673	-3.5330586433410645	1.449921569187479	-7.680600166320801	-1.046280181080373	-5.1970343589782715	-8.083986915062663	-1.606611728668213	-0.46518959198936993	0.0	0.0	0.0	0.0
14.14389443397522	1781097163.0	1781097163.6132317	5	25.0	29.0	12.0	8.0	NeuronSpectrum 10.06.2026 16:02:51	EEG	checkup_151_10.06.2026 16:02:51	500.0	499.6666666666667	True	0.5	40.0	4	True	50.0	30.0	1.2349579334259033	0.7550551652200286	-2.4301528930664062	2.590810329196385	-3.9363389015197754	3.557152593163448	-2.092557668685913	7.993525971264903	-2.6538829803466797	4.178593684962033	-5.834870338439941	2.4817210342106786	1.9906584024429321	-1.3371773448148618	-1.9486806392669678	-0.37825572648124384	0.0	0.0	0.0	0.0
14.143896102905273	1781097163.0	1781097163.6132333	5	25.0	29.0	12.0	8.0	NeuronSpectrum 10.06.2026 16:02:51	EEG	checkup_151_10.06.2026 16:02:51	500.0	499.6666666666667	True	0.5	40.0	4	True	50.0	30.0	0.5658698678016663	0.46693228811391524	0.7793398499488831	5.542247788905873	-0.7833373546600342	6.406697352305209	2.765181541442871	11.849260041325005	1.0271670818328857	6.940089991854105	-1.5519042015075684	5.933154790390687	-3.5459463596343994	4.655862383199489	-1.7143241167068481	-0.1294822375319057	0.0	0.0	0.0	0.0
14.194883108139038	1781097163.0	1781097163.6642203	5	25.0	29.0	12.0	8.0	NeuronSpectrum 10.06.2026 16:02:51	EEG	checkup_151_10.06.2026 16:02:51	500.0	499.6666666666667	True	0.5	40.0	4	True	50.0	30.0	-0.9636364579200745	-0.03219097517543792	6.591049671173096	8.020684647425066	6.332225322723389	8.545492879958939	12.848424911499023	14.654493725024627	7.116189479827881	9.227858364885618	6.491120338439941	8.700478946869827	3.626697301864624	9.17710856838383	-1.0442909002304077	0.2151178426769873	0.0	0.0	0.0	0.0
14.194888353347778	1781097163.0	1781097163.6642256	5	25.0	29.0	12.0	8.0	NeuronSpectrum 10.06.2026 16:02:51	EEG	checkup_151_10.06.2026 16:02:51	500.0	499.6666666666667	True	0.5	40.0	4	True	50.0	30.0	-1.9136322736740112	-0.6788044747028729	11.450559616088867	9.558532728613695	11.449127197265625	9.536382211521197	19.424983978271484	15.874342352868796	11.692830085754395	10.590216070733526	11.753503799438477	10.264304853214473	12.553502082824707	11.691116208104873	0.4723719656467438	0.5503397741804499	0.0	0.0	0.0	0.0
14.194890260696411	1781097163.0	1781097163.6642275	5	25.0	29.0	12.0	8.0	NeuronSpectrum 10.06.2026 16:02:51	EEG	checkup_151_10.06.2026 16:02:51	500.0	499.6666666666667	True	0.5	40.0	4	True	50.0	30.0	-2.6134984493255615	-1.3911784432204557	13.390061378479004	9.833794563665538	12.686752319335938	9.12294473570729	20.703298568725586	15.207139662934313	13.264158248901367	10.71884429089421	13.004439353942871	10.296296137943186	16.269596099853516	11.949520399895258	2.2217395305633545	0.7565167340330249	0.0	0.0	0.0	0.0
14.194892168045044	1781097163.0	1781097163.6642294	5	25.0	29.0	12.0	8.0	NeuronSpectrum 10.06.2026 16:02:51	EEG	checkup_151_10.06.2026 16:02:51	500.0	499.6666666666667	True	0.5	40.0	4	True	50.0	30.0	-3.078200340270996	-2.0845679285640593	11.304624557495117	8.733370628110352	8.95810317993164	7.28310815103187	15.397674560546875	12.651434808185446	10.844956398010254	9.507689938946385	9.318729400634766	8.721816334239183	12.871026039123535	10.049315284260228	3.4137792587280273	0.7305400893742466	0.0	0.0	0.0	0.0
14.194893836975098	1781097163.0	1781097163.664231	5	25.0	29.0	12.0	8.0	NeuronSpectrum 10.06.2026 16:02:51	EEG	checkup_151_10.06.2026 16:02:51	500.0	499.6666666666667	True	0.5	40.0	4	True	50.0	30.0	-3.3448843955993652	-2.683663747507455	6.163961410522461	6.370646063616186	1.842705249786377	4.2297870020652155	5.669734954833984	8.504995171986018	5.598660469055176	7.06793246977307	2.3709678649902344	5.726230209694883	4.086883068084717	6.4245418332455975	3.2888970375061035	0.41417760395749387	0.0	0.0	0.0	0.0
14.19489574432373	1781097163.0	1781097163.664233	5	25.0	29.0	12.0	8.0	NeuronSpectrum 10.06.2026 16:02:51	EEG	checkup_151_10.06.2026 16:02:51	500.0	499.6666666666667	True	0.5	40.0	4	True	50.0	30.0	-3.4348788261413574	-3.130219167906176	0.2710024416446686	3.0542080923186736	-5.478305339813232	0.35878854100195023	-4.288522243499756	3.2954021267131157	-0.08258996158838272	3.69703265982809	-4.726308822631836	1.7050948094789877	-5.568122386932373	1.7658530248601187	1.6618903875350952	-0.18900860393013563	0.0	0.0	0.0	0.0
14.194897174835205	1781097163.0	1781097163.6642344	5	25.0	29.0	12.0	8.0	NeuronSpectrum 10.06.2026 16:02:51	EEG	checkup_151_10.06.2026 16:02:51	500.0	499.6666666666667	True	0.5	40.0	4	True	50.0	30.0	-3.387979745864868	-3.385840264404385	-4.528020858764648	-0.7818907546648939	-10.562590599060059	-3.8397627045061653	-11.253955841064453	-2.3366443707311078	-4.510770320892334	-0.18732499203062952	-9.763067245483398	-2.825269633849159	-11.712889671325684	-3.115362428142508	-0.8483882546424866	-1.0134863244970078	0.0	0.0	0.0	0.0
14.194898843765259	1781097163.0	1781097163.664236	5	25.0	29.0	12.0	8.0	NeuronSpectrum 10.06.2026 16:02:51	EEG	checkup_151_10.06.2026 16:02:51	500.0	499.6666666666667	True	0.5	40.0	4	True	50.0	30.0	-3.297354221343994	-3.4314304554231945	-8.107216835021973	-4.666588317695756	-13.37088680267334	-7.880813363749612	-15.084076881408691	-7.767324777873989	-7.904472351074219	-4.1296139061320005	-12.947205543518066	-7.331082068988354	-12.960626602172852	-7.443123399862013	-3.1873626708984375	-1.9482736322847403	0.0	0.0	0.0	0.0
14.194901466369629	1781097163.0	1781097163.6642387	5	25.0	29.0	12.0	8.0	NeuronSpectrum 10.06.2026 16:02:51	EEG	checkup_151_10.06.2026 16:02:51	500.0	499.6666666666667	True	0.5	40.0	4	True	50.0	30.0	-3.2578864097595215	-3.2653108316369286	-11.647244453430176	-8.17712828945201	-15.791367530822754	-11.369435674635529	-18.114280700683594	-12.499432993650213	-11.706437110900879	-7.715480585024507	-16.211698532104492	-11.353077984828388	-11.610075950622559	-10.613234213730431	-4.54962682723999	-2.864779214170916	0.0	0.0	0.0	0.0
14.194903135299683	1781097163.0	1781097163.6642404	5	25.0	29.0	12.0	8.0	NeuronSpectrum 10.06.2026 16:02:51	EEG	checkup_151_10.06.2026 16:02:51	500.0	499.6666666666667	True	0.5	40.0	4	True	50.0	30.0	-3.2613883018493652	-2.901596498026028	-15.853362083435059	-11.00347338097699	-19.349958419799805	-14.054629106351417	-22.31682777404785	-16.229271958360094	-16.525650024414062	-10.632092579633206	-20.805767059326172	-14.569702111688565	-11.511146545410156	-12.280135524539144	-4.870868682861328	-3.647459327534889	0.0	0.0	0.0	0.0
14.194904804229736	1781097163.0	1781097163.664242	5	25.0	29.0	12.0	8.0	NeuronSpectrum 10.06.2026 16:02:51	EEG	checkup_151_10.06.2026 16:02:51	500.0	499.6666666666667	True	0.5	40.0	4	True	50.0	30.0	-3.1514780521392822	-2.3693257529165783	-19.500532150268555	-12.980995097239292	-23.15854835510254	-15.845359214969063	-26.79599952697754	-18.862532399756084	-20.681337356567383	-12.700545488808237	-25.37413215637207	-16.823586837114554	-14.612432479858398	-12.382705418588944	-4.703798770904541	-4.21887628853682	0.0	0.0	0.0	0.0
14.194906234741211	1781097163.0	1781097163.6642435	5	25.0	29.0	12.0	8.0	NeuronSpectrum 10.06.2026 16:02:51	EEG	checkup_151_10.06.2026 16:02:51	500.0	499.6666666666667	True	0.5	40.0	4	True	50.0	30.0	-2.709393262863159	-1.7116719906249387	-19.907203674316406	-14.087751880570508	-24.156051635742188	-16.790590643535474	-28.119388580322266	-20.48277888412036	-21.02049446105957	-13.876558367485714	-26.5167236328125	-18.11097991698256	-18.807741165161133	-11.113827897571039	-4.652836799621582	-4.5534267373996915	0.0	0.0	0.0	0.0
14.194907665252686	1781097163.0	1781097163.664245	5	25.0	29.0	12.0	8.0	NeuronSpectrum 10.06.2026 16:02:51	EEG	checkup_151_10.06.2026 16:02:51	500.0	499.6666666666667	True	0.5	40.0	4	True	50.0	30.0	-1.834102988243103	-0.9839179512504506	-15.218481063842773	-14.409865775225729	-19.7054443359375	-17.03094618495156	-23.461214065551758	-21.284350550191537	-15.660065650939941	-14.221509433252447	-21.666379928588867	-18.539809226277686	-18.676715850830078	-8.847618671628796	-4.860551357269287	-4.67762459494627	0.0	0.0	0.0	0.0
14.194910287857056	1781097163.0	1781097163.6642475	5	25.0	29.0	12.0	8.0	NeuronSpectrum 10.06.2026 16:02:51	EEG	checkup_151_10.06.2026 16:02:51	500.0	499.6666666666667	True	0.5	40.0	4	True	50.0	30.0	-0.660434901714325	-0.24910210546143213	-6.654025554656982	-14.086755367215579	-10.462196350097656	-16.735488106139577	-13.92370319366455	-21.488481165876557	-6.421169757843018	-13.85371639266956	-11.967972755432129	-18.268998173434532	-8.794445991516113	-6.041914801448944	-4.98029088973999	-4.657906124395112	0.0	0.0	0.0	0.0
14.19491195678711	1781097163.0	1781097163.6642492	5	25.0	29.0	12.0	8.0	NeuronSpectrum 10.06.2026 16:02:51	EEG	checkup_151_10.06.2026 16:02:51	500.0	499.6666666666667	True	0.5	40.0	4	True	50.0	30.0	0.4914838373661041	0.42875710636345504	1.4068607091903687	-13.25585740828294	-0.9134150743484497	-16.04330394581604	-4.903929710388184	-21.267761509864965	1.4113752841949463	-12.898232167271987	-2.496685266494751	-17.449161308558107	12.360000610351562	-3.1370170734138383	-4.610422134399414	-4.579104926492521	0.0	0.0	0.0	0.0
14.194913625717163	1781097163.0	1781097163.6642509	5	25.0	29.0	12.0	8.0	NeuronSpectrum 10.06.2026 16:02:51	EEG	checkup_151_10.06.2026 16:02:51	500.0	499.6666666666667	True	0.5	40.0	4	True	50.0	30.0	0.35290583968162537	0.9927804235176197	-19.57883071899414	-12.018449855933442	-23.51648712158203	-15.031231606182207	-30.026714324951172	-20.704652862881026	-20.810897827148438	-11.4560141435589	-26.512399673461914	-16.18710347404488	-2.7287943363189697	-0.4751144381446025	-1.1208022832870483	-4.518590020275926	0.0	0.0	0.0	0.0
14.194915294647217	1781097163.0	1781097163.6642525	5	25.0	29.0	12.0	8.0	NeuronSpectrum 10.06.2026 16:02:51	EEG	checkup_151_10.06.2026 16:02:51	500.0	499.6666666666667	True	0.5	40.0	4	True	50.0	30.0	1.0474871397018433	1.4009491700023544	-17.966022491455078	-10.438794764140429	-22.630374908447266	-13.71983106707905	-29.808452606201172	-19.798066264232578	-18.55487632751465	-9.604056936472908	-24.994117736816406	-14.546860376570242	-1.9493815898895264	1.7383749287229917	-1.289879560470581	-4.5228955796023085	0.0	0.0	0.0	0.0
14.19491696357727	1781097163.0	1781097163.6642542	5	25.0	29.0	12.0	8.0	NeuronSpectrum 10.06.2026 16:02:51	EEG	checkup_151_10.06.2026 16:02:51	500.0	499.6666666666667	True	0.5	40.0	4	True	50.0	30.0	1.5661067962646484	1.6317876124350268	-15.35229206085205	-8.570623573411368	-21.03691864013672	-12.110895770993	-28.917329788208008	-18.509933301601528	-15.175838470458984	-7.419815390165441	-22.386091232299805	-12.580337238900057	-2.667646646499634	3.425438696971723	-3.130035161972046	-4.594457723054378	0.0	0.0	0.0	0.0
14.194918632507324	1781097163.0	1781097163.6642559	5	25.0	29.0	12.0	8.0	NeuronSpectrum 10.06.2026 16:02:51	EEG	checkup_151_10.06.2026 16:02:51	500.0	499.6666666666667	True	0.5	40.0	4	True	50.0	30.0	1.7896606922149658	1.686900674546443	-11.963260650634766	-6.489992899676969	-18.41868782043457	-10.23323024529868	-26.67947769165039	-16.824447868692218	-11.04975414276123	-5.008778751647352	-18.63743019104004	-10.364013061808338	-3.009422540664673	4.592931918260898	-5.778388023376465	-4.693916371149895	0.0	0.0	0.0	0.0
14.194920063018799	1781097163.0	1781097163.6642573	5	25.0	29.0	12.0	8.0	NeuronSpectrum 10.06.2026 16:02:51	EEG	checkup_151_10.06.2026 16:02:51	500.0	499.6666666666667	True	0.5	40.0	4	True	50.0	30.0	1.645929217338562	1.589806975893683	-8.020264625549316	-4.3124398292588655	-14.505388259887695	-8.170909254481641	-22.542430877685547	-14.789241063821914	-6.55201530456543	-2.5142566014554038	-13.879236221313477	-8.016979112289615	-1.0819016695022583	5.28462480586674	-7.755527019500732	-4.757827658203603	0.0	0.0	0.0	0.0
14.194921731948853	1781097163.0	1781097163.664259	5	25.0	29.0	12.0	8.0	NeuronSpectrum 10.06.2026 16:02:51	EEG	checkup_151_10.06.2026 16:02:51	500.0	499.6666666666667	True	0.5	40.0	4	True	50.0	30.0	1.1840407848358154	1.3810142834685628	-3.8201687335968018	-2.1841430468334586	-9.521973609924316	-6.059991469764859	-16.715211868286133	-12.520504356508848	-2.0743062496185303	-0.10145677436949257	-8.648391723632812	-5.68908064712961	3.191863775253296	5.552257256342011	-7.962560653686523	-4.724934050686664	0.0	0.0	0.0	0.0
14.194923400878906	1781097163.0	1781097163.6642606	5	25.0	29.0	12.0	8.0	NeuronSpectrum 10.06.2026 16:02:51	EEG	checkup_151_10.06.2026 16:02:51	500.0	499.6666666666667	True	0.5	40.0	4	True	50.0	30.0	0.5758365988731384	1.1099444124445725	0.12917862832546234	-0.2518251488824569	-4.395834445953369	-4.056429668698792	-10.38021469116211	-10.173063218166478	1.9131773710250854	2.0768356898896565	-3.8784115314483643	-3.5253940088507703	7.420242786407471	5.453865604293148	-6.3654680252075195	-4.560217890323523	0.0	0.0	0.0	0.0
14.194924592971802	1781097163.0	1781097163.6642618	5	25.0	29.0	12.0	8.0	NeuronSpectrum 10.06.2026 16:02:51	EEG	checkup_151_10.06.2026 16:02:51	500.0	499.6666666666667	True	0.5	40.0	4	True	50.0	30.0	0.029109546914696693	0.8251298537098296	3.147386074066162	1.3738670274425806	-0.43468135595321655	-2.290786624879985	-5.2220139503479	-7.891827720532124	4.905317306518555	3.916733876576185	-0.5457055568695068	-1.6249948082256649	8.26776123046875	5.068846110525713	-3.9121627807617188	-4.267221600611139	0.0	0.0	0.0	0.0
14.194926500320435	1781097163.0	1781097163.6642637	5	25.0	29.0	12.0	8.0	NeuronSpectrum 10.06.2026 16:02:51	EEG	checkup_151_10.06.2026 16:02:51	500.0	499.6666666666667	True	0.5	40.0	4	True	50.0	30.0	-0.32544445991516113	0.5647852137297487	4.612725257873535	2.6446132043266446	1.3254468441009521	-0.8302254008357814	-2.607240915298462	-5.767925327827951	6.480488300323486	5.385212036821456	0.7717906832695007	-0.014240858335506923	4.2851786613464355	4.508187305223964	-1.8465349674224854	-3.8848347166719845	0.0	0.0	0.0	0.0
14.19492793083191	1781097163.0	1781097163.6642652	5	25.0	29.0	12.0	8.0	NeuronSpectrum 10.06.2026 16:02:51	EEG	checkup_151_10.06.2026 16:02:51	500.0	499.6666666666667	True	0.5	40.0	4	True	50.0	30.0	-0.47930246591567993	0.35005471278208555	4.2863922119140625	3.5782585161709606	0.6895024180412292	0.33537311548589754	-2.9000015258789062	-3.819915516422771	6.4561944007873535	6.5172505226207855	0.1588619500398636	1.3516644157450617	-2.2378811836242676	3.90118124823492	-0.9616737961769104	-3.4717471497086065	0.0	0.0	0.0	0.0
14.194929599761963	1781097163.0	1781097163.6642668	5	25.0	29.0	12.0	8.0	NeuronSpectrum 10.06.2026 16:02:51	EEG	checkup_151_10.06.2026 16:02:51	500.0	499.6666666666667	True	0.5	40.0	4	True	50.0	30.0	-0.4985666871070862	0.18278482074311336	2.5124552249908447	4.237523328280832	-1.5881658792495728	1.2764843224243874	-5.284231185913086	-2.0093583606091823	5.014793395996094	7.387848323351869	-1.6891368627548218	2.557047005898436	-6.399823188781738	3.3551947196848677	-1.313353419303894	-3.08647360687132	0.0	0.0	0.0	0.0
14.194931030273438	1781097163.0	1781097163.6642683	5	25.0	29.0	12.0	8.0	NeuronSpectrum 10.06.2026 16:02:51	EEG	checkup_151_10.06.2026 16:02:51	500.0	499.6666666666667	True	0.5	40.0	4	True	50.0	30.0	-0.43773970007896423	0.04865189337500322	0.13458557426929474	4.691245690927296	-4.201473236083984	2.0823550180034	-8.12274169921875	-0.2849052890499223	2.7404074668884277	8.0686990284209	-3.7685351371765137	3.675196299504316	-4.627358913421631	2.903571334844255	-2.4118995666503906	-2.7712897930021128	0.0	0.0	0.0	0.0
14.194932699203491	1781097163.0	1781097163.66427	5	25.0	29.0	12.0	8.0	NeuronSpectrum 10.06.2026 16:02:51	EEG	checkup_151_10.06.2026 16:02:51	500.0	499.6666666666667	True	0.5	40.0	4	True	50.0	30.0	-0.31423068046569824	-0.07486052824926256	-1.713894009590149	4.97355744743314	-5.7916669845581055	2.811479015003687	-9.486474990844727	1.3640436189440102	0.6793330907821655	8.586246762060311	-4.975803852081299	4.718979696719764	1.5119110345840454	2.4669593606903795	-3.600095510482788	-2.5450387659065923	0.0	0.0	0.0	0.0
14.194934129714966	1781097163.0	1781097163.6642714	5	25.0	29.0	12.0	8.0	NeuronSpectrum 10.06.2026 16:02:51	EEG	checkup_151_10.06.2026 16:02:51	500.0	499.6666666666667	True	0.5	40.0	4	True	50.0	30.0	-0.15260668098926544	-0.20750481691020226	-1.8211520910263062	5.058454253410179	-5.218348503112793	3.4549054291578107	-7.602113723754883	2.8686194840175707	0.3261357843875885	8.898998637921952	-4.1503801345825195	5.614256710431649	5.045600414276123	1.8493351113564693	-4.344627380371094	-2.4048321924714595	0.0	0.0	0.0	0.0
14.19493556022644	1781097163.0	1781097163.6642728	5	25.0	29.0	12.0	8.0	NeuronSpectrum 10.06.2026 16:02:51	EEG	checkup_151_10.06.2026 16:02:51	500.0	499.6666666666667	True	0.5	40.0	4	True	50.0	30.0	-0.03258660063147545	-0.35534355948298074	0.8869419693946838	4.862265555345134	-1.6169239282608032	3.928796624030935	-1.2581400871276855	4.076320238341225	3.317476749420166	8.906167631760912	-0.1547255963087082	6.21050476982353	-1.9029444456100464	0.7753996562321777	-4.357275009155273	-2.332832637266905	0.0	0.0	0.0	0.0
14.245746850967407	1781097163.0	1781097163.715084	5	25.0	29.0	12.0	8.0	NeuronSpectrum 10.06.2026 16:02:51	EEG	checkup_151_10.06.2026 16:02:51	500.0	499.6666666666667	True	0.5	40.0	4	True	50.0	30.0	1.2635928392410278	-0.503520247790344	5.211318016052246	4.275831434831824	2.6097571849823	4.1013635856312955	3.494874954223633	4.787285387861565	10.676544189453125	8.487972756531544	7.350225925445557	6.329085417466617	-5.5152788162231445	-1.0393996109327144	-3.063962936401367	-2.3032558207918155	0.0	0.0	0.0	0.0
14.245751857757568	1781097163.0	1781097163.715089	5	25.0	29.0	12.0	8.0	NeuronSpectrum 10.06.2026 16:02:51	EEG	checkup_151_10.06.2026 16:02:51	500.0	499.6666666666667	True	0.5	40.0	4	True	50.0	30.0	0.2436220496892929	-0.6161675144961255	4.896613121032715	3.215861156452547	3.828101396560669	3.84570118576985	5.2157745361328125	4.820289660073882	10.115687370300293	7.5642731265015835	7.452626705169678	5.833972837831879	-6.195389270782471	-3.8039298500008423	-1.3831907510757446	-2.2865680510483273	0.0	0.0	0.0	0.0
14.24575400352478	1781097163.0	1781097163.7150912	5	25.0	29.0	12.0	8.0	NeuronSpectrum 10.06.2026 16:02:51	EEG	checkup_151_10.06.2026 16:02:51	500.0	499.6666666666667	True	0.5	40.0	4	True	50.0	30.0	-1.2835079431533813	-0.6452713410683468	2.1168975830078125	1.6766899523481218	2.9123647212982178	3.100071198202049	4.164036750793457	4.085973994332423	6.651335716247559	6.149137111510448	4.520409107208252	4.699601863685179	-9.54487133026123	-7.571505571854796	-0.4516952335834503	-2.2511437328677935	0.0	0.0	0.0	0.0
14.245757579803467	1781097163.0	1781097163.7150948	5	25.0	29.0	12.0	8.0	NeuronSpectrum 10.06.2026 16:02:51	EEG	checkup_151_10.06.2026 16:02:51	500.0	499.6666666666667	True	0.5	40.0	4	True	50.0	30.0	-2.5593996047973633	-0.5471197033752011	-1.724231481552124	-0.2363519422826914	0.7822514772415161	1.9150008312058304	1.461458683013916	2.642879535676851	2.099970579147339	4.379875401507567	0.28609904646873474	3.051118833578226	-14.748893737792969	-12.183933880742076	-0.8993343114852905	-2.165158206046067	0.0	0.0	0.0	0.0
14.24575924873352	1781097163.0	1781097163.7150965	5	25.0	29.0	12.0	8.0	NeuronSpectrum 10.06.2026 16:02:51	EEG	checkup_151_10.06.2026 16:02:51	500.0	499.6666666666667	True	0.5	40.0	4	True	50.0	30.0	-2.8688204288482666	-0.3011586400441219	-4.62973690032959	-2.302994427365953	-1.111412525177002	0.4720420373015545	-1.115729808807373	0.7189388117352902	-1.1698822975158691	2.509738658142372	-2.9777238368988037	1.1632218944677315	-20.186269760131836	-17.25481868015256	-2.3583104610443115	-2.0014314861611866	0.0	0.0	0.0	0.0
14.245761156082153	1781097163.0	1781097163.7150984	5	25.0	29.0	12.0	8.0	NeuronSpectrum 10.06.2026 16:02:51	EEG	checkup_151_10.06.2026 16:02:51	500.0	499.6666666666667	True	0.5	40.0	4	True	50.0	30.0	-1.9504300355911255	0.07629108095557537	-5.495647430419922	-4.214140467838435	-1.9442843198776245	-0.9318395796755238	-2.532414436340332	-1.308033422024456	-1.9149235486984253	0.8673043205251731	-4.043578624725342	-0.5816244770058905	-24.313251495361328	-22.200677535078768	-3.62624192237854	-1.7452204862679659	0.0	0.0	0.0	0.0
14.245762825012207	1781097163.0	1781097163.7151	5	25.0	29.0	12.0	8.0	NeuronSpectrum 10.06.2026 16:02:51	EEG	checkup_151_10.06.2026 16:02:51	500.0	499.6666666666667	True	0.5	40.0	4	True	50.0	30.0	-0.13430529832839966	0.5301131498249889	-5.008636951446533	-5.621347872669934	-2.1979494094848633	-1.932113107448554	-3.3163352012634277	-2.968017473065882	-0.946000874042511	-0.20522005470315302	-3.5886423587799072	-1.764148130304918	-26.529760360717773	-26.318954155761904	-3.5167222023010254	-1.4015066633077788	0.0	0.0	0.0	0.0
14.24576449394226	1781097163.0	1781097163.7151017	5	25.0	29.0	12.0	8.0	NeuronSpectrum 10.06.2026 16:02:51	EEG	checkup_151_10.06.2026 16:02:51	500.0	499.6666666666667	True	0.5	40.0	4	True	50.0	30.0	1.8455538749694824	0.9786522274153888	-5.084774017333984	-6.200823203905024	-3.1746909618377686	-2.1693745430135887	-4.9663214683532715	-3.786069397988401	-0.4220396876335144	-0.4209681189805848	-3.51509952545166	-2.0133293793185487	-27.452810287475586	-28.902607982276546	-1.8249461650848389	-0.9968980259203352	0.0	0.0	0.0	0.0
14.245766162872314	1781097163.0	1781097163.7151034	5	25.0	29.0	12.0	8.0	NeuronSpectrum 10.06.2026 16:02:51	EEG	checkup_151_10.06.2026 16:02:51	500.0	499.6666666666667	True	0.5	40.0	4	True	50.0	30.0	3.222064256668091	1.3366819050670053	-7.1217451095581055	-5.7235747413336195	-5.595155239105225	-1.3758414530238867	-8.24990177154541	-3.386658611040446	-1.9023897647857666	0.38612977634672363	-5.12443733215332	-1.0914272850250042	-28.414770126342773	-29.373808151282898	0.4566004276275635	-0.5734193868953574	0.0	0.0	0.0	0.0
14.245767831802368	1781097163.0	1781097163.715105	5	25.0	29.0	12.0	8.0	NeuronSpectrum 10.06.2026 16:02:51	EEG	checkup_151_10.06.2026 16:02:51	500.0	499.6666666666667	True	0.5	40.0	4	True	50.0	30.0	3.524960994720459	1.5409195166254748	-10.380517959594727	-4.122374376020305	-8.371410369873047	0.5396972036765961	-11.755409240722656	-1.597496235033302	-4.633724689483643	2.207986088865131	-7.543829917907715	1.0343503696085161	-30.305004119873047	-27.414343792400494	1.8380320072174072	-0.17619817391411105	0.0	0.0	0.0	0.0
14.245769500732422	1781097163.0	1781097163.7151067	5	25.0	29.0	12.0	8.0	NeuronSpectrum 10.06.2026 16:02:51	EEG	checkup_151_10.06.2026 16:02:51	500.0	499.6666666666667	True	0.5	40.0	4	True	50.0	30.0	2.7308104038238525	1.5685767704054518	-11.968766212463379	-1.5419819981623224	-8.775054931640625	3.4289110394828093	-12.192205429077148	1.470884776293965	-5.648393630981445	4.831082162947738	-7.881481170654297	4.148409723746679	-32.38912582397461	-23.066759242281197	1.485860824584961	0.1587601008626568	0.0	0.0	0.0	0.0
14.245771169662476	1781097163.0	1781097163.7151084	5	25.0	29.0	12.0	8.0	NeuronSpectrum 10.06.2026 16:02:51	EEG	checkup_151_10.06.2026 16:02:51	500.0	499.6666666666667	True	0.5	40.0	4	True	50.0	30.0	1.2247021198272705	1.442085754681722	-8.833913803100586	1.6453080239194864	-4.311086177825928	6.885838332469679	-6.75041389465332	5.396775628857957	-1.991910457611084	7.839965815333939	-3.38268780708313	7.787880250339127	-31.984596252441406	-16.778582705221645	-0.1800537258386612	0.41000406941032674	0.0	0.0	0.0	0.0
14.24577260017395	1781097163.0	1781097163.7151098	5	25.0	29.0	12.0	8.0	NeuronSpectrum 10.06.2026 16:02:51	EEG	checkup_151_10.06.2026 16:02:51	500.0	499.6666666666667	True	0.5	40.0	4	True	50.0	30.0	-0.3770196735858917	1.2186320999453708	-0.44857731461524963	4.875338730608248	4.915297985076904	10.291380464688203	4.056292533874512	9.491519690259624	6.441795349121094	10.666480087192559	5.8812384605407715	11.30055504042038	-25.365285873413086	-9.365780598036483	-1.8580191135406494	0.5665594024241617	0.0	0.0	0.0	0.0
14.2457754611969	1781097163.0	1781097163.7151127	5	25.0	29.0	12.0	8.0	NeuronSpectrum 10.06.2026 16:02:51	EEG	checkup_151_10.06.2026 16:02:51	500.0	499.6666666666667	True	0.5	40.0	4	True	50.0	30.0	-1.4726876020431519	0.9690831379375662	9.903741836547852	7.484176614698831	15.221577644348145	12.922803223322692	15.409905433654785	12.920449576874141	15.7418851852417	12.685545365265652	15.9495267868042	13.959096010217987	-9.704790115356445	-1.8852805608396013	-2.4015214443206787	0.6178136764912301	0.0	0.0	0.0	0.0
14.245777368545532	1781097163.0	1781097163.7151146	5	25.0	29.0	12.0	8.0	NeuronSpectrum 10.06.2026 16:02:51	EEG	checkup_151_10.06.2026 16:02:51	500.0	499.6666666666667	True	0.5	40.0	4	True	50.0	30.0	-1.7127978801727295	0.7547779947078298	16.55707550048828	8.842639473010355	20.908838272094727	14.108934261024517	20.388166427612305	14.88005498157822	19.79886817932129	13.341897757678453	20.7674560546875	15.112036434744102	14.737809181213379	4.5686932134714215	-1.656067967414856	0.545222805012117	0.0	0.0	0.0	0.0
14.296748161315918	1781097163.0	1781097163.7660854	5	25.0	29.0	12.0	8.0	NeuronSpectrum 10.06.2026 16:02:51	EEG	checkup_151_10.06.2026 16:02:51	500.0	499.6666666666667	True	0.5	40.0	4	True	50.0	30.0	0.3706630766391754	0.6108184087393836	11.431377410888672	8.500844271861626	16.887649536132812	13.392632522157573	18.84790802001953	14.788991854099118	13.118499755859375	12.27749498747518	15.75455093383789	14.335634023708701	17.720476150512695	9.100199769309873	1.749841570854187	0.32321456030039	0.0	0.0	0.0	0.0
14.2967529296875	1781097163.0	1781097163.7660902	5	25.0	29.0	12.0	8.0	NeuronSpectrum 10.06.2026 16:02:51	EEG	checkup_151_10.06.2026 16:02:51	500.0	499.6666666666667	True	0.5	40.0	4	True	50.0	30.0	1.4051668643951416	0.5409840379031982	10.256247520446777	6.302386437297967	14.769673347473145	10.654949735200482	17.834640502929688	12.441264793759418	11.643941879272461	9.424702295924105	14.06279182434082	11.54532105005336	21.26495933532715	11.214659044546421	2.23306941986084	-0.06870378179195577	0.0	0.0	0.0	0.0
14.296755075454712	1781097163.0	1781097163.7660923	5	25.0	29.0	12.0	8.0	NeuronSpectrum 10.06.2026 16:02:51	EEG	checkup_151_10.06.2026 16:02:51	500.0	499.6666666666667	True	0.5	40.0	4	True	50.0	30.0	1.8399780988693237	0.5239984474581666	4.348469257354736	2.4344663797383714	7.5147247314453125	6.163831348564128	10.729630470275879	8.077144596558297	5.9757399559021	5.038297496363522	7.600547790527344	7.0342695189523345	17.165151596069336	10.927406251446257	1.0003554821014404	-0.6276226022475474	0.0	0.0	0.0	0.0
14.296757221221924	1781097163.0	1781097163.7660944	5	25.0	29.0	12.0	8.0	NeuronSpectrum 10.06.2026 16:02:51	EEG	checkup_151_10.06.2026 16:02:51	500.0	499.6666666666667	True	0.5	40.0	4	True	50.0	30.0	1.5235620737075806	0.5263610469186877	-4.808712959289551	-2.6018645690257216	-3.0914270877838135	0.5306179990986766	-0.6738148927688599	2.3481690742014947	-2.764256477355957	-0.34452608501309145	-2.163003444671631	1.4254565172183318	7.937566757202148	8.742498314529502	-1.2855892181396484	-1.3118722636637943	0.0	0.0	0.0	0.0
14.296758890151978	1781097163.0	1781097163.766096	5	25.0	29.0	12.0	8.0	NeuronSpectrum 10.06.2026 16:02:51	EEG	checkup_151_10.06.2026 16:02:51	500.0	499.6666666666667	True	0.5	40.0	4	True	50.0	30.0	0.7520888447761536	0.5154347448655845	-14.632482528686523	-8.095304766577673	-14.041443824768066	-5.417184223402224	-12.967182159423828	-3.819389031397952	-12.357770919799805	-6.008769117245133	-12.60092544555664	-4.454017712672245	-2.137308359146118	5.506594360549602	-3.4127957820892334	-2.03675204405061	0.0	0.0	0.0	0.0
14.29676079750061	1781097163.0	1781097163.766098	5	25.0	29.0	12.0	8.0	NeuronSpectrum 10.06.2026 16:02:51	EEG	checkup_151_10.06.2026 16:02:51	500.0	499.6666666666667	True	0.5	40.0	4	True	50.0	30.0	0.011718862690031528	0.4680993567254251	-22.45989990234375	-13.276068326113258	-22.30495834350586	-10.815430491496743	-22.481895446777344	-9.430093504634478	-20.284208297729492	-11.207293574689073	-20.9061336517334	-9.747300379945296	-9.365744590759277	2.179973996774601	-4.49873161315918	-2.6843321785724026	0.0	0.0	0.0	0.0
14.296762466430664	1781097163.0	1781097163.7660997	5	25.0	29.0	12.0	8.0	NeuronSpectrum 10.06.2026 16:02:51	EEG	checkup_151_10.06.2026 16:02:51	500.0	499.6666666666667	True	0.5	40.0	4	True	50.0	30.0	-0.37389010190963745	0.3734880307917851	-26.57390785217285	-17.47736566557098	-26.03754234313965	-14.949063307235445	-26.770288467407227	-13.641116328297784	-24.673179626464844	-15.312880756462041	-25.131128311157227	-13.748226556270563	-12.464234352111816	-0.4112379822545196	-4.460175037384033	-3.12455184022571	0.0	0.0	0.0	0.0
14.296765089035034	1781097163.0	1781097163.7661023	5	25.0	29.0	12.0	8.0	NeuronSpectrum 10.06.2026 16:02:51	EEG	checkup_151_10.06.2026 16:02:51	500.0	499.6666666666667	True	0.5	40.0	4	True	50.0	30.0	-0.41126251220703125	0.23115979898820588	-26.770002365112305	-20.26587572320849	-25.196399688720703	-17.396207300362295	-25.484508514404297	-15.941885894310486	-25.0018367767334	-17.939298655909695	-24.835172653198242	-16.042647711817544	-12.492639541625977	-1.776014323169524	-3.7962656021118164	-3.241385390601875	0.0	0.0	0.0	0.0
14.296766757965088	1781097163.0	1781097163.766104	5	25.0	29.0	12.0	8.0	NeuronSpectrum 10.06.2026 16:02:51	EEG	checkup_151_10.06.2026 16:02:51	500.0	499.6666666666667	True	0.5	40.0	4	True	50.0	30.0	-0.3430933952331543	0.047344093506335755	-24.25005531311035	-21.50985414315414	-21.327604293823242	-18.095114814852472	-20.310592651367188	-16.24549204328213	-22.25267791748047	-19.00174142016845	-21.130901336669922	-16.575753692242618	-11.044879913330078	-1.8635323711935807	-3.033787727355957	-2.957498511650232	0.0	0.0	0.0	0.0
14.29676866531372	1781097163.0	1781097163.766106	5	25.0	29.0	12.0	8.0	NeuronSpectrum 10.06.2026 16:02:51	EEG	checkup_151_10.06.2026 16:02:51	500.0	499.6666666666667	True	0.5	40.0	4	True	50.0	30.0	-0.40034106373786926	-0.1684140634808709	-20.923370361328125	-21.37164325511213	-16.70694351196289	-17.320927656343304	-14.05479621887207	-14.87185346938497	-18.425256729125977	-18.703604917014133	-16.14223289489746	-15.631032744816862	-8.406242370605469	-1.050671081905658	-2.335608959197998	-2.2524874666191215	0.0	0.0	0.0	0.0
14.296770334243774	1781097163.0	1781097163.7661076	5	25.0	29.0	12.0	8.0	NeuronSpectrum 10.06.2026 16:02:51	EEG	checkup_151_10.06.2026 16:02:51	500.0	499.6666666666667	True	0.5	40.0	4	True	50.0	30.0	-0.613854706287384	-0.4050249854742587	-18.40666961669922	-20.232139771951037	-13.252461433410645	-15.584294028652819	-9.294346809387207	-12.43363280746978	-15.517722129821777	-17.45674151956406	-12.035880088806152	-13.730754982906797	-3.5091159343719482	-0.019376123393066824	-1.547074794769287	-1.1718829673314426	0.0	0.0	0.0	0.0
14.296772003173828	1781097163.0	1781097163.7661092	5	25.0	29.0	12.0	8.0	NeuronSpectrum 10.06.2026 16:02:51	EEG	checkup_151_10.06.2026 16:02:51	500.0	499.6666666666667	True	0.5	40.0	4	True	50.0	30.0	-0.8281155824661255	-0.6499880465275415	-17.230037689208984	-18.571674953296853	-11.726624488830566	-13.483551972601136	-7.21406364440918	-9.661378650676317	-14.461448669433594	-15.759470248326279	-10.03954792022705	-11.488036873633158	3.9197592735290527	0.4433009394372042	-0.5411928296089172	0.17436121551359465	0.0	0.0	0.0	0.0
14.296773672103882	1781097163.0	1781097163.766111	5	25.0	29.0	12.0	8.0	NeuronSpectrum 10.06.2026 16:02:51	EEG	checkup_151_10.06.2026 16:02:51	500.0	499.6666666666667	True	0.5	40.0	4	True	50.0	30.0	-0.8636946082115173	-0.8885234931731746	-16.547895431518555	-16.840470960903975	-11.443683624267578	-11.551279725166866	-7.03192138671875	-7.217101254409387	-14.464775085449219	-14.065722192397764	-9.768814086914062	-9.450870019948006	11.008170127868652	-0.328607349523844	0.5242922306060791	1.624198183188586	0.0	0.0	0.0	0.0
14.296775579452515	1781097163.0	1781097163.7661128	5	25.0	29.0	12.0	8.0	NeuronSpectrum 10.06.2026 16:02:51	EEG	checkup_151_10.06.2026 16:02:51	500.0	499.6666666666667	True	0.5	40.0	4	True	50.0	30.0	-0.6789458990097046	-1.1026470903274497	-14.505973815917969	-15.351548223347848	-10.559285163879395	-10.133655732699708	-6.28961706161499	-5.543676004049795	-13.200240135192871	-12.67835372248682	-9.24043083190918	-7.977243860364182	11.810590744018555	-2.687061624873753	1.279265284538269	2.9860177210158554	0.0	0.0	0.0	0.0
14.29677700996399	1781097163.0	1781097163.7661142	5	25.0	29.0	12.0	8.0	NeuronSpectrum 10.06.2026 16:02:51	EEG	checkup_151_10.06.2026 16:02:51	500.0	499.6666666666667	True	0.5	40.0	4	True	50.0	30.0	-0.39759719371795654	-1.2712696401704962	-9.16012191772461	-14.221462722299668	-6.8838582038879395	-9.329886962979444	-2.032176971435547	-4.784251715810202	-7.932608127593994	-11.691702107543033	-5.752929210662842	-7.169830307255684	0.8829708099365234	-6.564113720215878	1.426465392112732	4.06940724284068	0.0	0.0	0.0	0.0
14.296778917312622	1781097163.0	1781097163.7661161	5	25.0	29.0	12.0	8.0	NeuronSpectrum 10.06.2026 16:02:51	EEG	checkup_151_10.06.2026 16:02:51	500.0	499.6666666666667	True	0.5	40.0	4	True	50.0	30.0	-0.6905223727226257	-1.3723392485224983	-18.981473922729492	-13.371696644840663	-15.237161636352539	-9.002625314914658	-10.701085090637207	-4.786211901146662	-15.4525728225708	-10.995699990274266	-12.038129806518555	-6.882526926109779	-22.00523567199707	-11.483818853256254	5.71173620223999	4.720151920312708	0.0	0.0	0.0	0.0
14.296780347824097	1781097163.0	1781097163.7661176	5	25.0	29.0	12.0	8.0	NeuronSpectrum 10.06.2026 16:02:51	EEG	checkup_151_10.06.2026 16:02:51	500.0	499.6666666666667	True	0.5	40.0	4	True	50.0	30.0	-1.744716763496399	-1.38746851620897	-19.813772201538086	-12.587361848425438	-16.62496566772461	-8.851838586735743	-13.215766906738281	-5.182373302855376	-16.805950164794922	-10.338233149682742	-14.108582496643066	-6.792913922991166	-29.808988571166992	-16.686475017957626	6.652386665344238	4.85295378861199	0.0	0.0	0.0	0.0
14.29678225517273	1781097163.0	1781097163.7661195	5	25.0	29.0	12.0	8.0	NeuronSpectrum 10.06.2026 16:02:51	EEG	checkup_151_10.06.2026 16:02:51	500.0	499.6666666666667	True	0.5	40.0	4	True	50.0	30.0	-2.5741689205169678	-1.3082124057247524	-19.3699951171875	-11.612859594493525	-16.733816146850586	-8.527438309492927	-14.39126968383789	-5.521912138023381	-17.143152236938477	-9.426148257203078	-15.130752563476562	-6.517557700688205	-34.78502655029297	-21.323544292750515	6.027308940887451	4.473390408683094	0.0	0.0	0.0	0.0
14.296783924102783	1781097163.0	1781097163.7661211	5	25.0	29.0	12.0	8.0	NeuronSpectrum 10.06.2026 16:02:51	EEG	checkup_151_10.06.2026 16:02:51	500.0	499.6666666666667	True	0.5	40.0	4	True	50.0	30.0	-2.606233835220337	-1.1416288270556298	-17.045854568481445	-10.25224742259284	-14.91752815246582	-7.745312455961953	-13.35106372833252	-5.4104935071455795	-15.500487327575684	-8.03318759665817	-14.093976974487305	-5.735537970615317	-36.24238204956055	-24.66190303014041	4.1492743492126465	3.681178175662253	0.0	0.0	0.0	0.0
14.296785831451416	1781097163.0	1781097163.766123	5	25.0	29.0	12.0	8.0	NeuronSpectrum 10.06.2026 16:02:51	EEG	checkup_151_10.06.2026 16:02:51	500.0	499.6666666666667	True	0.5	40.0	4	True	50.0	30.0	-1.7215259075164795	-0.9120303873865407	-12.59402084350586	-8.44148873230719	-10.92260456085205	-6.372170765446274	-9.76874828338623	-4.618709174732993	-11.263572692871094	-6.080964396223369	-10.40807056427002	-4.284291938566213	-34.174163818359375	-26.240321881881034	1.8059903383255005	2.6510910105785026	0.0	0.0	0.0	0.0
14.29678750038147	1781097163.0	1781097163.7661247	5	25.0	29.0	12.0	8.0	NeuronSpectrum 10.06.2026 16:02:51	EEG	checkup_151_10.06.2026 16:02:51	500.0	499.6666666666667	True	0.5	40.0	4	True	50.0	30.0	-0.36480966210365295	-0.656836156716989	-6.651920318603516	-6.2715104434790865	-5.388158321380615	-4.457182991373006	-4.385823726654053	-3.1311470866076005	-4.939879417419434	-3.6690528108495086	-4.581538200378418	-2.202318117049152	-29.12120246887207	-25.943570577137013	-0.2308746576309204	1.5947723773142695	0.0	0.0	0.0	0.0
14.296789169311523	1781097163.0	1781097163.7661264	5	25.0	29.0	12.0	8.0	NeuronSpectrum 10.06.2026 16:02:51	EEG	checkup_151_10.06.2026 16:02:51	500.0	499.6666666666667	True	0.5	40.0	4	True	50.0	30.0	0.7491412162780762	-0.4170043897211636	-1.0003740787506104	-3.959860073505166	-0.04995729401707649	-2.2077384664458193	0.8658527135848999	-1.1300463313500881	1.470272183418274	-1.048717727733329	1.4864355325698853	0.28811635103412553	-22.268388748168945	-23.988098652092898	-1.5680676698684692	0.7131161462664684	0.0	0.0	0.0	0.0
14.296790838241577	1781097163.0	1781097163.766128	5	25.0	29.0	12.0	8.0	NeuronSpectrum 10.06.2026 16:02:51	EEG	checkup_151_10.06.2026 16:02:51	500.0	499.6666666666667	True	0.5	40.0	4	True	50.0	30.0	1.1015807390213013	-0.22533177029641416	2.052607297897339	-1.7868367842966322	2.8895530700683594	0.07485200207257925	3.647921323776245	1.0710291260904055	5.231441020965576	1.445651573096998	5.234355449676514	2.845449393368193	-15.522210121154785	-20.83771513115948	-2.1873669624328613	0.15206765536896874	0.0	0.0	0.0	0.0
14.29679250717163	1781097163.0	1781097163.7661297	5	25.0	29.0	12.0	8.0	NeuronSpectrum 10.06.2026 16:02:51	EEG	checkup_151_10.06.2026 16:02:51	500.0	499.6666666666667	True	0.5	40.0	4	True	50.0	30.0	0.6775556206703186	-0.09727124470369926	1.1068307161331177	-0.02225751185412425	2.1311748027801514	2.0732087649241207	2.7221343517303467	3.1148427765622375	4.621927738189697	3.48057111826818	5.04090690612793	5.094513840711226	-11.193438529968262	-17.08246152960527	-2.1592824459075928	-0.026423118517150908	0.0	0.0	0.0	0.0
14.296794176101685	1781097163.0	1781097163.7661314	5	25.0	29.0	12.0	8.0	NeuronSpectrum 10.06.2026 16:02:51	EEG	checkup_151_10.06.2026 16:02:51	500.0	499.6666666666667	True	0.5	40.0	4	True	50.0	30.0	-0.09122250974178314	-0.02798005050406879	-2.992436408996582	1.1322458957810997	-1.4793949127197266	3.5196693907319854	-0.8124499917030334	4.680307419632783	0.5174705386161804	4.795223508181979	1.6639853715896606	6.705780387516416	-10.976371765136719	-13.316700874804091	-1.4649709463119507	0.14878750220490045	0.0	0.0	0.0	0.0
14.296795845031738	1781097163.0	1781097163.766133	5	25.0	29.0	12.0	8.0	NeuronSpectrum 10.06.2026 16:02:51	EEG	checkup_151_10.06.2026 16:02:51	500.0	499.6666666666667	True	0.5	40.0	4	True	50.0	30.0	-0.6657471060752869	0.0034421691510308702	-7.1189045906066895	1.571985664176693	-4.957075595855713	4.235470533187492	-3.7270724773406982	5.536176610244108	-3.6312193870544434	5.243765867626012	-1.7823855876922607	7.449855541539988	-14.558075904846191	-10.043970153294973	-0.11296038329601288	0.5741224623490878	0.0	0.0	0.0	0.0
14.296797513961792	1781097163.0	1781097163.7661347	5	25.0	29.0	12.0	8.0	NeuronSpectrum 10.06.2026 16:02:51	EEG	checkup_151_10.06.2026 16:02:51	500.0	499.6666666666667	True	0.5	40.0	4	True	50.0	30.0	-0.7530658841133118	0.02462315458972835	-7.665205955505371	1.290792767906031	-4.930443286895752	4.1435687483535695	-2.733160972595215	5.5655437219324995	-3.95037841796875	4.806525453090504	-1.7896595001220703	7.223256114703688	-18.892364501953125	-7.620402551972743	1.599341869354248	1.104641221948435	0.0	0.0	0.0	0.0
14.296800136566162	1781097163.0	1781097163.7661374	5	25.0	29.0	12.0	8.0	NeuronSpectrum 10.06.2026 16:02:51	EEG	checkup_151_10.06.2026 16:02:51	500.0	499.6666666666667	True	0.5	40.0	4	True	50.0	30.0	-0.4290884733200073	0.05941073500229237	-3.1439332962036133	0.3673425571970421	-0.1374242901802063	3.2652724565750817	2.8341422080993652	4.768746866921438	0.8830413818359375	3.5797006870792067	2.830378293991089	6.052084962128862	-18.90123176574707	-6.2327204451787575	3.0133118629455566	1.5945185373968231	0.0	0.0	0.0	0.0
14.296801805496216	1781097163.0	1781097163.766139	5	25.0	29.0	12.0	8.0	NeuronSpectrum 10.06.2026 16:02:51	EEG	checkup_151_10.06.2026 16:02:51	500.0	499.6666666666667	True	0.5	40.0	4	True	50.0	30.0	0.009995562955737114	0.11998704958059961	4.294372081756592	-1.052203237033582	7.142246723175049	1.7105760889110264	9.749692916870117	3.253066255811632	8.065836906433105	1.7541500232392286	9.4922456741333	4.0814521125302985	-9.742453575134277	-5.89880899905524	3.4189717769622803	1.9329264428221078	0.0	0.0	0.0	0.0
14.29680347442627	1781097163.0	1781097163.7661407	5	25.0	29.0	12.0	8.0	NeuronSpectrum 10.06.2026 16:02:51	EEG	checkup_151_10.06.2026 16:02:51	500.0	499.6666666666667	True	0.5	40.0	4	True	50.0	30.0	0.3044564723968506	0.2037726374658812	9.819116592407227	-2.772616331660251	12.06545639038086	-0.3363277581113869	12.430270195007324	1.210988067141258	12.019139289855957	-0.4135857985285929	13.051216125488281	1.5521532618634781	10.213340759277344	-6.482312366365826	2.5480573177337646	2.0655984029997922	0.0	0.0	0.0	0.0
14.347708702087402	1781097163.0	1781097163.817046	5	25.0	29.0	12.0	8.0	NeuronSpectrum 10.06.2026 16:02:51	EEG	checkup_151_10.06.2026 16:02:51	500.0	499.6666666666667	True	0.5	40.0	4	True	50.0	30.0	0.6316608786582947	0.29522521414257036	-13.332682609558105	-4.574821812502871	-11.811022758483887	-2.642364357562137	-11.920016288757324	-1.1161544003909911	-13.040454864501953	-2.6414150526627047	-12.617338180541992	-1.238984353062401	-16.061031341552734	-7.722201810634918	0.043024614453315735	1.9975615375269686	0.0	0.0	0.0	0.0
14.34771466255188	1781097163.0	1781097163.817052	5	25.0	29.0	12.0	8.0	NeuronSpectrum 10.06.2026 16:02:51	EEG	checkup_151_10.06.2026 16:02:51	500.0	499.6666666666667	True	0.5	40.0	4	True	50.0	30.0	0.4252334535121918	0.37114026522690025	-14.550457954406738	-6.252162482080974	-14.240360260009766	-4.965279350797374	-14.284408569335938	-3.487735919927889	-14.373374938964844	-4.673072521846521	-14.916651725769043	-3.9942209117750074	-17.52687644958496	-9.281764143030593	-1.2224748134613037	1.7792767614453457	0.0	0.0	0.0	0.0
14.347717046737671	1781097163.0	1781097163.8170543	5	25.0	29.0	12.0	8.0	NeuronSpectrum 10.06.2026 16:02:51	EEG	checkup_151_10.06.2026 16:02:51	500.0	499.6666666666667	True	0.5	40.0	4	True	50.0	30.0	0.39220771193504333	0.40753540257343507	-14.193761825561523	-7.650907056221973	-14.84926700592041	-7.099549422069037	-14.404230117797852	-5.713249574851405	-13.595573425292969	-6.329112862163984	-14.950884819030762	-6.4723043012848525	-17.61501693725586	-10.81227430702704	-1.3290706872940063	1.4839959493955324	0.0	0.0	0.0	0.0
14.347718715667725	1781097163.0	1781097163.817056	5	25.0	29.0	12.0	8.0	NeuronSpectrum 10.06.2026 16:02:51	EEG	checkup_151_10.06.2026 16:02:51	500.0	499.6666666666667	True	0.5	40.0	4	True	50.0	30.0	0.6189377307891846	0.3864128415947278	-12.824690818786621	-8.698709134855799	-14.004714012145996	-8.910675797809304	-12.840816497802734	-7.681125847850358	-11.535867691040039	-7.5378293189973835	-13.482640266418457	-8.52689050578658	-16.08616828918457	-12.013085477045054	-0.315525084733963	1.185928874931123	0.0	0.0	0.0	0.0
14.347720384597778	1781097163.0	1781097163.8170576	5	25.0	29.0	12.0	8.0	NeuronSpectrum 10.06.2026 16:02:51	EEG	checkup_151_10.06.2026 16:02:51	500.0	499.6666666666667	True	0.5	40.0	4	True	50.0	30.0	0.8977612257003784	0.301098174497872	-11.369400978088379	-9.407044282683563	-12.702436447143555	-10.342850122771889	-10.93722152709961	-9.3535328623881	-9.54721450805664	-8.331949401658692	-11.91246509552002	-10.11071952673663	-13.40545654296875	-12.666948405406062	1.0353707075119019	0.9460236936983739	0.0	0.0	0.0	0.0
14.347722053527832	1781097163.0	1781097163.8170593	5	25.0	29.0	12.0	8.0	NeuronSpectrum 10.06.2026 16:02:51	EEG	checkup_151_10.06.2026 16:02:51	500.0	499.6666666666667	True	0.5	40.0	4	True	50.0	30.0	0.9022312760353088	0.15908007357982853	-10.4409761428833	-9.846305335767816	-11.829489707946777	-11.398607260557217	-9.912193298339844	-10.731093579175061	-8.572500228881836	-8.812928853973853	-11.308048248291016	-11.247000976762175	-10.726171493530273	-12.64158375668154	1.7275131940841675	0.8066191385972786	0.0	0.0	0.0	0.0
14.347723960876465	1781097163.0	1781097163.8170612	5	25.0	29.0	12.0	8.0	NeuronSpectrum 10.06.2026 16:02:51	EEG	checkup_151_10.06.2026 16:02:51	500.0	499.6666666666667	True	0.5	40.0	4	True	50.0	30.0	0.45845827460289	-0.01855866231802499	-10.09659481048584	-10.10532986294697	-11.717851638793945	-12.103107686278898	-10.231551170349121	-11.806976227810264	-8.671159744262695	-9.09936338984592	-11.842927932739258	-11.984854825255292	-9.551806449890137	-11.866702505219152	1.2274072170257568	0.791317488345544	0.0	0.0	0.0	0.0
14.34772539138794	1781097163.0	1781097163.8170626	5	25.0	29.0	12.0	8.0	NeuronSpectrum 10.06.2026 16:02:51	EEG	checkup_151_10.06.2026 16:02:51	500.0	499.6666666666667	True	0.5	40.0	4	True	50.0	30.0	-0.2930717170238495	-0.20149764875156378	-10.126028060913086	-10.25292135984112	-12.2105131149292	-12.471729446448744	-11.588597297668457	-12.534485213007743	-9.290887832641602	-9.281056652678783	-12.961061477661133	-12.360869026228931	-10.783860206604004	-10.307626013187898	-0.16532394289970398	0.9049729749725857	0.0	0.0	0.0	0.0
14.347727060317993	1781097163.0	1781097163.8170643	5	25.0	29.0	12.0	8.0	NeuronSpectrum 10.06.2026 16:02:51	EEG	checkup_151_10.06.2026 16:02:51	500.0	499.6666666666667	True	0.5	40.0	4	True	50.0	30.0	-0.9734706282615662	-0.3576022422685451	-10.505363464355469	-10.316213457436412	-13.041717529296875	-12.496180447854803	-13.371374130249023	-12.825192786379885	-9.979737281799316	-9.395163660308281	-14.033391952514648	-12.383187367044233	-13.536521911621094	-7.955991915266067	-1.5022470951080322	1.131213669319709	0.0	0.0	0.0	0.0
14.347728729248047	1781097163.0	1781097163.817066	5	25.0	29.0	12.0	8.0	NeuronSpectrum 10.06.2026 16:02:51	EEG	checkup_151_10.06.2026 16:02:51	500.0	499.6666666666667	True	0.5	40.0	4	True	50.0	30.0	-1.2193678617477417	-0.4613949619150774	-11.491905212402344	-10.2824997136372	-14.088887214660645	-12.154676832029672	-15.122570037841797	-12.580564068698672	-10.83240795135498	-9.430048365260637	-14.870906829833984	-12.042716702874834	-14.827046394348145	-4.845792505499729	-1.7901911735534668	1.4293952739990738	0.0	0.0	0.0	0.0
14.3477303981781	1781097163.0	1781097163.8170676	5	25.0	29.0	12.0	8.0	NeuronSpectrum 10.06.2026 16:02:51	EEG	checkup_151_10.06.2026 16:02:51	500.0	499.6666666666667	True	0.5	40.0	4	True	50.0	30.0	-0.9172200560569763	-0.5008268889394116	-13.189957618713379	-10.12140744756862	-15.237502098083496	-11.440707775683208	-16.571369171142578	-11.745436928135303	-12.210165023803711	-9.351351145372506	-15.630868911743164	-11.343938383071729	-11.10127067565918	-1.0862048291966748	-0.6449630260467529	1.7360450224595008	0.0	0.0	0.0	0.0
14.347732067108154	1781097163.0	1781097163.8170693	5	25.0	29.0	12.0	8.0	NeuronSpectrum 10.06.2026 16:02:51	EEG	checkup_151_10.06.2026 16:02:51	500.0	499.6666666666667	True	0.5	40.0	4	True	50.0	30.0	-0.25969770550727844	-0.48004170018636616	-15.043041229248047	-9.8164535293601	-16.086511611938477	-10.396756776365455	-17.329851150512695	-10.362076041051829	-14.026981353759766	-9.137072195761823	-16.30476951599121	-10.339884192148652	-1.330492615699768	3.10910744835016	1.4543871879577637	1.9752160230086302	0.0	0.0	0.0	0.0
14.347733736038208	1781097163.0	1781097163.817071	5	25.0	29.0	12.0	8.0	NeuronSpectrum 10.06.2026 16:02:51	EEG	checkup_151_10.06.2026 16:02:51	500.0	499.6666666666667	True	0.5	40.0	4	True	50.0	30.0	0.3981301188468933	-0.41738584755690245	-15.695022583007812	-9.391473384823179	-15.759797096252441	-9.136694864991131	-16.527305603027344	-8.601824496230975	-15.157636642456055	-8.806033737086338	-16.184728622436523	-9.154168027853187	10.577237129211426	7.416602835659811	3.4300904273986816	2.0776657908386618	0.0	0.0	0.0	0.0
14.347735166549683	1781097163.0	1781097163.8170724	5	25.0	29.0	12.0	8.0	NeuronSpectrum 10.06.2026 16:02:51	EEG	checkup_151_10.06.2026 16:02:51	500.0	499.6666666666667	True	0.5	40.0	4	True	50.0	30.0	0.759389340877533	-0.33985068397911483	-13.434041976928711	-8.919435349131476	-13.045907974243164	-7.844172121819937	-12.787972450256348	-6.757963472483391	-13.549773216247559	-8.427175179157592	-13.805656433105469	-7.977551850579722	16.569995880126953	11.430810824912776	4.258419990539551	2.0028986682226817	0.0	0.0	0.0	0.0
14.347736597061157	1781097163.0	1781097163.8170738	5	25.0	29.0	12.0	8.0	NeuronSpectrum 10.06.2026 16:02:51	EEG	checkup_151_10.06.2026 16:02:51	500.0	499.6666666666667	True	0.5	40.0	4	True	50.0	30.0	0.7338917255401611	-0.27640896082647215	-7.0268635749816895	-8.50844058846953	-6.885124206542969	-6.743106395863856	-4.792968273162842	-5.196221800734927	-7.17195463180542	-8.10489832802858	-7.560546875	-7.035855567246685	9.134115219116211	14.720944520208342	3.5766117572784424	1.7545615985833982	0.0	0.0	0.0	0.0
14.399651765823364	1781097163.0	1781097163.868989	5	25.0	29.0	12.0	8.0	NeuronSpectrum 10.06.2026 16:02:51	EEG	checkup_151_10.06.2026 16:02:51	500.0	499.6666666666667	True	0.5	40.0	4	True	50.0	30.0	-0.7231395244598389	-0.25263028572248075	-11.743144035339355	-8.269576690679711	-9.202184677124023	-6.047213852870655	-6.821735382080078	-4.274210498105808	-10.726590156555176	-7.945616097207154	-9.262781143188477	-6.537096139309506	10.531170845031738	16.90289638713463	-1.3040695190429688	1.381193122864575	0.0	0.0	0.0	0.0
14.399657487869263	1781097163.0	1781097163.8689947	5	25.0	29.0	12.0	8.0	NeuronSpectrum 10.06.2026 16:02:51	EEG	checkup_151_10.06.2026 16:02:51	500.0	499.6666666666667	True	0.5	40.0	4	True	50.0	30.0	-0.888134241104126	-0.28761947596045256	-9.06240463256836	-8.27905787697689	-5.959195613861084	-5.904002130794833	-3.7570765018463135	-4.252282968497605	-8.311812400817871	-8.018555950140296	-6.876179218292236	-6.614304616862633	15.407317161560059	17.712085026248534	-3.9199841022491455	0.9608541086362455	0.0	0.0	0.0	0.0
14.399659872055054	1781097163.0	1781097163.868997	5	25.0	29.0	12.0	8.0	NeuronSpectrum 10.06.2026 16:02:51	EEG	checkup_151_10.06.2026 16:02:51	500.0	499.6666666666667	True	0.5	40.0	4	True	50.0	30.0	-0.6413134336471558	-0.3926550686107874	-8.167878150939941	-8.54893516087626	-4.943576812744141	-6.351190056623249	-3.102844715118408	-5.221584124597077	-7.651833534240723	-8.325942877651283	-6.691597938537598	-7.2828220533638905	17.689191818237305	17.063524554058688	-4.130736827850342	0.576360822720496	0.0	0.0	0.0	0.0
14.399662017822266	1781097163.0	1781097163.8689992	5	25.0	29.0	12.0	8.0	NeuronSpectrum 10.06.2026 16:02:51	EEG	checkup_151_10.06.2026 16:02:51	500.0	499.6666666666667	True	0.5	40.0	4	True	50.0	30.0	-0.25866228342056274	-0.570123824773556	-9.618943214416504	-9.016522955137582	-6.876607418060303	-7.2996037048678195	-5.502730369567871	-7.069889579982471	-9.223991394042969	-8.793413807075003	-9.098430633544922	-8.426236312079103	15.83138656616211	15.084548911474327	-2.017820358276367	0.29263855810462386	0.0	0.0	0.0	0.0
14.39966344833374	1781097163.0	1781097163.8690007	5	25.0	29.0	12.0	8.0	NeuronSpectrum 10.06.2026 16:02:51	EEG	checkup_151_10.06.2026 16:02:51	500.0	499.6666666666667	True	0.5	40.0	4	True	50.0	30.0	-0.12318532913923264	-0.8119587485208771	-12.281316757202148	-9.555419583988902	-10.681327819824219	-8.548278193902716	-10.121179580688477	-9.495120951770337	-11.836872100830078	-9.28355340256627	-12.856328010559082	-9.815770322372261	10.15176773071289	12.106035632728997	0.8133045434951782	0.14581457433208994	0.0	0.0	0.0	0.0
14.399665594100952	1781097163.0	1781097163.8690028	5	25.0	29.0	12.0	8.0	NeuronSpectrum 10.06.2026 16:02:51	EEG	checkup_151_10.06.2026 16:02:51	500.0	499.6666666666667	True	0.5	40.0	4	True	50.0	30.0	-0.430561363697052	-1.0981291201944057	-14.147645950317383	-10.003553926188118	-14.175174713134766	-9.827549829529106	-15.129372596740723	-12.063701524273542	-13.503173828125	-9.627198861883784	-15.899029731750488	-11.15739913000131	3.0728025436401367	8.605643739291144	2.4120547771453857	0.14625671697108272	0.0	0.0	0.0	0.0
14.399667263031006	1781097163.0	1781097163.8690045	5	25.0	29.0	12.0	8.0	NeuronSpectrum 10.06.2026 16:02:51	EEG	checkup_151_10.06.2026 16:02:51	500.0	499.6666666666667	True	0.5	40.0	4	True	50.0	30.0	-1.050895094871521	-1.3966039241563444	-13.968945503234863	-10.198382853919489	-15.696435928344727	-10.85740793027928	-18.947431564331055	-14.299358134332172	-13.1063871383667	-9.661541629013588	-16.911296844482422	-12.152831334886166	-2.2219603061676025	5.111735761020521	1.8474924564361572	0.28978020903618906	0.0	0.0	0.0	0.0
14.39966893196106	1781097163.0	1781097163.8690062	5	25.0	29.0	12.0	8.0	NeuronSpectrum 10.06.2026 16:02:51	EEG	checkup_151_10.06.2026 16:02:51	500.0	499.6666666666667	True	0.5	40.0	4	True	50.0	30.0	-1.636432409286499	-1.665946410751794	-12.26980209350586	-10.008239280907251	-15.287030220031738	-11.404478474375397	-21.149192810058594	-15.780598075088793	-11.341512680053711	-9.263191018143273	-16.279874801635742	-12.55763175387153	-3.877391815185547	2.0921748118075607	-0.2007545530796051	0.5677277507112519	0.0	0.0	0.0	0.0
14.399670600891113	1781097163.0	1781097163.8690078	5	25.0	29.0	12.0	8.0	NeuronSpectrum 10.06.2026 16:02:51	EEG	checkup_151_10.06.2026 16:02:51	500.0	499.6666666666667	True	0.5	40.0	4	True	50.0	30.0	-1.8782895803451538	-1.8605858150909877	-10.778974533081055	-9.352409506887327	-14.363283157348633	-11.323292328914123	-22.196842193603516	-16.22385027543377	-9.974217414855957	-8.368394513262373	-15.493391036987305	-12.222903647904316	-2.723712682723999	-0.14072656191671534	-2.0432608127593994	0.969278055393544	0.0	0.0	0.0	0.0
14.399672508239746	1781097163.0	1781097163.8690097	5	25.0	29.0	12.0	8.0	NeuronSpectrum 10.06.2026 16:02:51	EEG	checkup_151_10.06.2026 16:02:51	500.0	499.6666666666667	True	0.5	40.0	4	True	50.0	30.0	-1.709632158279419	-1.937698608007868	-10.644515991210938	-8.208498779135299	-14.07861042022705	-10.57427702831727	-22.24826431274414	-15.5338357295038	-9.934296607971191	-6.978845420692509	-15.404410362243652	-11.113776793337312	-1.6456751823425293	-1.4831877198706354	-2.261171340942383	1.4757349489672964	0.0	0.0	0.0	0.0
14.39967393875122	1781097163.0	1781097163.8690112	5	25.0	29.0	12.0	8.0	NeuronSpectrum 10.06.2026 16:02:51	EEG	checkup_151_10.06.2026 16:02:51	500.0	499.6666666666667	True	0.5	40.0	4	True	50.0	30.0	-1.3110876083374023	-1.864212637944978	-11.030552864074707	-6.610232592902607	-13.862581253051758	-9.21836859781678	-20.30491828918457	-13.811036989543627	-10.021246910095215	-5.1561404017859935	-14.97702693939209	-9.304691877507606	-3.1530630588531494	-2.039643826177657	-0.6581859588623047	2.05216585470719	0.0	0.0	0.0	0.0
14.399675846099854	1781097163.0	1781097163.869013	5	25.0	29.0	12.0	8.0	NeuronSpectrum 10.06.2026 16:02:51	EEG	checkup_151_10.06.2026 16:02:51	500.0	499.6666666666667	True	0.5	40.0	4	True	50.0	30.0	-0.9448848962783813	-1.6228002184755894	-9.580122947692871	-4.639827867194667	-11.684319496154785	-7.393256480244797	-14.893526077270508	-11.316078942127625	-7.706283092498779	-3.009106476415476	-11.945382118225098	-6.95580581643611	-6.880359649658203	-2.0743941044519625	1.7185217142105103	2.643151586855532	0.0	0.0	0.0	0.0
14.399677276611328	1781097163.0	1781097163.8690145	5	25.0	29.0	12.0	8.0	NeuronSpectrum 10.06.2026 16:02:51	EEG	checkup_151_10.06.2026 16:02:51	500.0	499.6666666666667	True	0.5	40.0	4	True	50.0	30.0	-0.7541364431381226	-1.2163476977479668	-4.579439640045166	-2.4175419424218254	-6.0363006591796875	-5.2788317492120385	-5.969067096710205	-8.401199659460548	-1.6197994947433472	-0.6773136322706049	-5.084717273712158	-4.2772755821697	-8.886863708496094	-1.9321873133536025	3.425624132156372	3.176361887452982	0.0	0.0	0.0	0.0
14.399679183959961	1781097163.0	1781097163.8690164	5	25.0	29.0	12.0	8.0	NeuronSpectrum 10.06.2026 16:02:51	EEG	checkup_151_10.06.2026 16:02:51	500.0	499.6666666666667	True	0.5	40.0	4	True	50.0	30.0	-0.6916770935058594	-0.6706596142833077	2.9288852214813232	-0.08988191118960331	1.982473373413086	-3.0609875345851547	3.6311216354370117	-5.428372673462536	6.336740970611572	1.6861120925578301	3.7763774394989014	-1.490420959773845	-3.632357120513916	-1.949852489916537	3.5961954593658447	3.5729212079841237	0.0	0.0	0.0	0.0
14.399680614471436	1781097163.0	1781097163.8690178	5	25.0	29.0	12.0	8.0	NeuronSpectrum 10.06.2026 16:02:51	EEG	checkup_151_10.06.2026 16:02:51	500.0	499.6666666666667	True	0.5	40.0	4	True	50.0	30.0	-0.5952305793762207	-0.0348599962030613	9.0711030960083	2.1815495846909094	8.486662864685059	-0.9037948447794519	8.920145034790039	-2.6986196551818256	11.373478889465332	3.9282576715207744	10.01702880859375	1.2035212531026498	12.254505157470703	-2.381488225728	2.3672518730163574	3.7605014922159543	0.0	0.0	0.0	0.0
14.39968228340149	1781097163.0	1781097163.8690195	5	25.0	29.0	12.0	8.0	NeuronSpectrum 10.06.2026 16:02:51	EEG	checkup_151_10.06.2026 16:02:51	500.0	499.6666666666667	True	0.5	40.0	4	True	50.0	30.0	0.41385549306869507	0.6215225116625195	-8.925411224365234	4.228876738766977	-12.50727367401123	1.0625092552573663	-14.76767635345459	-0.4126115514139561	-7.430742263793945	5.903567011167581	-10.99344539642334	3.638702072610391	-15.654745101928711	-3.3558121326923938	0.7193852066993713	3.685383933934989	0.0	0.0	0.0	0.0
14.399683952331543	1781097163.0	1781097163.8690212	5	25.0	29.0	12.0	8.0	NeuronSpectrum 10.06.2026 16:02:51	EEG	checkup_151_10.06.2026 16:02:51	500.0	499.6666666666667	True	0.5	40.0	4	True	50.0	30.0	1.4856274127960205	1.215758862869914	-3.242631673812866	5.886696536434211	-7.856978416442871	2.7388193488566466	-10.86916446685791	1.3328220770071444	-1.6324477195739746	7.476777395533077	-5.401627063751221	5.684733933959038	-16.197107315063477	-4.873256035669675	0.9630497097969055	3.322201891388287	0.0	0.0	0.0	0.0
14.399685859680176	1781097163.0	1781097163.869023	5	25.0	29.0	12.0	8.0	NeuronSpectrum 10.06.2026 16:02:51	EEG	checkup_151_10.06.2026 16:02:51	500.0	499.6666666666667	True	0.5	40.0	4	True	50.0	30.0	2.351290464401245	1.6634269681780414	3.822240114212036	7.008079626926087	-0.9316142201423645	4.05128527979194	-3.9698333740234375	2.5263561222343167	5.545994281768799	8.530817530145647	2.3084652423858643	7.243258986892087	-13.659348487854004	-6.833189210792902	1.784581184387207	2.6819465115552914	0.0	0.0	0.0	0.0
14.39968752861023	1781097163.0	1781097163.8690248	5	25.0	29.0	12.0	8.0	NeuronSpectrum 10.06.2026 16:02:51	EEG	checkup_151_10.06.2026 16:02:51	500.0	499.6666666666667	True	0.5	40.0	4	True	50.0	30.0	2.7397711277008057	1.8926705875541183	9.396379470825195	7.493711750261633	5.559333801269531	4.956129269124825	3.1150124073028564	3.2237582207121855	11.125800132751465	8.988013416626107	9.105761528015137	8.254981924822573	-9.897997856140137	-9.068799359073193	2.2851955890655518	1.8181440726396538	0.0	0.0	0.0	0.0
14.399690866470337	1781097163.0	1781097163.869028	5	25.0	29.0	12.0	8.0	NeuronSpectrum 10.06.2026 16:02:51	EEG	checkup_151_10.06.2026 16:02:51	500.0	499.6666666666667	True	0.5	40.0	4	True	50.0	30.0	2.633246660232544	1.8583188752724742	11.137483596801758	7.329069126980084	8.97347354888916	5.458336952520371	7.217639923095703	3.5410761057321944	12.723063468933105	8.841460782897217	12.198609352111816	8.719863043267859	-7.370613098144531	-11.370109160147983	1.672577142715454	0.8285121240934269	0.0	0.0	0.0	0.0
14.399692296981812	1781097163.0	1781097163.8690295	5	25.0	29.0	12.0	8.0	NeuronSpectrum 10.06.2026 16:02:51	EEG	checkup_151_10.06.2026 16:02:51	500.0	499.6666666666667	True	0.5	40.0	4	True	50.0	30.0	2.200397491455078	1.5525623359951863	8.594797134399414	6.6119738399168595	8.262503623962402	5.631776548623834	6.821560859680176	3.652689838471952	9.98604965209961	8.180035798522924	10.710834503173828	8.717274374857935	-8.018882751464844	-13.492585568085053	-0.19302421808242798	-0.1524579414354403	0.0	0.0	0.0	0.0
14.39969515800476	1781097163.0	1781097163.8690324	5	25.0	29.0	12.0	8.0	NeuronSpectrum 10.06.2026 16:02:51	EEG	checkup_151_10.06.2026 16:02:51	500.0	499.6666666666667	True	0.5	40.0	4	True	50.0	30.0	1.6168986558914185	1.0095052369965027	3.4626550674438477	5.550396605974026	4.573930263519287	5.621286349360711	3.0444178581237793	3.7770991291480756	4.831191062927246	7.1874844014434585	6.222691535949707	8.40646445528171	-12.518997192382812	-15.165711808123561	-2.7261574268341064	-0.9732094574102453	0.0	0.0	0.0	0.0
14.399697065353394	1781097163.0	1781097163.8690343	5	25.0	29.0	12.0	8.0	NeuronSpectrum 10.06.2026 16:02:51	EEG	checkup_151_10.06.2026 16:02:51	500.0	499.6666666666667	True	0.5	40.0	4	True	50.0	30.0	0.9391391277313232	0.302194561947945	-1.443955421447754	4.421581336395076	0.5485714673995972	5.614768703631816	-1.0538487434387207	4.138839968506835	0.27540990710258484	6.106891820160386	1.796472191810608	7.996173540597031	-19.851871490478516	-16.11996333156622	-4.947134494781494	-1.495590818677729	0.0	0.0	0.0	0.0
14.399698495864868	1781097163.0	1781097163.8690357	5	25.0	29.0	12.0	8.0	NeuronSpectrum 10.06.2026 16:02:51	EEG	checkup_151_10.06.2026 16:02:51	500.0	499.6666666666667	True	0.5	40.0	4	True	50.0	30.0	0.1323516070842743	-0.46781255474376204	-3.8199706077575684	3.501778988670572	-1.242878794670105	5.789956962823335	-2.3942487239837646	4.9112451287674395	-1.3958148956298828	5.179411500213481	0.10163133591413498	7.689419582731416	-27.166961669921875	-16.139411672890844	-5.966833114624023	-1.6286407708348525	0.0	0.0	0.0	0.0
14.399700164794922	1781097163.0	1781097163.8690374	5	25.0	29.0	12.0	8.0	NeuronSpectrum 10.06.2026 16:02:51	EEG	checkup_151_10.06.2026 16:02:51	500.0	499.6666666666667	True	0.5	40.0	4	True	50.0	30.0	-0.7939473986625671	-1.1869088272966422	-3.0934159755706787	2.9904535743966587	0.2155493199825287	6.255536705604588	0.19497276842594147	6.160082091640905	0.04629483073949814	4.57950968822002	1.8197468519210815	7.62399924158351	-30.425249099731445	-15.127860031347847	-5.340497016906738	-1.3544587646762491	0.0	0.0	0.0	0.0
14.399702072143555	1781097163.0	1781097163.8690393	5	25.0	29.0	12.0	8.0	NeuronSpectrum 10.06.2026 16:02:51	EEG	checkup_151_10.06.2026 16:02:51	500.0	499.6666666666667	True	0.5	40.0	4	True	50.0	30.0	-1.6913098096847534	-1.749280223482742	-0.461935818195343	2.9562050861710847	3.9219970703125	7.011065819485817	5.3538126945495605	7.81254567453942	2.876495599746704	4.370959651551376	5.409496307373047	7.832712271725097	-26.220029830932617	-13.160822280224146	-3.2226274013519287	-0.7357511714300436	0.0	0.0	0.0	0.0
14.399703741073608	1781097163.0	1781097163.869041	5	25.0	29.0	12.0	8.0	NeuronSpectrum 10.06.2026 16:02:51	EEG	checkup_151_10.06.2026 16:02:51	500.0	499.6666666666667	True	0.5	40.0	4	True	50.0	30.0	-2.3089091777801514	-2.0765223820129215	2.149660110473633	3.3229144270323685	7.645700931549072	7.942556676951768	10.240522384643555	9.667156488577968	4.805123329162598	4.498363592593877	8.309002876281738	8.238576910164754	-14.432402610778809	-10.494180286993652	-0.3172754645347595	0.09963979769441933	0.0	0.0	0.0	0.0
14.399705410003662	1781097163.0	1781097163.8690426	5	25.0	29.0	12.0	8.0	NeuronSpectrum 10.06.2026 16:02:51	EEG	checkup_151_10.06.2026 16:02:51	500.0	499.6666666666667	True	0.5	40.0	4	True	50.0	30.0	-2.4436912536621094	-2.132950182987572	3.5205163955688477	3.898859449395472	9.497047424316406	8.855352019664515	12.610846519470215	11.443201167642078	4.764776229858398	4.814054463320039	8.833037376403809	8.685031967477284	0.07243113219738007	-7.516096462828043	2.386829137802124	0.9934082439642422	0.0	0.0	0.0	0.0
14.399707078933716	1781097163.0	1781097163.8690443	5	25.0	29.0	12.0	8.0	NeuronSpectrum 10.06.2026 16:02:51	EEG	checkup_151_10.06.2026 16:02:51	500.0	499.6666666666667	True	0.5	40.0	4	True	50.0	30.0	-2.0779876708984375	-1.9329062530313232	4.041903495788574	4.436324798235467	9.30771541595459	9.531102068542797	12.552433013916016	12.852646936294462	3.897473096847534	5.127482298700457	7.52455997467041	8.987597261482053	8.701872825622559	-4.654625373435217	3.988678216934204	1.7991296034046484	0.0	0.0	0.0	0.0
14.39970874786377	1781097163.0	1781097163.869046	5	25.0	29.0	12.0	8.0	NeuronSpectrum 10.06.2026 16:02:51	EEG	checkup_151_10.06.2026 16:02:51	500.0	499.6666666666667	True	0.5	40.0	4	True	50.0	30.0	-1.3989427089691162	-1.5378212762969683	5.53123664855957	4.700438430356134	8.90794849395752	9.787888691927476	12.62214183807373	13.670268994738796	5.026273727416992	5.258540959916285	7.027653217315674	8.987531344897334	3.795684576034546	-2.2749594684445498	4.077295303344727	2.417358807555958	0.0	0.0	0.0	0.0
14.45059061050415	1781097163.0	1781097163.9199278	5	25.0	29.0	12.0	8.0	NeuronSpectrum 10.06.2026 16:02:51	EEG	checkup_151_10.06.2026 16:02:51	500.0	499.6666666666667	True	0.5	40.0	4	True	50.0	30.0	-0.1084192767739296	-1.043108594532134	2.658749580383301	4.525778835297535	8.418567657470703	9.523986226725544	12.946345329284668	13.780868969783635	3.5871059894561768	5.07828417946794	7.177109241485596	8.590533026194793	-7.461257457733154	-0.604097064349322	0.7448517680168152	2.8113859388664673	0.0	0.0	0.0	0.0
14.450595378875732	1781097163.0	1781097163.9199326	5	25.0	29.0	12.0	8.0	NeuronSpectrum 10.06.2026 16:02:51	EEG	checkup_151_10.06.2026 16:02:51	500.0	499.6666666666667	True	0.5	40.0	4	True	50.0	30.0	0.5865511298179626	-0.5575855524256357	0.10002198070287704	3.846494072498552	5.506484508514404	8.734169583564649	9.825662612915039	13.192821128082977	1.1291970014572144	4.527741608456559	4.279588222503662	7.781501755399397	-8.314269065856934	0.2953190874702643	-1.6953976154327393	2.9998159363456405	0.0	0.0	0.0	0.0
14.450597524642944	1781097163.0	1781097163.9199347	5	25.0	29.0	12.0	8.0	NeuronSpectrum 10.06.2026 16:02:51	EEG	checkup_151_10.06.2026 16:02:51	500.0	499.6666666666667	True	0.5	40.0	4	True	50.0	30.0	0.9218472242355347	-0.18015854934017705	-2.334496021270752	2.6969008599190687	2.8694097995758057	7.498606476011732	7.193089008331299	12.019769830535818	-1.0036181211471558	3.6149199091155917	1.6828522682189941	6.615935781135824	-8.45267105102539	0.5049260045905497	-2.612797737121582	3.032275611134526	0.0	0.0	0.0	0.0
14.450599193572998	1781097163.0	1781097163.9199364	5	25.0	29.0	12.0	8.0	NeuronSpectrum 10.06.2026 16:02:51	EEG	checkup_151_10.06.2026 16:02:51	500.0	499.6666666666667	True	0.5	40.0	4	True	50.0	30.0	0.9704134464263916	0.020748799301101323	-3.851104736328125	1.1902255982124292	1.2854808568954468	5.953934946872825	5.8960862159729	10.442565178382262	-2.0661978721618652	2.398279171491728	0.18322861194610596	5.1965654907088705	-7.592568874359131	0.20475698936510872	-1.43860924243927	2.961552331858958	0.0	0.0	0.0	0.0
14.45060110092163	1781097163.0	1781097163.9199383	5	25.0	29.0	12.0	8.0	NeuronSpectrum 10.06.2026 16:02:51	EEG	checkup_151_10.06.2026 16:02:51	500.0	499.6666666666667	True	0.5	40.0	4	True	50.0	30.0	0.8449586033821106	0.020340064168535232	-3.9342780113220215	-0.5111247149873765	1.1789125204086304	4.260714970580075	6.231935501098633	8.667948576510193	-1.588659405708313	0.9686999918029603	0.29255250096321106	3.6476833600765852	-5.824494361877441	-0.3755404437357506	1.127363920211792	2.825606126311692	0.0	0.0	0.0	0.0
14.450602769851685	1781097163.0	1781097163.91994	5	25.0	29.0	12.0	8.0	NeuronSpectrum 10.06.2026 16:02:51	EEG	checkup_151_10.06.2026 16:02:51	500.0	499.6666666666667	True	0.5	40.0	4	True	50.0	30.0	0.5885326862335205	-0.15957883318738603	-2.8669278621673584	-2.2218176018624756	2.21829891204834	2.5792954328162687	7.597304821014404	6.8973495439975565	0.020290637388825417	-0.5607969698260218	1.6869837045669556	2.097549917841148	-3.3988540172576904	-0.9942668962927182	3.5528135299682617	2.6461900452180824	0.0	0.0	0.0	0.0
14.450604677200317	1781097163.0	1781097163.919942	5	25.0	29.0	12.0	8.0	NeuronSpectrum 10.06.2026 16:02:51	EEG	checkup_151_10.06.2026 16:02:51	500.0	499.6666666666667	True	0.5	40.0	4	True	50.0	30.0	0.18085914850234985	-0.4581555048035852	-1.9620758295059204	-3.751629208121375	3.1222362518310547	1.058372289506325	8.41882610321045	5.309988939859321	1.195920467376709	-2.056384871655565	2.9137964248657227	0.6718678622314718	-0.7692129611968994	-1.4214246415127723	4.422535419464111	2.4411468474470377	0.0	0.0	0.0	0.0
14.450606346130371	1781097163.0	1781097163.9199436	5	25.0	29.0	12.0	8.0	NeuronSpectrum 10.06.2026 16:02:51	EEG	checkup_151_10.06.2026 16:02:51	500.0	499.6666666666667	True	0.5	40.0	4	True	50.0	30.0	-0.36913061141967773	-0.791718092519388	-2.9448049068450928	-4.918992306781593	2.203571319580078	-0.1686680543310466	6.885659217834473	4.05437717858673	-0.05754372477531433	-3.363492394185759	2.0219614505767822	-0.5074712126205918	1.304919719696045	-1.4542406959707592	3.2842752933502197	2.2401779477996606	0.0	0.0	0.0	0.0
14.450610637664795	1781097163.0	1781097163.9199479	5	25.0	29.0	12.0	8.0	NeuronSpectrum 10.06.2026 16:02:51	EEG	checkup_151_10.06.2026 16:02:51	500.0	499.6666666666667	True	0.5	40.0	4	True	50.0	30.0	-0.9441310167312622	-1.075070534039007	-6.618747711181641	-5.568243734312309	-1.3990648984909058	-0.989699196526462	2.344188690185547	3.2374061297287584	-4.605253219604492	-4.317228370198708	-1.9739658832550049	-1.3288662627372916	1.8420497179031372	-0.932669244844924	0.8785654306411743	2.0927150869125266	0.0	0.0	0.0	0.0
14.450612306594849	1781097163.0	1781097163.9199495	5	25.0	29.0	12.0	8.0	NeuronSpectrum 10.06.2026 16:02:51	EEG	checkup_151_10.06.2026 16:02:51	500.0	499.6666666666667	True	0.5	40.0	4	True	50.0	30.0	-1.344394564628601	-1.2431623810135486	-11.718388557434082	-5.59591667068327	-6.587825775146484	-1.3298108376183106	-3.5898802280426025	2.904045248266502	-10.867435455322266	-4.770357445177176	-7.779327392578125	-1.7101398787964646	0.18958763778209686	0.23964717782427117	-1.3569576740264893	2.061613596852773	0.0	0.0	0.0	0.0
14.450615167617798	1781097163.0	1781097163.9199524	5	25.0	29.0	12.0	8.0	NeuronSpectrum 10.06.2026 16:02:51	EEG	checkup_151_10.06.2026 16:02:51	500.0	499.6666666666667	True	0.5	40.0	4	True	50.0	30.0	-1.4109289646148682	-1.2681795518730312	-15.063481330871582	-4.982442593600856	-10.34865951538086	-1.175971366495887	-7.369993686676025	3.0113269823154303	-15.081693649291992	-4.634645988711227	-11.942737579345703	-1.6278884016594446	-3.107107162475586	2.0700424717038306	-2.1801230907440186	2.2045020196804797	0.0	0.0	0.0	0.0
14.450616836547852	1781097163.0	1781097163.919954	5	25.0	29.0	12.0	8.0	NeuronSpectrum 10.06.2026 16:02:51	EEG	checkup_151_10.06.2026 16:02:51	500.0	499.6666666666667	True	0.5	40.0	4	True	50.0	30.0	-1.1421722173690796	-1.167847990626189	-13.429900169372559	-3.816200869487582	-9.485661506652832	-0.5989820929628153	-5.711822509765625	3.4109942386802965	-13.561766624450684	-3.91970849201926	-10.908204078674316	-1.1439268519532444	-5.809532165527344	4.455725136249785	-1.2453902959823608	2.551215307873786	0.0	0.0	0.0	0.0
14.450618743896484	1781097163.0	1781097163.919956	5	25.0	29.0	12.0	8.0	NeuronSpectrum 10.06.2026 16:02:51	EEG	checkup_151_10.06.2026 16:02:51	500.0	499.6666666666667	True	0.5	40.0	4	True	50.0	30.0	-0.6972612142562866	-1.0025075876763263	-6.0365071296691895	-2.2942082893974303	-3.0691819190979004	0.24262289327910624	1.66713285446167	3.8577983143886647	-5.606473922729492	-2.749700827882644	-3.793792963027954	-0.41198506917743877	-4.357219696044922	7.1799151354651904	0.7568413019180298	3.087562583677842	0.0	0.0	0.0	0.0
14.450620651245117	1781097163.0	1781097163.9199579	5	25.0	29.0	12.0	8.0	NeuronSpectrum 10.06.2026 16:02:51	EEG	checkup_151_10.06.2026 16:02:51	500.0	499.6666666666667	True	0.5	40.0	4	True	50.0	30.0	-0.2857353389263153	-0.8610133892956683	4.1602396965026855	-0.6916644078863253	6.162872791290283	1.1256700763901524	10.835002899169922	4.051217128641465	5.096888065338135	-1.3465161371382717	6.142514705657959	0.3447308707803281	4.644543647766113	9.935534896448768	2.5846056938171387	3.752425939828617	0.0	0.0	0.0	0.0
14.450622320175171	1781097163.0	1781097163.9199595	5	25.0	29.0	12.0	8.0	NeuronSpectrum 10.06.2026 16:02:51	EEG	checkup_151_10.06.2026 16:02:51	500.0	499.6666666666667	True	0.5	40.0	4	True	50.0	30.0	-0.02973676100373268	-0.838198367935097	11.67171573638916	0.692365241186549	12.843603134155273	1.807468750484928	15.377340316772461	3.701620732056196	12.065749168395996	0.015428758068530835	12.845236778259277	0.8793579187759684	22.25221824645996	12.376049282785875	3.207284688949585	4.449215634520419	0.0	0.0	0.0	0.0
14.450624227523804	1781097163.0	1781097163.9199615	5	25.0	29.0	12.0	8.0	NeuronSpectrum 10.06.2026 16:02:51	EEG	checkup_151_10.06.2026 16:02:51	500.0	499.6666666666667	True	0.5	40.0	4	True	50.0	30.0	0.22044984996318817	-1.0088542603773996	-3.0129332542419434	1.5934113960392473	-1.8523062467575073	2.075844500396684	-0.575014591217041	2.5984219869577707	-3.5723578929901123	1.064011363747963	-4.6350860595703125	0.9722804152264606	12.074149131774902	14.179344302223289	5.933413505554199	5.067262765166301	0.0	0.0	0.0	0.0
14.450625658035278	1781097163.0	1781097163.919963	5	25.0	29.0	12.0	8.0	NeuronSpectrum 10.06.2026 16:02:51	EEG	checkup_151_10.06.2026 16:02:51	500.0	499.6666666666667	True	0.5	40.0	4	True	50.0	30.0	0.2633660137653351	-1.4044473023283464	-3.56210994720459	1.8240202866253339	-2.876560688018799	1.7857483070466964	-3.227433919906616	0.6571428142557563	-3.597397804260254	1.5739568089936133	-5.550677299499512	0.4685479041836639	11.576430320739746	15.103600345634666	4.523243427276611	5.506058429804084	0.0	0.0	0.0	0.0
14.450627565383911	1781097163.0	1781097163.9199648	5	25.0	29.0	12.0	8.0	NeuronSpectrum 10.06.2026 16:02:51	EEG	checkup_151_10.06.2026 16:02:51	500.0	499.6666666666667	True	0.5	40.0	4	True	50.0	30.0	-0.1287689507007599	-1.998757470760175	-4.658905029296875	1.2917372143226324	-4.325150012969971	0.8745287829801204	-6.554032802581787	-2.0654686400935462	-3.9631404876708984	1.3927312661794629	-6.512214660644531	-0.7049249703450885	10.290909767150879	15.020265935897255	2.9054172039031982	5.695877621016842	0.0	0.0	0.0	0.0
14.450629234313965	1781097163.0	1781097163.9199665	5	25.0	29.0	12.0	8.0	NeuronSpectrum 10.06.2026 16:02:51	EEG	checkup_151_10.06.2026 16:02:51	500.0	499.6666666666667	True	0.5	40.0	4	True	50.0	30.0	-1.1234111785888672	-2.707121329538761	-5.5388264656066895	-0.0015889596071863993	-5.3951005935668945	-0.639148997613901	-9.61875057220459	-5.384241152008124	-4.0716142654418945	0.4526307744179138	-7.039342403411865	-2.535987734151883	9.733648300170898	13.923617851244034	2.285320281982422	5.611293902681632	0.0	0.0	0.0	0.0
14.45063066482544	1781097163.0	1781097163.919968	5	25.0	29.0	12.0	8.0	NeuronSpectrum 10.06.2026 16:02:51	EEG	checkup_151_10.06.2026 16:02:51	500.0	499.6666666666667	True	0.5	40.0	4	True	50.0	30.0	-2.6250548362731934	-3.400974234488405	-5.8885722160339355	-1.9675656943660713	-5.781702041625977	-2.662435671238682	-11.956107139587402	-9.01500700537188	-3.831502914428711	-1.221810057623586	-7.254875183105469	-4.927704080999437	10.465474128723145	11.926800912971247	2.9268972873687744	5.27734237189496	0.0	0.0	0.0	0.0
14.450632572174072	1781097163.0	1781097163.9199698	5	25.0	29.0	12.0	8.0	NeuronSpectrum 10.06.2026 16:02:51	EEG	checkup_151_10.06.2026 16:02:51	500.0	499.6666666666667	True	0.5	40.0	4	True	50.0	30.0	-4.177632808685303	-3.935364520016578	-6.029173851013184	-4.4387481350529985	-5.8810930252075195	-5.035192389430339	-13.731451034545898	-12.611295374309101	-3.749619722366333	-3.5076100583481185	-7.81713342666626	-7.69905576568645	11.284886360168457	9.253173679310397	4.005528450012207	4.769447897179274	0.0	0.0	0.0	0.0
14.450634002685547	1781097163.0	1781097163.9199712	5	25.0	29.0	12.0	8.0	NeuronSpectrum 10.06.2026 16:02:51	EEG	checkup_151_10.06.2026 16:02:51	500.0	499.6666666666667	True	0.5	40.0	4	True	50.0	30.0	-5.130656719207764	-4.183094286651417	-6.745380878448486	-7.1770015818506625	-6.546264171600342	-7.538066003194313	-15.486620903015137	-15.804558908339835	-4.639944553375244	-6.183386881624509	-9.479484558105469	-10.591165703518781	9.678688049316406	6.222289525835518	4.2999725341796875	4.207139651648414	0.0	0.0	0.0	0.0
14.45063591003418	1781097163.0	1781097163.9199731	5	25.0	29.0	12.0	8.0	NeuronSpectrum 10.06.2026 16:02:51	EEG	checkup_151_10.06.2026 16:02:51	500.0	499.6666666666667	True	0.5	40.0	4	True	50.0	30.0	-4.993983745574951	-4.066576810491455	-8.8001070022583	-9.88986166606469	-8.49318790435791	-9.908303166912887	-17.621498107910156	-18.247872899466557	-7.0882744789123535	-8.945140439075146	-12.52626895904541	-13.288219444793482	3.7255971431732178	3.2211192412611847	3.2115962505340576	3.7398301284937525	0.0	0.0	0.0	0.0
14.450637340545654	1781097163.0	1781097163.9199746	5	25.0	29.0	12.0	8.0	NeuronSpectrum 10.06.2026 16:02:51	EEG	checkup_151_10.06.2026 16:02:51	500.0	499.6666666666667	True	0.5	40.0	4	True	50.0	30.0	-3.7531652450561523	-3.578615089271558	-12.381184577941895	-12.262072298435386	-11.729273796081543	-11.869383506298577	-19.990251541137695	-19.66252106212998	-11.000919342041016	-11.444760389604781	-16.462244033813477	-15.458795097876902	-5.657027721405029	0.651334435857792	1.3151164054870605	3.523189190317095	0.0	0.0	0.0	0.0
14.450639009475708	1781097163.0	1781097163.9199762	5	25.0	29.0	12.0	8.0	NeuronSpectrum 10.06.2026 16:02:51	EEG	checkup_151_10.06.2026 16:02:51	500.0	499.6666666666667	True	0.5	40.0	4	True	50.0	30.0	-1.90192449092865	-2.7863726318834336	-16.79937744140625	-14.003520194115161	-15.398547172546387	-13.174710011203702	-21.899593353271484	-19.88291817427721	-15.515830039978027	-13.34984074334287	-20.17098617553711	-16.81433228154764	-14.096366882324219	-1.1453262952130039	-0.031230516731739044	3.687918857433948	0.0	0.0	0.0	0.0
14.450640678405762	1781097163.0	1781097163.919978	5	25.0	29.0	12.0	8.0	NeuronSpectrum 10.06.2026 16:02:51	EEG	checkup_151_10.06.2026 16:02:51	500.0	499.6666666666667	True	0.5	40.0	4	True	50.0	30.0	-0.15860332548618317	-1.8178086358738452	-20.63020896911621	-14.905524425449151	-18.151723861694336	-13.657248905617427	-22.470272064208984	-18.890594448123164	-19.29268455505371	-14.412788861068565	-22.41322135925293	-17.171446443641674	-16.00733757019043	-1.9653218324045651	0.3023598790168762	4.307418095263093	0.0	0.0	0.0	0.0
14.450642347335815	1781097163.0	1781097163.9199796	5	25.0	29.0	12.0	8.0	NeuronSpectrum 10.06.2026 16:02:51	EEG	checkup_151_10.06.2026 16:02:51	500.0	499.6666666666667	True	0.5	40.0	4	True	50.0	30.0	0.9364033341407776	-0.8348494949929378	-22.282556533813477	-14.88949264133939	-18.818195343017578	-13.270504722391966	-21.076183319091797	-16.825853010857355	-21.011716842651367	-14.529441149884148	-22.355945587158203	-16.49883298060226	-8.873610496520996	-1.7966752730574713	2.3588011264801025	5.373825426378288	0.0	0.0	0.0	0.0
14.45064377784729	1781097163.0	1781097163.919981	5	25.0	29.0	12.0	8.0	NeuronSpectrum 10.06.2026 16:02:51	EEG	checkup_151_10.06.2026 16:02:51	500.0	499.6666666666667	True	0.5	40.0	4	True	50.0	30.0	1.267544150352478	-0.000662921663674293	-20.604068756103516	-14.029978971416618	-16.841938018798828	-12.105450317323177	-17.43448829650879	-13.968674128676245	-19.692001342773438	-13.766773167753513	-19.69796371459961	-14.931155559913297	3.520275592803955	-0.8236921311228954	5.018774509429932	6.79096419992317	0.0	0.0	0.0	0.0
14.450645685195923	1781097163.0	1781097163.919983	5	25.0	29.0	12.0	8.0	NeuronSpectrum 10.06.2026 16:02:51	EEG	checkup_151_10.06.2026 16:02:51	500.0	499.6666666666667	True	0.5	40.0	4	True	50.0	30.0	1.094093680381775	0.5513059957246594	-15.180007934570312	-12.540540670033973	-12.20449161529541	-10.374440725664146	-11.323918342590332	-10.688635240179666	-14.708691596984863	-12.347443726175033	-14.360973358154297	-12.741893696224771	11.943833351135254	0.6213142177462246	6.763502597808838	8.387950260102818	0.0	0.0	0.0	0.0
14.450647115707397	1781097163.0	1781097163.9199843	5	25.0	29.0	12.0	8.0	NeuronSpectrum 10.06.2026 16:02:51	EEG	checkup_151_10.06.2026 16:02:51	500.0	499.6666666666667	True	0.5	40.0	4	True	50.0	30.0	0.7840757966041565	0.7408711843203614	-6.2662577629089355	-10.723811769235807	-5.033324718475342	-8.364612810842525	-2.354621648788452	-7.374367416662058	-5.737120151519775	-10.593539046305887	-6.144711971282959	-10.281294856875869	7.215211391448975	2.140701005134381	6.659175872802734	9.950955154720388	0.0	0.0	0.0	0.0
14.501580953598022	1781097163.0	1781097163.9709182	5	25.0	29.0	12.0	8.0	NeuronSpectrum 10.06.2026 16:02:51	EEG	checkup_151_10.06.2026 16:02:51	500.0	499.6666666666667	True	0.5	40.0	4	True	50.0	30.0	1.602187156677246	0.5543279856025959	-10.260380744934082	-8.901031914204511	-7.003854751586914	-6.374642139272174	-5.092276096343994	-4.3614625715005975	-8.223114967346191	-8.846917797411177	-7.872030258178711	-7.898289823729161	-1.9956259727478027	3.357992933028218	12.136152267456055	11.265427517596713	0.0	0.0	0.0	0.0
14.501586198806763	1781097163.0	1781097163.9709234	5	25.0	29.0	12.0	8.0	NeuronSpectrum 10.06.2026 16:02:51	EEG	checkup_151_10.06.2026 16:02:51	500.0	499.6666666666667	True	0.5	40.0	4	True	50.0	30.0	1.6124005317687988	0.046566561783401406	-9.340588569641113	-7.343442254193749	-5.788125038146973	-4.654160300844033	-3.7734780311584473	-1.8787871864592245	-7.881897449493408	-7.391522973709575	-7.308420181274414	-5.8702317641322495	-2.4446117877960205	3.982970546081097	12.172823905944824	12.158278791881788	0.0	0.0	0.0	0.0
14.501588344573975	1781097163.0	1781097163.9709256	5	25.0	29.0	12.0	8.0	NeuronSpectrum 10.06.2026 16:02:51	EEG	checkup_151_10.06.2026 16:02:51	500.0	499.6666666666667	True	0.5	40.0	4	True	50.0	30.0	1.0812711715698242	-0.6677800704825234	-9.28139591217041	-6.224533483248638	-5.241032123565674	-3.3618941306245147	-2.6203386783599854	-0.025409996028255777	-8.40990161895752	-6.399669635896142	-7.298397064208984	-4.358959980951776	-2.7782111167907715	3.8460800497555496	11.356915473937988	12.529486473150994	0.0	0.0	0.0	0.0
14.501590251922607	1781097163.0	1781097163.9709275	5	25.0	29.0	12.0	8.0	NeuronSpectrum 10.06.2026 16:02:51	EEG	checkup_151_10.06.2026 16:02:51	500.0	499.6666666666667	True	0.5	40.0	4	True	50.0	30.0	-0.028161505237221718	-1.4334987710853226	-9.190937995910645	-5.601128287081355	-4.717874526977539	-2.549333802637393	-0.9998515248298645	1.2218974650693153	-8.64607048034668	-5.912260138356535	-6.768677711486816	-3.3994204851786267	-2.787750482559204	2.9065784870131557	10.126493453979492	12.365542695897702	0.0	0.0	0.0	0.0
14.501591682434082	1781097163.0	1781097163.970929	5	25.0	29.0	12.0	8.0	NeuronSpectrum 10.06.2026 16:02:51	EEG	checkup_151_10.06.2026 16:02:51	500.0	499.6666666666667	True	0.5	40.0	4	True	50.0	30.0	-1.4068543910980225	-2.0824727638722305	-8.41181755065918	-5.420119292775695	-3.7816011905670166	-2.1673969440978134	1.1603015661239624	1.9802162932966476	-7.8367109298706055	-5.849777841141269	-5.179252624511719	-2.915241433266714	-2.8390309810638428	1.2431062143013132	8.757118225097656	11.73281516570296	0.0	0.0	0.0	0.0
14.501593351364136	1781097163.0	1781097163.9709306	5	25.0	29.0	12.0	8.0	NeuronSpectrum 10.06.2026 16:02:51	EEG	checkup_151_10.06.2026 16:02:51	500.0	499.6666666666667	True	0.5	40.0	4	True	50.0	30.0	-2.560319662094116	-2.4660113952431053	-6.998285293579102	-5.541988301737517	-2.504864454269409	-2.0886336371523715	3.3104255199432373	2.423285318110924	-6.183313369750977	-6.043435534723827	-2.9137561321258545	-2.7500340437376347	-3.252317190170288	-0.9673371765700244	7.433535099029541	10.755167673045431	0.0	0.0	0.0	0.0
14.501595258712769	1781097163.0	1781097163.9709325	5	25.0	29.0	12.0	8.0	NeuronSpectrum 10.06.2026 16:02:51	EEG	checkup_151_10.06.2026 16:02:51	500.0	499.6666666666667	True	0.5	40.0	4	True	50.0	30.0	-3.064340114593506	-2.4857723505566476	-5.822572708129883	-5.772715323248151	-1.555220127105713	-2.137649127328499	4.4803876876831055	2.7442032774519447	-4.869803428649902	-6.275650111015214	-1.2142410278320312	-2.704579891919654	-4.027670383453369	-3.4796649464599194	6.349645614624023	9.584345002649325	0.0	0.0	0.0	0.0
14.501596689224243	1781097163.0	1781097163.970934	5	25.0	29.0	12.0	8.0	NeuronSpectrum 10.06.2026 16:02:51	EEG	checkup_151_10.06.2026 16:02:51	500.0	499.6666666666667	True	0.5	40.0	4	True	50.0	30.0	-2.721893310546875	-2.116142735613802	-6.048463344573975	-5.899467054226426	-1.8227163553237915	-2.12529427887208	3.8394055366516113	3.121186400937795	-5.311345100402832	-6.323172441469115	-1.4550166130065918	-2.5750700753637696	-5.160488128662109	-6.018904114308619	5.691321849822998	8.372123990348857	0.0	0.0	0.0	0.0
14.501598596572876	1781097163.0	1781097163.9709358	5	25.0	29.0	12.0	8.0	NeuronSpectrum 10.06.2026 16:02:51	EEG	checkup_151_10.06.2026 16:02:51	500.0	499.6666666666667	True	0.5	40.0	4	True	50.0	30.0	-1.5827974081039429	-1.4119305648641234	-8.171558380126953	-5.728565659067357	-3.6753432750701904	-1.8845266642982064	1.445110559463501	3.686352425489404	-7.957300186157227	-5.999992372123732	-4.043003082275391	-2.1913616176866775	-7.176519870758057	-8.323408886729869	5.482840061187744	7.250419474347253	0.0	0.0	0.0	0.0
14.50160026550293	1781097163.0	1781097163.9709375	5	25.0	29.0	12.0	8.0	NeuronSpectrum 10.06.2026 16:02:51	EEG	checkup_151_10.06.2026 16:02:51	500.0	499.6666666666667	True	0.5	40.0	4	True	50.0	30.0	0.10938871651887894	-0.49835577129602115	-11.18867015838623	-5.123815387715391	-6.241421222686768	-1.3053520746307554	-1.2485843896865845	4.498628929013945	-11.397052764892578	-5.197065143282634	-7.595042705535889	-1.4535648979812494	-10.958297729492188	-10.187362439026437	5.467079162597656	6.320990539550426	0.0	0.0	0.0	0.0
14.501601934432983	1781097163.0	1781097163.9709392	5	25.0	29.0	12.0	8.0	NeuronSpectrum 10.06.2026 16:02:51	EEG	checkup_151_10.06.2026 16:02:51	500.0	499.6666666666667	True	0.5	40.0	4	True	50.0	30.0	1.9708857536315918	0.4551772203412323	-12.682165145874023	-4.039382053683451	-7.419954299926758	-0.36307742067538584	-1.774899959564209	5.525960433093171	-12.685306549072266	-3.9121013557860693	-9.24040699005127	-0.3606790904672781	-16.57236671447754	-11.494195292735814	5.180942058563232	5.652139434391825	0.0	0.0	0.0	0.0
14.501603364944458	1781097163.0	1781097163.9709406	5	25.0	29.0	12.0	8.0	NeuronSpectrum 10.06.2026 16:02:51	EEG	checkup_151_10.06.2026 16:02:51	500.0	499.6666666666667	True	0.5	40.0	4	True	50.0	30.0	3.531224489212036	1.2715709542695603	-10.192252159118652	-2.537478823366799	-5.057436943054199	0.8688284192426745	1.7983042001724243	6.64490521067607	-9.159747123718262	-2.259156967399896	-6.333216667175293	0.9792474202794538	-21.976511001586914	-12.231317703291838	4.237936973571777	5.2776720054063615	0.0	0.0	0.0	0.0
14.501605033874512	1781097163.0	1781097163.9709423	5	25.0	29.0	12.0	8.0	NeuronSpectrum 10.06.2026 16:02:51	EEG	checkup_151_10.06.2026 16:02:51	500.0	499.6666666666667	True	0.5	40.0	4	True	50.0	30.0	4.3516435623168945	1.803840275334675	-3.1769118309020996	-0.7817766447544613	1.2679595947265625	2.2287382258360346	8.977253913879395	7.663293596220615	-0.7364288568496704	-0.44975797374592497	1.3462964296340942	2.366503166716478	-22.88025665283203	-12.478489472803625	2.6188127994537354	5.194391175688636	0.0	0.0	0.0	0.0
14.501606702804565	1781097163.0	1781097163.970944	5	25.0	29.0	12.0	8.0	NeuronSpectrum 10.06.2026 16:02:51	EEG	checkup_151_10.06.2026 16:02:51	500.0	499.6666666666667	True	0.5	40.0	4	True	50.0	30.0	4.20779275894165	1.964803888146003	5.86901330947876	0.9950341559754103	9.165609359741211	3.500077506235491	16.110315322875977	8.363090622015578	9.050067901611328	1.2532084596462016	10.537354469299316	3.554486652076066	-14.52388858795166	-12.36920357883561	0.7232232689857483	5.358082714623738	0.0	0.0	0.0	0.0
14.50160837173462	1781097163.0	1781097163.9709456	5	25.0	29.0	12.0	8.0	NeuronSpectrum 10.06.2026 16:02:51	EEG	checkup_151_10.06.2026 16:02:51	500.0	499.6666666666667	True	0.5	40.0	4	True	50.0	30.0	3.2322587966918945	1.741539708722796	12.267547607421875	2.5398241435514097	14.183111190795898	4.457989261593998	17.88031768798828	8.550395853895886	14.463047981262207	2.5948037547259073	15.766228675842285	4.308756489719734	5.1622843742370605	-12.03636808675465	-0.8625252842903137	5.682286552696483	0.0	0.0	0.0	0.0
14.501609802246094	1781097163.0	1781097163.970947	5	25.0	29.0	12.0	8.0	NeuronSpectrum 10.06.2026 16:02:51	EEG	checkup_151_10.06.2026 16:02:51	500.0	499.6666666666667	True	0.5	40.0	4	True	50.0	30.0	1.4688442945480347	1.1919156745738768	-4.120251178741455	3.6266044718697734	-1.5662094354629517	4.913469189323272	2.2685883045196533	8.095148919517234	-2.866260528564453	3.3792738468087222	-1.6026923656463623	4.459361466523137	-18.356201171875	-11.564408595324533	3.5300819873809814	6.04613708432894	0.0	0.0	0.0	0.0
14.501611709594727	1781097163.0	1781097163.970949	5	25.0	29.0	12.0	8.0	NeuronSpectrum 10.06.2026 16:02:51	EEG	checkup_151_10.06.2026 16:02:51	500.0	499.6666666666667	True	0.5	40.0	4	True	50.0	30.0	0.07235192507505417	0.4256482384402124	-2.483488082885742	4.088825081321591	-0.40908026695251465	4.742171520195858	2.1648154258728027	6.94917145863195	-1.9275728464126587	3.4969747302483527	-1.1166094541549683	3.929530762416409	-17.515628814697266	-10.96965992452404	6.369229793548584	6.3149173644063925	0.0	0.0	0.0	0.0
14.501613140106201	1781097163.0	1781097163.9709504	5	25.0	29.0	12.0	8.0	NeuronSpectrum 10.06.2026 16:02:51	EEG	checkup_151_10.06.2026 16:02:51	500.0	499.6666666666667	True	0.5	40.0	4	True	50.0	30.0	-0.8788713216781616	-0.42355209980933467	-0.930302083492279	3.833489838703336	0.7189550399780273	3.8956603092868547	1.954392910003662	5.143818515608391	-1.0701279640197754	2.925234115498787	-0.8370662927627563	2.7375029152952335	-15.6387939453125	-10.215590519107653	7.832469463348389	6.370241040184271	0.0	0.0	0.0	0.0
14.501615047454834	1781097163.0	1781097163.9709523	5	25.0	29.0	12.0	8.0	NeuronSpectrum 10.06.2026 16:02:51	EEG	checkup_151_10.06.2026 16:02:51	500.0	499.6666666666667	True	0.5	40.0	4	True	50.0	30.0	-1.2743643522262573	-1.2265060765697857	-0.17207637429237366	2.8442618204899928	1.0142940282821655	2.4017530795833006	1.1344692707061768	2.7776933323290423	-0.8099924325942993	1.7139740943793698	-1.2412490844726562	0.9807581100026699	-12.795784950256348	-9.249064911639366	6.9586005210876465	6.139914854121704	0.0	0.0	0.0	0.0
14.501617431640625	1781097163.0	1781097163.9709547	5	25.0	29.0	12.0	8.0	NeuronSpectrum 10.06.2026 16:02:51	EEG	checkup_151_10.06.2026 16:02:51	500.0	499.6666666666667	True	0.5	40.0	4	True	50.0	30.0	-1.2219146490097046	-1.8806793789723242	-0.656001627445221	1.1815324490046708	0.009768951684236526	0.3608440511212526	-0.5186793208122253	0.004129102221919423	-1.5062004327774048	-0.031238285209430006	-2.6026861667633057	-1.1855007653311735	-9.155912399291992	-8.034305594438225	4.179898262023926	5.615408425030209	0.0	0.0	0.0	0.0
14.501619338989258	1781097163.0	1781097163.9709566	5	25.0	29.0	12.0	8.0	NeuronSpectrum 10.06.2026 16:02:51	EEG	checkup_151_10.06.2026 16:02:51	500.0	499.6666666666667	True	0.5	40.0	4	True	50.0	30.0	-0.9465585947036743	-2.322059809631918	-2.3624773025512695	-1.0191744400758016	-2.2081847190856934	-2.061002984699476	-2.8588712215423584	-2.9794283739733407	-3.1250548362731934	-2.163003384280202	-4.788010120391846	-3.569496974934546	-5.421451568603516	-6.568025390869167	0.9719511866569519	4.849378522039314	0.0	0.0	0.0	0.0
14.501620769500732	1781097163.0	1781097163.970958	5	25.0	29.0	12.0	8.0	NeuronSpectrum 10.06.2026 16:02:51	EEG	checkup_151_10.06.2026 16:02:51	500.0	499.6666666666667	True	0.5	40.0	4	True	50.0	30.0	-0.6886594295501709	-2.5268343474892525	-4.961484432220459	-3.5552365683997946	-5.18769645690918	-4.646348324895514	-5.592230319976807	-5.94452063445795	-5.328773021697998	-4.504482081726976	-7.357892036437988	-5.9637793740613	-3.051851749420166	-4.874624613305693	-1.1885652542114258	3.9343850243989547	0.0	0.0	0.0	0.0
14.501622438430786	1781097163.0	1781097163.9709597	5	25.0	29.0	12.0	8.0	NeuronSpectrum 10.06.2026 16:02:51	EEG	checkup_151_10.06.2026 16:02:51	500.0	499.6666666666667	True	0.5	40.0	4	True	50.0	30.0	-0.6247966885566711	-2.505856033310088	-8.057268142700195	-6.176728227433411	-8.393564224243164	-7.1515783154501875	-8.474527359008789	-8.65245539136373	-7.716914176940918	-6.864445371750956	-9.799110412597656	-8.167659768459231	-3.4548604488372803	-2.9931044304302183	-1.748233437538147	2.9719244286151283	0.0	0.0	0.0	0.0
14.50162410736084	1781097163.0	1781097163.9709613	5	25.0	29.0	12.0	8.0	NeuronSpectrum 10.06.2026 16:02:51	EEG	checkup_151_10.06.2026 16:02:51	500.0	499.6666666666667	True	0.5	40.0	4	True	50.0	30.0	-0.7996941208839417	-2.2960102056929266	-11.28125	-8.618683105641187	-11.33565902709961	-9.341384811375105	-11.291576385498047	-10.88370398059535	-10.014291763305664	-9.056502867738605	-11.71985912322998	-10.010458143069553	-6.3604416847229	-0.9705135929790054	-1.2392536401748657	2.044148600285059	0.0	0.0	0.0	0.0
14.501625776290894	1781097163.0	1781097163.970963	5	25.0	29.0	12.0	8.0	NeuronSpectrum 10.06.2026 16:02:51	EEG	checkup_151_10.06.2026 16:02:51	500.0	499.6666666666667	True	0.5	40.0	4	True	50.0	30.0	-1.0910427570343018	-1.9518014980165188	-14.225312232971191	-10.640139436260284	-13.567682266235352	-11.024988612295678	-13.736637115478516	-12.470839420355338	-12.107402801513672	-10.919680383604396	-12.950150489807129	-11.371267076845905	-8.927543640136719	1.1304085967256188	-0.6711683869361877	1.1980532085061768	0.0	0.0	0.0	0.0
14.501627206802368	1781097163.0	1781097163.9709644	5	25.0	29.0	12.0	8.0	NeuronSpectrum 10.06.2026 16:02:51	EEG	checkup_151_10.06.2026 16:02:51	500.0	499.6666666666667	True	0.5	40.0	4	True	50.0	30.0	-1.2538092136383057	-1.5384932055472162	-16.3568115234375	-12.05968827734731	-14.700846672058105	-12.083472968861042	-15.369616508483887	-13.325597063875856	-13.907870292663574	-12.334516999417655	-13.514759063720703	-12.18932429220654	-7.094131946563721	3.214153093997837	-0.7309380769729614	0.4455263004944439	0.0	0.0	0.0	0.0
14.501629114151001	1781097163.0	1781097163.9709663	5	25.0	29.0	12.0	8.0	NeuronSpectrum 10.06.2026 16:02:51	EEG	checkup_151_10.06.2026 16:02:51	500.0	499.6666666666667	True	0.5	40.0	4	True	50.0	30.0	-1.0662328004837036	-1.126080547623775	-17.077184677124023	-12.776856214419643	-14.508959770202637	-12.479199609053785	-15.72234058380127	-13.45031645036635	-15.155580520629883	-13.229047051222704	-13.505824089050293	-12.46083279224367	0.9772970676422119	5.139872365246672	-1.3816750049591064	-0.22407342702441088	0.0	0.0	0.0	0.0
14.501630544662476	1781097163.0	1781097163.9709678	5	25.0	29.0	12.0	8.0	NeuronSpectrum 10.06.2026 16:02:51	EEG	checkup_151_10.06.2026 16:02:51	500.0	499.6666666666667	True	0.5	40.0	4	True	50.0	30.0	-0.49624720215797424	-0.7823442868195232	-15.805386543273926	-12.773126558765396	-12.909259796142578	-12.24438291026188	-14.308459281921387	-12.928394861556955	-15.167020797729492	-13.572624072272781	-12.761244773864746	-12.222784618310307	11.927390098571777	6.726356370247914	-2.0822064876556396	-0.8263607395180638	0.0	0.0	0.0	0.0
14.501632452011108	1781097163.0	1781097163.9709697	5	25.0	29.0	12.0	8.0	NeuronSpectrum 10.06.2026 16:02:51	EEG	checkup_151_10.06.2026 16:02:51	500.0	499.6666666666667	True	0.5	40.0	4	True	50.0	30.0	0.23851868510246277	-0.5637448271410952	-11.99934196472168	-12.09444087474357	-9.722234725952148	-11.45432371679521	-10.470826148986816	-11.896250209113656	-12.71862506866455	-13.361282706232743	-10.521235466003418	-11.530161917905087	17.686054229736328	7.776713616191327	-2.291656494140625	-1.3676948524253454	0.0	0.0	0.0	0.0
14.501633882522583	1781097163.0	1781097163.970971	5	25.0	29.0	12.0	8.0	NeuronSpectrum 10.06.2026 16:02:51	EEG	checkup_151_10.06.2026 16:02:51	500.0	499.6666666666667	True	0.5	40.0	4	True	50.0	30.0	0.7845647931098938	-0.5047356392364232	-5.183509349822998	-10.82541354575944	-4.4242119789123535	-10.197988293203158	-3.3424630165100098	-10.507612953315663	-6.34040641784668	-12.603772262417586	-5.437089443206787	-10.437130001512323	10.308661460876465	8.11220106518831	-1.858424186706543	-1.840451766456061	0.0	0.0	0.0	0.0
14.501635551452637	1781097163.0	1781097163.9709728	5	25.0	29.0	12.0	8.0	NeuronSpectrum 10.06.2026 16:02:51	EEG	checkup_151_10.06.2026 16:02:51	500.0	499.6666666666667	True	0.5	40.0	4	True	50.0	30.0	2.8227412700653076	-0.6082913860092888	-13.523394584655762	-9.069642629253206	-11.168679237365723	-8.5605523650266	-10.3948335647583	-8.905325225495842	-15.00083065032959	-11.319105615960401	-13.068132400512695	-8.99262703003025	-0.3202992379665375	7.600274709503012	-6.293632984161377	-2.2299690545027744	0.0	0.0	0.0	0.0
14.501636981964111	1781097163.0	1781097163.9709742	5	25.0	29.0	12.0	8.0	NeuronSpectrum 10.06.2026 16:02:51	EEG	checkup_151_10.06.2026 16:02:51	500.0	499.6666666666667	True	0.5	40.0	4	True	50.0	30.0	1.679063081741333	-0.8418201373765039	-12.937508583068848	-6.946535857200577	-11.076644897460938	-6.626631101329706	-10.656646728515625	-7.2122839181050615	-14.887229919433594	-9.551423935078263	-12.954085350036621	-7.254301179866077	-0.8577786087989807	6.169035717769459	-7.490833759307861	-2.530311756832147	0.0	0.0	0.0	0.0
14.501638889312744	1781097163.0	1781097163.970976	5	25.0	29.0	12.0	8.0	NeuronSpectrum 10.06.2026 16:02:51	EEG	checkup_151_10.06.2026 16:02:51	500.0	499.6666666666667	True	0.5	40.0	4	True	50.0	30.0	-0.20268438756465912	-1.1420042393956062	-11.347712516784668	-4.603652912076512	-9.949664115905762	-4.5008091257840155	-10.269972801208496	-5.54190123528464	-13.265869140625	-7.3968971086421345	-11.261736869812012	-5.313789460352197	-1.9085910320281982	3.811558858113177	-7.8992533683776855	-2.7613024196847347	0.0	0.0	0.0	0.0
14.501640558242798	1781097163.0	1781097163.9709778	5	25.0	29.0	12.0	8.0	NeuronSpectrum 10.06.2026 16:02:51	EEG	checkup_151_10.06.2026 16:02:51	500.0	499.6666666666667	True	0.5	40.0	4	True	50.0	30.0	-1.78036367893219	-1.4291119472302911	-8.395720481872559	-2.2315112456593633	-7.3164777755737305	-2.330410474188368	-8.45185375213623	-4.01574885920961	-9.84326171875	-5.026599023075232	-7.84950065612793	-3.3170718433095754	-4.0258307456970215	0.5887887864924912	-7.235474586486816	-2.9771625739160235	0.0	0.0	0.0	0.0
14.501641988754272	1781097163.0	1781097163.9709792	5	25.0	29.0	12.0	8.0	NeuronSpectrum 10.06.2026 16:02:51	EEG	checkup_151_10.06.2026 16:02:51	500.0	499.6666666666667	True	0.5	40.0	4	True	50.0	30.0	-2.2377982139587402	-1.627119649013588	-4.040531635284424	-0.06348833009282351	-3.07706880569458	-0.31176952083477755	-4.844754695892334	-2.7704428018880587	-4.752525806427002	-2.6867517655281223	-3.0169167518615723	-1.462837166475412	-7.083250045776367	-3.3642907483352023	-5.727200031280518	-3.2595424251008662	0.0	0.0	0.0	0.0
14.501643896102905	1781097163.0	1781097163.9709811	5	25.0	29.0	12.0	8.0	NeuronSpectrum 10.06.2026 16:02:51	EEG	checkup_151_10.06.2026 16:02:51	500.0	499.6666666666667	True	0.5	40.0	4	True	50.0	30.0	-1.4976450204849243	-1.683038835599947	1.1287851333618164	1.6500188685802255	2.186508893966675	1.3316905938055474	-0.009397048503160477	-1.9413862415330443	1.1687891483306885	-0.6662505602980254	2.35798716545105	0.028856320445965675	-10.107425689697266	-7.832183666839555	-4.174706935882568	-3.6942312488349143	0.0	0.0	0.0	0.0
14.50164532661438	1781097163.0	1781097163.9709826	5	25.0	29.0	12.0	8.0	NeuronSpectrum 10.06.2026 16:02:51	EEG	checkup_151_10.06.2026 16:02:51	500.0	499.6666666666667	True	0.5	40.0	4	True	50.0	30.0	-0.2091798633337021	-1.5791183365996178	5.5728583335876465	2.6904138336096244	6.8973565101623535	2.3970741175115235	4.248517990112305	-1.6247582572952726	6.101352691650391	0.7632090152637072	6.593072891235352	0.970434700304547	-12.19140625	-12.519893348514191	-3.612704038619995	-4.338528851739636	0.0	0.0	0.0	0.0
14.501646995544434	1781097163.0	1781097163.9709842	5	25.0	29.0	12.0	8.0	NeuronSpectrum 10.06.2026 16:02:51	EEG	checkup_151_10.06.2026 16:02:51	500.0	499.6666666666667	True	0.5	40.0	4	True	50.0	30.0	0.7605078816413879	-1.3349161304668753	7.094396114349365	2.9263868518635587	8.788251876831055	2.7585087373798087	5.394618511199951	-1.8337440678366852	7.649815559387207	1.4145160535724175	7.537744522094727	1.2629714635648686	-13.711064338684082	-17.069201828767497	-4.725971221923828	-5.191471583840178	0.0	0.0	0.0	0.0
14.501648664474487	1781097163.0	1781097163.970986	5	25.0	29.0	12.0	8.0	NeuronSpectrum 10.06.2026 16:02:51	EEG	checkup_151_10.06.2026 16:02:51	500.0	499.6666666666667	True	0.5	40.0	4	True	50.0	30.0	0.9315683245658875	-1.0004581117089224	4.069140911102295	2.3530980833006225	6.150552272796631	2.4083499972380147	1.7487351894378662	-2.472507507726383	4.232756614685059	1.2337634278517304	3.826023578643799	0.9299753336603052	-16.582395553588867	-21.09457126137974	-7.390038013458252	-6.179304320091707	0.0	0.0	0.0	0.0
14.501651525497437	1781097163.0	1781097163.9709888	5	25.0	29.0	12.0	8.0	NeuronSpectrum 10.06.2026 16:02:51	EEG	checkup_151_10.06.2026 16:02:51	500.0	499.6666666666667	True	0.5	40.0	4	True	50.0	30.0	0.47858503460884094	-0.6443717188701056	-2.968607187271118	1.0963965174931887	-0.5516825318336487	1.462950124081032	-5.7298407554626465	-3.3467537470128614	-3.252554416656494	0.3096363015085431	-3.5663859844207764	0.11141483412487269	-22.807558059692383	-24.23746194083045	-10.635973930358887	-7.163436845574457	0.0	0.0	0.0	0.0
14.50165343284607	1781097163.0	1781097163.9709907	5	25.0	29.0	12.0	8.0	NeuronSpectrum 10.06.2026 16:02:51	EEG	checkup_151_10.06.2026 16:02:51	500.0	499.6666666666667	True	0.5	40.0	4	True	50.0	30.0	-0.0011012392351403832	-0.34089783900722315	-10.724849700927734	-0.6221886600477047	-8.05691146850586	0.12758587224183263	-13.048331260681152	-4.213744489676413	-10.991996765136719	-1.1604370453444433	-10.90116024017334	-0.9824505909328896	-32.06896209716797	-26.230439459729894	-13.102783203125	-7.969733206025549	0.0	0.0	0.0	0.0
14.501654863357544	1781097163.0	1781097163.970992	5	25.0	29.0	12.0	8.0	NeuronSpectrum 10.06.2026 16:02:51	EEG	checkup_151_10.06.2026 16:02:51	500.0	499.6666666666667	True	0.5	40.0	4	True	50.0	30.0	0.009831935167312622	-0.15781327028430692	-14.61806869506836	-2.546035498303187	-11.795060157775879	-1.3660177417053851	-15.259374618530273	-4.854834148853981	-14.117557525634766	-2.9319077658940738	-13.470187187194824	-2.1389429087679632	-40.394901275634766	-26.95436042323853	-13.729016304016113	-8.43007024671691	0.0	0.0	0.0	0.0
14.501656770706177	1781097163.0	1781097163.970994	5	25.0	29.0	12.0	8.0	NeuronSpectrum 10.06.2026 16:02:51	EEG	checkup_151_10.06.2026 16:02:51	500.0	499.6666666666667	True	0.5	40.0	4	True	50.0	30.0	0.5773187279701233	-0.14540371029485177	-11.752829551696777	-4.444267339202021	-8.909224510192871	-2.823197210657157	-10.021822929382324	-5.140998646319981	-10.047199249267578	-4.77512981595085	-8.83491039276123	-3.203376932701745	-41.30949020385742	-26.46730640102857	-12.269472122192383	-8.423197284757956	0.0	0.0	0.0	0.0
14.501658201217651	1781097163.0	1781097163.9709954	5	25.0	29.0	12.0	8.0	NeuronSpectrum 10.06.2026 16:02:51	EEG	checkup_151_10.06.2026 16:02:51	500.0	499.6666666666667	True	0.5	40.0	4	True	50.0	30.0	1.3265137672424316	-0.3262702531178113	-3.3667585849761963	-6.149431661832778	-0.7392519116401672	-4.12530114462076	-0.06956970691680908	-5.064412058431873	-0.9440112709999084	-6.513434786970386	0.775151789188385	-4.107285357182208	-29.261690139770508	-24.9887186098441	-9.348553657531738	-7.903535942120754	0.0	0.0	0.0	0.0
14.501659870147705	1781097163.0	1781097163.970997	5	25.0	29.0	12.0	8.0	NeuronSpectrum 10.06.2026 16:02:51	EEG	checkup_151_10.06.2026 16:02:51	500.0	499.6666666666667	True	0.5	40.0	4	True	50.0	30.0	1.7700331211090088	-0.6871368494175482	5.359016418457031	-7.56346893139186	7.3910813331604	-5.232866746197158	7.749364376068115	-4.725888409467446	6.955743312835693	-8.02928128911428	9.11992359161377	-4.857420841560018	-3.4518165588378906	-22.8388058448354	-6.069964408874512	-6.912290342599113	0.0	0.0	0.0	0.0
14.552473306655884	1781097163.0	1781097164.0218105	5	25.0	29.0	12.0	8.0	NeuronSpectrum 10.06.2026 16:02:51	EEG	checkup_151_10.06.2026 16:02:51	500.0	499.6666666666667	True	0.5	40.0	4	True	50.0	30.0	2.408869504928589	-1.175754660514656	-14.132160186767578	-8.641322438937419	-9.445372581481934	-6.160449253541222	-6.255032062530518	-4.288445267204899	-13.204468727111816	-9.249137644601607	-8.543778419494629	-5.498432856626493	-24.705888748168945	-20.35462416208165	-9.285039901733398	-5.571541375930681	0.0	0.0	0.0	0.0
14.552478075027466	1781097163.0	1781097164.0218153	5	25.0	29.0	12.0	8.0	NeuronSpectrum 10.06.2026 16:02:51	EEG	checkup_151_10.06.2026 16:02:51	500.0	499.6666666666667	True	0.5	40.0	4	True	50.0	30.0	0.5625132918357849	-1.7066729259001845	-13.871435165405273	-9.369863608872567	-8.841236114501953	-6.941082614273635	-4.266381740570068	-3.9186561997667444	-12.90066909790039	-10.125596845594812	-7.654260158538818	-6.071407922612711	-21.48395538330078	-17.81518766864145	-7.887265205383301	-4.065433089393067	0.0	0.0	0.0	0.0
14.552480697631836	1781097163.0	1781097164.021818	5	25.0	29.0	12.0	8.0	NeuronSpectrum 10.06.2026 16:02:51	EEG	checkup_151_10.06.2026 16:02:51	500.0	499.6666666666667	True	0.5	40.0	4	True	50.0	30.0	-1.8222895860671997	-2.1777645935447416	-14.065178871154785	-9.754244923508686	-9.093101501464844	-7.595887928267966	-3.7918474674224854	-3.735366700760352	-13.214977264404297	-10.628614512922976	-7.878251552581787	-6.585166395925566	-18.899648666381836	-15.398981339172588	-6.169920444488525	-2.6124167559337184	0.0	0.0	0.0	0.0
14.552482604980469	1781097163.0	1781097164.0218198	5	25.0	29.0	12.0	8.0	NeuronSpectrum 10.06.2026 16:02:51	EEG	checkup_151_10.06.2026 16:02:51	500.0	499.6666666666667	True	0.5	40.0	4	True	50.0	30.0	-3.626664638519287	-2.495113415794476	-14.276199340820312	-9.8123529751511	-9.698651313781738	-8.115285935679879	-4.218305587768555	-3.7763317707546458	-13.658299446105957	-10.745658605472133	-8.706735610961914	-7.0054115135559725	-16.094030380249023	-13.176038914539822	-4.2864990234375	-1.4312721141938378	0.0	0.0	0.0	0.0
14.552484512329102	1781097163.0	1781097164.0218217	5	25.0	29.0	12.0	8.0	NeuronSpectrum 10.06.2026 16:02:51	EEG	checkup_151_10.06.2026 16:02:51	500.0	499.6666666666667	True	0.5	40.0	4	True	50.0	30.0	-4.008416652679443	-2.599143289672563	-13.858705520629883	-9.571671724907572	-9.945667266845703	-8.452045099994454	-4.682322025299072	-3.986308080678109	-13.492120742797852	-10.484157410139982	-9.334009170532227	-7.259003640818923	-12.340065956115723	-11.121006286072708	-2.608137369155884	-0.7041241345250627	0.0	0.0	0.0	0.0
14.552486181259155	1781097163.0	1781097164.0218234	5	25.0	29.0	12.0	8.0	NeuronSpectrum 10.06.2026 16:02:51	EEG	checkup_151_10.06.2026 16:02:51	500.0	499.6666666666667	True	0.5	40.0	4	True	50.0	30.0	-2.8603742122650146	-2.4825683604829716	-12.38530445098877	-9.064413940659344	-9.4127197265625	-8.525601921748619	-4.631287097930908	-4.227356218516105	-12.161165237426758	-9.871300387743661	-9.123388290405273	-7.249351548222978	-8.024579048156738	-9.132778869657882	-1.580839991569519	-0.5421336719479889	0.0	0.0	0.0	0.0
14.552488088607788	1781097163.0	1781097164.0218253	5	25.0	29.0	12.0	8.0	NeuronSpectrum 10.06.2026 16:02:51	EEG	checkup_151_10.06.2026 16:02:51	500.0	499.6666666666667	True	0.5	40.0	4	True	50.0	30.0	-0.8397728800773621	-2.192735737298658	-9.972114562988281	-8.321626566357269	-8.193696022033691	-8.238086072937213	-4.01357889175415	-4.310433070514098	-9.634187698364258	-8.95099402279976	-7.8951945304870605	-6.8801182632881925	-4.779439926147461	-7.055855002649852	-1.5755059719085693	-0.9617585716346521	0.0	0.0	0.0	0.0
14.552489757537842	1781097163.0	1781097164.021827	5	25.0	29.0	12.0	8.0	NeuronSpectrum 10.06.2026 16:02:51	EEG	checkup_151_10.06.2026 16:02:51	500.0	499.6666666666667	True	0.5	40.0	4	True	50.0	30.0	1.0353193283081055	-1.8166663496532491	-7.309024810791016	-7.370503135529634	-6.730674743652344	-7.501921219919134	-3.0805017948150635	-4.04437849772175	-6.493553638458252	-7.781137803861789	-5.9299163818359375	-6.084667317682837	-4.2502241134643555	-4.708438485577136	-2.7925362586975098	-1.8791910062958865	0.0	0.0	0.0	0.0
14.552491426467896	1781097163.0	1781097164.0218287	5	25.0	29.0	12.0	8.0	NeuronSpectrum 10.06.2026 16:02:51	EEG	checkup_151_10.06.2026 16:02:51	500.0	499.6666666666667	True	0.5	40.0	4	True	50.0	30.0	1.9578583240509033	-1.4538624204133244	-5.39110803604126	-6.239701500033701	-5.48510217666626	-6.27622722457527	-2.128981351852417	-3.2943872964855734	-3.7788357734680176	-6.435171959528345	-3.8253533840179443	-4.857516130541026	-6.243803977966309	-1.9249420754560274	-5.153399467468262	-3.1269695993251383	0.0	0.0	0.0	0.0
14.55249309539795	1781097163.0	1781097164.0218303	5	25.0	29.0	12.0	8.0	NeuronSpectrum 10.06.2026 16:02:51	EEG	checkup_151_10.06.2026 16:02:51	500.0	499.6666666666667	True	0.5	40.0	4	True	50.0	30.0	1.7236067056655884	-1.186517184461464	-5.050973892211914	-4.974935114557582	-4.725015640258789	-4.605401812546477	-1.427462100982666	-2.0382728312922813	-2.602978467941284	-5.010190980740704	-2.3058664798736572	-3.282277273462438	-7.930637359619141	1.386473946138368	-8.182585716247559	-4.49062740962995	0.0	0.0	0.0	0.0
14.552495002746582	1781097164.0	1781097164.0218322	5	25.0	29.0	12.0	8.0	NeuronSpectrum 10.06.2026 16:02:51	EEG	checkup_151_10.06.2026 16:02:51	500.0	499.6666666666667	True	0.5	40.0	4	True	50.0	30.0	0.7401848435401917	-1.0571725743975557	-6.455145359039307	-3.661947297389357	-4.4860029220581055	-2.649453027649348	-1.2191879749298096	-0.4064456123584672	-3.5814661979675293	-3.640073726772277	-1.9471631050109863	-1.5487923471843947	-5.350088596343994	5.1836325390315885	-11.009563446044922	-5.7565793612300515	0.0	0.0	0.0	0.0
14.552496433258057	1781097164.0	1781097164.0218337	5	25.0	29.0	12.0	8.0	NeuronSpectrum 10.06.2026 16:02:51	EEG	checkup_151_10.06.2026 16:02:51	500.0	499.6666666666667	True	0.5	40.0	4	True	50.0	30.0	-0.3106233775615692	-1.0603174211369049	-8.848003387451172	-2.447709287729921	-4.626708984375	-0.6934483173276855	-1.6118420362472534	1.3083988516390437	-6.328429698944092	-2.5069301898426564	-2.857004404067993	0.04893228430990648	3.1689491271972656	9.250207850231561	-12.589451789855957	-6.757899175331295	0.0	0.0	0.0	0.0
14.55249834060669	1781097164.0	1781097164.0218356	5	25.0	29.0	12.0	8.0	NeuronSpectrum 10.06.2026 16:02:51	EEG	checkup_151_10.06.2026 16:02:51	500.0	499.6666666666667	True	0.5	40.0	4	True	50.0	30.0	-0.9016077518463135	-1.1488975317544166	-10.649053573608398	-1.5461542688611323	-4.746271133422852	0.8754318722607095	-2.199644088745117	2.6823975604804295	-9.23373031616211	-1.8398491576831968	-4.328607082366943	1.1417049363220853	14.210738182067871	13.198857175473671	-12.167943000793457	-7.404472927760047	0.0	0.0	0.0	0.0
14.55250096321106	1781097164.0	1781097164.0218382	5	25.0	29.0	12.0	8.0	NeuronSpectrum 10.06.2026 16:02:51	EEG	checkup_151_10.06.2026 16:02:51	500.0	499.6666666666667	True	0.5	40.0	4	True	50.0	30.0	-0.9128518104553223	-1.251769403702311	-9.918922424316406	-1.2154322526111514	-3.9938905239105225	1.6289290137865788	-1.7036958932876587	3.235339637521028	-9.782476425170898	-1.8896552896152228	-4.7281084060668945	1.3448289624527732	19.850936889648438	16.528793148737968	-9.695985794067383	-7.689067564721799	0.0	0.0	0.0	0.0
14.552502632141113	1781097164.0	1781097164.0218399	5	25.0	29.0	12.0	8.0	NeuronSpectrum 10.06.2026 16:02:51	EEG	checkup_151_10.06.2026 16:02:51	500.0	499.6666666666667	True	0.5	40.0	4	True	50.0	30.0	-0.5864033102989197	-1.2955442086404563	-5.094305515289307	-1.701879319593276	-1.0833631753921509	1.1917017453950105	1.8139891624450684	2.5403232789625223	-5.505928993225098	-2.8749810297858946	-1.934592366218567	0.34387336879861746	12.349120140075684	18.73042435609704	-5.931973457336426	-7.669619349544076	0.0	0.0	0.0	0.0
14.603429079055786	1781097164.0	1781097164.0727663	5	25.0	29.0	12.0	8.0	NeuronSpectrum 10.06.2026 16:02:51	EEG	checkup_151_10.06.2026 16:02:51	500.0	499.6666666666667	True	0.5	40.0	4	True	50.0	30.0	-0.29996350407600403	-1.2243731405307896	3.4923510551452637	-3.1606294979870224	10.84116268157959	-0.650989447832229	13.120957374572754	0.3451505640582607	4.1293158531188965	-4.908404385842168	9.067830085754395	-2.0103421490949827	27.79156494140625	19.4128856779623	-9.057695388793945	-7.436760172939631	0.0	0.0	0.0	0.0
14.603434085845947	1781097164.0	1781097164.0727713	5	25.0	29.0	12.0	8.0	NeuronSpectrum 10.06.2026 16:02:51	EEG	checkup_151_10.06.2026 16:02:51	500.0	499.6666666666667	True	0.5	40.0	4	True	50.0	30.0	0.24618279933929443	-1.013171698867232	1.1673213243484497	-5.578244209633075	6.359436511993408	-3.863784479070275	7.579680442810059	-3.3294834914912723	0.8127237558364868	-7.926544155848616	3.897784948348999	-5.626196654545487	26.710325241088867	18.42013673534741	-9.441787719726562	-7.079883037020067	0.0	0.0	0.0	0.0
14.60343623161316	1781097164.0	1781097164.0727735	5	25.0	29.0	12.0	8.0	NeuronSpectrum 10.06.2026 16:02:51	EEG	checkup_151_10.06.2026 16:02:51	500.0	499.6666666666667	True	0.5	40.0	4	True	50.0	30.0	0.7831422686576843	-0.6723440957292445	-6.3487868309021	-8.729683451872578	-3.94023060798645	-8.12490433679252	-3.593261957168579	-8.151428060613785	-7.691943168640137	-11.655304001976313	-6.656730651855469	-10.146898075261534	18.717424392700195	15.899487346461175	-9.968398094177246	-6.662887171730671	0.0	0.0	0.0	0.0
14.603438138961792	1781097164.0	1781097164.0727754	5	25.0	29.0	12.0	8.0	NeuronSpectrum 10.06.2026 16:02:51	EEG	checkup_151_10.06.2026 16:02:51	500.0	499.6666666666667	True	0.5	40.0	4	True	50.0	30.0	1.3473111391067505	-0.24434585497603106	-16.057340621948242	-12.193430216982648	-16.224185943603516	-12.86505029710773	-16.41203498840332	-13.519493740551809	-18.132827758789062	-15.633030491962728	-18.74610137939453	-14.996535438103935	7.097424030303955	12.29552308371156	-9.817411422729492	-6.214261117976144	0.0	0.0	0.0	0.0
14.603440046310425	1781097164.0	1781097164.0727773	5	25.0	29.0	12.0	8.0	NeuronSpectrum 10.06.2026 16:02:51	EEG	checkup_151_10.06.2026 16:02:51	500.0	499.6666666666667	True	0.5	40.0	4	True	50.0	30.0	1.912424921989441	0.2059765709313939	-23.658092498779297	-15.426506712294358	-25.57864761352539	-17.376818531224277	-26.001230239868164	-18.679830471977183	-26.028541564941406	-19.291783208049694	-27.549602508544922	-19.489986086947212	-3.1477038860321045	8.264060515369351	-8.71102237701416	-5.729821455139374	0.0	0.0	0.0	0.0
14.603441715240479	1781097164.0	1781097164.072779	5	25.0	29.0	12.0	8.0	NeuronSpectrum 10.06.2026 16:02:51	EEG	checkup_151_10.06.2026 16:02:51	500.0	499.6666666666667	True	0.5	40.0	4	True	50.0	30.0	2.340277910232544	0.6044674534091121	-26.183473587036133	-17.876845018686197	-28.832664489746094	-20.96236023315099	-29.3924503326416	-22.881389406447383	-28.430601119995117	-22.07232090796458	-30.103200912475586	-22.974114216695416	-7.882108688354492	4.5286766813269	-7.170854568481445	-5.183350744796646	0.0	0.0	0.0	0.0
14.603443622589111	1781097164.0	1781097164.0727808	5	25.0	29.0	12.0	8.0	NeuronSpectrum 10.06.2026 16:02:51	EEG	checkup_151_10.06.2026 16:02:51	500.0	499.6666666666667	True	0.5	40.0	4	True	50.0	30.0	2.466801643371582	0.881196013165042	-23.808605194091797	-19.097212199836243	-26.357709884643555	-23.073775156620055	-27.22171974182129	-25.52337595990069	-25.777923583984375	-23.53589912953226	-27.075571060180664	-24.95643109936076	-5.981420993804932	1.7230134616736392	-6.09683084487915	-4.540655406469544	0.0	0.0	0.0	0.0
14.603445053100586	1781097164.0	1781097164.0727823	5	25.0	29.0	12.0	8.0	NeuronSpectrum 10.06.2026 16:02:51	EEG	checkup_151_10.06.2026 16:02:51	500.0	499.6666666666667	True	0.5	40.0	4	True	50.0	30.0	2.2394280433654785	0.9819405126602434	-19.46085548400879	-18.828581829101942	-21.52118682861328	-23.408045311831316	-23.017126083374023	-26.25637584016422	-21.38664436340332	-23.44144458298644	-22.127906799316406	-25.186412969083666	0.2333616316318512	0.2645463014393747	-6.004745006561279	-3.774271728420171	0.0	0.0	0.0	0.0
14.603446960449219	1781097164.0	1781097164.0727842	5	25.0	29.0	12.0	8.0	NeuronSpectrum 10.06.2026 16:02:51	EEG	checkup_151_10.06.2026 16:02:51	500.0	499.6666666666667	True	0.5	40.0	4	True	50.0	30.0	1.7841150760650635	0.8760821867457539	-16.46063804626465	-17.03705658371702	-18.11123275756836	-21.940055851288093	-20.46229362487793	-25.02140721234366	-18.82965850830078	-21.774681569149138	-19.1780948638916	-23.67708191769396	6.409293174743652	0.2894556853890076	-6.545708656311035	-2.8770956970521704	0.0	0.0	0.0	0.0
14.603448629379272	1781097164.0	1781097164.0727859	5	25.0	29.0	12.0	8.0	NeuronSpectrum 10.06.2026 16:02:51	EEG	checkup_151_10.06.2026 16:02:51	500.0	499.6666666666667	True	0.5	40.0	4	True	50.0	30.0	1.3348037004470825	0.560523453565461	-15.89234447479248	-13.906482005803966	-17.50985336303711	-18.900258060103504	-20.540773391723633	-22.033861729590058	-19.068357467651367	-18.73449691545492	-19.437490463256836	-20.676667985563952	8.668473243713379	1.6532964307339015	-6.73137903213501	-1.8727285101988584	0.0	0.0	0.0	0.0
14.603450298309326	1781097164.0	1781097164.0727875	5	25.0	29.0	12.0	8.0	NeuronSpectrum 10.06.2026 16:02:51	EEG	checkup_151_10.06.2026 16:02:51	500.0	499.6666666666667	True	0.5	40.0	4	True	50.0	30.0	1.0751169919967651	0.06012987208629145	-15.733220100402832	-9.79925260970704	-17.701108932495117	-14.716452257669228	-20.746767044067383	-17.731118490974513	-19.589271545410156	-14.691288305994677	-20.455106735229492	-16.611042000351702	5.92305326461792	3.9814462759115714	-5.689749240875244	-0.8191752627318237	0.0	0.0	0.0	0.0
14.6034517288208	1781097164.0	1781097164.072789	5	25.0	29.0	12.0	8.0	NeuronSpectrum 10.06.2026 16:02:51	EEG	checkup_151_10.06.2026 16:02:51	500.0	499.6666666666667	True	0.5	40.0	4	True	50.0	30.0	1.0153262615203857	-0.5745963187868364	-12.577584266662598	-5.197994430234502	-15.01956844329834	-9.93894442898947	-17.225261688232422	-12.70137849461806	-16.45644187927246	-10.130277392815499	-18.104480743408203	-12.014921537800383	0.7262559533119202	6.745672953197902	-3.3484997749328613	0.19742001479054824	0.0	0.0	0.0	0.0
14.603453636169434	1781097164.0	1781097164.0727909	5	25.0	29.0	12.0	8.0	NeuronSpectrum 10.06.2026 16:02:51	EEG	checkup_151_10.06.2026 16:02:51	500.0	499.6666666666667	True	0.5	40.0	4	True	50.0	30.0	1.011730432510376	-1.2724203479121996	-4.733414173126221	-0.6357709909152707	-7.418584823608398	-5.160659417631689	-8.361446380615234	-7.603475418137343	-7.870328903198242	-5.585911298834999	-10.173158645629883	-7.460419070822465	-1.7623298168182373	9.34843618676063	-0.5422757267951965	1.0797818835149786	0.0	0.0	0.0	0.0
14.603455305099487	1781097164.0	1781097164.0727925	5	25.0	29.0	12.0	8.0	NeuronSpectrum 10.06.2026 16:02:51	EEG	checkup_151_10.06.2026 16:02:51	500.0	499.6666666666667	True	0.5	40.0	4	True	50.0	30.0	0.9068068265914917	-1.9494369868838077	5.681591033935547	3.380348214522051	3.1920833587646484	-0.9376124106871113	2.9315149784088135	-3.0820939066089776	3.491248846054077	-1.5699579784833704	1.1226924657821655	-3.4850283035488765	3.6574201583862305	11.20663088134278	1.5585980415344238	1.7435465625979407	0.0	0.0	0.0	0.0
14.603456974029541	1781097164.0	1781097164.0727942	5	25.0	29.0	12.0	8.0	NeuronSpectrum 10.06.2026 16:02:51	EEG	checkup_151_10.06.2026 16:02:51	500.0	499.6666666666667	True	0.5	40.0	4	True	50.0	30.0	0.6692392826080322	-2.521043228841326	13.453533172607422	6.444719510162814	11.494308471679688	2.2847549899164714	10.297147750854492	0.31595011832591563	11.435181617736816	1.5008114616434165	9.83677864074707	-0.5223632749813403	19.160324096679688	11.831817387501166	2.2103793621063232	2.140495798971465	0.0	0.0	0.0	0.0
14.603458642959595	1781097164.0	1781097164.0727959	5	25.0	29.0	12.0	8.0	NeuronSpectrum 10.06.2026 16:02:51	EEG	checkup_151_10.06.2026 16:02:51	500.0	499.6666666666667	True	0.5	40.0	4	True	50.0	30.0	-3.848705530166626	-2.917366110690742	3.4085445404052734	8.315000151874811	-0.11886874586343765	4.230245525275714	-3.0265846252441406	2.2145329394033917	-0.5583851337432861	3.3656399752747665	-3.5233891010284424	1.1557593175346161	4.603305816650391	10.90148826007592	0.8797044157981873	2.2719849028098658	0.0	0.0	0.0	0.0
14.603460311889648	1781097164.0	1781097164.0727975	5	25.0	29.0	12.0	8.0	NeuronSpectrum 10.06.2026 16:02:51	EEG	checkup_151_10.06.2026 16:02:51	500.0	499.6666666666667	True	0.5	40.0	4	True	50.0	30.0	-4.169117450714111	-3.09913130646798	6.381890773773193	8.947291994977446	3.602564811706543	4.825750073761267	1.6232059001922607	2.459555277928409	3.100865125656128	3.9566589888324923	0.6770328283309937	1.4753889299545586	6.3920722007751465	8.311226921932978	-0.9018242359161377	2.186624676743459	0.0	0.0	0.0	0.0
14.603461742401123	1781097164.0	1781097164.072799	5	25.0	29.0	12.0	8.0	NeuronSpectrum 10.06.2026 16:02:51	EEG	checkup_151_10.06.2026 16:02:51	500.0	499.6666666666667	True	0.5	40.0	4	True	50.0	30.0	-3.148609161376953	-3.0685350478774542	7.285446643829346	8.497155728648787	5.529856204986572	4.204947256434292	4.439176559448242	1.1420541911308224	4.502389907836914	3.40434012805813	2.747335910797119	0.5681776048949777	6.579408168792725	4.197791512144021	-2.526113510131836	1.9624411220880151	0.0	0.0	0.0	0.0
14.60346508026123	1781097164.0	1781097164.0728023	5	25.0	29.0	12.0	8.0	NeuronSpectrum 10.06.2026 16:02:51	EEG	checkup_151_10.06.2026 16:02:51	500.0	499.6666666666667	True	0.5	40.0	4	True	50.0	30.0	-1.382104516029358	-2.869736804956839	5.870418071746826	7.286948958756719	4.820809841156006	2.6821227235695564	3.7375526428222656	-1.4101072747180605	3.106294631958008	2.011440294180142	1.6340428590774536	-1.2503410747909576	3.613737106323242	-1.071854954381558	-3.4227921962738037	1.680141991903214	0.0	0.0	0.0	0.0
14.603466510772705	1781097164.0	1781097164.0728037	5	25.0	29.0	12.0	8.0	NeuronSpectrum 10.06.2026 16:02:51	EEG	checkup_151_10.06.2026 16:02:51	500.0	499.6666666666667	True	0.5	40.0	4	True	50.0	30.0	0.18461260199546814	-2.5771560297658946	2.731323003768921	5.745231537865821	1.539757251739502	0.6990211122550775	-0.966984212398529	-4.674970101908019	-0.5447658896446228	0.1994223377085474	-2.508951187133789	-3.530610770741091	-2.8819501399993896	-6.945818463855314	-3.5007848739624023	1.3977800852212894	0.0	0.0	0.0	0.0
14.603468418121338	1781097164.0	1781097164.0728056	5	25.0	29.0	12.0	8.0	NeuronSpectrum 10.06.2026 16:02:51	EEG	checkup_151_10.06.2026 16:02:51	500.0	499.6666666666667	True	0.5	40.0	4	True	50.0	30.0	0.8506653904914856	-2.275063684873642	-0.7721902132034302	4.327144165303974	-3.0788445472717285	-1.2507804971328018	-8.2390775680542	-8.015442944262315	-4.8531036376953125	-1.5663408306971467	-8.065608978271484	-5.763929992574126	-11.840806007385254	-12.76419000199888	-2.9473228454589844	1.1365031066925482	0.0	0.0	0.0	0.0
14.603469848632812	1781097164.0	1781097164.072807	5	25.0	29.0	12.0	8.0	NeuronSpectrum 10.06.2026 16:02:51	EEG	checkup_151_10.06.2026 16:02:51	500.0	499.6666666666667	True	0.5	40.0	4	True	50.0	30.0	0.5334957838058472	-2.035725478857413	-2.9977736473083496	3.428408455771598	-6.992659091949463	-2.710973784529357	-15.086006164550781	-10.788530135858208	-7.775753021240234	-2.862030333272166	-12.517801284790039	-7.473709731432444	-21.355226516723633	-17.860772052539982	-2.0157041549682617	0.8826956602911715	0.0	0.0	0.0	0.0
14.603471517562866	1781097164.0	1781097164.0728087	5	25.0	29.0	12.0	8.0	NeuronSpectrum 10.06.2026 16:02:51	EEG	checkup_151_10.06.2026 16:02:51	500.0	499.6666666666667	True	0.5	40.0	4	True	50.0	30.0	-0.30232369899749756	-1.903458357570211	-2.724997043609619	3.3095816237706535	-8.255961418151855	-3.349043357947691	-18.378549575805664	-12.465808471657347	-7.77498197555542	-3.3853213316537345	-13.646682739257812	-8.306087846751367	-29.479358673095703	-21.675650313971296	-0.9885770678520203	0.6055454465854637	0.0	0.0	0.0	0.0
14.60347318649292	1781097164.0	1781097164.0728104	5	25.0	29.0	12.0	8.0	NeuronSpectrum 10.06.2026 16:02:51	EEG	checkup_151_10.06.2026 16:02:51	500.0	499.6666666666667	True	0.5	40.0	4	True	50.0	30.0	-1.047247052192688	-1.8887400948849062	0.22922281920909882	4.048001784610156	-6.041873931884766	-3.019602959464866	-16.580917358398438	-12.735822411504948	-4.6583943367004395	-3.011059879401436	-10.769207000732422	-8.097568831979217	-34.53774642944336	-23.857076759420885	-0.25377920269966125	0.28323101878133794	0.0	0.0	0.0	0.0
14.603475093841553	1781097164.0	1781097164.0728123	5	25.0	29.0	12.0	8.0	NeuronSpectrum 10.06.2026 16:02:51	EEG	checkup_151_10.06.2026 16:02:51	500.0	499.6666666666667	True	0.5	40.0	4	True	50.0	30.0	-1.34124755859375	-1.9720676098027736	4.781644821166992	5.529754190338192	-1.2263602018356323	-1.7866851057359407	-10.73136043548584	-11.559340257758404	0.16148501634597778	-1.808179550026304	-5.273128032684326	-6.900443269795582	-35.067203521728516	-24.32762889685622	-0.2801130712032318	-0.07249914524403052	0.0	0.0	0.0	0.0
14.603476762771606	1781097164.0	1781097164.072814	5	25.0	29.0	12.0	8.0	NeuronSpectrum 10.06.2026 16:02:51	EEG	checkup_151_10.06.2026 16:02:51	500.0	499.6666666666667	True	0.5	40.0	4	True	50.0	30.0	-1.2012702226638794	-2.1139327943127912	9.01920223236084	7.48359798476594	3.9640731811523438	0.10212192805457534	-3.8771958351135254	-9.161207406217502	4.3344221115112305	-0.013945871347442532	0.07764440774917603	-4.958543923671161	-30.087791442871094	-23.29376875495962	-1.3519307374954224	-0.4034521867030107	0.0	0.0	0.0	0.0
14.60347843170166	1781097164.0	1781097164.0728157	5	25.0	29.0	12.0	8.0	NeuronSpectrum 10.06.2026 16:02:51	EEG	checkup_151_10.06.2026 16:02:51	500.0	499.6666666666667	True	0.5	40.0	4	True	50.0	30.0	-0.8766258955001831	-2.266362688737688	11.112862586975098	9.546984503822868	7.099687099456787	2.2821212114048643	0.7428776621818542	-5.962620443164191	5.854506969451904	2.0258732162309077	2.714082956314087	-2.6414389343715667	-20.31598472595215	-21.190742011242214	-3.2249069213867188	-0.6101320004905311	0.0	0.0	0.0	0.0
14.60348129272461	1781097164.0	1781097164.0728185	5	25.0	29.0	12.0	8.0	NeuronSpectrum 10.06.2026 16:02:51	EEG	checkup_151_10.06.2026 16:02:51	500.0	499.6666666666667	True	0.5	40.0	4	True	50.0	30.0	-0.6058353781700134	-2.3827377734957707	10.384233474731445	11.34605386712349	7.001642227172852	4.358923488182816	1.7905125617980957	-2.4758060388567777	4.392487525939941	3.933550893083087	1.9227561950683594	-0.357220464763775	-9.417543411254883	-18.573592936155965	-5.066700458526611	-0.574887328831067	0.0	0.0	0.0	0.0
14.603482961654663	1781097164.0	1781097164.0728202	5	25.0	29.0	12.0	8.0	NeuronSpectrum 10.06.2026 16:02:51	EEG	checkup_151_10.06.2026 16:02:51	500.0	499.6666666666667	True	0.5	40.0	4	True	50.0	30.0	-0.4852117896080017	-2.4247885601672436	7.95210599899292	12.570063216229695	4.679074764251709	5.993039173702159	0.8818191289901733	0.8084440897501289	1.8736038208007812	5.373733356777281	-0.42379501461982727	1.5324847577753844	-3.611849784851074	-15.983431870856815	-5.842456817626953	-0.1963931331410202	0.0	0.0	0.0	0.0
14.603484630584717	1781097164.0	1781097164.0728219	5	25.0	29.0	12.0	8.0	NeuronSpectrum 10.06.2026 16:02:51	EEG	checkup_151_10.06.2026 16:02:51	500.0	499.6666666666667	True	0.5	40.0	4	True	50.0	30.0	-0.4826216697692871	-2.3673559312055383	6.431423187255859	13.025633961791767	3.0473904609680176	6.962391654027223	1.7793068885803223	3.513119627852259	1.7369754314422607	6.111395586160915	-0.6837091445922852	2.7767795041752414	-8.605560302734375	-13.827473556754386	-4.949257850646973	0.5756017898779512	0.0	0.0	0.0	0.0
14.654386520385742	1781097164.0	1781097164.1237237	5	25.0	29.0	12.0	8.0	NeuronSpectrum 10.06.2026 16:02:51	EEG	checkup_151_10.06.2026 16:02:51	500.0	499.6666666666667	True	0.5	40.0	4	True	50.0	30.0	-1.2090446949005127	-2.2018731643062845	12.44637393951416	12.663734368030722	8.332170486450195	7.192927324800603	6.858755111694336	5.430616976773192	7.915687084197998	6.046067477285025	4.757950305938721	3.2696692863091394	-17.683996200561523	-12.305854590162484	-0.807201087474823	1.7165375423419873	0.0	0.0	0.0	0.0
14.654391050338745	1781097164.0	1781097164.1237283	5	25.0	29.0	12.0	8.0	NeuronSpectrum 10.06.2026 16:02:51	EEG	checkup_151_10.06.2026 16:02:51	500.0	499.6666666666667	True	0.5	40.0	4	True	50.0	30.0	-1.186950445175171	-1.938689304880596	10.878142356872559	11.578303149291619	7.624359130859375	6.756408907322646	7.678232669830322	6.536723015433286	6.697407245635986	5.219835036337844	4.005753993988037	3.052694785666176	-16.899599075317383	-11.399687048934004	0.6828720569610596	3.1215615990036354	0.0	0.0	0.0	0.0
14.654393196105957	1781097164.0	1781097164.1237304	5	25.0	29.0	12.0	8.0	NeuronSpectrum 10.06.2026 16:02:51	EEG	checkup_151_10.06.2026 16:02:51	500.0	499.6666666666667	True	0.5	40.0	4	True	50.0	30.0	-0.6760920286178589	-1.6071739309024298	8.068800926208496	9.978869046740172	6.167551040649414	5.840137814986494	8.074134826660156	6.9668384681204465	4.1829986572265625	3.7992858039521655	2.5163843631744385	2.2894884616224065	-16.1422061920166	-10.913204510598929	2.0811526775360107	4.619378984948429	0.0	0.0	0.0	0.0
14.65439510345459	1781097164.0	1781097164.1237323	5	25.0	29.0	12.0	8.0	NeuronSpectrum 10.06.2026 16:02:51	EEG	checkup_151_10.06.2026 16:02:51	500.0	499.6666666666667	True	0.5	40.0	4	True	50.0	30.0	0.22624380886554718	-1.252125299305727	4.810214996337891	8.142708980179885	4.249524116516113	4.696877953962724	8.017855644226074	6.9641811073564215	1.1211909055709839	2.0348849103542275	0.7331786751747131	1.219425400957284	-15.648416519165039	-10.549166331753257	3.4884490966796875	6.0011965937896905	0.0	0.0	0.0	0.0
14.654396533966064	1781097164.0	1781097164.1237338	5	25.0	29.0	12.0	8.0	NeuronSpectrum 10.06.2026 16:02:51	EEG	checkup_151_10.06.2026 16:02:51	500.0	499.6666666666667	True	0.5	40.0	4	True	50.0	30.0	1.1709648370742798	-0.9259270841042913	2.404741048812866	6.356587695113764	2.744412422180176	3.586386282445779	8.002853393554688	6.813625697871296	-1.186210036277771	0.20660866338664624	-0.41493409872055054	0.10144073071195225	-14.955829620361328	-9.994324358545109	4.8836541175842285	7.057813298910944	0.0	0.0	0.0	0.0
14.654397964477539	1781097164.0	1781097164.1237352	5	25.0	29.0	12.0	8.0	NeuronSpectrum 10.06.2026 16:02:51	EEG	checkup_151_10.06.2026 16:02:51	500.0	499.6666666666667	True	0.5	40.0	4	True	50.0	30.0	1.7277024984359741	-0.6777479172863201	1.7475132942199707	4.861812954763747	2.4487807750701904	2.7218787612975373	8.54167366027832	6.776332862703712	-1.8517603874206543	-1.4307323872162407	-0.2721707224845886	-0.8384899114499796	-13.06605052947998	-8.996130925877528	5.901671886444092	7.6174397948826735	0.0	0.0	0.0	0.0
14.654399871826172	1781097164.0	1781097164.123737	5	25.0	29.0	12.0	8.0	NeuronSpectrum 10.06.2026 16:02:51	EEG	checkup_151_10.06.2026 16:02:51	500.0	499.6666666666667	True	0.5	40.0	4	True	50.0	30.0	1.6450135707855225	-0.542713256636521	2.4665286540985107	3.815575211827184	3.2233378887176514	2.233171918767896	9.436875343322754	7.038243409631913	-1.3155694007873535	-2.6892455741282615	0.7292936444282532	-1.4445068893667312	-9.307449340820312	-7.4173643183186995	5.966580390930176	7.5774149734907414	0.0	0.0	0.0	0.0
14.654402256011963	1781097164.0	1781097164.1237395	5	25.0	29.0	12.0	8.0	NeuronSpectrum 10.06.2026 16:02:51	EEG	checkup_151_10.06.2026 16:02:51	500.0	499.6666666666667	True	0.5	40.0	4	True	50.0	30.0	1.0243369340896606	-0.5343418997879762	3.0087900161743164	3.2754270967268284	3.8627445697784424	2.152604330004163	9.745718955993652	7.680230462463546	-1.2321813106536865	-3.469416125271544	1.1292084455490112	-1.6471828077701591	-4.15806245803833	-5.260380925417483	4.725940704345703	6.9241593699292645	0.0	0.0	0.0	0.0
14.654403686523438	1781097164.0	1781097164.123741	5	25.0	29.0	12.0	8.0	NeuronSpectrum 10.06.2026 16:02:51	EEG	checkup_151_10.06.2026 16:02:51	500.0	499.6666666666667	True	0.5	40.0	4	True	50.0	30.0	0.2765498757362366	-0.642347746359055	1.86324143409729	3.205424978377919	3.064378023147583	2.4225802593486967	8.738812446594238	8.671546124245628	-3.1208596229553223	-3.762029345676559	-0.37604132294654846	-1.4610134406251327	0.6686487197875977	-2.6583942278600166	2.4284753799438477	5.737805535081565	0.0	0.0	0.0	0.0
14.65440559387207	1781097164.0	1781097164.1237428	5	25.0	29.0	12.0	8.0	NeuronSpectrum 10.06.2026 16:02:51	EEG	checkup_151_10.06.2026 16:02:51	500.0	499.6666666666667	True	0.5	40.0	4	True	50.0	30.0	-0.14143726229667664	-0.8358164395554794	-0.9104580283164978	3.4966562240769274	0.8423160910606384	2.9183948427895623	7.096126079559326	9.88392222777326	-6.695178031921387	-3.6366704594990704	-3.43076491355896	-0.9696290465805812	3.1820666790008545	0.16217332508459456	-0.11036719381809235	4.181096170650689	0.0	0.0	0.0	0.0
14.654407024383545	1781097164.0	1781097164.1237442	5	25.0	29.0	12.0	8.0	NeuronSpectrum 10.06.2026 16:02:51	EEG	checkup_151_10.06.2026 16:02:51	500.0	499.6666666666667	True	0.5	40.0	4	True	50.0	30.0	-0.024366823956370354	-1.0699527740787875	-3.2101449966430664	3.994434904181317	-0.9193654656410217	3.4791307861522607	7.031362533569336	11.122351318693775	-9.412505149841309	-3.222737863595334	-5.626247882843018	-0.30472972241026014	2.661440134048462	2.9383387345235397	-1.9472086429595947	2.475565041882472	0.0	0.0	0.0	0.0
14.65440845489502	1781097164.0	1781097164.1237457	5	25.0	29.0	12.0	8.0	NeuronSpectrum 10.06.2026 16:02:51	EEG	checkup_151_10.06.2026 16:02:51	500.0	499.6666666666667	True	0.5	40.0	4	True	50.0	30.0	0.4618338942527771	-1.2940167550122987	-2.2568047046661377	4.528088239744614	0.34007498621940613	3.9418024132542175	10.666725158691406	12.168582556102935	-8.095418930053711	-2.684893084756031	-4.0207343101501465	0.3790390121955038	0.7077765464782715	5.433338770105109	-2.5673999786376953	0.8702928830413821	0.0	0.0	0.0	0.0
14.654410123825073	1781097164.0	1781097164.1237473	5	25.0	29.0	12.0	8.0	NeuronSpectrum 10.06.2026 16:02:51	EEG	checkup_151_10.06.2026 16:02:51	500.0	499.6666666666667	True	0.5	40.0	4	True	50.0	30.0	0.9306558966636658	-1.458854945027083	2.9953789710998535	4.942477816981541	5.569547176361084	4.175879028018145	17.667564392089844	12.831738090060337	-1.7041829824447632	-2.192083480630496	2.2793426513671875	0.9334652150999232	1.0150456428527832	7.493042204729898	-2.1075544357299805	-0.39141187737210903	0.0	0.0	0.0	0.0
14.654411315917969	1781097164.0	1781097164.1237485	5	25.0	29.0	12.0	8.0	NeuronSpectrum 10.06.2026 16:02:51	EEG	checkup_151_10.06.2026 16:02:51	500.0	499.6666666666667	True	0.5	40.0	4	True	50.0	30.0	1.0716195106506348	-1.5238168360110471	10.24853801727295	5.1292315087730165	12.490639686584473	4.113741827575356	24.134502410888672	12.995948227818117	6.866390228271484	-1.8818578890721775	10.457037925720215	1.248086783763854	7.654131889343262	9.085161122910666	-1.1700656414031982	-1.103977730361713	0.0	0.0	0.0	0.0
14.654412984848022	1781097164.0	1781097164.1237502	5	25.0	29.0	12.0	8.0	NeuronSpectrum 10.06.2026 16:02:51	EEG	checkup_151_10.06.2026 16:02:51	500.0	499.6666666666667	True	0.5	40.0	4	True	50.0	30.0	0.856827974319458	-1.4636612210107283	14.631705284118652	5.0506745999132185	16.280052185058594	3.7685212498894294	24.229393005371094	12.650446734997189	11.789928436279297	-1.8284876539118553	14.947542190551758	1.275116715479887	22.50980567932129	10.311331049809091	-0.370263010263443	-1.1289118632855342	0.0	0.0	0.0	0.0
14.654414415359497	1781097164.0	1781097164.1237516	5	25.0	29.0	12.0	8.0	NeuronSpectrum 10.06.2026 16:02:51	EEG	checkup_151_10.06.2026 16:02:51	500.0	499.6666666666667	True	0.5	40.0	4	True	50.0	30.0	-0.6348711848258972	-1.2755240520015012	-1.2959418296813965	4.746325582628664	-0.8505086898803711	3.229613658792101	10.14233112335205	11.888994122286467	-6.954274654388428	-2.0275811801991983	-2.9883768558502197	1.0366493253490596	6.670456886291504	11.383826606825448	-7.059793472290039	-0.42037574896491914	0.0	0.0	0.0	0.0
14.65441608428955	1781097164.0	1781097164.1237533	5	25.0	29.0	12.0	8.0	NeuronSpectrum 10.06.2026 16:02:51	EEG	checkup_151_10.06.2026 16:02:51	500.0	499.6666666666667	True	0.5	40.0	4	True	50.0	30.0	-1.1492890119552612	-0.9843230121162859	-2.0538253784179688	4.316423598810998	-2.1096110343933105	2.6331078691333403	7.988254547119141	10.876083880559078	-6.953918933868408	-2.4048453073517444	-3.5710806846618652	0.608784122886073	6.348140716552734	12.566245843156544	-5.730878829956055	0.9569559596964922	0.0	0.0	0.0	0.0
14.654417514801025	1781097164.0	1781097164.1237547	5	25.0	29.0	12.0	8.0	NeuronSpectrum 10.06.2026 16:02:51	EEG	checkup_151_10.06.2026 16:02:51	500.0	499.6666666666667	True	0.5	40.0	4	True	50.0	30.0	-0.6252269148826599	-0.643341705563356	-2.174767017364502	3.8882214623124702	-2.3387277126312256	2.1172656100138716	6.333194732666016	9.792707464630105	-6.327442169189453	-2.8440692533249448	-3.4292914867401123	0.09012617369985132	7.934706211090088	14.092478753449567	-2.624864339828491	2.8252563844401175	0.0	0.0	0.0	0.0
14.6544189453125	1781097164.0	1781097164.1237562	5	25.0	29.0	12.0	8.0	NeuronSpectrum 10.06.2026 16:02:51	EEG	checkup_151_10.06.2026 16:02:51	500.0	499.6666666666667	True	0.5	40.0	4	True	50.0	30.0	0.7742147445678711	-0.3267827475242867	-1.3653991222381592	3.580029174928005	-1.2328248023986816	1.7824846132758143	5.868089199066162	8.78440404511841	-5.18184757232666	-3.2194723729965813	-2.4483699798583984	-0.42841894191893626	12.112516403198242	16.092504752541387	1.3352891206741333	4.913645434261822	0.0	0.0	0.0	0.0
14.654420614242554	1781097164.0	1781097164.1237578	5	25.0	29.0	12.0	8.0	NeuronSpectrum 10.06.2026 16:02:51	EEG	checkup_151_10.06.2026 16:02:51	500.0	499.6666666666667	True	0.5	40.0	4	True	50.0	30.0	2.3343617916107178	-0.11359145047509354	0.15568901598453522	3.4775790239017312	0.8925148248672485	1.672870887000016	6.742282390594482	7.932065162984595	-3.923403739929199	-3.418536197123937	-0.9868618845939636	-0.8777688846131182	18.3837833404541	18.554938183724794	5.038758754730225	6.902708996854228	0.0	0.0	0.0	0.0
14.654422044754028	1781097164.0	1781097164.1237593	5	25.0	29.0	12.0	8.0	NeuronSpectrum 10.06.2026 16:02:51	EEG	checkup_151_10.06.2026 16:02:51	500.0	499.6666666666667	True	0.5	40.0	4	True	50.0	30.0	3.2332024574279785	-0.06591580636445024	1.7928701639175415	3.628381841301779	3.2203729152679443	1.7844167662105836	8.478450775146484	7.253797355291398	-2.9646401405334473	-3.3510558610601273	0.335539847612381	-1.205429419390097	24.89539909362793	21.341166445451847	7.734962463378906	8.485890064424208	0.0	0.0	0.0	0.0
14.654423713684082	1781097164.0	1781097164.123761	5	25.0	29.0	12.0	8.0	NeuronSpectrum 10.06.2026 16:02:51	EEG	checkup_151_10.06.2026 16:02:51	500.0	499.6666666666667	True	0.5	40.0	4	True	50.0	30.0	3.0364527702331543	-0.20896762603771302	2.9896934032440186	4.04978500003905	4.884418964385986	2.091479649010145	10.233617782592773	6.731997251415556	-2.3827879428863525	-2.9495143265934187	1.0499545335769653	-1.3593850363601514	29.11309051513672	24.242722501831583	9.136784553527832	9.432727963981346	0.0	0.0	0.0	0.0
14.654424905776978	1781097164.0	1781097164.1237621	5	25.0	29.0	12.0	8.0	NeuronSpectrum 10.06.2026 16:02:51	EEG	checkup_151_10.06.2026 16:02:51	500.0	499.6666666666667	True	0.5	40.0	4	True	50.0	30.0	1.9134190082550049	-0.5197133830978061	3.6718478202819824	4.741422661042424	5.5332489013671875	2.5760943135210908	11.303433418273926	6.350376106452359	-1.7606902122497559	-2.1689177172064245	1.2084064483642578	-1.2746070717105311	29.426172256469727	27.054947717112626	9.20940113067627	9.636879514959457	0.0	0.0	0.0	0.0
14.654426574707031	1781097164.0	1781097164.1237638	5	25.0	29.0	12.0	8.0	NeuronSpectrum 10.06.2026 16:02:51	EEG	checkup_151_10.06.2026 16:02:51	500.0	499.6666666666667	True	0.5	40.0	4	True	50.0	30.0	0.46907952427864075	-0.9291542510792437	4.320528984069824	5.693806447091912	5.565582275390625	3.2456735564892845	11.483490943908691	6.1236144251558615	-0.4446755349636078	-0.9910804676636567	1.3588083982467651	-0.8728430493696262	26.7686767578125	29.63504715587863	7.9782514572143555	9.135714987669385	0.0	0.0	0.0	0.0
14.654428958892822	1781097164.0	1781097164.1237662	5	25.0	29.0	12.0	8.0	NeuronSpectrum 10.06.2026 16:02:51	EEG	checkup_151_10.06.2026 16:02:51	500.0	499.6666666666667	True	0.5	40.0	4	True	50.0	30.0	-0.644807755947113	-1.3381431726476667	5.5235795974731445	6.889559231379219	5.761656761169434	4.131653494184872	10.991302490234375	6.106906517376779	1.8598861694335938	0.5671800621214278	2.0539028644561768	-0.07878417954600656	24.725717544555664	31.922766274181136	5.628009796142578	8.096203988061003	0.0	0.0	0.0	0.0
14.654430866241455	1781097164.0	1781097164.123768	5	25.0	29.0	12.0	8.0	NeuronSpectrum 10.06.2026 16:02:51	EEG	checkup_151_10.06.2026 16:02:51	500.0	499.6666666666667	True	0.5	40.0	4	True	50.0	30.0	-1.0748153924942017	-1.6419532701828008	7.35574197769165	8.29874011243619	6.565515995025635	5.270450879593888	10.079854965209961	6.381160719315617	4.641653537750244	2.4463880473716046	3.2900280952453613	1.1522105866689125	27.292505264282227	33.92082959439974	2.7192087173461914	6.771063839290751	0.0	0.0	0.0	0.0
14.65443229675293	1781097164.0	1781097164.1237695	5	25.0	29.0	12.0	8.0	NeuronSpectrum 10.06.2026 16:02:51	EEG	checkup_151_10.06.2026 16:02:51	500.0	499.6666666666667	True	0.5	40.0	4	True	50.0	30.0	-0.8765086531639099	-1.7561495816380852	9.08885383605957	9.872242387285883	7.576208114624023	6.674796858594751	8.732871055603027	7.018700842066435	6.707385540008545	4.542076857720051	4.35537052154541	2.804540615875735	35.17793273925781	35.64948679095014	0.1528254896402359	5.43703326441618	0.0	0.0	0.0	0.0
14.6544349193573	1781097164.0	1781097164.1237721	5	25.0	29.0	12.0	8.0	NeuronSpectrum 10.06.2026 16:02:51	EEG	checkup_151_10.06.2026 16:02:51	500.0	499.6666666666667	True	0.5	40.0	4	True	50.0	30.0	-0.3853711783885956	-1.636510628196427	9.692316055297852	11.536938329509393	7.867870330810547	8.3061719674168	6.932070255279541	8.041237503891047	7.082053184509277	6.710115907234266	4.464473724365234	4.781435289609577	43.49873352050781	37.09676301018796	-1.2230185270309448	4.331498484422027	0.0	0.0	0.0	0.0
14.654436588287354	1781097164.0	1781097164.1237738	5	25.0	29.0	12.0	8.0	NeuronSpectrum 10.06.2026 16:02:51	EEG	checkup_151_10.06.2026 16:02:51	500.0	499.6666666666667	True	0.5	40.0	4	True	50.0	30.0	0.02451695315539837	-1.288203505036065	8.882722854614258	13.194655996111578	7.042888164520264	10.058165337920299	5.363909721374512	9.385141778211898	6.142318248748779	8.779250388804599	3.8056352138519287	6.900904078753591	43.38835525512695	38.18264824761	-1.1064060926437378	3.6033443749216736	0.0	0.0	0.0	0.0
14.654438018798828	1781097164.0	1781097164.1237752	5	25.0	29.0	12.0	8.0	NeuronSpectrum 10.06.2026 16:02:51	EEG	checkup_151_10.06.2026 16:02:51	500.0	499.6666666666667	True	0.5	40.0	4	True	50.0	30.0	0.12990321218967438	-0.7627845075783953	7.870392322540283	14.726121147315126	6.151549816131592	11.757714375050856	5.8008575439453125	10.888074569284472	6.003887176513672	10.569226095532073	4.084914684295654	8.913076395098663	27.577125549316406	38.7478666206721	0.061826325953006744	3.2890222147032913	0.0	0.0	0.0	0.0
14.705302953720093	1781097164.0	1781097164.1746402	5	25.0	29.0	12.0	8.0	NeuronSpectrum 10.06.2026 16:02:51	EEG	checkup_151_10.06.2026 16:02:51	500.0	499.6666666666667	True	0.5	40.0	4	True	50.0	30.0	1.9658479690551758	-0.14468067501733212	11.929983139038086	16.001111805689135	13.279228210449219	13.187237531016914	13.496074676513672	12.305626504031816	10.681011199951172	11.913137778580186	10.830059051513672	10.538885944972089	35.90951919555664	38.57225303233902	1.4700692892074585	3.3171434492441585	0.0	0.0	0.0	0.0
14.705307960510254	1781097164.0	1781097164.1746452	5	25.0	29.0	12.0	8.0	NeuronSpectrum 10.06.2026 16:02:51	EEG	checkup_151_10.06.2026 16:02:51	500.0	499.6666666666667	True	0.5	40.0	4	True	50.0	30.0	2.8745291233062744	0.46893254533340567	13.595651626586914	16.89592704864038	15.538284301757812	14.125465264642399	16.594379425048828	13.35747418553657	12.163517951965332	12.682657564883197	13.442609786987305	11.524493169053946	37.595359802246094	37.42329750344821	1.5474218130111694	3.5371774971782712	0.0	0.0	0.0	0.0
14.705310106277466	1781097164.0	1781097164.1746473	5	25.0	29.0	12.0	8.0	NeuronSpectrum 10.06.2026 16:02:51	EEG	checkup_151_10.06.2026 16:02:51	500.0	499.6666666666667	True	0.5	40.0	4	True	50.0	30.0	3.4439947605133057	0.9896399875575271	15.59416675567627	17.317521729362138	17.076671600341797	14.398771020759675	18.53573989868164	13.792373954130513	13.752525329589844	12.813523606609435	15.244307518005371	11.70009650003398	36.956329345703125	35.127057108464165	1.533676266670227	3.7626331370439146	0.0	0.0	0.0	0.0
14.705312013626099	1781097164.0	1781097164.1746492	5	25.0	29.0	12.0	8.0	NeuronSpectrum 10.06.2026 16:02:51	EEG	checkup_151_10.06.2026 16:02:51	500.0	499.6666666666667	True	0.5	40.0	4	True	50.0	30.0	3.639075994491577	1.3553351866606902	17.252180099487305	17.230639196752843	17.393768310546875	13.930360435470204	18.764080047607422	13.454489622157494	14.830387115478516	12.326909912134802	15.49578857421875	11.028427572865358	33.09062576293945	31.64194217739051	1.7487330436706543	3.8175603906852418	0.0	0.0	0.0	0.0
14.705313682556152	1781097164.0	1781097164.174651	5	25.0	29.0	12.0	8.0	NeuronSpectrum 10.06.2026 16:02:51	EEG	checkup_151_10.06.2026 16:02:51	500.0	499.6666666666667	True	0.5	40.0	4	True	50.0	30.0	3.535820722579956	1.5397217409472788	17.940555572509766	16.681541812557718	16.443153381347656	12.774258752154655	17.51317024230957	12.333145265931615	14.960205078125	11.341468652534832	14.109524726867676	9.62953631742015	26.67287826538086	27.10921784999769	2.002089262008667	3.5765907903506804	0.0	0.0	0.0	0.0
14.705315351486206	1781097164.0	1781097164.1746526	5	25.0	29.0	12.0	8.0	NeuronSpectrum 10.06.2026 16:02:51	EEG	checkup_151_10.06.2026 16:02:51	500.0	499.6666666666667	True	0.5	40.0	4	True	50.0	30.0	3.2326788902282715	1.5520660143436975	17.35584831237793	15.810718905029054	14.564167022705078	11.124653099595006	15.42648696899414	10.583324557179537	14.034146308898926	10.071320878130088	11.626998901367188	7.774082618841726	19.81093978881836	21.85935013735528	1.6724807024002075	2.991412319510144	0.0	0.0	0.0	0.0
14.705317258834839	1781097164.0	1781097164.1746545	5	25.0	29.0	12.0	8.0	NeuronSpectrum 10.06.2026 16:02:51	EEG	checkup_151_10.06.2026 16:02:51	500.0	499.6666666666667	True	0.5	40.0	4	True	50.0	30.0	2.7944462299346924	1.4282252303473628	15.478819847106934	14.84773056968281	12.05178451538086	9.296674562658238	12.812963485717773	8.511695581472328	12.047069549560547	8.806711706897724	8.636775970458984	5.84471762430283	14.664591789245605	16.368539273078643	0.2897827625274658	2.099481702539003	0.0	0.0	0.0	0.0
14.705318689346313	1781097164.0	1781097164.174656	5	25.0	29.0	12.0	8.0	NeuronSpectrum 10.06.2026 16:02:51	EEG	checkup_151_10.06.2026 16:02:51	500.0	499.6666666666667	True	0.5	40.0	4	True	50.0	30.0	2.2826461791992188	1.2162048984831546	12.537113189697266	14.084376161865558	8.947120666503906	7.680239527366046	9.41445255279541	6.529804893001085	9.020540237426758	7.8764767937239455	5.359750270843506	4.271830691072349	11.83356761932373	11.176515277376746	-1.9572553634643555	1.0138953017166004	0.0	0.0	0.0	0.0
14.705320596694946	1781097164.0	1781097164.1746578	5	25.0	29.0	12.0	8.0	NeuronSpectrum 10.06.2026 16:02:51	EEG	checkup_151_10.06.2026 16:02:51	500.0	499.6666666666667	True	0.5	40.0	4	True	50.0	30.0	1.8078776597976685	0.9607125615350736	9.250008583068848	13.827615013048021	5.452235698699951	6.673577313172022	5.143644332885742	5.081704757897741	5.437533378601074	7.595334145114515	1.983640432357788	3.4549339072057026	9.821824073791504	6.78717407283078	-4.250038146972656	-0.10306717926740488	0.0	0.0	0.0	0.0
14.705322027206421	1781097164.0	1781097164.1746593	5	25.0	29.0	12.0	8.0	NeuronSpectrum 10.06.2026 16:02:51	EEG	checkup_151_10.06.2026 16:02:51	500.0	499.6666666666667	True	0.5	40.0	4	True	50.0	30.0	1.5195976495742798	0.6911879736971316	7.10092830657959	14.340155528218354	2.622286796569824	6.607676847136556	1.1664928197860718	4.5582908506853554	2.8049139976501465	8.204175164083196	-0.5410026907920837	3.684253118567644	6.243434429168701	3.5752890004274267	-5.698893070220947	-1.0765822173225024	0.0	0.0	0.0	0.0
14.705323934555054	1781097164.0	1781097164.1746612	5	25.0	29.0	12.0	8.0	NeuronSpectrum 10.06.2026 16:02:51	EEG	checkup_151_10.06.2026 16:02:51	500.0	499.6666666666667	True	0.5	40.0	4	True	50.0	30.0	1.509482979774475	0.41665634830970166	8.022603034973145	15.782229325868174	2.4348459243774414	7.676625613797587	0.0389869324862957	5.215065581040569	3.43639874458313	9.816418921394211	-0.28854426741600037	5.0785968651139	0.117420494556427	1.7180110144332652	-5.93915319442749	-1.7575235826177686	0.0	0.0	0.0	0.0
14.705325603485107	1781097164.0	1781097164.1746628	5	25.0	29.0	12.0	8.0	NeuronSpectrum 10.06.2026 16:02:51	EEG	checkup_151_10.06.2026 16:02:51	500.0	499.6666666666667	True	0.5	40.0	4	True	50.0	30.0	1.7099394798278809	0.12871715878182707	13.097437858581543	18.170065401696426	6.545815467834473	9.890059854582933	4.04257345199585	7.112154484461178	8.89465045928955	12.385333012015627	4.421840190887451	7.554308716536582	-6.544355392456055	1.1638309051573899	-5.254307270050049	-2.0536543037030466	0.0	0.0	0.0	0.0
14.705327272415161	1781097164.0	1781097164.1746645	5	25.0	29.0	12.0	8.0	NeuronSpectrum 10.06.2026 16:02:51	EEG	checkup_151_10.06.2026 16:02:51	500.0	499.6666666666667	True	0.5	40.0	4	True	50.0	30.0	1.9080760478973389	-0.18849611367674568	21.023025512695312	21.363169620067477	14.403536796569824	13.060712734297988	12.680133819580078	10.09250141530674	17.98630142211914	15.703590413793115	13.008748054504395	10.834709176222017	-9.140693664550781	1.6464754330302291	-4.216554641723633	-1.9475793239153643	0.0	0.0	0.0	0.0
14.705328702926636	1781097164.0	1781097164.174666	5	25.0	29.0	12.0	8.0	NeuronSpectrum 10.06.2026 16:02:51	EEG	checkup_151_10.06.2026 16:02:51	500.0	499.6666666666667	True	0.5	40.0	4	True	50.0	30.0	1.8898332118988037	-0.544816219668513	27.725086212158203	25.084463980369364	22.326162338256836	16.8319629158895	21.47581672668457	13.805278301762433	26.0758056640625	19.437442799200294	21.558673858642578	14.49994421410004	-2.9403843879699707	2.745121166613913	-3.212101697921753	-1.499168996019043	0.0	0.0	0.0	0.0
14.705330610275269	1781097164.0	1781097164.1746678	5	25.0	29.0	12.0	8.0	NeuronSpectrum 10.06.2026 16:02:51	EEG	checkup_151_10.06.2026 16:02:51	500.0	499.6666666666667	True	0.5	40.0	4	True	50.0	30.0	1.5960650444030762	-0.9317894098609156	28.045419692993164	28.968289090887684	24.84317970275879	20.73999817960063	23.7340087890625	17.769521853235094	26.981399536132812	23.18759560977922	24.205808639526367	18.06650994193414	13.682942390441895	3.982313104182013	-2.269243001937866	-0.8338111680747686	0.0	0.0	0.0	0.0
14.756266355514526	1781097164.0	1781097164.2256036	5	25.0	29.0	12.0	8.0	NeuronSpectrum 10.06.2026 16:02:51	EEG	checkup_151_10.06.2026 16:02:51	500.0	499.6666666666667	True	0.5	40.0	4	True	50.0	30.0	1.616253137588501	-1.3164102584127915	29.606046676635742	32.625458330485515	24.079448699951172	24.297205689294895	22.34251594543457	21.4632922663224	25.816987991333008	26.56244285829298	21.35101890563965	21.078636034954354	5.088436603546143	4.938182690924187	-4.006133556365967	-0.11993578461634025	0.0	0.0	0.0	0.0
14.756272792816162	1781097164.0	1781097164.22561	5	25.0	29.0	12.0	8.0	NeuronSpectrum 10.06.2026 16:02:51	EEG	checkup_151_10.06.2026 16:02:51	500.0	499.6666666666667	True	0.5	40.0	4	True	50.0	30.0	0.47709783911705017	-1.6440301838111742	34.598873138427734	35.71323926400625	29.216941833496094	27.080413865528808	28.390480041503906	24.41979090350609	30.501951217651367	29.249013805177682	26.129920959472656	23.192910187328437	9.086588859558105	5.351082035239222	-3.55993390083313	0.4604214334534283	0.0	0.0	0.0	0.0
14.756275177001953	1781097164.0	1781097164.2256124	5	25.0	29.0	12.0	8.0	NeuronSpectrum 10.06.2026 16:02:51	EEG	checkup_151_10.06.2026 16:02:51	500.0	499.6666666666667	True	0.5	40.0	4	True	50.0	30.0	-0.5672326683998108	-1.8508562766872887	38.504329681396484	37.99872704280613	32.612422943115234	28.808293008226222	32.16582489013672	26.31251734988836	33.91957473754883	31.069965473963276	28.788883209228516	24.24108856626464	10.419005393981934	5.1775463890586595	-2.5494115352630615	0.7446444607789304	0.0	0.0	0.0	0.0
14.756276607513428	1781097164.0	1781097164.2256138	5	25.0	29.0	12.0	8.0	NeuronSpectrum 10.06.2026 16:02:51	EEG	checkup_151_10.06.2026 16:02:51	500.0	499.6666666666667	True	0.5	40.0	4	True	50.0	30.0	-1.2474784851074219	-1.8831414473230326	40.330177307128906	39.403788910604526	33.280513763427734	29.393559988833665	32.44118881225586	27.013220463452473	35.155799865722656	32.016972048224126	28.38432502746582	24.259946327400442	8.717342376708984	4.59756556290836	-1.4271575212478638	0.6223567691350543	0.0	0.0	0.0	0.0
14.756278276443481	1781097164.0	1781097164.2256155	5	25.0	29.0	12.0	8.0	NeuronSpectrum 10.06.2026 16:02:51	EEG	checkup_151_10.06.2026 16:02:51	500.0	499.6666666666667	True	0.5	40.0	4	True	50.0	30.0	-1.4508554935455322	-1.7173428123825287	39.57764434814453	40.01967842647384	31.055871963500977	28.95750161047928	29.299882888793945	26.608929333910076	33.84157180786133	32.25173224560976	25.076995849609375	23.48046888969351	5.183383464813232	3.9668840536560603	-0.8664989471435547	0.06248137640862636	0.0	0.0	0.0	0.0
14.756280183792114	1781097164.0	1781097164.2256174	5	25.0	29.0	12.0	8.0	NeuronSpectrum 10.06.2026 16:02:51	EEG	checkup_151_10.06.2026 16:02:51	500.0	499.6666666666667	True	0.5	40.0	4	True	50.0	30.0	-1.13103449344635	-1.3743330719393347	36.74692153930664	40.0834402734755	26.886411666870117	27.799827842632627	24.32683563232422	25.37112514602157	30.63928985595703	32.069522054663366	20.316301345825195	22.27477527689077	1.6700745820999146	3.7303070002744754	-1.405126929283142	-0.8727471978999667	0.0	0.0	0.0	0.0
14.756282091140747	1781097164.0	1781097164.2256193	5	25.0	29.0	12.0	8.0	NeuronSpectrum 10.06.2026 16:02:51	EEG	checkup_151_10.06.2026 16:02:51	500.0	499.6666666666667	True	0.5	40.0	4	True	50.0	30.0	-0.2687501609325409	-0.9218669428150121	33.447689056396484	39.9182178065159	22.62769889831543	26.32773270275617	19.98073387145996	23.682604873884557	27.322874069213867	31.829497827905424	16.38893699645996	21.06979406590999	-0.4614286422729492	4.317205139994612	-3.1714718341827393	-2.033546330619238	0.0	0.0	0.0	0.0
14.756283521652222	1781097164.0	1781097164.2256207	5	25.0	29.0	12.0	8.0	NeuronSpectrum 10.06.2026 16:02:51	EEG	checkup_151_10.06.2026 16:02:51	500.0	499.6666666666667	True	0.5	40.0	4	True	50.0	30.0	1.0357317924499512	-0.46275707651219167	31.9143009185791	39.852463545447826	20.361757278442383	24.961220343503964	18.4200439453125	21.941665170010378	26.220109939575195	31.868229709635198	15.471907615661621	20.248596195983637	-0.6141522526741028	6.042737285069167	-5.782362461090088	-3.210727480809787	0.0	0.0	0.0	0.0
14.756285190582275	1781097164.0	1781097164.2256224	5	25.0	29.0	12.0	8.0	NeuronSpectrum 10.06.2026 16:02:51	EEG	checkup_151_10.06.2026 16:02:51	500.0	499.6666666666667	True	0.5	40.0	4	True	50.0	30.0	2.4411585330963135	-0.1106605392017117	33.916717529296875	40.142354286480135	21.414844512939453	24.04086765227204	20.324350357055664	20.471596861577545	29.01923179626465	32.421624470801284	18.510406494140625	20.06679896309459	1.744025707244873	9.035811077661617	-8.44485092163086	-4.181951904557477	0.0	0.0	0.0	0.0
14.756286859512329	1781097164.0	1781097164.225624	5	25.0	29.0	12.0	8.0	NeuronSpectrum 10.06.2026 16:02:51	EEG	checkup_151_10.06.2026 16:02:51	500.0	499.6666666666667	True	0.5	40.0	4	True	50.0	30.0	3.402111053466797	0.040359374095796666	39.51844787597656	40.92156446135643	25.501306533813477	23.76381843689128	24.372833251953125	19.460967639673722	35.479698181152344	33.57939740978803	24.46649742126465	20.607591829223654	7.663690567016602	13.208041207036565	-10.228923797607422	-4.7648152041215255	0.0	0.0	0.0	0.0
14.756288290023804	1781097164.0	1781097164.2256255	5	25.0	29.0	12.0	8.0	NeuronSpectrum 10.06.2026 16:02:51	EEG	checkup_151_10.06.2026 16:02:51	500.0	499.6666666666667	True	0.5	40.0	4	True	50.0	30.0	3.4317142963409424	-0.05629324817616323	46.47202682495117	42.191536978649424	30.521484375	24.16303778187213	27.785383224487305	18.94735399807404	42.95117950439453	35.284224208824455	30.484378814697266	21.785034642115615	17.943655014038086	18.26814419142633	-10.431710243225098	-4.861473136941234	0.0	0.0	0.0	0.0
14.756289958953857	1781097164.0	1781097164.2256272	5	25.0	29.0	12.0	8.0	NeuronSpectrum 10.06.2026 16:02:51	EEG	checkup_151_10.06.2026 16:02:51	500.0	499.6666666666667	True	0.5	40.0	4	True	50.0	30.0	2.4290316104888916	-0.38311616732957376	50.905784606933594	43.84819354174993	33.35337829589844	25.128336763932992	27.78260040283203	18.84030315259015	47.34128189086914	37.36968334129273	33.128299713134766	23.387442001114024	31.02511978149414	23.77496132248629	-8.880486488342285	-4.480803435537435	0.0	0.0	0.0	0.0
14.756291389465332	1781097164.0	1781097164.2256286	5	25.0	29.0	12.0	8.0	NeuronSpectrum 10.06.2026 16:02:51	EEG	checkup_151_10.06.2026 16:02:51	500.0	499.6666666666667	True	0.5	40.0	4	True	50.0	30.0	0.7957626581192017	-0.8587224959583992	49.315425872802734	45.72667033776426	31.513769149780273	26.45352678694773	23.328292846679688	18.96685791061128	45.38822555541992	39.61646469962465	30.305744171142578	25.13978050181084	41.49321746826172	29.212304415224178	-6.030235290527344	-3.730877249119874	0.0	0.0	0.0	0.0
14.756294012069702	1781097164.0	1781097164.2256312	5	25.0	29.0	12.0	8.0	NeuronSpectrum 10.06.2026 16:02:51	EEG	checkup_151_10.06.2026 16:02:51	500.0	499.6666666666667	True	0.5	40.0	4	True	50.0	30.0	-0.7775044441223145	-1.3553890737210719	40.88008117675781	47.642528748106635	24.886951446533203	27.889434445283065	16.175703048706055	19.120757321477434	37.00034713745117	41.80345762776333	22.852903366088867	26.76266230532249	41.424522399902344	34.06433417894303	-2.758422613143921	-2.784600157272747	0.0	0.0	0.0	0.0
14.756295680999756	1781097164.0	1781097164.225633	5	25.0	29.0	12.0	8.0	NeuronSpectrum 10.06.2026 16:02:51	EEG	checkup_151_10.06.2026 16:02:51	500.0	499.6666666666667	True	0.5	40.0	4	True	50.0	30.0	-1.7266937494277954	-1.7291514698309915	28.53058433532715	49.417708544576236	16.3353328704834	29.188853827249968	10.368882179260254	19.10380524252919	25.96839141845703	43.740588787787864	14.621755599975586	28.015443410300353	25.000930786132812	37.8750293827288	0.03181701898574829	-1.8308565072631133	0.0	0.0	0.0	0.0
14.75629734992981	1781097164.0	1781097164.2256346	5	25.0	29.0	12.0	8.0	NeuronSpectrum 10.06.2026 16:02:51	EEG	checkup_151_10.06.2026 16:02:51	500.0	499.6666666666667	True	0.5	40.0	4	True	50.0	30.0	-0.8052539825439453	-1.8542222911477413	51.62692642211914	50.89442438201397	32.45096969604492	30.14070820412619	20.895963668823242	18.757961300998645	48.67943572998047	45.28546246443861	31.360013961791992	28.724133780599093	38.47813034057617	40.287913049322505	-2.2649407386779785	-1.0282064620407678	0.0	0.0	0.0	0.0
14.756298780441284	1781097164.0	1781097164.225636	5	25.0	29.0	12.0	8.0	NeuronSpectrum 10.06.2026 16:02:51	EEG	checkup_151_10.06.2026 16:02:51	500.0	499.6666666666667	True	0.5	40.0	4	True	50.0	30.0	-0.053727395832538605	-1.6530665419246873	53.933326721191406	51.94765849420227	34.51026916503906	30.59710363756705	22.466209411621094	17.9912761808463	50.673946380615234	46.353548061208045	33.3299560546875	28.800921451675134	41.294097900390625	41.07336879385278	-3.636122226715088	-0.47573816533842195	0.0	0.0	0.0	0.0
14.756300449371338	1781097164.0	1781097164.2256377	5	25.0	29.0	12.0	8.0	NeuronSpectrum 10.06.2026 16:02:51	EEG	checkup_151_10.06.2026 16:02:51	500.0	499.6666666666667	True	0.5	40.0	4	True	50.0	30.0	0.5052206516265869	-1.1156573030516856	54.90302276611328	52.50122079826667	35.264896392822266	30.494237808875585	22.82560157775879	16.797504744276672	51.556739807128906	46.92675457400849	33.854225158691406	28.257608810100734	41.16554641723633	40.15108624634729	-4.906163692474365	-0.20710060812898168	0.0	0.0	0.0	0.0
14.756302118301392	1781097164.0	1781097164.2256393	5	25.0	29.0	12.0	8.0	NeuronSpectrum 10.06.2026 16:02:51	EEG	checkup_151_10.06.2026 16:02:51	500.0	499.6666666666667	True	0.5	40.0	4	True	50.0	30.0	0.8131829500198364	-0.3046878212542983	54.00587463378906	52.5413231624543	34.05900955200195	29.86180849290583	21.158174514770508	15.263670688051224	50.93993377685547	47.05559960059883	32.31039047241211	27.207299660287834	37.5745964050293	37.605610529963265	-5.140972137451172	-0.20349543746407428	0.0	0.0	0.0	0.0
14.756303787231445	1781097164.0	1781097164.225641	5	25.0	29.0	12.0	8.0	NeuronSpectrum 10.06.2026 16:02:51	EEG	checkup_151_10.06.2026 16:02:51	500.0	499.6666666666667	True	0.5	40.0	4	True	50.0	30.0	1.2842739820480347	0.6537210800494059	51.747318267822266	52.11757486843065	31.431772232055664	28.814418445358566	18.08479881286621	13.559267553829638	49.300716400146484	46.8474111912872	29.363845825195312	25.847068703958733	31.751176834106445	33.68488380682609	-4.169353485107422	-0.41481473134814467	0.0	0.0	0.0	0.0
14.756305456161499	1781097164.0	1781097164.2256427	5	25.0	29.0	12.0	8.0	NeuronSpectrum 10.06.2026 16:02:51	EEG	checkup_151_10.06.2026 16:02:51	500.0	499.6666666666667	True	0.5	40.0	4	True	50.0	30.0	2.3888444900512695	1.5924009161491064	49.148616790771484	51.327484825937844	28.57948112487793	27.524576259004288	14.974573135375977	11.906508471154005	47.450950622558594	46.43948314119457	26.310684204101562	24.421085747477267	25.996789932250977	28.773616122069672	-2.666527271270752	-0.7779883244573261	0.0	0.0	0.0	0.0
14.756308317184448	1781097164.0	1781097164.2256455	5	25.0	29.0	12.0	8.0	NeuronSpectrum 10.06.2026 16:02:51	EEG	checkup_151_10.06.2026 16:02:51	500.0	499.6666666666667	True	0.5	40.0	4	True	50.0	30.0	4.135335445404053	2.3354725621181864	46.878963470458984	50.2901848699103	26.31102752685547	26.184937572991924	12.683175086975098	10.53847016706599	45.77187728881836	45.96495550690224	23.963481903076172	23.172738783242185	22.11178207397461	23.343249990371195	-1.7095274925231934	-1.2268657628658095	0.0	0.0	0.0	0.0
14.756309986114502	1781097164.0	1781097164.2256472	5	25.0	29.0	12.0	8.0	NeuronSpectrum 10.06.2026 16:02:51	EEG	checkup_151_10.06.2026 16:02:51	500.0	499.6666666666667	True	0.5	40.0	4	True	50.0	30.0	5.894101619720459	2.73525226726617	44.95619583129883	49.1206674487735	24.559965133666992	24.971580441805674	11.008588790893555	9.65609783727533	44.11388397216797	45.52354978993041	22.22410011291504	22.29923863663187	20.116302490234375	17.88993991149623	-2.0838327407836914	-1.6948578707197768	0.0	0.0	0.0	0.0
14.756311655044556	1781097164.0	1781097164.2256489	5	25.0	29.0	12.0	8.0	NeuronSpectrum 10.06.2026 16:02:51	EEG	checkup_151_10.06.2026 16:02:51	500.0	499.6666666666667	True	0.5	40.0	4	True	50.0	30.0	6.722221374511719	2.705890438044282	43.27458190917969	47.91488595059842	22.913558959960938	24.018578950633334	9.407692909240723	9.394265720638748	42.498390197753906	45.167461873891256	20.742816925048828	21.92093221586874	18.1894474029541	12.874986255587851	-3.768308401107788	-2.116055358378626	0.0	0.0	0.0	0.0
14.75631332397461	1781097164.0	1781097164.2256505	5	25.0	29.0	12.0	8.0	NeuronSpectrum 10.06.2026 16:02:51	EEG	checkup_151_10.06.2026 16:02:51	500.0	499.6666666666667	True	0.5	40.0	4	True	50.0	30.0	5.969551086425781	2.2447539611247778	42.314598083496094	46.75029696553648	21.60984992980957	23.408773352155997	8.254579544067383	9.803091245614496	41.82797622680664	44.906737355746536	19.961654663085938	22.071910232416872	14.057039260864258	8.677948961217824	-5.934964656829834	-2.4303981712022975	0.0	0.0	0.0	0.0
14.756314992904663	1781097164.0	1781097164.2256522	5	25.0	29.0	12.0	8.0	NeuronSpectrum 10.06.2026 16:02:51	EEG	checkup_151_10.06.2026 16:02:51	500.0	499.6666666666667	True	0.5	40.0	4	True	50.0	30.0	3.7375423908233643	1.4343330471259557	43.04243087768555	45.69904226899785	21.834495544433594	23.179515111202267	9.179276466369629	10.84613519768574	43.52159881591797	44.73120094985614	21.258771896362305	22.711581898546903	7.02122688293457	5.565538183021315	-7.42360258102417	-2.594312648172442	0.0	0.0	0.0	0.0
14.756316423416138	1781097164.0	1781097164.2256536	5	25.0	29.0	12.0	8.0	NeuronSpectrum 10.06.2026 16:02:51	EEG	checkup_151_10.06.2026 16:02:51	500.0	499.6666666666667	True	0.5	40.0	4	True	50.0	30.0	0.8720723986625671	0.4225746184620781	45.69316482543945	44.844868592962285	24.64188003540039	23.337527786510044	13.658236503601074	12.413464420760524	47.89070510864258	44.639667468903276	25.610565185546875	23.750996675330395	-0.8153162002563477	3.674714927246743	-7.404374122619629	-2.593002231658282	0.0	0.0	0.0	0.0
14.756318092346191	1781097164.0	1781097164.2256553	5	25.0	29.0	12.0	8.0	NeuronSpectrum 10.06.2026 16:02:51	EEG	checkup_151_10.06.2026 16:02:51	500.0	499.6666666666667	True	0.5	40.0	4	True	50.0	30.0	-1.4999040365219116	-0.6134735945754786	48.43357849121094	44.292054878984224	29.2520809173584	23.874585216207727	20.811155319213867	14.344659932914423	52.53593444824219	44.66327056131925	31.751522064208984	25.08375330575336	-5.028007507324219	3.0084304659854246	-5.802694320678711	-2.447696554266843	0.0	0.0	0.0	0.0
14.756319522857666	1781097164.0	1781097164.2256567	5	25.0	29.0	12.0	8.0	NeuronSpectrum 10.06.2026 16:02:51	EEG	checkup_151_10.06.2026 16:02:51	500.0	499.6666666666667	True	0.5	40.0	4	True	50.0	30.0	-2.574998617172241	-1.5098815031409862	47.371002197265625	44.15647324734219	32.336238861083984	24.77561305022387	26.454843521118164	16.454522579077512	52.48957443237305	44.87008902259301	35.60847854614258	26.61000321809745	-1.030214548110962	3.444607231628224	-3.2811079025268555	-2.2124995067873297	0.0	0.0	0.0	0.0
14.75632119178772	1781097164.0	1781097164.2256584	5	25.0	29.0	12.0	8.0	NeuronSpectrum 10.06.2026 16:02:51	EEG	checkup_151_10.06.2026 16:02:51	500.0	499.6666666666667	True	0.5	40.0	4	True	50.0	30.0	-2.242889642715454	-2.151005680949747	38.509891510009766	44.53614596343784	29.388689041137695	26.01378068613637	24.84502410888672	18.553871617203797	42.734134674072266	45.34463905915174	32.083091735839844	28.244688975063827	13.04043197631836	4.758973935927836	-0.807671070098877	-1.9602396346208502	0.0	0.0	0.0	0.0
14.80721116065979	1781097164.0	1781097164.2765484	5	25.0	29.0	12.0	8.0	NeuronSpectrum 10.06.2026 16:02:51	EEG	checkup_151_10.06.2026 16:02:51	500.0	499.6666666666667	True	0.5	40.0	4	True	50.0	30.0	-0.5656856298446655	-2.487629560017852	41.085723876953125	45.4695685118954	24.780481338500977	27.533747818362514	18.34646987915039	20.461566426863914	44.39508819580078	46.147554295724305	27.931474685668945	29.90862638789928	1.2666281461715698	6.659125108408108	-4.094899654388428	-1.7619458626847968	0.0	0.0	0.0	0.0
14.807215929031372	1781097164.0	1781097164.2765532	5	25.0	29.0	12.0	8.0	NeuronSpectrum 10.06.2026 16:02:51	EEG	checkup_151_10.06.2026 16:02:51	500.0	499.6666666666667	True	0.5	40.0	4	True	50.0	30.0	0.7777690887451172	-2.534832886534919	42.418678283691406	46.899198988454785	26.565160751342773	29.23249539028527	21.097837448120117	22.01102999523252	45.18960952758789	47.2723687306815	29.754615783691406	31.510899074410943	7.074603080749512	8.824495220745721	-4.180264949798584	-1.6670646177429067	0.0	0.0	0.0	0.0
14.807218074798584	1781097164.0	1781097164.2765553	5	25.0	29.0	12.0	8.0	NeuronSpectrum 10.06.2026 16:02:51	EEG	checkup_151_10.06.2026 16:02:51	500.0	499.6666666666667	True	0.5	40.0	4	True	50.0	30.0	1.3472458124160767	-2.353848086701463	45.36006164550781	48.65837387458434	29.86516571044922	30.951847130658614	24.522890090942383	23.05983158682388	47.520896911621094	48.61993782075847	32.74967956542969	32.93710643822261	13.87629222869873	10.948094846156447	-4.219775199890137	-1.690281167910566	0.0	0.0	0.0	0.0
14.807219743728638	1781097164.0	1781097164.276557	5	25.0	29.0	12.0	8.0	NeuronSpectrum 10.06.2026 16:02:51	EEG	checkup_151_10.06.2026 16:02:51	500.0	499.6666666666667	True	0.5	40.0	4	True	50.0	30.0	0.9861213564872742	-2.027084062534728	49.062374114990234	50.490738665999615	33.74397277832031	32.49308371447074	27.372859954833984	23.508498945649425	50.64181137084961	50.00342008402568	35.97724914550781	34.054991816093796	19.51995086669922	12.77793675771796	-4.168084144592285	-1.8075893198118593	0.0	0.0	0.0	0.0
14.80722165107727	1781097164.0	1781097164.2765589	5	25.0	29.0	12.0	8.0	NeuronSpectrum 10.06.2026 16:02:51	EEG	checkup_151_10.06.2026 16:02:51	500.0	499.6666666666667	True	0.5	40.0	4	True	50.0	30.0	0.08454301208257675	-1.6359368823185738	52.05061340332031	52.0972262133608	36.65587615966797	33.65284449421223	28.189363479614258	23.325108506655436	53.12568664550781	51.1825587943739	38.00361251831055	34.738042014315354	22.107885360717773	14.153914826881726	-4.211297512054443	-1.9615599312019645	0.0	0.0	0.0	0.0
14.807223320007324	1781097164.0	1781097164.2765605	5	25.0	29.0	12.0	8.0	NeuronSpectrum 10.06.2026 16:02:51	EEG	checkup_151_10.06.2026 16:02:51	500.0	499.6666666666667	True	0.5	40.0	4	True	50.0	30.0	-0.705152153968811	-1.247401163314162	53.06637954711914	53.19455773934367	37.3641471862793	34.26768710556587	26.333768844604492	22.5628921387933	53.771671295166016	51.91373594022826	37.83436965942383	34.89620975137041	20.761844635009766	15.03044434973639	-4.4830851554870605	-2.0743746128240055	0.0	0.0	0.0	0.0
14.807225227355957	1781097164.0	1781097164.2765625	5	25.0	29.0	12.0	8.0	NeuronSpectrum 10.06.2026 16:02:51	EEG	checkup_151_10.06.2026 16:02:51	500.0	499.6666666666667	True	0.5	40.0	4	True	50.0	30.0	-0.8538942933082581	-0.9101803360557762	51.93126678466797	53.566396573285125	35.81386184692383	34.24975995630245	22.6584529876709	21.357043984172083	52.49812316894531	51.997994550591415	35.71533203125	34.49858149476513	15.995619773864746	15.473277347771806	-4.825084686279297	-2.0662781795458924	0.0	0.0	0.0	0.0
14.80722689628601	1781097164.0	1781097164.2765641	5	25.0	29.0	12.0	8.0	NeuronSpectrum 10.06.2026 16:02:51	EEG	checkup_151_10.06.2026 16:02:51	500.0	499.6666666666667	True	0.5	40.0	4	True	50.0	30.0	-0.2336658388376236	-0.6567660453917945	49.79151916503906	53.09403048307888	33.31538391113281	33.600727919548646	19.2235164642334	19.89570860811906	50.531585693359375	51.31377874485449	33.17275619506836	33.5778584174044	9.751416206359863	15.625443658544745	-4.838549613952637	-1.8759543469572901	0.0	0.0	0.0	0.0
14.807228803634644	1781097164.0	1781097164.276566	5	25.0	29.0	12.0	8.0	NeuronSpectrum 10.06.2026 16:02:51	EEG	checkup_151_10.06.2026 16:02:51	500.0	499.6666666666667	True	0.5	40.0	4	True	50.0	30.0	0.8442862033843994	-0.5066110823344587	48.37348937988281	51.76388048041572	31.73816680908203	32.40200827559872	18.031755447387695	18.37336023553593	49.540687561035156	49.83063784339779	32.04593276977539	32.21703420035229	5.07239294052124	15.650394344329765	-4.203346252441406	-1.478275742926033	0.0	0.0	0.0	0.0
14.807230234146118	1781097164.0	1781097164.2765675	5	25.0	29.0	12.0	8.0	NeuronSpectrum 10.06.2026 16:02:51	EEG	checkup_151_10.06.2026 16:02:51	500.0	499.6666666666667	True	0.5	40.0	4	True	50.0	30.0	1.8184059858322144	-0.4671093951397582	48.571014404296875	49.65815310270938	32.09346008300781	30.789753371320558	19.52633285522461	16.94423779902742	50.15032196044922	47.608404391872966	33.01652145385742	30.52767802783865	5.125885963439941	15.673105799976428	-2.9961581230163574	-0.8948145308005182	0.0	0.0	0.0	0.0
14.807233333587646	1781097164.0	1781097164.2765706	5	25.0	29.0	12.0	8.0	NeuronSpectrum 10.06.2026 16:02:51	EEG	checkup_151_10.06.2026 16:02:51	500.0	499.6666666666667	True	0.5	40.0	4	True	50.0	30.0	2.1910037994384766	-0.5321653009904859	49.40107727050781	46.93771396364711	33.52832794189453	28.926961237871613	22.021644592285156	15.693472231676035	50.99699020385742	44.78858755907632	34.76124954223633	28.63123888687037	11.504195213317871	15.744152490505916	-1.722193956375122	-0.1939775288611772	0.0	0.0	0.0	0.0
14.807235479354858	1781097164.0	1781097164.2765727	5	25.0	29.0	12.0	8.0	NeuronSpectrum 10.06.2026 16:02:51	EEG	checkup_151_10.06.2026 16:02:51	500.0	499.6666666666667	True	0.5	40.0	4	True	50.0	30.0	1.7862441539764404	-0.6806794392687692	48.215087890625	43.82225910688244	33.56086730957031	26.981192030137258	22.638599395751953	14.634231747228815	49.205509185791016	41.58069249479943	34.49628829956055	26.64916957498907	22.29299545288086	15.84315392618629	-0.9702189564704895	0.5196893417015911	0.0	0.0	0.0	0.0
14.807236909866333	1781097164.0	1781097164.2765741	5	25.0	29.0	12.0	8.0	NeuronSpectrum 10.06.2026 16:02:51	EEG	checkup_151_10.06.2026 16:02:51	500.0	499.6666666666667	True	0.5	40.0	4	True	50.0	30.0	0.8157849907875061	-0.8778776279612593	42.401912689208984	40.566508272203016	29.73085594177246	25.108548466206496	19.403392791748047	13.726501151156913	42.37398910522461	38.240557947358475	29.90717887878418	24.699131235466677	31.480457305908203	15.919097814412561	-0.9642322063446045	1.1247008821504931	0.0	0.0	0.0	0.0
14.807238817214966	1781097164.0	1781097164.276576	5	25.0	29.0	12.0	8.0	NeuronSpectrum 10.06.2026 16:02:51	EEG	checkup_151_10.06.2026 16:02:51	500.0	499.6666666666667	True	0.5	40.0	4	True	50.0	30.0	-0.2728440761566162	-1.0809119644648597	31.573610305786133	37.42875836002607	21.673946380615234	23.439341779656633	13.1075439453125	12.904669849683762	30.81172752380371	35.03681620672153	21.2374210357666	22.889805663250623	31.01957130432129	15.945488765815456	-1.381842851638794	1.506261943992847	0.0	0.0	0.0	0.0
14.80724024772644	1781097164.0	1781097164.2765775	5	25.0	29.0	12.0	8.0	NeuronSpectrum 10.06.2026 16:02:51	EEG	checkup_151_10.06.2026 16:02:51	500.0	499.6666666666667	True	0.5	40.0	4	True	50.0	30.0	-1.0611350536346436	-1.2476508190501583	18.622661590576172	34.63279913393276	12.094874382019043	22.062286167189917	7.445161819458008	12.101183775282667	18.28472137451172	32.207706854367004	11.932048797607422	21.3095022493741	15.409221649169922	15.96004660616047	-1.5731093883514404	1.5799173855655775	0.0	0.0	0.0	0.0
14.858143329620361	1781097164.0	1781097164.3274806	5	25.0	29.0	12.0	8.0	NeuronSpectrum 10.06.2026 16:02:51	EEG	checkup_151_10.06.2026 16:02:51	500.0	499.6666666666667	True	0.5	40.0	4	True	50.0	30.0	-0.29818233847618103	-1.345656595203751	31.937240600585938	32.33221499146781	22.188383102416992	21.010140114902825	12.836644172668457	11.260165935681064	31.903099060058594	29.919289264129585	22.305532455444336	20.01101983476689	14.04094123840332	16.06772968712975	-1.0764086246490479	1.3113382961544346	0.0	0.0	0.0	0.0
14.858147859573364	1781097164.0	1781097164.327485	5	25.0	29.0	12.0	8.0	NeuronSpectrum 10.06.2026 16:02:51	EEG	checkup_151_10.06.2026 16:02:51	500.0	499.6666666666667	True	0.5	40.0	4	True	50.0	30.0	0.28061696887016296	-1.3581975265129247	30.220169067382812	30.58946190013866	21.37594985961914	20.25394333593019	11.795870780944824	10.342144162026042	30.05241584777832	28.239331343684412	20.682357788085938	19.000259851666407	11.457236289978027	16.406389652848386	-0.45168188214302063	0.7288576188291811	0.0	0.0	0.0	0.0
14.858150005340576	1781097164.0	1781097164.3274872	5	25.0	29.0	12.0	8.0	NeuronSpectrum 10.06.2026 16:02:51	EEG	checkup_151_10.06.2026 16:02:51	500.0	499.6666666666667	True	0.5	40.0	4	True	50.0	30.0	0.7161356806755066	-1.2857388613712655	29.25550079345703	29.376678173364596	21.468374252319336	19.71103845544855	11.60927963256836	9.324387379602308	29.232093811035156	27.13509996511457	20.02495765686035	18.234863361887985	10.756762504577637	17.092854999540744	-0.19695785641670227	-0.07447094537695484	0.0	0.0	0.0	0.0
14.858152151107788	1781097164.0	1781097164.3274894	5	25.0	29.0	12.0	8.0	NeuronSpectrum 10.06.2026 16:02:51	EEG	checkup_151_10.06.2026 16:02:51	500.0	499.6666666666667	True	0.5	40.0	4	True	50.0	30.0	0.7679135799407959	-1.1435284788425426	28.859668731689453	28.59564530919004	22.09579086303711	19.2662033387374	11.783716201782227	8.201071249198412	29.279863357543945	26.493184691173866	20.271175384521484	17.634326341015242	12.367895126342773	18.173801945951364	-0.908481240272522	-0.9520381494110676	0.0	0.0	0.0	0.0
14.858153581619263	1781097164.0	1781097164.3274908	5	25.0	29.0	12.0	8.0	NeuronSpectrum 10.06.2026 16:02:51	EEG	checkup_151_10.06.2026 16:02:51	500.0	499.6666666666667	True	0.5	40.0	4	True	50.0	30.0	0.5307296514511108	-0.9571920426784278	28.989269256591797	28.108380312456482	22.95697021484375	18.800609252760722	12.092710494995117	6.985918575593181	30.041507720947266	26.153109051538618	21.291372299194336	17.099449593667174	16.31349754333496	19.60052984616136	-2.665196657180786	-1.728942847281281	0.0	0.0	0.0	0.0
14.858155488967896	1781097164.0	1781097164.3274927	5	25.0	29.0	12.0	8.0	NeuronSpectrum 10.06.2026 16:02:51	EEG	checkup_151_10.06.2026 16:02:51	500.0	499.6666666666667	True	0.5	40.0	4	True	50.0	30.0	0.32217922806739807	-0.7580741405547337	29.3946590423584	27.769521194042987	23.623750686645508	18.22165319322354	12.335901260375977	5.717796654089247	31.0167236328125	25.945481561651707	22.554040908813477	16.537371486326197	22.10329818725586	21.235696285366593	-4.8706793785095215	-2.2385284475782186	0.0	0.0	0.0	0.0
14.85815715789795	1781097164.0	1781097164.3274944	5	25.0	29.0	12.0	8.0	NeuronSpectrum 10.06.2026 16:02:51	EEG	checkup_151_10.06.2026 16:02:51	500.0	499.6666666666667	True	0.5	40.0	4	True	50.0	30.0	0.42207759618759155	-0.5789412903350952	29.23313331604004	27.453519832393912	23.20732307434082	17.48628912223257	11.76415729522705	4.466521603346986	31.05441665649414	25.726296068885098	22.811819076538086	15.88657030189079	28.448654174804688	22.888439960571134	-6.527307033538818	-2.362774134335886	0.0	0.0	0.0	0.0
14.858158826828003	1781097164.0	1781097164.327496	5	25.0	29.0	12.0	8.0	NeuronSpectrum 10.06.2026 16:02:51	EEG	checkup_151_10.06.2026 16:02:51	500.0	499.6666666666667	True	0.5	40.0	4	True	50.0	30.0	0.8593795299530029	-0.4496900706467641	27.374528884887695	27.07116285960062	20.620107650756836	16.610601270774676	9.17927074432373	3.332853811614127	28.836950302124023	25.399672094639556	20.572072982788086	15.133889700500808	33.358604431152344	24.365065546975508	-6.792738914489746	-2.065726679923567	0.0	0.0	0.0	0.0
14.858160495758057	1781097164.0	1781097164.3274977	5	25.0	29.0	12.0	8.0	NeuronSpectrum 10.06.2026 16:02:51	EEG	checkup_151_10.06.2026 16:02:51	500.0	499.6666666666667	True	0.5	40.0	4	True	50.0	30.0	1.3911486864089966	-0.3926655985041751	23.467432022094727	26.57197632309433	15.604815483093262	15.66065003636473	4.091744899749756	2.436201875115821	24.1281681060791	24.923359900577537	15.39889144897461	14.315680915966649	34.85380172729492	25.517606157093212	-5.453133583068848	-1.4091143638330907	0.0	0.0	0.0	0.0
14.858161926269531	1781097164.0	1781097164.3274992	5	25.0	29.0	12.0	8.0	NeuronSpectrum 10.06.2026 16:02:51	EEG	checkup_151_10.06.2026 16:02:51	500.0	499.6666666666667	True	0.5	40.0	4	True	50.0	30.0	1.6718052625656128	-0.41806859670521335	18.900840759277344	25.933282580110582	9.760427474975586	14.725533478473855	-1.9178651571273804	1.8880761930321566	18.77819061279297	24.29661411640326	9.085773468017578	13.500154614636413	32.088584899902344	26.27370059333514	-3.040722370147705	-0.5434836145018485	0.0	0.0	0.0	0.0
14.858163833618164	1781097164.0	1781097164.327501	5	25.0	29.0	12.0	8.0	NeuronSpectrum 10.06.2026 16:02:51	EEG	checkup_151_10.06.2026 16:02:51	500.0	499.6666666666667	True	0.5	40.0	4	True	50.0	30.0	1.4751763343811035	-0.5209570022640722	16.46042823791504	25.14253780420704	6.311324119567871	13.881835422374014	-5.2422356605529785	1.7578165918793476	16.163469314575195	23.537578281430243	5.293633460998535	12.757036590935314	26.189348220825195	26.63856714115129	-0.5287267565727234	0.3244694613969152	0.0	0.0	0.0	0.0
14.858166694641113	1781097164.0	1781097164.327504	5	25.0	29.0	12.0	8.0	NeuronSpectrum 10.06.2026 16:02:51	EEG	checkup_151_10.06.2026 16:02:51	500.0	499.6666666666667	True	0.5	40.0	4	True	50.0	30.0	0.8315202593803406	-0.681597683989197	18.332683563232422	24.183802225839024	8.09218692779541	13.164762851123024	-2.500541925430298	2.044737211544806	18.782215118408203	22.662899605477953	7.1983466148376465	12.128641058987101	20.097332000732422	26.67121769786097	1.1789103746414185	0.9799781669815686	0.0	0.0	0.0	0.0
14.858168125152588	1781097164.0	1781097164.3275054	5	25.0	29.0	12.0	8.0	NeuronSpectrum 10.06.2026 16:02:51	EEG	checkup_151_10.06.2026 16:02:51	500.0	499.6666666666667	True	0.5	40.0	4	True	50.0	30.0	0.0037998128682374954	-0.8699467102704764	23.773269653320312	23.03785962848976	14.943341255187988	12.560227825758686	6.304968357086182	2.6714773008757406	25.577669143676758	21.681189724300783	14.585736274719238	11.61737755808574	17.454097747802734	26.447708817490337	1.707755446434021	1.2502474286345842	0.0	0.0	0.0	0.0
14.85817003250122	1781097164.0	1781097164.3275073	5	25.0	29.0	12.0	8.0	NeuronSpectrum 10.06.2026 16:02:51	EEG	checkup_151_10.06.2026 16:02:51	500.0	499.6666666666667	True	0.5	40.0	4	True	50.0	30.0	-0.6591701507568359	-1.0532056150404696	28.444772720336914	21.697579964535034	22.63087272644043	12.022224933863447	16.31761360168457	3.5043150124782527	31.282285690307617	20.603119464914293	22.7387752532959	11.195993806222598	21.01913070678711	26.02869232260656	1.307875394821167	1.0425240765486468	0.0	0.0	0.0	0.0
14.858171463012695	1781097164.0	1781097164.3275087	5	25.0	29.0	12.0	8.0	NeuronSpectrum 10.06.2026 16:02:51	EEG	checkup_151_10.06.2026 16:02:51	500.0	499.6666666666667	True	0.5	40.0	4	True	50.0	30.0	-0.9013596177101135	-1.2037268657836855	26.522207260131836	20.189574168145395	24.69059944152832	11.505576504210124	19.894689559936523	4.3917026650014455	28.99276351928711	19.459230003103098	24.588970184326172	10.832872532714807	31.231246948242188	25.443870427152657	0.6125763654708862	0.36029602392350335	0.0	0.0	0.0	0.0
14.858174324035645	1781097164.0	1781097164.3275115	5	25.0	29.0	12.0	8.0	NeuronSpectrum 10.06.2026 16:02:51	EEG	checkup_151_10.06.2026 16:02:51	500.0	499.6666666666667	True	0.5	40.0	4	True	50.0	30.0	-0.16921734809875488	-1.3040942474999173	20.951824188232422	18.58705408730663	15.601395606994629	10.994444253939509	9.178776741027832	5.201923396566916	22.59902000427246	18.310091871382845	15.254456520080566	10.514807792953748	28.83664894104004	24.69473316434164	-3.1900644302368164	-0.705384808921269	0.0	0.0	0.0	0.0
14.858176231384277	1781097164.0	1781097164.3275135	5	25.0	29.0	12.0	8.0	NeuronSpectrum 10.06.2026 16:02:51	EEG	checkup_151_10.06.2026 16:02:51	500.0	499.6666666666667	True	0.5	40.0	4	True	50.0	30.0	0.6604378819465637	-1.3474582011786673	15.964007377624512	17.001899171515667	11.702306747436523	10.50914527633197	7.635562896728516	5.842448702933588	18.130340576171875	17.237325068602352	11.895838737487793	10.251402897312605	28.372663497924805	23.76671042667949	-4.9432501792907715	-2.0050611980228856	0.0	0.0	0.0	0.0
14.858177661895752	1781097164.0	1781097164.327515	5	25.0	29.0	12.0	8.0	NeuronSpectrum 10.06.2026 16:02:51	EEG	checkup_151_10.06.2026 16:02:51	500.0	499.6666666666667	True	0.5	40.0	4	True	50.0	30.0	1.1910700798034668	-1.333653895198241	10.46151351928711	15.554750390625475	7.183184623718262	10.08692541838736	5.093270778656006	6.256197401946061	13.354159355163574	16.315734884186295	7.9168620109558105	10.057610580177862	26.272708892822266	22.63962794354004	-6.564146041870117	-3.370485959878009	0.0	0.0	0.0	0.0
14.858179330825806	1781097164.0	1781097164.3275166	5	25.0	29.0	12.0	8.0	NeuronSpectrum 10.06.2026 16:02:51	EEG	checkup_151_10.06.2026 16:02:51	500.0	499.6666666666667	True	0.5	40.0	4	True	50.0	30.0	1.1423059701919556	-1.2639412228336635	6.782174587249756	14.33389761036039	4.365647792816162	9.74772089416636	3.327136993408203	6.4038914747137365	10.48874282836914	15.578507873226275	5.521162509918213	9.925074445340883	23.746549606323242	21.291324639269476	-8.10086727142334	-4.652479928830322	0.0	0.0	0.0	0.0
14.858181476593018	1781097164.0	1781097164.3275187	5	25.0	29.0	12.0	8.0	NeuronSpectrum 10.06.2026 16:02:51	EEG	checkup_151_10.06.2026 16:02:51	500.0	499.6666666666667	True	0.5	40.0	4	True	50.0	30.0	0.5767232775688171	-1.1379843572529473	6.221076965332031	13.360171518441728	4.589450836181641	9.464119952050297	3.5170228481292725	6.247788572315938	10.586541175842285	14.992163585227306	5.9157795906066895	9.79967367755473	21.78515625	19.697024997155896	-9.287843704223633	-5.746515205552213	0.0	0.0	0.0	0.0
14.858184337615967	1781097164.0	1781097164.3275216	5	25.0	29.0	12.0	8.0	NeuronSpectrum 10.06.2026 16:02:51	EEG	checkup_151_10.06.2026 16:02:51	500.0	499.6666666666667	True	0.5	40.0	4	True	50.0	30.0	-0.1501452922821045	-0.9553751712170632	8.38538646697998	12.57321073325618	7.496181488037109	9.152179065577913	5.615206718444824	5.748400859965451	13.042980194091797	14.45406942791786	8.683812141418457	9.57925023232318	20.313325881958008	17.830029574771817	-9.602571487426758	-6.600104490233829	0.0	0.0	0.0	0.0
14.85818600654602	1781097164.0	1781097164.3275232	5	25.0	29.0	12.0	8.0	NeuronSpectrum 10.06.2026 16:02:51	EEG	checkup_151_10.06.2026 16:02:51	500.0	499.6666666666667	True	0.5	40.0	4	True	50.0	30.0	-0.5960128307342529	-0.721262223333607	11.5692720413208	11.845795999345428	11.319906234741211	8.689264492926265	8.438024520874023	4.8767148150683255	16.134967803955078	13.815652918246	12.16455078125	9.135317574959975	18.103300094604492	15.666206925549348	-8.712215423583984	-7.201948205812436	0.0	0.0	0.0	0.0
14.858187675476074	1781097164.0	1781097164.327525	5	25.0	29.0	12.0	8.0	NeuronSpectrum 10.06.2026 16:02:51	EEG	checkup_151_10.06.2026 16:02:51	500.0	499.6666666666667	True	0.5	40.0	4	True	50.0	30.0	-0.4685472548007965	-0.4529617522588547	13.831125259399414	11.02162309643737	13.95864200592041	7.952449968660404	10.376652717590332	3.635347458855126	18.129119873046875	12.923810614720301	14.509713172912598	8.351288344622429	13.788933753967285	13.189418404670619	-6.945755481719971	-7.558542891770107	0.0	0.0	0.0	0.0
14.858189105987549	1781097164.0	1781097164.3275263	5	25.0	29.0	12.0	8.0	NeuronSpectrum 10.06.2026 16:02:51	EEG	checkup_151_10.06.2026 16:02:51	500.0	499.6666666666667	True	0.5	40.0	4	True	50.0	30.0	0.23622861504554749	-0.18326269890544783	13.996281623840332	9.962934473904514	14.093413352966309	6.861944218058914	10.232999801635742	2.076921623079039	18.116910934448242	11.665997989611734	14.631299018859863	7.162429350071099	7.425290107727051	10.392653121369916	-5.324038028717041	-7.668387440553718	0.0	0.0	0.0	0.0
14.858191013336182	1781097164.0	1781097164.3275282	5	25.0	29.0	12.0	8.0	NeuronSpectrum 10.06.2026 16:02:51	EEG	checkup_151_10.06.2026 16:02:51	500.0	499.6666666666667	True	0.5	40.0	4	True	50.0	30.0	1.2421380281448364	0.04283355948570154	11.977320671081543	8.59149420811823	11.664270401000977	5.412224091828407	7.700854301452637	0.3085861544191245	16.08254051208496	10.003689643621982	12.468036651611328	5.582137177204329	1.2766746282577515	7.273086152552006	-4.981136798858643	-7.5055955338146925	0.0	0.0	0.0	0.0
14.858192682266235	1781097164.0	1781097164.32753	5	25.0	29.0	12.0	8.0	NeuronSpectrum 10.06.2026 16:02:51	EEG	checkup_151_10.06.2026 16:02:51	500.0	499.6666666666667	True	0.5	40.0	4	True	50.0	30.0	2.1421244144439697	0.17840624365308816	8.407153129577637	6.910122607311606	7.553661346435547	3.679225307522202	3.3579812049865723	-1.522476256144816	12.4310302734375	7.98399211075313	8.625482559204102	3.704899315309697	-1.2805944681167603	3.8263704949696105	-6.344221115112305	-7.022224953112869	0.0	0.0	0.0	0.0
14.858194351196289	1781097164.0	1781097164.3275316	5	25.0	29.0	12.0	8.0	NeuronSpectrum 10.06.2026 16:02:51	EEG	checkup_151_10.06.2026 16:02:51	500.0	499.6666666666667	True	0.5	40.0	4	True	50.0	30.0	2.5850181579589844	0.18913295469512967	4.020349502563477	5.000062541123414	2.8489809036254883	1.8019453632669205	-1.6788328886032104	-3.2593049291587275	7.549831390380859	5.72745327065136	3.847487211227417	1.6854328063401163	1.3943759202957153	0.050093246991810725	-8.67900562286377	-6.171693754574782	0.0	0.0	0.0	0.0
14.858196020126343	1781097164.0	1781097164.3275332	5	25.0	29.0	12.0	8.0	NeuronSpectrum 10.06.2026 16:02:51	EEG	checkup_151_10.06.2026 16:02:51	500.0	499.6666666666667	True	0.5	40.0	4	True	50.0	30.0	2.4239163398742676	0.06695146560564716	-0.5809475183486938	2.9980728284327487	-1.6024880409240723	-0.053535745574123855	-6.023077964782715	-4.770880671720732	1.9550586938858032	3.398110791415532	-1.084279179573059	-0.2980376742075254	6.673074245452881	-4.037171131090307	-10.448583602905273	-4.946147570476492	0.0	0.0	0.0	0.0
14.858197689056396	1781097164.0	1781097164.327535	5	25.0	29.0	12.0	8.0	NeuronSpectrum 10.06.2026 16:02:51	EEG	checkup_151_10.06.2026 16:02:51	500.0	499.6666666666667	True	0.5	40.0	4	True	50.0	30.0	1.751696228981018	-0.16247883685072365	-4.624184608459473	1.0630981698847264	-5.026224136352539	-1.7341449454717834	-8.073097229003906	-5.980480757221745	-3.135908365249634	1.1669246767335075	-4.995055198669434	-2.083690308238021	7.919384956359863	-8.36622998074711	-10.260605812072754	-3.412474075575781	0.0	0.0	0.0	0.0
14.858199119567871	1781097164.0	1781097164.3275363	5	25.0	29.0	12.0	8.0	NeuronSpectrum 10.06.2026 16:02:51	EEG	checkup_151_10.06.2026 16:02:51	500.0	499.6666666666667	True	0.5	40.0	4	True	50.0	30.0	0.828945517539978	-0.4419937998980632	-6.800154685974121	-0.6559953719285398	-6.298412322998047	-3.130783072508076	-6.142073154449463	-6.876922445902145	-5.570873737335205	-0.8193934070615928	-6.083647727966309	-3.556804984564987	-1.5639418363571167	-12.793907383605864	-7.750003337860107	-1.7291505257212518	0.0	0.0	0.0	0.0
14.909142971038818	1781097164.0	1781097164.3784802	5	25.0	29.0	12.0	8.0	NeuronSpectrum 10.06.2026 16:02:51	EEG	checkup_151_10.06.2026 16:02:51	500.0	499.6666666666667	True	0.5	40.0	4	True	50.0	30.0	-0.3705979883670807	-0.6950462088282903	-3.4900782108306885	-2.0428386638455303	-3.789538860321045	-4.1920283545969035	-6.811298370361328	-7.506062269310522	-1.093338131904602	-2.4557120798700023	-4.156939506530762	-4.663470590907901	-21.50192642211914	-17.104782773607024	-0.4638756513595581	-0.131640448705986	0.0	0.0	0.0	0.0
14.909149408340454	1781097164.0	1781097164.3784866	5	25.0	29.0	12.0	8.0	NeuronSpectrum 10.06.2026 16:02:51	EEG	checkup_151_10.06.2026 16:02:51	500.0	499.6666666666667	True	0.5	40.0	4	True	50.0	30.0	-0.6796761155128479	-0.84457652630563	-2.7613346576690674	-3.023052511657792	-2.7430241107940674	-4.919877664544136	-5.475068092346191	-7.947447368662588	-0.7019296884536743	-3.680370952993932	-3.2340011596679688	-5.4063975972184934	-27.597230911254883	-21.045043953790255	3.6653146743774414	1.1137581664719904	0.0	0.0	0.0	0.0
14.909151554107666	1781097164.0	1781097164.3784888	5	25.0	29.0	12.0	8.0	NeuronSpectrum 10.06.2026 16:02:51	EEG	checkup_151_10.06.2026 16:02:51	500.0	499.6666666666667	True	0.5	40.0	4	True	50.0	30.0	-0.5013648271560669	-0.8332246382085852	-2.0706095695495605	-3.5637489472347292	-1.7235238552093506	-5.35336160545675	-3.9321513175964355	-8.28534140787835	-0.29148513078689575	-4.467069413717014	-1.8857120275497437	-5.828113229115337	-30.939041137695312	-24.377076472621326	5.343116283416748	1.774125382657628	0.0	0.0	0.0	0.0
14.909153461456299	1781097164.0	1781097164.3784907	5	25.0	29.0	12.0	8.0	NeuronSpectrum 10.06.2026 16:02:51	EEG	checkup_151_10.06.2026 16:02:51	500.0	499.6666666666667	True	0.5	40.0	4	True	50.0	30.0	-0.022518491372466087	-0.6391221934495341	-1.886104941368103	-3.669152164786281	-1.1967073678970337	-5.548740657421136	-2.8141984939575195	-8.583194258643301	-0.30802759528160095	-4.815511234221716	-0.7610385417938232	-5.989749731604424	-31.337417602539062	-26.93157690509696	4.236245155334473	1.710472401051995	0.0	0.0	0.0	0.0
14.909156799316406	1781097164.0	1781097164.378494	5	25.0	29.0	12.0	8.0	NeuronSpectrum 10.06.2026 16:02:51	EEG	checkup_151_10.06.2026 16:02:51	500.0	499.6666666666667	True	0.5	40.0	4	True	50.0	30.0	0.5826287269592285	-0.28300680461172817	-2.2027111053466797	-3.3772994327544974	-1.264591097831726	-5.563499525842845	-2.485473155975342	-8.867481653104893	-0.7685312032699585	-4.747373953704005	-0.29613712430000305	-5.952707185558894	-29.46599006652832	-28.636087492790292	1.184167504310608	0.9142327509930342	0.0	0.0	0.0	0.0
14.909158706665039	1781097164.0	1781097164.378496	5	25.0	29.0	12.0	8.0	NeuronSpectrum 10.06.2026 16:02:51	EEG	checkup_151_10.06.2026 16:02:51	500.0	499.6666666666667	True	0.5	40.0	4	True	50.0	30.0	1.2539474964141846	0.17500477575063983	-2.5791776180267334	-2.758793252410034	-1.699476957321167	-5.447324999762484	-2.9779245853424072	-9.123159794776088	-1.3025532960891724	-4.308579397372759	-0.5564807653427124	-5.7672460864861055	-26.241464614868164	-29.51139795162254	-2.443768262863159	-0.4909145309664141	0.0	0.0	0.0	0.0
14.909160614013672	1781097164.0	1781097164.3784978	5	25.0	29.0	12.0	8.0	NeuronSpectrum 10.06.2026 16:02:51	EEG	checkup_151_10.06.2026 16:02:51	500.0	499.6666666666667	True	0.5	40.0	4	True	50.0	30.0	1.9831058979034424	0.6479187322284959	-2.6046335697174072	-1.914926181979524	-2.306269884109497	-5.239516919233258	-4.250021934509277	-9.300312644584977	-1.6028751134872437	-3.573901131906581	-1.4464119672775269	-5.468788023270969	-22.5478515625	-29.641473065343362	-5.4776530265808105	-2.2795354733668045	0.0	0.0	0.0	0.0
14.909162282943726	1781097164.0	1781097164.3784995	5	25.0	29.0	12.0	8.0	NeuronSpectrum 10.06.2026 16:02:51	EEG	checkup_151_10.06.2026 16:02:51	500.0	499.6666666666667	True	0.5	40.0	4	True	50.0	30.0	2.6793696880340576	1.0404003273308788	-2.3591980934143066	-0.9715143764591043	-3.2376976013183594	-4.970603649256999	-6.385994911193848	-9.33007688263971	-1.8087793588638306	-2.648356022767494	-2.9614040851593018	-5.080640077482369	-19.42584800720215	-29.132002549461298	-7.376727104187012	-4.17475959247047	0.0	0.0	0.0	0.0
14.909164190292358	1781097164.0	1781097164.3785014	5	25.0	29.0	12.0	8.0	NeuronSpectrum 10.06.2026 16:02:51	EEG	checkup_151_10.06.2026 16:02:51	500.0	499.6666666666667	True	0.5	40.0	4	True	50.0	30.0	3.1141319274902344	1.2688151145927753	-2.3180906772613525	-0.06659557066347033	-4.790926933288574	-4.666126512663804	-9.292183876037598	-9.146809562310962	-2.296367645263672	-1.66156569779405	-5.033883571624756	-4.620880620002883	-18.23491096496582	-28.075201975106015	-8.241592407226562	-5.902207616468239	0.0	0.0	0.0	0.0
14.909165859222412	1781097164.0	1781097164.378503	5	25.0	29.0	12.0	8.0	NeuronSpectrum 10.06.2026 16:02:51	EEG	checkup_151_10.06.2026 16:02:51	500.0	499.6666666666667	True	0.5	40.0	4	True	50.0	30.0	3.0293686389923096	1.2780164591225671	-2.6655895709991455	0.6668596448222401	-6.710059642791748	-4.35116215908729	-12.03539752960205	-8.711807553270273	-2.9408771991729736	-0.7544500694869929	-6.985775470733643	-4.110453886555943	-20.115751266479492	-26.53447459421512	-8.523723602294922	-7.234035980404056	0.0	0.0	0.0	0.0
14.909167528152466	1781097164.0	1781097164.3785048	5	25.0	29.0	12.0	8.0	NeuronSpectrum 10.06.2026 16:02:51	EEG	checkup_151_10.06.2026 16:02:51	500.0	499.6666666666667	True	0.5	40.0	4	True	50.0	30.0	2.33072566986084	1.0510539518729205	-2.70992112159729	1.1199070705086769	-7.705649375915527	-4.053923601419489	-12.637250900268555	-8.031787207466273	-2.6709144115448	-0.06020941820458778	-7.288338661193848	-3.5787584640810346	-24.7477970123291	-24.553457337745336	-8.619571685791016	-8.016109705046597	0.0	0.0	0.0	0.0
14.90916919708252	1781097164.0	1781097164.3785064	5	25.0	29.0	12.0	8.0	NeuronSpectrum 10.06.2026 16:02:51	EEG	checkup_151_10.06.2026 16:02:51	500.0	499.6666666666667	True	0.5	40.0	4	True	50.0	30.0	1.2115572690963745	0.6099834556112776	-1.2572637796401978	1.22449007902744	-6.050496578216553	-3.8059711464349113	-9.146456718444824	-7.1644825606127895	-0.15785393118858337	0.3171326617306412	-4.378032207489014	-3.062962580498551	-29.416950225830078	-22.182564741311406	-8.57066535949707	-8.17801045003191	0.0	0.0	0.0	0.0
14.909171104431152	1781097164.0	1781097164.3785083	5	25.0	29.0	12.0	8.0	NeuronSpectrum 10.06.2026 16:02:51	EEG	checkup_151_10.06.2026 16:02:51	500.0	499.6666666666667	True	0.5	40.0	4	True	50.0	30.0	0.07917068153619766	0.008550250762183631	2.065561532974243	0.9649730982323357	-1.1736665964126587	-3.6369014877507464	-1.6124377250671387	-6.20652858510323	4.578384876251221	0.3225073051734532	1.7114537954330444	-2.599402343730566	-29.46953582763672	-19.50687110779334	-8.036506652832031	-7.729835777395415	0.0	0.0	0.0	0.0
14.909172534942627	1781097164.0	1781097164.3785098	5	25.0	29.0	12.0	8.0	NeuronSpectrum 10.06.2026 16:02:51	EEG	checkup_151_10.06.2026 16:02:51	500.0	499.6666666666667	True	0.5	40.0	4	True	50.0	30.0	-0.6677057147026062	-0.6801940773693264	5.614698886871338	0.3813660413481893	4.9593586921691895	-3.56436444156635	6.61814022064209	-5.266029584331329	8.990609169006348	-0.03749555411798081	8.204304695129395	-2.2101630460534665	-20.458677291870117	-16.65732696332919	-6.577906608581543	-6.7508131397356115	0.0	0.0	0.0	0.0
14.90917444229126	1781097164.0	1781097164.3785117	5	25.0	29.0	12.0	8.0	NeuronSpectrum 10.06.2026 16:02:51	EEG	checkup_151_10.06.2026 16:02:51	500.0	499.6666666666667	True	0.5	40.0	4	True	50.0	30.0	-0.8544283509254456	-1.377233964321325	5.992275714874268	-0.4388170558767491	8.15206527709961	-3.584905401149495	9.895264625549316	-4.430895479066412	8.701200485229492	-0.6952817854115313	10.33612060546875	-1.8930644008158257	-1.0816550254821777	-13.79579276505846	-4.070643901824951	-5.373501771188631	0.0	0.0	0.0	0.0
14.960103988647461	1781097164.0	1781097164.4294412	5	25.0	29.0	12.0	8.0	NeuronSpectrum 10.06.2026 16:02:51	EEG	checkup_151_10.06.2026 16:02:51	500.0	499.6666666666667	True	0.5	40.0	4	True	50.0	30.0	-0.7713964581489563	-2.008440696315367	-3.4740259647369385	-1.3817263768372856	-2.8497862815856934	-3.673580100242382	-1.1473857164382935	-3.748155502574094	-1.55625319480896	-1.5405105854631407	-0.5302340388298035	-1.6243430040926283	-7.503780364990234	-11.079621304357783	-7.7172346115112305	-3.765183425490747	0.0	0.0	0.0	0.0
14.960109233856201	1781097164.0	1781097164.4294465	5	25.0	29.0	12.0	8.0	NeuronSpectrum 10.06.2026 16:02:51	EEG	checkup_151_10.06.2026 16:02:51	500.0	499.6666666666667	True	0.5	40.0	4	True	50.0	30.0	-0.8013882040977478	-2.511454892418899	-4.465636730194092	-2.338589925625825	-3.361301898956299	-3.796879236702649	-1.5933517217636108	-3.2245708542354827	-2.4556167125701904	-2.4537947453973508	-0.930165708065033	-1.3774371270558918	-2.8096914291381836	-8.623579521420702	-3.87611722946167	-2.106202852177131	0.0	0.0	0.0	0.0
14.960111379623413	1781097164.0	1781097164.4294486	5	25.0	29.0	12.0	8.0	NeuronSpectrum 10.06.2026 16:02:51	EEG	checkup_151_10.06.2026 16:02:51	500.0	499.6666666666667	True	0.5	40.0	4	True	50.0	30.0	-1.1646451950073242	-2.839312129197484	-5.953138828277588	-3.238706196167507	-4.60240364074707	-3.9353214771235328	-3.109135389328003	-2.84712466982538	-3.996683120727539	-3.345680539601626	-1.925679326057434	-1.1511190444251305	-0.4865662455558777	-6.477144746212391	0.11881332099437714	-0.5648232417245168	0.0	0.0	0.0	0.0
14.960113286972046	1781097164.0	1781097164.4294505	5	25.0	29.0	12.0	8.0	NeuronSpectrum 10.06.2026 16:02:51	EEG	checkup_151_10.06.2026 16:02:51	500.0	499.6666666666667	True	0.5	40.0	4	True	50.0	30.0	-1.8101377487182617	-2.9627217046136045	-7.661448955535889	-4.072415139432361	-6.123032093048096	-4.10514714607198	-4.800821781158447	-2.611368273582406	-5.90290641784668	-4.1867742484553805	-3.002385377883911	-0.9930264434052083	-0.06928330659866333	-4.624807430741207	2.7421865463256836	0.7293908783169912	0.0	0.0	0.0	0.0
14.9601149559021	1781097164.0	1781097164.4294522	5	25.0	29.0	12.0	8.0	NeuronSpectrum 10.06.2026 16:02:51	EEG	checkup_151_10.06.2026 16:02:51	500.0	499.6666666666667	True	0.5	40.0	4	True	50.0	30.0	-2.4340150356292725	-2.872536295846068	-8.807146072387695	-4.895194113362614	-7.031845569610596	-4.3679746634223235	-5.43135404586792	-2.5427113606849154	-7.315035343170166	-5.017927759054796	-3.314469575881958	-1.0055474391839312	-0.2237187922000885	-3.005052526562673	3.356133460998535	1.707606543047488	0.0	0.0	0.0	0.0
14.960116624832153	1781097164.0	1781097164.4294538	5	25.0	29.0	12.0	8.0	NeuronSpectrum 10.06.2026 16:02:51	EEG	checkup_151_10.06.2026 16:02:51	500.0	499.6666666666667	True	0.5	40.0	4	True	50.0	30.0	-2.666797161102295	-2.582391351472548	-8.68323802947998	-5.810710600993781	-6.584199905395508	-4.822518675906743	-4.191983699798584	-2.700444148481654	-7.381094455718994	-5.936996237207664	-2.278892755508423	-1.3286013914132044	0.08070122450590134	-1.5375325008177236	2.4872236251831055	2.3709388462251875	0.0	0.0	0.0	0.0
14.960118293762207	1781097164.0	1781097164.4294555	5	25.0	29.0	12.0	8.0	NeuronSpectrum 10.06.2026 16:02:51	EEG	checkup_151_10.06.2026 16:02:51	500.0	499.6666666666667	True	0.5	40.0	4	True	50.0	30.0	-2.286515951156616	-2.1298369548765406	-7.352826118469238	-6.937499705810665	-4.829294204711914	-5.579453258677054	-1.3580710887908936	-3.1622474710881323	-6.003142356872559	-7.066298292444277	-0.15815560519695282	-2.103036170958275	0.7281176447868347	-0.14842453176809675	1.2800911664962769	2.781255626117597	0.0	0.0	0.0	0.0
14.96011996269226	1781097164.0	1781097164.4294572	5	25.0	29.0	12.0	8.0	NeuronSpectrum 10.06.2026 16:02:51	EEG	checkup_151_10.06.2026 16:02:51	500.0	499.6666666666667	True	0.5	40.0	4	True	50.0	30.0	-1.337377667427063	-1.573659453222065	-5.846264362335205	-8.368614472115604	-2.7808496952056885	-6.726195468044064	1.6977379322052002	-3.9945080148505814	-4.125751495361328	-8.510079866835564	1.8782672882080078	-3.4252855204633677	0.8776498436927795	1.2119454922207418	0.6920690536499023	3.0347950122472143	0.0	0.0	0.0	0.0
14.960123062133789	1781097164.0	1781097164.4294603	5	25.0	29.0	12.0	8.0	NeuronSpectrum 10.06.2026 16:02:51	EEG	checkup_151_10.06.2026 16:02:51	500.0	499.6666666666667	True	0.5	40.0	4	True	50.0	30.0	-0.10628920793533325	-0.9860091511924299	-5.648454189300537	-10.135573371142753	-1.9274836778640747	-8.291739452444357	3.192782402038574	-5.219005414831005	-3.322638750076294	-10.313732959037274	2.3106565475463867	-5.3071134953670525	0.41252055764198303	2.5609571801696305	1.0167042016983032	3.227097548314393	0.0	0.0	0.0	0.0
14.960125923156738	1781097164.0	1781097164.4294631	5	25.0	29.0	12.0	8.0	NeuronSpectrum 10.06.2026 16:02:51	EEG	checkup_151_10.06.2026 16:02:51	500.0	499.6666666666667	True	0.5	40.0	4	True	50.0	30.0	1.0170772075653076	-0.44004047807450813	-7.811395168304443	-12.186996253578569	-3.401470899581909	-10.222224221731535	1.8729878664016724	-6.788194870278796	-4.94539737701416	-12.436254081236658	0.08447383344173431	-7.653283106846151	0.9250771403312683	3.884833519246032	2.0218353271484375	3.421587230810494	0.0	0.0	0.0	0.0
14.960127592086792	1781097164.0	1781097164.4294648	5	25.0	29.0	12.0	8.0	NeuronSpectrum 10.06.2026 16:02:51	EEG	checkup_151_10.06.2026 16:02:51	500.0	499.6666666666667	True	0.5	40.0	4	True	50.0	30.0	1.7113476991653442	0.004005195262606578	-12.246769905090332	-14.388326720852477	-7.30239725112915	-12.375306546708465	-2.305678367614746	-8.578621533597547	-9.306236267089844	-14.744137811006825	-4.766632556915283	-10.264974912506942	4.844943523406982	5.14894334470055	3.331840991973877	3.6327563900357394	0.0	0.0	0.0	0.0
14.960129261016846	1781097164.0	1781097164.4294665	5	25.0	29.0	12.0	8.0	NeuronSpectrum 10.06.2026 16:02:51	EEG	checkup_151_10.06.2026 16:02:51	500.0	499.6666666666667	True	0.5	40.0	4	True	50.0	30.0	1.8417234420776367	0.3101291726196139	-17.67532730102539	-16.542704578708683	-12.592183113098145	-14.536061504091313	-8.104520797729492	-10.405634868825576	-15.375011444091797	-17.0288342991331	-11.043405532836914	-12.869003922565103	12.75171947479248	6.31656543707242	4.671656131744385	3.829143706138793	0.0	0.0	0.0	0.0
14.9601309299469	1781097164.0	1781097164.4294682	5	25.0	29.0	12.0	8.0	NeuronSpectrum 10.06.2026 16:02:51	EEG	checkup_151_10.06.2026 16:02:51	500.0	499.6666666666667	True	0.5	40.0	4	True	50.0	30.0	1.4890544414520264	0.4716371790959337	-22.120059967041016	-18.42646383346233	-17.45587158203125	-16.450750095218908	-13.364965438842773	-12.054961706280796	-20.998394012451172	-19.042707178562903	-16.706806182861328	-15.16490413528447	21.071725845336914	7.371731230076214	5.815631866455078	3.9536764796529926	0.0	0.0	0.0	0.0
14.960132360458374	1781097164.0	1781097164.4294696	5	25.0	29.0	12.0	8.0	NeuronSpectrum 10.06.2026 16:02:51	EEG	checkup_151_10.06.2026 16:02:51	500.0	499.6666666666667	True	0.5	40.0	4	True	50.0	30.0	0.873616635799408	0.5082861234423344	-23.610280990600586	-19.828693555742742	-19.865924835205078	-17.869869287539373	-15.592799186706543	-13.321210639746623	-23.52524185180664	-20.54295315154764	-19.41615104675293	-16.87688906004111	22.675947189331055	8.336268644320809	6.448523044586182	3.952446612050654	0.0	0.0	0.0	0.0
14.960134029388428	1781097164.0	1781097164.4294713	5	25.0	29.0	12.0	8.0	NeuronSpectrum 10.06.2026 16:02:51	EEG	checkup_151_10.06.2026 16:02:51	500.0	499.6666666666667	True	0.5	40.0	4	True	50.0	30.0	0.23661577701568604	0.45665555016550646	-20.769317626953125	-20.58470017032219	-18.125131607055664	-18.59036935436614	-12.658764839172363	-14.042513467135572	-20.668621063232422	-21.331759816294724	-17.160560607910156	-17.797690091277122	11.12774658203125	9.269238452567558	6.240073204040527	3.800026051083329	0.0	0.0	0.0	0.0
14.960135698318481	1781097164.0	1781097164.429473	5	25.0	29.0	12.0	8.0	NeuronSpectrum 10.06.2026 16:02:51	EEG	checkup_151_10.06.2026 16:02:51	500.0	499.6666666666667	True	0.5	40.0	4	True	50.0	30.0	-0.39781808853149414	0.3572796109480414	-24.069446563720703	-20.597450610486966	-21.840356826782227	-18.48878540787978	-15.477482795715332	-14.124110145587126	-22.821922302246094	-21.284443684549153	-19.096982955932617	-17.815951344655634	8.203666687011719	10.243298430633725	1.9561247825622559	3.511257491315666	0.0	0.0	0.0	0.0
14.960137367248535	1781097164.0	1781097164.4294746	5	25.0	29.0	12.0	8.0	NeuronSpectrum 10.06.2026 16:02:51	EEG	checkup_151_10.06.2026 16:02:51	500.0	499.6666666666667	True	0.5	40.0	4	True	50.0	30.0	0.09911245852708817	0.2430727414111608	-21.017465591430664	-19.846167110461252	-18.558143615722656	-17.540327487992364	-12.962906837463379	-13.548792696296593	-19.600210189819336	-20.36290112981938	-16.301355361938477	-16.92521382181525	7.998671054840088	11.305095417025406	0.6162084937095642	3.1355933869170927	0.0	0.0	0.0	0.0
14.960139036178589	1781097164.0	1781097164.4294763	5	25.0	29.0	12.0	8.0	NeuronSpectrum 10.06.2026 16:02:51	EEG	checkup_151_10.06.2026 16:02:51	500.0	499.6666666666667	True	0.5	40.0	4	True	50.0	30.0	0.8875188827514648	0.13270779564919025	-17.271390914916992	-18.384259059271784	-13.915752410888672	-15.821751324856995	-9.419415473937988	-12.37541114940284	-15.572419166564941	-18.615973971772732	-12.403085708618164	-15.21707737323851	9.343744277954102	12.436968848700971	0.6434215903282166	2.7378650212530498	0.0	0.0	0.0	0.0
14.960140705108643	1781097164.0	1781097164.429478	5	25.0	29.0	12.0	8.0	NeuronSpectrum 10.06.2026 16:02:51	EEG	checkup_151_10.06.2026 16:02:51	500.0	499.6666666666667	True	0.5	40.0	4	True	50.0	30.0	1.4404836893081665	0.030202841667747365	-13.73875617980957	-16.329327717686805	-9.164182662963867	-13.498019797962108	-5.67996072769165	-10.727379302432237	-11.611176490783691	-16.16984103761647	-8.246641159057617	-12.862691702121207	12.019864082336426	13.537806739705987	1.892250895500183	2.3748972616599917	0.0	0.0	0.0	0.0
14.960142374038696	1781097164.0	1781097164.4294796	5	25.0	29.0	12.0	8.0	NeuronSpectrum 10.06.2026 16:02:51	EEG	checkup_151_10.06.2026 16:02:51	500.0	499.6666666666667	True	0.5	40.0	4	True	50.0	30.0	1.3723726272583008	-0.07079155847857646	-10.836860656738281	-13.847644219001184	-5.194131851196289	-10.795355615721824	-2.414839744567871	-8.773093649073724	-8.094240188598633	-13.211336244372912	-4.424740314483643	-10.0866168158789	15.440044403076172	14.432398464074208	3.4063539505004883	2.07786471920473	0.0	0.0	0.0	0.0
14.96014404296875	1781097164.0	1781097164.4294813	5	25.0	29.0	12.0	8.0	NeuronSpectrum 10.06.2026 16:02:51	EEG	checkup_151_10.06.2026 16:02:51	500.0	499.6666666666667	True	0.5	40.0	4	True	50.0	30.0	0.6961562633514404	-0.18118515931144755	-8.507787704467773	-11.135394883587082	-2.3530898094177246	-7.96618775527471	-0.07591039687395096	-6.700995537375741	-5.025082111358643	-9.966666724514953	-1.277592420578003	-7.13695522326017	19.011505126953125	14.907229625998996	4.075394153594971	1.8461667004171025	0.0	0.0	0.0	0.0
14.960145711898804	1781097164.0	1781097164.429483	5	25.0	29.0	12.0	8.0	NeuronSpectrum 10.06.2026 16:02:51	EEG	checkup_151_10.06.2026 16:02:51	500.0	499.6666666666667	True	0.5	40.0	4	True	50.0	30.0	-0.19594232738018036	-0.3120587878750288	-6.656582355499268	-8.399039978802056	-0.7311328053474426	-5.253400130742732	0.9340189695358276	-4.693504841260448	-2.520017147064209	-6.677977842405442	0.8328513503074646	-4.255946799744535	22.10101890563965	14.7617972555301	3.4503753185272217	1.6529602656697533	0.0	0.0	0.0	0.0
14.960147380828857	1781097164.0	1781097164.4294846	5	25.0	29.0	12.0	8.0	NeuronSpectrum 10.06.2026 16:02:51	EEG	checkup_151_10.06.2026 16:02:51	500.0	499.6666666666667	True	0.5	40.0	4	True	50.0	30.0	-0.8147348761558533	-0.47285383856324104	-5.485590934753418	-5.837038933449379	-0.44409680366516113	-2.861170551258985	0.270054429769516	-2.90499814222154	-1.0328891277313232	-3.580485995768555	1.447842001914978	-1.6554031286849757	23.743165969848633	13.860185130036331	2.0083584785461426	1.4584938211925687	0.0	0.0	0.0	0.0
14.960150241851807	1781097164.0	1781097164.4294875	5	25.0	29.0	12.0	8.0	NeuronSpectrum 10.06.2026 16:02:51	EEG	checkup_151_10.06.2026 16:02:51	500.0	499.6666666666667	True	0.5	40.0	4	True	50.0	30.0	-0.9191879034042358	-0.6712784093079849	-5.277625560760498	-3.6247769029290704	-1.4688313007354736	-0.9374209762925276	-1.9159053564071655	-1.4481725239633	-0.9134232401847839	-0.8829230758956025	0.44419583678245544	0.499443840259771	22.557315826416016	12.167696398690696	0.737406849861145	1.2262899886350422	0.0	0.0	0.0	0.0
14.96015191078186	1781097164.0	1781097164.4294891	5	25.0	29.0	12.0	8.0	NeuronSpectrum 10.06.2026 16:02:51	EEG	checkup_151_10.06.2026 16:02:51	500.0	499.6666666666667	True	0.5	40.0	4	True	50.0	30.0	-0.6729035377502441	-0.9130864316415579	-5.713476657867432	-1.903506710025378	-3.0796620845794678	0.4310120837010844	-4.38175630569458	-0.39007427315924215	-1.5736806392669678	1.246953920814437	-1.2734590768814087	2.0965286500434455	17.401243209838867	9.761322233424892	0.35633179545402527	0.9381892842745801	0.0	0.0	0.0	0.0
14.960153579711914	1781097164.0	1781097164.4294908	5	25.0	29.0	12.0	8.0	NeuronSpectrum 10.06.2026 16:02:51	EEG	checkup_151_10.06.2026 16:02:51	500.0	499.6666666666667	True	0.5	40.0	4	True	50.0	30.0	-0.4963149428367615	-1.2004063985363078	-5.4917426109313965	-0.7725045088435784	-3.5994038581848145	1.2137824304134026	-4.848749160766602	0.24517707044897738	-1.2419977188110352	2.692148871355568	-1.6759169101715088	3.0763938456803332	8.622049331665039	6.810310161165454	0.878937304019928	0.6055082669761914	0.0	0.0	0.0	0.0
14.960155248641968	1781097164.0	1781097164.4294925	5	25.0	29.0	12.0	8.0	NeuronSpectrum 10.06.2026 16:02:51	EEG	checkup_151_10.06.2026 16:02:51	500.0	499.6666666666667	True	0.5	40.0	4	True	50.0	30.0	-0.7292954921722412	-1.5287501519100284	-3.039268732070923	-0.2823918180295225	-1.229077696800232	1.4292060624939553	-1.3339322805404663	0.4727394953676979	1.921732783317566	3.393773967438994	1.2195051908493042	3.429578566668479	-1.0804094076156616	3.532810161091084	1.730473279953003	0.27393345225689536	0.0	0.0	0.0	0.0
14.960156679153442	1781097164.0	1781097164.429494	5	25.0	29.0	12.0	8.0	NeuronSpectrum 10.06.2026 16:02:51	EEG	checkup_151_10.06.2026 16:02:51	500.0	499.6666666666667	True	0.5	40.0	4	True	50.0	30.0	-1.3637511730194092	-1.8841208517418995	1.9393010139465332	-0.42834850115849515	4.315523147583008	1.1386093393216865	5.86175012588501	0.3467974411810735	7.8864288330078125	3.3577490531721157	7.442474842071533	3.196233420085889	-7.075367450714111	0.14334003000689588	2.3117589950561523	0.01957283481218696	0.0	0.0	0.0	0.0
14.960159540176392	1781097164.0	1781097164.4294968	5	25.0	29.0	12.0	8.0	NeuronSpectrum 10.06.2026 16:02:51	EEG	checkup_151_10.06.2026 16:02:51	500.0	499.6666666666667	True	0.5	40.0	4	True	50.0	30.0	-2.040553331375122	-2.2419348598524453	7.305931568145752	-1.1454433007474296	10.629151344299316	0.4432674503710439	13.106013298034668	-0.03802491066866312	13.58013916015625	2.658919338844246	13.936732292175293	2.467175394308901	-4.7615861892700195	-3.1909811471451524	2.425605297088623	-0.06582545040250747	0.0	0.0	0.0	0.0
14.960161447525024	1781097164.0	1781097164.4294987	5	25.0	29.0	12.0	8.0	NeuronSpectrum 10.06.2026 16:02:51	EEG	checkup_151_10.06.2026 16:02:51	500.0	499.6666666666667	True	0.5	40.0	4	True	50.0	30.0	-2.3087103366851807	-2.5687292633506673	9.062448501586914	-2.3125202743356468	13.261929512023926	-0.5220390084500329	14.749812126159668	-0.5521005944644534	13.967632293701172	1.4361049872577305	15.604098320007324	1.3793191511304352	7.713097095489502	-6.372823107958562	2.2798070907592773	0.10007372132996173	0.0	0.0	0.0	0.0
14.960162878036499	1781097164.0	1781097164.4295	5	25.0	29.0	12.0	8.0	NeuronSpectrum 10.06.2026 16:02:51	EEG	checkup_151_10.06.2026 16:02:51	500.0	499.6666666666667	True	0.5	40.0	4	True	50.0	30.0	-3.091566562652588	-2.8264601415595467	-5.670215129852295	-3.771480589084597	-1.8030050992965698	-1.6069973510852689	-1.8619581460952759	-1.0524500988342687	0.03667741268873215	-0.1287857625386458	0.23105135560035706	0.09687352055174173	-7.19985294342041	-9.374258387087943	-2.20222544670105	0.5598509394297208	0.0	0.0	0.0	0.0
14.960164546966553	1781097164.0	1781097164.4295018	5	25.0	29.0	12.0	8.0	NeuronSpectrum 10.06.2026 16:02:51	EEG	checkup_151_10.06.2026 16:02:51	500.0	499.6666666666667	True	0.5	40.0	4	True	50.0	30.0	-2.805716037750244	-2.9783277906004395	-9.341758728027344	-5.362086156026697	-5.505928039550781	-2.6772633186915464	-5.0445380210876465	-1.421003678267162	-3.7053961753845215	-1.847451058537709	-3.7906460762023926	-1.2231231394533648	-10.105700492858887	-12.220936830209714	-0.4629766643047333	1.290194098219677	0.0	0.0	0.0	0.0
14.960166215896606	1781097164.0	1781097164.4295034	5	25.0	29.0	12.0	8.0	NeuronSpectrum 10.06.2026 16:02:51	EEG	checkup_151_10.06.2026 16:02:51	500.0	499.6666666666667	True	0.5	40.0	4	True	50.0	30.0	-2.546182155609131	-2.9948536634702174	-11.94287395477295	-6.961342029768401	-7.968334197998047	-3.64974811616058	-6.395016193389893	-1.6056669420906577	-6.657072067260742	-3.5665037735170264	-6.563014030456543	-2.4698260093657907	-12.386565208435059	-14.967962549620633	2.6035337448120117	2.1910324729935704	0.0	0.0	0.0	0.0
14.96016788482666	1781097164.0	1781097164.429505	5	25.0	29.0	12.0	8.0	NeuronSpectrum 10.06.2026 16:02:51	EEG	checkup_151_10.06.2026 16:02:51	500.0	499.6666666666667	True	0.5	40.0	4	True	50.0	30.0	-2.538325548171997	-2.859258634489567	-12.570240020751953	-8.509585627778604	-8.112371444702148	-4.5139438259158755	-5.031069278717041	-1.6422650884005912	-7.744917869567871	-5.195729400516455	-6.8776726722717285	-3.6030831500095526	-13.22314453125	-17.668758226364456	5.423182487487793	3.0972496498337727	0.0	0.0	0.0	0.0
14.960169553756714	1781097164.0	1781097164.4295068	5	25.0	29.0	12.0	8.0	NeuronSpectrum 10.06.2026 16:02:51	EEG	checkup_151_10.06.2026 16:02:51	500.0	499.6666666666667	True	0.5	40.0	4	True	50.0	30.0	-2.6776180267333984	-2.571595185647707	-11.357385635375977	-10.009335851181511	-6.131964206695557	-5.32497213726247	-1.5733306407928467	-1.6414395063885299	-6.912961006164551	-6.709937180521995	-4.923346519470215	-4.648555088525396	-12.859302520751953	-20.336257444313578	6.6977009773254395	3.8119624985961233	0.0	0.0	0.0	0.0
14.960171222686768	1781097164.0	1781097164.4295084	5	25.0	29.0	12.0	8.0	NeuronSpectrum 10.06.2026 16:02:51	EEG	checkup_151_10.06.2026 16:02:51	500.0	499.6666666666667	True	0.5	40.0	4	True	50.0	30.0	-2.641451120376587	-2.1511270862146077	-9.456550598144531	-11.496057918003523	-3.4327199459075928	-6.167587473602349	2.1773741245269775	-1.741652870557016	-5.190439701080322	-8.123925560853449	-2.229557514190674	-5.6631346928378905	-12.948668479919434	-22.902238494319775	6.222816467285156	4.151845365014913	0.0	0.0	0.0	0.0
14.960172653198242	1781097164.0	1781097164.4295099	5	25.0	29.0	12.0	8.0	NeuronSpectrum 10.06.2026 16:02:51	EEG	checkup_151_10.06.2026 16:02:51	500.0	499.6666666666667	True	0.5	40.0	4	True	50.0	30.0	-2.182361125946045	-1.636137089006266	-8.392845153808594	-12.99418287869193	-1.7891271114349365	-7.105440364202714	4.332787990570068	-2.0468334158250125	-4.042507648468018	-9.453491184151316	-0.6960800290107727	-6.686002466659918	-15.698945999145508	-25.190302475271338	4.876981735229492	3.991007604623158	0.0	0.0	0.0	0.0
14.960174083709717	1781097164.0	1781097164.4295113	5	25.0	29.0	12.0	8.0	NeuronSpectrum 10.06.2026 16:02:51	EEG	checkup_151_10.06.2026 16:02:51	500.0	499.6666666666667	True	0.5	40.0	4	True	50.0	30.0	-1.3418909311294556	-1.0801906791975657	-9.170090675354004	-14.479227427760057	-2.2467663288116455	-8.137951993113443	4.06788444519043	-2.5751951923544274	-4.430737495422363	-10.682072807944799	-1.3443516492843628	-7.698534259278395	-22.036083221435547	-26.921654835067848	3.7885684967041016	3.2919094559308615	0.0	0.0	0.0	0.0
14.96017599105835	1781097164.0	1781097164.4295132	5	25.0	29.0	12.0	8.0	NeuronSpectrum 10.06.2026 16:02:51	EEG	checkup_151_10.06.2026 16:02:51	500.0	499.6666666666667	True	0.5	40.0	4	True	50.0	30.0	-0.4182521402835846	-0.5444248558428366	-11.72414493560791	-15.864409730731145	-4.540786266326904	-9.18442969980779	1.9990004301071167	-3.2411042918095934	-6.287008762359619	-11.7497424811188	-3.7275357246398926	-8.612697942353636	-30.011459350585938	-27.764668106445118	3.4388184547424316	2.117385799134892	0.0	0.0	0.0	0.0
14.960177421569824	1781097164.0	1781097164.4295146	5	25.0	29.0	12.0	8.0	NeuronSpectrum 10.06.2026 16:02:51	EEG	checkup_151_10.06.2026 16:02:51	500.0	499.6666666666667	True	0.5	40.0	4	True	50.0	30.0	0.2631732225418091	-0.08667533392919836	-15.099401473999023	-17.019332812724343	-7.462968349456787	-10.103341174071495	-0.4964975416660309	-3.877670473199864	-8.79880428314209	-12.570691944987129	-6.465179920196533	-9.29473677325978	-35.022300720214844	-27.42079015541338	3.360572338104248	0.6234120404953589	0.0	0.0	0.0	0.0
14.960179090499878	1781097164.0	1781097164.4295163	5	25.0	29.0	12.0	8.0	NeuronSpectrum 10.06.2026 16:02:51	EEG	checkup_151_10.06.2026 16:02:51	500.0	499.6666666666667	True	0.5	40.0	4	True	50.0	30.0	0.5695152878761292	0.25036285892304944	-18.119487762451172	-17.81420985519657	-9.819087982177734	-10.739707074550955	-2.3993020057678223	-4.291128267372028	-11.1439790725708	-13.07218090566244	-8.384875297546387	-9.615210593027065	-32.37718200683594	-25.719654952492906	2.662177085876465	-0.9644614838617575	0.0	0.0	0.0	0.0
14.960180759429932	1781097164.0	1781097164.429518	5	25.0	29.0	12.0	8.0	NeuronSpectrum 10.06.2026 16:02:51	EEG	checkup_151_10.06.2026 16:02:51	500.0	499.6666666666667	True	0.5	40.0	4	True	50.0	30.0	0.598539412021637	0.4489484483669219	-20.026620864868164	-18.17199838656101	-11.205708503723145	-10.982172750473167	-3.6720540523529053	-4.326383956108817	-13.007525444030762	-13.238000585013273	-9.318862915039062	-9.505124477342493	-21.04897117614746	-22.687071261565197	0.8922098875045776	-2.386951591955676	0.0	0.0	0.0	0.0
14.960182428359985	1781097164.0	1781097164.4295197	5	25.0	29.0	12.0	8.0	NeuronSpectrum 10.06.2026 16:02:51	EEG	checkup_151_10.06.2026 16:02:51	500.0	499.6666666666667	True	0.5	40.0	4	True	50.0	30.0	0.5386409759521484	0.521266446465894	-20.566709518432617	-18.107327141065237	-11.924481391906738	-10.808065271036526	-4.788639068603516	-3.9204866750091383	-14.342885971069336	-13.136913257144101	-9.811358451843262	-8.995525850822155	-5.9029645919799805	-18.558142785639753	-1.4816477298736572	-3.394576367806943	0.0	0.0	0.0	0.0
14.96018385887146	1781097164.0	1781097164.429521	5	25.0	29.0	12.0	8.0	NeuronSpectrum 10.06.2026 16:02:51	EEG	checkup_151_10.06.2026 16:02:51	500.0	499.6666666666667	True	0.5	40.0	4	True	50.0	30.0	0.491930216550827	0.5077969029328568	-19.5248966217041	-17.73633411079578	-12.119352340698242	-10.30010738716743	-5.5686445236206055	-3.1267964991136465	-14.609018325805664	-12.92193616481715	-9.990998268127441	-8.224673571986367	3.852161169052124	-13.730875494808606	-3.36207914352417	-3.7930955045131993	0.0	0.0	0.0	0.0
14.960185527801514	1781097164.0	1781097164.4295228	5	25.0	29.0	12.0	8.0	NeuronSpectrum 10.06.2026 16:02:51	EEG	checkup_151_10.06.2026 16:02:51	500.0	499.6666666666667	True	0.5	40.0	4	True	50.0	30.0	0.4151703417301178	0.4688337010343453	-16.27826499938965	-17.252896308233886	-10.986529350280762	-9.629304914620041	-4.49036979675293	-2.1035731995236606	-12.356851577758789	-12.797312271938655	-8.71917724609375	-7.409043060620722	-0.06842264533042908	-8.680326730511316	-3.804208755493164	-3.4833438578998823	0.0	0.0	0.0	0.0
15.010993480682373	1781097164.0	1781097164.4803307	5	25.0	29.0	12.0	8.0	NeuronSpectrum 10.06.2026 16:02:51	EEG	checkup_151_10.06.2026 16:02:51	500.0	499.6666666666667	True	0.5	40.0	4	True	50.0	30.0	0.27019327878952026	0.47049996403041616	-15.147167205810547	-16.87932069619467	-7.369867324829102	-9.01024780902489	1.0538642406463623	-1.0722300905575277	-8.666857719421387	-12.962382018935207	-3.466993808746338	-6.787138514700821	-1.3228294849395752	-3.865584490961782	-3.4031805992126465	-2.4869963699797264	0.0	0.0	0.0	0.0
15.010998964309692	1781097164.0	1781097164.4803362	5	25.0	29.0	12.0	8.0	NeuronSpectrum 10.06.2026 16:02:51	EEG	checkup_151_10.06.2026 16:02:51	500.0	499.6666666666667	True	0.5	40.0	4	True	50.0	30.0	-0.29249143600463867	0.5680455914411501	-14.197312355041504	-16.808240162706454	-5.88545560836792	-8.64365565448592	2.770515203475952	-0.25921703352735026	-8.73332691192627	-13.550774337802123	-2.7627005577087402	-6.554154690379098	1.4775331020355225	0.34307409271980377	-1.136543869972229	-0.9509403135251175	0.0	0.0	0.0	0.0
15.011000871658325	1781097164.0	1781097164.480338	5	25.0	29.0	12.0	8.0	NeuronSpectrum 10.06.2026 16:02:51	EEG	checkup_151_10.06.2026 16:02:51	500.0	499.6666666666667	True	0.5	40.0	4	True	50.0	30.0	-0.5290728211402893	0.7903090994728555	-14.330459594726562	-17.153981144500257	-5.227044582366943	-8.663950947850308	3.979353904724121	0.16085044208956922	-10.116369247436523	-14.585583699558752	-2.989339828491211	-6.808114202040499	4.2104363441467285	3.704281528934058	1.8049808740615845	0.87346770887752	0.0	0.0	0.0	0.0
15.011004209518433	1781097164.0	1781097164.4803414	5	25.0	29.0	12.0	8.0	NeuronSpectrum 10.06.2026 16:02:51	EEG	checkup_151_10.06.2026 16:02:51	500.0	499.6666666666667	True	0.5	40.0	4	True	50.0	30.0	-0.15951970219612122	1.129626193158247	-15.346973419189453	-17.926210829325047	-5.571861267089844	-9.106346689718935	4.416511535644531	0.10561517976155864	-12.295258522033691	-15.965184228273886	-3.9580960273742676	-7.523231542182937	6.929813385009766	6.113790135683453	5.029676914215088	2.674594511730615	0.0	0.0	0.0	0.0
15.011006116867065	1781097164.0	1781097164.4803433	5	25.0	29.0	12.0	8.0	NeuronSpectrum 10.06.2026 16:02:51	EEG	checkup_151_10.06.2026 16:02:51	500.0	499.6666666666667	True	0.5	40.0	4	True	50.0	30.0	0.7466780543327332	1.5406855117505416	-16.58458137512207	-19.029603304697858	-6.558692455291748	-9.900118065311759	4.150314807891846	-0.39909493400386203	-14.305015563964844	-17.482718620613447	-5.158742427825928	-8.555986749132334	9.494979858398438	7.588308605151108	8.218526840209961	4.14065029038598	0.0	0.0	0.0	0.0
15.011008024215698	1781097164.0	1781097164.4803452	5	25.0	29.0	12.0	8.0	NeuronSpectrum 10.06.2026 16:02:51	EEG	checkup_151_10.06.2026 16:02:51	500.0	499.6666666666667	True	0.5	40.0	4	True	50.0	30.0	1.7880282402038574	1.9496596924108611	-17.42470932006836	-20.285116288908675	-7.595254421234131	-10.886084911718973	3.409876585006714	-1.2277267789035737	-15.389535903930664	-18.870817218717274	-6.1112494468688965	-9.678598976403462	11.93453598022461	8.23398195184292	10.765040397644043	5.023378888051072	0.0	0.0	0.0	0.0
15.011009693145752	1781097164.0	1781097164.480347	5	25.0	29.0	12.0	8.0	NeuronSpectrum 10.06.2026 16:02:51	EEG	checkup_151_10.06.2026 16:02:51	500.0	499.6666666666667	True	0.5	40.0	4	True	50.0	30.0	2.491297721862793	2.271886604192478	-17.952911376953125	-21.46445502294648	-8.52148723602295	-11.850590959512616	2.1115951538085938	-2.1823272836055603	-15.717607498168945	-19.85700550238292	-6.9053239822387695	-10.628076049400564	14.28874683380127	8.208064586643257	11.715385437011719	5.190521569900913	0.0	0.0	0.0	0.0
15.011011362075806	1781097164.0	1781097164.4803486	5	25.0	29.0	12.0	8.0	NeuronSpectrum 10.06.2026 16:02:51	EEG	checkup_151_10.06.2026 16:02:51	500.0	499.6666666666667	True	0.5	40.0	4	True	50.0	30.0	2.608905553817749	2.433602114953308	-19.055511474609375	-22.329831114583012	-9.899092674255371	-12.566968376484896	-0.2586975693702698	-3.031730300208087	-16.37944984436035	-20.216054643293027	-8.272085189819336	-11.158400934110533	16.10390281677246	7.681095397902942	10.287245750427246	4.6533243273358424	0.0	0.0	0.0	0.0
15.011013269424438	1781097164.0	1781097164.4803505	5	25.0	29.0	12.0	8.0	NeuronSpectrum 10.06.2026 16:02:51	EEG	checkup_151_10.06.2026 16:02:51	500.0	499.6666666666667	True	0.5	40.0	4	True	50.0	30.0	2.226226568222046	2.391904772714004	-21.560714721679688	-22.673889477499497	-12.383142471313477	-12.837282217872637	-3.957904100418091	-3.5563129424972475	-18.327051162719727	-19.810556510100053	-10.789791107177734	-11.086633645390881	16.21514129638672	6.804801899032453	6.619138240814209	3.560517344875778	0.0	0.0	0.0	0.0
15.011014938354492	1781097164.0	1781097164.4803522	5	25.0	29.0	12.0	8.0	NeuronSpectrum 10.06.2026 16:02:51	EEG	checkup_151_10.06.2026 16:02:51	500.0	499.6666666666667	True	0.5	40.0	4	True	50.0	30.0	1.6361877918243408	2.1477462642102543	-24.95023536682129	-22.356309873596096	-15.538031578063965	-12.52913664825119	-7.9441022872924805	-3.5922065372106102	-20.958019256591797	-18.615798465835425	-13.722153663635254	-10.327109492478302	13.375837326049805	5.688523762718277	2.072349786758423	2.158879537914684	0.0	0.0	0.0	0.0
15.011016845703125	1781097164.0	1781097164.480354	5	25.0	29.0	12.0	8.0	NeuronSpectrum 10.06.2026 16:02:51	EEG	checkup_151_10.06.2026 16:02:51	500.0	499.6666666666667	True	0.5	40.0	4	True	50.0	30.0	1.0999486446380615	1.7488554847365392	-26.893333435058594	-21.33227273166625	-17.29041862487793	-11.602400408575017	-9.681252479553223	-3.067252934331818	-21.763147354125977	-16.72670885214528	-14.72290325164795	-8.909182643650293	7.527987003326416	4.385505229518136	-1.3866477012634277	0.7304306741303203	0.0	0.0	0.0	0.0
15.0110182762146	1781097164.0	1781097164.4803555	5	25.0	29.0	12.0	8.0	NeuronSpectrum 10.06.2026 16:02:51	EEG	checkup_151_10.06.2026 16:02:51	500.0	499.6666666666667	True	0.5	40.0	4	True	50.0	30.0	0.703302800655365	1.2821294495941953	-24.50522804260254	-19.665249678517394	-15.015315055847168	-10.119518601939909	-6.638276100158691	-2.019248013602294	-17.90860939025879	-14.344141502287894	-11.244473457336426	-6.973903613511583	0.723416268825531	2.8908782525705528	-2.3403561115264893	-0.47616143604194716	0.0	0.0	0.0	0.0
15.011020183563232	1781097164.0	1781097164.4803574	5	25.0	29.0	12.0	8.0	NeuronSpectrum 10.06.2026 16:02:51	EEG	checkup_151_10.06.2026 16:02:51	500.0	499.6666666666667	True	0.5	40.0	4	True	50.0	30.0	0.38243675231933594	0.857244095796624	-16.744173049926758	-17.516571157227567	-7.805311679840088	-8.23374004441533	1.2570445537567139	-0.5885729312911604	-8.903899192810059	-11.73888960656735	-2.943262815475464	-4.746819791387775	-3.164476156234741	1.1544379829954823	-0.7839131355285645	-1.300587087607863	0.0	0.0	0.0	0.0
15.011021614074707	1781097164.0	1781097164.4803588	5	25.0	29.0	12.0	8.0	NeuronSpectrum 10.06.2026 16:02:51	EEG	checkup_151_10.06.2026 16:02:51	500.0	499.6666666666667	True	0.5	40.0	4	True	50.0	30.0	0.06425546854734421	0.5846511708032615	-6.113292217254639	-15.110238612358861	1.841647744178772	-6.154905238196569	10.22235107421875	1.0156738694730736	1.7774461507797241	-9.19761561049227	6.843996047973633	-2.4901649086230613	-0.12249081581830978	-0.8897803129680477	1.9356414079666138	-1.6980330951615137	0.0	0.0	0.0	0.0
15.01102352142334	1781097164.0	1781097164.4803607	5	25.0	29.0	12.0	8.0	NeuronSpectrum 10.06.2026 16:02:51	EEG	checkup_151_10.06.2026 16:02:51	500.0	499.6666666666667	True	0.5	40.0	4	True	50.0	30.0	-0.2281823605298996	0.5518603566118748	2.0129146575927734	-12.682156519969212	8.627685546875	-4.101485702557721	13.966866493225098	2.5665969322310738	7.884720802307129	-6.963815531320022	12.198079109191895	-0.44645205758379336	11.587865829467773	-3.281226744190134	4.0638604164123535	-1.734029022974707	0.0	0.0	0.0	0.0
15.061969757080078	1781097164.0	1781097164.531307	5	25.0	29.0	12.0	8.0	NeuronSpectrum 10.06.2026 16:02:51	EEG	checkup_151_10.06.2026 16:02:51	500.0	499.6666666666667	True	0.5	40.0	4	True	50.0	30.0	-0.7489307522773743	0.8022787247395751	-7.060039043426514	-10.431762691236287	1.4144586324691772	-2.254936334800724	8.199878692626953	3.8704186753435983	-0.9494249224662781	-5.192684391394799	5.038275718688965	1.2087838231708166	2.998598575592041	-5.991242461774372	4.57167911529541	-1.5528451652633353	0.0	0.0	0.0	0.0
15.06197476387024	1781097164.0	1781097164.531312	5	25.0	29.0	12.0	8.0	NeuronSpectrum 10.06.2026 16:02:51	EEG	checkup_151_10.06.2026 16:02:51	500.0	499.6666666666667	True	0.5	40.0	4	True	50.0	30.0	-0.8495376110076904	1.3210093840175383	-6.315437316894531	-8.493681826968169	1.8813832998275757	-0.7320846412225378	8.13231372833252	4.800849267018062	-1.1205039024353027	-3.9351996765410213	5.078532695770264	2.389993324667731	-0.22143523395061493	-8.900745173495936	3.434612989425659	-1.33178424398555	0.0	0.0	0.0	0.0
15.061976671218872	1781097164.0	1781097164.531314	5	25.0	29.0	12.0	8.0	NeuronSpectrum 10.06.2026 16:02:51	EEG	checkup_151_10.06.2026 16:02:51	500.0	499.6666666666667	True	0.5	40.0	4	True	50.0	30.0	-0.2569980025291443	2.0316120700237086	-7.167394638061523	-6.936578899942024	0.3270513415336609	0.41756114450701154	5.721860885620117	5.308787421978263	-2.972041606903076	-3.1543987445045674	3.0947892665863037	3.095822941924209	-5.568316459655762	-11.81027990313773	2.1739025115966797	-1.2346966098878387	0.0	0.0	0.0	0.0
15.061978578567505	1781097164.0	1781097164.5313158	5	25.0	29.0	12.0	8.0	NeuronSpectrum 10.06.2026 16:02:51	EEG	checkup_151_10.06.2026 16:02:51	500.0	499.6666666666667	True	0.5	40.0	4	True	50.0	30.0	1.0317301750183105	2.8063673612654334	-8.179510116577148	-5.782959130505561	-1.7255527973175049	1.1942247766027532	2.425462245941162	5.409861958927478	-4.907281398773193	-2.763381080589059	0.6214136481285095	3.3818582569583873	-11.194692611694336	-14.480796811839413	1.599825382232666	-1.3748259293318237	0.0	0.0	0.0	0.0
15.061980247497559	1781097164.0	1781097164.5313175	5	25.0	29.0	12.0	8.0	NeuronSpectrum 10.06.2026 16:02:51	EEG	checkup_151_10.06.2026 16:02:51	500.0	499.6666666666667	True	0.5	40.0	4	True	50.0	30.0	2.674675941467285	3.4897711295693723	-7.976337432861328	-5.035805098022168	-2.6153879165649414	1.6218632286900614	0.0974290743470192	5.1594849288028115	-5.489813804626465	-2.6679139575680613	-0.7488737106323242	3.3257483068183262	-14.874357223510742	-16.68894670344512	1.5167337656021118	-1.7925803924851473	0.0	0.0	0.0	0.0
15.061982154846191	1781097164.0	1781097164.5313194	5	25.0	29.0	12.0	8.0	NeuronSpectrum 10.06.2026 16:02:51	EEG	checkup_151_10.06.2026 16:02:51	500.0	499.6666666666667	True	0.5	40.0	4	True	50.0	30.0	4.098678112030029	3.9312637930597725	-6.064357280731201	-4.698493917432897	-1.5255427360534668	1.7261134568893988	-5.881453034817241e-05	4.627057160619319	-4.213459014892578	-2.7984467659202004	-0.23583967983722687	2.9980993848442496	-15.558720588684082	-18.27512988053397	1.1115529537200928	-2.4502771161796124	0.0	0.0	0.0	0.0
15.061983823776245	1781097164.0	1781097164.531321	5	25.0	29.0	12.0	8.0	NeuronSpectrum 10.06.2026 16:02:51	EEG	checkup_151_10.06.2026 16:02:51	500.0	499.6666666666667	True	0.5	40.0	4	True	50.0	30.0	4.734410762786865	4.019807701943832	-3.1213109493255615	-4.780652029188759	1.0795942544937134	1.524122291760161	2.1468453407287598	3.8787919325378493	-1.679323673248291	-3.123484597587146	1.7987134456634521	2.447511386340665	-14.245654106140137	-19.168122518923447	-0.10252904146909714	-3.2435765545156463	0.0	0.0	0.0	0.0
15.061986923217773	1781097164.0	1781097164.5313241	5	25.0	29.0	12.0	8.0	NeuronSpectrum 10.06.2026 16:02:51	EEG	checkup_151_10.06.2026 16:02:51	500.0	499.6666666666667	True	0.5	40.0	4	True	50.0	30.0	4.262643814086914	3.711364134717262	-0.5593088865280151	-5.290412437351122	3.8485617637634277	1.027734770060051	5.378466606140137	2.9736285041173574	0.8807082772254944	-3.6444916281307504	4.234106063842773	1.7015196225731128	-13.202122688293457	-19.382563014407403	-1.7036669254302979	-4.027074218627819	0.0	0.0	0.0	0.0
15.061988830566406	1781097164.0	1781097164.531326	5	25.0	29.0	12.0	8.0	NeuronSpectrum 10.06.2026 16:02:51	EEG	checkup_151_10.06.2026 16:02:51	500.0	499.6666666666667	True	0.5	40.0	4	True	50.0	30.0	2.757063865661621	3.0415616657232807	0.2906081974506378	-6.219704245981962	5.399778366088867	0.25554515180047027	8.0089750289917	1.9703665309795186	2.2920804023742676	-4.37883599214626	5.880746364593506	0.779236916457646	-13.91634464263916	-18.997617262408177	-2.6439309120178223	-4.648613424755966	0.0	0.0	0.0	0.0
15.06199026107788	1781097164.0	1781097164.5313275	5	25.0	29.0	12.0	8.0	NeuronSpectrum 10.06.2026 16:02:51	EEG	checkup_151_10.06.2026 16:02:51	500.0	499.6666666666667	True	0.5	40.0	4	True	50.0	30.0	0.6689640283584595	2.119765116231096	-1.1519315242767334	-7.531529056102254	5.015136241912842	-0.7540135904156526	8.60425090789795	0.9387341889557115	1.8815604448318481	-5.339988573550977	5.966806888580322	-0.29210927316964713	-15.451299667358398	-18.13038448665203	-2.161715507507324	-4.984155107979157	0.0	0.0	0.0	0.0
15.061992168426514	1781097164.0	1781097164.5313294	5	25.0	29.0	12.0	8.0	NeuronSpectrum 10.06.2026 16:02:51	EEG	checkup_151_10.06.2026 16:02:51	500.0	499.6666666666667	True	0.5	40.0	4	True	50.0	30.0	-1.3459585905075073	1.106075647962505	-4.519283294677734	-9.156033424042809	2.795837879180908	-1.935930325732997	6.538135528564453	-0.03496502311569545	-0.42589452862739563	-6.522880952551036	4.250870227813721	-1.4648570586240464	-14.881549835205078	-16.91430346191646	-0.48474448919296265	-4.964342746756857	0.0	0.0	0.0	0.0
15.061993598937988	1781097164.0	1781097164.5313308	5	25.0	29.0	12.0	8.0	NeuronSpectrum 10.06.2026 16:02:51	EEG	checkup_151_10.06.2026 16:02:51	500.0	499.6666666666667	True	0.5	40.0	4	True	50.0	30.0	-2.6887238025665283	0.17760033994817825	-8.77775764465332	-10.997017824706735	-0.6498086452484131	-3.202016975336947	2.1849892139434814	-0.8545040794198406	-4.194289207458496	-7.8982289793176506	0.9169930219650269	-2.6682523110624214	-10.055377006530762	-15.484987783638596	1.289974570274353	-4.58640960907992	0.0	0.0	0.0	0.0
15.061995267868042	1781097164.0	1781097164.5313325	5	25.0	29.0	12.0	8.0	NeuronSpectrum 10.06.2026 16:02:51	EEG	checkup_151_10.06.2026 16:02:51	500.0	499.6666666666667	True	0.5	40.0	4	True	50.0	30.0	-3.0582146644592285	-0.5071074546132244	-12.607819557189941	-12.945267063579086	-4.48925256729126	-4.453496059289924	-3.0787172317504883	-1.4334175465640646	-8.427872657775879	-9.414989221248405	-3.3598153591156006	-3.816620928960669	-2.6009676456451416	-13.970217891762436	2.0265636444091797	-3.910010673880926	0.0	0.0	0.0	0.0
15.061996936798096	1781097164.0	1781097164.5313342	5	25.0	29.0	12.0	8.0	NeuronSpectrum 10.06.2026 16:02:51	EEG	checkup_151_10.06.2026 16:02:51	500.0	499.6666666666667	True	0.5	40.0	4	True	50.0	30.0	-2.561422109603882	-0.8369930629946096	-14.620687484741211	-14.89261960533064	-7.632076740264893	-5.59820931183488	-7.02594518661499	-1.721386174304872	-11.431325912475586	-11.00717142761328	-7.161478042602539	-4.825401101159998	1.6397873163223267	-12.481041608266423	1.3893868923187256	-3.0405025244391406	0.0	0.0	0.0	0.0
15.06199836730957	1781097164.0	1781097164.5313356	5	25.0	29.0	12.0	8.0	NeuronSpectrum 10.06.2026 16:02:51	EEG	checkup_151_10.06.2026 16:02:51	500.0	499.6666666666667	True	0.5	40.0	4	True	50.0	30.0	-1.6325054168701172	-0.765345189560308	-13.490660667419434	-16.742169665905504	-8.6023530960083	-6.56680408870753	-7.093745231628418	-1.726438956086359	-11.00274658203125	-12.601183308197825	-8.336370468139648	-5.629543161110269	-3.9694674015045166	-11.104768756021823	0.011459155939519405	-2.1058049891903856	0.0	0.0	0.0	0.0
15.062000274658203	1781097164.0	1781097164.5313375	5	25.0	29.0	12.0	8.0	NeuronSpectrum 10.06.2026 16:02:51	EEG	checkup_151_10.06.2026 16:02:51	500.0	499.6666666666667	True	0.5	40.0	4	True	50.0	30.0	-1.7663779258728027	-0.3129855418824546	-17.065994262695312	-18.41396787666907	-8.159422874450684	-7.323661054330657	-4.109622955322266	-1.5225238394467322	-12.713220596313477	-14.122196686421663	-7.547671318054199	-6.1985804740588595	-10.827030181884766	-9.902272723884114	2.4607937335968018	-1.2327083592190824	0.0	0.0	0.0	0.0
15.062001705169678	1781097164.0	1781097164.531339	5	25.0	29.0	12.0	8.0	NeuronSpectrum 10.06.2026 16:02:51	EEG	checkup_151_10.06.2026 16:02:51	500.0	499.6666666666667	True	0.5	40.0	4	True	50.0	30.0	-1.0084198713302612	0.440540598968587	-19.11431312561035	-19.848707887332434	-9.076469421386719	-7.870848395430159	-2.1903460025787354	-1.2373495335164462	-15.000293731689453	-15.500452702094279	-8.289444923400879	-6.544332891413104	-8.713014602661133	-8.908781130425186	3.344677209854126	-0.5267059624428208	0.0	0.0	0.0	0.0
15.06200361251831	1781097164.0	1781097164.5313408	5	25.0	29.0	12.0	8.0	NeuronSpectrum 10.06.2026 16:02:51	EEG	checkup_151_10.06.2026 16:02:51	500.0	499.6666666666667	True	0.5	40.0	4	True	50.0	30.0	-0.16857872903347015	1.3745076138230228	-20.21513557434082	-21.011482052519714	-8.917169570922852	-8.24520469426008	0.3651852607727051	-1.0228866178906149	-16.072940826416016	-16.67852420945853	-7.542515754699707	-6.719329578110794	-5.517665386199951	-8.133230127962475	4.270631790161133	-0.057784329080653035	0.0	0.0	0.0	0.0
15.062005281448364	1781097164.0	1781097164.5313425	5	25.0	29.0	12.0	8.0	NeuronSpectrum 10.06.2026 16:02:51	EEG	checkup_151_10.06.2026 16:02:51	500.0	499.6666666666667	True	0.5	40.0	4	True	50.0	30.0	0.7637813091278076	2.3497189742658637	-19.68187713623047	-21.894393400845832	-7.365328311920166	-8.5089694008494	2.8889193534851074	-1.016903660907984	-15.316478729248047	-17.61810578968115	-5.264265537261963	-6.805572448053045	-1.9198375940322876	-7.5522431398255785	4.891908645629883	0.14654535067883662	0.0	0.0	0.0	0.0
15.062006950378418	1781097164.0	1781097164.5313442	5	25.0	29.0	12.0	8.0	NeuronSpectrum 10.06.2026 16:02:51	EEG	checkup_151_10.06.2026 16:02:51	500.0	499.6666666666667	True	0.5	40.0	4	True	50.0	30.0	1.728397250175476	3.232941822686197	-17.617250442504883	-22.514237962561147	-4.851457595825195	-8.734312386784763	4.6092915534973145	-1.3064525235708524	-13.024823188781738	-18.30261974126221	-2.2299938201904297	-6.894689839328782	1.0166218280792236	-7.10136043482427	5.162782669067383	0.10093530407324758	0.0	0.0	0.0	0.0
15.062008619308472	1781097164.0	1781097164.5313458	5	25.0	29.0	12.0	8.0	NeuronSpectrum 10.06.2026 16:02:51	EEG	checkup_151_10.06.2026 16:02:51	500.0	499.6666666666667	True	0.5	40.0	4	True	50.0	30.0	2.5665152072906494	3.919618293053695	-15.152623176574707	-22.902802327188777	-2.6253674030303955	-8.983568608091936	4.702637195587158	-1.9036481048227414	-10.521930694580078	-18.732958476143583	0.0987558662891388	-7.063126466682578	2.484356164932251	-6.672475845889018	5.274133205413818	-0.14397030265403554	0.0	0.0	0.0	0.0
15.062010526657104	1781097164.0	1781097164.5313478	5	25.0	29.0	12.0	8.0	NeuronSpectrum 10.06.2026 16:02:51	EEG	checkup_151_10.06.2026 16:02:51	500.0	499.6666666666667	True	0.5	40.0	4	True	50.0	30.0	3.078967571258545	4.351335805938526	-14.066431999206543	-23.0923325257097	-2.3115556240081787	-9.290272176409239	2.453713893890381	-2.7414322055343683	-9.686653137207031	-18.918302249003347	0.0993487685918808	-7.349625148874108	2.4668970108032227	-6.126630344504763	5.33075475692749	-0.5112055043825623	0.0	0.0	0.0	0.0
15.062011957168579	1781097164.0	1781097164.5313492	5	25.0	29.0	12.0	8.0	NeuronSpectrum 10.06.2026 16:02:51	EEG	checkup_151_10.06.2026 16:02:51	500.0	499.6666666666667	True	0.5	40.0	4	True	50.0	30.0	3.1384775638580322	4.524834700446957	-15.805460929870605	-23.103853302993524	-5.017004489898682	-9.648894849784268	-2.3086137771606445	-3.6925181172940933	-11.920940399169922	-18.868853192113793	-3.17134165763855	-7.744403952889041	1.7659270763397217	-5.324561263151098	5.185434341430664	-0.9085543107655357	0.0	0.0	0.0	0.0
15.062013626098633	1781097164.0	1781097164.5313509	5	25.0	29.0	12.0	8.0	NeuronSpectrum 10.06.2026 16:02:51	EEG	checkup_151_10.06.2026 16:02:51	500.0	499.6666666666667	True	0.5	40.0	4	True	50.0	30.0	2.7924060821533203	4.49038966567694	-20.384706497192383	-22.94683987386841	-10.426008224487305	-10.020199515316316	-8.649693489074707	-4.608222117800745	-17.037275314331055	-18.59806011545088	-9.168898582458496	-8.197072462241373	1.3817329406738281	-4.167715087496574	4.625022888183594	-1.24021970957244	0.0	0.0	0.0	0.0
15.062015295028687	1781097164.0	1781097164.5313525	5	25.0	29.0	12.0	8.0	NeuronSpectrum 10.06.2026 16:02:51	EEG	checkup_151_10.06.2026 16:02:51	500.0	499.6666666666667	True	0.5	40.0	4	True	50.0	30.0	2.2637665271759033	4.339309876288447	-25.83795928955078	-22.633156709589194	-16.433841705322266	-10.352859718325742	-14.284412384033203	-5.366267178660655	-22.753252029418945	-18.13636767960605	-15.560004234313965	-8.642653875809204	1.7945990562438965	-2.6352764117697767	3.6993582248687744	-1.4196012612403068	0.0	0.0	0.0	0.0
15.062018394470215	1781097164.0	1781097164.5313556	5	25.0	29.0	12.0	8.0	NeuronSpectrum 10.06.2026 16:02:51	EEG	checkup_151_10.06.2026 16:02:51	500.0	499.6666666666667	True	0.5	40.0	4	True	50.0	30.0	1.8376578092575073	4.1827065935456025	-28.809558868408203	-22.198420068015828	-19.7908935546875	-10.612772514238937	-16.209796905517578	-5.910687796469535	-25.439149856567383	-17.549120587686566	-18.932945251464844	-9.03508181062258	2.8432440757751465	-0.8019435503397698	2.809589385986328	-1.3838566029141643	0.0	0.0	0.0	0.0
15.062020063400269	1781097164.0	1781097164.5313573	5	25.0	29.0	12.0	8.0	NeuronSpectrum 10.06.2026 16:02:51	EEG	checkup_151_10.06.2026 16:02:51	500.0	499.6666666666667	True	0.5	40.0	4	True	50.0	30.0	1.6866376399993896	4.125874879028805	-26.362791061401367	-21.71607424334372	-17.81256103515625	-10.804781482983561	-12.395346641540527	-6.266680288069307	-22.17278289794922	-16.944196813688514	-16.607683181762695	-9.371077311027637	4.319592475891113	1.1728152268375804	2.4342379570007324	-1.1094160471791987	0.0	0.0	0.0	0.0
15.062022924423218	1781097164.0	1781097164.5313601	5	25.0	29.0	12.0	8.0	NeuronSpectrum 10.06.2026 16:02:51	EEG	checkup_151_10.06.2026 16:02:51	500.0	499.6666666666667	True	0.5	40.0	4	True	50.0	30.0	1.7647126913070679	4.243901064637021	-18.071733474731445	-21.289951965031555	-10.302223205566406	-10.972851129003148	-3.651519536972046	-6.521392501960636	-13.01189136505127	-16.45653880588761	-8.648797988891602	-9.68976649710133	6.845737934112549	3.0830223857874994	2.7104406356811523	-0.6250335510616276	0.0	0.0	0.0	0.0
15.062024593353271	1781097164.0	1781097164.5313618	5	25.0	29.0	12.0	8.0	NeuronSpectrum 10.06.2026 16:02:51	EEG	checkup_151_10.06.2026 16:02:51	500.0	499.6666666666667	True	0.5	40.0	4	True	50.0	30.0	1.8492289781570435	4.564030898645588	-6.987496852874756	-21.022050273214177	-0.38790130615234375	-11.175514561617097	5.778191566467285	-6.7767398936303085	-1.8816590309143066	-16.20857466015099	1.316478967666626	-10.045586399449498	12.104228019714355	4.730394973040119	3.283613920211792	-0.016760972702830862	0.0	0.0	0.0	0.0
15.062026262283325	1781097164.0	1781097164.5313635	5	25.0	29.0	12.0	8.0	NeuronSpectrum 10.06.2026 16:02:51	EEG	checkup_151_10.06.2026 16:02:51	500.0	499.6666666666667	True	0.5	40.0	4	True	50.0	30.0	1.71043860912323	5.058943116779216	1.4937721490859985	-20.96845233762058	6.621110916137695	-11.44846245017925	9.871719360351562	-7.095359451622369	4.982338905334473	-16.26164217497945	7.470432281494141	-10.467979337467344	21.743762969970703	5.975825307500561	3.569129228591919	0.5809034732159429	0.0	0.0	0.0	0.0
15.112847805023193	1781097164.0	1781097164.582185	5	25.0	29.0	12.0	8.0	NeuronSpectrum 10.06.2026 16:02:51	EEG	checkup_151_10.06.2026 16:02:51	500.0	499.6666666666667	True	0.5	40.0	4	True	50.0	30.0	3.6185824871063232	5.652671444555974	-21.21337890625	-21.106745588963925	-14.216559410095215	-11.775382945531161	-11.330009460449219	-7.465966288232031	-17.2763729095459	-16.58275019644299	-13.37621021270752	-10.930565465528316	12.347290992736816	6.769024796174782	10.718233108520508	1.0103519847400633	0.0	0.0	0.0	0.0
15.112851619720459	1781097164.0	1781097164.5821888	5	25.0	29.0	12.0	8.0	NeuronSpectrum 10.06.2026 16:02:51	EEG	checkup_151_10.06.2026 16:02:51	500.0	499.6666666666667	True	0.5	40.0	4	True	50.0	30.0	4.370196342468262	6.237915234647387	-21.462177276611328	-21.333752501361968	-14.721532821655273	-12.083678364927437	-12.225574493408203	-7.804180868783781	-17.412328720092773	-17.04492044315317	-13.75629997253418	-11.34719794107554	11.658434867858887	7.145327875768287	11.258614540100098	1.1291903726590984	0.0	0.0	0.0	0.0
15.112853527069092	1781097164.0	1781097164.5821908	5	25.0	29.0	12.0	8.0	NeuronSpectrum 10.06.2026 16:02:51	EEG	checkup_151_10.06.2026 16:02:51	500.0	499.6666666666667	True	0.5	40.0	4	True	50.0	30.0	4.882838249206543	6.700519283744543	-20.655065536499023	-21.494963824955388	-14.145160675048828	-12.265965132933943	-11.710058212280273	-7.985009515251782	-16.826875686645508	-17.46116960448472	-13.349181175231934	-11.595706007847784	11.911620140075684	7.1932669590376594	10.094535827636719	0.8511891972137859	0.0	0.0	0.0	0.0
15.112855195999146	1781097164.0	1781097164.5821924	5	25.0	29.0	12.0	8.0	NeuronSpectrum 10.06.2026 16:02:51	EEG	checkup_151_10.06.2026 16:02:51	500.0	499.6666666666667	True	0.5	40.0	4	True	50.0	30.0	5.075543403625488	6.944958525193582	-19.345006942749023	-21.430269200030317	-13.059124946594238	-12.213877046402123	-10.487556457519531	-7.887854578303054	-16.149152755737305	-17.635791942946447	-12.67201042175293	-11.555240807300384	12.87202262878418	7.010025331615781	7.714816093444824	0.17597529273605222	0.0	0.0	0.0	0.0
15.1128568649292	1781097164.0	1781097164.582194	5	25.0	29.0	12.0	8.0	NeuronSpectrum 10.06.2026 16:02:51	EEG	checkup_151_10.06.2026 16:02:51	500.0	499.6666666666667	True	0.5	40.0	4	True	50.0	30.0	4.905458927154541	6.914557973501001	-18.259735107421875	-21.016492980667614	-12.240413665771484	-11.848240524705313	-9.449219703674316	-7.434162449636337	-15.948729515075684	-17.41323251736077	-12.246185302734375	-11.140453264925231	13.934420585632324	6.665789254746981	4.837846279144287	-0.8038434000837114	0.0	0.0	0.0	0.0
15.112858772277832	1781097164.0	1781097164.582196	5	25.0	29.0	12.0	8.0	NeuronSpectrum 10.06.2026 16:02:51	EEG	checkup_151_10.06.2026 16:02:51	500.0	499.6666666666667	True	0.5	40.0	4	True	50.0	30.0	4.375203609466553	6.601931028625764	-17.510318756103516	-20.195035827933037	-11.874444007873535	-11.13762537936551	-8.780837059020996	-6.608242278826019	-15.995296478271484	-16.71265227180447	-11.9787015914917	-10.323439587803259	14.467545509338379	6.190471328496979	2.168718099594116	-1.9217308126026709	0.0	0.0	0.0	0.0
15.112860202789307	1781097164.0	1781097164.5821974	5	25.0	29.0	12.0	8.0	NeuronSpectrum 10.06.2026 16:02:51	EEG	checkup_151_10.06.2026 16:02:51	500.0	499.6666666666667	True	0.5	40.0	4	True	50.0	30.0	3.5561723709106445	6.047950325418488	-16.48008155822754	-18.98284923292396	-11.389257431030273	-10.106046868922983	-7.8422064781188965	-5.462513853975552	-15.318700790405273	-15.545382135976064	-11.185461044311523	-9.14301563654699	13.843199729919434	5.58308303784493	0.3083761930465698	-2.977036163869248	0.0	0.0	0.0	0.0
15.11286211013794	1781097164.0	1781097164.5821993	5	25.0	29.0	12.0	8.0	NeuronSpectrum 10.06.2026 16:02:51	EEG	checkup_151_10.06.2026 16:02:51	500.0	499.6666666666667	True	0.5	40.0	4	True	50.0	30.0	2.5804226398468018	5.3304771865616285	-14.421133041381836	-17.46986766681311	-9.977486610412598	-8.833545111801744	-5.84000301361084	-4.112440336271434	-12.9962797164917	-14.016410721969303	-9.173334121704102	-7.704101184767524	11.633295059204102	4.8332294176401405	-0.31554463505744934	-3.7834509642030403	0.0	0.0	0.0	0.0
15.112863302230835	1781097164.0	1781097164.5822005	5	25.0	29.0	12.0	8.0	NeuronSpectrum 10.06.2026 16:02:51	EEG	checkup_151_10.06.2026 16:02:51	500.0	499.6666666666667	True	0.5	40.0	4	True	50.0	30.0	1.5916048288345337	4.54629402442211	-11.220043182373047	-15.805755341383255	-7.340393543243408	-7.450916175322769	-2.703004837036133	-2.72431589914223	-9.041793823242188	-12.310617173454528	-5.9111151695251465	-6.168364982213613	8.23229694366455	3.9408775792008717	0.44740694761276245	-4.21161194325404	0.0	0.0	0.0	0.0
15.112865209579468	1781097164.0	1781097164.5822024	5	25.0	29.0	12.0	8.0	NeuronSpectrum 10.06.2026 16:02:51	EEG	checkup_151_10.06.2026 16:02:51	500.0	499.6666666666667	True	0.5	40.0	4	True	50.0	30.0	0.6941419839859009	3.790776301077053	-7.687183856964111	-14.177002473002888	-4.070044040679932	-6.1263345068274715	0.5706106424331665	-1.495515555664458	-4.680067539215088	-10.663676711487698	-2.279564619064331	-4.73482016555206	5.33803653717041	2.9251033378363753	2.3443686962127686	-4.213676758356001	0.0	0.0	0.0	0.0
15.112866640090942	1781097164.0	1781097164.5822039	5	25.0	29.0	12.0	8.0	NeuronSpectrum 10.06.2026 16:02:51	EEG	checkup_151_10.06.2026 16:02:51	500.0	499.6666666666667	True	0.5	40.0	4	True	50.0	30.0	-0.06106194108724594	3.1397307201842133	-5.105779647827148	-12.77520402388465	-1.3846791982650757	-5.040902552459776	2.4278180599212646	-0.6257293700186184	-1.7185968160629272	-9.319273704671682	0.3263912796974182	-3.6091163069011047	5.320593357086182	1.8211183934485993	4.762024879455566	-3.8238354032282973	0.0	0.0	0.0	0.0
15.112868309020996	1781097164.0	1781097164.5822055	5	25.0	29.0	12.0	8.0	NeuronSpectrum 10.06.2026 16:02:51	EEG	checkup_151_10.06.2026 16:02:51	500.0	499.6666666666667	True	0.5	40.0	4	True	50.0	30.0	-0.6496952772140503	2.6367638282405412	-4.415174961090088	-11.759565479988115	-0.4403212368488312	-4.353451396278108	1.7870863676071167	-0.2801284618479116	-1.4426023960113525	-8.478357697110045	0.7699145674705505	-2.963570164113013	9.145748138427734	0.6716497224187461	6.910685062408447	-3.1366990102472996	0.0	0.0	0.0	0.0
15.11286973953247	1781097164.0	1781097164.582207	5	25.0	29.0	12.0	8.0	NeuronSpectrum 10.06.2026 16:02:51	EEG	checkup_151_10.06.2026 16:02:51	500.0	499.6666666666667	True	0.5	40.0	4	True	50.0	30.0	-1.0408689975738525	2.2879811073629863	-5.510403633117676	-11.219933041983014	-1.5672149658203125	-4.160469662534589	-1.0257147550582886	-0.5497050983093684	-3.641388177871704	-8.250382636037493	-1.0288760662078857	-2.894782548684042	14.284923553466797	-0.4806326691526341	8.108495712280273	-2.2726970334688215	0.0	0.0	0.0	0.0
15.112871170043945	1781097164.0	1781097164.5822084	5	25.0	29.0	12.0	8.0	NeuronSpectrum 10.06.2026 16:02:51	EEG	checkup_151_10.06.2026 16:02:51	500.0	499.6666666666667	True	0.5	40.0	4	True	50.0	30.0	-1.2049620151519775	2.064214246721636	-7.059582233428955	-11.148906698988187	-3.8187849521636963	-4.461767805868785	-4.01788854598999	-1.4177153529493511	-6.353737831115723	-8.618364375500779	-3.689711093902588	-3.3893882050942077	14.80803108215332	-1.5979298618405413	8.010298728942871	-1.3434756760082918	0.0	0.0	0.0	0.0
15.112872838973999	1781097164.0	1781097164.58221	5	25.0	29.0	12.0	8.0	NeuronSpectrum 10.06.2026 16:02:51	EEG	checkup_151_10.06.2026 16:02:51	500.0	499.6666666666667	True	0.5	40.0	4	True	50.0	30.0	-1.161373496055603	1.9096537126448394	-6.949107646942139	-11.431620711269021	-5.1115007400512695	-5.143887128975014	-4.226049900054932	-2.7426536426374555	-6.568007469177246	-9.428289292112176	-4.679262638092041	-4.309247247386744	4.749538898468018	-2.652739987668102	6.690245151519775	-0.4293150949486656	0.0	0.0	0.0	0.0
